<?xml version="1.0" encoding="UTF-8"?>
<GoodreadsResponse>
  <Request>
    <authentication>true</authentication>
      <key><![CDATA[all_men_must_serve]]></key>
    <method><![CDATA[book_show]]></method>
  </Request>
  <book>
  <id>10008056</id>
  <title>Journal 64 (Afdeling Q, #4)</title>
  <isbn><![CDATA[8756795459]]></isbn>
  <isbn13><![CDATA[9788756795456]]></isbn13>
  <asin><![CDATA[]]></asin>
  <kindle_asin><![CDATA[]]></kindle_asin>
  <marketplace_id><![CDATA[]]></marketplace_id>
  <country_code><![CDATA[GB]]></country_code>
  <image_url>https://images.gr-assets.com/books/1424299324m/10008056.jpg</image_url>
  <small_image_url>https://images.gr-assets.com/books/1424299324s/10008056.jpg</small_image_url>
  <publication_year>2010</publication_year>
  <publication_month>11</publication_month>
  <publication_day>10</publication_day>
  <publisher>Politikens forlag</publisher>
  <language_code>dan</language_code>
  <is_ebook>false</is_ebook>
  <description><![CDATA[Indtil for blot 40 år siden blev utilpassede eller blot uheldige danske kvinder deporteret til en lille ø, hvor ondskab, misrøgt og torturlignende metoder blev brugt til at holde orden. Hertil kom Nete Hermansen, og her fra slap hun væk: Troede hun. Den dag fortiden indhentede hende, blev det starten på en af Afdeling Q’s mest komplicerede sager. Hvad gemmer hendes fortid? Hvad hændte der hende? Hvor forsvandt menneskene omkring hende hen? Og hvem stod bag? <br /><br />Skønt vicepolitikommissær Carl Mørck har rigeligt at se til med en mordefterforskning, han måske var involveret i og med et privatliv, der ikke helt spiller, presser hans to stædige assistenter ham til at genåbne den sag, der for 23 år siden udspillede sig med voldsomme konsekvenser for de implicerede. Snart går det op for det lille efterforskningsteam, at sagen blot er en lille flig af noget større, der handler om overgreb af den allergroveste slags. Overgreb, som tilsyneladende stadig finder sted. <br /><br />Stille, roligt og indædt går opklaringsarbejdet i gang, og det kommer til at tære på Carl, ikke mindst fordi hans, Roses og Assads engagement i sagen bliver livsfarligt. Og da Carl endelig mener at vide, hvordan tingene hænger sammen, melder en ny og meget koldblodig spiller sig på banen.]]></description>
  <work>
  <id type="integer">14903228</id>
  <books_count type="integer">76</books_count>
  <best_book_id type="integer">10008056</best_book_id>
  <reviews_count type="integer">18374</reviews_count>
  <ratings_sum type="integer">48599</ratings_sum>
  <ratings_count type="integer">12038</ratings_count>
  <text_reviews_count type="integer">996</text_reviews_count>
  <original_publication_year type="integer">2010</original_publication_year>
  <original_publication_month type="integer" nil="true"/>
  <original_publication_day type="integer" nil="true"/>
  <original_title>Journal 64</original_title>
  <original_language_id type="integer" nil="true"/>
  <media_type>book</media_type>
  <rating_dist>5:3617|4:5757|3:2253|2:316|1:95|total:12038</rating_dist>
  <desc_user_id type="integer">15202946</desc_user_id>
  <default_chaptering_book_id type="integer" nil="true"/>
  <default_description_language_code nil="true"/>
</work>
  <average_rating>4.04</average_rating>
  <num_pages><![CDATA[462]]></num_pages>
  <format><![CDATA[Paperback]]></format>
  <edition_information><![CDATA[]]></edition_information>
  <ratings_count><![CDATA[5047]]></ratings_count>
  <text_reviews_count><![CDATA[210]]></text_reviews_count>
  <url><![CDATA[https://www.goodreads.com/book/show/10008056-journal-64]]></url>
  <link><![CDATA[https://www.goodreads.com/book/show/10008056-journal-64]]></link>
  <authors>
<author>
<id>1734716</id>
<name>Jussi Adler-Olsen</name>
<role></role>
<image_url nophoto='false'>
<![CDATA[https://images.gr-assets.com/authors/1411461376p5/1734716.jpg]]>
</image_url>
<small_image_url nophoto='false'>
<![CDATA[https://images.gr-assets.com/authors/1411461376p2/1734716.jpg]]>
</small_image_url>
<link><![CDATA[https://www.goodreads.com/author/show/1734716.Jussi_Adler_Olsen]]></link>
<average_rating>3.93</average_rating>
<ratings_count>121634</ratings_count>
<text_reviews_count>10532</text_reviews_count>
</author>
</authors>

    <reviews_widget>
      <![CDATA[
        <style>
  #goodreads-widget {
    font-family: georgia, serif;
    padding: 18px 0;
    width:565px;
  }
  #goodreads-widget h1 {
    font-weight:normal;
    font-size: 16px;
    border-bottom: 1px solid #BBB596;
    margin-bottom: 0;
  }
  #goodreads-widget a {
    text-decoration: none;
    color:#660;
  }
  iframe{
    background-color: #fff;
  }
  #goodreads-widget a:hover { text-decoration: underline; }
  #goodreads-widget a:active {
    color:#660;
  }
  #gr_footer {
    width: 100%;
    border-top: 1px solid #BBB596;
    text-align: right;
  }
  #goodreads-widget .gr_branding{
    color: #382110;
    font-size: 11px;
    text-decoration: none;
    font-family: "Helvetica Neue", Helvetica, Arial, sans-serif;
  }
</style>
<div id="goodreads-widget">
  <div id="gr_header"><h1><a rel="nofollow" href="https://www.goodreads.com/book/show/10008056-journal-64">Journal 64 Reviews</a></h1></div>
  <iframe id="the_iframe" src="https://www.goodreads.com/api/reviews_widget_iframe?did=DEVELOPER_ID&amp;format=html&amp;isbn=8756795459&amp;links=660&amp;min_rating=&amp;review_back=fff&amp;stars=000&amp;text=000" width="565" height="400" frameborder="0"></iframe>
  <div id="gr_footer">
    <a class="gr_branding" target="_blank" rel="nofollow" href="https://www.goodreads.com/book/show/10008056-journal-64?utm_medium=api&amp;utm_source=reviews_widget">Reviews from Goodreads.com</a>
  </div>
</div>

      ]]>
    </reviews_widget>
  <popular_shelves>
      <shelf name="to-read" count="256"/>
      <shelf name="default" count="50"/>
      <shelf name="currently-reading" count="47"/>
      <shelf name="krimi" count="42"/>
      <shelf name="crime" count="40"/>
      <shelf name="mystery" count="39"/>
      <shelf name="favorites" count="38"/>
      <shelf name="jussi-adler-olsen" count="35"/>
      <shelf name="denmark" count="35"/>
      <shelf name="fiction" count="32"/>
      <shelf name="owned" count="31"/>
      <shelf name="nordic-noir" count="29"/>
      <shelf name="thriller" count="28"/>
      <shelf name="books-i-own" count="26"/>
      <shelf name="kindle" count="24"/>
      <shelf name="detective" count="24"/>
      <shelf name="ebook" count="23"/>
      <shelf name="library" count="22"/>
      <shelf name="thrillers" count="20"/>
      <shelf name="read-2015" count="19"/>
      <shelf name="suspense" count="17"/>
      <shelf name="crime-fiction" count="17"/>
      <shelf name="nordic" count="15"/>
      <shelf name="department-q" count="15"/>
      <shelf name="danish" count="15"/>
      <shelf name="crime-mystery" count="15"/>
      <shelf name="krim" count="13"/>
      <shelf name="owned-books" count="12"/>
      <shelf name="read-in-2013" count="12"/>
      <shelf name="scandinavia" count="11"/>
      <shelf name="audio-book" count="11"/>
      <shelf name="scandinavian" count="10"/>
      <shelf name="audio" count="10"/>
      <shelf name="read-2014" count="10"/>
      <shelf name="my-books" count="10"/>
      <shelf name="adult" count="10"/>
      <shelf name="scandinavian-crime" count="10"/>
      <shelf name="contemporary" count="10"/>
      <shelf name="read-in-2017" count="9"/>
      <shelf name="police-procedural" count="9"/>
      <shelf name="nordic-crime" count="9"/>
      <shelf name="listened-to" count="9"/>
      <shelf name="e-books" count="9"/>
      <shelf name="read-2016" count="9"/>
      <shelf name="read-2013" count="9"/>
      <shelf name="audio-books" count="8"/>
      <shelf name="adler-olsen" count="8"/>
      <shelf name="read-2012" count="8"/>
      <shelf name="ebooks" count="8"/>
      <shelf name="krimi-thriller" count="8"/>
      <shelf name="read-2017" count="7"/>
      <shelf name="audiobook" count="7"/>
      <shelf name="police" count="7"/>
      <shelf name="europe" count="7"/>
      <shelf name="books" count="7"/>
      <shelf name="2014-books" count="7"/>
      <shelf name="read-in-2016" count="7"/>
      <shelf name="mystery-suspense" count="7"/>
      <shelf name="mystery-crime" count="7"/>
      <shelf name="crime-and-mystery" count="7"/>
      <shelf name="crime-mystery-thriller" count="7"/>
      <shelf name="series" count="6"/>
      <shelf name="scandinavian-mystery" count="6"/>
      <shelf name="scandi-crime" count="6"/>
      <shelf name="mystery-detective" count="6"/>
      <shelf name="scandinavian-mysteries" count="6"/>
      <shelf name="crime-thrillers" count="6"/>
      <shelf name="gelesen" count="6"/>
      <shelf name="dansk" count="6"/>
      <shelf name="krimier" count="6"/>
      <shelf name="mysteries" count="5"/>
      <shelf name="scandinavian-authors" count="5"/>
      <shelf name="mystery-thriller-suspense" count="5"/>
      <shelf name="first-reads" count="5"/>
      <shelf name="detective-series" count="5"/>
      <shelf name="2015-reads" count="5"/>
      <shelf name="mysteries-thrillers" count="5"/>
      <shelf name="deckare" count="5"/>
      <shelf name="2014-read" count="5"/>
      <shelf name="mystery-thrillers" count="5"/>
      <shelf name="to-buy" count="5"/>
      <shelf name="thriller-crime" count="5"/>
      <shelf name="e-book" count="5"/>
      <shelf name="sub" count="5"/>
      <shelf name="read-in-2012" count="5"/>
      <shelf name="4-stars" count="5"/>
      <shelf name="danish-literature" count="5"/>
      <shelf name="my-collection" count="4"/>
      <shelf name="audiobooks" count="4"/>
      <shelf name="scandinavian-thrillers" count="4"/>
      <shelf name="library-book" count="4"/>
      <shelf name="i-own" count="4"/>
      <shelf name="fiction-mystery" count="4"/>
      <shelf name="detectives" count="4"/>
      <shelf name="danish-author" count="4"/>
      <shelf name="adult-fiction" count="4"/>
      <shelf name="denemarken" count="4"/>
      <shelf name="read-in-2015" count="4"/>
      <shelf name="roman" count="4"/>
      <shelf name="afdeling-q" count="4"/>
  </popular_shelves>
  <book_links>
    <book_link>
  <id>8</id>
  <name>Libraries</name>
  <link>https://www.goodreads.com/book_link/follow/8</link>
</book_link>

  </book_links>
  <buy_links>
    <buy_link>
<id>1</id>
<name>Amazon</name>
<link>https://www.goodreads.com/book_link/follow/1</link>
</buy_link>
<buy_link>
<id>10</id>
<name>Audible</name>
<link>https://www.goodreads.com/book_link/follow/10</link>
</buy_link>
<buy_link>
<id>3</id>
<name>Barnes &amp; Noble</name>
<link>https://www.goodreads.com/book_link/follow/3</link>
</buy_link>
<buy_link>
<id>1027</id>
<name>Kobo</name>
<link>https://www.goodreads.com/book_link/follow/1027</link>
</buy_link>
<buy_link>
<id>2102</id>
<name>Apple iBooks</name>
<link>https://www.goodreads.com/book_link/follow/2102</link>
</buy_link>
<buy_link>
<id>8036</id>
<name>Google Play</name>
<link>https://www.goodreads.com/book_link/follow/8036</link>
</buy_link>
<buy_link>
<id>4</id>
<name>Abebooks</name>
<link>https://www.goodreads.com/book_link/follow/4</link>
</buy_link>
<buy_link>
<id>882</id>
<name>Book Depository</name>
<link>https://www.goodreads.com/book_link/follow/882</link>
</buy_link>
<buy_link>
<id>9</id>
<name>Indigo</name>
<link>https://www.goodreads.com/book_link/follow/9</link>
</buy_link>
<buy_link>
<id>2</id>
<name>Half.com</name>
<link>https://www.goodreads.com/book_link/follow/2</link>
</buy_link>
<buy_link>
<id>5</id>
<name>Alibris</name>
<link>https://www.goodreads.com/book_link/follow/5</link>
</buy_link>
<buy_link>
<id>107</id>
<name>Better World Books</name>
<link>https://www.goodreads.com/book_link/follow/107</link>
</buy_link>
<buy_link>
<id>7</id>
<name>IndieBound</name>
<link>https://www.goodreads.com/book_link/follow/7</link>
</buy_link>

  </buy_links>
  <series_works>
    <series_work>
<id>633769</id>
<user_position>4</user_position>
<series>
<id>62152</id>
<title>
<![CDATA[
    Afdeling Q
]]>
</title>
<description>
<![CDATA[
    Aka Department Q (english), Sonderdezernat Q (german), Département V (french).
    
    Carl Mørck, an experienced homicide detective in Department Q, and his assistant Assad, in Copenhagen, Denmark:
    1. The Keeper of Lost Causes (US) / Mercy (UK) / Miséricorde (Fr) 
    2. The Absent One (US) / Disgrace (UK) / Profanation (Fr)
    3. A Conspiracy of Faith (US) / Redemption (UK) / Délivrance (Fr)
    4. The Purity of Vengeance (US) / Guilt (UK) / Dossier 64 (Fr)
    5. The Marco Effect (US) / Buried (UK) / L'effet papillon (Fr)
    6. The Hanging Girl (UK/US) / Promesse (Fr)
    7. Selfies (Fr) / The Scarred Woman (US)
]]>
</description>
<note>
<![CDATA[
]]>
</note>
<series_works_count>7</series_works_count>
<primary_work_count>7</primary_work_count>
<numbered>true</numbered>
</series>

</series_work>

  </series_works>
  <similar_books>
          <book>
<id>13399107</id>
<title><![CDATA[Lärjungen  (Sebastian Bergman, #2)]]></title>
<title_without_series>Lärjungen</title_without_series>
<link><![CDATA[https://www.goodreads.com/book/show/13399107-l-rjungen]]></link>
<small_image_url><![CDATA[https://images.gr-assets.com/books/1340453305s/13399107.jpg]]></small_image_url>
<image_url><![CDATA[https://images.gr-assets.com/books/1340453305m/13399107.jpg]]></image_url>
<num_pages>494</num_pages>
<work>
<id>18630674</id>
</work>
<isbn>9113033980</isbn>
<isbn13>9789113033983</isbn13>
<average_rating>4.06</average_rating>
<ratings_count>2354</ratings_count>
<publication_year>2011</publication_year>
<publication_month>8</publication_month>
<publication_day></publication_day>
<authors>
<author>
<id>4372984</id>
<name>Michael Hjorth</name>
<link><![CDATA[https://www.goodreads.com/author/show/4372984.Michael_Hjorth]]></link>
</author>
</authors>
</book>

          <book>
<id>14059743</id>
<title><![CDATA[Till offer åt Molok (Rebecka Martinsson, #5)]]></title>
<title_without_series>Till offer åt Molok</title_without_series>
<link><![CDATA[https://www.goodreads.com/book/show/14059743-till-offer-t-molok]]></link>
<small_image_url><![CDATA[https://images.gr-assets.com/books/1337459839s/14059743.jpg]]></small_image_url>
<image_url><![CDATA[https://images.gr-assets.com/books/1337459839m/14059743.jpg]]></image_url>
<num_pages>388</num_pages>
<work>
<id>19696161</id>
</work>
<isbn></isbn>
<isbn13>9789100125318</isbn13>
<average_rating>3.93</average_rating>
<ratings_count>3071</ratings_count>
<publication_year>2012</publication_year>
<publication_month></publication_month>
<publication_day></publication_day>
<authors>
<author>
<id>168255</id>
<name>Åsa Larsson</name>
<link><![CDATA[https://www.goodreads.com/author/show/168255._sa_Larsson]]></link>
</author>
</authors>
</book>

          <book>
<id>13414725</id>
<title><![CDATA[Invisible Murder (Nina Borg, #2)]]></title>
<title_without_series>Invisible Murder</title_without_series>
<link><![CDATA[https://www.goodreads.com/book/show/13414725-invisible-murder]]></link>
<small_image_url><![CDATA[https://images.gr-assets.com/books/1344290356s/13414725.jpg]]></small_image_url>
<image_url><![CDATA[https://images.gr-assets.com/books/1344290356m/13414725.jpg]]></image_url>
<num_pages>352</num_pages>
<work>
<id>10767348</id>
</work>
<isbn>1616951702</isbn>
<isbn13>9781616951702</isbn13>
<average_rating>3.63</average_rating>
<ratings_count>2370</ratings_count>
<publication_year>2012</publication_year>
<publication_month>10</publication_month>
<publication_day>2</publication_day>
<authors>
<author>
<id>3116926</id>
<name>Lene Kaaberbøl</name>
<link><![CDATA[https://www.goodreads.com/author/show/3116926.Lene_Kaaberb_l]]></link>
</author>
</authors>
</book>

          <book>
<id>16156296</id>
<title>Bad Blood (Intercrime, #2)</title>
<title_without_series>Bad Blood</title_without_series>
<link><![CDATA[https://www.goodreads.com/book/show/16156296-bad-blood]]></link>
<small_image_url><![CDATA[https://images.gr-assets.com/books/1356143095s/16156296.jpg]]></small_image_url>
<image_url><![CDATA[https://images.gr-assets.com/books/1356143095m/16156296.jpg]]></image_url>
<num_pages>352</num_pages>
<work>
<id>1994078</id>
</work>
<isbn>0375425365</isbn>
<isbn13>9780375425363</isbn13>
<average_rating>3.72</average_rating>
<ratings_count>1361</ratings_count>
<publication_year>2013</publication_year>
<publication_month>8</publication_month>
<publication_day>13</publication_day>
<authors>
<author>
<id>678217</id>
<name>Arne Dahl</name>
<link><![CDATA[https://www.goodreads.com/author/show/678217.Arne_Dahl]]></link>
</author>
</authors>
</book>

          <book>
<id>20523041</id>
<title><![CDATA[The Disappeared (Fredrika Bergman and Alex Recht, #3)]]></title>
<title_without_series>The Disappeared</title_without_series>
<link><![CDATA[https://www.goodreads.com/book/show/20523041-the-disappeared]]></link>
<small_image_url><![CDATA[https://images.gr-assets.com/books/1389827781s/20523041.jpg]]></small_image_url>
<image_url><![CDATA[https://images.gr-assets.com/books/1389827781m/20523041.jpg]]></image_url>
<num_pages></num_pages>
<work>
<id>17770317</id>
</work>
<isbn>162923298X</isbn>
<isbn13>9781629232980</isbn13>
<average_rating>3.91</average_rating>
<ratings_count>2992</ratings_count>
<publication_year>2014</publication_year>
<publication_month>3</publication_month>
<publication_day>4</publication_day>
<authors>
<author>
<id>4090485</id>
<name>Kristina Ohlsson</name>
<link><![CDATA[https://www.goodreads.com/author/show/4090485.Kristina_Ohlsson]]></link>
</author>
</authors>
</book>

          <book>
<id>9661887</id>
<title><![CDATA[Furðustrandir (Inspector Erlendur #11)]]></title>
<title_without_series>Furðustrandir</title_without_series>
<link><![CDATA[https://www.goodreads.com/book/show/9661887-fur-ustrandir]]></link>
<small_image_url><![CDATA[https://images.gr-assets.com/books/1289227896s/9661887.jpg]]></small_image_url>
<image_url><![CDATA[https://images.gr-assets.com/books/1289227896m/9661887.jpg]]></image_url>
<num_pages>301</num_pages>
<work>
<id>14549549</id>
</work>
<isbn>9979221232</isbn>
<isbn13>9789979221234</isbn13>
<average_rating>3.89</average_rating>
<ratings_count>3432</ratings_count>
<publication_year>2010</publication_year>
<publication_month>11</publication_month>
<publication_day>1</publication_day>
<authors>
<author>
<id>6861265</id>
<name>Arnaldur Indriðason</name>
<link><![CDATA[https://www.goodreads.com/author/show/6861265.Arnaldur_Indri_ason]]></link>
</author>
</authors>
</book>

          <book>
<id>12017508</id>
<title>Dregs (William Wisting #6)</title>
<title_without_series>Dregs</title_without_series>
<link><![CDATA[https://www.goodreads.com/book/show/12017508-dregs]]></link>
<small_image_url><![CDATA[https://images.gr-assets.com/books/1328320897s/12017508.jpg]]></small_image_url>
<image_url><![CDATA[https://images.gr-assets.com/books/1328320897m/12017508.jpg]]></image_url>
<num_pages>310</num_pages>
<work>
<id>16982830</id>
</work>
<isbn>1905207670</isbn>
<isbn13>9781905207671</isbn13>
<average_rating>3.75</average_rating>
<ratings_count>1280</ratings_count>
<publication_year>2011</publication_year>
<publication_month></publication_month>
<publication_day></publication_day>
<authors>
<author>
<id>764007</id>
<name>Jørn Lier Horst</name>
<link><![CDATA[https://www.goodreads.com/author/show/764007.J_rn_Lier_Horst]]></link>
</author>
</authors>
</book>

          <book>
<id>18778285</id>
<title>Spring Tide</title>
<title_without_series>Spring Tide</title_without_series>
<link><![CDATA[https://www.goodreads.com/book/show/18778285-spring-tide]]></link>
<small_image_url><![CDATA[https://images.gr-assets.com/books/1398799406s/18778285.jpg]]></small_image_url>
<image_url><![CDATA[https://images.gr-assets.com/books/1398799406m/18778285.jpg]]></image_url>
<num_pages>474</num_pages>
<work>
<id>21734582</id>
</work>
<isbn>1843915154</isbn>
<isbn13>9781843915157</isbn13>
<average_rating>3.90</average_rating>
<ratings_count>2240</ratings_count>
<publication_year>2014</publication_year>
<publication_month>3</publication_month>
<publication_day>28</publication_day>
<authors>
<author>
<id>6538453</id>
<name>Cilla Börjlind</name>
<link><![CDATA[https://www.goodreads.com/author/show/6538453.Cilla_B_rjlind]]></link>
</author>
</authors>
</book>

          <book>
<id>7636643</id>
<title><![CDATA[Hævnens gudinde (Louise Rick, #5)]]></title>
<title_without_series>Hævnens gudinde</title_without_series>
<link><![CDATA[https://www.goodreads.com/book/show/7636643-h-vnens-gudinde]]></link>
<small_image_url><![CDATA[https://images.gr-assets.com/books/1322752940s/7636643.jpg]]></small_image_url>
<image_url><![CDATA[https://images.gr-assets.com/books/1322752940m/7636643.jpg]]></image_url>
<num_pages>420</num_pages>
<work>
<id>10154842</id>
</work>
<isbn>8770557136</isbn>
<isbn13>9788770557139</isbn13>
<average_rating>3.91</average_rating>
<ratings_count>330</ratings_count>
<publication_year>2009</publication_year>
<publication_month></publication_month>
<publication_day></publication_day>
<authors>
<author>
<id>6549175</id>
<name>Sara Blaedel</name>
<link><![CDATA[https://www.goodreads.com/author/show/6549175.Sara_Blaedel]]></link>
</author>
</authors>
</book>

          <book>
<id>6334756</id>
<title><![CDATA[Berättelse om herr Roos (Barbarotti #3)]]></title>
<title_without_series>Berättelse om herr Roos</title_without_series>
<link><![CDATA[https://www.goodreads.com/book/show/6334756-ber-ttelse-om-herr-roos]]></link>
<small_image_url><![CDATA[https://s.gr-assets.com/assets/nophoto/book/50x75-a91bf249278a81aabab721ef782c4a74.png]]></small_image_url>
<image_url><![CDATA[https://s.gr-assets.com/assets/nophoto/book/111x148-bcc042a9c91a29c1d680899eff700a03.png]]></image_url>
<num_pages>511</num_pages>
<work>
<id>6520574</id>
</work>
<isbn>9100118273</isbn>
<isbn13></isbn13>
<average_rating>3.77</average_rating>
<ratings_count>748</ratings_count>
<publication_year>2008</publication_year>
<publication_month></publication_month>
<publication_day></publication_day>
<authors>
<author>
<id>161054</id>
<name>Håkan Nesser</name>
<link><![CDATA[https://www.goodreads.com/author/show/161054.H_kan_Nesser]]></link>
</author>
</authors>
</book>

          <book>
<id>13057652</id>
<title>Eldvittnet (Joona Linna, #3)</title>
<title_without_series>Eldvittnet</title_without_series>
<link><![CDATA[https://www.goodreads.com/book/show/13057652-eldvittnet]]></link>
<small_image_url><![CDATA[https://images.gr-assets.com/books/1321519554s/13057652.jpg]]></small_image_url>
<image_url><![CDATA[https://images.gr-assets.com/books/1321519554m/13057652.jpg]]></image_url>
<num_pages>576</num_pages>
<work>
<id>18222832</id>
</work>
<isbn>9100126438</isbn>
<isbn13>9789100126438</isbn13>
<average_rating>4.06</average_rating>
<ratings_count>10399</ratings_count>
<publication_year>2011</publication_year>
<publication_month>11</publication_month>
<publication_day>11</publication_day>
<authors>
<author>
<id>3105995</id>
<name>Lars Kepler</name>
<link><![CDATA[https://www.goodreads.com/author/show/3105995.Lars_Kepler]]></link>
</author>
</authors>
</book>

          <book>
<id>7738807</id>
<title><![CDATA[The Shadow Woman (Inspector Winter #2)]]></title>
<title_without_series>The Shadow Woman</title_without_series>
<link><![CDATA[https://www.goodreads.com/book/show/7738807-the-shadow-woman]]></link>
<small_image_url><![CDATA[https://images.gr-assets.com/books/1273845457s/7738807.jpg]]></small_image_url>
<image_url><![CDATA[https://images.gr-assets.com/books/1273845457m/7738807.jpg]]></image_url>
<num_pages>352</num_pages>
<work>
<id>416468</id>
</work>
<isbn>0143117947</isbn>
<isbn13>9780143117940</isbn13>
<average_rating>3.72</average_rating>
<ratings_count>1307</ratings_count>
<publication_year>2010</publication_year>
<publication_month>9</publication_month>
<publication_day>28</publication_day>
<authors>
<author>
<id>72888</id>
<name>Åke Edwardson</name>
<link><![CDATA[https://www.goodreads.com/author/show/72888._ke_Edwardson]]></link>
</author>
</authors>
</book>

          <book>
<id>9738515</id>
<title>Burned (Henning Juul #1)</title>
<title_without_series>Burned</title_without_series>
<link><![CDATA[https://www.goodreads.com/book/show/9738515-burned]]></link>
<small_image_url><![CDATA[https://images.gr-assets.com/books/1347875979s/9738515.jpg]]></small_image_url>
<image_url><![CDATA[https://images.gr-assets.com/books/1347875979m/9738515.jpg]]></image_url>
<num_pages>399</num_pages>
<work>
<id>14627593</id>
</work>
<isbn>0571275176</isbn>
<isbn13>9780571275175</isbn13>
<average_rating>3.69</average_rating>
<ratings_count>1464</ratings_count>
<publication_year>2011</publication_year>
<publication_month>7</publication_month>
<publication_day>1</publication_day>
<authors>
<author>
<id>4471063</id>
<name>Thomas Enger</name>
<link><![CDATA[https://www.goodreads.com/author/show/4471063.Thomas_Enger]]></link>
</author>
</authors>
</book>

  </similar_books>
</book>

</GoodreadsResponse>