<?xml version="1.0" encoding="UTF-8"?>
<GoodreadsResponse>
  <Request>
    <authentication>true</authentication>
      <key><![CDATA[all_men_must_serve]]></key>
    <method><![CDATA[book_show]]></method>
  </Request>
  <book>
  <id>1000751</id>
  <title>Pollyanna (Pollyanna, #1)</title>
  <isbn><![CDATA[0689849109]]></isbn>
  <isbn13><![CDATA[9780689849107]]></isbn13>
  <asin><![CDATA[]]></asin>
  <kindle_asin><![CDATA[B0082SU98U]]></kindle_asin>
  <marketplace_id><![CDATA[A1F83G8C2ARO7P]]></marketplace_id>
  <country_code><![CDATA[GB]]></country_code>
  <image_url>https://s.gr-assets.com/assets/nophoto/book/111x148-bcc042a9c91a29c1d680899eff700a03.png</image_url>
  <small_image_url>https://s.gr-assets.com/assets/nophoto/book/50x75-a91bf249278a81aabab721ef782c4a74.png</small_image_url>
  <publication_year>2002</publication_year>
  <publication_month>2</publication_month>
  <publication_day>1</publication_day>
  <publisher>Aladdin</publisher>
  <language_code>eng</language_code>
  <is_ebook>false</is_ebook>
  <description><![CDATA[When orphaned 11-year-old Pollyanna comes to live with austere and wealthy Aunt Polly, her philosophy of gladness brings happiness to her aunt and other members of the community, somewhat to their surprise.]]></description>
  <work>
  <id type="integer">1099715</id>
  <books_count type="integer">405</books_count>
  <best_book_id type="integer">1000751</best_book_id>
  <reviews_count type="integer">82002</reviews_count>
  <ratings_sum type="integer">241908</ratings_sum>
  <ratings_count type="integer">61299</ratings_count>
  <text_reviews_count type="integer">1425</text_reviews_count>
  <original_publication_year type="integer">1912</original_publication_year>
  <original_publication_month type="integer" nil="true"/>
  <original_publication_day type="integer" nil="true"/>
  <original_title>Pollyanna</original_title>
  <original_language_id type="integer" nil="true"/>
  <media_type>book</media_type>
  <rating_dist>5:22223|4:19621|3:14710|2:3434|1:1311|total:61299</rating_dist>
  <desc_user_id type="integer">53785173</desc_user_id>
  <default_chaptering_book_id type="integer" nil="true"/>
  <default_description_language_code nil="true"/>
</work>
  <average_rating>3.95</average_rating>
  <num_pages><![CDATA[304]]></num_pages>
  <format><![CDATA[Paperback]]></format>
  <edition_information><![CDATA[]]></edition_information>
  <ratings_count><![CDATA[56586]]></ratings_count>
  <text_reviews_count><![CDATA[1012]]></text_reviews_count>
  <url><![CDATA[https://www.goodreads.com/book/show/1000751.Pollyanna]]></url>
  <link><![CDATA[https://www.goodreads.com/book/show/1000751.Pollyanna]]></link>
  <authors>
<author>
<id>10673</id>
<name>Eleanor H. Porter</name>
<role></role>
<image_url nophoto='false'>
<![CDATA[https://images.gr-assets.com/authors/1198015361p5/10673.jpg]]>
</image_url>
<small_image_url nophoto='false'>
<![CDATA[https://images.gr-assets.com/authors/1198015361p2/10673.jpg]]>
</small_image_url>
<link><![CDATA[https://www.goodreads.com/author/show/10673.Eleanor_H_Porter]]></link>
<average_rating>3.92</average_rating>
<ratings_count>73332</ratings_count>
<text_reviews_count>1933</text_reviews_count>
</author>
</authors>

    <reviews_widget>
      <![CDATA[
        <style>
  #goodreads-widget {
    font-family: georgia, serif;
    padding: 18px 0;
    width:565px;
  }
  #goodreads-widget h1 {
    font-weight:normal;
    font-size: 16px;
    border-bottom: 1px solid #BBB596;
    margin-bottom: 0;
  }
  #goodreads-widget a {
    text-decoration: none;
    color:#660;
  }
  iframe{
    background-color: #fff;
  }
  #goodreads-widget a:hover { text-decoration: underline; }
  #goodreads-widget a:active {
    color:#660;
  }
  #gr_footer {
    width: 100%;
    border-top: 1px solid #BBB596;
    text-align: right;
  }
  #goodreads-widget .gr_branding{
    color: #382110;
    font-size: 11px;
    text-decoration: none;
    font-family: "Helvetica Neue", Helvetica, Arial, sans-serif;
  }
</style>
<div id="goodreads-widget">
  <div id="gr_header"><h1><a rel="nofollow" href="https://www.goodreads.com/book/show/1000751.Pollyanna">Pollyanna Reviews</a></h1></div>
  <iframe id="the_iframe" src="https://www.goodreads.com/api/reviews_widget_iframe?did=DEVELOPER_ID&amp;format=html&amp;isbn=0689849109&amp;links=660&amp;min_rating=&amp;review_back=fff&amp;stars=000&amp;text=000" width="565" height="400" frameborder="0"></iframe>
  <div id="gr_footer">
    <a class="gr_branding" target="_blank" rel="nofollow" href="https://www.goodreads.com/book/show/1000751.Pollyanna?utm_medium=api&amp;utm_source=reviews_widget">Reviews from Goodreads.com</a>
  </div>
</div>

      ]]>
    </reviews_widget>
  <popular_shelves>
      <shelf name="to-read" count="16242"/>
      <shelf name="classics" count="1041"/>
      <shelf name="childrens" count="361"/>
      <shelf name="fiction" count="351"/>
      <shelf name="currently-reading" count="342"/>
      <shelf name="children" count="289"/>
      <shelf name="favorites" count="275"/>
      <shelf name="classic" count="215"/>
      <shelf name="children-s" count="198"/>
      <shelf name="young-adult" count="180"/>
      <shelf name="children-s-books" count="136"/>
      <shelf name="childhood" count="113"/>
      <shelf name="owned" count="108"/>
      <shelf name="books-i-own" count="99"/>
      <shelf name="historical-fiction" count="93"/>
      <shelf name="kindle" count="80"/>
      <shelf name="childrens-books" count="80"/>
      <shelf name="kids" count="72"/>
      <shelf name="favourites" count="63"/>
      <shelf name="ya" count="59"/>
      <shelf name="childhood-favorites" count="56"/>
      <shelf name="series" count="51"/>
      <shelf name="historical" count="43"/>
      <shelf name="kids-books" count="40"/>
      <shelf name="childhood-books" count="39"/>
      <shelf name="owned-books" count="39"/>
      <shelf name="middle-grade" count="38"/>
      <shelf name="children-s-literature" count="38"/>
      <shelf name="children-s-lit" count="36"/>
      <shelf name="juvenile" count="36"/>
      <shelf name="childrens-classics" count="36"/>
      <shelf name="children-s-classics" count="35"/>
      <shelf name="american" count="32"/>
      <shelf name="childhood-reads" count="28"/>
      <shelf name="ebook" count="27"/>
      <shelf name="american-literature" count="27"/>
      <shelf name="default" count="26"/>
      <shelf name="childrens-lit" count="26"/>
      <shelf name="literature" count="26"/>
      <shelf name="read-aloud" count="25"/>
      <shelf name="childrens-literature" count="24"/>
      <shelf name="childhood-favourites" count="24"/>
      <shelf name="audiobooks" count="22"/>
      <shelf name="audiobook" count="22"/>
      <shelf name="novel" count="21"/>
      <shelf name="read-alouds" count="21"/>
      <shelf name="juvenile-fiction" count="21"/>
      <shelf name="20th-century" count="21"/>
      <shelf name="library" count="20"/>
      <shelf name="family" count="20"/>
      <shelf name="novels" count="20"/>
      <shelf name="to-buy" count="19"/>
      <shelf name="youth" count="19"/>
      <shelf name="ebooks" count="18"/>
      <shelf name="realistic-fiction" count="17"/>
      <shelf name="my-library" count="17"/>
      <shelf name="audio" count="17"/>
      <shelf name="e-book" count="16"/>
      <shelf name="read-as-a-child" count="16"/>
      <shelf name="my-books" count="15"/>
      <shelf name="children-s-fiction" count="15"/>
      <shelf name="children-books" count="15"/>
      <shelf name="own-it" count="15"/>
      <shelf name="read-as-a-kid" count="15"/>
      <shelf name="classic-literature" count="15"/>
      <shelf name="childrens-fiction" count="15"/>
      <shelf name="children-young-adult" count="15"/>
      <shelf name="chapter-books" count="14"/>
      <shelf name="coming-of-age" count="14"/>
      <shelf name="my-childhood" count="14"/>
      <shelf name="audible" count="13"/>
      <shelf name="school" count="13"/>
      <shelf name="home-library" count="13"/>
      <shelf name="i-own" count="13"/>
      <shelf name="children-ya" count="13"/>
      <shelf name="romance" count="12"/>
      <shelf name="usa" count="12"/>
      <shelf name="classics-to-read" count="12"/>
      <shelf name="childhood-memories" count="11"/>
      <shelf name="favorite" count="11"/>
      <shelf name="kindle-books" count="11"/>
      <shelf name="english" count="11"/>
      <shelf name="re-read" count="11"/>
      <shelf name="adventure" count="10"/>
      <shelf name="books" count="10"/>
      <shelf name="eleanor-h-porter" count="10"/>
      <shelf name="teen" count="10"/>
      <shelf name="orphans" count="10"/>
      <shelf name="audio-books" count="10"/>
      <shelf name="read-in-2016" count="9"/>
      <shelf name="female-author" count="9"/>
      <shelf name="general-fiction" count="9"/>
      <shelf name="elementary" count="9"/>
      <shelf name="i-own-it" count="9"/>
      <shelf name="wish-list" count="9"/>
      <shelf name="inspirational" count="9"/>
      <shelf name="history" count="9"/>
      <shelf name="for-kids" count="9"/>
      <shelf name="kids-chapter-books" count="9"/>
      <shelf name="5-stars" count="9"/>
  </popular_shelves>
  <book_links>
    <book_link>
  <id>8</id>
  <name>Libraries</name>
  <link>https://www.goodreads.com/book_link/follow/8</link>
</book_link>

  </book_links>
  <buy_links>
    <buy_link>
<id>1</id>
<name>Amazon</name>
<link>https://www.goodreads.com/book_link/follow/1</link>
</buy_link>
<buy_link>
<id>10</id>
<name>Audible</name>
<link>https://www.goodreads.com/book_link/follow/10</link>
</buy_link>
<buy_link>
<id>3</id>
<name>Barnes &amp; Noble</name>
<link>https://www.goodreads.com/book_link/follow/3</link>
</buy_link>
<buy_link>
<id>1027</id>
<name>Kobo</name>
<link>https://www.goodreads.com/book_link/follow/1027</link>
</buy_link>
<buy_link>
<id>2102</id>
<name>Apple iBooks</name>
<link>https://www.goodreads.com/book_link/follow/2102</link>
</buy_link>
<buy_link>
<id>8036</id>
<name>Google Play</name>
<link>https://www.goodreads.com/book_link/follow/8036</link>
</buy_link>
<buy_link>
<id>4</id>
<name>Abebooks</name>
<link>https://www.goodreads.com/book_link/follow/4</link>
</buy_link>
<buy_link>
<id>882</id>
<name>Book Depository</name>
<link>https://www.goodreads.com/book_link/follow/882</link>
</buy_link>
<buy_link>
<id>9</id>
<name>Indigo</name>
<link>https://www.goodreads.com/book_link/follow/9</link>
</buy_link>
<buy_link>
<id>2</id>
<name>Half.com</name>
<link>https://www.goodreads.com/book_link/follow/2</link>
</buy_link>
<buy_link>
<id>5</id>
<name>Alibris</name>
<link>https://www.goodreads.com/book_link/follow/5</link>
</buy_link>
<buy_link>
<id>107</id>
<name>Better World Books</name>
<link>https://www.goodreads.com/book_link/follow/107</link>
</buy_link>
<buy_link>
<id>7</id>
<name>IndieBound</name>
<link>https://www.goodreads.com/book_link/follow/7</link>
</buy_link>

  </buy_links>
  <series_works>
    <series_work>
<id>183864</id>
<user_position>1</user_position>
<series>
<id>49671</id>
<title>
<![CDATA[
    Pollyanna
]]>
</title>
<description>
<![CDATA[
    Pollyanna series by Eleanor H. Porter.
    The series is also known as:
    Πολυάννα (greek).
]]>
</description>
<note>
<![CDATA[
]]>
</note>
<series_works_count>15</series_works_count>
<primary_work_count>14</primary_work_count>
<numbered>true</numbered>
</series>

</series_work>

  </series_works>
  <similar_books>
          <book>
<id>17529</id>
<title>Rebecca of Sunnybrook Farm</title>
<title_without_series>Rebecca of Sunnybrook Farm</title_without_series>
<link><![CDATA[https://www.goodreads.com/book/show/17529.Rebecca_of_Sunnybrook_Farm]]></link>
<small_image_url><![CDATA[https://s.gr-assets.com/assets/nophoto/book/50x75-a91bf249278a81aabab721ef782c4a74.png]]></small_image_url>
<image_url><![CDATA[https://s.gr-assets.com/assets/nophoto/book/111x148-bcc042a9c91a29c1d680899eff700a03.png]]></image_url>
<num_pages>184</num_pages>
<work>
<id>1063767</id>
</work>
<isbn>1598183605</isbn>
<isbn13>9781598183603</isbn13>
<average_rating>3.85</average_rating>
<ratings_count>29429</ratings_count>
<publication_year>2006</publication_year>
<publication_month>7</publication_month>
<publication_day>1</publication_day>
<authors>
<author>
<id>8105</id>
<name>Kate Douglas Wiggin</name>
<link><![CDATA[https://www.goodreads.com/author/show/8105.Kate_Douglas_Wiggin]]></link>
</author>
</authors>
</book>

          <book>
<id>730503</id>
<title><![CDATA[What Katy Did Next (Carr Family, #3)]]></title>
<title_without_series>What Katy Did Next</title_without_series>
<link><![CDATA[https://www.goodreads.com/book/show/730503.What_Katy_Did_Next]]></link>
<small_image_url><![CDATA[https://s.gr-assets.com/assets/nophoto/book/50x75-a91bf249278a81aabab721ef782c4a74.png]]></small_image_url>
<image_url><![CDATA[https://s.gr-assets.com/assets/nophoto/book/111x148-bcc042a9c91a29c1d680899eff700a03.png]]></image_url>
<num_pages>156</num_pages>
<work>
<id>1779240</id>
</work>
<isbn>1406515299</isbn>
<isbn13>9781406515299</isbn13>
<average_rating>3.87</average_rating>
<ratings_count>4521</ratings_count>
<publication_year>2007</publication_year>
<publication_month>2</publication_month>
<publication_day>16</publication_day>
<authors>
<author>
<id>387955</id>
<name>Susan Coolidge</name>
<link><![CDATA[https://www.goodreads.com/author/show/387955.Susan_Coolidge]]></link>
</author>
</authors>
</book>

          <book>
<id>7911</id>
<title><![CDATA[Five Little Peppers and How They Grew]]></title>
<title_without_series><![CDATA[Five Little Peppers and How They Grew]]></title_without_series>
<link><![CDATA[https://www.goodreads.com/book/show/7911.Five_Little_Peppers_and_How_They_Grew]]></link>
<small_image_url><![CDATA[https://s.gr-assets.com/assets/nophoto/book/50x75-a91bf249278a81aabab721ef782c4a74.png]]></small_image_url>
<image_url><![CDATA[https://s.gr-assets.com/assets/nophoto/book/111x148-bcc042a9c91a29c1d680899eff700a03.png]]></image_url>
<num_pages>352</num_pages>
<work>
<id>1167387</id>
</work>
<isbn>1416916172</isbn>
<isbn13>9781416916178</isbn13>
<average_rating>4.03</average_rating>
<ratings_count>20654</ratings_count>
<publication_year>2006</publication_year>
<publication_month>6</publication_month>
<publication_day>1</publication_day>
<authors>
<author>
<id>5315</id>
<name>Margaret Sidney</name>
<link><![CDATA[https://www.goodreads.com/author/show/5315.Margaret_Sidney]]></link>
</author>
</authors>
</book>

          <book>
<id>381608</id>
<title>Freckles (Limberlost #1)</title>
<title_without_series>Freckles</title_without_series>
<link><![CDATA[https://www.goodreads.com/book/show/381608.Freckles]]></link>
<small_image_url><![CDATA[https://s.gr-assets.com/assets/nophoto/book/50x75-a91bf249278a81aabab721ef782c4a74.png]]></small_image_url>
<image_url><![CDATA[https://s.gr-assets.com/assets/nophoto/book/111x148-bcc042a9c91a29c1d680899eff700a03.png]]></image_url>
<num_pages>368</num_pages>
<work>
<id>3101438</id>
</work>
<isbn>0253203635</isbn>
<isbn13>9780253203632</isbn13>
<average_rating>4.10</average_rating>
<ratings_count>8379</ratings_count>
<publication_year>1986</publication_year>
<publication_month>3</publication_month>
<publication_day>22</publication_day>
<authors>
<author>
<id>1372693</id>
<name>Gene Stratton-Porter</name>
<link><![CDATA[https://www.goodreads.com/author/show/1372693.Gene_Stratton_Porter]]></link>
</author>
</authors>
</book>

          <book>
<id>42486</id>
<title><![CDATA[Betsy and Tacy Go Downtown (Betsy-Tacy, #4)]]></title>
<title_without_series>Betsy and Tacy Go Downtown</title_without_series>
<link><![CDATA[https://www.goodreads.com/book/show/42486.Betsy_and_Tacy_Go_Downtown]]></link>
<small_image_url><![CDATA[https://images.gr-assets.com/books/1325044632s/42486.jpg]]></small_image_url>
<image_url><![CDATA[https://images.gr-assets.com/books/1325044632m/42486.jpg]]></image_url>
<num_pages>240</num_pages>
<work>
<id>10927</id>
</work>
<isbn>0064400980</isbn>
<isbn13>9780064400985</isbn13>
<average_rating>4.20</average_rating>
<ratings_count>5837</ratings_count>
<publication_year>2000</publication_year>
<publication_month>4</publication_month>
<publication_day>5</publication_day>
<authors>
<author>
<id>5306</id>
<name>Maud Hart Lovelace</name>
<link><![CDATA[https://www.goodreads.com/author/show/5306.Maud_Hart_Lovelace]]></link>
</author>
</authors>
</book>

          <book>
<id>149543</id>
<title>Jane of Lantern Hill</title>
<title_without_series>Jane of Lantern Hill</title_without_series>
<link><![CDATA[https://www.goodreads.com/book/show/149543.Jane_of_Lantern_Hill]]></link>
<small_image_url><![CDATA[https://images.gr-assets.com/books/1435103595s/149543.jpg]]></small_image_url>
<image_url><![CDATA[https://images.gr-assets.com/books/1435103595m/149543.jpg]]></image_url>
<num_pages>274</num_pages>
<work>
<id>839504</id>
</work>
<isbn>077106165X</isbn>
<isbn13>9780771061653</isbn13>
<average_rating>4.10</average_rating>
<ratings_count>5881</ratings_count>
<publication_year>1989</publication_year>
<publication_month>7</publication_month>
<publication_day>1</publication_day>
<authors>
<author>
<id>5350</id>
<name>L.M. Montgomery</name>
<link><![CDATA[https://www.goodreads.com/author/show/5350.L_M_Montgomery]]></link>
</author>
</authors>
</book>

          <book>
<id>183126</id>
<title><![CDATA[Hans Brinker, or the Silver Skates]]></title>
<title_without_series><![CDATA[Hans Brinker, or the Silver Skates]]></title_without_series>
<link><![CDATA[https://www.goodreads.com/book/show/183126.Hans_Brinker_or_the_Silver_Skates]]></link>
<small_image_url><![CDATA[https://s.gr-assets.com/assets/nophoto/book/50x75-a91bf249278a81aabab721ef782c4a74.png]]></small_image_url>
<image_url><![CDATA[https://s.gr-assets.com/assets/nophoto/book/111x148-bcc042a9c91a29c1d680899eff700a03.png]]></image_url>
<num_pages>244</num_pages>
<work>
<id>2801485</id>
</work>
<isbn>1596056665</isbn>
<isbn13>9781596056664</isbn13>
<average_rating>3.88</average_rating>
<ratings_count>11985</ratings_count>
<publication_year>2005</publication_year>
<publication_month>11</publication_month>
<publication_day>1</publication_day>
<authors>
<author>
<id>48593</id>
<name>Mary Mapes Dodge</name>
<link><![CDATA[https://www.goodreads.com/author/show/48593.Mary_Mapes_Dodge]]></link>
</author>
</authors>
</book>

          <book>
<id>275247</id>
<title>Little Lord Fauntleroy</title>
<title_without_series>Little Lord Fauntleroy</title_without_series>
<link><![CDATA[https://www.goodreads.com/book/show/275247.Little_Lord_Fauntleroy]]></link>
<small_image_url><![CDATA[https://s.gr-assets.com/assets/nophoto/book/50x75-a91bf249278a81aabab721ef782c4a74.png]]></small_image_url>
<image_url><![CDATA[https://s.gr-assets.com/assets/nophoto/book/111x148-bcc042a9c91a29c1d680899eff700a03.png]]></image_url>
<num_pages>164</num_pages>
<work>
<id>1085162</id>
</work>
<isbn>1934169234</isbn>
<isbn13>9781934169230</isbn13>
<average_rating>3.81</average_rating>
<ratings_count>14971</ratings_count>
<publication_year>2006</publication_year>
<publication_month>10</publication_month>
<publication_day>18</publication_day>
<authors>
<author>
<id>2041</id>
<name>Frances Hodgson Burnett</name>
<link><![CDATA[https://www.goodreads.com/author/show/2041.Frances_Hodgson_Burnett]]></link>
</author>
</authors>
</book>

          <book>
<id>246546</id>
<title>An Old-Fashioned Girl</title>
<title_without_series>An Old-Fashioned Girl</title_without_series>
<link><![CDATA[https://www.goodreads.com/book/show/246546.An_Old_Fashioned_Girl]]></link>
<small_image_url><![CDATA[https://s.gr-assets.com/assets/nophoto/book/50x75-a91bf249278a81aabab721ef782c4a74.png]]></small_image_url>
<image_url><![CDATA[https://s.gr-assets.com/assets/nophoto/book/111x148-bcc042a9c91a29c1d680899eff700a03.png]]></image_url>
<num_pages>288</num_pages>
<work>
<id>3719102</id>
</work>
<isbn>1406501069</isbn>
<isbn13>9781406501063</isbn13>
<average_rating>4.05</average_rating>
<ratings_count>15038</ratings_count>
<publication_year>2005</publication_year>
<publication_month>10</publication_month>
<publication_day>1</publication_day>
<authors>
<author>
<id>1315</id>
<name>Louisa May Alcott</name>
<link><![CDATA[https://www.goodreads.com/author/show/1315.Louisa_May_Alcott]]></link>
</author>
</authors>
</book>

          <book>
<id>49929</id>
<title><![CDATA[Heidi's Children (Heidi sequel, #3)]]></title>
<title_without_series>Heidi&apos;s Children</title_without_series>
<link><![CDATA[https://www.goodreads.com/book/show/49929.Heidi_s_Children]]></link>
<small_image_url><![CDATA[https://images.gr-assets.com/books/1332559861s/49929.jpg]]></small_image_url>
<image_url><![CDATA[https://images.gr-assets.com/books/1332559861m/49929.jpg]]></image_url>
<num_pages>254</num_pages>
<work>
<id>2740567</id>
</work>
<isbn>0307122212</isbn>
<isbn13>9780307122216</isbn13>
<average_rating>3.85</average_rating>
<ratings_count>1793</ratings_count>
<publication_year>1977</publication_year>
<publication_month>12</publication_month>
<publication_day>1</publication_day>
<authors>
<author>
<id>442296</id>
<name>Charles Tritten</name>
<link><![CDATA[https://www.goodreads.com/author/show/442296.Charles_Tritten]]></link>
</author>
</authors>
</book>

          <book>
<id>774396</id>
<title>Blue Willow</title>
<title_without_series>Blue Willow</title_without_series>
<link><![CDATA[https://www.goodreads.com/book/show/774396.Blue_Willow]]></link>
<small_image_url><![CDATA[https://s.gr-assets.com/assets/nophoto/book/50x75-a91bf249278a81aabab721ef782c4a74.png]]></small_image_url>
<image_url><![CDATA[https://s.gr-assets.com/assets/nophoto/book/111x148-bcc042a9c91a29c1d680899eff700a03.png]]></image_url>
<num_pages>176</num_pages>
<work>
<id>1285813</id>
</work>
<isbn>0140309241</isbn>
<isbn13>9780140309249</isbn13>
<average_rating>3.84</average_rating>
<ratings_count>2806</ratings_count>
<publication_year>1976</publication_year>
<publication_month>9</publication_month>
<publication_day>30</publication_day>
<authors>
<author>
<id>34999</id>
<name>Doris Gates</name>
<link><![CDATA[https://www.goodreads.com/author/show/34999.Doris_Gates]]></link>
</author>
</authors>
</book>

          <book>
<id>164531</id>
<title>The Railway Children</title>
<title_without_series>The Railway Children</title_without_series>
<link><![CDATA[https://www.goodreads.com/book/show/164531.The_Railway_Children]]></link>
<small_image_url><![CDATA[https://images.gr-assets.com/books/1328865877s/164531.jpg]]></small_image_url>
<image_url><![CDATA[https://images.gr-assets.com/books/1328865877m/164531.jpg]]></image_url>
<num_pages>188</num_pages>
<work>
<id>2880113</id>
</work>
<isbn>0486410226</isbn>
<isbn13>9780486410227</isbn13>
<average_rating>3.99</average_rating>
<ratings_count>39294</ratings_count>
<publication_year>2000</publication_year>
<publication_month>5</publication_month>
<publication_day>24</publication_day>
<authors>
<author>
<id>7935185</id>
<name>E. Nesbit</name>
<link><![CDATA[https://www.goodreads.com/author/show/7935185.E_Nesbit]]></link>
</author>
</authors>
</book>

          <book>
<id>1175227</id>
<title><![CDATA[The School at the Chalet (The Chalet School, #1)]]></title>
<title_without_series>The School at the Chalet</title_without_series>
<link><![CDATA[https://www.goodreads.com/book/show/1175227.The_School_at_the_Chalet]]></link>
<small_image_url><![CDATA[https://images.gr-assets.com/books/1319806079s/1175227.jpg]]></small_image_url>
<image_url><![CDATA[https://images.gr-assets.com/books/1319806079m/1175227.jpg]]></image_url>
<num_pages>160</num_pages>
<work>
<id>1162998</id>
</work>
<isbn>0006925170</isbn>
<isbn13>9780006925170</isbn13>
<average_rating>4.04</average_rating>
<ratings_count>3056</ratings_count>
<publication_year>2001</publication_year>
<publication_month>3</publication_month>
<publication_day>1</publication_day>
<authors>
<author>
<id>21978</id>
<name>Elinor M. Brent-Dyer</name>
<link><![CDATA[https://www.goodreads.com/author/show/21978.Elinor_M_Brent_Dyer]]></link>
</author>
</authors>
</book>

          <book>
<id>8253</id>
<title><![CDATA[Little Town on the Prairie  (Little House, #7)]]></title>
<title_without_series>Little Town on the Prairie</title_without_series>
<link><![CDATA[https://www.goodreads.com/book/show/8253.Little_Town_on_the_Prairie]]></link>
<small_image_url><![CDATA[https://s.gr-assets.com/assets/nophoto/book/50x75-a91bf249278a81aabab721ef782c4a74.png]]></small_image_url>
<image_url><![CDATA[https://s.gr-assets.com/assets/nophoto/book/111x148-bcc042a9c91a29c1d680899eff700a03.png]]></image_url>
<num_pages>374</num_pages>
<work>
<id>2299540</id>
</work>
<isbn>0060885432</isbn>
<isbn13>9780060885434</isbn13>
<average_rating>4.18</average_rating>
<ratings_count>68375</ratings_count>
<publication_year>2007</publication_year>
<publication_month>1</publication_month>
<publication_day>1</publication_day>
<authors>
<author>
<id>5300</id>
<name>Laura Ingalls Wilder</name>
<link><![CDATA[https://www.goodreads.com/author/show/5300.Laura_Ingalls_Wilder]]></link>
</author>
</authors>
</book>

          <book>
<id>145383</id>
<title><![CDATA[The Borrowers Afield (The Borrowers #2)]]></title>
<title_without_series>The Borrowers Afield</title_without_series>
<link><![CDATA[https://www.goodreads.com/book/show/145383.The_Borrowers_Afield]]></link>
<small_image_url><![CDATA[https://s.gr-assets.com/assets/nophoto/book/50x75-a91bf249278a81aabab721ef782c4a74.png]]></small_image_url>
<image_url><![CDATA[https://s.gr-assets.com/assets/nophoto/book/111x148-bcc042a9c91a29c1d680899eff700a03.png]]></image_url>
<num_pages>224</num_pages>
<work>
<id>802358</id>
</work>
<isbn>0152047328</isbn>
<isbn13>9780152047320</isbn13>
<average_rating>4.07</average_rating>
<ratings_count>9568</ratings_count>
<publication_year>2003</publication_year>
<publication_month>4</publication_month>
<publication_day>1</publication_day>
<authors>
<author>
<id>9720</id>
<name>Mary Norton</name>
<link><![CDATA[https://www.goodreads.com/author/show/9720.Mary_Norton]]></link>
</author>
</authors>
</book>

  </similar_books>
</book>

</GoodreadsResponse>