<?xml version="1.0" encoding="UTF-8"?>
<GoodreadsResponse>
  <Request>
    <authentication>true</authentication>
      <key><![CDATA[all_men_must_serve]]></key>
    <method><![CDATA[book_show]]></method>
  </Request>
  <book>
  <id>1001896</id>
  <title>The Real Mother Goose</title>
  <isbn><![CDATA[0590225170]]></isbn>
  <isbn13><![CDATA[9780590225175]]></isbn13>
  <asin><![CDATA[]]></asin>
  <kindle_asin><![CDATA[B01JMBNOI2]]></kindle_asin>
  <marketplace_id><![CDATA[A1F83G8C2ARO7P]]></marketplace_id>
  <country_code><![CDATA[GB]]></country_code>
  <image_url>https://s.gr-assets.com/assets/nophoto/book/111x148-bcc042a9c91a29c1d680899eff700a03.png</image_url>
  <small_image_url>https://s.gr-assets.com/assets/nophoto/book/50x75-a91bf249278a81aabab721ef782c4a74.png</small_image_url>
  <publication_year>1994</publication_year>
  <publication_month>10</publication_month>
  <publication_day>1</publication_day>
  <publisher>Cartwheel</publisher>
  <language_code></language_code>
  <is_ebook>false</is_ebook>
  <description><![CDATA[For nearly a century, The Real Mother Goose® has delighted young children!<br /><br />For more than seventy-five years THE REAL MOTHER GOOSE has been delighting millions of children, and today the magic is as strong as ever. Heralded as the "standard" Mother Goose by parents, grandparents, teachers, and librarians, this wonderful book with Blanche Fisher Wright's lively, colorful pictures makes an enchanting introduction for the very young.<br /><br />Mother Goose rhymes are a vital part of childhood. And this collection of essential rhymes have been reproduced exactly as they have been repeated from generation to generation.]]></description>
  <work>
  <id type="integer">818039</id>
  <books_count type="integer">56</books_count>
  <best_book_id type="integer">1001896</best_book_id>
  <reviews_count type="integer">35629</reviews_count>
  <ratings_sum type="integer">138801</ratings_sum>
  <ratings_count type="integer">32055</ratings_count>
  <text_reviews_count type="integer">255</text_reviews_count>
  <original_publication_year type="integer">1916</original_publication_year>
  <original_publication_month type="integer" nil="true"/>
  <original_publication_day type="integer" nil="true"/>
  <original_title>The Real Mother Goose</original_title>
  <original_language_id type="integer" nil="true"/>
  <media_type>book</media_type>
  <rating_dist>5:17980|4:8056|3:4914|2:830|1:275|total:32055</rating_dist>
  <desc_user_id type="integer">149909</desc_user_id>
  <default_chaptering_book_id type="integer" nil="true"/>
  <default_description_language_code nil="true"/>
</work>
  <average_rating>4.33</average_rating>
  <num_pages><![CDATA[128]]></num_pages>
  <format><![CDATA[Hardcover]]></format>
  <edition_information><![CDATA[]]></edition_information>
  <ratings_count><![CDATA[31651]]></ratings_count>
  <text_reviews_count><![CDATA[219]]></text_reviews_count>
  <url><![CDATA[https://www.goodreads.com/book/show/1001896.The_Real_Mother_Goose]]></url>
  <link><![CDATA[https://www.goodreads.com/book/show/1001896.The_Real_Mother_Goose]]></link>
  <authors>
<author>
<id>48966</id>
<name>Blanche Fisher Wright</name>
<role></role>
<image_url nophoto='true'>
<![CDATA[https://s.gr-assets.com/assets/nophoto/user/u_200x266-e183445fd1a1b5cc7075bb1cf7043306.png]]>
</image_url>
<small_image_url nophoto='true'>
<![CDATA[https://s.gr-assets.com/assets/nophoto/user/u_50x66-632230dc9882b4352d753eedf9396530.png]]>
</small_image_url>
<link><![CDATA[https://www.goodreads.com/author/show/48966.Blanche_Fisher_Wright]]></link>
<average_rating>4.33</average_rating>
<ratings_count>32239</ratings_count>
<text_reviews_count>272</text_reviews_count>
</author>
</authors>

    <reviews_widget>
      <![CDATA[
        <style>
  #goodreads-widget {
    font-family: georgia, serif;
    padding: 18px 0;
    width:565px;
  }
  #goodreads-widget h1 {
    font-weight:normal;
    font-size: 16px;
    border-bottom: 1px solid #BBB596;
    margin-bottom: 0;
  }
  #goodreads-widget a {
    text-decoration: none;
    color:#660;
  }
  iframe{
    background-color: #fff;
  }
  #goodreads-widget a:hover { text-decoration: underline; }
  #goodreads-widget a:active {
    color:#660;
  }
  #gr_footer {
    width: 100%;
    border-top: 1px solid #BBB596;
    text-align: right;
  }
  #goodreads-widget .gr_branding{
    color: #382110;
    font-size: 11px;
    text-decoration: none;
    font-family: "Helvetica Neue", Helvetica, Arial, sans-serif;
  }
</style>
<div id="goodreads-widget">
  <div id="gr_header"><h1><a rel="nofollow" href="https://www.goodreads.com/book/show/1001896.The_Real_Mother_Goose">The Real Mother Goose Reviews</a></h1></div>
  <iframe id="the_iframe" src="https://www.goodreads.com/api/reviews_widget_iframe?did=DEVELOPER_ID&amp;format=html&amp;isbn=0590225170&amp;links=660&amp;min_rating=&amp;review_back=fff&amp;stars=000&amp;text=000" width="565" height="400" frameborder="0"></iframe>
  <div id="gr_footer">
    <a class="gr_branding" target="_blank" rel="nofollow" href="https://www.goodreads.com/book/show/1001896.The_Real_Mother_Goose?utm_medium=api&amp;utm_source=reviews_widget">Reviews from Goodreads.com</a>
  </div>
</div>

      ]]>
    </reviews_widget>
  <popular_shelves>
      <shelf name="to-read" count="656"/>
      <shelf name="kids" count="94"/>
      <shelf name="currently-reading" count="92"/>
      <shelf name="childhood" count="47"/>
      <shelf name="favorites" count="41"/>
      <shelf name="picture-books" count="32"/>
      <shelf name="fiction" count="26"/>
      <shelf name="classics" count="25"/>
      <shelf name="poetry" count="25"/>
      <shelf name="owned" count="25"/>
      <shelf name="childhood-favorites" count="25"/>
      <shelf name="children-s-books" count="24"/>
      <shelf name="fantasy" count="24"/>
      <shelf name="nursery-rhymes" count="23"/>
      <shelf name="childrens" count="20"/>
      <shelf name="kids-books" count="19"/>
      <shelf name="children" count="18"/>
      <shelf name="children-s-lit" count="18"/>
      <shelf name="children-s-literature" count="18"/>
      <shelf name="childrens-books" count="16"/>
      <shelf name="children-s" count="15"/>
      <shelf name="childhood-books" count="15"/>
      <shelf name="default" count="11"/>
      <shelf name="animals" count="11"/>
      <shelf name="libs-642" count="10"/>
      <shelf name="kid-books" count="10"/>
      <shelf name="read-as-a-kid" count="10"/>
      <shelf name="mother-goose" count="9"/>
      <shelf name="read-as-a-child" count="9"/>
      <shelf name="youth" count="9"/>
      <shelf name="childrens-literature" count="9"/>
      <shelf name="juvenile" count="9"/>
      <shelf name="books-i-own" count="8"/>
      <shelf name="rhyming" count="8"/>
      <shelf name="preschool" count="8"/>
      <shelf name="young-adult" count="8"/>
      <shelf name="children-ya" count="8"/>
      <shelf name="picture-book" count="7"/>
      <shelf name="classic" count="7"/>
      <shelf name="short-stories" count="7"/>
      <shelf name="kid-s-books" count="7"/>
      <shelf name="young-children" count="7"/>
      <shelf name="fairy-tale" count="7"/>
      <shelf name="sonlight" count="7"/>
      <shelf name="edrd-614" count="6"/>
      <shelf name="books-we-own" count="6"/>
      <shelf name="owned-books" count="6"/>
      <shelf name="kindle" count="6"/>
      <shelf name="school" count="6"/>
      <shelf name="homeschool" count="6"/>
      <shelf name="children-s-picture-books" count="6"/>
      <shelf name="fairy-tales" count="5"/>
      <shelf name="my-library" count="5"/>
      <shelf name="children-s-fiction" count="5"/>
      <shelf name="for-kids" count="5"/>
      <shelf name="childhood-reads" count="5"/>
      <shelf name="kiddos" count="5"/>
      <shelf name="read-aloud" count="5"/>
      <shelf name="nostalgia" count="5"/>
      <shelf name="from-my-childhood" count="5"/>
      <shelf name="literature" count="5"/>
      <shelf name="children-s-poetry" count="5"/>
      <shelf name="art" count="5"/>
      <shelf name="folklore" count="5"/>
      <shelf name="childrens-picture-books" count="5"/>
      <shelf name="shelfari-favorites" count="4"/>
      <shelf name="picture" count="4"/>
      <shelf name="home-library" count="4"/>
      <shelf name="my-childhood" count="4"/>
      <shelf name="childrens-lit" count="4"/>
      <shelf name="nursery" count="4"/>
      <shelf name="library" count="4"/>
      <shelf name="rhymes" count="4"/>
      <shelf name="anthology" count="4"/>
      <shelf name="kid-lit" count="4"/>
      <shelf name="humor" count="4"/>
      <shelf name="adventure" count="4"/>
      <shelf name="children-s-books-read" count="4"/>
      <shelf name="favorite-children-s-books" count="4"/>
      <shelf name="juvenile-fiction" count="4"/>
      <shelf name="for-the-kids" count="4"/>
      <shelf name="illustrated" count="4"/>
      <shelf name="elementary" count="4"/>
      <shelf name="ao-year-0" count="4"/>
      <shelf name="children-read" count="4"/>
      <shelf name="classic-literature" count="4"/>
      <shelf name="traditional" count="4"/>
      <shelf name="to-buy" count="4"/>
      <shelf name="children-picture-books" count="4"/>
      <shelf name="pre-k" count="4"/>
      <shelf name="fairytales" count="4"/>
      <shelf name="children-s-book" count="4"/>
      <shelf name="childhood-memories" count="4"/>
      <shelf name="childhood-faves" count="4"/>
      <shelf name="read-to-kids" count="3"/>
      <shelf name="read-alouds" count="3"/>
      <shelf name="own-it" count="3"/>
      <shelf name="nonfiction" count="3"/>
      <shelf name="own-read" count="3"/>
      <shelf name="kindergarten" count="3"/>
  </popular_shelves>
  <book_links>
    <book_link>
  <id>8</id>
  <name>Libraries</name>
  <link>https://www.goodreads.com/book_link/follow/8</link>
</book_link>

  </book_links>
  <buy_links>
    <buy_link>
<id>1</id>
<name>Amazon</name>
<link>https://www.goodreads.com/book_link/follow/1</link>
</buy_link>
<buy_link>
<id>10</id>
<name>Audible</name>
<link>https://www.goodreads.com/book_link/follow/10</link>
</buy_link>
<buy_link>
<id>3</id>
<name>Barnes &amp; Noble</name>
<link>https://www.goodreads.com/book_link/follow/3</link>
</buy_link>
<buy_link>
<id>1027</id>
<name>Kobo</name>
<link>https://www.goodreads.com/book_link/follow/1027</link>
</buy_link>
<buy_link>
<id>2102</id>
<name>Apple iBooks</name>
<link>https://www.goodreads.com/book_link/follow/2102</link>
</buy_link>
<buy_link>
<id>8036</id>
<name>Google Play</name>
<link>https://www.goodreads.com/book_link/follow/8036</link>
</buy_link>
<buy_link>
<id>4</id>
<name>Abebooks</name>
<link>https://www.goodreads.com/book_link/follow/4</link>
</buy_link>
<buy_link>
<id>882</id>
<name>Book Depository</name>
<link>https://www.goodreads.com/book_link/follow/882</link>
</buy_link>
<buy_link>
<id>9</id>
<name>Indigo</name>
<link>https://www.goodreads.com/book_link/follow/9</link>
</buy_link>
<buy_link>
<id>2</id>
<name>Half.com</name>
<link>https://www.goodreads.com/book_link/follow/2</link>
</buy_link>
<buy_link>
<id>5</id>
<name>Alibris</name>
<link>https://www.goodreads.com/book_link/follow/5</link>
</buy_link>
<buy_link>
<id>107</id>
<name>Better World Books</name>
<link>https://www.goodreads.com/book_link/follow/107</link>
</buy_link>
<buy_link>
<id>7</id>
<name>IndieBound</name>
<link>https://www.goodreads.com/book_link/follow/7</link>
</buy_link>

  </buy_links>
  <series_works>
    
  </series_works>
  <similar_books>
          <book>
<id>808853</id>
<title><![CDATA[The Complete Adventures of Curious George]]></title>
<title_without_series><![CDATA[The Complete Adventures of Curious George]]></title_without_series>
<link><![CDATA[https://www.goodreads.com/book/show/808853.The_Complete_Adventures_of_Curious_George]]></link>
<small_image_url><![CDATA[https://s.gr-assets.com/assets/nophoto/book/50x75-a91bf249278a81aabab721ef782c4a74.png]]></small_image_url>
<image_url><![CDATA[https://s.gr-assets.com/assets/nophoto/book/111x148-bcc042a9c91a29c1d680899eff700a03.png]]></image_url>
<num_pages>432</num_pages>
<work>
<id>251371</id>
</work>
<isbn>0618164413</isbn>
<isbn13>9780618164417</isbn13>
<average_rating>4.23</average_rating>
<ratings_count>39816</ratings_count>
<publication_year>2001</publication_year>
<publication_month>9</publication_month>
<publication_day>25</publication_day>
<authors>
<author>
<id>6608</id>
<name>Margret Rey</name>
<link><![CDATA[https://www.goodreads.com/author/show/6608.Margret_Rey]]></link>
</author>
</authors>
</book>

          <book>
<id>1077318</id>
<title>The Aesop for Children</title>
<title_without_series>The Aesop for Children</title_without_series>
<link><![CDATA[https://www.goodreads.com/book/show/1077318.The_Aesop_for_Children]]></link>
<small_image_url><![CDATA[https://s.gr-assets.com/assets/nophoto/book/50x75-a91bf249278a81aabab721ef782c4a74.png]]></small_image_url>
<image_url><![CDATA[https://s.gr-assets.com/assets/nophoto/book/111x148-bcc042a9c91a29c1d680899eff700a03.png]]></image_url>
<num_pages></num_pages>
<work>
<id>1064033</id>
</work>
<isbn>1566192927</isbn>
<isbn13>9781566192927</isbn13>
<average_rating>4.26</average_rating>
<ratings_count>6004</ratings_count>
<publication_year>1999</publication_year>
<publication_month>11</publication_month>
<publication_day>23</publication_day>
<authors>
<author>
<id>12452</id>
<name>Aesop</name>
<link><![CDATA[https://www.goodreads.com/author/show/12452.Aesop]]></link>
</author>
</authors>
</book>

          <book>
<id>42407</id>
<title>Babar the King</title>
<title_without_series>Babar the King</title_without_series>
<link><![CDATA[https://www.goodreads.com/book/show/42407.Babar_the_King]]></link>
<small_image_url><![CDATA[https://s.gr-assets.com/assets/nophoto/book/50x75-a91bf249278a81aabab721ef782c4a74.png]]></small_image_url>
<image_url><![CDATA[https://s.gr-assets.com/assets/nophoto/book/111x148-bcc042a9c91a29c1d680899eff700a03.png]]></image_url>
<num_pages>52</num_pages>
<work>
<id>2094984</id>
</work>
<isbn>1405204664</isbn>
<isbn13>9781405204668</isbn13>
<average_rating>4.18</average_rating>
<ratings_count>14390</ratings_count>
<publication_year>2002</publication_year>
<publication_month></publication_month>
<publication_day></publication_day>
<authors>
<author>
<id>4788791</id>
<name>Jean de Brunhoff</name>
<link><![CDATA[https://www.goodreads.com/author/show/4788791.Jean_de_Brunhoff]]></link>
</author>
</authors>
</book>

          <book>
<id>117170</id>
<title><![CDATA[Richard Scarry's Best Storybook Ever!]]></title>
<title_without_series><![CDATA[Richard Scarry's Best Storybook Ever!]]></title_without_series>
<link><![CDATA[https://www.goodreads.com/book/show/117170.Richard_Scarry_s_Best_Storybook_Ever_]]></link>
<small_image_url><![CDATA[https://images.gr-assets.com/books/1320449135s/117170.jpg]]></small_image_url>
<image_url><![CDATA[https://images.gr-assets.com/books/1320449135m/117170.jpg]]></image_url>
<num_pages>288</num_pages>
<work>
<id>112834</id>
</work>
<isbn>0307165485</isbn>
<isbn13>9780307165480</isbn13>
<average_rating>4.21</average_rating>
<ratings_count>7206</ratings_count>
<publication_year>2000</publication_year>
<publication_month>6</publication_month>
<publication_day>8</publication_day>
<authors>
<author>
<id>13901</id>
<name>Richard Scarry</name>
<link><![CDATA[https://www.goodreads.com/author/show/13901.Richard_Scarry]]></link>
</author>
</authors>
</book>

          <book>
<id>193093</id>
<title>Stone Soup</title>
<title_without_series>Stone Soup</title_without_series>
<link><![CDATA[https://www.goodreads.com/book/show/193093.Stone_Soup]]></link>
<small_image_url><![CDATA[https://s.gr-assets.com/assets/nophoto/book/50x75-a91bf249278a81aabab721ef782c4a74.png]]></small_image_url>
<image_url><![CDATA[https://s.gr-assets.com/assets/nophoto/book/111x148-bcc042a9c91a29c1d680899eff700a03.png]]></image_url>
<num_pages>48</num_pages>
<work>
<id>2324536</id>
</work>
<isbn>0689878362</isbn>
<isbn13>9780689878367</isbn13>
<average_rating>4.23</average_rating>
<ratings_count>37767</ratings_count>
<publication_year>2005</publication_year>
<publication_month>1</publication_month>
<publication_day>6</publication_day>
<authors>
<author>
<id>112477</id>
<name>Marcia Brown</name>
<link><![CDATA[https://www.goodreads.com/author/show/112477.Marcia_Brown]]></link>
</author>
</authors>
</book>

          <book>
<id>894072</id>
<title><![CDATA[The Little Red Caboose (Little Golden Book)]]></title>
<title_without_series>The Little Red Caboose</title_without_series>
<link><![CDATA[https://www.goodreads.com/book/show/894072.The_Little_Red_Caboose]]></link>
<small_image_url><![CDATA[https://images.gr-assets.com/books/1364853044s/894072.jpg]]></small_image_url>
<image_url><![CDATA[https://images.gr-assets.com/books/1364853044m/894072.jpg]]></image_url>
<num_pages></num_pages>
<work>
<id>879277</id>
</work>
<isbn>0307021521</isbn>
<isbn13>9780307021526</isbn13>
<average_rating>4.21</average_rating>
<ratings_count>15986</ratings_count>
<publication_year></publication_year>
<publication_month></publication_month>
<publication_day></publication_day>
<authors>
<author>
<id>390450</id>
<name>Marian Potter</name>
<link><![CDATA[https://www.goodreads.com/author/show/390450.Marian_Potter]]></link>
</author>
</authors>
</book>

          <book>
<id>19330</id>
<title>The Complete Tales</title>
<title_without_series>The Complete Tales</title_without_series>
<link><![CDATA[https://www.goodreads.com/book/show/19330.The_Complete_Tales]]></link>
<small_image_url><![CDATA[https://images.gr-assets.com/books/1355114621s/19330.jpg]]></small_image_url>
<image_url><![CDATA[https://images.gr-assets.com/books/1355114621m/19330.jpg]]></image_url>
<num_pages>400</num_pages>
<work>
<id>1139913</id>
</work>
<isbn>072325804X</isbn>
<isbn13>9780723258049</isbn13>
<average_rating>4.36</average_rating>
<ratings_count>57493</ratings_count>
<publication_year>2006</publication_year>
<publication_month>11</publication_month>
<publication_day>1</publication_day>
<authors>
<author>
<id>11593</id>
<name>Beatrix Potter</name>
<link><![CDATA[https://www.goodreads.com/author/show/11593.Beatrix_Potter]]></link>
</author>
</authors>
</book>

          <book>
<id>201145</id>
<title><![CDATA[A Kiss for Little Bear (An I Can Read Book) by Minarik, Else Holmelund [1984]]]></title>
<title_without_series><![CDATA[A Kiss for Little Bear (An I Can Read Book) by Minarik, Else Holmelund [1984]]]></title_without_series>
<link><![CDATA[https://www.goodreads.com/book/show/201145.A_Kiss_for_Little_Bear_An_I_Can_Read_Book_by_Minarik_Else_Holmelund_1984_]]></link>
<small_image_url><![CDATA[https://s.gr-assets.com/assets/nophoto/book/50x75-a91bf249278a81aabab721ef782c4a74.png]]></small_image_url>
<image_url><![CDATA[https://s.gr-assets.com/assets/nophoto/book/111x148-bcc042a9c91a29c1d680899eff700a03.png]]></image_url>
<num_pages></num_pages>
<work>
<id>2563528</id>
</work>
<isbn>0064440508</isbn>
<isbn13>9780064440509</isbn13>
<average_rating>4.31</average_rating>
<ratings_count>11609</ratings_count>
<publication_year></publication_year>
<publication_month></publication_month>
<publication_day></publication_day>
<authors>
<author>
<id>8722</id>
<name>Else Holmelund Minarik</name>
<link><![CDATA[https://www.goodreads.com/author/show/8722.Else_Holmelund_Minarik]]></link>
</author>
</authors>
</book>

          <book>
<id>20413</id>
<title>A Child&apos;s Garden of Verses</title>
<title_without_series>A Child&apos;s Garden of Verses</title_without_series>
<link><![CDATA[https://www.goodreads.com/book/show/20413.A_Child_s_Garden_of_Verses]]></link>
<small_image_url><![CDATA[https://s.gr-assets.com/assets/nophoto/book/50x75-a91bf249278a81aabab721ef782c4a74.png]]></small_image_url>
<image_url><![CDATA[https://s.gr-assets.com/assets/nophoto/book/111x148-bcc042a9c91a29c1d680899eff700a03.png]]></image_url>
<num_pages>72</num_pages>
<work>
<id>3077944</id>
</work>
<isbn>0689823827</isbn>
<isbn13>9780689823824</isbn13>
<average_rating>4.30</average_rating>
<ratings_count>21609</ratings_count>
<publication_year>1999</publication_year>
<publication_month>2</publication_month>
<publication_day>1</publication_day>
<authors>
<author>
<id>854076</id>
<name>Robert Louis Stevenson</name>
<link><![CDATA[https://www.goodreads.com/author/show/854076.Robert_Louis_Stevenson]]></link>
</author>
</authors>
</book>

          <book>
<id>1422926</id>
<title>Frosty the Snow Man</title>
<title_without_series>Frosty the Snow Man</title_without_series>
<link><![CDATA[https://www.goodreads.com/book/show/1422926.Frosty_the_Snow_Man]]></link>
<small_image_url><![CDATA[https://images.gr-assets.com/books/1309642075s/1422926.jpg]]></small_image_url>
<image_url><![CDATA[https://images.gr-assets.com/books/1309642075m/1422926.jpg]]></image_url>
<num_pages>20</num_pages>
<work>
<id>1413359</id>
</work>
<isbn>0307140210</isbn>
<isbn13>9780307140210</isbn13>
<average_rating>4.25</average_rating>
<ratings_count>16503</ratings_count>
<publication_year>1950</publication_year>
<publication_month>12</publication_month>
<publication_day>31</publication_day>
<authors>
<author>
<id>3604</id>
<name>Jane Werner Watson</name>
<link><![CDATA[https://www.goodreads.com/author/show/3604.Jane_Werner_Watson]]></link>
</author>
</authors>
</book>

          <book>
<id>825576</id>
<title><![CDATA[The Saggy Baggy Elephant (A Little Golden Book)]]></title>
<title_without_series>The Saggy Baggy Elephant</title_without_series>
<link><![CDATA[https://www.goodreads.com/book/show/825576.The_Saggy_Baggy_Elephant]]></link>
<small_image_url><![CDATA[https://images.gr-assets.com/books/1320481063s/825576.jpg]]></small_image_url>
<image_url><![CDATA[https://images.gr-assets.com/books/1320481063m/825576.jpg]]></image_url>
<num_pages></num_pages>
<work>
<id>334487</id>
</work>
<isbn>0307021106</isbn>
<isbn13>9780307021106</isbn13>
<average_rating>4.06</average_rating>
<ratings_count>15402</ratings_count>
<publication_year></publication_year>
<publication_month></publication_month>
<publication_day></publication_day>
<authors>
<author>
<id>172337</id>
<name>Kathryn Jackson</name>
<link><![CDATA[https://www.goodreads.com/author/show/172337.Kathryn_Jackson]]></link>
</author>
</authors>
</book>

          <book>
<id>867650</id>
<title><![CDATA[The Little Red Hen (Little Golden Book)]]></title>
<title_without_series>The Little Red Hen</title_without_series>
<link><![CDATA[https://www.goodreads.com/book/show/867650.The_Little_Red_Hen]]></link>
<small_image_url><![CDATA[https://images.gr-assets.com/books/1320489925s/867650.jpg]]></small_image_url>
<image_url><![CDATA[https://images.gr-assets.com/books/1320489925m/867650.jpg]]></image_url>
<num_pages></num_pages>
<work>
<id>2768040</id>
</work>
<isbn>0307960307</isbn>
<isbn13>9780307960306</isbn13>
<average_rating>4.20</average_rating>
<ratings_count>23047</ratings_count>
<publication_year></publication_year>
<publication_month></publication_month>
<publication_day></publication_day>
<authors>
<author>
<id>220718</id>
<name>Diane Muldrow</name>
<link><![CDATA[https://www.goodreads.com/author/show/220718.Diane_Muldrow]]></link>
</author>
</authors>
</book>

          <book>
<id>532752</id>
<title><![CDATA[The Country Bunny and the Little Gold Shoes]]></title>
<title_without_series><![CDATA[The Country Bunny and the Little Gold Shoes]]></title_without_series>
<link><![CDATA[https://www.goodreads.com/book/show/532752.The_Country_Bunny_and_the_Little_Gold_Shoes]]></link>
<small_image_url><![CDATA[https://s.gr-assets.com/assets/nophoto/book/50x75-a91bf249278a81aabab721ef782c4a74.png]]></small_image_url>
<image_url><![CDATA[https://s.gr-assets.com/assets/nophoto/book/111x148-bcc042a9c91a29c1d680899eff700a03.png]]></image_url>
<num_pages>46</num_pages>
<work>
<id>1434673</id>
</work>
<isbn>0395159903</isbn>
<isbn13>9780395159903</isbn13>
<average_rating>4.31</average_rating>
<ratings_count>8993</ratings_count>
<publication_year>1967</publication_year>
<publication_month></publication_month>
<publication_day></publication_day>
<authors>
<author>
<id>33278</id>
<name>DuBose Heyward</name>
<link><![CDATA[https://www.goodreads.com/author/show/33278.DuBose_Heyward]]></link>
</author>
</authors>
</book>

          <book>
<id>367692</id>
<title><![CDATA[The Children's Book of Virtues]]></title>
<title_without_series><![CDATA[The Children's Book of Virtues]]></title_without_series>
<link><![CDATA[https://www.goodreads.com/book/show/367692.The_Children_s_Book_of_Virtues]]></link>
<small_image_url><![CDATA[https://s.gr-assets.com/assets/nophoto/book/50x75-a91bf249278a81aabab721ef782c4a74.png]]></small_image_url>
<image_url><![CDATA[https://s.gr-assets.com/assets/nophoto/book/111x148-bcc042a9c91a29c1d680899eff700a03.png]]></image_url>
<num_pages></num_pages>
<work>
<id>7608041</id>
</work>
<isbn>068481353X</isbn>
<isbn13>9780684813530</isbn13>
<average_rating>4.23</average_rating>
<ratings_count>4771</ratings_count>
<publication_year></publication_year>
<publication_month></publication_month>
<publication_day></publication_day>
<authors>
<author>
<id>13930</id>
<name>William J. Bennett</name>
<link><![CDATA[https://www.goodreads.com/author/show/13930.William_J_Bennett]]></link>
</author>
</authors>
</book>

          <book>
<id>99110</id>
<title><![CDATA[The Complete Tales and Poems of Winnie-the-Pooh (Winnie-the-Pooh, #1-4)]]></title>
<title_without_series><![CDATA[The Complete Tales and Poems of Winnie-the-Pooh]]></title_without_series>
<link><![CDATA[https://www.goodreads.com/book/show/99110.The_Complete_Tales_and_Poems_of_Winnie_the_Pooh]]></link>
<small_image_url><![CDATA[https://s.gr-assets.com/assets/nophoto/book/50x75-a91bf249278a81aabab721ef782c4a74.png]]></small_image_url>
<image_url><![CDATA[https://s.gr-assets.com/assets/nophoto/book/111x148-bcc042a9c91a29c1d680899eff700a03.png]]></image_url>
<num_pages>557</num_pages>
<work>
<id>17121965</id>
</work>
<isbn>0525467262</isbn>
<isbn13>9780525467267</isbn13>
<average_rating>4.49</average_rating>
<ratings_count>38540</ratings_count>
<publication_year></publication_year>
<publication_month></publication_month>
<publication_day></publication_day>
<authors>
<author>
<id>81466</id>
<name>A.A. Milne</name>
<link><![CDATA[https://www.goodreads.com/author/show/81466.A_A_Milne]]></link>
</author>
</authors>
</book>

          <book>
<id>163358</id>
<title>Baby Farm Animals</title>
<title_without_series>Baby Farm Animals</title_without_series>
<link><![CDATA[https://www.goodreads.com/book/show/163358.Baby_Farm_Animals]]></link>
<small_image_url><![CDATA[https://s.gr-assets.com/assets/nophoto/book/50x75-a91bf249278a81aabab721ef782c4a74.png]]></small_image_url>
<image_url><![CDATA[https://s.gr-assets.com/assets/nophoto/book/111x148-bcc042a9c91a29c1d680899eff700a03.png]]></image_url>
<num_pages>26</num_pages>
<work>
<id>53393</id>
</work>
<isbn>0375836861</isbn>
<isbn13>9780375836862</isbn13>
<average_rating>4.18</average_rating>
<ratings_count>4898</ratings_count>
<publication_year>2006</publication_year>
<publication_month>5</publication_month>
<publication_day>9</publication_day>
<authors>
<author>
<id>30916</id>
<name>Garth Williams</name>
<link><![CDATA[https://www.goodreads.com/author/show/30916.Garth_Williams]]></link>
</author>
</authors>
</book>

          <book>
<id>1031461</id>
<title>Stone Soup</title>
<title_without_series>Stone Soup</title_without_series>
<link><![CDATA[https://www.goodreads.com/book/show/1031461.Stone_Soup]]></link>
<small_image_url><![CDATA[https://images.gr-assets.com/books/1360057986s/1031461.jpg]]></small_image_url>
<image_url><![CDATA[https://images.gr-assets.com/books/1360057986m/1031461.jpg]]></image_url>
<num_pages>32</num_pages>
<work>
<id>1017724</id>
</work>
<isbn>0590416022</isbn>
<isbn13>9780590416023</isbn13>
<average_rating>4.28</average_rating>
<ratings_count>25543</ratings_count>
<publication_year>1986</publication_year>
<publication_month>9</publication_month>
<publication_day>1</publication_day>
<authors>
<author>
<id>179</id>
<name>Ann McGovern</name>
<link><![CDATA[https://www.goodreads.com/author/show/179.Ann_McGovern]]></link>
</author>
</authors>
</book>

          <book>
<id>616650</id>
<title><![CDATA[Prayers for Children (Little Golden Book)]]></title>
<title_without_series>Prayers for Children</title_without_series>
<link><![CDATA[https://www.goodreads.com/book/show/616650.Prayers_for_Children]]></link>
<small_image_url><![CDATA[https://images.gr-assets.com/books/1365463232s/616650.jpg]]></small_image_url>
<image_url><![CDATA[https://images.gr-assets.com/books/1365463232m/616650.jpg]]></image_url>
<num_pages></num_pages>
<work>
<id>601217</id>
</work>
<isbn>0307021068</isbn>
<isbn13>9780307021069</isbn13>
<average_rating>4.38</average_rating>
<ratings_count>2836</ratings_count>
<publication_year></publication_year>
<publication_month></publication_month>
<publication_day></publication_day>
<authors>
<author>
<id>5313</id>
<name>Eloise Wilkin</name>
<link><![CDATA[https://www.goodreads.com/author/show/5313.Eloise_Wilkin]]></link>
</author>
</authors>
</book>

  </similar_books>
</book>

</GoodreadsResponse>