<?xml version="1.0" encoding="UTF-8"?>
<GoodreadsResponse>
  <Request>
    <authentication>true</authentication>
      <key><![CDATA[all_men_must_serve]]></key>
    <method><![CDATA[book_show]]></method>
  </Request>
  <book>
  <id>10037</id>
  <title>No Exit and Three Other Plays</title>
  <isbn><![CDATA[0679725164]]></isbn>
  <isbn13><![CDATA[9780679725169]]></isbn13>
  <asin><![CDATA[]]></asin>
  <kindle_asin><![CDATA[]]></kindle_asin>
  <marketplace_id><![CDATA[]]></marketplace_id>
  <country_code><![CDATA[GB]]></country_code>
  <image_url>https://s.gr-assets.com/assets/nophoto/book/111x148-bcc042a9c91a29c1d680899eff700a03.png</image_url>
  <small_image_url>https://s.gr-assets.com/assets/nophoto/book/50x75-a91bf249278a81aabab721ef782c4a74.png</small_image_url>
  <publication_year>1989</publication_year>
  <publication_month></publication_month>
  <publication_day></publication_day>
  <publisher>Vintage</publisher>
  <language_code>eng</language_code>
  <is_ebook>false</is_ebook>
  <description><![CDATA[In these four plays, Jean-Paul Sartre, the great existentialist novelist and philosopher, displays his mastery of drama. NO EXIT is an unforgettable portrayal of hell. THE FLIES is a modern reworking of the Electra-Orestes story. DIRTY HANDS is about a young intellectual torn between theory and praxis. THE RESPECTFUL PROSTITUTE is an attack on American racism.]]></description>
  <work>
  <id type="integer">1006752</id>
  <books_count type="integer">21</books_count>
  <best_book_id type="integer">10037</best_book_id>
  <reviews_count type="integer">37530</reviews_count>
  <ratings_sum type="integer">91818</ratings_sum>
  <ratings_count type="integer">22470</ratings_count>
  <text_reviews_count type="integer">572</text_reviews_count>
  <original_publication_year type="integer">1947</original_publication_year>
  <original_publication_month type="integer" nil="true"/>
  <original_publication_day type="integer" nil="true"/>
  <original_title>No Exit and Three Other Plays</original_title>
  <original_language_id type="integer" nil="true"/>
  <media_type>book</media_type>
  <rating_dist>5:8421|4:8748|3:4311|2:798|1:192|total:22470</rating_dist>
  <desc_user_id type="integer">2302019</desc_user_id>
  <default_chaptering_book_id type="integer" nil="true"/>
  <default_description_language_code nil="true"/>
</work>
  <average_rating>4.09</average_rating>
  <num_pages><![CDATA[275]]></num_pages>
  <format><![CDATA[Paperback]]></format>
  <edition_information><![CDATA[]]></edition_information>
  <ratings_count><![CDATA[21850]]></ratings_count>
  <text_reviews_count><![CDATA[517]]></text_reviews_count>
  <url><![CDATA[https://www.goodreads.com/book/show/10037.No_Exit_and_Three_Other_Plays]]></url>
  <link><![CDATA[https://www.goodreads.com/book/show/10037.No_Exit_and_Three_Other_Plays]]></link>
  <authors>
<author>
<id>1466</id>
<name>Jean-Paul Sartre</name>
<role></role>
<image_url nophoto='false'>
<![CDATA[https://images.gr-assets.com/authors/1475567078p5/1466.jpg]]>
</image_url>
<small_image_url nophoto='false'>
<![CDATA[https://images.gr-assets.com/authors/1475567078p2/1466.jpg]]>
</small_image_url>
<link><![CDATA[https://www.goodreads.com/author/show/1466.Jean_Paul_Sartre]]></link>
<average_rating>3.98</average_rating>
<ratings_count>224422</ratings_count>
<text_reviews_count>8009</text_reviews_count>
</author>
<author>
<id>5744</id>
<name>Stuart Gilbert</name>
<role>Translator</role>
<image_url nophoto='true'>
<![CDATA[https://s.gr-assets.com/assets/nophoto/user/u_200x266-e183445fd1a1b5cc7075bb1cf7043306.png]]>
</image_url>
<small_image_url nophoto='true'>
<![CDATA[https://s.gr-assets.com/assets/nophoto/user/u_50x66-632230dc9882b4352d753eedf9396530.png]]>
</small_image_url>
<link><![CDATA[https://www.goodreads.com/author/show/5744.Stuart_Gilbert]]></link>
<average_rating>4.00</average_rating>
<ratings_count>129290</ratings_count>
<text_reviews_count>3773</text_reviews_count>
</author>
<author>
<id>437419</id>
<name>Lionel Abel</name>
<role>Translator</role>
<image_url nophoto='true'>
<![CDATA[https://s.gr-assets.com/assets/nophoto/user/u_200x266-e183445fd1a1b5cc7075bb1cf7043306.png]]>
</image_url>
<small_image_url nophoto='true'>
<![CDATA[https://s.gr-assets.com/assets/nophoto/user/u_50x66-632230dc9882b4352d753eedf9396530.png]]>
</small_image_url>
<link><![CDATA[https://www.goodreads.com/author/show/437419.Lionel_Abel]]></link>
<average_rating>4.09</average_rating>
<ratings_count>22212</ratings_count>
<text_reviews_count>564</text_reviews_count>
</author>
</authors>

    <reviews_widget>
      <![CDATA[
        <style>
  #goodreads-widget {
    font-family: georgia, serif;
    padding: 18px 0;
    width:565px;
  }
  #goodreads-widget h1 {
    font-weight:normal;
    font-size: 16px;
    border-bottom: 1px solid #BBB596;
    margin-bottom: 0;
  }
  #goodreads-widget a {
    text-decoration: none;
    color:#660;
  }
  iframe{
    background-color: #fff;
  }
  #goodreads-widget a:hover { text-decoration: underline; }
  #goodreads-widget a:active {
    color:#660;
  }
  #gr_footer {
    width: 100%;
    border-top: 1px solid #BBB596;
    text-align: right;
  }
  #goodreads-widget .gr_branding{
    color: #382110;
    font-size: 11px;
    text-decoration: none;
    font-family: "Helvetica Neue", Helvetica, Arial, sans-serif;
  }
</style>
<div id="goodreads-widget">
  <div id="gr_header"><h1><a rel="nofollow" href="https://www.goodreads.com/book/show/10037.No_Exit_and_Three_Other_Plays">No Exit and Three Other Plays Reviews</a></h1></div>
  <iframe id="the_iframe" src="https://www.goodreads.com/api/reviews_widget_iframe?did=DEVELOPER_ID&amp;format=html&amp;isbn=0679725164&amp;links=660&amp;min_rating=&amp;review_back=fff&amp;stars=000&amp;text=000" width="565" height="400" frameborder="0"></iframe>
  <div id="gr_footer">
    <a class="gr_branding" target="_blank" rel="nofollow" href="https://www.goodreads.com/book/show/10037.No_Exit_and_Three_Other_Plays?utm_medium=api&amp;utm_source=reviews_widget">Reviews from Goodreads.com</a>
  </div>
</div>

      ]]>
    </reviews_widget>
  <popular_shelves>
      <shelf name="to-read" count="11940"/>
      <shelf name="plays" count="662"/>
      <shelf name="philosophy" count="419"/>
      <shelf name="drama" count="328"/>
      <shelf name="fiction" count="281"/>
      <shelf name="currently-reading" count="259"/>
      <shelf name="classics" count="220"/>
      <shelf name="favorites" count="178"/>
      <shelf name="french" count="117"/>
      <shelf name="theatre" count="108"/>
      <shelf name="existentialism" count="101"/>
      <shelf name="literature" count="88"/>
      <shelf name="owned" count="88"/>
      <shelf name="play" count="75"/>
      <shelf name="books-i-own" count="56"/>
      <shelf name="theater" count="55"/>
      <shelf name="french-literature" count="42"/>
      <shelf name="school" count="38"/>
      <shelf name="classic" count="36"/>
      <shelf name="france" count="31"/>
      <shelf name="owned-books" count="29"/>
      <shelf name="french-lit" count="28"/>
      <shelf name="20th-century" count="27"/>
      <shelf name="default" count="23"/>
      <shelf name="my-library" count="19"/>
      <shelf name="existential" count="19"/>
      <shelf name="to-buy" count="18"/>
      <shelf name="translated" count="17"/>
      <shelf name="library" count="16"/>
      <shelf name="high-school" count="13"/>
      <shelf name="for-school" count="13"/>
      <shelf name="sartre" count="12"/>
      <shelf name="nobel" count="11"/>
      <shelf name="favourites" count="11"/>
      <shelf name="bookshelf" count="11"/>
      <shelf name="read-for-school" count="11"/>
      <shelf name="classic-literature" count="11"/>
      <shelf name="1940s" count="10"/>
      <shelf name="philosophical" count="10"/>
      <shelf name="college" count="10"/>
      <shelf name="lit" count="10"/>
      <shelf name="plays-to-read" count="9"/>
      <shelf name="nobel-prize-winners" count="9"/>
      <shelf name="literary-fiction" count="9"/>
      <shelf name="my-books" count="8"/>
      <shelf name="scripts" count="8"/>
      <shelf name="home-library" count="8"/>
      <shelf name="theatre-plays" count="8"/>
      <shelf name="partially-read" count="8"/>
      <shelf name="drama-plays" count="8"/>
      <shelf name="shelfari-favorites" count="7"/>
      <shelf name="nobel-prize" count="7"/>
      <shelf name="fantasy" count="7"/>
      <shelf name="wish-list" count="7"/>
      <shelf name="translation" count="7"/>
      <shelf name="own-it" count="7"/>
      <shelf name="modern" count="7"/>
      <shelf name="classic-lit" count="7"/>
      <shelf name="to-re-read" count="7"/>
      <shelf name="nobel-laureates" count="6"/>
      <shelf name="my-collection" count="6"/>
      <shelf name="collection" count="6"/>
      <shelf name="philosophical-fiction" count="6"/>
      <shelf name="jean-paul-sartre" count="6"/>
      <shelf name="read-in-high-school" count="6"/>
      <shelf name="adult" count="6"/>
      <shelf name="plays-theatre" count="6"/>
      <shelf name="to-read-fiction" count="6"/>
      <shelf name="all-time-favorites" count="6"/>
      <shelf name="translations" count="6"/>
      <shelf name="to-read-classics" count="5"/>
      <shelf name="i-own" count="5"/>
      <shelf name="favorite" count="5"/>
      <shelf name="ap-lit" count="5"/>
      <shelf name="male-author" count="5"/>
      <shelf name="have" count="5"/>
      <shelf name="collections" count="5"/>
      <shelf name="death" count="5"/>
      <shelf name="europe" count="5"/>
      <shelf name="personal-library" count="5"/>
      <shelf name="re-read" count="5"/>
      <shelf name="plays-drama" count="5"/>
      <shelf name="nonfiction" count="5"/>
      <shelf name="religion" count="5"/>
      <shelf name="mythology" count="4"/>
      <shelf name="philosophie" count="4"/>
      <shelf name="novels" count="4"/>
      <shelf name="favorite-plays" count="4"/>
      <shelf name="on-hold" count="4"/>
      <shelf name="psychology" count="4"/>
      <shelf name="existential-fiction" count="4"/>
      <shelf name="home" count="4"/>
      <shelf name="contemporary" count="4"/>
      <shelf name="modernism" count="4"/>
      <shelf name="anthology" count="4"/>
      <shelf name="satire" count="4"/>
      <shelf name="unfinished" count="4"/>
      <shelf name="plays-and-poetry" count="4"/>
      <shelf name="existentialist" count="4"/>
      <shelf name="paperback" count="4"/>
  </popular_shelves>
  <book_links>
    <book_link>
  <id>8</id>
  <name>Libraries</name>
  <link>https://www.goodreads.com/book_link/follow/8</link>
</book_link>

  </book_links>
  <buy_links>
    <buy_link>
<id>1</id>
<name>Amazon</name>
<link>https://www.goodreads.com/book_link/follow/1</link>
</buy_link>
<buy_link>
<id>10</id>
<name>Audible</name>
<link>https://www.goodreads.com/book_link/follow/10</link>
</buy_link>
<buy_link>
<id>3</id>
<name>Barnes &amp; Noble</name>
<link>https://www.goodreads.com/book_link/follow/3</link>
</buy_link>
<buy_link>
<id>1027</id>
<name>Kobo</name>
<link>https://www.goodreads.com/book_link/follow/1027</link>
</buy_link>
<buy_link>
<id>2102</id>
<name>Apple iBooks</name>
<link>https://www.goodreads.com/book_link/follow/2102</link>
</buy_link>
<buy_link>
<id>8036</id>
<name>Google Play</name>
<link>https://www.goodreads.com/book_link/follow/8036</link>
</buy_link>
<buy_link>
<id>4</id>
<name>Abebooks</name>
<link>https://www.goodreads.com/book_link/follow/4</link>
</buy_link>
<buy_link>
<id>882</id>
<name>Book Depository</name>
<link>https://www.goodreads.com/book_link/follow/882</link>
</buy_link>
<buy_link>
<id>9</id>
<name>Indigo</name>
<link>https://www.goodreads.com/book_link/follow/9</link>
</buy_link>
<buy_link>
<id>2</id>
<name>Half.com</name>
<link>https://www.goodreads.com/book_link/follow/2</link>
</buy_link>
<buy_link>
<id>5</id>
<name>Alibris</name>
<link>https://www.goodreads.com/book_link/follow/5</link>
</buy_link>
<buy_link>
<id>107</id>
<name>Better World Books</name>
<link>https://www.goodreads.com/book_link/follow/107</link>
</buy_link>
<buy_link>
<id>7</id>
<name>IndieBound</name>
<link>https://www.goodreads.com/book_link/follow/7</link>
</buy_link>

  </buy_links>
  <series_works>
    
  </series_works>
  <similar_books>
          <book>
<id>237701</id>
<title><![CDATA[Caligula and Three Other Plays]]></title>
<title_without_series><![CDATA[Caligula and Three Other Plays]]></title_without_series>
<link><![CDATA[https://www.goodreads.com/book/show/237701.Caligula_and_Three_Other_Plays]]></link>
<small_image_url><![CDATA[https://s.gr-assets.com/assets/nophoto/book/50x75-a91bf249278a81aabab721ef782c4a74.png]]></small_image_url>
<image_url><![CDATA[https://s.gr-assets.com/assets/nophoto/book/111x148-bcc042a9c91a29c1d680899eff700a03.png]]></image_url>
<num_pages></num_pages>
<work>
<id>39909759</id>
</work>
<isbn>0394702077</isbn>
<isbn13>9780394702070</isbn13>
<average_rating>4.01</average_rating>
<ratings_count>1184</ratings_count>
<publication_year>1962</publication_year>
<publication_month>2</publication_month>
<publication_day>12</publication_day>
<authors>
<author>
<id>957894</id>
<name>Albert Camus</name>
<link><![CDATA[https://www.goodreads.com/author/show/957894.Albert_Camus]]></link>
</author>
</authors>
</book>

          <book>
<id>53983</id>
<title>Collected Shorter Plays</title>
<title_without_series>Collected Shorter Plays</title_without_series>
<link><![CDATA[https://www.goodreads.com/book/show/53983.Collected_Shorter_Plays]]></link>
<small_image_url><![CDATA[https://s.gr-assets.com/assets/nophoto/book/50x75-a91bf249278a81aabab721ef782c4a74.png]]></small_image_url>
<image_url><![CDATA[https://s.gr-assets.com/assets/nophoto/book/111x148-bcc042a9c91a29c1d680899eff700a03.png]]></image_url>
<num_pages>320</num_pages>
<work>
<id>14597</id>
</work>
<isbn>0802150551</isbn>
<isbn13>9780802150554</isbn13>
<average_rating>4.25</average_rating>
<ratings_count>1631</ratings_count>
<publication_year>1994</publication_year>
<publication_month>1</publication_month>
<publication_day>7</publication_day>
<authors>
<author>
<id>1433597</id>
<name>Samuel Beckett</name>
<link><![CDATA[https://www.goodreads.com/author/show/1433597.Samuel_Beckett]]></link>
</author>
</authors>
</book>

          <book>
<id>12095</id>
<title><![CDATA[The Bald Soprano and Other Plays]]></title>
<title_without_series><![CDATA[The Bald Soprano and Other Plays]]></title_without_series>
<link><![CDATA[https://www.goodreads.com/book/show/12095.The_Bald_Soprano_and_Other_Plays]]></link>
<small_image_url><![CDATA[https://s.gr-assets.com/assets/nophoto/book/50x75-a91bf249278a81aabab721ef782c4a74.png]]></small_image_url>
<image_url><![CDATA[https://s.gr-assets.com/assets/nophoto/book/111x148-bcc042a9c91a29c1d680899eff700a03.png]]></image_url>
<num_pages></num_pages>
<work>
<id>14438</id>
</work>
<isbn>0802130798</isbn>
<isbn13>9780802130792</isbn13>
<average_rating>4.03</average_rating>
<ratings_count>4830</ratings_count>
<publication_year>1994</publication_year>
<publication_month>1</publication_month>
<publication_day>12</publication_day>
<authors>
<author>
<id>7689</id>
<name>Eugène Ionesco</name>
<link><![CDATA[https://www.goodreads.com/author/show/7689.Eug_ne_Ionesco]]></link>
</author>
</authors>
</book>

          <book>
<id>12113</id>
<title><![CDATA[Six Characters in Search of an Author and Other Plays]]></title>
<title_without_series><![CDATA[Six Characters in Search of an Author and Other Plays]]></title_without_series>
<link><![CDATA[https://www.goodreads.com/book/show/12113.Six_Characters_in_Search_of_an_Author_and_Other_Plays]]></link>
<small_image_url><![CDATA[https://s.gr-assets.com/assets/nophoto/book/50x75-a91bf249278a81aabab721ef782c4a74.png]]></small_image_url>
<image_url><![CDATA[https://s.gr-assets.com/assets/nophoto/book/111x148-bcc042a9c91a29c1d680899eff700a03.png]]></image_url>
<num_pages>224</num_pages>
<work>
<id>42910063</id>
</work>
<isbn>014018922X</isbn>
<isbn13>9780140189223</isbn13>
<average_rating>3.94</average_rating>
<ratings_count>2548</ratings_count>
<publication_year>1995</publication_year>
<publication_month>6</publication_month>
<publication_day>29</publication_day>
<authors>
<author>
<id>7702</id>
<name>Luigi Pirandello</name>
<link><![CDATA[https://www.goodreads.com/author/show/7702.Luigi_Pirandello]]></link>
</author>
</authors>
</book>

          <book>
<id>53004</id>
<title>The Maids &amp; Deathwatch</title>
<title_without_series>The Maids &amp; Deathwatch</title_without_series>
<link><![CDATA[https://www.goodreads.com/book/show/53004.The_Maids_Deathwatch]]></link>
<small_image_url><![CDATA[https://images.gr-assets.com/books/1419395165s/53004.jpg]]></small_image_url>
<image_url><![CDATA[https://images.gr-assets.com/books/1419395165m/53004.jpg]]></image_url>
<num_pages></num_pages>
<work>
<id>51689</id>
</work>
<isbn>080215056X</isbn>
<isbn13>9780802150561</isbn13>
<average_rating>3.95</average_rating>
<ratings_count>1456</ratings_count>
<publication_year></publication_year>
<publication_month></publication_month>
<publication_day></publication_day>
<authors>
<author>
<id>29952</id>
<name>Jean Genet</name>
<link><![CDATA[https://www.goodreads.com/author/show/29952.Jean_Genet]]></link>
</author>
</authors>
</book>

          <book>
<id>12216</id>
<title><![CDATA[Three Plays: Desire Under the Elms / Strange Interlude / Mourning Becomes Electra]]></title>
<title_without_series><![CDATA[Three Plays: Desire Under the Elms / Strange Interlude / Mourning Becomes Electra]]></title_without_series>
<link><![CDATA[https://www.goodreads.com/book/show/12216.Three_Plays]]></link>
<small_image_url><![CDATA[https://images.gr-assets.com/books/1403175343s/12216.jpg]]></small_image_url>
<image_url><![CDATA[https://images.gr-assets.com/books/1403175343m/12216.jpg]]></image_url>
<num_pages>432</num_pages>
<work>
<id>14539</id>
</work>
<isbn>0679763961</isbn>
<isbn13>9780679763963</isbn13>
<average_rating>4.08</average_rating>
<ratings_count>1449</ratings_count>
<publication_year>1995</publication_year>
<publication_month>10</publication_month>
<publication_day>31</publication_day>
<authors>
<author>
<id>7680</id>
<name>Eugene O&apos;Neill</name>
<link><![CDATA[https://www.goodreads.com/author/show/7680.Eugene_O_Neill]]></link>
</author>
</authors>
</book>

          <book>
<id>17905</id>
<title><![CDATA[Plays 5: Arcadia / The Real Thing / Night and Day / Indian Ink / Hapgood]]></title>
<title_without_series><![CDATA[Plays 5: Arcadia / The Real Thing / Night and Day / Indian Ink / Hapgood]]></title_without_series>
<link><![CDATA[https://www.goodreads.com/book/show/17905.Plays_5]]></link>
<small_image_url><![CDATA[https://s.gr-assets.com/assets/nophoto/book/50x75-a91bf249278a81aabab721ef782c4a74.png]]></small_image_url>
<image_url><![CDATA[https://s.gr-assets.com/assets/nophoto/book/111x148-bcc042a9c91a29c1d680899eff700a03.png]]></image_url>
<num_pages>608</num_pages>
<work>
<id>19397</id>
</work>
<isbn>0571197515</isbn>
<isbn13>9780571197514</isbn13>
<average_rating>4.30</average_rating>
<ratings_count>494</ratings_count>
<publication_year>2000</publication_year>
<publication_month>12</publication_month>
<publication_day>1</publication_day>
<authors>
<author>
<id>293</id>
<name>Tom Stoppard</name>
<link><![CDATA[https://www.goodreads.com/author/show/293.Tom_Stoppard]]></link>
</author>
</authors>
</book>

          <book>
<id>50632</id>
<title><![CDATA[The American Dream & The Zoo Story]]></title>
<title_without_series><![CDATA[The American Dream & The Zoo Story]]></title_without_series>
<link><![CDATA[https://www.goodreads.com/book/show/50632.The_American_Dream_The_Zoo_Story]]></link>
<small_image_url><![CDATA[https://s.gr-assets.com/assets/nophoto/book/50x75-a91bf249278a81aabab721ef782c4a74.png]]></small_image_url>
<image_url><![CDATA[https://s.gr-assets.com/assets/nophoto/book/111x148-bcc042a9c91a29c1d680899eff700a03.png]]></image_url>
<num_pages>128</num_pages>
<work>
<id>275490</id>
</work>
<isbn>0452278899</isbn>
<isbn13>9780452278899</isbn13>
<average_rating>3.98</average_rating>
<ratings_count>7117</ratings_count>
<publication_year>1997</publication_year>
<publication_month>10</publication_month>
<publication_day>1</publication_day>
<authors>
<author>
<id>9322</id>
<name>Edward Albee</name>
<link><![CDATA[https://www.goodreads.com/author/show/9322.Edward_Albee]]></link>
</author>
</authors>
</book>

          <book>
<id>12142</id>
<title><![CDATA[Seven Plays: Buried Child / Curse of the Starving Class / The Tooth of Crime / La Turista / Tongues / Savage Love / True West]]></title>
<title_without_series><![CDATA[Seven Plays: Buried Child / Curse of the Starving Class / The Tooth of Crime / La Turista / Tongues / Savage Love / True West]]></title_without_series>
<link><![CDATA[https://www.goodreads.com/book/show/12142.Seven_Plays]]></link>
<small_image_url><![CDATA[https://images.gr-assets.com/books/1432910842s/12142.jpg]]></small_image_url>
<image_url><![CDATA[https://images.gr-assets.com/books/1432910842m/12142.jpg]]></image_url>
<num_pages>336</num_pages>
<work>
<id>14484</id>
</work>
<isbn>0553346113</isbn>
<isbn13>9780553346114</isbn13>
<average_rating>4.18</average_rating>
<ratings_count>4504</ratings_count>
<publication_year>1984</publication_year>
<publication_month>5</publication_month>
<publication_day>1</publication_day>
<authors>
<author>
<id>7713</id>
<name>Sam Shepard</name>
<link><![CDATA[https://www.goodreads.com/author/show/7713.Sam_Shepard]]></link>
</author>
</authors>
</book>

          <book>
<id>118327</id>
<title><![CDATA[The Persecution and Assassination of Jean-Paul Marat as Performed by the Inmates of the Asylum of Charenton Under the Direction of the Marquis de Sade]]></title>
<title_without_series><![CDATA[The Persecution and Assassination of Jean-Paul Marat as Performed by the Inmates of the Asylum of Charenton Under the Direction of the Marquis de Sade]]></title_without_series>
<link><![CDATA[https://www.goodreads.com/book/show/118327.The_Persecution_and_Assassination_of_Jean_Paul_Marat_as_Performed_by_the_Inmates_of_the_Asylum_of_Charenton_Under_the_Direction_of_the_Marquis_de_Sade]]></link>
<small_image_url><![CDATA[https://images.gr-assets.com/books/1352252942s/118327.jpg]]></small_image_url>
<image_url><![CDATA[https://images.gr-assets.com/books/1352252942m/118327.jpg]]></image_url>
<num_pages></num_pages>
<work>
<id>2199924</id>
</work>
<isbn>1577662318</isbn>
<isbn13>9781577662310</isbn13>
<average_rating>4.03</average_rating>
<ratings_count>3659</ratings_count>
<publication_year></publication_year>
<publication_month></publication_month>
<publication_day></publication_day>
<authors>
<author>
<id>68593</id>
<name>Peter Weiss</name>
<link><![CDATA[https://www.goodreads.com/author/show/68593.Peter_Weiss]]></link>
</author>
</authors>
</book>

          <book>
<id>7732</id>
<title><![CDATA[Five Plays: Antigone, Eurydice, The Ermine, The Rehearsal, Romeo and Jeannette]]></title>
<title_without_series><![CDATA[Five Plays: Antigone, Eurydice, The Ermine, The Rehearsal, Romeo and Jeannette]]></title_without_series>
<link><![CDATA[https://www.goodreads.com/book/show/7732.Five_Plays]]></link>
<small_image_url><![CDATA[https://s.gr-assets.com/assets/nophoto/book/50x75-a91bf249278a81aabab721ef782c4a74.png]]></small_image_url>
<image_url><![CDATA[https://s.gr-assets.com/assets/nophoto/book/111x148-bcc042a9c91a29c1d680899eff700a03.png]]></image_url>
<num_pages>352</num_pages>
<work>
<id>10801</id>
</work>
<isbn>0374522294</isbn>
<isbn13>9780374522292</isbn13>
<average_rating>4.19</average_rating>
<ratings_count>188</ratings_count>
<publication_year>1990</publication_year>
<publication_month>9</publication_month>
<publication_day>28</publication_day>
<authors>
<author>
<id>5228</id>
<name>Jean Anouilh</name>
<link><![CDATA[https://www.goodreads.com/author/show/5228.Jean_Anouilh]]></link>
</author>
</authors>
</book>

          <book>
<id>250165</id>
<title>After the Fall</title>
<title_without_series>After the Fall</title_without_series>
<link><![CDATA[https://www.goodreads.com/book/show/250165.After_the_Fall]]></link>
<small_image_url><![CDATA[https://s.gr-assets.com/assets/nophoto/book/50x75-a91bf249278a81aabab721ef782c4a74.png]]></small_image_url>
<image_url><![CDATA[https://s.gr-assets.com/assets/nophoto/book/111x148-bcc042a9c91a29c1d680899eff700a03.png]]></image_url>
<num_pages>145</num_pages>
<work>
<id>426828</id>
</work>
<isbn>0553141015</isbn>
<isbn13>9780553141016</isbn13>
<average_rating>3.72</average_rating>
<ratings_count>1911</ratings_count>
<publication_year></publication_year>
<publication_month></publication_month>
<publication_day></publication_day>
<authors>
<author>
<id>8120</id>
<name>Arthur Miller</name>
<link><![CDATA[https://www.goodreads.com/author/show/8120.Arthur_Miller]]></link>
</author>
</authors>
</book>

          <book>
<id>98202</id>
<title><![CDATA[Christopher Durang Explains it All for You]]></title>
<title_without_series><![CDATA[Christopher Durang Explains it All for You]]></title_without_series>
<link><![CDATA[https://www.goodreads.com/book/show/98202.Christopher_Durang_Explains_it_All_for_You]]></link>
<small_image_url><![CDATA[https://s.gr-assets.com/assets/nophoto/book/50x75-a91bf249278a81aabab721ef782c4a74.png]]></small_image_url>
<image_url><![CDATA[https://s.gr-assets.com/assets/nophoto/book/111x148-bcc042a9c91a29c1d680899eff700a03.png]]></image_url>
<num_pages>320</num_pages>
<work>
<id>94660</id>
</work>
<isbn>0802132324</isbn>
<isbn13>9780802132321</isbn13>
<average_rating>4.05</average_rating>
<ratings_count>608</ratings_count>
<publication_year>1994</publication_year>
<publication_month>1</publication_month>
<publication_day>13</publication_day>
<authors>
<author>
<id>56415</id>
<name>Christopher Durang</name>
<link><![CDATA[https://www.goodreads.com/author/show/56415.Christopher_Durang]]></link>
</author>
</authors>
</book>

          <book>
<id>26415</id>
<title><![CDATA[Existentialism from Dostoevsky to Sartre ]]></title>
<title_without_series><![CDATA[Existentialism from Dostoevsky to Sartre]]></title_without_series>
<link><![CDATA[https://www.goodreads.com/book/show/26415.Existentialism_from_Dostoevsky_to_Sartre]]></link>
<small_image_url><![CDATA[https://s.gr-assets.com/assets/nophoto/book/50x75-a91bf249278a81aabab721ef782c4a74.png]]></small_image_url>
<image_url><![CDATA[https://s.gr-assets.com/assets/nophoto/book/111x148-bcc042a9c91a29c1d680899eff700a03.png]]></image_url>
<num_pages>384</num_pages>
<work>
<id>230380</id>
</work>
<isbn>0452009308</isbn>
<isbn13>9780452009301</isbn13>
<average_rating>4.06</average_rating>
<ratings_count>4453</ratings_count>
<publication_year>1975</publication_year>
<publication_month>3</publication_month>
<publication_day>1</publication_day>
<authors>
<author>
<id>14824</id>
<name>Walter Kaufmann</name>
<link><![CDATA[https://www.goodreads.com/author/show/14824.Walter_Kaufmann]]></link>
</author>
</authors>
</book>

          <book>
<id>240258</id>
<title>The Dumb Waiter</title>
<title_without_series>The Dumb Waiter</title_without_series>
<link><![CDATA[https://www.goodreads.com/book/show/240258.The_Dumb_Waiter]]></link>
<small_image_url><![CDATA[https://images.gr-assets.com/books/1430104346s/240258.jpg]]></small_image_url>
<image_url><![CDATA[https://images.gr-assets.com/books/1430104346m/240258.jpg]]></image_url>
<num_pages>64</num_pages>
<work>
<id>232740</id>
</work>
<isbn>2729847936</isbn>
<isbn13>9782729847937</isbn13>
<average_rating>3.74</average_rating>
<ratings_count>2035</ratings_count>
<publication_year>1998</publication_year>
<publication_month>5</publication_month>
<publication_day>5</publication_day>
<authors>
<author>
<id>1197</id>
<name>Harold Pinter</name>
<link><![CDATA[https://www.goodreads.com/author/show/1197.Harold_Pinter]]></link>
</author>
</authors>
</book>

          <book>
<id>196930</id>
<title><![CDATA[Brecht on Theatre: The Development of an Aesthetic]]></title>
<title_without_series><![CDATA[Brecht on Theatre: The Development of an Aesthetic]]></title_without_series>
<link><![CDATA[https://www.goodreads.com/book/show/196930.Brecht_on_Theatre]]></link>
<small_image_url><![CDATA[https://images.gr-assets.com/books/1482048096s/196930.jpg]]></small_image_url>
<image_url><![CDATA[https://images.gr-assets.com/books/1482048096m/196930.jpg]]></image_url>
<num_pages>352</num_pages>
<work>
<id>190476</id>
</work>
<isbn>0809005425</isbn>
<isbn13>9780809005420</isbn13>
<average_rating>4.18</average_rating>
<ratings_count>1018</ratings_count>
<publication_year>1977</publication_year>
<publication_month>1</publication_month>
<publication_day></publication_day>
<authors>
<author>
<id>26853</id>
<name>Bertolt Brecht</name>
<link><![CDATA[https://www.goodreads.com/author/show/26853.Bertolt_Brecht]]></link>
</author>
</authors>
</book>

          <book>
<id>141834</id>
<title>A Dream Play</title>
<title_without_series>A Dream Play</title_without_series>
<link><![CDATA[https://www.goodreads.com/book/show/141834.A_Dream_Play]]></link>
<small_image_url><![CDATA[https://images.gr-assets.com/books/1354209721s/141834.jpg]]></small_image_url>
<image_url><![CDATA[https://images.gr-assets.com/books/1354209721m/141834.jpg]]></image_url>
<num_pages>64</num_pages>
<work>
<id>136798</id>
</work>
<isbn>1559362707</isbn>
<isbn13>9781559362702</isbn13>
<average_rating>3.68</average_rating>
<ratings_count>1513</ratings_count>
<publication_year>2005</publication_year>
<publication_month>9</publication_month>
<publication_day>1</publication_day>
<authors>
<author>
<id>6815</id>
<name>August Strindberg</name>
<link><![CDATA[https://www.goodreads.com/author/show/6815.August_Strindberg]]></link>
</author>
</authors>
</book>

  </similar_books>
</book>

</GoodreadsResponse>