<?xml version="1.0" encoding="UTF-8"?>
<GoodreadsResponse>
  <Request>
    <authentication>true</authentication>
      <key><![CDATA[all_men_must_serve]]></key>
    <method><![CDATA[book_show]]></method>
  </Request>
  <book>
  <id>100365</id>
  <title>The Mote in God&apos;s Eye</title>
  <isbn><![CDATA[156865054X]]></isbn>
  <isbn13><![CDATA[9781568650548]]></isbn13>
  <asin><![CDATA[]]></asin>
  <kindle_asin><![CDATA[B004YDL2CY]]></kindle_asin>
  <marketplace_id><![CDATA[A1F83G8C2ARO7P]]></marketplace_id>
  <country_code><![CDATA[GB]]></country_code>
  <image_url>https://images.gr-assets.com/books/1399490037m/100365.jpg</image_url>
  <small_image_url>https://images.gr-assets.com/books/1399490037s/100365.jpg</small_image_url>
  <publication_year>2011</publication_year>
  <publication_month>4</publication_month>
  <publication_day>26</publication_day>
  <publisher>Spectrum Literary Agency</publisher>
  <language_code>eng</language_code>
  <is_ebook>true</is_ebook>
  <description><![CDATA[In 3016, the 2nd Empire of Man spans hundreds of star systems, thanks to faster-than-light Alderson Drive. Intelligent beings are finally found from the Mote, an isolated star in a thick dust cloud. The bottled-up ancient civilization, at least one million years old, are welcoming, kind, yet evasive, with a dark problem they have not solved in over a million years.]]></description>
  <work>
  <id type="integer">2190500</id>
  <books_count type="integer">57</books_count>
  <best_book_id type="integer">100365</best_book_id>
  <reviews_count type="integer">77884</reviews_count>
  <ratings_sum type="integer">211718</ratings_sum>
  <ratings_count type="integer">52104</ratings_count>
  <text_reviews_count type="integer">1347</text_reviews_count>
  <original_publication_year type="integer">1974</original_publication_year>
  <original_publication_month type="integer">10</original_publication_month>
  <original_publication_day type="integer" nil="true"/>
  <original_title>The Mote in God's Eye</original_title>
  <original_language_id type="integer" nil="true"/>
  <media_type>book</media_type>
  <rating_dist>5:19086|4:20244|3:10289|2:1960|1:525|total:52104</rating_dist>
  <desc_user_id type="integer">4863716</desc_user_id>
  <default_chaptering_book_id type="integer" nil="true"/>
  <default_description_language_code nil="true"/>
</work>
  <average_rating>4.06</average_rating>
  <num_pages><![CDATA[596]]></num_pages>
  <format><![CDATA[ebook]]></format>
  <edition_information><![CDATA[]]></edition_information>
  <ratings_count><![CDATA[48166]]></ratings_count>
  <text_reviews_count><![CDATA[980]]></text_reviews_count>
  <url><![CDATA[https://www.goodreads.com/book/show/100365.The_Mote_in_God_s_Eye]]></url>
  <link><![CDATA[https://www.goodreads.com/book/show/100365.The_Mote_in_God_s_Eye]]></link>
  <authors>
<author>
<id>12534</id>
<name>Larry Niven</name>
<role></role>
<image_url nophoto='false'>
<![CDATA[https://images.gr-assets.com/authors/1182720933p5/12534.jpg]]>
</image_url>
<small_image_url nophoto='false'>
<![CDATA[https://images.gr-assets.com/authors/1182720933p2/12534.jpg]]>
</small_image_url>
<link><![CDATA[https://www.goodreads.com/author/show/12534.Larry_Niven]]></link>
<average_rating>3.91</average_rating>
<ratings_count>387383</ratings_count>
<text_reviews_count>12378</text_reviews_count>
</author>
<author>
<id>39099</id>
<name>Jerry Pournelle</name>
<role></role>
<image_url nophoto='false'>
<![CDATA[https://images.gr-assets.com/authors/1216417671p5/39099.jpg]]>
</image_url>
<small_image_url nophoto='false'>
<![CDATA[https://images.gr-assets.com/authors/1216417671p2/39099.jpg]]>
</small_image_url>
<link><![CDATA[https://www.goodreads.com/author/show/39099.Jerry_Pournelle]]></link>
<average_rating>3.95</average_rating>
<ratings_count>149563</ratings_count>
<text_reviews_count>4521</text_reviews_count>
</author>
</authors>

    <reviews_widget>
      <![CDATA[
        <style>
  #goodreads-widget {
    font-family: georgia, serif;
    padding: 18px 0;
    width:565px;
  }
  #goodreads-widget h1 {
    font-weight:normal;
    font-size: 16px;
    border-bottom: 1px solid #BBB596;
    margin-bottom: 0;
  }
  #goodreads-widget a {
    text-decoration: none;
    color:#660;
  }
  iframe{
    background-color: #fff;
  }
  #goodreads-widget a:hover { text-decoration: underline; }
  #goodreads-widget a:active {
    color:#660;
  }
  #gr_footer {
    width: 100%;
    border-top: 1px solid #BBB596;
    text-align: right;
  }
  #goodreads-widget .gr_branding{
    color: #382110;
    font-size: 11px;
    text-decoration: none;
    font-family: "Helvetica Neue", Helvetica, Arial, sans-serif;
  }
</style>
<div id="goodreads-widget">
  <div id="gr_header"><h1><a rel="nofollow" href="https://www.goodreads.com/book/show/100365.The_Mote_in_God_s_Eye">The Mote in God&#39;s Eye Reviews</a></h1></div>
  <iframe id="the_iframe" src="https://www.goodreads.com/api/reviews_widget_iframe?did=DEVELOPER_ID&amp;format=html&amp;isbn=156865054X&amp;links=660&amp;min_rating=&amp;review_back=fff&amp;stars=000&amp;text=000" width="565" height="400" frameborder="0"></iframe>
  <div id="gr_footer">
    <a class="gr_branding" target="_blank" rel="nofollow" href="https://www.goodreads.com/book/show/100365.The_Mote_in_God_s_Eye?utm_medium=api&amp;utm_source=reviews_widget">Reviews from Goodreads.com</a>
  </div>
</div>

      ]]>
    </reviews_widget>
  <popular_shelves>
      <shelf name="to-read" count="21745"/>
      <shelf name="science-fiction" count="1619"/>
      <shelf name="sci-fi" count="1089"/>
      <shelf name="currently-reading" count="513"/>
      <shelf name="fiction" count="408"/>
      <shelf name="scifi" count="350"/>
      <shelf name="favorites" count="209"/>
      <shelf name="sf" count="186"/>
      <shelf name="owned" count="145"/>
      <shelf name="sci-fi-fantasy" count="110"/>
      <shelf name="default" count="96"/>
      <shelf name="space-opera" count="77"/>
      <shelf name="audiobook" count="65"/>
      <shelf name="audible" count="62"/>
      <shelf name="aliens" count="60"/>
      <shelf name="scifi-fantasy" count="55"/>
      <shelf name="fantasy" count="48"/>
      <shelf name="science" count="44"/>
      <shelf name="science-fiction-fantasy" count="41"/>
      <shelf name="space" count="38"/>
      <shelf name="audiobooks" count="36"/>
      <shelf name="first-contact" count="36"/>
      <shelf name="classics" count="35"/>
      <shelf name="library" count="29"/>
      <shelf name="ebook" count="29"/>
      <shelf name="to-buy" count="27"/>
      <shelf name="audio" count="26"/>
      <shelf name="kindle" count="25"/>
      <shelf name="speculative-fiction" count="25"/>
      <shelf name="larry-niven" count="23"/>
      <shelf name="books-i-own" count="23"/>
      <shelf name="classic" count="23"/>
      <shelf name="sciencefiction" count="23"/>
      <shelf name="sf-fantasy" count="22"/>
      <shelf name="abandoned" count="20"/>
      <shelf name="sci-fi-and-fantasy" count="20"/>
      <shelf name="fantasy-sci-fi" count="20"/>
      <shelf name="series" count="19"/>
      <shelf name="my-library" count="18"/>
      <shelf name="classic-sci-fi" count="18"/>
      <shelf name="to-read-fiction" count="18"/>
      <shelf name="to-read-scifi" count="16"/>
      <shelf name="sff" count="16"/>
      <shelf name="owned-books" count="16"/>
      <shelf name="novels" count="16"/>
      <shelf name="wish-list" count="15"/>
      <shelf name="to-read-sci-fi" count="15"/>
      <shelf name="adventure" count="15"/>
      <shelf name="science-fiction-and-fantasy" count="15"/>
      <shelf name="audio-books" count="14"/>
      <shelf name="sf-f" count="14"/>
      <shelf name="military" count="14"/>
      <shelf name="hard-science-fiction" count="14"/>
      <shelf name="books" count="13"/>
      <shelf name="ebooks" count="13"/>
      <shelf name="did-not-finish" count="13"/>
      <shelf name="american" count="13"/>
      <shelf name="novel" count="13"/>
      <shelf name="favourites" count="13"/>
      <shelf name="hard-sci-fi" count="13"/>
      <shelf name="audio-book" count="12"/>
      <shelf name="calibre" count="12"/>
      <shelf name="niven" count="12"/>
      <shelf name="1970s" count="12"/>
      <shelf name="classic-science-fiction" count="12"/>
      <shelf name="paperback" count="12"/>
      <shelf name="book-club" count="12"/>
      <shelf name="hard-sf" count="12"/>
      <shelf name="have" count="11"/>
      <shelf name="maybe" count="11"/>
      <shelf name="ciencia-ficcion" count="11"/>
      <shelf name="ciencia-ficción" count="11"/>
      <shelf name="e-books" count="10"/>
      <shelf name="sci-fi-to-read" count="9"/>
      <shelf name="unfinished" count="9"/>
      <shelf name="reviewed" count="9"/>
      <shelf name="f-sf" count="9"/>
      <shelf name="unread" count="8"/>
      <shelf name="gave-up" count="8"/>
      <shelf name="classic-sf" count="8"/>
      <shelf name="general" count="8"/>
      <shelf name="niven-larry" count="8"/>
      <shelf name="male-author" count="8"/>
      <shelf name="military-sci-fi" count="8"/>
      <shelf name="to-re-read" count="8"/>
      <shelf name="own-it" count="8"/>
      <shelf name="recommended" count="8"/>
      <shelf name="mystery" count="8"/>
      <shelf name="fantasy-scifi" count="7"/>
      <shelf name="must-read" count="7"/>
      <shelf name="nebula" count="7"/>
      <shelf name="hugo" count="7"/>
      <shelf name="dystopia" count="7"/>
      <shelf name="top-100-sci-fi" count="7"/>
      <shelf name="npr-top-100-sci-fi-fantasy" count="7"/>
      <shelf name="npr-top-100" count="7"/>
      <shelf name="hugo-nominee" count="7"/>
      <shelf name="to-read-sf" count="7"/>
      <shelf name="english" count="7"/>
      <shelf name="fiction-sci-fi" count="7"/>
  </popular_shelves>
  <book_links>
    <book_link>
  <id>8</id>
  <name>Libraries</name>
  <link>https://www.goodreads.com/book_link/follow/8</link>
</book_link>

  </book_links>
  <buy_links>
    <buy_link>
<id>1</id>
<name>Amazon</name>
<link>https://www.goodreads.com/book_link/follow/1</link>
</buy_link>
<buy_link>
<id>10</id>
<name>Audible</name>
<link>https://www.goodreads.com/book_link/follow/10</link>
</buy_link>
<buy_link>
<id>3</id>
<name>Barnes &amp; Noble</name>
<link>https://www.goodreads.com/book_link/follow/3</link>
</buy_link>
<buy_link>
<id>1027</id>
<name>Kobo</name>
<link>https://www.goodreads.com/book_link/follow/1027</link>
</buy_link>
<buy_link>
<id>2102</id>
<name>Apple iBooks</name>
<link>https://www.goodreads.com/book_link/follow/2102</link>
</buy_link>
<buy_link>
<id>8036</id>
<name>Google Play</name>
<link>https://www.goodreads.com/book_link/follow/8036</link>
</buy_link>
<buy_link>
<id>4</id>
<name>Abebooks</name>
<link>https://www.goodreads.com/book_link/follow/4</link>
</buy_link>
<buy_link>
<id>882</id>
<name>Book Depository</name>
<link>https://www.goodreads.com/book_link/follow/882</link>
</buy_link>
<buy_link>
<id>9</id>
<name>Indigo</name>
<link>https://www.goodreads.com/book_link/follow/9</link>
</buy_link>
<buy_link>
<id>2</id>
<name>Half.com</name>
<link>https://www.goodreads.com/book_link/follow/2</link>
</buy_link>
<buy_link>
<id>5</id>
<name>Alibris</name>
<link>https://www.goodreads.com/book_link/follow/5</link>
</buy_link>
<buy_link>
<id>107</id>
<name>Better World Books</name>
<link>https://www.goodreads.com/book_link/follow/107</link>
</buy_link>
<buy_link>
<id>7</id>
<name>IndieBound</name>
<link>https://www.goodreads.com/book_link/follow/7</link>
</buy_link>

  </buy_links>
  <series_works>
    <series_work>
<id>240742</id>
<user_position>1</user_position>
<series>
<id>57880</id>
<title>
<![CDATA[
    Moties
]]>
</title>
<description>
<![CDATA[
]]>
</description>
<note>
<![CDATA[
]]>
</note>
<series_works_count>5</series_works_count>
<primary_work_count>5</primary_work_count>
<numbered>true</numbered>
</series>

</series_work>
<series_work>
<id>576523</id>
<user_position>2</user_position>
<series>
<id>118830</id>
<title>
<![CDATA[
    CoDominium Universe
]]>
</title>
<description>
<![CDATA[
    By order of publishing
    
    Notes:  
    <a href="https://www.goodreads.com/series/57881-war-world">The War World</a> series comes after "The Griping Hand"
    Warrior (There Will be War), contains one short story from this universe: He Fell into a Dark Hole
]]>
</description>
<note>
<![CDATA[
]]>
</note>
<series_works_count>12</series_works_count>
<primary_work_count>8</primary_work_count>
<numbered>false</numbered>
</series>

</series_work>

  </series_works>
  <similar_books>
          <book>
<id>234489</id>
<title><![CDATA[The Uplift War (The Uplift Saga, #3)]]></title>
<title_without_series>The Uplift War</title_without_series>
<link><![CDATA[https://www.goodreads.com/book/show/234489.The_Uplift_War]]></link>
<small_image_url><![CDATA[https://images.gr-assets.com/books/1375272637s/234489.jpg]]></small_image_url>
<image_url><![CDATA[https://images.gr-assets.com/books/1375272637m/234489.jpg]]></image_url>
<num_pages>638</num_pages>
<work>
<id>98235</id>
</work>
<isbn>0553279718</isbn>
<isbn13>9780553279719</isbn13>
<average_rating>4.06</average_rating>
<ratings_count>20953</ratings_count>
<publication_year></publication_year>
<publication_month></publication_month>
<publication_day></publication_day>
<authors>
<author>
<id>14078</id>
<name>David Brin</name>
<link><![CDATA[https://www.goodreads.com/author/show/14078.David_Brin]]></link>
</author>
</authors>
</book>

          <book>
<id>218427</id>
<title>Gateway (Heechee Saga, #1)</title>
<title_without_series>Gateway</title_without_series>
<link><![CDATA[https://www.goodreads.com/book/show/218427.Gateway]]></link>
<small_image_url><![CDATA[https://images.gr-assets.com/books/1441698400s/218427.jpg]]></small_image_url>
<image_url><![CDATA[https://images.gr-assets.com/books/1441698400m/218427.jpg]]></image_url>
<num_pages>278</num_pages>
<work>
<id>1668837</id>
</work>
<isbn>0345475836</isbn>
<isbn13>9780345475831</isbn13>
<average_rating>4.07</average_rating>
<ratings_count>31997</ratings_count>
<publication_year>2004</publication_year>
<publication_month>10</publication_month>
<publication_day>12</publication_day>
<authors>
<author>
<id>22996</id>
<name>Frederik Pohl</name>
<link><![CDATA[https://www.goodreads.com/author/show/22996.Frederik_Pohl]]></link>
</author>
</authors>
</book>

          <book>
<id>263466</id>
<title>Dragon&apos;s Egg</title>
<title_without_series>Dragon&apos;s Egg</title_without_series>
<link><![CDATA[https://www.goodreads.com/book/show/263466.Dragon_s_Egg]]></link>
<small_image_url><![CDATA[https://images.gr-assets.com/books/1403166825s/263466.jpg]]></small_image_url>
<image_url><![CDATA[https://images.gr-assets.com/books/1403166825m/263466.jpg]]></image_url>
<num_pages>352</num_pages>
<work>
<id>2530528</id>
</work>
<isbn>034543529X</isbn>
<isbn13>9780345435293</isbn13>
<average_rating>4.14</average_rating>
<ratings_count>4813</ratings_count>
<publication_year>2000</publication_year>
<publication_month>2</publication_month>
<publication_day>29</publication_day>
<authors>
<author>
<id>153889</id>
<name>Robert L. Forward</name>
<link><![CDATA[https://www.goodreads.com/author/show/153889.Robert_L_Forward]]></link>
</author>
</authors>
</book>

          <book>
<id>167845</id>
<title><![CDATA[The Peace War (Across Realtime, #1)]]></title>
<title_without_series>The Peace War</title_without_series>
<link><![CDATA[https://www.goodreads.com/book/show/167845.The_Peace_War]]></link>
<small_image_url><![CDATA[https://s.gr-assets.com/assets/nophoto/book/50x75-a91bf249278a81aabab721ef782c4a74.png]]></small_image_url>
<image_url><![CDATA[https://s.gr-assets.com/assets/nophoto/book/111x148-bcc042a9c91a29c1d680899eff700a03.png]]></image_url>
<num_pages></num_pages>
<work>
<id>1269997</id>
</work>
<isbn>0765308835</isbn>
<isbn13>9780765308832</isbn13>
<average_rating>3.95</average_rating>
<ratings_count>5268</ratings_count>
<publication_year>2003</publication_year>
<publication_month>12</publication_month>
<publication_day>1</publication_day>
<authors>
<author>
<id>44037</id>
<name>Vernor Vinge</name>
<link><![CDATA[https://www.goodreads.com/author/show/44037.Vernor_Vinge]]></link>
</author>
</authors>
</book>

          <book>
<id>450876</id>
<title><![CDATA[Prince of Sparta (Falkenberg's Legion #4)]]></title>
<title_without_series>Prince of Sparta</title_without_series>
<link><![CDATA[https://www.goodreads.com/book/show/450876.Prince_of_Sparta]]></link>
<small_image_url><![CDATA[https://s.gr-assets.com/assets/nophoto/book/50x75-a91bf249278a81aabab721ef782c4a74.png]]></small_image_url>
<image_url><![CDATA[https://s.gr-assets.com/assets/nophoto/book/111x148-bcc042a9c91a29c1d680899eff700a03.png]]></image_url>
<num_pages></num_pages>
<work>
<id>439511</id>
</work>
<isbn>0671721585</isbn>
<isbn13>9780671721589</isbn13>
<average_rating>4.10</average_rating>
<ratings_count>812</ratings_count>
<publication_year></publication_year>
<publication_month></publication_month>
<publication_day></publication_day>
<authors>
<author>
<id>39099</id>
<name>Jerry Pournelle</name>
<link><![CDATA[https://www.goodreads.com/author/show/39099.Jerry_Pournelle]]></link>
</author>
</authors>
</book>

          <book>
<id>525285</id>
<title><![CDATA[Mission of Gravity (Mesklin, #1)]]></title>
<title_without_series>Mission of Gravity</title_without_series>
<link><![CDATA[https://www.goodreads.com/book/show/525285.Mission_of_Gravity]]></link>
<small_image_url><![CDATA[https://images.gr-assets.com/books/1328628795s/525285.jpg]]></small_image_url>
<image_url><![CDATA[https://images.gr-assets.com/books/1328628795m/525285.jpg]]></image_url>
<num_pages>174</num_pages>
<work>
<id>894625</id>
</work>
<isbn>0515034797</isbn>
<isbn13>9780515034790</isbn13>
<average_rating>3.90</average_rating>
<ratings_count>5763</ratings_count>
<publication_year></publication_year>
<publication_month></publication_month>
<publication_day></publication_day>
<authors>
<author>
<id>70180</id>
<name>Hal Clement</name>
<link><![CDATA[https://www.goodreads.com/author/show/70180.Hal_Clement]]></link>
</author>
</authors>
</book>

          <book>
<id>189147</id>
<title><![CDATA[To Your Scattered Bodies Go (Riverworld, #1)]]></title>
<title_without_series>To Your Scattered Bodies Go</title_without_series>
<link><![CDATA[https://www.goodreads.com/book/show/189147.To_Your_Scattered_Bodies_Go]]></link>
<small_image_url><![CDATA[https://images.gr-assets.com/books/1327657439s/189147.jpg]]></small_image_url>
<image_url><![CDATA[https://images.gr-assets.com/books/1327657439m/189147.jpg]]></image_url>
<num_pages>220</num_pages>
<work>
<id>3171254</id>
</work>
<isbn>0345419677</isbn>
<isbn13>9780345419675</isbn13>
<average_rating>3.94</average_rating>
<ratings_count>24005</ratings_count>
<publication_year></publication_year>
<publication_month></publication_month>
<publication_day></publication_day>
<authors>
<author>
<id>10089</id>
<name>Philip José Farmer</name>
<link><![CDATA[https://www.goodreads.com/author/show/10089.Philip_Jos_Farmer]]></link>
</author>
</authors>
</book>

          <book>
<id>64732</id>
<title><![CDATA[The Forge of God (Forge of God, #1)]]></title>
<title_without_series>The Forge of God</title_without_series>
<link><![CDATA[https://www.goodreads.com/book/show/64732.The_Forge_of_God]]></link>
<small_image_url><![CDATA[https://s.gr-assets.com/assets/nophoto/book/50x75-a91bf249278a81aabab721ef782c4a74.png]]></small_image_url>
<image_url><![CDATA[https://s.gr-assets.com/assets/nophoto/book/111x148-bcc042a9c91a29c1d680899eff700a03.png]]></image_url>
<num_pages>474</num_pages>
<work>
<id>2235106</id>
</work>
<isbn>0765301075</isbn>
<isbn13>9780765301079</isbn13>
<average_rating>3.86</average_rating>
<ratings_count>11301</ratings_count>
<publication_year>2001</publication_year>
<publication_month>8</publication_month>
<publication_day>11</publication_day>
<authors>
<author>
<id>16024</id>
<name>Greg Bear</name>
<link><![CDATA[https://www.goodreads.com/author/show/16024.Greg_Bear]]></link>
</author>
</authors>
</book>

          <book>
<id>70771</id>
<title>Nightfall and Other Stories</title>
<title_without_series>Nightfall and Other Stories</title_without_series>
<link><![CDATA[https://www.goodreads.com/book/show/70771.Nightfall_and_Other_Stories]]></link>
<small_image_url><![CDATA[https://images.gr-assets.com/books/1297455226s/70771.jpg]]></small_image_url>
<image_url><![CDATA[https://images.gr-assets.com/books/1297455226m/70771.jpg]]></image_url>
<num_pages></num_pages>
<work>
<id>26652722</id>
</work>
<isbn>0345310918</isbn>
<isbn13>9780345310910</isbn13>
<average_rating>4.27</average_rating>
<ratings_count>10486</ratings_count>
<publication_year></publication_year>
<publication_month></publication_month>
<publication_day></publication_day>
<authors>
<author>
<id>16667</id>
<name>Isaac Asimov</name>
<link><![CDATA[https://www.goodreads.com/author/show/16667.Isaac_Asimov]]></link>
</author>
</authors>
</book>

          <book>
<id>49838</id>
<title>Titan (Gaea, #1)</title>
<title_without_series>Titan</title_without_series>
<link><![CDATA[https://www.goodreads.com/book/show/49838.Titan]]></link>
<small_image_url><![CDATA[https://s.gr-assets.com/assets/nophoto/book/50x75-a91bf249278a81aabab721ef782c4a74.png]]></small_image_url>
<image_url><![CDATA[https://s.gr-assets.com/assets/nophoto/book/111x148-bcc042a9c91a29c1d680899eff700a03.png]]></image_url>
<num_pages>309</num_pages>
<work>
<id>2777504</id>
</work>
<isbn>0441813046</isbn>
<isbn13>9780441813049</isbn13>
<average_rating>3.94</average_rating>
<ratings_count>6671</ratings_count>
<publication_year>1987</publication_year>
<publication_month>4</publication_month>
<publication_day>15</publication_day>
<authors>
<author>
<id>27341</id>
<name>John Varley</name>
<link><![CDATA[https://www.goodreads.com/author/show/27341.John_Varley]]></link>
</author>
</authors>
</book>

          <book>
<id>50837</id>
<title><![CDATA[The Menace from Earth (Future History, #18)]]></title>
<title_without_series>The Menace from Earth</title_without_series>
<link><![CDATA[https://www.goodreads.com/book/show/50837.The_Menace_from_Earth]]></link>
<small_image_url><![CDATA[https://s.gr-assets.com/assets/nophoto/book/50x75-a91bf249278a81aabab721ef782c4a74.png]]></small_image_url>
<image_url><![CDATA[https://s.gr-assets.com/assets/nophoto/book/111x148-bcc042a9c91a29c1d680899eff700a03.png]]></image_url>
<num_pages>288</num_pages>
<work>
<id>1995884</id>
</work>
<isbn>0671578022</isbn>
<isbn13>9780671578022</isbn13>
<average_rating>3.89</average_rating>
<ratings_count>5424</ratings_count>
<publication_year>1999</publication_year>
<publication_month>2</publication_month>
<publication_day>16</publication_day>
<authors>
<author>
<id>205</id>
<name>Robert A. Heinlein</name>
<link><![CDATA[https://www.goodreads.com/author/show/205.Robert_A_Heinlein]]></link>
</author>
</authors>
</book>

          <book>
<id>582675</id>
<title>Berserker (Berserker, #1)</title>
<title_without_series>Berserker</title_without_series>
<link><![CDATA[https://www.goodreads.com/book/show/582675.Berserker]]></link>
<small_image_url><![CDATA[https://images.gr-assets.com/books/1297459688s/582675.jpg]]></small_image_url>
<image_url><![CDATA[https://images.gr-assets.com/books/1297459688m/582675.jpg]]></image_url>
<num_pages></num_pages>
<work>
<id>833477</id>
</work>
<isbn>0441054951</isbn>
<isbn13>9780441054954</isbn13>
<average_rating>3.84</average_rating>
<ratings_count>6090</ratings_count>
<publication_year>1986</publication_year>
<publication_month>9</publication_month>
<publication_day>15</publication_day>
<authors>
<author>
<id>10082</id>
<name>Fred Saberhagen</name>
<link><![CDATA[https://www.goodreads.com/author/show/10082.Fred_Saberhagen]]></link>
</author>
</authors>
</book>

          <book>
<id>116412</id>
<title>Blind Lake</title>
<title_without_series>Blind Lake</title_without_series>
<link><![CDATA[https://www.goodreads.com/book/show/116412.Blind_Lake]]></link>
<small_image_url><![CDATA[https://images.gr-assets.com/books/1316132032s/116412.jpg]]></small_image_url>
<image_url><![CDATA[https://images.gr-assets.com/books/1316132032m/116412.jpg]]></image_url>
<num_pages>400</num_pages>
<work>
<id>112108</id>
</work>
<isbn>0765341603</isbn>
<isbn13>9780765341600</isbn13>
<average_rating>3.66</average_rating>
<ratings_count>2315</ratings_count>
<publication_year>2004</publication_year>
<publication_month>7</publication_month>
<publication_day>11</publication_day>
<authors>
<author>
<id>27276</id>
<name>Robert Charles Wilson</name>
<link><![CDATA[https://www.goodreads.com/author/show/27276.Robert_Charles_Wilson]]></link>
</author>
</authors>
</book>

  </similar_books>
</book>

</GoodreadsResponse>