<?xml version="1.0" encoding="UTF-8"?>
<GoodreadsResponse>
  <Request>
    <authentication>true</authentication>
      <key><![CDATA[all_men_must_serve]]></key>
    <method><![CDATA[book_show]]></method>
  </Request>
  <book>
  <id>100464</id>
  <title><![CDATA[Dragon Rider (Dragon Rider, #1)]]></title>
  <isbn><![CDATA[190444248X]]></isbn>
  <isbn13><![CDATA[9781904442486]]></isbn13>
  <asin><![CDATA[]]></asin>
  <kindle_asin><![CDATA[B00EIJI6JQ]]></kindle_asin>
  <marketplace_id><![CDATA[A1F83G8C2ARO7P]]></marketplace_id>
  <country_code><![CDATA[GB]]></country_code>
  <image_url>https://images.gr-assets.com/books/1328004947m/100464.jpg</image_url>
  <small_image_url>https://images.gr-assets.com/books/1328004947s/100464.jpg</small_image_url>
  <publication_year>2005</publication_year>
  <publication_month>6</publication_month>
  <publication_day>4</publication_day>
  <publisher>Chicken House</publisher>
  <language_code>eng</language_code>
  <is_ebook>false</is_ebook>
  <description><![CDATA[With lonely Ben aboard, brave dragon Firedrake seeks mythical place where silver dragons can live in peace. Over moonlit lands and sparkling seas, they meet fantastic creatures, summon up surprising courage - and cross a ruthless villain with an ancient grudge determined to end their quest. Only a secret destiny can save the dragons and bring them the true meaning of home.]]></description>
  <work>
  <id type="integer">429198</id>
  <books_count type="integer">71</books_count>
  <best_book_id type="integer">100464</best_book_id>
  <reviews_count type="integer">92966</reviews_count>
  <ratings_sum type="integer">259756</ratings_sum>
  <ratings_count type="integer">65873</ratings_count>
  <text_reviews_count type="integer">2078</text_reviews_count>
  <original_publication_year type="integer">1997</original_publication_year>
  <original_publication_month type="integer">2</original_publication_month>
  <original_publication_day type="integer">1</original_publication_day>
  <original_title>Drachenreiter</original_title>
  <original_language_id type="integer" nil="true"/>
  <media_type>book</media_type>
  <rating_dist>5:23477|4:21280|3:16094|2:3947|1:1075|total:65873</rating_dist>
  <desc_user_id type="integer">15822735</desc_user_id>
  <default_chaptering_book_id type="integer" nil="true"/>
  <default_description_language_code nil="true"/>
</work>
  <average_rating>3.94</average_rating>
  <num_pages><![CDATA[527]]></num_pages>
  <format><![CDATA[Paperback]]></format>
  <edition_information><![CDATA[]]></edition_information>
  <ratings_count><![CDATA[61446]]></ratings_count>
  <text_reviews_count><![CDATA[1579]]></text_reviews_count>
  <url><![CDATA[https://www.goodreads.com/book/show/100464.Dragon_Rider]]></url>
  <link><![CDATA[https://www.goodreads.com/book/show/100464.Dragon_Rider]]></link>
  <authors>
<author>
<id>15873</id>
<name>Cornelia Funke</name>
<role></role>
<image_url nophoto='false'>
<![CDATA[https://images.gr-assets.com/authors/1437000100p5/15873.jpg]]>
</image_url>
<small_image_url nophoto='false'>
<![CDATA[https://images.gr-assets.com/authors/1437000100p2/15873.jpg]]>
</small_image_url>
<link><![CDATA[https://www.goodreads.com/author/show/15873.Cornelia_Funke]]></link>
<average_rating>3.90</average_rating>
<ratings_count>651152</ratings_count>
<text_reviews_count>27646</text_reviews_count>
</author>
</authors>

    <reviews_widget>
      <![CDATA[
        <style>
  #goodreads-widget {
    font-family: georgia, serif;
    padding: 18px 0;
    width:565px;
  }
  #goodreads-widget h1 {
    font-weight:normal;
    font-size: 16px;
    border-bottom: 1px solid #BBB596;
    margin-bottom: 0;
  }
  #goodreads-widget a {
    text-decoration: none;
    color:#660;
  }
  iframe{
    background-color: #fff;
  }
  #goodreads-widget a:hover { text-decoration: underline; }
  #goodreads-widget a:active {
    color:#660;
  }
  #gr_footer {
    width: 100%;
    border-top: 1px solid #BBB596;
    text-align: right;
  }
  #goodreads-widget .gr_branding{
    color: #382110;
    font-size: 11px;
    text-decoration: none;
    font-family: "Helvetica Neue", Helvetica, Arial, sans-serif;
  }
</style>
<div id="goodreads-widget">
  <div id="gr_header"><h1><a rel="nofollow" href="https://www.goodreads.com/book/show/100464.Dragon_Rider">Dragon Rider Reviews</a></h1></div>
  <iframe id="the_iframe" src="https://www.goodreads.com/api/reviews_widget_iframe?did=DEVELOPER_ID&amp;format=html&amp;isbn=190444248X&amp;links=660&amp;min_rating=&amp;review_back=fff&amp;stars=000&amp;text=000" width="565" height="400" frameborder="0"></iframe>
  <div id="gr_footer">
    <a class="gr_branding" target="_blank" rel="nofollow" href="https://www.goodreads.com/book/show/100464.Dragon_Rider?utm_medium=api&amp;utm_source=reviews_widget">Reviews from Goodreads.com</a>
  </div>
</div>

      ]]>
    </reviews_widget>
  <popular_shelves>
      <shelf name="to-read" count="8102"/>
      <shelf name="fantasy" count="1839"/>
      <shelf name="currently-reading" count="502"/>
      <shelf name="dragons" count="485"/>
      <shelf name="favorites" count="471"/>
      <shelf name="young-adult" count="352"/>
      <shelf name="books-i-own" count="267"/>
      <shelf name="fiction" count="237"/>
      <shelf name="owned" count="222"/>
      <shelf name="adventure" count="207"/>
      <shelf name="childrens" count="205"/>
      <shelf name="children" count="180"/>
      <shelf name="childhood" count="124"/>
      <shelf name="ya" count="124"/>
      <shelf name="children-s" count="117"/>
      <shelf name="middle-grade" count="102"/>
      <shelf name="default" count="95"/>
      <shelf name="cornelia-funke" count="89"/>
      <shelf name="magic" count="88"/>
      <shelf name="children-s-books" count="86"/>
      <shelf name="owned-books" count="72"/>
      <shelf name="my-books" count="66"/>
      <shelf name="kids" count="60"/>
      <shelf name="dragon" count="52"/>
      <shelf name="german" count="50"/>
      <shelf name="favourites" count="49"/>
      <shelf name="juvenile" count="46"/>
      <shelf name="i-own" count="43"/>
      <shelf name="childrens-books" count="43"/>
      <shelf name="audiobooks" count="41"/>
      <shelf name="youth" count="41"/>
      <shelf name="sci-fi-fantasy" count="41"/>
      <shelf name="library" count="39"/>
      <shelf name="audiobook" count="37"/>
      <shelf name="my-library" count="35"/>
      <shelf name="childhood-books" count="34"/>
      <shelf name="juvenile-fiction" count="32"/>
      <shelf name="ya-fantasy" count="31"/>
      <shelf name="audio" count="30"/>
      <shelf name="children-s-literature" count="28"/>
      <shelf name="childhood-favorites" count="27"/>
      <shelf name="novels" count="27"/>
      <shelf name="stand-alone" count="26"/>
      <shelf name="kids-books" count="26"/>
      <shelf name="re-read" count="26"/>
      <shelf name="fantasy-sci-fi" count="25"/>
      <shelf name="children-s-lit" count="23"/>
      <shelf name="series" count="22"/>
      <shelf name="animals" count="22"/>
      <shelf name="chapter-books" count="22"/>
      <shelf name="have" count="21"/>
      <shelf name="high-fantasy" count="21"/>
      <shelf name="teen" count="20"/>
      <shelf name="own-it" count="20"/>
      <shelf name="young-adult-fiction" count="20"/>
      <shelf name="favorite-books" count="19"/>
      <shelf name="middle-school" count="19"/>
      <shelf name="books" count="19"/>
      <shelf name="audio-book" count="19"/>
      <shelf name="to-re-read" count="18"/>
      <shelf name="urban-fantasy" count="18"/>
      <shelf name="scifi-fantasy" count="18"/>
      <shelf name="to-buy" count="17"/>
      <shelf name="action-adventure" count="17"/>
      <shelf name="my-childhood" count="16"/>
      <shelf name="dragon-books" count="16"/>
      <shelf name="childhood-favourites" count="15"/>
      <shelf name="all-time-favorites" count="15"/>
      <shelf name="brownies" count="15"/>
      <shelf name="supernatural" count="15"/>
      <shelf name="abandoned" count="15"/>
      <shelf name="childrens-lit" count="15"/>
      <shelf name="childrens-fiction" count="15"/>
      <shelf name="shelfari-favorites" count="14"/>
      <shelf name="read-more-than-once" count="14"/>
      <shelf name="kinderbücher" count="14"/>
      <shelf name="books-i-have" count="14"/>
      <shelf name="children-s-fiction" count="14"/>
      <shelf name="children-books" count="14"/>
      <shelf name="audio-books" count="14"/>
      <shelf name="ya-books" count="14"/>
      <shelf name="classroom-library" count="14"/>
      <shelf name="classics" count="13"/>
      <shelf name="favorite" count="13"/>
      <shelf name="fairy-tales" count="13"/>
      <shelf name="fantasia" count="13"/>
      <shelf name="listened-to" count="13"/>
      <shelf name="wish-list" count="13"/>
      <shelf name="ya-fiction" count="13"/>
      <shelf name="dragon-rider" count="12"/>
      <shelf name="maybe" count="12"/>
      <shelf name="friendship" count="12"/>
      <shelf name="young-readers" count="12"/>
      <shelf name="5-stars" count="12"/>
      <shelf name="childrens-fantasy" count="12"/>
      <shelf name="science-fiction-fantasy" count="12"/>
      <shelf name="bought" count="12"/>
      <shelf name="young" count="12"/>
      <shelf name="bookshelf" count="11"/>
      <shelf name="childhood-reads" count="11"/>
  </popular_shelves>
  <book_links>
    <book_link>
  <id>8</id>
  <name>Libraries</name>
  <link>https://www.goodreads.com/book_link/follow/8</link>
</book_link>

  </book_links>
  <buy_links>
    <buy_link>
<id>1</id>
<name>Amazon</name>
<link>https://www.goodreads.com/book_link/follow/1</link>
</buy_link>
<buy_link>
<id>10</id>
<name>Audible</name>
<link>https://www.goodreads.com/book_link/follow/10</link>
</buy_link>
<buy_link>
<id>3</id>
<name>Barnes &amp; Noble</name>
<link>https://www.goodreads.com/book_link/follow/3</link>
</buy_link>
<buy_link>
<id>1027</id>
<name>Kobo</name>
<link>https://www.goodreads.com/book_link/follow/1027</link>
</buy_link>
<buy_link>
<id>2102</id>
<name>Apple iBooks</name>
<link>https://www.goodreads.com/book_link/follow/2102</link>
</buy_link>
<buy_link>
<id>8036</id>
<name>Google Play</name>
<link>https://www.goodreads.com/book_link/follow/8036</link>
</buy_link>
<buy_link>
<id>4</id>
<name>Abebooks</name>
<link>https://www.goodreads.com/book_link/follow/4</link>
</buy_link>
<buy_link>
<id>882</id>
<name>Book Depository</name>
<link>https://www.goodreads.com/book_link/follow/882</link>
</buy_link>
<buy_link>
<id>9</id>
<name>Indigo</name>
<link>https://www.goodreads.com/book_link/follow/9</link>
</buy_link>
<buy_link>
<id>2</id>
<name>Half.com</name>
<link>https://www.goodreads.com/book_link/follow/2</link>
</buy_link>
<buy_link>
<id>5</id>
<name>Alibris</name>
<link>https://www.goodreads.com/book_link/follow/5</link>
</buy_link>
<buy_link>
<id>107</id>
<name>Better World Books</name>
<link>https://www.goodreads.com/book_link/follow/107</link>
</buy_link>
<buy_link>
<id>7</id>
<name>IndieBound</name>
<link>https://www.goodreads.com/book_link/follow/7</link>
</buy_link>

  </buy_links>
  <series_works>
    <series_work>
<id>840904</id>
<user_position>1</user_position>
<series>
<id>166161</id>
<title>
<![CDATA[
    Dragon Rider
]]>
</title>
<description>
<![CDATA[
    Children series by Cornelia Funke
]]>
</description>
<note>
<![CDATA[
]]>
</note>
<series_works_count>3</series_works_count>
<primary_work_count>3</primary_work_count>
<numbered>true</numbered>
</series>

</series_work>

  </series_works>
  <similar_books>
          <book>
<id>312050</id>
<title><![CDATA[Icefire (The Last Dragon Chronicles, #2)]]></title>
<title_without_series>Icefire</title_without_series>
<link><![CDATA[https://www.goodreads.com/book/show/312050.Icefire]]></link>
<small_image_url><![CDATA[https://images.gr-assets.com/books/1362400475s/312050.jpg]]></small_image_url>
<image_url><![CDATA[https://images.gr-assets.com/books/1362400475m/312050.jpg]]></image_url>
<num_pages>421</num_pages>
<work>
<id>302969</id>
</work>
<isbn>0439672465</isbn>
<isbn13>9780439672467</isbn13>
<average_rating>3.90</average_rating>
<ratings_count>20363</ratings_count>
<publication_year>2007</publication_year>
<publication_month>7</publication_month>
<publication_day></publication_day>
<authors>
<author>
<id>179712</id>
<name>Chris d&apos;Lacey</name>
<link><![CDATA[https://www.goodreads.com/author/show/179712.Chris_d_Lacey]]></link>
</author>
</authors>
</book>

          <book>
<id>238968</id>
<title><![CDATA[DragonQuest (DragonKeeper Chronicles, #2)]]></title>
<title_without_series>DragonQuest</title_without_series>
<link><![CDATA[https://www.goodreads.com/book/show/238968.DragonQuest]]></link>
<small_image_url><![CDATA[https://s.gr-assets.com/assets/nophoto/book/50x75-a91bf249278a81aabab721ef782c4a74.png]]></small_image_url>
<image_url><![CDATA[https://s.gr-assets.com/assets/nophoto/book/111x148-bcc042a9c91a29c1d680899eff700a03.png]]></image_url>
<num_pages>355</num_pages>
<work>
<id>231482</id>
</work>
<isbn>1400071291</isbn>
<isbn13>9781400071296</isbn13>
<average_rating>4.13</average_rating>
<ratings_count>6961</ratings_count>
<publication_year></publication_year>
<publication_month></publication_month>
<publication_day></publication_day>
<authors>
<author>
<id>100752</id>
<name>Donita K. Paul</name>
<link><![CDATA[https://www.goodreads.com/author/show/100752.Donita_K_Paul]]></link>
</author>
</authors>
</book>

          <book>
<id>1183025</id>
<title><![CDATA[Hatching Magic (Hatching Magic, #1)]]></title>
<title_without_series>Hatching Magic</title_without_series>
<link><![CDATA[https://www.goodreads.com/book/show/1183025.Hatching_Magic]]></link>
<small_image_url><![CDATA[https://s.gr-assets.com/assets/nophoto/book/50x75-a91bf249278a81aabab721ef782c4a74.png]]></small_image_url>
<image_url><![CDATA[https://s.gr-assets.com/assets/nophoto/book/111x148-bcc042a9c91a29c1d680899eff700a03.png]]></image_url>
<num_pages>242</num_pages>
<work>
<id>1170951</id>
</work>
<isbn>1416924973</isbn>
<isbn13>9781416924975</isbn13>
<average_rating>3.72</average_rating>
<ratings_count>4492</ratings_count>
<publication_year>2006</publication_year>
<publication_month>5</publication_month>
<publication_day>1</publication_day>
<authors>
<author>
<id>5814050</id>
<name>Ann Downer-Hazell</name>
<link><![CDATA[https://www.goodreads.com/author/show/5814050.Ann_Downer_Hazell]]></link>
</author>
</authors>
</book>

          <book>
<id>358355</id>
<title><![CDATA[The Blue Djinn of Babylon (Children of the Lamp, #2)]]></title>
<title_without_series>The Blue Djinn of Babylon</title_without_series>
<link><![CDATA[https://www.goodreads.com/book/show/358355.The_Blue_Djinn_of_Babylon]]></link>
<small_image_url><![CDATA[https://s.gr-assets.com/assets/nophoto/book/50x75-a91bf249278a81aabab721ef782c4a74.png]]></small_image_url>
<image_url><![CDATA[https://s.gr-assets.com/assets/nophoto/book/111x148-bcc042a9c91a29c1d680899eff700a03.png]]></image_url>
<num_pages></num_pages>
<work>
<id>578391</id>
</work>
<isbn>0439865182</isbn>
<isbn13>9780439865180</isbn13>
<average_rating>3.82</average_rating>
<ratings_count>11258</ratings_count>
<publication_year>2006</publication_year>
<publication_month></publication_month>
<publication_day></publication_day>
<authors>
<author>
<id>3155347</id>
<name>P.B. Kerr</name>
<link><![CDATA[https://www.goodreads.com/author/show/3155347.P_B_Kerr]]></link>
</author>
</authors>
</book>

          <book>
<id>65093</id>
<title><![CDATA[Dragon's Breath (Tales of the Frog Princess, #2)]]></title>
<title_without_series>Dragon&apos;s Breath</title_without_series>
<link><![CDATA[https://www.goodreads.com/book/show/65093.Dragon_s_Breath]]></link>
<small_image_url><![CDATA[https://s.gr-assets.com/assets/nophoto/book/50x75-a91bf249278a81aabab721ef782c4a74.png]]></small_image_url>
<image_url><![CDATA[https://s.gr-assets.com/assets/nophoto/book/111x148-bcc042a9c91a29c1d680899eff700a03.png]]></image_url>
<num_pages>304</num_pages>
<work>
<id>5992787</id>
</work>
<isbn>1582346666</isbn>
<isbn13>9781582346663</isbn13>
<average_rating>4.05</average_rating>
<ratings_count>10670</ratings_count>
<publication_year>2005</publication_year>
<publication_month>10</publication_month>
<publication_day>7</publication_day>
<authors>
<author>
<id>272814</id>
<name>E.D. Baker</name>
<link><![CDATA[https://www.goodreads.com/author/show/272814.E_D_Baker]]></link>
</author>
</authors>
</book>

          <book>
<id>732897</id>
<title>Dragon&apos;s Egg</title>
<title_without_series>Dragon&apos;s Egg</title_without_series>
<link><![CDATA[https://www.goodreads.com/book/show/732897.Dragon_s_Egg]]></link>
<small_image_url><![CDATA[https://s.gr-assets.com/assets/nophoto/book/50x75-a91bf249278a81aabab721ef782c4a74.png]]></small_image_url>
<image_url><![CDATA[https://s.gr-assets.com/assets/nophoto/book/111x148-bcc042a9c91a29c1d680899eff700a03.png]]></image_url>
<num_pages></num_pages>
<work>
<id>719086</id>
</work>
<isbn>0061288489</isbn>
<isbn13>9780061288487</isbn13>
<average_rating>3.90</average_rating>
<ratings_count>2117</ratings_count>
<publication_year></publication_year>
<publication_month></publication_month>
<publication_day></publication_day>
<authors>
<author>
<id>79593</id>
<name>Sarah L. Thomson</name>
<link><![CDATA[https://www.goodreads.com/author/show/79593.Sarah_L_Thomson]]></link>
</author>
</authors>
</book>

          <book>
<id>47881</id>
<title><![CDATA[Charlie Bone and the Hidden King (The Children of the Red King, #5)]]></title>
<title_without_series><![CDATA[Charlie Bone and the Hidden King]]></title_without_series>
<link><![CDATA[https://www.goodreads.com/book/show/47881.Charlie_Bone_and_the_Hidden_King]]></link>
<small_image_url><![CDATA[https://s.gr-assets.com/assets/nophoto/book/50x75-a91bf249278a81aabab721ef782c4a74.png]]></small_image_url>
<image_url><![CDATA[https://s.gr-assets.com/assets/nophoto/book/111x148-bcc042a9c91a29c1d680899eff700a03.png]]></image_url>
<num_pages></num_pages>
<work>
<id>847797</id>
</work>
<isbn>0439545307</isbn>
<isbn13>9780439545303</isbn13>
<average_rating>3.98</average_rating>
<ratings_count>19349</ratings_count>
<publication_year></publication_year>
<publication_month></publication_month>
<publication_day></publication_day>
<authors>
<author>
<id>6206</id>
<name>Jenny Nimmo</name>
<link><![CDATA[https://www.goodreads.com/author/show/6206.Jenny_Nimmo]]></link>
</author>
</authors>
</book>

          <book>
<id>555500</id>
<title><![CDATA[Peter and the Secret of Rundoon (Peter and the Starcatchers, #3)]]></title>
<title_without_series><![CDATA[Peter and the Secret of Rundoon]]></title_without_series>
<link><![CDATA[https://www.goodreads.com/book/show/555500.Peter_and_the_Secret_of_Rundoon]]></link>
<small_image_url><![CDATA[https://s.gr-assets.com/assets/nophoto/book/50x75-a91bf249278a81aabab721ef782c4a74.png]]></small_image_url>
<image_url><![CDATA[https://s.gr-assets.com/assets/nophoto/book/111x148-bcc042a9c91a29c1d680899eff700a03.png]]></image_url>
<num_pages>482</num_pages>
<work>
<id>2690582</id>
</work>
<isbn>0786837888</isbn>
<isbn13>9780786837885</isbn13>
<average_rating>4.16</average_rating>
<ratings_count>19309</ratings_count>
<publication_year></publication_year>
<publication_month></publication_month>
<publication_day></publication_day>
<authors>
<author>
<id>6245</id>
<name>Dave Barry</name>
<link><![CDATA[https://www.goodreads.com/author/show/6245.Dave_Barry]]></link>
</author>
</authors>
</book>

          <book>
<id>5374</id>
<title><![CDATA[The Dragon's Eye (Dragonology Chronicles, #1)]]></title>
<title_without_series>The Dragon&apos;s Eye</title_without_series>
<link><![CDATA[https://www.goodreads.com/book/show/5374.The_Dragon_s_Eye]]></link>
<small_image_url><![CDATA[https://s.gr-assets.com/assets/nophoto/book/50x75-a91bf249278a81aabab721ef782c4a74.png]]></small_image_url>
<image_url><![CDATA[https://s.gr-assets.com/assets/nophoto/book/111x148-bcc042a9c91a29c1d680899eff700a03.png]]></image_url>
<num_pages>221</num_pages>
<work>
<id>8816</id>
</work>
<isbn>0763628107</isbn>
<isbn13>9780763628109</isbn13>
<average_rating>3.81</average_rating>
<ratings_count>2027</ratings_count>
<publication_year>2006</publication_year>
<publication_month>11</publication_month>
<publication_day>14</publication_day>
<authors>
<author>
<id>4777916</id>
<name>Dugald A. Steer</name>
<link><![CDATA[https://www.goodreads.com/author/show/4777916.Dugald_A_Steer]]></link>
</author>
</authors>
</book>

          <book>
<id>212671</id>
<title><![CDATA[The Sister of the South (Dragons of Deltora, #4)]]></title>
<title_without_series>The Sister of the South</title_without_series>
<link><![CDATA[https://www.goodreads.com/book/show/212671.The_Sister_of_the_South]]></link>
<small_image_url><![CDATA[https://s.gr-assets.com/assets/nophoto/book/50x75-a91bf249278a81aabab721ef782c4a74.png]]></small_image_url>
<image_url><![CDATA[https://s.gr-assets.com/assets/nophoto/book/111x148-bcc042a9c91a29c1d680899eff700a03.png]]></image_url>
<num_pages>224</num_pages>
<work>
<id>2906304</id>
</work>
<isbn>0439633761</isbn>
<isbn13>9780439633765</isbn13>
<average_rating>4.02</average_rating>
<ratings_count>4031</ratings_count>
<publication_year>2005</publication_year>
<publication_month>3</publication_month>
<publication_day>1</publication_day>
<authors>
<author>
<id>3995</id>
<name>Emily Rodda</name>
<link><![CDATA[https://www.goodreads.com/author/show/3995.Emily_Rodda]]></link>
</author>
</authors>
</book>

          <book>
<id>9528910</id>
<title><![CDATA[The Dragon of Avalon (Merlin Saga, #6)]]></title>
<title_without_series>The Dragon of Avalon</title_without_series>
<link><![CDATA[https://www.goodreads.com/book/show/9528910-the-dragon-of-avalon]]></link>
<small_image_url><![CDATA[https://s.gr-assets.com/assets/nophoto/book/50x75-a91bf249278a81aabab721ef782c4a74.png]]></small_image_url>
<image_url><![CDATA[https://s.gr-assets.com/assets/nophoto/book/111x148-bcc042a9c91a29c1d680899eff700a03.png]]></image_url>
<num_pages>336</num_pages>
<work>
<id>3179609</id>
</work>
<isbn>0142419249</isbn>
<isbn13>9780142419243</isbn13>
<average_rating>4.01</average_rating>
<ratings_count>1119</ratings_count>
<publication_year>2011</publication_year>
<publication_month>6</publication_month>
<publication_day>9</publication_day>
<authors>
<author>
<id>11078</id>
<name>T.A. Barron</name>
<link><![CDATA[https://www.goodreads.com/author/show/11078.T_A_Barron]]></link>
</author>
</authors>
</book>

          <book>
<id>99714</id>
<title><![CDATA[The Floating Island (The Lost Journals of Ven Polypheme, #1)]]></title>
<title_without_series>The Floating Island</title_without_series>
<link><![CDATA[https://www.goodreads.com/book/show/99714.The_Floating_Island]]></link>
<small_image_url><![CDATA[https://images.gr-assets.com/books/1316728558s/99714.jpg]]></small_image_url>
<image_url><![CDATA[https://images.gr-assets.com/books/1316728558m/99714.jpg]]></image_url>
<num_pages></num_pages>
<work>
<id>96133</id>
</work>
<isbn>0765308673</isbn>
<isbn13>9780765308672</isbn13>
<average_rating>3.91</average_rating>
<ratings_count>1817</ratings_count>
<publication_year></publication_year>
<publication_month></publication_month>
<publication_day></publication_day>
<authors>
<author>
<id>57461</id>
<name>Elizabeth Haydon</name>
<link><![CDATA[https://www.goodreads.com/author/show/57461.Elizabeth_Haydon]]></link>
</author>
</authors>
</book>

          <book>
<id>1162185</id>
<title><![CDATA[Dragon Keeper (Dragon Keeper, #1)]]></title>
<title_without_series>Dragon Keeper</title_without_series>
<link><![CDATA[https://www.goodreads.com/book/show/1162185.Dragon_Keeper]]></link>
<small_image_url><![CDATA[https://s.gr-assets.com/assets/nophoto/book/50x75-a91bf249278a81aabab721ef782c4a74.png]]></small_image_url>
<image_url><![CDATA[https://s.gr-assets.com/assets/nophoto/book/111x148-bcc042a9c91a29c1d680899eff700a03.png]]></image_url>
<num_pages>333</num_pages>
<work>
<id>1149808</id>
</work>
<isbn>1423101715</isbn>
<isbn13>9781423101710</isbn13>
<average_rating>3.97</average_rating>
<ratings_count>8999</ratings_count>
<publication_year>2007</publication_year>
<publication_month>4</publication_month>
<publication_day>1</publication_day>
<authors>
<author>
<id>485981</id>
<name>Carole Wilkinson</name>
<link><![CDATA[https://www.goodreads.com/author/show/485981.Carole_Wilkinson]]></link>
</author>
</authors>
</book>

          <book>
<id>65659</id>
<title>The Last Dragon</title>
<title_without_series>The Last Dragon</title_without_series>
<link><![CDATA[https://www.goodreads.com/book/show/65659.The_Last_Dragon]]></link>
<small_image_url><![CDATA[https://s.gr-assets.com/assets/nophoto/book/50x75-a91bf249278a81aabab721ef782c4a74.png]]></small_image_url>
<image_url><![CDATA[https://s.gr-assets.com/assets/nophoto/book/111x148-bcc042a9c91a29c1d680899eff700a03.png]]></image_url>
<num_pages></num_pages>
<work>
<id>63679</id>
</work>
<isbn>0786836369</isbn>
<isbn13>9780786836369</isbn13>
<average_rating>3.99</average_rating>
<ratings_count>3123</ratings_count>
<publication_year></publication_year>
<publication_month></publication_month>
<publication_day></publication_day>
<authors>
<author>
<id>37055</id>
<name>Silvana de Mari</name>
<link><![CDATA[https://www.goodreads.com/author/show/37055.Silvana_de_Mari]]></link>
</author>
</authors>
</book>

  </similar_books>
</book>

</GoodreadsResponse>