<?xml version="1.0" encoding="UTF-8"?>
<GoodreadsResponse>
  <Request>
    <authentication>true</authentication>
      <key><![CDATA[all_men_must_serve]]></key>
    <method><![CDATA[book_show]]></method>
  </Request>
  <book>
  <id>10047589</id>
  <title>Girls in White Dresses</title>
  <isbn><![CDATA[0307596850]]></isbn>
  <isbn13><![CDATA[9780307596857]]></isbn13>
  <asin><![CDATA[]]></asin>
  <kindle_asin><![CDATA[B0089WYG92]]></kindle_asin>
  <marketplace_id><![CDATA[A1F83G8C2ARO7P]]></marketplace_id>
  <country_code><![CDATA[GB]]></country_code>
  <image_url>https://images.gr-assets.com/books/1320442277m/10047589.jpg</image_url>
  <small_image_url>https://images.gr-assets.com/books/1320442277s/10047589.jpg</small_image_url>
  <publication_year>2011</publication_year>
  <publication_month>8</publication_month>
  <publication_day>9</publication_day>
  <publisher>Knopf</publisher>
  <language_code>eng</language_code>
  <is_ebook>false</is_ebook>
  <description><![CDATA[Wickedly hilarious and utterly recognizable, <i>Girls in White Dresses</i> tells the story of three women grappling with heartbreak and career change, family pressure and new love—all while suffering through an endless round of weddings and bridal showers.<br /><br />Isabella, Mary, and Lauren feel like everyone they know is getting married. On Sunday after Sunday, at bridal shower after bridal shower, they coo over toasters, collect ribbons and wrapping paper, eat minuscule sandwiches and doll-sized cakes. They wear pastel dresses and drink champagne by the case, but amid the celebration these women have their own lives to contend with: Isabella is working at a mailing-list company, dizzy with the mixed signals of a boss who claims she’s on a diet but has Isabella file all morning if she forgets to bring her a chocolate muffin. Mary thinks she might cry with happiness when she finally meets a nice guy who loves his mother, only to realize he’ll never love Mary quite as much. And Lauren, a waitress at a Midtown bar, swears up and down she won’t fall for the sleazy bartender—a promise that his dirty blond curls and perfect vodka sodas make hard to keep. <br /><br />With a wry sense of humor, Jennifer Close brings us through those thrilling, bewildering, what-on-earth-am-I-going-to-do-with-my-life years of early adulthood. These are the years when everyone else seems to have a plan, a great job, and an appropriate boyfriend, while Isabella has a blind date with a gay man, Mary has a crush on her boss, and Lauren has a goldfish named Willard. Through boozy family holidays and disastrous ski vacations, relationships lost to politics and relationships found in pet stores, <i>Girls in White Dresses</i> pulls us deep inside the circle of these friends, perfectly capturing the wild frustrations and soaring joys of modern life.]]></description>
  <work>
  <id type="integer">14943502</id>
  <books_count type="integer">22</books_count>
  <best_book_id type="integer">10047589</best_book_id>
  <reviews_count type="integer">56691</reviews_count>
  <ratings_sum type="integer">87044</ratings_sum>
  <ratings_count type="integer">27892</ratings_count>
  <text_reviews_count type="integer">2985</text_reviews_count>
  <original_publication_year type="integer">2011</original_publication_year>
  <original_publication_month type="integer">8</original_publication_month>
  <original_publication_day type="integer">9</original_publication_day>
  <original_title>Girls in White Dresses</original_title>
  <original_language_id type="integer" nil="true"/>
  <media_type>book</media_type>
  <rating_dist>5:3478|4:6727|3:9765|2:5529|1:2393|total:27892</rating_dist>
  <desc_user_id type="integer">-50</desc_user_id>
  <default_chaptering_book_id type="integer" nil="true"/>
  <default_description_language_code nil="true"/>
</work>
  <average_rating>3.12</average_rating>
  <num_pages><![CDATA[294]]></num_pages>
  <format><![CDATA[Hardcover]]></format>
  <edition_information><![CDATA[]]></edition_information>
  <ratings_count><![CDATA[25191]]></ratings_count>
  <text_reviews_count><![CDATA[2775]]></text_reviews_count>
  <url><![CDATA[https://www.goodreads.com/book/show/10047589-girls-in-white-dresses]]></url>
  <link><![CDATA[https://www.goodreads.com/book/show/10047589-girls-in-white-dresses]]></link>
  <authors>
<author>
<id>4540172</id>
<name>Jennifer Close</name>
<role></role>
<image_url nophoto='false'>
<![CDATA[https://images.gr-assets.com/authors/1312230838p5/4540172.jpg]]>
</image_url>
<small_image_url nophoto='false'>
<![CDATA[https://images.gr-assets.com/authors/1312230838p2/4540172.jpg]]>
</small_image_url>
<link><![CDATA[https://www.goodreads.com/author/show/4540172.Jennifer_Close]]></link>
<average_rating>3.20</average_rating>
<ratings_count>43103</ratings_count>
<text_reviews_count>4869</text_reviews_count>
</author>
</authors>

    <reviews_widget>
      <![CDATA[
        <style>
  #goodreads-widget {
    font-family: georgia, serif;
    padding: 18px 0;
    width:565px;
  }
  #goodreads-widget h1 {
    font-weight:normal;
    font-size: 16px;
    border-bottom: 1px solid #BBB596;
    margin-bottom: 0;
  }
  #goodreads-widget a {
    text-decoration: none;
    color:#660;
  }
  iframe{
    background-color: #fff;
  }
  #goodreads-widget a:hover { text-decoration: underline; }
  #goodreads-widget a:active {
    color:#660;
  }
  #gr_footer {
    width: 100%;
    border-top: 1px solid #BBB596;
    text-align: right;
  }
  #goodreads-widget .gr_branding{
    color: #382110;
    font-size: 11px;
    text-decoration: none;
    font-family: "Helvetica Neue", Helvetica, Arial, sans-serif;
  }
</style>
<div id="goodreads-widget">
  <div id="gr_header"><h1><a rel="nofollow" href="https://www.goodreads.com/book/show/10047589-girls-in-white-dresses">Girls in White Dresses Reviews</a></h1></div>
  <iframe id="the_iframe" src="https://www.goodreads.com/api/reviews_widget_iframe?did=DEVELOPER_ID&amp;format=html&amp;isbn=0307596850&amp;links=660&amp;min_rating=&amp;review_back=fff&amp;stars=000&amp;text=000" width="565" height="400" frameborder="0"></iframe>
  <div id="gr_footer">
    <a class="gr_branding" target="_blank" rel="nofollow" href="https://www.goodreads.com/book/show/10047589-girls-in-white-dresses?utm_medium=api&amp;utm_source=reviews_widget">Reviews from Goodreads.com</a>
  </div>
</div>

      ]]>
    </reviews_widget>
  <popular_shelves>
      <shelf name="to-read" count="24405"/>
      <shelf name="currently-reading" count="642"/>
      <shelf name="fiction" count="334"/>
      <shelf name="chick-lit" count="321"/>
      <shelf name="favorites" count="86"/>
      <shelf name="book-club" count="74"/>
      <shelf name="adult-fiction" count="60"/>
      <shelf name="contemporary" count="56"/>
      <shelf name="adult" count="54"/>
      <shelf name="library" count="52"/>
      <shelf name="romance" count="51"/>
      <shelf name="kindle" count="40"/>
      <shelf name="books-i-own" count="38"/>
      <shelf name="chicklit" count="38"/>
      <shelf name="audiobooks" count="37"/>
      <shelf name="read-in-2012" count="36"/>
      <shelf name="audio" count="35"/>
      <shelf name="contemporary-fiction" count="35"/>
      <shelf name="humor" count="31"/>
      <shelf name="read-in-2013" count="27"/>
      <shelf name="beach-reads" count="27"/>
      <shelf name="abandoned" count="27"/>
      <shelf name="friendship" count="27"/>
      <shelf name="audiobook" count="26"/>
      <shelf name="didn-t-finish" count="25"/>
      <shelf name="chic-lit" count="24"/>
      <shelf name="ebook" count="24"/>
      <shelf name="owned" count="22"/>
      <shelf name="short-stories" count="22"/>
      <shelf name="novels" count="20"/>
      <shelf name="read-in-2011" count="20"/>
      <shelf name="to-buy" count="18"/>
      <shelf name="ebooks" count="18"/>
      <shelf name="read-in-2014" count="17"/>
      <shelf name="audio-books" count="17"/>
      <shelf name="summer-reads" count="16"/>
      <shelf name="realistic-fiction" count="16"/>
      <shelf name="read-in-2015" count="15"/>
      <shelf name="unfinished" count="15"/>
      <shelf name="dnf" count="15"/>
      <shelf name="did-not-finish" count="15"/>
      <shelf name="audio-book" count="14"/>
      <shelf name="womens-fiction" count="14"/>
      <shelf name="to-read-fiction" count="14"/>
      <shelf name="quarter-life-crisis" count="13"/>
      <shelf name="borrowed" count="13"/>
      <shelf name="library-books" count="13"/>
      <shelf name="read-2014" count="12"/>
      <shelf name="summer-reading" count="12"/>
      <shelf name="women-s-fiction" count="12"/>
      <shelf name="relationships" count="12"/>
      <shelf name="nook" count="12"/>
      <shelf name="wish-list" count="12"/>
      <shelf name="2013-books" count="11"/>
      <shelf name="couldn-t-finish" count="11"/>
      <shelf name="2012-reads" count="11"/>
      <shelf name="new-adult" count="11"/>
      <shelf name="e-books" count="11"/>
      <shelf name="read-in-2016" count="10"/>
      <shelf name="read-2015" count="10"/>
      <shelf name="funny" count="10"/>
      <shelf name="overdrive" count="10"/>
      <shelf name="gave-up-on" count="10"/>
      <shelf name="new-york" count="10"/>
      <shelf name="bookclub" count="10"/>
      <shelf name="library-book" count="10"/>
      <shelf name="books-to-read-in-your-20s" count="9"/>
      <shelf name="2013-reads" count="9"/>
      <shelf name="books-read-in-2012" count="9"/>
      <shelf name="stopped-reading" count="9"/>
      <shelf name="women" count="9"/>
      <shelf name="2011-books" count="9"/>
      <shelf name="general-fiction" count="9"/>
      <shelf name="read-2013" count="8"/>
      <shelf name="read-fiction" count="8"/>
      <shelf name="need-to-buy" count="8"/>
      <shelf name="maybe" count="8"/>
      <shelf name="new-york-city" count="8"/>
      <shelf name="on-my-kindle" count="8"/>
      <shelf name="2015-books" count="7"/>
      <shelf name="owned-books" count="7"/>
      <shelf name="2012-books" count="7"/>
      <shelf name="modern-fiction" count="7"/>
      <shelf name="book-club-books" count="7"/>
      <shelf name="e-book" count="7"/>
      <shelf name="fluff" count="7"/>
      <shelf name="arc" count="7"/>
      <shelf name="2015-reading-challenge" count="6"/>
      <shelf name="summer-2014" count="6"/>
      <shelf name="stand-alone" count="6"/>
      <shelf name="my-books" count="6"/>
      <shelf name="just-for-fun" count="6"/>
      <shelf name="read-2012" count="6"/>
      <shelf name="adult-books" count="6"/>
      <shelf name="book-club-reads" count="6"/>
      <shelf name="novel" count="6"/>
      <shelf name="read-in-2017" count="5"/>
      <shelf name="2016-reads" count="5"/>
      <shelf name="read-2016" count="5"/>
      <shelf name="2015-reads" count="5"/>
  </popular_shelves>
  <book_links>
    <book_link>
  <id>8</id>
  <name>Libraries</name>
  <link>https://www.goodreads.com/book_link/follow/8</link>
</book_link>

  </book_links>
  <buy_links>
    <buy_link>
<id>1</id>
<name>Amazon</name>
<link>https://www.goodreads.com/book_link/follow/1</link>
</buy_link>
<buy_link>
<id>10</id>
<name>Audible</name>
<link>https://www.goodreads.com/book_link/follow/10</link>
</buy_link>
<buy_link>
<id>3</id>
<name>Barnes &amp; Noble</name>
<link>https://www.goodreads.com/book_link/follow/3</link>
</buy_link>
<buy_link>
<id>1027</id>
<name>Kobo</name>
<link>https://www.goodreads.com/book_link/follow/1027</link>
</buy_link>
<buy_link>
<id>2102</id>
<name>Apple iBooks</name>
<link>https://www.goodreads.com/book_link/follow/2102</link>
</buy_link>
<buy_link>
<id>8036</id>
<name>Google Play</name>
<link>https://www.goodreads.com/book_link/follow/8036</link>
</buy_link>
<buy_link>
<id>4</id>
<name>Abebooks</name>
<link>https://www.goodreads.com/book_link/follow/4</link>
</buy_link>
<buy_link>
<id>882</id>
<name>Book Depository</name>
<link>https://www.goodreads.com/book_link/follow/882</link>
</buy_link>
<buy_link>
<id>9</id>
<name>Indigo</name>
<link>https://www.goodreads.com/book_link/follow/9</link>
</buy_link>
<buy_link>
<id>2</id>
<name>Half.com</name>
<link>https://www.goodreads.com/book_link/follow/2</link>
</buy_link>
<buy_link>
<id>5</id>
<name>Alibris</name>
<link>https://www.goodreads.com/book_link/follow/5</link>
</buy_link>
<buy_link>
<id>107</id>
<name>Better World Books</name>
<link>https://www.goodreads.com/book_link/follow/107</link>
</buy_link>
<buy_link>
<id>7</id>
<name>IndieBound</name>
<link>https://www.goodreads.com/book_link/follow/7</link>
</buy_link>

  </buy_links>
  <series_works>
    
  </series_works>
  <similar_books>
          <book>
<id>7089292</id>
<title><![CDATA[Bitches on a Budget: Sage Advice for Surviving Tough Times in Style]]></title>
<title_without_series><![CDATA[Bitches on a Budget: Sage Advice for Surviving Tough Times in Style]]></title_without_series>
<link><![CDATA[https://www.goodreads.com/book/show/7089292-bitches-on-a-budget]]></link>
<small_image_url><![CDATA[https://s.gr-assets.com/assets/nophoto/book/50x75-a91bf249278a81aabab721ef782c4a74.png]]></small_image_url>
<image_url><![CDATA[https://s.gr-assets.com/assets/nophoto/book/111x148-bcc042a9c91a29c1d680899eff700a03.png]]></image_url>
<num_pages>336</num_pages>
<work>
<id>7345242</id>
</work>
<isbn>0451229177</isbn>
<isbn13>9780451229175</isbn13>
<average_rating>2.91</average_rating>
<ratings_count>245</ratings_count>
<publication_year>2009</publication_year>
<publication_month>12</publication_month>
<publication_day>29</publication_day>
<authors>
<author>
<id>3152048</id>
<name>Rosalyn Hoffman</name>
<link><![CDATA[https://www.goodreads.com/author/show/3152048.Rosalyn_Hoffman]]></link>
</author>
</authors>
</book>

          <book>
<id>210633</id>
<title><![CDATA[What Did I Do Wrong?: When Women Don't Tell Each Other the Friendship Is Over]]></title>
<title_without_series><![CDATA[What Did I Do Wrong?: When Women Don't Tell Each Other the Friendship Is Over]]></title_without_series>
<link><![CDATA[https://www.goodreads.com/book/show/210633.What_Did_I_Do_Wrong_]]></link>
<small_image_url><![CDATA[https://s.gr-assets.com/assets/nophoto/book/50x75-a91bf249278a81aabab721ef782c4a74.png]]></small_image_url>
<image_url><![CDATA[https://s.gr-assets.com/assets/nophoto/book/111x148-bcc042a9c91a29c1d680899eff700a03.png]]></image_url>
<num_pages>193</num_pages>
<work>
<id>203868</id>
</work>
<isbn>0743286316</isbn>
<isbn13>9780743286312</isbn13>
<average_rating>3.59</average_rating>
<ratings_count>367</ratings_count>
<publication_year>2006</publication_year>
<publication_month>3</publication_month>
<publication_day>1</publication_day>
<authors>
<author>
<id>123303</id>
<name>Liz Pryor</name>
<link><![CDATA[https://www.goodreads.com/author/show/123303.Liz_Pryor]]></link>
</author>
</authors>
</book>

          <book>
<id>835179</id>
<title><![CDATA[Single: The Art of Being Satisfied, Fulfilled and Independent]]></title>
<title_without_series><![CDATA[Single: The Art of Being Satisfied, Fulfilled and Independent]]></title_without_series>
<link><![CDATA[https://www.goodreads.com/book/show/835179.Single]]></link>
<small_image_url><![CDATA[https://s.gr-assets.com/assets/nophoto/book/50x75-a91bf249278a81aabab721ef782c4a74.png]]></small_image_url>
<image_url><![CDATA[https://s.gr-assets.com/assets/nophoto/book/111x148-bcc042a9c91a29c1d680899eff700a03.png]]></image_url>
<num_pages></num_pages>
<work>
<id>820793</id>
</work>
<isbn>1593371543</isbn>
<isbn13>9781593371548</isbn13>
<average_rating>3.60</average_rating>
<ratings_count>321</ratings_count>
<publication_year></publication_year>
<publication_month></publication_month>
<publication_day></publication_day>
<authors>
<author>
<id>80312</id>
<name>Judy Ford</name>
<link><![CDATA[https://www.goodreads.com/author/show/80312.Judy_Ford]]></link>
</author>
</authors>
</book>

          <book>
<id>13151168</id>
<title>Magnified World</title>
<title_without_series>Magnified World</title_without_series>
<link><![CDATA[https://www.goodreads.com/book/show/13151168-magnified-world]]></link>
<small_image_url><![CDATA[https://images.gr-assets.com/books/1331749278s/13151168.jpg]]></small_image_url>
<image_url><![CDATA[https://images.gr-assets.com/books/1331749278m/13151168.jpg]]></image_url>
<num_pages>352</num_pages>
<work>
<id>18329182</id>
</work>
<isbn>0307360377</isbn>
<isbn13>9780307360373</isbn13>
<average_rating>3.37</average_rating>
<ratings_count>236</ratings_count>
<publication_year>2012</publication_year>
<publication_month>5</publication_month>
<publication_day>29</publication_day>
<authors>
<author>
<id>5340637</id>
<name>Grace O&apos;Connell</name>
<link><![CDATA[https://www.goodreads.com/author/show/5340637.Grace_O_Connell]]></link>
</author>
</authors>
</book>

          <book>
<id>116917</id>
<title><![CDATA[What I Know Now: Letters to My Younger Self]]></title>
<title_without_series><![CDATA[What I Know Now: Letters to My Younger Self]]></title_without_series>
<link><![CDATA[https://www.goodreads.com/book/show/116917.What_I_Know_Now]]></link>
<small_image_url><![CDATA[https://images.gr-assets.com/books/1320397534s/116917.jpg]]></small_image_url>
<image_url><![CDATA[https://images.gr-assets.com/books/1320397534m/116917.jpg]]></image_url>
<num_pages></num_pages>
<work>
<id>112586</id>
</work>
<isbn>0767917898</isbn>
<isbn13>9780767917896</isbn13>
<average_rating>3.44</average_rating>
<ratings_count>1803</ratings_count>
<publication_year></publication_year>
<publication_month></publication_month>
<publication_day></publication_day>
<authors>
<author>
<id>67783</id>
<name>Ellyn Spragins</name>
<link><![CDATA[https://www.goodreads.com/author/show/67783.Ellyn_Spragins]]></link>
</author>
</authors>
</book>

          <book>
<id>319220</id>
<title><![CDATA[20-Something, 20-Everything: A Quarter-Life Woman's Guide to Balance and Direction]]></title>
<title_without_series><![CDATA[20-Something, 20-Everything: A Quarter-Life Woman's Guide to Balance and Direction]]></title_without_series>
<link><![CDATA[https://www.goodreads.com/book/show/319220.20_Something_20_Everything]]></link>
<small_image_url><![CDATA[https://images.gr-assets.com/books/1328746057s/319220.jpg]]></small_image_url>
<image_url><![CDATA[https://images.gr-assets.com/books/1328746057m/319220.jpg]]></image_url>
<num_pages>329</num_pages>
<work>
<id>309990</id>
</work>
<isbn>157731476X</isbn>
<isbn13>9781577314769</isbn13>
<average_rating>3.52</average_rating>
<ratings_count>1475</ratings_count>
<publication_year>2005</publication_year>
<publication_month>4</publication_month>
<publication_day>27</publication_day>
<authors>
<author>
<id>183449</id>
<name>Christine Hassler</name>
<link><![CDATA[https://www.goodreads.com/author/show/183449.Christine_Hassler]]></link>
</author>
</authors>
</book>

          <book>
<id>13373153</id>
<title><![CDATA[On the Outside Looking Indian: How My Second Childhood Changed My Life]]></title>
<title_without_series><![CDATA[On the Outside Looking Indian: How My Second Childhood Changed My Life]]></title_without_series>
<link><![CDATA[https://www.goodreads.com/book/show/13373153-on-the-outside-looking-indian]]></link>
<small_image_url><![CDATA[https://s.gr-assets.com/assets/nophoto/book/50x75-a91bf249278a81aabab721ef782c4a74.png]]></small_image_url>
<image_url><![CDATA[https://s.gr-assets.com/assets/nophoto/book/111x148-bcc042a9c91a29c1d680899eff700a03.png]]></image_url>
<num_pages></num_pages>
<work>
<id>18602649</id>
</work>
<isbn>1594485771</isbn>
<isbn13>9781594485770</isbn13>
<average_rating>3.27</average_rating>
<ratings_count>477</ratings_count>
<publication_year></publication_year>
<publication_month></publication_month>
<publication_day></publication_day>
<authors>
<author>
<id>4572097</id>
<name>Rupinder Gill</name>
<link><![CDATA[https://www.goodreads.com/author/show/4572097.Rupinder_Gill]]></link>
</author>
</authors>
</book>

          <book>
<id>10199876</id>
<title><![CDATA[How to Raise a Boyfriend: The Definitive Manual for Educating Your Man]]></title>
<title_without_series><![CDATA[How to Raise a Boyfriend: The Definitive Manual for Educating Your Man]]></title_without_series>
<link><![CDATA[https://www.goodreads.com/book/show/10199876-how-to-raise-a-boyfriend]]></link>
<small_image_url><![CDATA[https://images.gr-assets.com/books/1320541821s/10199876.jpg]]></small_image_url>
<image_url><![CDATA[https://images.gr-assets.com/books/1320541821m/10199876.jpg]]></image_url>
<num_pages>184</num_pages>
<work>
<id>15099111</id>
</work>
<isbn>0385670486</isbn>
<isbn13>9780385670487</isbn13>
<average_rating>2.53</average_rating>
<ratings_count>43</ratings_count>
<publication_year>2011</publication_year>
<publication_month>2</publication_month>
<publication_day>1</publication_day>
<authors>
<author>
<id>248561</id>
<name>Rebecca Eckler</name>
<link><![CDATA[https://www.goodreads.com/author/show/248561.Rebecca_Eckler]]></link>
</author>
</authors>
</book>

          <book>
<id>7170609</id>
<title><![CDATA[Have Him at Hello: Confessions from 1,000 Guys About What Makes Them Fall in Love . . . Or Never Call Back]]></title>
<title_without_series><![CDATA[Have Him at Hello: Confessions from 1,000 Guys About What Makes Them Fall in Love . . . Or Never Call Back]]></title_without_series>
<link><![CDATA[https://www.goodreads.com/book/show/7170609-have-him-at-hello]]></link>
<small_image_url><![CDATA[https://images.gr-assets.com/books/1320391289s/7170609.jpg]]></small_image_url>
<image_url><![CDATA[https://images.gr-assets.com/books/1320391289m/7170609.jpg]]></image_url>
<num_pages>304</num_pages>
<work>
<id>7580723</id>
</work>
<isbn>0307406547</isbn>
<isbn13>9780307406545</isbn13>
<average_rating>3.25</average_rating>
<ratings_count>209</ratings_count>
<publication_year>2010</publication_year>
<publication_month>3</publication_month>
<publication_day>9</publication_day>
<authors>
<author>
<id>354171</id>
<name>Rachel Greenwald</name>
<link><![CDATA[https://www.goodreads.com/author/show/354171.Rachel_Greenwald]]></link>
</author>
</authors>
</book>

          <book>
<id>6080420</id>
<title>Commencement </title>
<title_without_series>Commencement</title_without_series>
<link><![CDATA[https://www.goodreads.com/book/show/6080420-commencement]]></link>
<small_image_url><![CDATA[https://images.gr-assets.com/books/1392259807s/6080420.jpg]]></small_image_url>
<image_url><![CDATA[https://images.gr-assets.com/books/1392259807m/6080420.jpg]]></image_url>
<num_pages>320</num_pages>
<work>
<id>6257109</id>
</work>
<isbn>0307270742</isbn>
<isbn13>9780307270740</isbn13>
<average_rating>3.36</average_rating>
<ratings_count>13857</ratings_count>
<publication_year>2009</publication_year>
<publication_month>6</publication_month>
<publication_day>16</publication_day>
<authors>
<author>
<id>486136</id>
<name>J. Courtney Sullivan</name>
<link><![CDATA[https://www.goodreads.com/author/show/486136.J_Courtney_Sullivan]]></link>
</author>
</authors>
</book>

          <book>
<id>12360163</id>
<title>These Girls</title>
<title_without_series>These Girls</title_without_series>
<link><![CDATA[https://www.goodreads.com/book/show/12360163-these-girls]]></link>
<small_image_url><![CDATA[https://images.gr-assets.com/books/1334172766s/12360163.jpg]]></small_image_url>
<image_url><![CDATA[https://images.gr-assets.com/books/1334172766m/12360163.jpg]]></image_url>
<num_pages>325</num_pages>
<work>
<id>17340146</id>
</work>
<isbn>1451612540</isbn>
<isbn13>9781451612547</isbn13>
<average_rating>3.64</average_rating>
<ratings_count>6042</ratings_count>
<publication_year></publication_year>
<publication_month></publication_month>
<publication_day></publication_day>
<authors>
<author>
<id>2982045</id>
<name>Sarah Pekkanen</name>
<link><![CDATA[https://www.goodreads.com/author/show/2982045.Sarah_Pekkanen]]></link>
</author>
</authors>
</book>

          <book>
<id>12109074</id>
<title>Four of a Kind</title>
<title_without_series>Four of a Kind</title_without_series>
<link><![CDATA[https://www.goodreads.com/book/show/12109074-four-of-a-kind]]></link>
<small_image_url><![CDATA[https://images.gr-assets.com/books/1333577672s/12109074.jpg]]></small_image_url>
<image_url><![CDATA[https://images.gr-assets.com/books/1333577672m/12109074.jpg]]></image_url>
<num_pages>344</num_pages>
<work>
<id>17078117</id>
</work>
<isbn>034552540X</isbn>
<isbn13>9780345525406</isbn13>
<average_rating>3.42</average_rating>
<ratings_count>1773</ratings_count>
<publication_year>2012</publication_year>
<publication_month>2</publication_month>
<publication_day>7</publication_day>
<authors>
<author>
<id>93434</id>
<name>Valerie Frankel</name>
<link><![CDATA[https://www.goodreads.com/author/show/93434.Valerie_Frankel]]></link>
</author>
</authors>
</book>

          <book>
<id>11374294</id>
<title>Bond Girl</title>
<title_without_series>Bond Girl</title_without_series>
<link><![CDATA[https://www.goodreads.com/book/show/11374294-bond-girl]]></link>
<small_image_url><![CDATA[https://images.gr-assets.com/books/1315454399s/11374294.jpg]]></small_image_url>
<image_url><![CDATA[https://images.gr-assets.com/books/1315454399m/11374294.jpg]]></image_url>
<num_pages>290</num_pages>
<work>
<id>16305364</id>
</work>
<isbn>0062065890</isbn>
<isbn13>9780062065896</isbn13>
<average_rating>3.55</average_rating>
<ratings_count>4720</ratings_count>
<publication_year></publication_year>
<publication_month></publication_month>
<publication_day></publication_day>
<authors>
<author>
<id>4855394</id>
<name>Erin Duffy</name>
<link><![CDATA[https://www.goodreads.com/author/show/4855394.Erin_Duffy]]></link>
</author>
</authors>
</book>

          <book>
<id>2744237</id>
<title>Daughters of the North</title>
<title_without_series>Daughters of the North</title_without_series>
<link><![CDATA[https://www.goodreads.com/book/show/2744237-daughters-of-the-north]]></link>
<small_image_url><![CDATA[https://s.gr-assets.com/assets/nophoto/book/50x75-a91bf249278a81aabab721ef782c4a74.png]]></small_image_url>
<image_url><![CDATA[https://s.gr-assets.com/assets/nophoto/book/111x148-bcc042a9c91a29c1d680899eff700a03.png]]></image_url>
<num_pages>210</num_pages>
<work>
<id>3798847</id>
</work>
<isbn>0061430366</isbn>
<isbn13>9780061430367</isbn13>
<average_rating>3.37</average_rating>
<ratings_count>2877</ratings_count>
<publication_year></publication_year>
<publication_month></publication_month>
<publication_day></publication_day>
<authors>
<author>
<id>182771</id>
<name>Sarah Hall</name>
<link><![CDATA[https://www.goodreads.com/author/show/182771.Sarah_Hall]]></link>
</author>
</authors>
</book>

          <book>
<id>7794528</id>
<title>With Friends Like These</title>
<title_without_series>With Friends Like These</title_without_series>
<link><![CDATA[https://www.goodreads.com/book/show/7794528-with-friends-like-these]]></link>
<small_image_url><![CDATA[https://images.gr-assets.com/books/1320418710s/7794528.jpg]]></small_image_url>
<image_url><![CDATA[https://images.gr-assets.com/books/1320418710m/7794528.jpg]]></image_url>
<num_pages></num_pages>
<work>
<id>10759427</id>
</work>
<isbn>0345506227</isbn>
<isbn13>9780345506221</isbn13>
<average_rating>3.31</average_rating>
<ratings_count>769</ratings_count>
<publication_year></publication_year>
<publication_month></publication_month>
<publication_day></publication_day>
<authors>
<author>
<id>66632</id>
<name>Sally Koslow</name>
<link><![CDATA[https://www.goodreads.com/author/show/66632.Sally_Koslow]]></link>
</author>
</authors>
</book>

          <book>
<id>9584244</id>
<title>The Arrivals</title>
<title_without_series>The Arrivals</title_without_series>
<link><![CDATA[https://www.goodreads.com/book/show/9584244-the-arrivals]]></link>
<small_image_url><![CDATA[https://s.gr-assets.com/assets/nophoto/book/50x75-a91bf249278a81aabab721ef782c4a74.png]]></small_image_url>
<image_url><![CDATA[https://s.gr-assets.com/assets/nophoto/book/111x148-bcc042a9c91a29c1d680899eff700a03.png]]></image_url>
<num_pages>336</num_pages>
<work>
<id>14471191</id>
</work>
<isbn>0316097713</isbn>
<isbn13>9780316097710</isbn13>
<average_rating>3.44</average_rating>
<ratings_count>2105</ratings_count>
<publication_year>2011</publication_year>
<publication_month>5</publication_month>
<publication_day>25</publication_day>
<authors>
<author>
<id>4428533</id>
<name>Meg Mitchell Moore</name>
<link><![CDATA[https://www.goodreads.com/author/show/4428533.Meg_Mitchell_Moore]]></link>
</author>
</authors>
</book>

          <book>
<id>153174</id>
<title>Still Life With Husband</title>
<title_without_series>Still Life With Husband</title_without_series>
<link><![CDATA[https://www.goodreads.com/book/show/153174.Still_Life_With_Husband]]></link>
<small_image_url><![CDATA[https://s.gr-assets.com/assets/nophoto/book/50x75-a91bf249278a81aabab721ef782c4a74.png]]></small_image_url>
<image_url><![CDATA[https://s.gr-assets.com/assets/nophoto/book/111x148-bcc042a9c91a29c1d680899eff700a03.png]]></image_url>
<num_pages>272</num_pages>
<work>
<id>147856</id>
</work>
<isbn>0307264912</isbn>
<isbn13>9780307264916</isbn13>
<average_rating>3.03</average_rating>
<ratings_count>975</ratings_count>
<publication_year>2007</publication_year>
<publication_month>2</publication_month>
<publication_day>6</publication_day>
<authors>
<author>
<id>88588</id>
<name>Lauren Fox</name>
<link><![CDATA[https://www.goodreads.com/author/show/88588.Lauren_Fox]]></link>
</author>
</authors>
</book>

          <book>
<id>7775640</id>
<title><![CDATA[A Place of Yes: 10 Rules for Getting Everything You Want Out of Life]]></title>
<title_without_series><![CDATA[A Place of Yes: 10 Rules for Getting Everything You Want Out of Life]]></title_without_series>
<link><![CDATA[https://www.goodreads.com/book/show/7775640-a-place-of-yes]]></link>
<small_image_url><![CDATA[https://images.gr-assets.com/books/1300893931s/7775640.jpg]]></small_image_url>
<image_url><![CDATA[https://images.gr-assets.com/books/1300893931m/7775640.jpg]]></image_url>
<num_pages>324</num_pages>
<work>
<id>10682143</id>
</work>
<isbn>1439186901</isbn>
<isbn13>9781439186909</isbn13>
<average_rating>3.48</average_rating>
<ratings_count>2554</ratings_count>
<publication_year></publication_year>
<publication_month></publication_month>
<publication_day></publication_day>
<authors>
<author>
<id>2851433</id>
<name>Bethenny Frankel</name>
<link><![CDATA[https://www.goodreads.com/author/show/2851433.Bethenny_Frankel]]></link>
</author>
</authors>
</book>

  </similar_books>
</book>

</GoodreadsResponse>