<?xml version="1.0" encoding="UTF-8"?>
<GoodreadsResponse>
  <Request>
    <authentication>true</authentication>
      <key><![CDATA[all_men_must_serve]]></key>
    <method><![CDATA[book_show]]></method>
  </Request>
  <book>
  <id>10059498</id>
  <title>The Midwife&apos;s Confession</title>
  <isbn><![CDATA[0778329860]]></isbn>
  <isbn13><![CDATA[9780778329862]]></isbn13>
  <asin><![CDATA[]]></asin>
  <kindle_asin><![CDATA[B004VSTP08]]></kindle_asin>
  <marketplace_id><![CDATA[A1F83G8C2ARO7P]]></marketplace_id>
  <country_code><![CDATA[GB]]></country_code>
  <image_url>https://images.gr-assets.com/books/1323870279m/10059498.jpg</image_url>
  <small_image_url>https://images.gr-assets.com/books/1323870279s/10059498.jpg</small_image_url>
  <publication_year>2011</publication_year>
  <publication_month>4</publication_month>
  <publication_day>26</publication_day>
  <publisher>Mira</publisher>
  <language_code>eng</language_code>
  <is_ebook>false</is_ebook>
  <description><![CDATA[<i>Dear Anna,<br />What I have to tell you is difficult to write, but I know it will be far more difficult for you to hear, and I'm so sorry—</i><br /><br />The unfinished letter is the only clue Tara and Emerson have to the reason behind their close friend Noelle's suicide. Everything they knew about Noelle—her calling as a midwife, her passion for causes, her love for her friends and family—described a woman who <i>embraced</i> life.<br /><br />Yet there was so much they <i>didn't</i> know.<br /><br />With the discovery of the letter and its heartbreaking secret, Noelle's friends begin to uncover the truth about this complex woman who touched each of their lives - and the life of a desperate stranger - with love and betrayal, compassion and deceit.]]></description>
  <work>
  <id type="integer">14955690</id>
  <books_count type="integer">31</books_count>
  <best_book_id type="integer">10059498</best_book_id>
  <reviews_count type="integer">59115</reviews_count>
  <ratings_sum type="integer">115689</ratings_sum>
  <ratings_count type="integer">28589</ratings_count>
  <text_reviews_count type="integer">2933</text_reviews_count>
  <original_publication_year type="integer">2011</original_publication_year>
  <original_publication_month type="integer" nil="true"/>
  <original_publication_day type="integer" nil="true"/>
  <original_title>The Midwife's Confession</original_title>
  <original_language_id type="integer" nil="true"/>
  <media_type>book</media_type>
  <rating_dist>5:9626|4:12254|3:5415|2:1004|1:290|total:28589</rating_dist>
  <desc_user_id type="integer">15202946</desc_user_id>
  <default_chaptering_book_id type="integer" nil="true"/>
  <default_description_language_code nil="true"/>
</work>
  <average_rating>4.05</average_rating>
  <num_pages><![CDATA[417]]></num_pages>
  <format><![CDATA[Paperback]]></format>
  <edition_information><![CDATA[]]></edition_information>
  <ratings_count><![CDATA[24297]]></ratings_count>
  <text_reviews_count><![CDATA[2453]]></text_reviews_count>
  <url><![CDATA[https://www.goodreads.com/book/show/10059498-the-midwife-s-confession]]></url>
  <link><![CDATA[https://www.goodreads.com/book/show/10059498-the-midwife-s-confession]]></link>
  <authors>
<author>
<id>93345</id>
<name>Diane Chamberlain</name>
<role></role>
<image_url nophoto='false'>
<![CDATA[https://images.gr-assets.com/authors/1366490290p5/93345.jpg]]>
</image_url>
<small_image_url nophoto='false'>
<![CDATA[https://images.gr-assets.com/authors/1366490290p2/93345.jpg]]>
</small_image_url>
<link><![CDATA[https://www.goodreads.com/author/show/93345.Diane_Chamberlain]]></link>
<average_rating>4.03</average_rating>
<ratings_count>261171</ratings_count>
<text_reviews_count>24522</text_reviews_count>
</author>
</authors>

    <reviews_widget>
      <![CDATA[
        <style>
  #goodreads-widget {
    font-family: georgia, serif;
    padding: 18px 0;
    width:565px;
  }
  #goodreads-widget h1 {
    font-weight:normal;
    font-size: 16px;
    border-bottom: 1px solid #BBB596;
    margin-bottom: 0;
  }
  #goodreads-widget a {
    text-decoration: none;
    color:#660;
  }
  iframe{
    background-color: #fff;
  }
  #goodreads-widget a:hover { text-decoration: underline; }
  #goodreads-widget a:active {
    color:#660;
  }
  #gr_footer {
    width: 100%;
    border-top: 1px solid #BBB596;
    text-align: right;
  }
  #goodreads-widget .gr_branding{
    color: #382110;
    font-size: 11px;
    text-decoration: none;
    font-family: "Helvetica Neue", Helvetica, Arial, sans-serif;
  }
</style>
<div id="goodreads-widget">
  <div id="gr_header"><h1><a rel="nofollow" href="https://www.goodreads.com/book/show/10059498-the-midwife-s-confession">The Midwife&#39;s Confession Reviews</a></h1></div>
  <iframe id="the_iframe" src="https://www.goodreads.com/api/reviews_widget_iframe?did=DEVELOPER_ID&amp;format=html&amp;isbn=0778329860&amp;links=660&amp;min_rating=&amp;review_back=fff&amp;stars=000&amp;text=000" width="565" height="400" frameborder="0"></iframe>
  <div id="gr_footer">
    <a class="gr_branding" target="_blank" rel="nofollow" href="https://www.goodreads.com/book/show/10059498-the-midwife-s-confession?utm_medium=api&amp;utm_source=reviews_widget">Reviews from Goodreads.com</a>
  </div>
</div>

      ]]>
    </reviews_widget>
  <popular_shelves>
      <shelf name="to-read" count="3401"/>
      <shelf name="currently-reading" count="404"/>
      <shelf name="fiction" count="299"/>
      <shelf name="chick-lit" count="136"/>
      <shelf name="favorites" count="128"/>
      <shelf name="mystery" count="115"/>
      <shelf name="book-club" count="103"/>
      <shelf name="kindle" count="86"/>
      <shelf name="diane-chamberlain" count="68"/>
      <shelf name="contemporary" count="67"/>
      <shelf name="drama" count="50"/>
      <shelf name="books-i-own" count="39"/>
      <shelf name="contemporary-fiction" count="36"/>
      <shelf name="library" count="34"/>
      <shelf name="read-in-2011" count="32"/>
      <shelf name="read-in-2014" count="29"/>
      <shelf name="audio" count="28"/>
      <shelf name="read-in-2012" count="28"/>
      <shelf name="womens-fiction" count="28"/>
      <shelf name="adult-fiction" count="27"/>
      <shelf name="adult" count="26"/>
      <shelf name="wish-list" count="26"/>
      <shelf name="family" count="24"/>
      <shelf name="ebooks" count="23"/>
      <shelf name="read-2011" count="22"/>
      <shelf name="audiobooks" count="21"/>
      <shelf name="audible" count="21"/>
      <shelf name="ebook" count="20"/>
      <shelf name="thriller" count="18"/>
      <shelf name="nook" count="18"/>
      <shelf name="general-fiction" count="18"/>
      <shelf name="women-s-fiction" count="18"/>
      <shelf name="read-in-2015" count="17"/>
      <shelf name="read-2014" count="17"/>
      <shelf name="owned" count="17"/>
      <shelf name="to-buy" count="17"/>
      <shelf name="read-in-2013" count="15"/>
      <shelf name="bookclub" count="15"/>
      <shelf name="read-2012" count="14"/>
      <shelf name="novels" count="14"/>
      <shelf name="i-own" count="13"/>
      <shelf name="audiobook" count="12"/>
      <shelf name="adoption" count="12"/>
      <shelf name="e-book" count="12"/>
      <shelf name="favourites" count="12"/>
      <shelf name="owned-books" count="11"/>
      <shelf name="on-kindle" count="11"/>
      <shelf name="family-drama" count="11"/>
      <shelf name="audio-book" count="10"/>
      <shelf name="chic-lit" count="10"/>
      <shelf name="friendship" count="10"/>
      <shelf name="e-books" count="10"/>
      <shelf name="suspense" count="10"/>
      <shelf name="audio-books" count="9"/>
      <shelf name="read-2013" count="9"/>
      <shelf name="overdrive" count="9"/>
      <shelf name="kindle-books" count="9"/>
      <shelf name="books-read-in-2011" count="9"/>
      <shelf name="read-in-2016" count="8"/>
      <shelf name="mystery-thriller" count="8"/>
      <shelf name="book-club-reads" count="8"/>
      <shelf name="borrowed" count="8"/>
      <shelf name="2011-reads" count="8"/>
      <shelf name="read-2015" count="7"/>
      <shelf name="books-i-have" count="7"/>
      <shelf name="default" count="7"/>
      <shelf name="finished" count="7"/>
      <shelf name="2012-reads" count="7"/>
      <shelf name="midwifery" count="7"/>
      <shelf name="realistic-fiction" count="7"/>
      <shelf name="midwives" count="7"/>
      <shelf name="chicklit" count="7"/>
      <shelf name="my-books" count="7"/>
      <shelf name="recommended" count="7"/>
      <shelf name="2013-read" count="6"/>
      <shelf name="library-book" count="6"/>
      <shelf name="tbr" count="6"/>
      <shelf name="books-read-in-2012" count="6"/>
      <shelf name="library-books" count="6"/>
      <shelf name="2011-read" count="6"/>
      <shelf name="2011-books" count="6"/>
      <shelf name="want-to-read" count="6"/>
      <shelf name="netgalley" count="6"/>
      <shelf name="read-in-2017" count="5"/>
      <shelf name="books-read-in-2015" count="5"/>
      <shelf name="2014-reads" count="5"/>
      <shelf name="books-read-in-2014" count="5"/>
      <shelf name="asap" count="5"/>
      <shelf name="did-not-finish" count="5"/>
      <shelf name="2013-reads" count="5"/>
      <shelf name="book-club-books" count="5"/>
      <shelf name="loved" count="5"/>
      <shelf name="own-it" count="5"/>
      <shelf name="book-club-suggestions" count="5"/>
      <shelf name="historical-fiction" count="5"/>
      <shelf name="literary-fiction" count="5"/>
      <shelf name="at-library" count="5"/>
      <shelf name="favorite-authors" count="5"/>
      <shelf name="2012-books" count="5"/>
      <shelf name="romance" count="5"/>
  </popular_shelves>
  <book_links>
    <book_link>
  <id>8</id>
  <name>Libraries</name>
  <link>https://www.goodreads.com/book_link/follow/8</link>
</book_link>

  </book_links>
  <buy_links>
    <buy_link>
<id>1</id>
<name>Amazon</name>
<link>https://www.goodreads.com/book_link/follow/1</link>
</buy_link>
<buy_link>
<id>10</id>
<name>Audible</name>
<link>https://www.goodreads.com/book_link/follow/10</link>
</buy_link>
<buy_link>
<id>3</id>
<name>Barnes &amp; Noble</name>
<link>https://www.goodreads.com/book_link/follow/3</link>
</buy_link>
<buy_link>
<id>1027</id>
<name>Kobo</name>
<link>https://www.goodreads.com/book_link/follow/1027</link>
</buy_link>
<buy_link>
<id>2102</id>
<name>Apple iBooks</name>
<link>https://www.goodreads.com/book_link/follow/2102</link>
</buy_link>
<buy_link>
<id>8036</id>
<name>Google Play</name>
<link>https://www.goodreads.com/book_link/follow/8036</link>
</buy_link>
<buy_link>
<id>4</id>
<name>Abebooks</name>
<link>https://www.goodreads.com/book_link/follow/4</link>
</buy_link>
<buy_link>
<id>882</id>
<name>Book Depository</name>
<link>https://www.goodreads.com/book_link/follow/882</link>
</buy_link>
<buy_link>
<id>9</id>
<name>Indigo</name>
<link>https://www.goodreads.com/book_link/follow/9</link>
</buy_link>
<buy_link>
<id>2</id>
<name>Half.com</name>
<link>https://www.goodreads.com/book_link/follow/2</link>
</buy_link>
<buy_link>
<id>5</id>
<name>Alibris</name>
<link>https://www.goodreads.com/book_link/follow/5</link>
</buy_link>
<buy_link>
<id>107</id>
<name>Better World Books</name>
<link>https://www.goodreads.com/book_link/follow/107</link>
</buy_link>
<buy_link>
<id>7</id>
<name>IndieBound</name>
<link>https://www.goodreads.com/book_link/follow/7</link>
</buy_link>

  </buy_links>
  <series_works>
    
  </series_works>
  <similar_books>
          <book>
<id>8423841</id>
<title>The Good Sister</title>
<title_without_series>The Good Sister</title_without_series>
<link><![CDATA[https://www.goodreads.com/book/show/8423841-the-good-sister]]></link>
<small_image_url><![CDATA[https://s.gr-assets.com/assets/nophoto/book/50x75-a91bf249278a81aabab721ef782c4a74.png]]></small_image_url>
<image_url><![CDATA[https://s.gr-assets.com/assets/nophoto/book/111x148-bcc042a9c91a29c1d680899eff700a03.png]]></image_url>
<num_pages>324</num_pages>
<work>
<id>13286989</id>
</work>
<isbn>0446535788</isbn>
<isbn13>9780446535786</isbn13>
<average_rating>3.68</average_rating>
<ratings_count>4332</ratings_count>
<publication_year></publication_year>
<publication_month></publication_month>
<publication_day></publication_day>
<authors>
<author>
<id>129951</id>
<name>Drusilla Campbell</name>
<link><![CDATA[https://www.goodreads.com/author/show/129951.Drusilla_Campbell]]></link>
</author>
</authors>
</book>

          <book>
<id>9166559</id>
<title>These Things Hidden</title>
<title_without_series>These Things Hidden</title_without_series>
<link><![CDATA[https://www.goodreads.com/book/show/9166559-these-things-hidden]]></link>
<small_image_url><![CDATA[https://images.gr-assets.com/books/1296001564s/9166559.jpg]]></small_image_url>
<image_url><![CDATA[https://images.gr-assets.com/books/1296001564m/9166559.jpg]]></image_url>
<num_pages>337</num_pages>
<work>
<id>14045698</id>
</work>
<isbn>0778328791</isbn>
<isbn13>9780778328797</isbn13>
<average_rating>3.85</average_rating>
<ratings_count>28978</ratings_count>
<publication_year>2011</publication_year>
<publication_month>1</publication_month>
<publication_day>18</publication_day>
<authors>
<author>
<id>2875124</id>
<name>Heather Gudenkauf</name>
<link><![CDATA[https://www.goodreads.com/author/show/2875124.Heather_Gudenkauf]]></link>
</author>
</authors>
</book>

          <book>
<id>10113312</id>
<title>Best Kept Secret</title>
<title_without_series>Best Kept Secret</title_without_series>
<link><![CDATA[https://www.goodreads.com/book/show/10113312-best-kept-secret]]></link>
<small_image_url><![CDATA[https://images.gr-assets.com/books/1301422067s/10113312.jpg]]></small_image_url>
<image_url><![CDATA[https://images.gr-assets.com/books/1301422067m/10113312.jpg]]></image_url>
<num_pages>352</num_pages>
<work>
<id>15010826</id>
</work>
<isbn>1439193312</isbn>
<isbn13>9781439193310</isbn13>
<average_rating>3.82</average_rating>
<ratings_count>4303</ratings_count>
<publication_year>2011</publication_year>
<publication_month>6</publication_month>
<publication_day>7</publication_day>
<authors>
<author>
<id>576641</id>
<name>Amy Hatvany</name>
<link><![CDATA[https://www.goodreads.com/author/show/576641.Amy_Hatvany]]></link>
</author>
</authors>
</book>

          <book>
<id>2564278</id>
<title>Goodnight, Beautiful</title>
<title_without_series>Goodnight, Beautiful</title_without_series>
<link><![CDATA[https://www.goodreads.com/book/show/2564278-goodnight-beautiful]]></link>
<small_image_url><![CDATA[https://images.gr-assets.com/books/1279481024s/2564278.jpg]]></small_image_url>
<image_url><![CDATA[https://images.gr-assets.com/books/1279481024m/2564278.jpg]]></image_url>
<num_pages>433</num_pages>
<work>
<id>2572781</id>
</work>
<isbn>0751539813</isbn>
<isbn13>9780751539813</isbn13>
<average_rating>4.01</average_rating>
<ratings_count>6597</ratings_count>
<publication_year>2008</publication_year>
<publication_month>2</publication_month>
<publication_day>4</publication_day>
<authors>
<author>
<id>38651</id>
<name>Dorothy Koomson</name>
<link><![CDATA[https://www.goodreads.com/author/show/38651.Dorothy_Koomson]]></link>
</author>
</authors>
</book>

          <book>
<id>4130217</id>
<title>Life Without Summer</title>
<title_without_series>Life Without Summer</title_without_series>
<link><![CDATA[https://www.goodreads.com/book/show/4130217-life-without-summer]]></link>
<small_image_url><![CDATA[https://images.gr-assets.com/books/1312022263s/4130217.jpg]]></small_image_url>
<image_url><![CDATA[https://images.gr-assets.com/books/1312022263m/4130217.jpg]]></image_url>
<num_pages></num_pages>
<work>
<id>4177409</id>
</work>
<isbn>0312383886</isbn>
<isbn13>9780312383886</isbn13>
<average_rating>3.85</average_rating>
<ratings_count>1648</ratings_count>
<publication_year></publication_year>
<publication_month></publication_month>
<publication_day></publication_day>
<authors>
<author>
<id>631479</id>
<name>Lynne Griffin</name>
<link><![CDATA[https://www.goodreads.com/author/show/631479.Lynne_Griffin]]></link>
</author>
</authors>
</book>

          <book>
<id>9593833</id>
<title>Escape</title>
<title_without_series>Escape</title_without_series>
<link><![CDATA[https://www.goodreads.com/book/show/9593833-escape]]></link>
<small_image_url><![CDATA[https://images.gr-assets.com/books/1320469904s/9593833.jpg]]></small_image_url>
<image_url><![CDATA[https://images.gr-assets.com/books/1320469904m/9593833.jpg]]></image_url>
<num_pages>320</num_pages>
<work>
<id>14480845</id>
</work>
<isbn>0385532725</isbn>
<isbn13>9780385532723</isbn13>
<average_rating>3.55</average_rating>
<ratings_count>7771</ratings_count>
<publication_year>2011</publication_year>
<publication_month>7</publication_month>
<publication_day>5</publication_day>
<authors>
<author>
<id>36492</id>
<name>Barbara Delinsky</name>
<link><![CDATA[https://www.goodreads.com/author/show/36492.Barbara_Delinsky]]></link>
</author>
</authors>
</book>

          <book>
<id>8271866</id>
<title>The Kindest Thing</title>
<title_without_series>The Kindest Thing</title_without_series>
<link><![CDATA[https://www.goodreads.com/book/show/8271866-the-kindest-thing]]></link>
<small_image_url><![CDATA[https://s.gr-assets.com/assets/nophoto/book/50x75-a91bf249278a81aabab721ef782c4a74.png]]></small_image_url>
<image_url><![CDATA[https://s.gr-assets.com/assets/nophoto/book/111x148-bcc042a9c91a29c1d680899eff700a03.png]]></image_url>
<num_pages>263</num_pages>
<work>
<id>13120087</id>
</work>
<isbn>1849012733</isbn>
<isbn13>9781849012737</isbn13>
<average_rating>3.64</average_rating>
<ratings_count>535</ratings_count>
<publication_year>2011</publication_year>
<publication_month>1</publication_month>
<publication_day>31</publication_day>
<authors>
<author>
<id>534074</id>
<name>Cath Staincliffe</name>
<link><![CDATA[https://www.goodreads.com/author/show/534074.Cath_Staincliffe]]></link>
</author>
</authors>
</book>

          <book>
<id>10169662</id>
<title>Never Knowing</title>
<title_without_series>Never Knowing</title_without_series>
<link><![CDATA[https://www.goodreads.com/book/show/10169662-never-knowing]]></link>
<small_image_url><![CDATA[https://images.gr-assets.com/books/1294615110s/10169662.jpg]]></small_image_url>
<image_url><![CDATA[https://images.gr-assets.com/books/1294615110m/10169662.jpg]]></image_url>
<num_pages>410</num_pages>
<work>
<id>13723008</id>
</work>
<isbn></isbn>
<isbn13>9780312595685</isbn13>
<average_rating>3.85</average_rating>
<ratings_count>18184</ratings_count>
<publication_year>2011</publication_year>
<publication_month>7</publication_month>
<publication_day>5</publication_day>
<authors>
<author>
<id>3163298</id>
<name>Chevy Stevens</name>
<link><![CDATA[https://www.goodreads.com/author/show/3163298.Chevy_Stevens]]></link>
</author>
</authors>
</book>

          <book>
<id>8134469</id>
<title>The Good Daughters</title>
<title_without_series>The Good Daughters</title_without_series>
<link><![CDATA[https://www.goodreads.com/book/show/8134469-the-good-daughters]]></link>
<small_image_url><![CDATA[https://images.gr-assets.com/books/1282860314s/8134469.jpg]]></small_image_url>
<image_url><![CDATA[https://images.gr-assets.com/books/1282860314m/8134469.jpg]]></image_url>
<num_pages></num_pages>
<work>
<id>12930527</id>
</work>
<isbn>0061994316</isbn>
<isbn13>9780061994319</isbn13>
<average_rating>3.55</average_rating>
<ratings_count>7986</ratings_count>
<publication_year></publication_year>
<publication_month></publication_month>
<publication_day></publication_day>
<authors>
<author>
<id>71438</id>
<name>Joyce Maynard</name>
<link><![CDATA[https://www.goodreads.com/author/show/71438.Joyce_Maynard]]></link>
</author>
</authors>
</book>

          <book>
<id>7895937</id>
<title>Saving Max</title>
<title_without_series>Saving Max</title_without_series>
<link><![CDATA[https://www.goodreads.com/book/show/7895937-saving-max]]></link>
<small_image_url><![CDATA[https://images.gr-assets.com/books/1276789285s/7895937.jpg]]></small_image_url>
<image_url><![CDATA[https://images.gr-assets.com/books/1276789285m/7895937.jpg]]></image_url>
<num_pages>376</num_pages>
<work>
<id>11135837</id>
</work>
<isbn>0778329631</isbn>
<isbn13>9780778329633</isbn13>
<average_rating>3.81</average_rating>
<ratings_count>9297</ratings_count>
<publication_year>2010</publication_year>
<publication_month>9</publication_month>
<publication_day>28</publication_day>
<authors>
<author>
<id>3432845</id>
<name>Antoinette van Heugten</name>
<link><![CDATA[https://www.goodreads.com/author/show/3432845.Antoinette_van_Heugten]]></link>
</author>
</authors>
</book>

          <book>
<id>7775927</id>
<title>Hidden Wives: A Novel</title>
<title_without_series>Hidden Wives: A Novel</title_without_series>
<link><![CDATA[https://www.goodreads.com/book/show/7775927-hidden-wives]]></link>
<small_image_url><![CDATA[https://s.gr-assets.com/assets/nophoto/book/50x75-a91bf249278a81aabab721ef782c4a74.png]]></small_image_url>
<image_url><![CDATA[https://s.gr-assets.com/assets/nophoto/book/111x148-bcc042a9c91a29c1d680899eff700a03.png]]></image_url>
<num_pages></num_pages>
<work>
<id>10683023</id>
</work>
<isbn>0765326892</isbn>
<isbn13>9780765326898</isbn13>
<average_rating>3.69</average_rating>
<ratings_count>1901</ratings_count>
<publication_year></publication_year>
<publication_month></publication_month>
<publication_day></publication_day>
<authors>
<author>
<id>3390667</id>
<name>Claire Avery</name>
<link><![CDATA[https://www.goodreads.com/author/show/3390667.Claire_Avery]]></link>
</author>
</authors>
</book>

          <book>
<id>1470232</id>
<title>Magic Hour</title>
<title_without_series>Magic Hour</title_without_series>
<link><![CDATA[https://www.goodreads.com/book/show/1470232.Magic_Hour]]></link>
<small_image_url><![CDATA[https://images.gr-assets.com/books/1320542057s/1470232.jpg]]></small_image_url>
<image_url><![CDATA[https://images.gr-assets.com/books/1320542057m/1470232.jpg]]></image_url>
<num_pages>451</num_pages>
<work>
<id>1461175</id>
</work>
<isbn>0345467531</isbn>
<isbn13>9780345467539</isbn13>
<average_rating>4.10</average_rating>
<ratings_count>31238</ratings_count>
<publication_year>2007</publication_year>
<publication_month>11</publication_month>
<publication_day>27</publication_day>
<authors>
<author>
<id>54493</id>
<name>Kristin Hannah</name>
<link><![CDATA[https://www.goodreads.com/author/show/54493.Kristin_Hannah]]></link>
</author>
</authors>
</book>

          <book>
<id>7520389</id>
<title>A Sister&apos;s Gift</title>
<title_without_series>A Sister&apos;s Gift</title_without_series>
<link><![CDATA[https://www.goodreads.com/book/show/7520389-a-sister-s-gift]]></link>
<small_image_url><![CDATA[https://images.gr-assets.com/books/1276972862s/7520389.jpg]]></small_image_url>
<image_url><![CDATA[https://images.gr-assets.com/books/1276972862m/7520389.jpg]]></image_url>
<num_pages>409</num_pages>
<work>
<id>9739602</id>
</work>
<isbn>1847560695</isbn>
<isbn13>9781847560698</isbn13>
<average_rating>3.49</average_rating>
<ratings_count>1276</ratings_count>
<publication_year>2010</publication_year>
<publication_month>1</publication_month>
<publication_day>1</publication_day>
<authors>
<author>
<id>606591</id>
<name>Giselle Green</name>
<link><![CDATA[https://www.goodreads.com/author/show/606591.Giselle_Green]]></link>
</author>
</authors>
</book>

          <book>
<id>9296438</id>
<title>Save Me</title>
<title_without_series>Save Me</title_without_series>
<link><![CDATA[https://www.goodreads.com/book/show/9296438-save-me]]></link>
<small_image_url><![CDATA[https://images.gr-assets.com/books/1311983193s/9296438.jpg]]></small_image_url>
<image_url><![CDATA[https://images.gr-assets.com/books/1311983193m/9296438.jpg]]></image_url>
<num_pages>373</num_pages>
<work>
<id>14179025</id>
</work>
<isbn>031238078X</isbn>
<isbn13>9780312380786</isbn13>
<average_rating>3.63</average_rating>
<ratings_count>21706</ratings_count>
<publication_year>2011</publication_year>
<publication_month>4</publication_month>
<publication_day>12</publication_day>
<authors>
<author>
<id>20258</id>
<name>Lisa Scottoline</name>
<link><![CDATA[https://www.goodreads.com/author/show/20258.Lisa_Scottoline]]></link>
</author>
</authors>
</book>

          <book>
<id>10283872</id>
<title>The Beach Trees</title>
<title_without_series>The Beach Trees</title_without_series>
<link><![CDATA[https://www.goodreads.com/book/show/10283872-the-beach-trees]]></link>
<small_image_url><![CDATA[https://images.gr-assets.com/books/1311704231s/10283872.jpg]]></small_image_url>
<image_url><![CDATA[https://images.gr-assets.com/books/1311704231m/10283872.jpg]]></image_url>
<num_pages>432</num_pages>
<work>
<id>15185234</id>
</work>
<isbn>0451233077</isbn>
<isbn13>9780451233073</isbn13>
<average_rating>4.02</average_rating>
<ratings_count>9959</ratings_count>
<publication_year>2011</publication_year>
<publication_month>5</publication_month>
<publication_day>3</publication_day>
<authors>
<author>
<id>160033</id>
<name>Karen   White</name>
<link><![CDATA[https://www.goodreads.com/author/show/160033.Karen_White]]></link>
</author>
</authors>
</book>

          <book>
<id>13158772</id>
<title>What Happened to Hannah</title>
<title_without_series>What Happened to Hannah</title_without_series>
<link><![CDATA[https://www.goodreads.com/book/show/13158772-what-happened-to-hannah]]></link>
<small_image_url><![CDATA[https://images.gr-assets.com/books/1327948834s/13158772.jpg]]></small_image_url>
<image_url><![CDATA[https://images.gr-assets.com/books/1327948834m/13158772.jpg]]></image_url>
<num_pages>352</num_pages>
<work>
<id>18219626</id>
</work>
<isbn>006208478X</isbn>
<isbn13>9780062084781</isbn13>
<average_rating>3.51</average_rating>
<ratings_count>1173</ratings_count>
<publication_year>2012</publication_year>
<publication_month>2</publication_month>
<publication_day>7</publication_day>
<authors>
<author>
<id>53687</id>
<name>Mary Kay McComas</name>
<link><![CDATA[https://www.goodreads.com/author/show/53687.Mary_Kay_McComas]]></link>
</author>
</authors>
</book>

          <book>
<id>4701057</id>
<title>Shelter Me</title>
<title_without_series>Shelter Me</title_without_series>
<link><![CDATA[https://www.goodreads.com/book/show/4701057-shelter-me]]></link>
<small_image_url><![CDATA[https://s.gr-assets.com/assets/nophoto/book/50x75-a91bf249278a81aabab721ef782c4a74.png]]></small_image_url>
<image_url><![CDATA[https://s.gr-assets.com/assets/nophoto/book/111x148-bcc042a9c91a29c1d680899eff700a03.png]]></image_url>
<num_pages></num_pages>
<work>
<id>4765371</id>
</work>
<isbn>0061673390</isbn>
<isbn13>9780061673399</isbn13>
<average_rating>3.87</average_rating>
<ratings_count>7392</ratings_count>
<publication_year>2009</publication_year>
<publication_month>1</publication_month>
<publication_day>1</publication_day>
<authors>
<author>
<id>1956954</id>
<name>Juliette Fay</name>
<link><![CDATA[https://www.goodreads.com/author/show/1956954.Juliette_Fay]]></link>
</author>
</authors>
</book>

          <book>
<id>6674372</id>
<title>The Murderer&apos;s Daughters</title>
<title_without_series>The Murderer&apos;s Daughters</title_without_series>
<link><![CDATA[https://www.goodreads.com/book/show/6674372-the-murderer-s-daughters]]></link>
<small_image_url><![CDATA[https://s.gr-assets.com/assets/nophoto/book/50x75-a91bf249278a81aabab721ef782c4a74.png]]></small_image_url>
<image_url><![CDATA[https://s.gr-assets.com/assets/nophoto/book/111x148-bcc042a9c91a29c1d680899eff700a03.png]]></image_url>
<num_pages>310</num_pages>
<work>
<id>6869461</id>
</work>
<isbn>0312576986</isbn>
<isbn13>9780312576981</isbn13>
<average_rating>3.68</average_rating>
<ratings_count>12413</ratings_count>
<publication_year></publication_year>
<publication_month></publication_month>
<publication_day></publication_day>
<authors>
<author>
<id>3006839</id>
<name>Randy Susan Meyers</name>
<link><![CDATA[https://www.goodreads.com/author/show/3006839.Randy_Susan_Meyers]]></link>
</author>
</authors>
</book>

  </similar_books>
</book>

</GoodreadsResponse>