<?xml version="1.0" encoding="UTF-8"?>
<GoodreadsResponse>
  <Request>
    <authentication>true</authentication>
      <key><![CDATA[all_men_must_serve]]></key>
    <method><![CDATA[book_show]]></method>
  </Request>
  <book>
  <id>10073</id>
  <title>A Long Way Down</title>
  <isbn><![CDATA[1594481938]]></isbn>
  <isbn13><![CDATA[9781594481932]]></isbn13>
  <asin><![CDATA[]]></asin>
  <kindle_asin><![CDATA[B002RI97K2]]></kindle_asin>
  <marketplace_id><![CDATA[A1F83G8C2ARO7P]]></marketplace_id>
  <country_code><![CDATA[GB]]></country_code>
  <image_url>https://images.gr-assets.com/books/1467861525m/10073.jpg</image_url>
  <small_image_url>https://images.gr-assets.com/books/1467861525s/10073.jpg</small_image_url>
  <publication_year>2006</publication_year>
  <publication_month>5</publication_month>
  <publication_day>2</publication_day>
  <publisher>Riverhead Books</publisher>
  <language_code>eng</language_code>
  <is_ebook>false</is_ebook>
  <description><![CDATA[In his eagerly awaited fourth novel, <i>New York Times</i>-bestselling author Nick Hornby mines the hearts and psyches of four lost souls who connect just when they've reached the end of the line. <br /><br />Meet Martin, JJ, Jess, and Maureen. Four people who come together on New Year's Eve: a former TV talk show host, a musician, a teenage girl, and a mother. Three are British, one is American. They encounter one another on the roof of Topper's House, a London destination famous as the last stop for those ready to end their lives. <br /><br />In four distinct and riveting first-person voices, Nick Hornby tells a story of four individuals confronting the limits of choice, circumstance, and their own mortality. This is a tale of connections made and missed, punishing regrets, and the grace of second chances. <br /><br />Intense, hilarious, provocative, and moving, <i>A Long Way Down</i> is a novel about suicide that is, surprisingly, full of life. <br /><br /><i>What's your jumping-off point? <br /><br />Maureen<br />Why is it the biggest sin of all? All your life you're told that you'll be going to this marvelous place when you pass on. And the one thing you can do to get you there a bit quicker is something that stops you getting there at all. Oh, I can see that it's a kind of queue-jumping. But if someone jumps the queue at the post office, people tut. Or sometimes they say "Excuse me, I was here first." They don't say "You will be consumed by hellfire for all eternity." That would be a bit strong. <br /><br />Martin<br />I'd spent the previous couple of months looking up suicides on the Internet, just out of curiosity. And nearly every single time, the coroner says the same thing: "He took his own life while the balance of his mind was disturbed." And then you read the story about the poor bastard: His wife was sleeping with his best friend, he'd lost his job, his daughter had been killed in a road accident some months before . . . Hello, Mr. Coroner? I'm sorry, but there's no disturbed mental balance here, my friend. I'd say he got it just right. <br /><br />Jess<br />I was at a party downstairs. It was a shit party, full of all these ancient crusties sitting on the floor drinking cider and smoking huge spliffs and listening to weirdo space-out reggae. At midnight, one of them clapped sarcastically, and a couple of others laughed, and that was it-Happy New Year to you, too. You could have turned up to that party as the happiest person in London, and you'd still have wanted to jump off the roof by five past twelve. And I wasn't the happiest person in London anyway. Obviously. <br /><br />JJ<br />New Year's Eve was a night for sentimental losers. It was my own stupid fault. Of course there'd be a low-rent crowd up there. I should have picked a classier date-like March 28, when Virginia Woolf took her walk into the river, or November 25 (Nick Drake). If anybody had been on the roof on either of those nights, the chances are they would have been like-minded souls, rather than hopeless f*ck-ups who had somehow persuaded themselves that the end of a calendar year is in any way significant.</i>]]></description>
  <work>
  <id type="integer">2961964</id>
  <books_count type="integer">89</books_count>
  <best_book_id type="integer">10073</best_book_id>
  <reviews_count type="integer">107987</reviews_count>
  <ratings_sum type="integer">230915</ratings_sum>
  <ratings_count type="integer">67708</ratings_count>
  <text_reviews_count type="integer">4555</text_reviews_count>
  <original_publication_year type="integer">2005</original_publication_year>
  <original_publication_month type="integer" nil="true"/>
  <original_publication_day type="integer" nil="true"/>
  <original_title>A Long Way Down</original_title>
  <original_language_id type="integer" nil="true"/>
  <media_type>book</media_type>
  <rating_dist>5:9176|4:22289|3:25530|2:8576|1:2137|total:67708</rating_dist>
  <desc_user_id type="integer">39669069</desc_user_id>
  <default_chaptering_book_id type="integer" nil="true"/>
  <default_description_language_code nil="true"/>
</work>
  <average_rating>3.41</average_rating>
  <num_pages><![CDATA[368]]></num_pages>
  <format><![CDATA[Hardcover]]></format>
  <edition_information><![CDATA[]]></edition_information>
  <ratings_count><![CDATA[59863]]></ratings_count>
  <text_reviews_count><![CDATA[3714]]></text_reviews_count>
  <url><![CDATA[https://www.goodreads.com/book/show/10073.A_Long_Way_Down]]></url>
  <link><![CDATA[https://www.goodreads.com/book/show/10073.A_Long_Way_Down]]></link>
  <authors>
<author>
<id>2929</id>
<name>Nick Hornby</name>
<role></role>
<image_url nophoto='false'>
<![CDATA[https://images.gr-assets.com/authors/1422915487p5/2929.jpg]]>
</image_url>
<small_image_url nophoto='false'>
<![CDATA[https://images.gr-assets.com/authors/1422915487p2/2929.jpg]]>
</small_image_url>
<link><![CDATA[https://www.goodreads.com/author/show/2929.Nick_Hornby]]></link>
<average_rating>3.66</average_rating>
<ratings_count>527571</ratings_count>
<text_reviews_count>28838</text_reviews_count>
</author>
</authors>

    <reviews_widget>
      <![CDATA[
        <style>
  #goodreads-widget {
    font-family: georgia, serif;
    padding: 18px 0;
    width:565px;
  }
  #goodreads-widget h1 {
    font-weight:normal;
    font-size: 16px;
    border-bottom: 1px solid #BBB596;
    margin-bottom: 0;
  }
  #goodreads-widget a {
    text-decoration: none;
    color:#660;
  }
  iframe{
    background-color: #fff;
  }
  #goodreads-widget a:hover { text-decoration: underline; }
  #goodreads-widget a:active {
    color:#660;
  }
  #gr_footer {
    width: 100%;
    border-top: 1px solid #BBB596;
    text-align: right;
  }
  #goodreads-widget .gr_branding{
    color: #382110;
    font-size: 11px;
    text-decoration: none;
    font-family: "Helvetica Neue", Helvetica, Arial, sans-serif;
  }
</style>
<div id="goodreads-widget">
  <div id="gr_header"><h1><a rel="nofollow" href="https://www.goodreads.com/book/show/10073.A_Long_Way_Down">A Long Way Down Reviews</a></h1></div>
  <iframe id="the_iframe" src="https://www.goodreads.com/api/reviews_widget_iframe?did=DEVELOPER_ID&amp;format=html&amp;isbn=1594481938&amp;links=660&amp;min_rating=&amp;review_back=fff&amp;stars=000&amp;text=000" width="565" height="400" frameborder="0"></iframe>
  <div id="gr_footer">
    <a class="gr_branding" target="_blank" rel="nofollow" href="https://www.goodreads.com/book/show/10073.A_Long_Way_Down?utm_medium=api&amp;utm_source=reviews_widget">Reviews from Goodreads.com</a>
  </div>
</div>

      ]]>
    </reviews_widget>
  <popular_shelves>
      <shelf name="to-read" count="9978"/>
      <shelf name="fiction" count="1481"/>
      <shelf name="favorites" count="421"/>
      <shelf name="contemporary" count="299"/>
      <shelf name="books-i-own" count="274"/>
      <shelf name="owned" count="230"/>
      <shelf name="humor" count="215"/>
      <shelf name="book-club" count="181"/>
      <shelf name="british" count="127"/>
      <shelf name="contemporary-fiction" count="125"/>
      <shelf name="novels" count="108"/>
      <shelf name="owned-books" count="94"/>
      <shelf name="adult-fiction" count="89"/>
      <shelf name="humour" count="89"/>
      <shelf name="library" count="89"/>
      <shelf name="english" count="88"/>
      <shelf name="general-fiction" count="86"/>
      <shelf name="adult" count="71"/>
      <shelf name="default" count="70"/>
      <shelf name="suicide" count="69"/>
      <shelf name="read-in-2014" count="62"/>
      <shelf name="novel" count="62"/>
      <shelf name="funny" count="61"/>
      <shelf name="to-buy" count="57"/>
      <shelf name="audiobooks" count="57"/>
      <shelf name="literature" count="53"/>
      <shelf name="england" count="50"/>
      <shelf name="audiobook" count="50"/>
      <shelf name="my-books" count="46"/>
      <shelf name="nick-hornby" count="46"/>
      <shelf name="audio" count="44"/>
      <shelf name="comedy" count="43"/>
      <shelf name="2006" count="43"/>
      <shelf name="favourites" count="40"/>
      <shelf name="read-2014" count="38"/>
      <shelf name="drama" count="38"/>
      <shelf name="realistic-fiction" count="38"/>
      <shelf name="bookclub" count="37"/>
      <shelf name="british-literature" count="35"/>
      <shelf name="literary-fiction" count="34"/>
      <shelf name="hornby" count="33"/>
      <shelf name="my-library" count="32"/>
      <shelf name="wish-list" count="32"/>
      <shelf name="abandoned" count="32"/>
      <shelf name="2005" count="32"/>
      <shelf name="movies" count="30"/>
      <shelf name="london" count="29"/>
      <shelf name="modern" count="29"/>
      <shelf name="friendship" count="27"/>
      <shelf name="kindle" count="27"/>
      <shelf name="read-in-english" count="27"/>
      <shelf name="mental-health" count="27"/>
      <shelf name="finished" count="26"/>
      <shelf name="modern-fiction" count="26"/>
      <shelf name="mental-illness" count="25"/>
      <shelf name="book-to-movie" count="24"/>
      <shelf name="did-not-finish" count="24"/>
      <shelf name="i-own" count="24"/>
      <shelf name="ebook" count="23"/>
      <shelf name="unfinished" count="23"/>
      <shelf name="own-it" count="23"/>
      <shelf name="read-in-2015" count="22"/>
      <shelf name="2014-movies" count="22"/>
      <shelf name="brit-lit" count="22"/>
      <shelf name="audio-books" count="22"/>
      <shelf name="uk" count="22"/>
      <shelf name="audio-book" count="22"/>
      <shelf name="borrowed" count="22"/>
      <shelf name="books-to-movies" count="21"/>
      <shelf name="sub" count="21"/>
      <shelf name="depression" count="20"/>
      <shelf name="read-in-2012" count="19"/>
      <shelf name="dark-humor" count="18"/>
      <shelf name="movie" count="18"/>
      <shelf name="read-in-2013" count="18"/>
      <shelf name="2000s" count="18"/>
      <shelf name="books" count="18"/>
      <shelf name="in-english" count="18"/>
      <shelf name="2014-reads" count="17"/>
      <shelf name="ebooks" count="17"/>
      <shelf name="narrativa" count="17"/>
      <shelf name="dark" count="17"/>
      <shelf name="british-fiction" count="17"/>
      <shelf name="home-library" count="17"/>
      <shelf name="didn-t-finish" count="17"/>
      <shelf name="e-books" count="16"/>
      <shelf name="bookshelf" count="16"/>
      <shelf name="relationships" count="16"/>
      <shelf name="couldn-t-finish" count="16"/>
      <shelf name="to-read-fiction" count="15"/>
      <shelf name="own-to-read" count="15"/>
      <shelf name="book-group" count="15"/>
      <shelf name="dnf" count="14"/>
      <shelf name="audible" count="14"/>
      <shelf name="realistic" count="14"/>
      <shelf name="21st-century" count="14"/>
      <shelf name="read-in-2010" count="14"/>
      <shelf name="europe" count="14"/>
      <shelf name="death" count="13"/>
      <shelf name="read-in-2011" count="13"/>
  </popular_shelves>
  <book_links>
    <book_link>
  <id>8</id>
  <name>Libraries</name>
  <link>https://www.goodreads.com/book_link/follow/8</link>
</book_link>

  </book_links>
  <buy_links>
    <buy_link>
<id>1</id>
<name>Amazon</name>
<link>https://www.goodreads.com/book_link/follow/1</link>
</buy_link>
<buy_link>
<id>10</id>
<name>Audible</name>
<link>https://www.goodreads.com/book_link/follow/10</link>
</buy_link>
<buy_link>
<id>3</id>
<name>Barnes &amp; Noble</name>
<link>https://www.goodreads.com/book_link/follow/3</link>
</buy_link>
<buy_link>
<id>1027</id>
<name>Kobo</name>
<link>https://www.goodreads.com/book_link/follow/1027</link>
</buy_link>
<buy_link>
<id>2102</id>
<name>Apple iBooks</name>
<link>https://www.goodreads.com/book_link/follow/2102</link>
</buy_link>
<buy_link>
<id>8036</id>
<name>Google Play</name>
<link>https://www.goodreads.com/book_link/follow/8036</link>
</buy_link>
<buy_link>
<id>4</id>
<name>Abebooks</name>
<link>https://www.goodreads.com/book_link/follow/4</link>
</buy_link>
<buy_link>
<id>882</id>
<name>Book Depository</name>
<link>https://www.goodreads.com/book_link/follow/882</link>
</buy_link>
<buy_link>
<id>9</id>
<name>Indigo</name>
<link>https://www.goodreads.com/book_link/follow/9</link>
</buy_link>
<buy_link>
<id>2</id>
<name>Half.com</name>
<link>https://www.goodreads.com/book_link/follow/2</link>
</buy_link>
<buy_link>
<id>5</id>
<name>Alibris</name>
<link>https://www.goodreads.com/book_link/follow/5</link>
</buy_link>
<buy_link>
<id>107</id>
<name>Better World Books</name>
<link>https://www.goodreads.com/book_link/follow/107</link>
</buy_link>
<buy_link>
<id>7</id>
<name>IndieBound</name>
<link>https://www.goodreads.com/book_link/follow/7</link>
</buy_link>

  </buy_links>
  <series_works>
    
  </series_works>
  <similar_books>
          <book>
<id>2815590</id>
<title>Serena</title>
<title_without_series>Serena</title_without_series>
<link><![CDATA[https://www.goodreads.com/book/show/2815590-serena]]></link>
<small_image_url><![CDATA[https://s.gr-assets.com/assets/nophoto/book/50x75-a91bf249278a81aabab721ef782c4a74.png]]></small_image_url>
<image_url><![CDATA[https://s.gr-assets.com/assets/nophoto/book/111x148-bcc042a9c91a29c1d680899eff700a03.png]]></image_url>
<num_pages>371</num_pages>
<work>
<id>2841515</id>
</work>
<isbn>0061470856</isbn>
<isbn13>9780061470851</isbn13>
<average_rating>3.52</average_rating>
<ratings_count>29230</ratings_count>
<publication_year>2008</publication_year>
<publication_month>10</publication_month>
<publication_day>7</publication_day>
<authors>
<author>
<id>24820</id>
<name>Ron Rash</name>
<link><![CDATA[https://www.goodreads.com/author/show/24820.Ron_Rash]]></link>
</author>
</authors>
</book>

          <book>
<id>10008</id>
<title>Eleanor Rigby</title>
<title_without_series>Eleanor Rigby</title_without_series>
<link><![CDATA[https://www.goodreads.com/book/show/10008.Eleanor_Rigby]]></link>
<small_image_url><![CDATA[https://s.gr-assets.com/assets/nophoto/book/50x75-a91bf249278a81aabab721ef782c4a74.png]]></small_image_url>
<image_url><![CDATA[https://s.gr-assets.com/assets/nophoto/book/111x148-bcc042a9c91a29c1d680899eff700a03.png]]></image_url>
<num_pages>272</num_pages>
<work>
<id>2780244</id>
</work>
<isbn>1582346437</isbn>
<isbn13>9781582346434</isbn13>
<average_rating>3.64</average_rating>
<ratings_count>8761</ratings_count>
<publication_year>2006</publication_year>
<publication_month>5</publication_month>
<publication_day>30</publication_day>
<authors>
<author>
<id>1886</id>
<name>Douglas Coupland</name>
<link><![CDATA[https://www.goodreads.com/author/show/1886.Douglas_Coupland]]></link>
</author>
</authors>
</book>

          <book>
<id>1477647</id>
<title><![CDATA[Die Welt ist nicht immer Freitag]]></title>
<title_without_series><![CDATA[Die Welt ist nicht immer Freitag]]></title_without_series>
<link><![CDATA[https://www.goodreads.com/book/show/1477647.Die_Welt_ist_nicht_immer_Freitag]]></link>
<small_image_url><![CDATA[https://s.gr-assets.com/assets/nophoto/book/50x75-a91bf249278a81aabab721ef782c4a74.png]]></small_image_url>
<image_url><![CDATA[https://s.gr-assets.com/assets/nophoto/book/111x148-bcc042a9c91a29c1d680899eff700a03.png]]></image_url>
<num_pages>144</num_pages>
<work>
<id>1468695</id>
</work>
<isbn>3499242516</isbn>
<isbn13>9783499242519</isbn13>
<average_rating>4.01</average_rating>
<ratings_count>332</ratings_count>
<publication_year>2006</publication_year>
<publication_month>7</publication_month>
<publication_day>1</publication_day>
<authors>
<author>
<id>691846</id>
<name>Horst Evers</name>
<link><![CDATA[https://www.goodreads.com/author/show/691846.Horst_Evers]]></link>
</author>
</authors>
</book>

          <book>
<id>6261961</id>
<title>Labor Day</title>
<title_without_series>Labor Day</title_without_series>
<link><![CDATA[https://www.goodreads.com/book/show/6261961-labor-day]]></link>
<small_image_url><![CDATA[https://s.gr-assets.com/assets/nophoto/book/50x75-a91bf249278a81aabab721ef782c4a74.png]]></small_image_url>
<image_url><![CDATA[https://s.gr-assets.com/assets/nophoto/book/111x148-bcc042a9c91a29c1d680899eff700a03.png]]></image_url>
<num_pages>244</num_pages>
<work>
<id>6439665</id>
</work>
<isbn>0061843407</isbn>
<isbn13>9780061843402</isbn13>
<average_rating>3.55</average_rating>
<ratings_count>28176</ratings_count>
<publication_year>2009</publication_year>
<publication_month>7</publication_month>
<publication_day>28</publication_day>
<authors>
<author>
<id>71438</id>
<name>Joyce Maynard</name>
<link><![CDATA[https://www.goodreads.com/author/show/71438.Joyce_Maynard]]></link>
</author>
</authors>
</book>

          <book>
<id>289147</id>
<title>The Best A Man Can Get</title>
<title_without_series>The Best A Man Can Get</title_without_series>
<link><![CDATA[https://www.goodreads.com/book/show/289147.The_Best_A_Man_Can_Get]]></link>
<small_image_url><![CDATA[https://s.gr-assets.com/assets/nophoto/book/50x75-a91bf249278a81aabab721ef782c4a74.png]]></small_image_url>
<image_url><![CDATA[https://s.gr-assets.com/assets/nophoto/book/111x148-bcc042a9c91a29c1d680899eff700a03.png]]></image_url>
<num_pages>301</num_pages>
<work>
<id>1741619</id>
</work>
<isbn>0552998443</isbn>
<isbn13>9780552998444</isbn13>
<average_rating>3.58</average_rating>
<ratings_count>1904</ratings_count>
<publication_year>2001</publication_year>
<publication_month>6</publication_month>
<publication_day>4</publication_day>
<authors>
<author>
<id>167562</id>
<name>John O&apos;Farrell</name>
<link><![CDATA[https://www.goodreads.com/author/show/167562.John_O_Farrell]]></link>
</author>
</authors>
</book>

          <book>
<id>4700018</id>
<title>The To-Do List</title>
<title_without_series>The To-Do List</title_without_series>
<link><![CDATA[https://www.goodreads.com/book/show/4700018-the-to-do-list]]></link>
<small_image_url><![CDATA[https://images.gr-assets.com/books/1277382879s/4700018.jpg]]></small_image_url>
<image_url><![CDATA[https://images.gr-assets.com/books/1277382879m/4700018.jpg]]></image_url>
<num_pages>343</num_pages>
<work>
<id>4764316</id>
</work>
<isbn>0340936746</isbn>
<isbn13>9780340936740</isbn13>
<average_rating>3.65</average_rating>
<ratings_count>850</ratings_count>
<publication_year>2008</publication_year>
<publication_month>12</publication_month>
<publication_day>27</publication_day>
<authors>
<author>
<id>46977</id>
<name>Mike Gayle</name>
<link><![CDATA[https://www.goodreads.com/author/show/46977.Mike_Gayle]]></link>
</author>
</authors>
</book>

          <book>
<id>10791470</id>
<title>The Diary of Dakota Hammell</title>
<title_without_series>The Diary of Dakota Hammell</title_without_series>
<link><![CDATA[https://www.goodreads.com/book/show/10791470-the-diary-of-dakota-hammell]]></link>
<small_image_url><![CDATA[https://images.gr-assets.com/books/1328080204s/10791470.jpg]]></small_image_url>
<image_url><![CDATA[https://images.gr-assets.com/books/1328080204m/10791470.jpg]]></image_url>
<num_pages>102</num_pages>
<work>
<id>15703777</id>
</work>
<isbn></isbn>
<isbn13></isbn13>
<average_rating>3.39</average_rating>
<ratings_count>120</ratings_count>
<publication_year></publication_year>
<publication_month></publication_month>
<publication_day></publication_day>
<authors>
<author>
<id>2775292</id>
<name>Kody Boye</name>
<link><![CDATA[https://www.goodreads.com/author/show/2775292.Kody_Boye]]></link>
</author>
</authors>
</book>

          <book>
<id>125154</id>
<title><![CDATA[Social Blunders (GroVont Trilogy, #3)]]></title>
<title_without_series>Social Blunders</title_without_series>
<link><![CDATA[https://www.goodreads.com/book/show/125154.Social_Blunders]]></link>
<small_image_url><![CDATA[https://s.gr-assets.com/assets/nophoto/book/50x75-a91bf249278a81aabab721ef782c4a74.png]]></small_image_url>
<image_url><![CDATA[https://s.gr-assets.com/assets/nophoto/book/111x148-bcc042a9c91a29c1d680899eff700a03.png]]></image_url>
<num_pages></num_pages>
<work>
<id>120535</id>
</work>
<isbn>1573225886</isbn>
<isbn13>9781573225885</isbn13>
<average_rating>4.00</average_rating>
<ratings_count>897</ratings_count>
<publication_year></publication_year>
<publication_month></publication_month>
<publication_day></publication_day>
<authors>
<author>
<id>5920</id>
<name>Tim Sandlin</name>
<link><![CDATA[https://www.goodreads.com/author/show/5920.Tim_Sandlin]]></link>
</author>
</authors>
</book>

          <book>
<id>6072294</id>
<title>Ruhm</title>
<title_without_series>Ruhm</title_without_series>
<link><![CDATA[https://www.goodreads.com/book/show/6072294-ruhm]]></link>
<small_image_url><![CDATA[https://images.gr-assets.com/books/1444490482s/6072294.jpg]]></small_image_url>
<image_url><![CDATA[https://images.gr-assets.com/books/1444490482m/6072294.jpg]]></image_url>
<num_pages>203</num_pages>
<work>
<id>6248790</id>
</work>
<isbn>3498035436</isbn>
<isbn13>9783498035433</isbn13>
<average_rating>3.61</average_rating>
<ratings_count>2808</ratings_count>
<publication_year>2009</publication_year>
<publication_month>1</publication_month>
<publication_day>16</publication_day>
<authors>
<author>
<id>163635</id>
<name>Daniel Kehlmann</name>
<link><![CDATA[https://www.goodreads.com/author/show/163635.Daniel_Kehlmann]]></link>
</author>
</authors>
</book>

          <book>
<id>1410403</id>
<title>Lila, Lila</title>
<title_without_series>Lila, Lila</title_without_series>
<link><![CDATA[https://www.goodreads.com/book/show/1410403.Lila_Lila]]></link>
<small_image_url><![CDATA[https://s.gr-assets.com/assets/nophoto/book/50x75-a91bf249278a81aabab721ef782c4a74.png]]></small_image_url>
<image_url><![CDATA[https://s.gr-assets.com/assets/nophoto/book/111x148-bcc042a9c91a29c1d680899eff700a03.png]]></image_url>
<num_pages>344</num_pages>
<work>
<id>1400706</id>
</work>
<isbn>3257234694</isbn>
<isbn13>9783257234695</isbn13>
<average_rating>3.67</average_rating>
<ratings_count>1261</ratings_count>
<publication_year>2005</publication_year>
<publication_month></publication_month>
<publication_day></publication_day>
<authors>
<author>
<id>391452</id>
<name>Martin Suter</name>
<link><![CDATA[https://www.goodreads.com/author/show/391452.Martin_Suter]]></link>
</author>
</authors>
</book>

          <book>
<id>28282</id>
<title>Election</title>
<title_without_series>Election</title_without_series>
<link><![CDATA[https://www.goodreads.com/book/show/28282.Election]]></link>
<small_image_url><![CDATA[https://images.gr-assets.com/books/1405293329s/28282.jpg]]></small_image_url>
<image_url><![CDATA[https://images.gr-assets.com/books/1405293329m/28282.jpg]]></image_url>
<num_pages>200</num_pages>
<work>
<id>83702</id>
</work>
<isbn>0425167283</isbn>
<isbn13>9780425167281</isbn13>
<average_rating>3.86</average_rating>
<ratings_count>6430</ratings_count>
<publication_year></publication_year>
<publication_month></publication_month>
<publication_day></publication_day>
<authors>
<author>
<id>15907</id>
<name>Tom Perrotta</name>
<link><![CDATA[https://www.goodreads.com/author/show/15907.Tom_Perrotta]]></link>
</author>
</authors>
</book>

          <book>
<id>15840525</id>
<title>Summer Heat</title>
<title_without_series>Summer Heat</title_without_series>
<link><![CDATA[https://www.goodreads.com/book/show/15840525-summer-heat]]></link>
<small_image_url><![CDATA[https://images.gr-assets.com/books/1345600966s/15840525.jpg]]></small_image_url>
<image_url><![CDATA[https://images.gr-assets.com/books/1345600966m/15840525.jpg]]></image_url>
<num_pages></num_pages>
<work>
<id>21581655</id>
</work>
<isbn></isbn>
<isbn13></isbn13>
<average_rating>3.71</average_rating>
<ratings_count>399</ratings_count>
<publication_year>2012</publication_year>
<publication_month>8</publication_month>
<publication_day>20</publication_day>
<authors>
<author>
<id>6422738</id>
<name>Harper Bliss</name>
<link><![CDATA[https://www.goodreads.com/author/show/6422738.Harper_Bliss]]></link>
</author>
</authors>
</book>

          <book>
<id>10867</id>
<title>The Pleasure of My Company</title>
<title_without_series>The Pleasure of My Company</title_without_series>
<link><![CDATA[https://www.goodreads.com/book/show/10867.The_Pleasure_of_My_Company]]></link>
<small_image_url><![CDATA[https://s.gr-assets.com/assets/nophoto/book/50x75-a91bf249278a81aabab721ef782c4a74.png]]></small_image_url>
<image_url><![CDATA[https://s.gr-assets.com/assets/nophoto/book/111x148-bcc042a9c91a29c1d680899eff700a03.png]]></image_url>
<num_pages></num_pages>
<work>
<id>1401713</id>
</work>
<isbn>0786888016</isbn>
<isbn13>9780786888016</isbn13>
<average_rating>3.78</average_rating>
<ratings_count>13789</ratings_count>
<publication_year></publication_year>
<publication_month></publication_month>
<publication_day></publication_day>
<authors>
<author>
<id>7103</id>
<name>Steve Martin</name>
<link><![CDATA[https://www.goodreads.com/author/show/7103.Steve_Martin]]></link>
</author>
</authors>
</book>

          <book>
<id>12967</id>
<title>Winter&apos;s Tale</title>
<title_without_series>Winter&apos;s Tale</title_without_series>
<link><![CDATA[https://www.goodreads.com/book/show/12967.Winter_s_Tale]]></link>
<small_image_url><![CDATA[https://s.gr-assets.com/assets/nophoto/book/50x75-a91bf249278a81aabab721ef782c4a74.png]]></small_image_url>
<image_url><![CDATA[https://s.gr-assets.com/assets/nophoto/book/111x148-bcc042a9c91a29c1d680899eff700a03.png]]></image_url>
<num_pages>768</num_pages>
<work>
<id>1965767</id>
</work>
<isbn>0156031191</isbn>
<isbn13>9780156031196</isbn13>
<average_rating>3.50</average_rating>
<ratings_count>23172</ratings_count>
<publication_year></publication_year>
<publication_month></publication_month>
<publication_day></publication_day>
<authors>
<author>
<id>8146</id>
<name>Mark Helprin</name>
<link><![CDATA[https://www.goodreads.com/author/show/8146.Mark_Helprin]]></link>
</author>
</authors>
</book>

          <book>
<id>1911719</id>
<title>This Is for You</title>
<title_without_series>This Is for You</title_without_series>
<link><![CDATA[https://www.goodreads.com/book/show/1911719.This_Is_for_You]]></link>
<small_image_url><![CDATA[https://images.gr-assets.com/books/1328845911s/1911719.jpg]]></small_image_url>
<image_url><![CDATA[https://images.gr-assets.com/books/1328845911m/1911719.jpg]]></image_url>
<num_pages>64</num_pages>
<work>
<id>1913664</id>
</work>
<isbn>0340933674</isbn>
<isbn13>9780340933671</isbn13>
<average_rating>4.30</average_rating>
<ratings_count>492</ratings_count>
<publication_year>2007</publication_year>
<publication_month>10</publication_month>
<publication_day>4</publication_day>
<authors>
<author>
<id>361028</id>
<name>Rob Ryan</name>
<link><![CDATA[https://www.goodreads.com/author/show/361028.Rob_Ryan]]></link>
</author>
</authors>
</book>

          <book>
<id>1283882</id>
<title>It&apos;s All Right Now</title>
<title_without_series>It&apos;s All Right Now</title_without_series>
<link><![CDATA[https://www.goodreads.com/book/show/1283882.It_s_All_Right_Now]]></link>
<small_image_url><![CDATA[https://s.gr-assets.com/assets/nophoto/book/50x75-a91bf249278a81aabab721ef782c4a74.png]]></small_image_url>
<image_url><![CDATA[https://s.gr-assets.com/assets/nophoto/book/111x148-bcc042a9c91a29c1d680899eff700a03.png]]></image_url>
<num_pages>688</num_pages>
<work>
<id>1272929</id>
</work>
<isbn>0060742860</isbn>
<isbn13>9780060742867</isbn13>
<average_rating>3.41</average_rating>
<ratings_count>95</ratings_count>
<publication_year>2005</publication_year>
<publication_month>5</publication_month>
<publication_day>31</publication_day>
<authors>
<author>
<id>144468</id>
<name>Charles Chadwick</name>
<link><![CDATA[https://www.goodreads.com/author/show/144468.Charles_Chadwick]]></link>
</author>
</authors>
</book>

          <book>
<id>291147</id>
<title><![CDATA[Love and Other Near-Death Experiences]]></title>
<title_without_series><![CDATA[Love and Other Near-Death Experiences]]></title_without_series>
<link><![CDATA[https://www.goodreads.com/book/show/291147.Love_and_Other_Near_Death_Experiences]]></link>
<small_image_url><![CDATA[https://images.gr-assets.com/books/1320433244s/291147.jpg]]></small_image_url>
<image_url><![CDATA[https://images.gr-assets.com/books/1320433244m/291147.jpg]]></image_url>
<num_pages>349</num_pages>
<work>
<id>1027619</id>
</work>
<isbn>0812973488</isbn>
<isbn13>9780812973488</isbn13>
<average_rating>3.63</average_rating>
<ratings_count>1054</ratings_count>
<publication_year>2006</publication_year>
<publication_month>2</publication_month>
<publication_day>14</publication_day>
<authors>
<author>
<id>36558</id>
<name>Mil Millington</name>
<link><![CDATA[https://www.goodreads.com/author/show/36558.Mil_Millington]]></link>
</author>
</authors>
</book>

          <book>
<id>137630</id>
<title><![CDATA[The Closed Circle (Rotters' Club, #2)]]></title>
<title_without_series>The Closed Circle</title_without_series>
<link><![CDATA[https://www.goodreads.com/book/show/137630.The_Closed_Circle]]></link>
<small_image_url><![CDATA[https://images.gr-assets.com/books/1320511754s/137630.jpg]]></small_image_url>
<image_url><![CDATA[https://images.gr-assets.com/books/1320511754m/137630.jpg]]></image_url>
<num_pages>384</num_pages>
<work>
<id>881063</id>
</work>
<isbn>0375713956</isbn>
<isbn13>9780375713958</isbn13>
<average_rating>3.79</average_rating>
<ratings_count>3244</ratings_count>
<publication_year>2006</publication_year>
<publication_month>6</publication_month>
<publication_day>6</publication_day>
<authors>
<author>
<id>19916</id>
<name>Jonathan Coe</name>
<link><![CDATA[https://www.goodreads.com/author/show/19916.Jonathan_Coe]]></link>
</author>
</authors>
</book>

  </similar_books>
</book>

</GoodreadsResponse>