<?xml version="1.0" encoding="UTF-8"?>
<GoodreadsResponse>
  <Request>
    <authentication>true</authentication>
      <key><![CDATA[all_men_must_serve]]></key>
    <method><![CDATA[book_show]]></method>
  </Request>
  <book>
  <id>1008231</id>
  <title><![CDATA[H.I.V.E. Higher Institute of Villainous Education (H.I.V.E., #1)]]></title>
  <isbn><![CDATA[1416935711]]></isbn>
  <isbn13><![CDATA[9781416935711]]></isbn13>
  <asin><![CDATA[]]></asin>
  <kindle_asin><![CDATA[B003YUC2AY]]></kindle_asin>
  <marketplace_id><![CDATA[A1F83G8C2ARO7P]]></marketplace_id>
  <country_code><![CDATA[GB]]></country_code>
  <image_url>https://s.gr-assets.com/assets/nophoto/book/111x148-bcc042a9c91a29c1d680899eff700a03.png</image_url>
  <small_image_url>https://s.gr-assets.com/assets/nophoto/book/50x75-a91bf249278a81aabab721ef782c4a74.png</small_image_url>
  <publication_year>2007</publication_year>
  <publication_month>5</publication_month>
  <publication_day>22</publication_day>
  <publisher>Simon  Schuster Books for Young Readers</publisher>
  <language_code>en-US</language_code>
  <is_ebook>false</is_ebook>
  <description><![CDATA[HIGHER INSTITUTE OF VILLAINOUS EDUCATION<br /><br />Otto Malpense may only be thirteen years old, but so far he has managed to run the orphanage where he lives, and he has come up with a plan clever enough to trick the most powerful man in the country. He is the perfect candidate to become the world's next supervillain.<br /><br />That is why he ends up at H.I.V.E., handpicked to become a member of the incoming class. The students have been kidnapped and brought to a secluded island inside a seemingly active volcano, where the school has resided for decades. All the kids are elite; they are the most athletic, the most technically advanced, and the smartest in the country. Inside the cavernous marble rooms, floodlit hangars, and steel doors, the students are enrolled in Villainy Studies and Stealth and Evasion 101. But what Otto soon comes to realize is that this is a six-year program, and leaving is not an option.<br /><br />With the help of his new friends: an athletic martial-arts expert; a world-famous, beautiful diamond thief; and a spunky computer genius -- the only other people who seem to want to leave -- can Otto achieve what has never been done before and break out of H.I.V.E.?]]></description>
  <work>
  <id type="integer">994357</id>
  <books_count type="integer">3</books_count>
  <best_book_id type="integer">1008231</best_book_id>
  <reviews_count type="integer">25614</reviews_count>
  <ratings_sum type="integer">49494</ratings_sum>
  <ratings_count type="integer">12204</ratings_count>
  <text_reviews_count type="integer">767</text_reviews_count>
  <original_publication_year type="integer">2006</original_publication_year>
  <original_publication_month type="integer">9</original_publication_month>
  <original_publication_day type="integer">4</original_publication_day>
  <original_title>H.I.V.E.: Higher Institute of Villainous Education</original_title>
  <original_language_id type="integer" nil="true"/>
  <media_type>book</media_type>
  <rating_dist>5:5018|4:3989|3:2331|2:589|1:277|total:12204</rating_dist>
  <desc_user_id type="integer">1153732</desc_user_id>
  <default_chaptering_book_id type="integer" nil="true"/>
  <default_description_language_code nil="true"/>
</work>
  <average_rating>4.06</average_rating>
  <num_pages><![CDATA[320]]></num_pages>
  <format><![CDATA[Hardcover]]></format>
  <edition_information><![CDATA[]]></edition_information>
  <ratings_count><![CDATA[10888]]></ratings_count>
  <text_reviews_count><![CDATA[599]]></text_reviews_count>
  <url><![CDATA[https://www.goodreads.com/book/show/1008231.H_I_V_E_Higher_Institute_of_Villainous_Education]]></url>
  <link><![CDATA[https://www.goodreads.com/book/show/1008231.H_I_V_E_Higher_Institute_of_Villainous_Education]]></link>
  <authors>
<author>
<id>487718</id>
<name>Mark Walden</name>
<role></role>
<image_url nophoto='false'>
<![CDATA[https://images.gr-assets.com/authors/1327448300p5/487718.jpg]]>
</image_url>
<small_image_url nophoto='false'>
<![CDATA[https://images.gr-assets.com/authors/1327448300p2/487718.jpg]]>
</small_image_url>
<link><![CDATA[https://www.goodreads.com/author/show/487718.Mark_Walden]]></link>
<average_rating>4.20</average_rating>
<ratings_count>41167</ratings_count>
<text_reviews_count>1788</text_reviews_count>
</author>
</authors>

    <reviews_widget>
      <![CDATA[
        <style>
  #goodreads-widget {
    font-family: georgia, serif;
    padding: 18px 0;
    width:565px;
  }
  #goodreads-widget h1 {
    font-weight:normal;
    font-size: 16px;
    border-bottom: 1px solid #BBB596;
    margin-bottom: 0;
  }
  #goodreads-widget a {
    text-decoration: none;
    color:#660;
  }
  iframe{
    background-color: #fff;
  }
  #goodreads-widget a:hover { text-decoration: underline; }
  #goodreads-widget a:active {
    color:#660;
  }
  #gr_footer {
    width: 100%;
    border-top: 1px solid #BBB596;
    text-align: right;
  }
  #goodreads-widget .gr_branding{
    color: #382110;
    font-size: 11px;
    text-decoration: none;
    font-family: "Helvetica Neue", Helvetica, Arial, sans-serif;
  }
</style>
<div id="goodreads-widget">
  <div id="gr_header"><h1><a rel="nofollow" href="https://www.goodreads.com/book/show/1008231.H_I_V_E_Higher_Institute_of_Villainous_Education">H.I.V.E. Higher Institute of Villainous Education Reviews</a></h1></div>
  <iframe id="the_iframe" src="https://www.goodreads.com/api/reviews_widget_iframe?did=DEVELOPER_ID&amp;format=html&amp;isbn=1416935711&amp;links=660&amp;min_rating=&amp;review_back=fff&amp;stars=000&amp;text=000" width="565" height="400" frameborder="0"></iframe>
  <div id="gr_footer">
    <a class="gr_branding" target="_blank" rel="nofollow" href="https://www.goodreads.com/book/show/1008231.H_I_V_E_Higher_Institute_of_Villainous_Education?utm_medium=api&amp;utm_source=reviews_widget">Reviews from Goodreads.com</a>
  </div>
</div>

      ]]>
    </reviews_widget>
  <popular_shelves>
      <shelf name="to-read" count="6548"/>
      <shelf name="currently-reading" count="174"/>
      <shelf name="favorites" count="147"/>
      <shelf name="young-adult" count="141"/>
      <shelf name="science-fiction" count="126"/>
      <shelf name="adventure" count="88"/>
      <shelf name="sci-fi" count="83"/>
      <shelf name="fantasy" count="75"/>
      <shelf name="ya" count="71"/>
      <shelf name="fiction" count="62"/>
      <shelf name="series" count="55"/>
      <shelf name="action" count="44"/>
      <shelf name="action-adventure" count="33"/>
      <shelf name="h-i-v-e" count="33"/>
      <shelf name="childrens" count="32"/>
      <shelf name="hive" count="28"/>
      <shelf name="books-i-own" count="28"/>
      <shelf name="middle-grade" count="27"/>
      <shelf name="mystery" count="26"/>
      <shelf name="owned" count="25"/>
      <shelf name="spies" count="22"/>
      <shelf name="library" count="19"/>
      <shelf name="spy" count="19"/>
      <shelf name="children-s" count="18"/>
      <shelf name="thriller" count="17"/>
      <shelf name="children" count="16"/>
      <shelf name="kids" count="16"/>
      <shelf name="crime" count="15"/>
      <shelf name="maybe" count="14"/>
      <shelf name="teen" count="14"/>
      <shelf name="superheroes" count="14"/>
      <shelf name="favourites" count="13"/>
      <shelf name="first-in-series" count="12"/>
      <shelf name="default" count="11"/>
      <shelf name="boarding-school" count="10"/>
      <shelf name="espionage" count="10"/>
      <shelf name="to-buy" count="10"/>
      <shelf name="friendship" count="10"/>
      <shelf name="middle-school" count="10"/>
      <shelf name="i-own" count="9"/>
      <shelf name="juvenile" count="9"/>
      <shelf name="ya-fiction" count="9"/>
      <shelf name="my-books" count="8"/>
      <shelf name="kindle" count="8"/>
      <shelf name="school" count="8"/>
      <shelf name="scifi" count="8"/>
      <shelf name="tween" count="8"/>
      <shelf name="villains" count="8"/>
      <shelf name="mark-walden" count="7"/>
      <shelf name="owned-books" count="7"/>
      <shelf name="favorite-books" count="7"/>
      <shelf name="humor" count="7"/>
      <shelf name="children-s-books" count="7"/>
      <shelf name="spy-books" count="7"/>
      <shelf name="5-stars" count="7"/>
      <shelf name="superhero" count="7"/>
      <shelf name="favorite-series" count="7"/>
      <shelf name="wish-list" count="6"/>
      <shelf name="favorite" count="6"/>
      <shelf name="orphans" count="6"/>
      <shelf name="want" count="6"/>
      <shelf name="re-read" count="6"/>
      <shelf name="child-genius" count="5"/>
      <shelf name="novels" count="5"/>
      <shelf name="own-it" count="5"/>
      <shelf name="realistic-fiction" count="5"/>
      <shelf name="to-get" count="5"/>
      <shelf name="funny" count="5"/>
      <shelf name="5-star-books" count="5"/>
      <shelf name="ya-sci-fi" count="5"/>
      <shelf name="childhood" count="5"/>
      <shelf name="fun" count="5"/>
      <shelf name="borrowed" count="5"/>
      <shelf name="interested" count="5"/>
      <shelf name="books" count="5"/>
      <shelf name="4-stars" count="5"/>
      <shelf name="abandoned" count="5"/>
      <shelf name="teen-fiction" count="5"/>
      <shelf name="6th-grade" count="5"/>
      <shelf name="children-s-literature" count="5"/>
      <shelf name="7th-grade" count="5"/>
      <shelf name="childrens-books" count="5"/>
      <shelf name="a-school-for-villains" count="4"/>
      <shelf name="read-in-2015" count="4"/>
      <shelf name="want-to-read" count="4"/>
      <shelf name="library-book" count="4"/>
      <shelf name="read-in-2014" count="4"/>
      <shelf name="kids-books" count="4"/>
      <shelf name="first-in-a-series" count="4"/>
      <shelf name="reread" count="4"/>
      <shelf name="suspense" count="4"/>
      <shelf name="urban-fantasy" count="4"/>
      <shelf name="favourite-books" count="4"/>
      <shelf name="reviewed" count="4"/>
      <shelf name="male-protagonist" count="4"/>
      <shelf name="5-star" count="4"/>
      <shelf name="library-books" count="4"/>
      <shelf name="summer-reading" count="4"/>
      <shelf name="7th-grade-books" count="4"/>
      <shelf name="teen-books" count="4"/>
  </popular_shelves>
  <book_links>
    <book_link>
  <id>8</id>
  <name>Libraries</name>
  <link>https://www.goodreads.com/book_link/follow/8</link>
</book_link>

  </book_links>
  <buy_links>
    <buy_link>
<id>1</id>
<name>Amazon</name>
<link>https://www.goodreads.com/book_link/follow/1</link>
</buy_link>
<buy_link>
<id>10</id>
<name>Audible</name>
<link>https://www.goodreads.com/book_link/follow/10</link>
</buy_link>
<buy_link>
<id>3</id>
<name>Barnes &amp; Noble</name>
<link>https://www.goodreads.com/book_link/follow/3</link>
</buy_link>
<buy_link>
<id>1027</id>
<name>Kobo</name>
<link>https://www.goodreads.com/book_link/follow/1027</link>
</buy_link>
<buy_link>
<id>2102</id>
<name>Apple iBooks</name>
<link>https://www.goodreads.com/book_link/follow/2102</link>
</buy_link>
<buy_link>
<id>8036</id>
<name>Google Play</name>
<link>https://www.goodreads.com/book_link/follow/8036</link>
</buy_link>
<buy_link>
<id>4</id>
<name>Abebooks</name>
<link>https://www.goodreads.com/book_link/follow/4</link>
</buy_link>
<buy_link>
<id>882</id>
<name>Book Depository</name>
<link>https://www.goodreads.com/book_link/follow/882</link>
</buy_link>
<buy_link>
<id>9</id>
<name>Indigo</name>
<link>https://www.goodreads.com/book_link/follow/9</link>
</buy_link>
<buy_link>
<id>2</id>
<name>Half.com</name>
<link>https://www.goodreads.com/book_link/follow/2</link>
</buy_link>
<buy_link>
<id>5</id>
<name>Alibris</name>
<link>https://www.goodreads.com/book_link/follow/5</link>
</buy_link>
<buy_link>
<id>107</id>
<name>Better World Books</name>
<link>https://www.goodreads.com/book_link/follow/107</link>
</buy_link>
<buy_link>
<id>7</id>
<name>IndieBound</name>
<link>https://www.goodreads.com/book_link/follow/7</link>
</buy_link>

  </buy_links>
  <series_works>
    <series_work>
<id>154085</id>
<user_position>1</user_position>
<series>
<id>43743</id>
<title>
<![CDATA[
    H.I.V.E.
]]>
</title>
<description>
<![CDATA[
]]>
</description>
<note>
<![CDATA[
]]>
</note>
<series_works_count>9</series_works_count>
<primary_work_count>9</primary_work_count>
<numbered>true</numbered>
</series>

</series_work>

  </series_works>
  <similar_books>
          <book>
<id>5332742</id>
<title><![CDATA[The Lab (Agent Six of Hearts, #1)]]></title>
<title_without_series>The Lab</title_without_series>
<link><![CDATA[https://www.goodreads.com/book/show/5332742-the-lab]]></link>
<small_image_url><![CDATA[https://images.gr-assets.com/books/1328838492s/5332742.jpg]]></small_image_url>
<image_url><![CDATA[https://images.gr-assets.com/books/1328838492m/5332742.jpg]]></image_url>
<num_pages>320</num_pages>
<work>
<id>5400228</id>
</work>
<isbn>0545068606</isbn>
<isbn13>9780545068604</isbn13>
<average_rating>3.87</average_rating>
<ratings_count>1685</ratings_count>
<publication_year>2008</publication_year>
<publication_month>11</publication_month>
<publication_day>1</publication_day>
<authors>
<author>
<id>2295135</id>
<name>Jack Heath</name>
<link><![CDATA[https://www.goodreads.com/author/show/2295135.Jack_Heath]]></link>
</author>
</authors>
</book>

          <book>
<id>1444912</id>
<title><![CDATA[The Gathering (The New Heroes/Quantum Prophecy, #2)]]></title>
<title_without_series>The Gathering</title_without_series>
<link><![CDATA[https://www.goodreads.com/book/show/1444912.The_Gathering]]></link>
<small_image_url><![CDATA[https://s.gr-assets.com/assets/nophoto/book/50x75-a91bf249278a81aabab721ef782c4a74.png]]></small_image_url>
<image_url><![CDATA[https://s.gr-assets.com/assets/nophoto/book/111x148-bcc042a9c91a29c1d680899eff700a03.png]]></image_url>
<num_pages>224</num_pages>
<work>
<id>1435591</id>
</work>
<isbn>0399247262</isbn>
<isbn13>9780399247262</isbn13>
<average_rating>4.20</average_rating>
<ratings_count>2073</ratings_count>
<publication_year>2008</publication_year>
<publication_month>7</publication_month>
<publication_day>3</publication_day>
<authors>
<author>
<id>78763</id>
<name>Michael Carroll</name>
<link><![CDATA[https://www.goodreads.com/author/show/78763.Michael_Carroll]]></link>
</author>
</authors>
</book>

          <book>
<id>6709819</id>
<title>The Academy (Steel Trapp, #2)</title>
<title_without_series>The Academy</title_without_series>
<link><![CDATA[https://www.goodreads.com/book/show/6709819-the-academy]]></link>
<small_image_url><![CDATA[https://images.gr-assets.com/books/1267232227s/6709819.jpg]]></small_image_url>
<image_url><![CDATA[https://images.gr-assets.com/books/1267232227m/6709819.jpg]]></image_url>
<num_pages>416</num_pages>
<work>
<id>6905663</id>
</work>
<isbn>1423115325</isbn>
<isbn13>9781423115328</isbn13>
<average_rating>4.00</average_rating>
<ratings_count>637</ratings_count>
<publication_year>2010</publication_year>
<publication_month>1</publication_month>
<publication_day>18</publication_day>
<authors>
<author>
<id>6244</id>
<name>Ridley Pearson</name>
<link><![CDATA[https://www.goodreads.com/author/show/6244.Ridley_Pearson]]></link>
</author>
</authors>
</book>

          <book>
<id>912218</id>
<title><![CDATA[Jimmy Coates: Assassin? (Jimmy Coates, #1)]]></title>
<title_without_series>Jimmy Coates: Assassin?</title_without_series>
<link><![CDATA[https://www.goodreads.com/book/show/912218.Jimmy_Coates]]></link>
<small_image_url><![CDATA[https://s.gr-assets.com/assets/nophoto/book/50x75-a91bf249278a81aabab721ef782c4a74.png]]></small_image_url>
<image_url><![CDATA[https://s.gr-assets.com/assets/nophoto/book/111x148-bcc042a9c91a29c1d680899eff700a03.png]]></image_url>
<num_pages>218</num_pages>
<work>
<id>897320</id>
</work>
<isbn>0060772654</isbn>
<isbn13>9780060772659</isbn13>
<average_rating>3.85</average_rating>
<ratings_count>1587</ratings_count>
<publication_year>2006</publication_year>
<publication_month>8</publication_month>
<publication_day>1</publication_day>
<authors>
<author>
<id>466652</id>
<name>Joe Craig</name>
<link><![CDATA[https://www.goodreads.com/author/show/466652.Joe_Craig]]></link>
</author>
</authors>
</book>

          <book>
<id>3599149</id>
<title>Independence Hall (I, Q, #1)</title>
<title_without_series>Independence Hall</title_without_series>
<link><![CDATA[https://www.goodreads.com/book/show/3599149-independence-hall]]></link>
<small_image_url><![CDATA[https://s.gr-assets.com/assets/nophoto/book/50x75-a91bf249278a81aabab721ef782c4a74.png]]></small_image_url>
<image_url><![CDATA[https://s.gr-assets.com/assets/nophoto/book/111x148-bcc042a9c91a29c1d680899eff700a03.png]]></image_url>
<num_pages>293</num_pages>
<work>
<id>3641852</id>
</work>
<isbn>1585363251</isbn>
<isbn13>9781585363254</isbn13>
<average_rating>4.05</average_rating>
<ratings_count>6891</ratings_count>
<publication_year>2008</publication_year>
<publication_month>8</publication_month>
<publication_day>27</publication_day>
<authors>
<author>
<id>137554</id>
<name>Roland Smith</name>
<link><![CDATA[https://www.goodreads.com/author/show/137554.Roland_Smith]]></link>
</author>
</authors>
</book>

          <book>
<id>6780702</id>
<title><![CDATA[The Rise of Renegade X (Renegade X, #1)]]></title>
<title_without_series>The Rise of Renegade X</title_without_series>
<link><![CDATA[https://www.goodreads.com/book/show/6780702-the-rise-of-renegade-x]]></link>
<small_image_url><![CDATA[https://images.gr-assets.com/books/1320520546s/6780702.jpg]]></small_image_url>
<image_url><![CDATA[https://images.gr-assets.com/books/1320520546m/6780702.jpg]]></image_url>
<num_pages>352</num_pages>
<work>
<id>6982231</id>
</work>
<isbn>1606840606</isbn>
<isbn13>9781606840603</isbn13>
<average_rating>3.90</average_rating>
<ratings_count>2416</ratings_count>
<publication_year>2010</publication_year>
<publication_month>5</publication_month>
<publication_day>11</publication_day>
<authors>
<author>
<id>5808280</id>
<name>Chelsea M. Campbell</name>
<link><![CDATA[https://www.goodreads.com/author/show/5808280.Chelsea_M_Campbell]]></link>
</author>
</authors>
</book>

          <book>
<id>295741</id>
<title>Evil Genius (Genius, #1)</title>
<title_without_series>Evil Genius</title_without_series>
<link><![CDATA[https://www.goodreads.com/book/show/295741.Evil_Genius]]></link>
<small_image_url><![CDATA[https://images.gr-assets.com/books/1173479293s/295741.jpg]]></small_image_url>
<image_url><![CDATA[https://images.gr-assets.com/books/1173479293m/295741.jpg]]></image_url>
<num_pages>552</num_pages>
<work>
<id>2996049</id>
</work>
<isbn>0152059881</isbn>
<isbn13>9780152059880</isbn13>
<average_rating>3.80</average_rating>
<ratings_count>7296</ratings_count>
<publication_year>2007</publication_year>
<publication_month>5</publication_month>
<publication_day>1</publication_day>
<authors>
<author>
<id>72678</id>
<name>Catherine Jinks</name>
<link><![CDATA[https://www.goodreads.com/author/show/72678.Catherine_Jinks]]></link>
</author>
</authors>
</book>

          <book>
<id>924073</id>
<title><![CDATA[The Glitch in Sleep (The Seems, #1)]]></title>
<title_without_series>The Glitch in Sleep</title_without_series>
<link><![CDATA[https://www.goodreads.com/book/show/924073.The_Glitch_in_Sleep]]></link>
<small_image_url><![CDATA[https://images.gr-assets.com/books/1317065748s/924073.jpg]]></small_image_url>
<image_url><![CDATA[https://images.gr-assets.com/books/1317065748m/924073.jpg]]></image_url>
<num_pages>274</num_pages>
<work>
<id>909090</id>
</work>
<isbn>1599901293</isbn>
<isbn13>9781599901299</isbn13>
<average_rating>3.72</average_rating>
<ratings_count>1155</ratings_count>
<publication_year>2007</publication_year>
<publication_month>9</publication_month>
<publication_day>18</publication_day>
<authors>
<author>
<id>95132</id>
<name>John Hulme</name>
<link><![CDATA[https://www.goodreads.com/author/show/95132.John_Hulme]]></link>
</author>
</authors>
</book>

          <book>
<id>603911</id>
<title>SilverFin (Young Bond, #1)</title>
<title_without_series>SilverFin</title_without_series>
<link><![CDATA[https://www.goodreads.com/book/show/603911.SilverFin]]></link>
<small_image_url><![CDATA[https://images.gr-assets.com/books/1404538648s/603911.jpg]]></small_image_url>
<image_url><![CDATA[https://images.gr-assets.com/books/1404538648m/603911.jpg]]></image_url>
<num_pages>352</num_pages>
<work>
<id>2435731</id>
</work>
<isbn>078683661X</isbn>
<isbn13>9780786836611</isbn13>
<average_rating>3.80</average_rating>
<ratings_count>10927</ratings_count>
<publication_year>2005</publication_year>
<publication_month>4</publication_month>
<publication_day>30</publication_day>
<authors>
<author>
<id>162326</id>
<name>Charlie Higson</name>
<link><![CDATA[https://www.goodreads.com/author/show/162326.Charlie_Higson]]></link>
</author>
</authors>
</book>

          <book>
<id>4621258</id>
<title>Virus Attack (Hero.Com, #2)</title>
<title_without_series>Virus Attack</title_without_series>
<link><![CDATA[https://www.goodreads.com/book/show/4621258-virus-attack]]></link>
<small_image_url><![CDATA[https://images.gr-assets.com/books/1375815330s/4621258.jpg]]></small_image_url>
<image_url><![CDATA[https://images.gr-assets.com/books/1375815330m/4621258.jpg]]></image_url>
<num_pages>265</num_pages>
<work>
<id>4671250</id>
</work>
<isbn>0192755455</isbn>
<isbn13>9780192755452</isbn13>
<average_rating>4.04</average_rating>
<ratings_count>166</ratings_count>
<publication_year></publication_year>
<publication_month></publication_month>
<publication_day></publication_day>
<authors>
<author>
<id>1087610</id>
<name>Andy Briggs</name>
<link><![CDATA[https://www.goodreads.com/author/show/1087610.Andy_Briggs]]></link>
</author>
</authors>
</book>

          <book>
<id>872401</id>
<title>Sure Fire (Rich and Jade, #1)</title>
<title_without_series>Sure Fire</title_without_series>
<link><![CDATA[https://www.goodreads.com/book/show/872401.Sure_Fire]]></link>
<small_image_url><![CDATA[https://s.gr-assets.com/assets/nophoto/book/50x75-a91bf249278a81aabab721ef782c4a74.png]]></small_image_url>
<image_url><![CDATA[https://s.gr-assets.com/assets/nophoto/book/111x148-bcc042a9c91a29c1d680899eff700a03.png]]></image_url>
<num_pages></num_pages>
<work>
<id>857766</id>
</work>
<isbn>0007244630</isbn>
<isbn13>9780007244638</isbn13>
<average_rating>3.77</average_rating>
<ratings_count>1087</ratings_count>
<publication_year>2009</publication_year>
<publication_month>11</publication_month>
<publication_day>1</publication_day>
<authors>
<author>
<id>19706</id>
<name>Jack Higgins</name>
<link><![CDATA[https://www.goodreads.com/author/show/19706.Jack_Higgins]]></link>
</author>
</authors>
</book>

          <book>
<id>13549375</id>
<title><![CDATA[The Cloak Society (The Cloak Society, #1)]]></title>
<title_without_series>The Cloak Society</title_without_series>
<link><![CDATA[https://www.goodreads.com/book/show/13549375-the-cloak-society]]></link>
<small_image_url><![CDATA[https://images.gr-assets.com/books/1344203836s/13549375.jpg]]></small_image_url>
<image_url><![CDATA[https://images.gr-assets.com/books/1344203836m/13549375.jpg]]></image_url>
<num_pages>288</num_pages>
<work>
<id>19115417</id>
</work>
<isbn>0062095471</isbn>
<isbn13>9780062095473</isbn13>
<average_rating>4.14</average_rating>
<ratings_count>2249</ratings_count>
<publication_year>2012</publication_year>
<publication_month>10</publication_month>
<publication_day>2</publication_day>
<authors>
<author>
<id>5778695</id>
<name>Jeramey Kraatz</name>
<link><![CDATA[https://www.goodreads.com/author/show/5778695.Jeramey_Kraatz]]></link>
</author>
</authors>
</book>

          <book>
<id>4223020</id>
<title><![CDATA[The Escape (Henderson's Boys, #1)]]></title>
<title_without_series>The Escape</title_without_series>
<link><![CDATA[https://www.goodreads.com/book/show/4223020-the-escape]]></link>
<small_image_url><![CDATA[https://images.gr-assets.com/books/1419178920s/4223020.jpg]]></small_image_url>
<image_url><![CDATA[https://images.gr-assets.com/books/1419178920m/4223020.jpg]]></image_url>
<num_pages>298</num_pages>
<work>
<id>4270419</id>
</work>
<isbn>0340956488</isbn>
<isbn13>9780340956489</isbn13>
<average_rating>4.08</average_rating>
<ratings_count>4258</ratings_count>
<publication_year></publication_year>
<publication_month></publication_month>
<publication_day></publication_day>
<authors>
<author>
<id>268199</id>
<name>Robert Muchamore</name>
<link><![CDATA[https://www.goodreads.com/author/show/268199.Robert_Muchamore]]></link>
</author>
</authors>
</book>

          <book>
<id>466141</id>
<title><![CDATA[The Hero Revealed (The Extraordinary Adventures of Ordinary Boy, #1)]]></title>
<title_without_series>The Hero Revealed</title_without_series>
<link><![CDATA[https://www.goodreads.com/book/show/466141.The_Hero_Revealed]]></link>
<small_image_url><![CDATA[https://s.gr-assets.com/assets/nophoto/book/50x75-a91bf249278a81aabab721ef782c4a74.png]]></small_image_url>
<image_url><![CDATA[https://s.gr-assets.com/assets/nophoto/book/111x148-bcc042a9c91a29c1d680899eff700a03.png]]></image_url>
<num_pages></num_pages>
<work>
<id>454528</id>
</work>
<isbn>0060774649</isbn>
<isbn13>9780060774646</isbn13>
<average_rating>4.09</average_rating>
<ratings_count>885</ratings_count>
<publication_year></publication_year>
<publication_month></publication_month>
<publication_day></publication_day>
<authors>
<author>
<id>13625</id>
<name>William Boniface</name>
<link><![CDATA[https://www.goodreads.com/author/show/13625.William_Boniface]]></link>
</author>
</authors>
</book>

          <book>
<id>6784960</id>
<title><![CDATA[Escape from Shadow Island (Max Cassidy, #1)]]></title>
<title_without_series>Escape from Shadow Island</title_without_series>
<link><![CDATA[https://www.goodreads.com/book/show/6784960-escape-from-shadow-island]]></link>
<small_image_url><![CDATA[https://s.gr-assets.com/assets/nophoto/book/50x75-a91bf249278a81aabab721ef782c4a74.png]]></small_image_url>
<image_url><![CDATA[https://s.gr-assets.com/assets/nophoto/book/111x148-bcc042a9c91a29c1d680899eff700a03.png]]></image_url>
<num_pages>304</num_pages>
<work>
<id>6987700</id>
</work>
<isbn>0061863238</isbn>
<isbn13>9780061863233</isbn13>
<average_rating>3.94</average_rating>
<ratings_count>472</ratings_count>
<publication_year>2010</publication_year>
<publication_month>2</publication_month>
<publication_day>16</publication_day>
<authors>
<author>
<id>237926</id>
<name>Paul Adam</name>
<link><![CDATA[https://www.goodreads.com/author/show/237926.Paul_Adam]]></link>
</author>
</authors>
</book>

          <book>
<id>8928024</id>
<title>Sidekicks</title>
<title_without_series>Sidekicks</title_without_series>
<link><![CDATA[https://www.goodreads.com/book/show/8928024-sidekicks]]></link>
<small_image_url><![CDATA[https://images.gr-assets.com/books/1328811639s/8928024.jpg]]></small_image_url>
<image_url><![CDATA[https://images.gr-assets.com/books/1328811639m/8928024.jpg]]></image_url>
<num_pages></num_pages>
<work>
<id>13804507</id>
</work>
<isbn>0810998033</isbn>
<isbn13>9780810998032</isbn13>
<average_rating>4.02</average_rating>
<ratings_count>1047</ratings_count>
<publication_year></publication_year>
<publication_month></publication_month>
<publication_day></publication_day>
<authors>
<author>
<id>1570622</id>
<name>Jack D. Ferraiolo</name>
<link><![CDATA[https://www.goodreads.com/author/show/1570622.Jack_D_Ferraiolo]]></link>
</author>
</authors>
</book>

          <book>
<id>6096231</id>
<title><![CDATA[Happenstance Found (The Books of Umber, #1)]]></title>
<title_without_series>Happenstance Found</title_without_series>
<link><![CDATA[https://www.goodreads.com/book/show/6096231-happenstance-found]]></link>
<small_image_url><![CDATA[https://s.gr-assets.com/assets/nophoto/book/50x75-a91bf249278a81aabab721ef782c4a74.png]]></small_image_url>
<image_url><![CDATA[https://s.gr-assets.com/assets/nophoto/book/111x148-bcc042a9c91a29c1d680899eff700a03.png]]></image_url>
<num_pages></num_pages>
<work>
<id>6273321</id>
</work>
<isbn>1416975195</isbn>
<isbn13>9781416975199</isbn13>
<average_rating>3.99</average_rating>
<ratings_count>4142</ratings_count>
<publication_year></publication_year>
<publication_month></publication_month>
<publication_day></publication_day>
<authors>
<author>
<id>129092</id>
<name>P.W. Catanese</name>
<link><![CDATA[https://www.goodreads.com/author/show/129092.P_W_Catanese]]></link>
</author>
</authors>
</book>

          <book>
<id>5895933</id>
<title>Dull Boy</title>
<title_without_series>Dull Boy</title_without_series>
<link><![CDATA[https://www.goodreads.com/book/show/5895933-dull-boy]]></link>
<small_image_url><![CDATA[https://s.gr-assets.com/assets/nophoto/book/50x75-a91bf249278a81aabab721ef782c4a74.png]]></small_image_url>
<image_url><![CDATA[https://s.gr-assets.com/assets/nophoto/book/111x148-bcc042a9c91a29c1d680899eff700a03.png]]></image_url>
<num_pages>308</num_pages>
<work>
<id>6068214</id>
</work>
<isbn>0525421335</isbn>
<isbn13>9780525421337</isbn13>
<average_rating>3.70</average_rating>
<ratings_count>852</ratings_count>
<publication_year>2009</publication_year>
<publication_month>5</publication_month>
<publication_day>14</publication_day>
<authors>
<author>
<id>2699594</id>
<name>Sarah Cross</name>
<link><![CDATA[https://www.goodreads.com/author/show/2699594.Sarah_Cross]]></link>
</author>
</authors>
</book>

  </similar_books>
</book>

</GoodreadsResponse>