<?xml version="1.0" encoding="UTF-8"?>
<GoodreadsResponse>
  <Request>
    <authentication>true</authentication>
      <key><![CDATA[all_men_must_serve]]></key>
    <method><![CDATA[book_show]]></method>
  </Request>
  <book>
  <id>10084</id>
  <title><![CDATA[River of Blue Fire (Otherland, #2)]]></title>
  <isbn><![CDATA[0886778441]]></isbn>
  <isbn13><![CDATA[9780886778446]]></isbn13>
  <asin><![CDATA[]]></asin>
  <kindle_asin><![CDATA[B01MTMV5RE]]></kindle_asin>
  <marketplace_id><![CDATA[A1F83G8C2ARO7P]]></marketplace_id>
  <country_code><![CDATA[GB]]></country_code>
  <image_url>https://images.gr-assets.com/books/1309992269m/10084.jpg</image_url>
  <small_image_url>https://images.gr-assets.com/books/1309992269s/10084.jpg</small_image_url>
  <publication_year>1999</publication_year>
  <publication_month>9</publication_month>
  <publication_day>1</publication_day>
  <publisher>Daw Books</publisher>
  <language_code>eng</language_code>
  <is_ebook>false</is_ebook>
  <description><![CDATA[Otherland. In many ways it is humankind's most stunning achievement: a private, multidimensional universe built over two generations by the greatest minds of the twenty-first century. But this most exclusive of places is also one of the world's best kept secrets, created and controlled by an organization made up of the world's most powerful and ruthless individuals, a private cartel known--to those who know of their existence at all--as The Grail Brotherhood. Though their purpose in creating Otherland is still a mystery, it may not remain so for long. For they have exacted a terrible price from humanity in the process, and even their highly organized global conspiracy cannot hide the nature of their crimes forever. And now a small band of adventurers has penetrated the veil of secrecy that prevents the uninitiated from entering Otherland. But having broken into the amazing worlds within worlds that make up this universe, they are trapped, unable to escape back to their own flesh-and-blood bodies in the real world. And as dangers and circumstances split their party into small, widely scattered groups, their only hope of reuniting lies in returning again and again to the River that flows--in one form or another--through all the worlds.<br /><br />But the odds seem to be completely against them as they--and the one outsider with whom they might join forces--become hopelessly lost in realms where an Ice Age tribe's fears can only be quenched in blood...where insects are as large and deadly as dinosaurs...where they are caught in the war between a man made of straw and one made of tin...where cartoon ads take on a life of their own...where humans strive to survive in the aftermath of an alien invasion...and where one among their party is actually The Grail Brotherhood's most terrifying weapon--a sociopathic killer who has never failed and whose current mission is to make certain that not even one member of this little invasion force lives long enough to reveal the truth about Otherland to the people of Earth...]]></description>
  <work>
  <id type="integer">1003667</id>
  <books_count type="integer">20</books_count>
  <best_book_id type="integer">10084</best_book_id>
  <reviews_count type="integer">17993</reviews_count>
  <ratings_sum type="integer">51119</ratings_sum>
  <ratings_count type="integer">12772</ratings_count>
  <text_reviews_count type="integer">237</text_reviews_count>
  <original_publication_year type="integer">1998</original_publication_year>
  <original_publication_month type="integer">1</original_publication_month>
  <original_publication_day type="integer">1</original_publication_day>
  <original_title>River of Blue Fire</original_title>
  <original_language_id type="integer" nil="true"/>
  <media_type>book</media_type>
  <rating_dist>5:4315|4:5058|3:2644|2:625|1:130|total:12772</rating_dist>
  <desc_user_id type="integer">7492276</desc_user_id>
  <default_chaptering_book_id type="integer" nil="true"/>
  <default_description_language_code nil="true"/>
</work>
  <average_rating>4.00</average_rating>
  <num_pages><![CDATA[675]]></num_pages>
  <format><![CDATA[Mass Market Paperback]]></format>
  <edition_information><![CDATA[]]></edition_information>
  <ratings_count><![CDATA[12022]]></ratings_count>
  <text_reviews_count><![CDATA[205]]></text_reviews_count>
  <url><![CDATA[https://www.goodreads.com/book/show/10084.River_of_Blue_Fire]]></url>
  <link><![CDATA[https://www.goodreads.com/book/show/10084.River_of_Blue_Fire]]></link>
  <authors>
<author>
<id>6587</id>
<name>Tad Williams</name>
<role></role>
<image_url nophoto='false'>
<![CDATA[https://images.gr-assets.com/authors/1191183065p5/6587.jpg]]>
</image_url>
<small_image_url nophoto='false'>
<![CDATA[https://images.gr-assets.com/authors/1191183065p2/6587.jpg]]>
</small_image_url>
<link><![CDATA[https://www.goodreads.com/author/show/6587.Tad_Williams]]></link>
<average_rating>3.99</average_rating>
<ratings_count>302848</ratings_count>
<text_reviews_count>10076</text_reviews_count>
</author>
</authors>

    <reviews_widget>
      <![CDATA[
        <style>
  #goodreads-widget {
    font-family: georgia, serif;
    padding: 18px 0;
    width:565px;
  }
  #goodreads-widget h1 {
    font-weight:normal;
    font-size: 16px;
    border-bottom: 1px solid #BBB596;
    margin-bottom: 0;
  }
  #goodreads-widget a {
    text-decoration: none;
    color:#660;
  }
  iframe{
    background-color: #fff;
  }
  #goodreads-widget a:hover { text-decoration: underline; }
  #goodreads-widget a:active {
    color:#660;
  }
  #gr_footer {
    width: 100%;
    border-top: 1px solid #BBB596;
    text-align: right;
  }
  #goodreads-widget .gr_branding{
    color: #382110;
    font-size: 11px;
    text-decoration: none;
    font-family: "Helvetica Neue", Helvetica, Arial, sans-serif;
  }
</style>
<div id="goodreads-widget">
  <div id="gr_header"><h1><a rel="nofollow" href="https://www.goodreads.com/book/show/10084.River_of_Blue_Fire">River of Blue Fire Reviews</a></h1></div>
  <iframe id="the_iframe" src="https://www.goodreads.com/api/reviews_widget_iframe?did=DEVELOPER_ID&amp;format=html&amp;isbn=0886778441&amp;links=660&amp;min_rating=&amp;review_back=fff&amp;stars=000&amp;text=000" width="565" height="400" frameborder="0"></iframe>
  <div id="gr_footer">
    <a class="gr_branding" target="_blank" rel="nofollow" href="https://www.goodreads.com/book/show/10084.River_of_Blue_Fire?utm_medium=api&amp;utm_source=reviews_widget">Reviews from Goodreads.com</a>
  </div>
</div>

      ]]>
    </reviews_widget>
  <popular_shelves>
      <shelf name="to-read" count="2833"/>
      <shelf name="fantasy" count="526"/>
      <shelf name="science-fiction" count="485"/>
      <shelf name="sci-fi" count="314"/>
      <shelf name="currently-reading" count="153"/>
      <shelf name="fiction" count="134"/>
      <shelf name="owned" count="118"/>
      <shelf name="scifi" count="86"/>
      <shelf name="favorites" count="84"/>
      <shelf name="default" count="81"/>
      <shelf name="cyberpunk" count="68"/>
      <shelf name="sci-fi-fantasy" count="55"/>
      <shelf name="sf" count="43"/>
      <shelf name="tad-williams" count="43"/>
      <shelf name="series" count="36"/>
      <shelf name="books-i-own" count="35"/>
      <shelf name="fantasy-sci-fi" count="34"/>
      <shelf name="adventure" count="26"/>
      <shelf name="scifi-fantasy" count="26"/>
      <shelf name="otherland" count="25"/>
      <shelf name="science" count="18"/>
      <shelf name="owned-books" count="17"/>
      <shelf name="library" count="17"/>
      <shelf name="ebook" count="16"/>
      <shelf name="epic-fantasy" count="16"/>
      <shelf name="speculative-fiction" count="15"/>
      <shelf name="science-fiction-fantasy" count="14"/>
      <shelf name="my-books" count="13"/>
      <shelf name="epic" count="13"/>
      <shelf name="my-library" count="13"/>
      <shelf name="urban-fantasy" count="11"/>
      <shelf name="fantasy-scifi" count="11"/>
      <shelf name="have" count="9"/>
      <shelf name="dystopia" count="9"/>
      <shelf name="williams-tad" count="9"/>
      <shelf name="ebooks" count="9"/>
      <shelf name="sf-fantasy" count="9"/>
      <shelf name="sff" count="8"/>
      <shelf name="audiobook" count="8"/>
      <shelf name="virtual-reality" count="8"/>
      <shelf name="sci-fi-and-fantasy" count="8"/>
      <shelf name="unread" count="7"/>
      <shelf name="english" count="7"/>
      <shelf name="calibre" count="7"/>
      <shelf name="paper" count="7"/>
      <shelf name="i-own" count="7"/>
      <shelf name="kindle" count="7"/>
      <shelf name="favourites" count="7"/>
      <shelf name="re-read" count="7"/>
      <shelf name="thriller" count="7"/>
      <shelf name="dystopian" count="6"/>
      <shelf name="science-fiction-and-fantasy" count="6"/>
      <shelf name="paperback" count="6"/>
      <shelf name="1990s" count="6"/>
      <shelf name="mystery" count="6"/>
      <shelf name="books" count="6"/>
      <shelf name="cyber-punk" count="6"/>
      <shelf name="hardcover" count="6"/>
      <shelf name="to-buy" count="5"/>
      <shelf name="general" count="5"/>
      <shelf name="donated" count="5"/>
      <shelf name="audiobooks" count="5"/>
      <shelf name="e-books" count="5"/>
      <shelf name="spec-fic" count="5"/>
      <shelf name="sciencefiction" count="5"/>
      <shelf name="fantasy-science-fiction" count="5"/>
      <shelf name="own-it" count="5"/>
      <shelf name="in-my-library" count="4"/>
      <shelf name="bücherregal" count="4"/>
      <shelf name="shelfari-favorites" count="4"/>
      <shelf name="sold" count="4"/>
      <shelf name="audio-book" count="4"/>
      <shelf name="own-physical" count="4"/>
      <shelf name="1" count="4"/>
      <shelf name="my-collection" count="4"/>
      <shelf name="futuristic" count="4"/>
      <shelf name="mine" count="4"/>
      <shelf name="syfy" count="4"/>
      <shelf name="williams" count="4"/>
      <shelf name="home-library" count="4"/>
      <shelf name="fantasy-and-sci-fi" count="4"/>
      <shelf name="male-author" count="4"/>
      <shelf name="scifi-and-fantasy" count="4"/>
      <shelf name="borrowed" count="4"/>
      <shelf name="novels" count="4"/>
      <shelf name="literature" count="3"/>
      <shelf name="scanned" count="3"/>
      <shelf name="imaginary" count="3"/>
      <shelf name="audible" count="3"/>
      <shelf name="tbr" count="3"/>
      <shelf name="german" count="3"/>
      <shelf name="books-to-buy" count="3"/>
      <shelf name="to-read-owned" count="3"/>
      <shelf name="owned-to-read" count="3"/>
      <shelf name="owned-unread" count="3"/>
      <shelf name="crime" count="3"/>
      <shelf name="audio" count="3"/>
      <shelf name="good-fantasy" count="3"/>
      <shelf name="favorite" count="3"/>
      <shelf name="cyber" count="3"/>
  </popular_shelves>
  <book_links>
    <book_link>
  <id>8</id>
  <name>Libraries</name>
  <link>https://www.goodreads.com/book_link/follow/8</link>
</book_link>

  </book_links>
  <buy_links>
    <buy_link>
<id>1</id>
<name>Amazon</name>
<link>https://www.goodreads.com/book_link/follow/1</link>
</buy_link>
<buy_link>
<id>10</id>
<name>Audible</name>
<link>https://www.goodreads.com/book_link/follow/10</link>
</buy_link>
<buy_link>
<id>3</id>
<name>Barnes &amp; Noble</name>
<link>https://www.goodreads.com/book_link/follow/3</link>
</buy_link>
<buy_link>
<id>1027</id>
<name>Kobo</name>
<link>https://www.goodreads.com/book_link/follow/1027</link>
</buy_link>
<buy_link>
<id>2102</id>
<name>Apple iBooks</name>
<link>https://www.goodreads.com/book_link/follow/2102</link>
</buy_link>
<buy_link>
<id>8036</id>
<name>Google Play</name>
<link>https://www.goodreads.com/book_link/follow/8036</link>
</buy_link>
<buy_link>
<id>4</id>
<name>Abebooks</name>
<link>https://www.goodreads.com/book_link/follow/4</link>
</buy_link>
<buy_link>
<id>882</id>
<name>Book Depository</name>
<link>https://www.goodreads.com/book_link/follow/882</link>
</buy_link>
<buy_link>
<id>9</id>
<name>Indigo</name>
<link>https://www.goodreads.com/book_link/follow/9</link>
</buy_link>
<buy_link>
<id>2</id>
<name>Half.com</name>
<link>https://www.goodreads.com/book_link/follow/2</link>
</buy_link>
<buy_link>
<id>5</id>
<name>Alibris</name>
<link>https://www.goodreads.com/book_link/follow/5</link>
</buy_link>
<buy_link>
<id>107</id>
<name>Better World Books</name>
<link>https://www.goodreads.com/book_link/follow/107</link>
</buy_link>
<buy_link>
<id>7</id>
<name>IndieBound</name>
<link>https://www.goodreads.com/book_link/follow/7</link>
</buy_link>

  </buy_links>
  <series_works>
    <series_work>
<id>154189</id>
<user_position>2</user_position>
<series>
<id>43762</id>
<title>
<![CDATA[
    Otherland
]]>
</title>
<description>
<![CDATA[
    The Otherland tetralogy was awarded the <i>Corine International Book Prize</i> in the category <i>Future Prize</i> in 2004.
    
    "The Happiest Dead Boy in the World" is a related novella from <a href=http://www.goodreads.com/book/show/77563.Legends_II>Legends II</a>. It can also be found in Tad Williams's own collection, <a href=http://www.goodreads.com/book/show/28690.Rite>Rite Short Work</a>, and as a standalone novella in German, "Der glücklichste tote Junge der Welt".
    
    See also <a href="http://www.goodreads.com/series/82378-autremonde">Autremonde</a>, this series renumbered in 8 volumes.
]]>
</description>
<note>
<![CDATA[
]]>
</note>
<series_works_count>10</series_works_count>
<primary_work_count>4</primary_work_count>
<numbered>true</numbered>
</series>

</series_work>

  </series_works>
  <similar_books>
          <book>
<id>22877</id>
<title><![CDATA[The Gap Into Power: A Dark and Hungry God Arises (Gap, #3)]]></title>
<title_without_series><![CDATA[The Gap Into Power: A Dark and Hungry God Arises]]></title_without_series>
<link><![CDATA[https://www.goodreads.com/book/show/22877.The_Gap_Into_Power]]></link>
<small_image_url><![CDATA[https://images.gr-assets.com/books/1320464994s/22877.jpg]]></small_image_url>
<image_url><![CDATA[https://images.gr-assets.com/books/1320464994m/22877.jpg]]></image_url>
<num_pages>518</num_pages>
<work>
<id>23881</id>
</work>
<isbn>0553562606</isbn>
<isbn13>9780553562606</isbn13>
<average_rating>4.07</average_rating>
<ratings_count>5315</ratings_count>
<publication_year>2009</publication_year>
<publication_month>10</publication_month>
<publication_day>21</publication_day>
<authors>
<author>
<id>12980</id>
<name>Stephen R. Donaldson</name>
<link><![CDATA[https://www.goodreads.com/author/show/12980.Stephen_R_Donaldson]]></link>
</author>
</authors>
</book>

          <book>
<id>479561</id>
<title><![CDATA[The Neutronium Alchemist (Night's Dawn, #2)]]></title>
<title_without_series>The Neutronium Alchemist</title_without_series>
<link><![CDATA[https://www.goodreads.com/book/show/479561.The_Neutronium_Alchemist]]></link>
<small_image_url><![CDATA[https://s.gr-assets.com/assets/nophoto/book/50x75-a91bf249278a81aabab721ef782c4a74.png]]></small_image_url>
<image_url><![CDATA[https://s.gr-assets.com/assets/nophoto/book/111x148-bcc042a9c91a29c1d680899eff700a03.png]]></image_url>
<num_pages>1273</num_pages>
<work>
<id>6519560</id>
</work>
<isbn>0330351435</isbn>
<isbn13>9780330351430</isbn13>
<average_rating>4.25</average_rating>
<ratings_count>14072</ratings_count>
<publication_year>1998</publication_year>
<publication_month>10</publication_month>
<publication_day>9</publication_day>
<authors>
<author>
<id>25375</id>
<name>Peter F. Hamilton</name>
<link><![CDATA[https://www.goodreads.com/author/show/25375.Peter_F_Hamilton]]></link>
</author>
</authors>
</book>

          <book>
<id>364471</id>
<title><![CDATA[Sea without a Shore (Moontide and Magic Rise, #2)]]></title>
<title_without_series>Sea without a Shore</title_without_series>
<link><![CDATA[https://www.goodreads.com/book/show/364471.Sea_without_a_Shore]]></link>
<small_image_url><![CDATA[https://s.gr-assets.com/assets/nophoto/book/50x75-a91bf249278a81aabab721ef782c4a74.png]]></small_image_url>
<image_url><![CDATA[https://s.gr-assets.com/assets/nophoto/book/111x148-bcc042a9c91a29c1d680899eff700a03.png]]></image_url>
<num_pages>598</num_pages>
<work>
<id>354537</id>
</work>
<isbn>0886776651</isbn>
<isbn13>9780886776657</isbn13>
<average_rating>3.76</average_rating>
<ratings_count>513</ratings_count>
<publication_year>1996</publication_year>
<publication_month>2</publication_month>
<publication_day>1</publication_day>
<authors>
<author>
<id>126955</id>
<name>Sean Russell</name>
<link><![CDATA[https://www.goodreads.com/author/show/126955.Sean_Russell]]></link>
</author>
</authors>
</book>

          <book>
<id>85654</id>
<title><![CDATA[Conventions of War (Dread Empire's Fall #3)]]></title>
<title_without_series>Conventions of War</title_without_series>
<link><![CDATA[https://www.goodreads.com/book/show/85654.Conventions_of_War]]></link>
<small_image_url><![CDATA[https://s.gr-assets.com/assets/nophoto/book/50x75-a91bf249278a81aabab721ef782c4a74.png]]></small_image_url>
<image_url><![CDATA[https://s.gr-assets.com/assets/nophoto/book/111x148-bcc042a9c91a29c1d680899eff700a03.png]]></image_url>
<num_pages>688</num_pages>
<work>
<id>1371248</id>
</work>
<isbn>0380820226</isbn>
<isbn13>9780380820221</isbn13>
<average_rating>3.85</average_rating>
<ratings_count>1176</ratings_count>
<publication_year>2005</publication_year>
<publication_month>9</publication_month>
<publication_day>27</publication_day>
<authors>
<author>
<id>48960</id>
<name>Walter Jon Williams</name>
<link><![CDATA[https://www.goodreads.com/author/show/48960.Walter_Jon_Williams]]></link>
</author>
</authors>
</book>

          <book>
<id>3972</id>
<title>Olympos (Ilium, #2)</title>
<title_without_series>Olympos</title_without_series>
<link><![CDATA[https://www.goodreads.com/book/show/3972.Olympos]]></link>
<small_image_url><![CDATA[https://s.gr-assets.com/assets/nophoto/book/50x75-a91bf249278a81aabab721ef782c4a74.png]]></small_image_url>
<image_url><![CDATA[https://s.gr-assets.com/assets/nophoto/book/111x148-bcc042a9c91a29c1d680899eff700a03.png]]></image_url>
<num_pages>891</num_pages>
<work>
<id>1537178</id>
</work>
<isbn>0380817934</isbn>
<isbn13>9780380817931</isbn13>
<average_rating>3.93</average_rating>
<ratings_count>12709</ratings_count>
<publication_year></publication_year>
<publication_month></publication_month>
<publication_day></publication_day>
<authors>
<author>
<id>2687</id>
<name>Dan Simmons</name>
<link><![CDATA[https://www.goodreads.com/author/show/2687.Dan_Simmons]]></link>
</author>
</authors>
</book>

          <book>
<id>378414</id>
<title><![CDATA[Diamond Mask (Galactic Milieu Trilogy, #2)]]></title>
<title_without_series>Diamond Mask</title_without_series>
<link><![CDATA[https://www.goodreads.com/book/show/378414.Diamond_Mask]]></link>
<small_image_url><![CDATA[https://images.gr-assets.com/books/1360049173s/378414.jpg]]></small_image_url>
<image_url><![CDATA[https://images.gr-assets.com/books/1360049173m/378414.jpg]]></image_url>
<num_pages>460</num_pages>
<work>
<id>1270160</id>
</work>
<isbn>0330322990</isbn>
<isbn13>9780330322997</isbn13>
<average_rating>4.17</average_rating>
<ratings_count>3185</ratings_count>
<publication_year>1994</publication_year>
<publication_month></publication_month>
<publication_day></publication_day>
<authors>
<author>
<id>23284</id>
<name>Julian May</name>
<link><![CDATA[https://www.goodreads.com/author/show/23284.Julian_May]]></link>
</author>
</authors>
</book>

          <book>
<id>172740</id>
<title>Songs of Earth and Power</title>
<title_without_series>Songs of Earth and Power</title_without_series>
<link><![CDATA[https://www.goodreads.com/book/show/172740.Songs_of_Earth_and_Power]]></link>
<small_image_url><![CDATA[https://images.gr-assets.com/books/1312049376s/172740.jpg]]></small_image_url>
<image_url><![CDATA[https://images.gr-assets.com/books/1312049376m/172740.jpg]]></image_url>
<num_pages>704</num_pages>
<work>
<id>1209966</id>
</work>
<isbn>0812536037</isbn>
<isbn13>9780812536034</isbn13>
<average_rating>4.02</average_rating>
<ratings_count>1058</ratings_count>
<publication_year>1996</publication_year>
<publication_month>11</publication_month>
<publication_day>15</publication_day>
<authors>
<author>
<id>16024</id>
<name>Greg Bear</name>
<link><![CDATA[https://www.goodreads.com/author/show/16024.Greg_Bear]]></link>
</author>
</authors>
</book>

          <book>
<id>884038</id>
<title><![CDATA[The Iron Wars (The Monarchies of God, #3)]]></title>
<title_without_series>The Iron Wars</title_without_series>
<link><![CDATA[https://www.goodreads.com/book/show/884038.The_Iron_Wars]]></link>
<small_image_url><![CDATA[https://s.gr-assets.com/assets/nophoto/book/50x75-a91bf249278a81aabab721ef782c4a74.png]]></small_image_url>
<image_url><![CDATA[https://s.gr-assets.com/assets/nophoto/book/111x148-bcc042a9c91a29c1d680899eff700a03.png]]></image_url>
<num_pages>320</num_pages>
<work>
<id>3271555</id>
</work>
<isbn>0441009174</isbn>
<isbn13>9780441009176</isbn13>
<average_rating>3.97</average_rating>
<ratings_count>669</ratings_count>
<publication_year>2002</publication_year>
<publication_month>2</publication_month>
<publication_day>26</publication_day>
<authors>
<author>
<id>387612</id>
<name>Paul Kearney</name>
<link><![CDATA[https://www.goodreads.com/author/show/387612.Paul_Kearney]]></link>
</author>
</authors>
</book>

          <book>
<id>834670</id>
<title>Glory Season</title>
<title_without_series>Glory Season</title_without_series>
<link><![CDATA[https://www.goodreads.com/book/show/834670.Glory_Season]]></link>
<small_image_url><![CDATA[https://images.gr-assets.com/books/1321770168s/834670.jpg]]></small_image_url>
<image_url><![CDATA[https://images.gr-assets.com/books/1321770168m/834670.jpg]]></image_url>
<num_pages>772</num_pages>
<work>
<id>820285</id>
</work>
<isbn>0553567675</isbn>
<isbn13>9780553567670</isbn13>
<average_rating>3.73</average_rating>
<ratings_count>2932</ratings_count>
<publication_year>1994</publication_year>
<publication_month>5</publication_month>
<publication_day>1</publication_day>
<authors>
<author>
<id>14078</id>
<name>David Brin</name>
<link><![CDATA[https://www.goodreads.com/author/show/14078.David_Brin]]></link>
</author>
</authors>
</book>

          <book>
<id>363917</id>
<title><![CDATA[Stormwarden (The Cycle of Fire, #1)]]></title>
<title_without_series>Stormwarden</title_without_series>
<link><![CDATA[https://www.goodreads.com/book/show/363917.Stormwarden]]></link>
<small_image_url><![CDATA[https://images.gr-assets.com/books/1297756250s/363917.jpg]]></small_image_url>
<image_url><![CDATA[https://images.gr-assets.com/books/1297756250m/363917.jpg]]></image_url>
<num_pages></num_pages>
<work>
<id>1877480</id>
</work>
<isbn>0061054623</isbn>
<isbn13>9780061054624</isbn13>
<average_rating>3.81</average_rating>
<ratings_count>1855</ratings_count>
<publication_year>1995</publication_year>
<publication_month>2</publication_month>
<publication_day>1</publication_day>
<authors>
<author>
<id>8591</id>
<name>Janny Wurts</name>
<link><![CDATA[https://www.goodreads.com/author/show/8591.Janny_Wurts]]></link>
</author>
</authors>
</book>

          <book>
<id>33835</id>
<title><![CDATA[When True Night Falls (The Coldfire Trilogy, #2)]]></title>
<title_without_series>When True Night Falls</title_without_series>
<link><![CDATA[https://www.goodreads.com/book/show/33835.When_True_Night_Falls]]></link>
<small_image_url><![CDATA[https://images.gr-assets.com/books/1309209925s/33835.jpg]]></small_image_url>
<image_url><![CDATA[https://images.gr-assets.com/books/1309209925m/33835.jpg]]></image_url>
<num_pages>560</num_pages>
<work>
<id>940527</id>
</work>
<isbn>0756403162</isbn>
<isbn13>9780756403164</isbn13>
<average_rating>4.13</average_rating>
<ratings_count>8271</ratings_count>
<publication_year>2005</publication_year>
<publication_month>10</publication_month>
<publication_day>4</publication_day>
<authors>
<author>
<id>1276004</id>
<name>C.S. Friedman</name>
<link><![CDATA[https://www.goodreads.com/author/show/1276004.C_S_Friedman]]></link>
</author>
</authors>
</book>

          <book>
<id>89585</id>
<title>The Companions</title>
<title_without_series>The Companions</title_without_series>
<link><![CDATA[https://www.goodreads.com/book/show/89585.The_Companions]]></link>
<small_image_url><![CDATA[https://s.gr-assets.com/assets/nophoto/book/50x75-a91bf249278a81aabab721ef782c4a74.png]]></small_image_url>
<image_url><![CDATA[https://s.gr-assets.com/assets/nophoto/book/111x148-bcc042a9c91a29c1d680899eff700a03.png]]></image_url>
<num_pages>464</num_pages>
<work>
<id>14341922</id>
</work>
<isbn>0575076283</isbn>
<isbn13>9780575076280</isbn13>
<average_rating>3.89</average_rating>
<ratings_count>1193</ratings_count>
<publication_year>2005</publication_year>
<publication_month>3</publication_month>
<publication_day>10</publication_day>
<authors>
<author>
<id>20560</id>
<name>Sheri S. Tepper</name>
<link><![CDATA[https://www.goodreads.com/author/show/20560.Sheri_S_Tepper]]></link>
</author>
</authors>
</book>

          <book>
<id>57015</id>
<title>Inheritor (Foreigner, #3)</title>
<title_without_series>Inheritor</title_without_series>
<link><![CDATA[https://www.goodreads.com/book/show/57015.Inheritor]]></link>
<small_image_url><![CDATA[https://images.gr-assets.com/books/1316468703s/57015.jpg]]></small_image_url>
<image_url><![CDATA[https://images.gr-assets.com/books/1316468703m/57015.jpg]]></image_url>
<num_pages>464</num_pages>
<work>
<id>1592105</id>
</work>
<isbn>0886777283</isbn>
<isbn13>9780886777289</isbn13>
<average_rating>4.19</average_rating>
<ratings_count>3189</ratings_count>
<publication_year>1997</publication_year>
<publication_month>2</publication_month>
<publication_day>1</publication_day>
<authors>
<author>
<id>989968</id>
<name>C.J. Cherryh</name>
<link><![CDATA[https://www.goodreads.com/author/show/989968.C_J_Cherryh]]></link>
</author>
</authors>
</book>

          <book>
<id>155877</id>
<title><![CDATA[The White Mountain (Chung Kuo, #3)]]></title>
<title_without_series>The White Mountain</title_without_series>
<link><![CDATA[https://www.goodreads.com/book/show/155877.The_White_Mountain]]></link>
<small_image_url><![CDATA[https://images.gr-assets.com/books/1320414465s/155877.jpg]]></small_image_url>
<image_url><![CDATA[https://images.gr-assets.com/books/1320414465m/155877.jpg]]></image_url>
<num_pages>599</num_pages>
<work>
<id>1040664</id>
</work>
<isbn>0440213568</isbn>
<isbn13>9780440213567</isbn13>
<average_rating>3.92</average_rating>
<ratings_count>774</ratings_count>
<publication_year>1992</publication_year>
<publication_month>10</publication_month>
<publication_day>12</publication_day>
<authors>
<author>
<id>34410</id>
<name>David Wingrove</name>
<link><![CDATA[https://www.goodreads.com/author/show/34410.David_Wingrove]]></link>
</author>
</authors>
</book>

          <book>
<id>673024</id>
<title><![CDATA[Migration (Species Imperative, #2)]]></title>
<title_without_series>Migration</title_without_series>
<link><![CDATA[https://www.goodreads.com/book/show/673024.Migration]]></link>
<small_image_url><![CDATA[https://images.gr-assets.com/books/1309199461s/673024.jpg]]></small_image_url>
<image_url><![CDATA[https://images.gr-assets.com/books/1309199461m/673024.jpg]]></image_url>
<num_pages>520</num_pages>
<work>
<id>327449</id>
</work>
<isbn>0756403464</isbn>
<isbn13>9780756403461</isbn13>
<average_rating>4.06</average_rating>
<ratings_count>1113</ratings_count>
<publication_year>2006</publication_year>
<publication_month>4</publication_month>
<publication_day>4</publication_day>
<authors>
<author>
<id>4005</id>
<name>Julie E. Czerneda</name>
<link><![CDATA[https://www.goodreads.com/author/show/4005.Julie_E_Czerneda]]></link>
</author>
</authors>
</book>

          <book>
<id>250363</id>
<title><![CDATA[The Miocene Arrow (Greatwinter Trilogy #2)]]></title>
<title_without_series>The Miocene Arrow</title_without_series>
<link><![CDATA[https://www.goodreads.com/book/show/250363.The_Miocene_Arrow]]></link>
<small_image_url><![CDATA[https://images.gr-assets.com/books/1312030832s/250363.jpg]]></small_image_url>
<image_url><![CDATA[https://images.gr-assets.com/books/1312030832m/250363.jpg]]></image_url>
<num_pages>608</num_pages>
<work>
<id>242598</id>
</work>
<isbn>0765344556</isbn>
<isbn13>9780765344557</isbn13>
<average_rating>3.94</average_rating>
<ratings_count>399</ratings_count>
<publication_year>2003</publication_year>
<publication_month>5</publication_month>
<publication_day>18</publication_day>
<authors>
<author>
<id>19526</id>
<name>Sean McMullen</name>
<link><![CDATA[https://www.goodreads.com/author/show/19526.Sean_McMullen]]></link>
</author>
</authors>
</book>

  </similar_books>
</book>

</GoodreadsResponse>