<?xml version="1.0" encoding="UTF-8"?>
<GoodreadsResponse>
  <Request>
    <authentication>true</authentication>
      <key><![CDATA[all_men_must_serve]]></key>
    <method><![CDATA[book_show]]></method>
  </Request>
  <book>
  <id>100915</id>
  <title><![CDATA[The Lion, the Witch, and the Wardrobe (Chronicles of Narnia, #1)]]></title>
  <isbn><![CDATA[0060764899]]></isbn>
  <isbn13><![CDATA[9780060764890]]></isbn13>
  <asin><![CDATA[]]></asin>
  <kindle_asin><![CDATA[B002UZ5J72]]></kindle_asin>
  <marketplace_id><![CDATA[A1F83G8C2ARO7P]]></marketplace_id>
  <country_code><![CDATA[GB]]></country_code>
  <image_url>https://images.gr-assets.com/books/1353029077m/100915.jpg</image_url>
  <small_image_url>https://images.gr-assets.com/books/1353029077s/100915.jpg</small_image_url>
  <publication_year>2005</publication_year>
  <publication_month></publication_month>
  <publication_day></publication_day>
  <publisher>HarperCollins Publishers</publisher>
  <language_code>eng</language_code>
  <is_ebook>false</is_ebook>
  <description><![CDATA[<i>They open a door and enter a world</i> <br /><br />NARNIA...the land beyond the wardrobe, the secret country known only to Peter, Susan, Edmund, and Lucy...the place where the adventure begins.<br /><br />Lucy is the first to find the secret of the wardrobe in the professor's mysterious old house. At first, no one believes her when she tells of her adventures in the land of Narnia. But soon Edmund and then Peter and Susan discover the Magic and meet Aslan, the Great Lion, for themselves. In the blink of an eye, their lives are changed forever.]]></description>
  <work>
  <id type="integer">4790821</id>
  <books_count type="integer">474</books_count>
  <best_book_id type="integer">100915</best_book_id>
  <reviews_count type="integer">1929001</reviews_count>
  <ratings_sum type="integer">6649717</ratings_sum>
  <ratings_count type="integer">1586424</ratings_count>
  <text_reviews_count type="integer">15199</text_reviews_count>
  <original_publication_year type="integer">1950</original_publication_year>
  <original_publication_month type="integer">10</original_publication_month>
  <original_publication_day type="integer">16</original_publication_day>
  <original_title>The Lion, the Witch and the Wardrobe</original_title>
  <original_language_id type="integer" nil="true"/>
  <media_type>book</media_type>
  <rating_dist>5:735438|4:513819|3:262249|2:55586|1:19332|total:1586424</rating_dist>
  <desc_user_id type="integer">2764643</desc_user_id>
  <default_chaptering_book_id type="integer" nil="true"/>
  <default_description_language_code nil="true"/>
</work>
  <average_rating>4.19</average_rating>
  <num_pages><![CDATA[206]]></num_pages>
  <format><![CDATA[Paperback]]></format>
  <edition_information><![CDATA[Film Tie-in Edition]]></edition_information>
  <ratings_count><![CDATA[1533293]]></ratings_count>
  <text_reviews_count><![CDATA[11558]]></text_reviews_count>
  <url><![CDATA[https://www.goodreads.com/book/show/100915.The_Lion_the_Witch_and_the_Wardrobe]]></url>
  <link><![CDATA[https://www.goodreads.com/book/show/100915.The_Lion_the_Witch_and_the_Wardrobe]]></link>
  <authors>
<author>
<id>1069006</id>
<name>C.S. Lewis</name>
<role></role>
<image_url nophoto='false'>
<![CDATA[https://images.gr-assets.com/authors/1367519078p5/1069006.jpg]]>
</image_url>
<small_image_url nophoto='false'>
<![CDATA[https://images.gr-assets.com/authors/1367519078p2/1069006.jpg]]>
</small_image_url>
<link><![CDATA[https://www.goodreads.com/author/show/1069006.C_S_Lewis]]></link>
<average_rating>4.13</average_rating>
<ratings_count>4410835</ratings_count>
<text_reviews_count>95423</text_reviews_count>
</author>
</authors>

    <reviews_widget>
      <![CDATA[
        <style>
  #goodreads-widget {
    font-family: georgia, serif;
    padding: 18px 0;
    width:565px;
  }
  #goodreads-widget h1 {
    font-weight:normal;
    font-size: 16px;
    border-bottom: 1px solid #BBB596;
    margin-bottom: 0;
  }
  #goodreads-widget a {
    text-decoration: none;
    color:#660;
  }
  iframe{
    background-color: #fff;
  }
  #goodreads-widget a:hover { text-decoration: underline; }
  #goodreads-widget a:active {
    color:#660;
  }
  #gr_footer {
    width: 100%;
    border-top: 1px solid #BBB596;
    text-align: right;
  }
  #goodreads-widget .gr_branding{
    color: #382110;
    font-size: 11px;
    text-decoration: none;
    font-family: "Helvetica Neue", Helvetica, Arial, sans-serif;
  }
</style>
<div id="goodreads-widget">
  <div id="gr_header"><h1><a rel="nofollow" href="https://www.goodreads.com/book/show/100915.The_Lion_the_Witch_and_the_Wardrobe">The Lion, the Witch, and the Wardrobe Reviews</a></h1></div>
  <iframe id="the_iframe" src="https://www.goodreads.com/api/reviews_widget_iframe?did=DEVELOPER_ID&amp;format=html&amp;isbn=0060764899&amp;links=660&amp;min_rating=&amp;review_back=fff&amp;stars=000&amp;text=000" width="565" height="400" frameborder="0"></iframe>
  <div id="gr_footer">
    <a class="gr_branding" target="_blank" rel="nofollow" href="https://www.goodreads.com/book/show/100915.The_Lion_the_Witch_and_the_Wardrobe?utm_medium=api&amp;utm_source=reviews_widget">Reviews from Goodreads.com</a>
  </div>
</div>

      ]]>
    </reviews_widget>
  <popular_shelves>
      <shelf name="fantasy" count="19280"/>
      <shelf name="to-read" count="13571"/>
      <shelf name="classics" count="7012"/>
      <shelf name="favorites" count="6789"/>
      <shelf name="fiction" count="5422"/>
      <shelf name="young-adult" count="3832"/>
      <shelf name="childrens" count="3053"/>
      <shelf name="children" count="2032"/>
      <shelf name="books-i-own" count="1981"/>
      <shelf name="series" count="1706"/>
      <shelf name="owned" count="1691"/>
      <shelf name="children-s" count="1506"/>
      <shelf name="classic" count="1434"/>
      <shelf name="ya" count="1324"/>
      <shelf name="childhood" count="1312"/>
      <shelf name="adventure" count="1243"/>
      <shelf name="children-s-books" count="1115"/>
      <shelf name="christian" count="1067"/>
      <shelf name="kids" count="911"/>
      <shelf name="magic" count="720"/>
      <shelf name="middle-grade" count="680"/>
      <shelf name="childrens-books" count="638"/>
      <shelf name="christian-fiction" count="636"/>
      <shelf name="sci-fi-fantasy" count="632"/>
      <shelf name="owned-books" count="591"/>
      <shelf name="childhood-favorites" count="586"/>
      <shelf name="c-s-lewis" count="556"/>
      <shelf name="narnia" count="529"/>
      <shelf name="favourites" count="526"/>
      <shelf name="fantasy-sci-fi" count="407"/>
      <shelf name="re-read" count="404"/>
      <shelf name="novels" count="396"/>
      <shelf name="kids-books" count="389"/>
      <shelf name="religion" count="366"/>
      <shelf name="childhood-books" count="346"/>
      <shelf name="currently-reading" count="345"/>
      <shelf name="children-s-lit" count="339"/>
      <shelf name="children-s-literature" count="335"/>
      <shelf name="chronicles-of-narnia" count="322"/>
      <shelf name="juvenile" count="319"/>
      <shelf name="default" count="313"/>
      <shelf name="high-fantasy" count="300"/>
      <shelf name="youth" count="277"/>
      <shelf name="literature" count="276"/>
      <shelf name="i-own" count="272"/>
      <shelf name="british" count="266"/>
      <shelf name="my-books" count="262"/>
      <shelf name="library" count="247"/>
      <shelf name="school" count="243"/>
      <shelf name="all-time-favorites" count="236"/>
      <shelf name="my-library" count="223"/>
      <shelf name="christianity" count="223"/>
      <shelf name="ya-fantasy" count="223"/>
      <shelf name="scifi-fantasy" count="222"/>
      <shelf name="audiobooks" count="220"/>
      <shelf name="childrens-lit" count="219"/>
      <shelf name="audiobook" count="217"/>
      <shelf name="childhood-reads" count="216"/>
      <shelf name="reread" count="206"/>
      <shelf name="to-buy" count="202"/>
      <shelf name="juvenile-fiction" count="200"/>
      <shelf name="animals" count="199"/>
      <shelf name="read-more-than-once" count="193"/>
      <shelf name="childrens-literature" count="189"/>
      <shelf name="own-it" count="185"/>
      <shelf name="read-aloud" count="185"/>
      <shelf name="kindle" count="181"/>
      <shelf name="religious" count="181"/>
      <shelf name="20th-century" count="180"/>
      <shelf name="english" count="178"/>
      <shelf name="favorite-books" count="178"/>
      <shelf name="childhood-favourites" count="174"/>
      <shelf name="books" count="173"/>
      <shelf name="cs-lewis" count="169"/>
      <shelf name="epic-fantasy" count="164"/>
      <shelf name="5-stars" count="162"/>
      <shelf name="fantasy-scifi" count="161"/>
      <shelf name="ya-fiction" count="160"/>
      <shelf name="novel" count="160"/>
      <shelf name="science-fiction-fantasy" count="157"/>
      <shelf name="children-s-fiction" count="154"/>
      <shelf name="favorite" count="151"/>
      <shelf name="teen" count="148"/>
      <shelf name="children-young-adult" count="147"/>
      <shelf name="read-for-school" count="145"/>
      <shelf name="classic-literature" count="144"/>
      <shelf name="read-in-2016" count="142"/>
      <shelf name="read-as-a-kid" count="134"/>
      <shelf name="young-adult-fiction" count="134"/>
      <shelf name="science-fiction" count="134"/>
      <shelf name="to-re-read" count="133"/>
      <shelf name="middle-school" count="133"/>
      <shelf name="children-books" count="131"/>
      <shelf name="audio" count="131"/>
      <shelf name="read-alouds" count="126"/>
      <shelf name="kid-lit" count="126"/>
      <shelf name="movie" count="123"/>
      <shelf name="family" count="119"/>
      <shelf name="allegory" count="119"/>
      <shelf name="childrens-fiction" count="119"/>
  </popular_shelves>
  <book_links>
    <book_link>
  <id>8</id>
  <name>Libraries</name>
  <link>https://www.goodreads.com/book_link/follow/8</link>
</book_link>

  </book_links>
  <buy_links>
    <buy_link>
<id>1</id>
<name>Amazon</name>
<link>https://www.goodreads.com/book_link/follow/1</link>
</buy_link>
<buy_link>
<id>10</id>
<name>Audible</name>
<link>https://www.goodreads.com/book_link/follow/10</link>
</buy_link>
<buy_link>
<id>3</id>
<name>Barnes &amp; Noble</name>
<link>https://www.goodreads.com/book_link/follow/3</link>
</buy_link>
<buy_link>
<id>1027</id>
<name>Kobo</name>
<link>https://www.goodreads.com/book_link/follow/1027</link>
</buy_link>
<buy_link>
<id>2102</id>
<name>Apple iBooks</name>
<link>https://www.goodreads.com/book_link/follow/2102</link>
</buy_link>
<buy_link>
<id>8036</id>
<name>Google Play</name>
<link>https://www.goodreads.com/book_link/follow/8036</link>
</buy_link>
<buy_link>
<id>4</id>
<name>Abebooks</name>
<link>https://www.goodreads.com/book_link/follow/4</link>
</buy_link>
<buy_link>
<id>882</id>
<name>Book Depository</name>
<link>https://www.goodreads.com/book_link/follow/882</link>
</buy_link>
<buy_link>
<id>9</id>
<name>Indigo</name>
<link>https://www.goodreads.com/book_link/follow/9</link>
</buy_link>
<buy_link>
<id>2</id>
<name>Half.com</name>
<link>https://www.goodreads.com/book_link/follow/2</link>
</buy_link>
<buy_link>
<id>5</id>
<name>Alibris</name>
<link>https://www.goodreads.com/book_link/follow/5</link>
</buy_link>
<buy_link>
<id>107</id>
<name>Better World Books</name>
<link>https://www.goodreads.com/book_link/follow/107</link>
</buy_link>
<buy_link>
<id>7</id>
<name>IndieBound</name>
<link>https://www.goodreads.com/book_link/follow/7</link>
</buy_link>

  </buy_links>
  <series_works>
    <series_work>
<id>186112</id>
<user_position>1</user_position>
<series>
<id>49073</id>
<title>
<![CDATA[
    The Chronicles of Narnia (Publication Order)
]]>
</title>
<description>
<![CDATA[
    This is the original reading order (and the original publication order) for the series.  
    
    (See also the alternative <a href="http://www.goodreads.com/series/43814-chronicles-of-narnia">Chronological Reading Order</a>.)
    
    Also known as:
    Deutsch: Die Chroniken von Narnia 
    Ukrainian: Хроніки Нарнії
    Slovenija: Zgodbe iz Narnije 
    Russian: Хроники Нарнии
    Français: Le Monde de Narnia
    Spanish: Las crónicas de Narnia
    Portuguese: As Crónicas de Nárnia
    Czech: Letopisy Narnie
    Dutch: De kronieken van Narnia
    Italian: Le cronache di Narnia
    Polish: Opowieści z Narnii
    Swedish: Berättelsen om Narnia
    Finnish: Narnian tarinat
    Romanian: Cronicile din Narnia
    Serbian: Летописи Нарније/Letopisi Narnije
    Turkish: Narnia Günlükleri
    Persian: ماجراهای نارنیا
    Hebrew: סיפורי ממלכת נרניה
]]>
</description>
<note>
<![CDATA[
    Removed omnibus editions which are in Chronological order.
    
    An omnibus ediion which contains only <i>The Magician's Nephew</i> and <i>The Lion, the Witch, and the Wardrobe</i> is most likely to be in Chronological Order and should NOT be included in this series.
]]>
</note>
<series_works_count>10</series_works_count>
<primary_work_count>7</primary_work_count>
<numbered>true</numbered>
</series>

</series_work>
<series_work>
<id>167952</id>
<user_position>2</user_position>
<series>
<id>43814</id>
<title>
<![CDATA[
    The Chronicles of Narnia (Chronological Order)
]]>
</title>
<description>
<![CDATA[
    An alternative reading order based solely on the internal chronology of the novels with the exception of <i>The Horse and His Boy</i> which takes place <i><b>during</b></i> the time frame of the final few pages of <i>The Lion, the Witch, and the Wardrobe</i>. Note that this reading order only dates from 1994, more than 30 years after C.S. Lewis died.
    
    (See the preferred reading order, in original <a href="http://www.goodreads.com/series/49073-chronicles-of-narnia">Publication Order</a>)
    
    The number in brackets is the publication order and should not be changed.
    
    Also known as:
    Slo: Zgodbe iz Narnije 
    Russian: Хроники Нарнии
    Français: Le Monde de Narnia
    Spanish: Las Crónicas de Narnia
    Portuguese: As Crônicas de Nárnia
    Czech: Letopisy Narnie
    Ukrainian: Хроніки Нарнії
    Dutch: De kronieken van Narnia
    Italian: Le cronache di Narnia
    Polish: Opowieści z Narnii
    Swedish: Berättelsen om Narnia
    Finnish: Narnian tarinat
    Romanian: Cronicile din Narnia
    German: Die Chroniken von Narnia
    Turkish: Narnia Günlükleri
    Bulgarian: Хрониките на Нарния
    Hebrew: סיפורי ממלכת נרניה
]]>
</description>
<note>
<![CDATA[
]]>
</note>
<series_works_count>11</series_works_count>
<primary_work_count>7</primary_work_count>
<numbered>true</numbered>
</series>

</series_work>

  </series_works>
  <similar_books>
          <book>
<id>24781</id>
<title><![CDATA[The High King (The Chronicles of Prydain #5)]]></title>
<title_without_series>The High King</title_without_series>
<link><![CDATA[https://www.goodreads.com/book/show/24781.The_High_King]]></link>
<small_image_url><![CDATA[https://images.gr-assets.com/books/1407209964s/24781.jpg]]></small_image_url>
<image_url><![CDATA[https://images.gr-assets.com/books/1407209964m/24781.jpg]]></image_url>
<num_pages>253</num_pages>
<work>
<id>1561725</id>
</work>
<isbn>080508052X</isbn>
<isbn13>9780805080520</isbn13>
<average_rating>4.26</average_rating>
<ratings_count>42899</ratings_count>
<publication_year>2006</publication_year>
<publication_month>5</publication_month>
<publication_day>16</publication_day>
<authors>
<author>
<id>8924</id>
<name>Lloyd Alexander</name>
<link><![CDATA[https://www.goodreads.com/author/show/8924.Lloyd_Alexander]]></link>
</author>
</authors>
</book>

          <book>
<id>77767</id>
<title><![CDATA[Little House on the Prairie (Little House, #2)]]></title>
<title_without_series>Little House on the Prairie</title_without_series>
<link><![CDATA[https://www.goodreads.com/book/show/77767.Little_House_on_the_Prairie]]></link>
<small_image_url><![CDATA[https://s.gr-assets.com/assets/nophoto/book/50x75-a91bf249278a81aabab721ef782c4a74.png]]></small_image_url>
<image_url><![CDATA[https://s.gr-assets.com/assets/nophoto/book/111x148-bcc042a9c91a29c1d680899eff700a03.png]]></image_url>
<num_pages>335</num_pages>
<work>
<id>2884161</id>
</work>
<isbn>0064400026</isbn>
<isbn13>9780064400022</isbn13>
<average_rating>4.18</average_rating>
<ratings_count>201041</ratings_count>
<publication_year></publication_year>
<publication_month></publication_month>
<publication_day></publication_day>
<authors>
<author>
<id>5300</id>
<name>Laura Ingalls Wilder</name>
<link><![CDATA[https://www.goodreads.com/author/show/5300.Laura_Ingalls_Wilder]]></link>
</author>
</authors>
</book>

          <book>
<id>312080</id>
<title><![CDATA[Magic or Not? (Tales of Magic, #5)]]></title>
<title_without_series>Magic or Not?</title_without_series>
<link><![CDATA[https://www.goodreads.com/book/show/312080.Magic_or_Not_]]></link>
<small_image_url><![CDATA[https://s.gr-assets.com/assets/nophoto/book/50x75-a91bf249278a81aabab721ef782c4a74.png]]></small_image_url>
<image_url><![CDATA[https://s.gr-assets.com/assets/nophoto/book/111x148-bcc042a9c91a29c1d680899eff700a03.png]]></image_url>
<num_pages>197</num_pages>
<work>
<id>824544</id>
</work>
<isbn>0152511601</isbn>
<isbn13>9780152511609</isbn13>
<average_rating>4.00</average_rating>
<ratings_count>2142</ratings_count>
<publication_year>1989</publication_year>
<publication_month>9</publication_month>
<publication_day>1</publication_day>
<authors>
<author>
<id>131683</id>
<name>Edward Eager</name>
<link><![CDATA[https://www.goodreads.com/author/show/131683.Edward_Eager]]></link>
</author>
</authors>
</book>

          <book>
<id>11313</id>
<title><![CDATA[Silver on the Tree (The Dark is Rising, #5)]]></title>
<title_without_series>Silver on the Tree</title_without_series>
<link><![CDATA[https://www.goodreads.com/book/show/11313.Silver_on_the_Tree]]></link>
<small_image_url><![CDATA[https://images.gr-assets.com/books/1364805592s/11313.jpg]]></small_image_url>
<image_url><![CDATA[https://images.gr-assets.com/books/1364805592m/11313.jpg]]></image_url>
<num_pages>274</num_pages>
<work>
<id>1358831</id>
</work>
<isbn>0689840330</isbn>
<isbn13>9780689840333</isbn13>
<average_rating>4.16</average_rating>
<ratings_count>27551</ratings_count>
<publication_year>2000</publication_year>
<publication_month>12</publication_month>
<publication_day>1</publication_day>
<authors>
<author>
<id>7308</id>
<name>Susan Cooper</name>
<link><![CDATA[https://www.goodreads.com/author/show/7308.Susan_Cooper]]></link>
</author>
</authors>
</book>

          <book>
<id>77276</id>
<title><![CDATA[A Swiftly Tilting Planet (A Wrinkle in Time Quintet, #3)]]></title>
<title_without_series>A Swiftly Tilting Planet</title_without_series>
<link><![CDATA[https://www.goodreads.com/book/show/77276.A_Swiftly_Tilting_Planet]]></link>
<small_image_url><![CDATA[https://images.gr-assets.com/books/1327465278s/77276.jpg]]></small_image_url>
<image_url><![CDATA[https://images.gr-assets.com/books/1327465278m/77276.jpg]]></image_url>
<num_pages>256</num_pages>
<work>
<id>1196024</id>
</work>
<isbn>0440401585</isbn>
<isbn13>9780440401582</isbn13>
<average_rating>4.13</average_rating>
<ratings_count>80973</ratings_count>
<publication_year>1979</publication_year>
<publication_month>7</publication_month>
<publication_day></publication_day>
<authors>
<author>
<id>106</id>
<name>Madeleine L&apos;Engle</name>
<link><![CDATA[https://www.goodreads.com/author/show/106.Madeleine_L_Engle]]></link>
</author>
</authors>
</book>

          <book>
<id>1003725</id>
<title><![CDATA[Comet in Moominland (The Moomins, #2)]]></title>
<title_without_series>Comet in Moominland</title_without_series>
<link><![CDATA[https://www.goodreads.com/book/show/1003725.Comet_in_Moominland]]></link>
<small_image_url><![CDATA[https://images.gr-assets.com/books/1389287390s/1003725.jpg]]></small_image_url>
<image_url><![CDATA[https://images.gr-assets.com/books/1389287390m/1003725.jpg]]></image_url>
<num_pages>192</num_pages>
<work>
<id>1760649</id>
</work>
<isbn>0713628278</isbn>
<isbn13>9780713628272</isbn13>
<average_rating>4.27</average_rating>
<ratings_count>7477</ratings_count>
<publication_year>1986</publication_year>
<publication_month>5</publication_month>
<publication_day>22</publication_day>
<authors>
<author>
<id>45230</id>
<name>Tove Jansson</name>
<link><![CDATA[https://www.goodreads.com/author/show/45230.Tove_Jansson]]></link>
</author>
</authors>
</book>

          <book>
<id>34053</id>
<title>Just So Stories</title>
<title_without_series>Just So Stories</title_without_series>
<link><![CDATA[https://www.goodreads.com/book/show/34053.Just_So_Stories]]></link>
<small_image_url><![CDATA[https://s.gr-assets.com/assets/nophoto/book/50x75-a91bf249278a81aabab721ef782c4a74.png]]></small_image_url>
<image_url><![CDATA[https://s.gr-assets.com/assets/nophoto/book/111x148-bcc042a9c91a29c1d680899eff700a03.png]]></image_url>
<num_pages>210</num_pages>
<work>
<id>2475078</id>
</work>
<isbn>0517266555</isbn>
<isbn13>9780517266557</isbn13>
<average_rating>4.09</average_rating>
<ratings_count>38616</ratings_count>
<publication_year>2003</publication_year>
<publication_month>8</publication_month>
<publication_day>5</publication_day>
<authors>
<author>
<id>6989</id>
<name>Rudyard Kipling</name>
<link><![CDATA[https://www.goodreads.com/author/show/6989.Rudyard_Kipling]]></link>
</author>
</authors>
</book>

          <book>
<id>7983</id>
<title>Salamandastron (Redwall, #5)</title>
<title_without_series>Salamandastron</title_without_series>
<link><![CDATA[https://www.goodreads.com/book/show/7983.Salamandastron]]></link>
<small_image_url><![CDATA[https://s.gr-assets.com/assets/nophoto/book/50x75-a91bf249278a81aabab721ef782c4a74.png]]></small_image_url>
<image_url><![CDATA[https://s.gr-assets.com/assets/nophoto/book/111x148-bcc042a9c91a29c1d680899eff700a03.png]]></image_url>
<num_pages>400</num_pages>
<work>
<id>551326</id>
</work>
<isbn>0142501522</isbn>
<isbn13>9780142501528</isbn13>
<average_rating>4.05</average_rating>
<ratings_count>24581</ratings_count>
<publication_year>2003</publication_year>
<publication_month>9</publication_month>
<publication_day>15</publication_day>
<authors>
<author>
<id>5329</id>
<name>Brian Jacques</name>
<link><![CDATA[https://www.goodreads.com/author/show/5329.Brian_Jacques]]></link>
</author>
</authors>
</book>

          <book>
<id>116597</id>
<title><![CDATA[Dorothy and the Wizard in Oz (Oz, #4)]]></title>
<title_without_series>Dorothy and the Wizard in Oz</title_without_series>
<link><![CDATA[https://www.goodreads.com/book/show/116597.Dorothy_and_the_Wizard_in_Oz]]></link>
<small_image_url><![CDATA[https://images.gr-assets.com/books/1277946475s/116597.jpg]]></small_image_url>
<image_url><![CDATA[https://images.gr-assets.com/books/1277946475m/116597.jpg]]></image_url>
<num_pages></num_pages>
<work>
<id>173513</id>
</work>
<isbn>1421976951</isbn>
<isbn13>9781421976952</isbn13>
<average_rating>3.78</average_rating>
<ratings_count>9639</ratings_count>
<publication_year></publication_year>
<publication_month></publication_month>
<publication_day></publication_day>
<authors>
<author>
<id>3242</id>
<name>L. Frank Baum</name>
<link><![CDATA[https://www.goodreads.com/author/show/3242.L_Frank_Baum]]></link>
</author>
</authors>
</book>

          <book>
<id>34284</id>
<title><![CDATA[The Chronicles of Chrestomanci, Vol. 1 (Chrestomanci, #1-2)]]></title>
<title_without_series><![CDATA[The Chronicles of Chrestomanci, Vol. 1]]></title_without_series>
<link><![CDATA[https://www.goodreads.com/book/show/34284.The_Chronicles_of_Chrestomanci_Vol_1]]></link>
<small_image_url><![CDATA[https://images.gr-assets.com/books/1300013617s/34284.jpg]]></small_image_url>
<image_url><![CDATA[https://images.gr-assets.com/books/1300013617m/34284.jpg]]></image_url>
<num_pages>598</num_pages>
<work>
<id>34288</id>
</work>
<isbn>006447268X</isbn>
<isbn13>9780064472685</isbn13>
<average_rating>4.22</average_rating>
<ratings_count>12489</ratings_count>
<publication_year></publication_year>
<publication_month></publication_month>
<publication_day></publication_day>
<authors>
<author>
<id>4260</id>
<name>Diana Wynne Jones</name>
<link><![CDATA[https://www.goodreads.com/author/show/4260.Diana_Wynne_Jones]]></link>
</author>
</authors>
</book>

          <book>
<id>183656</id>
<title>The Two Princesses of Bamarre</title>
<title_without_series>The Two Princesses of Bamarre</title_without_series>
<link><![CDATA[https://www.goodreads.com/book/show/183656.The_Two_Princesses_of_Bamarre]]></link>
<small_image_url><![CDATA[https://images.gr-assets.com/books/1442734248s/183656.jpg]]></small_image_url>
<image_url><![CDATA[https://images.gr-assets.com/books/1442734248m/183656.jpg]]></image_url>
<num_pages>304</num_pages>
<work>
<id>3155307</id>
</work>
<isbn>0060575808</isbn>
<isbn13>9780060575809</isbn13>
<average_rating>4.02</average_rating>
<ratings_count>57571</ratings_count>
<publication_year>2004</publication_year>
<publication_month>3</publication_month>
<publication_day>1</publication_day>
<authors>
<author>
<id>13677</id>
<name>Gail Carson Levine</name>
<link><![CDATA[https://www.goodreads.com/author/show/13677.Gail_Carson_Levine]]></link>
</author>
</authors>
</book>

          <book>
<id>65840</id>
<title><![CDATA[Anne of Windy Poplars (Anne of Green Gables, #4)]]></title>
<title_without_series>Anne of Windy Poplars</title_without_series>
<link><![CDATA[https://www.goodreads.com/book/show/65840.Anne_of_Windy_Poplars]]></link>
<small_image_url><![CDATA[https://s.gr-assets.com/assets/nophoto/book/50x75-a91bf249278a81aabab721ef782c4a74.png]]></small_image_url>
<image_url><![CDATA[https://s.gr-assets.com/assets/nophoto/book/111x148-bcc042a9c91a29c1d680899eff700a03.png]]></image_url>
<num_pages>288</num_pages>
<work>
<id>2946564</id>
</work>
<isbn>0808516965</isbn>
<isbn13>9780808516965</isbn13>
<average_rating>4.04</average_rating>
<ratings_count>52217</ratings_count>
<publication_year>1983</publication_year>
<publication_month>12</publication_month>
<publication_day>1</publication_day>
<authors>
<author>
<id>5350</id>
<name>L.M. Montgomery</name>
<link><![CDATA[https://www.goodreads.com/author/show/5350.L_M_Montgomery]]></link>
</author>
</authors>
</book>

          <book>
<id>19307</id>
<title>Pippi in the South Seas</title>
<title_without_series>Pippi in the South Seas</title_without_series>
<link><![CDATA[https://www.goodreads.com/book/show/19307.Pippi_in_the_South_Seas]]></link>
<small_image_url><![CDATA[https://s.gr-assets.com/assets/nophoto/book/50x75-a91bf249278a81aabab721ef782c4a74.png]]></small_image_url>
<image_url><![CDATA[https://s.gr-assets.com/assets/nophoto/book/111x148-bcc042a9c91a29c1d680899eff700a03.png]]></image_url>
<num_pages>126</num_pages>
<work>
<id>1316342</id>
</work>
<isbn>0670557110</isbn>
<isbn13>9780670557110</isbn13>
<average_rating>4.10</average_rating>
<ratings_count>14944</ratings_count>
<publication_year>1959</publication_year>
<publication_month>9</publication_month>
<publication_day>18</publication_day>
<authors>
<author>
<id>410653</id>
<name>Astrid Lindgren</name>
<link><![CDATA[https://www.goodreads.com/author/show/410653.Astrid_Lindgren]]></link>
</author>
</authors>
</book>

          <book>
<id>843099</id>
<title><![CDATA[Enoch's Ghost (Oracles of Fire, #2)]]></title>
<title_without_series>Enoch&apos;s Ghost</title_without_series>
<link><![CDATA[https://www.goodreads.com/book/show/843099.Enoch_s_Ghost]]></link>
<small_image_url><![CDATA[https://s.gr-assets.com/assets/nophoto/book/50x75-a91bf249278a81aabab721ef782c4a74.png]]></small_image_url>
<image_url><![CDATA[https://s.gr-assets.com/assets/nophoto/book/111x148-bcc042a9c91a29c1d680899eff700a03.png]]></image_url>
<num_pages></num_pages>
<work>
<id>828631</id>
</work>
<isbn>0899578713</isbn>
<isbn13>9780899578712</isbn13>
<average_rating>4.26</average_rating>
<ratings_count>1541</ratings_count>
<publication_year></publication_year>
<publication_month></publication_month>
<publication_day></publication_day>
<authors>
<author>
<id>37060</id>
<name>Bryan Davis</name>
<link><![CDATA[https://www.goodreads.com/author/show/37060.Bryan_Davis]]></link>
</author>
</authors>
</book>

          <book>
<id>144006</id>
<title><![CDATA[Dinotopia: A Land Apart from Time]]></title>
<title_without_series><![CDATA[Dinotopia: A Land Apart from Time]]></title_without_series>
<link><![CDATA[https://www.goodreads.com/book/show/144006.Dinotopia]]></link>
<small_image_url><![CDATA[https://images.gr-assets.com/books/1393258074s/144006.jpg]]></small_image_url>
<image_url><![CDATA[https://images.gr-assets.com/books/1393258074m/144006.jpg]]></image_url>
<num_pages></num_pages>
<work>
<id>575461</id>
</work>
<isbn>0060530642</isbn>
<isbn13>9780060530648</isbn13>
<average_rating>4.23</average_rating>
<ratings_count>9525</ratings_count>
<publication_year>2003</publication_year>
<publication_month>3</publication_month>
<publication_day>1</publication_day>
<authors>
<author>
<id>83267</id>
<name>James Gurney</name>
<link><![CDATA[https://www.goodreads.com/author/show/83267.James_Gurney]]></link>
</author>
</authors>
</book>

          <book>
<id>590552</id>
<title><![CDATA[Chicken Soup with Rice: A Book of Months (The Nutshell Library)]]></title>
<title_without_series><![CDATA[Chicken Soup with Rice: A Book of Months]]></title_without_series>
<link><![CDATA[https://www.goodreads.com/book/show/590552.Chicken_Soup_with_Rice]]></link>
<small_image_url><![CDATA[https://s.gr-assets.com/assets/nophoto/book/50x75-a91bf249278a81aabab721ef782c4a74.png]]></small_image_url>
<image_url><![CDATA[https://s.gr-assets.com/assets/nophoto/book/111x148-bcc042a9c91a29c1d680899eff700a03.png]]></image_url>
<num_pages></num_pages>
<work>
<id>355618</id>
</work>
<isbn>006443253X</isbn>
<isbn13>9780064432535</isbn13>
<average_rating>4.25</average_rating>
<ratings_count>25716</ratings_count>
<publication_year></publication_year>
<publication_month></publication_month>
<publication_day></publication_day>
<authors>
<author>
<id>4489</id>
<name>Maurice Sendak</name>
<link><![CDATA[https://www.goodreads.com/author/show/4489.Maurice_Sendak]]></link>
</author>
</authors>
</book>

          <book>
<id>29822</id>
<title><![CDATA[Dangerous Journey: The Story of Pilgrim's Progress]]></title>
<title_without_series><![CDATA[Dangerous Journey: The Story of Pilgrim's Progress]]></title_without_series>
<link><![CDATA[https://www.goodreads.com/book/show/29822.Dangerous_Journey]]></link>
<small_image_url><![CDATA[https://s.gr-assets.com/assets/nophoto/book/50x75-a91bf249278a81aabab721ef782c4a74.png]]></small_image_url>
<image_url><![CDATA[https://s.gr-assets.com/assets/nophoto/book/111x148-bcc042a9c91a29c1d680899eff700a03.png]]></image_url>
<num_pages>126</num_pages>
<work>
<id>30242</id>
</work>
<isbn>0802836194</isbn>
<isbn13>9780802836199</isbn13>
<average_rating>4.33</average_rating>
<ratings_count>1147</ratings_count>
<publication_year>1985</publication_year>
<publication_month>7</publication_month>
<publication_day>10</publication_day>
<authors>
<author>
<id>16818</id>
<name>Oliver Hunkin</name>
<link><![CDATA[https://www.goodreads.com/author/show/16818.Oliver_Hunkin]]></link>
</author>
</authors>
</book>

          <book>
<id>10336</id>
<title><![CDATA[The Last of the Really Great Whangdoodles]]></title>
<title_without_series><![CDATA[The Last of the Really Great Whangdoodles]]></title_without_series>
<link><![CDATA[https://www.goodreads.com/book/show/10336.The_Last_of_the_Really_Great_Whangdoodles]]></link>
<small_image_url><![CDATA[https://images.gr-assets.com/books/1361475969s/10336.jpg]]></small_image_url>
<image_url><![CDATA[https://images.gr-assets.com/books/1361475969m/10336.jpg]]></image_url>
<num_pages>209</num_pages>
<work>
<id>2118</id>
</work>
<isbn>0060218053</isbn>
<isbn13>9780060218058</isbn13>
<average_rating>4.25</average_rating>
<ratings_count>9846</ratings_count>
<publication_year>1999</publication_year>
<publication_month></publication_month>
<publication_day></publication_day>
<authors>
<author>
<id>6781</id>
<name>Julie Andrews Edwards</name>
<link><![CDATA[https://www.goodreads.com/author/show/6781.Julie_Andrews_Edwards]]></link>
</author>
</authors>
</book>

  </similar_books>
</book>

</GoodreadsResponse>