<?xml version="1.0" encoding="UTF-8"?>
<GoodreadsResponse>
  <Request>
    <authentication>true</authentication>
      <key><![CDATA[all_men_must_serve]]></key>
    <method><![CDATA[book_show]]></method>
  </Request>
  <book>
  <id>10092</id>
  <title><![CDATA[Sea of Silver Light (Otherland, #4)]]></title>
  <isbn><![CDATA[0641645473]]></isbn>
  <isbn13><![CDATA[9780641645471]]></isbn13>
  <asin><![CDATA[]]></asin>
  <kindle_asin><![CDATA[]]></kindle_asin>
  <marketplace_id><![CDATA[]]></marketplace_id>
  <country_code><![CDATA[GB]]></country_code>
  <image_url>https://s.gr-assets.com/assets/nophoto/book/111x148-bcc042a9c91a29c1d680899eff700a03.png</image_url>
  <small_image_url>https://s.gr-assets.com/assets/nophoto/book/50x75-a91bf249278a81aabab721ef782c4a74.png</small_image_url>
  <publication_year></publication_year>
  <publication_month></publication_month>
  <publication_day></publication_day>
  <publisher></publisher>
  <language_code></language_code>
  <is_ebook>false</is_ebook>
  <description></description>
  <work>
  <id type="integer">1629048</id>
  <books_count type="integer">20</books_count>
  <best_book_id type="integer">10092</best_book_id>
  <reviews_count type="integer">16015</reviews_count>
  <ratings_sum type="integer">45338</ratings_sum>
  <ratings_count type="integer">11022</ratings_count>
  <text_reviews_count type="integer">230</text_reviews_count>
  <original_publication_year type="integer">2001</original_publication_year>
  <original_publication_month type="integer" nil="true"/>
  <original_publication_day type="integer" nil="true"/>
  <original_title>Sea of Silver Light</original_title>
  <original_language_id type="integer" nil="true"/>
  <media_type>book</media_type>
  <rating_dist>5:4463|4:4018|3:1976|2:458|1:107|total:11022</rating_dist>
  <desc_user_id type="integer">-30</desc_user_id>
  <default_chaptering_book_id type="integer" nil="true"/>
  <default_description_language_code nil="true"/>
</work>
  <average_rating>4.11</average_rating>
  <num_pages><![CDATA[]]></num_pages>
  <format><![CDATA[]]></format>
  <edition_information><![CDATA[]]></edition_information>
  <ratings_count><![CDATA[9763]]></ratings_count>
  <text_reviews_count><![CDATA[161]]></text_reviews_count>
  <url><![CDATA[https://www.goodreads.com/book/show/10092.Sea_of_Silver_Light]]></url>
  <link><![CDATA[https://www.goodreads.com/book/show/10092.Sea_of_Silver_Light]]></link>
  <authors>
<author>
<id>6587</id>
<name>Tad Williams</name>
<role></role>
<image_url nophoto='false'>
<![CDATA[https://images.gr-assets.com/authors/1191183065p5/6587.jpg]]>
</image_url>
<small_image_url nophoto='false'>
<![CDATA[https://images.gr-assets.com/authors/1191183065p2/6587.jpg]]>
</small_image_url>
<link><![CDATA[https://www.goodreads.com/author/show/6587.Tad_Williams]]></link>
<average_rating>3.99</average_rating>
<ratings_count>302849</ratings_count>
<text_reviews_count>10076</text_reviews_count>
</author>
</authors>

    <reviews_widget>
      <![CDATA[
        <style>
  #goodreads-widget {
    font-family: georgia, serif;
    padding: 18px 0;
    width:565px;
  }
  #goodreads-widget h1 {
    font-weight:normal;
    font-size: 16px;
    border-bottom: 1px solid #BBB596;
    margin-bottom: 0;
  }
  #goodreads-widget a {
    text-decoration: none;
    color:#660;
  }
  iframe{
    background-color: #fff;
  }
  #goodreads-widget a:hover { text-decoration: underline; }
  #goodreads-widget a:active {
    color:#660;
  }
  #gr_footer {
    width: 100%;
    border-top: 1px solid #BBB596;
    text-align: right;
  }
  #goodreads-widget .gr_branding{
    color: #382110;
    font-size: 11px;
    text-decoration: none;
    font-family: "Helvetica Neue", Helvetica, Arial, sans-serif;
  }
</style>
<div id="goodreads-widget">
  <div id="gr_header"><h1><a rel="nofollow" href="https://www.goodreads.com/book/show/10092.Sea_of_Silver_Light">Sea of Silver Light Reviews</a></h1></div>
  <iframe id="the_iframe" src="https://www.goodreads.com/api/reviews_widget_iframe?did=DEVELOPER_ID&amp;format=html&amp;isbn=0641645473&amp;links=660&amp;min_rating=&amp;review_back=fff&amp;stars=000&amp;text=000" width="565" height="400" frameborder="0"></iframe>
  <div id="gr_footer">
    <a class="gr_branding" target="_blank" rel="nofollow" href="https://www.goodreads.com/book/show/10092.Sea_of_Silver_Light?utm_medium=api&amp;utm_source=reviews_widget">Reviews from Goodreads.com</a>
  </div>
</div>

      ]]>
    </reviews_widget>
  <popular_shelves>
      <shelf name="to-read" count="3006"/>
      <shelf name="fantasy" count="445"/>
      <shelf name="science-fiction" count="415"/>
      <shelf name="sci-fi" count="269"/>
      <shelf name="fiction" count="112"/>
      <shelf name="owned" count="99"/>
      <shelf name="favorites" count="89"/>
      <shelf name="scifi" count="75"/>
      <shelf name="currently-reading" count="72"/>
      <shelf name="default" count="61"/>
      <shelf name="cyberpunk" count="54"/>
      <shelf name="sci-fi-fantasy" count="53"/>
      <shelf name="tad-williams" count="39"/>
      <shelf name="sf" count="34"/>
      <shelf name="series" count="29"/>
      <shelf name="fantasy-sci-fi" count="29"/>
      <shelf name="books-i-own" count="26"/>
      <shelf name="scifi-fantasy" count="22"/>
      <shelf name="otherland" count="20"/>
      <shelf name="ebook" count="18"/>
      <shelf name="speculative-fiction" count="17"/>
      <shelf name="library" count="16"/>
      <shelf name="owned-books" count="16"/>
      <shelf name="my-library" count="16"/>
      <shelf name="science" count="15"/>
      <shelf name="science-fiction-fantasy" count="15"/>
      <shelf name="epic-fantasy" count="13"/>
      <shelf name="adventure" count="13"/>
      <shelf name="urban-fantasy" count="11"/>
      <shelf name="williams-tad" count="9"/>
      <shelf name="dystopia" count="9"/>
      <shelf name="epic" count="9"/>
      <shelf name="i-own" count="8"/>
      <shelf name="scanned" count="8"/>
      <shelf name="virtual-reality" count="8"/>
      <shelf name="fantasy-scifi" count="8"/>
      <shelf name="audiobook" count="7"/>
      <shelf name="to-buy" count="7"/>
      <shelf name="my-books" count="7"/>
      <shelf name="have" count="7"/>
      <shelf name="favourites" count="7"/>
      <shelf name="sf-fantasy" count="7"/>
      <shelf name="shelfari-favorites" count="6"/>
      <shelf name="calibre" count="6"/>
      <shelf name="ebooks" count="6"/>
      <shelf name="books" count="6"/>
      <shelf name="cyber-punk" count="6"/>
      <shelf name="hardcover" count="6"/>
      <shelf name="sci-fi-and-fantasy" count="6"/>
      <shelf name="german" count="5"/>
      <shelf name="sff" count="5"/>
      <shelf name="kindle" count="5"/>
      <shelf name="english" count="5"/>
      <shelf name="general" count="5"/>
      <shelf name="re-read" count="5"/>
      <shelf name="hardback" count="5"/>
      <shelf name="thriller" count="5"/>
      <shelf name="spec-fic" count="5"/>
      <shelf name="sciencefiction" count="5"/>
      <shelf name="borrowed" count="5"/>
      <shelf name="2000s" count="4"/>
      <shelf name="own-physical" count="4"/>
      <shelf name="my-collection" count="4"/>
      <shelf name="e-books" count="4"/>
      <shelf name="not-read" count="4"/>
      <shelf name="williams" count="4"/>
      <shelf name="fantasy-science-fiction" count="4"/>
      <shelf name="cyber-fantasy" count="4"/>
      <shelf name="own-it" count="4"/>
      <shelf name="novels" count="4"/>
      <shelf name="unread" count="3"/>
      <shelf name="donated" count="3"/>
      <shelf name="books-to-buy" count="3"/>
      <shelf name="to-read-owned" count="3"/>
      <shelf name="audio-book" count="3"/>
      <shelf name="in-my-library" count="3"/>
      <shelf name="good-fantasy" count="3"/>
      <shelf name="paper" count="3"/>
      <shelf name="favorite" count="3"/>
      <shelf name="1" count="3"/>
      <shelf name="want" count="3"/>
      <shelf name="otherland-series" count="3"/>
      <shelf name="adult" count="3"/>
      <shelf name="science-fiction-and-fantasy" count="3"/>
      <shelf name="to-re-read" count="3"/>
      <shelf name="2005" count="3"/>
      <shelf name="science-fantasy" count="3"/>
      <shelf name="unsorted" count="3"/>
      <shelf name="mystery" count="3"/>
      <shelf name="sci-fifantasy" count="3"/>
      <shelf name="home-library" count="3"/>
      <shelf name="fantasy-and-sci-fi" count="3"/>
      <shelf name="scifi-and-fantasy" count="3"/>
      <shelf name="books-i-have" count="2"/>
      <shelf name="small-black-bookcase" count="2"/>
      <shelf name="literature" count="2"/>
      <shelf name="a-scify" count="2"/>
      <shelf name="a-fantasy" count="2"/>
      <shelf name="futuristic" count="2"/>
      <shelf name="physical" count="2"/>
  </popular_shelves>
  <book_links>
    <book_link>
  <id>8</id>
  <name>Libraries</name>
  <link>https://www.goodreads.com/book_link/follow/8</link>
</book_link>

  </book_links>
  <buy_links>
    <buy_link>
<id>1</id>
<name>Amazon</name>
<link>https://www.goodreads.com/book_link/follow/1</link>
</buy_link>
<buy_link>
<id>10</id>
<name>Audible</name>
<link>https://www.goodreads.com/book_link/follow/10</link>
</buy_link>
<buy_link>
<id>3</id>
<name>Barnes &amp; Noble</name>
<link>https://www.goodreads.com/book_link/follow/3</link>
</buy_link>
<buy_link>
<id>1027</id>
<name>Kobo</name>
<link>https://www.goodreads.com/book_link/follow/1027</link>
</buy_link>
<buy_link>
<id>2102</id>
<name>Apple iBooks</name>
<link>https://www.goodreads.com/book_link/follow/2102</link>
</buy_link>
<buy_link>
<id>8036</id>
<name>Google Play</name>
<link>https://www.goodreads.com/book_link/follow/8036</link>
</buy_link>
<buy_link>
<id>4</id>
<name>Abebooks</name>
<link>https://www.goodreads.com/book_link/follow/4</link>
</buy_link>
<buy_link>
<id>882</id>
<name>Book Depository</name>
<link>https://www.goodreads.com/book_link/follow/882</link>
</buy_link>
<buy_link>
<id>9</id>
<name>Indigo</name>
<link>https://www.goodreads.com/book_link/follow/9</link>
</buy_link>
<buy_link>
<id>2</id>
<name>Half.com</name>
<link>https://www.goodreads.com/book_link/follow/2</link>
</buy_link>
<buy_link>
<id>5</id>
<name>Alibris</name>
<link>https://www.goodreads.com/book_link/follow/5</link>
</buy_link>
<buy_link>
<id>107</id>
<name>Better World Books</name>
<link>https://www.goodreads.com/book_link/follow/107</link>
</buy_link>
<buy_link>
<id>7</id>
<name>IndieBound</name>
<link>https://www.goodreads.com/book_link/follow/7</link>
</buy_link>

  </buy_links>
  <series_works>
    <series_work>
<id>158226</id>
<user_position>4</user_position>
<series>
<id>43762</id>
<title>
<![CDATA[
    Otherland
]]>
</title>
<description>
<![CDATA[
    The Otherland tetralogy was awarded the <i>Corine International Book Prize</i> in the category <i>Future Prize</i> in 2004.
    
    "The Happiest Dead Boy in the World" is a related novella from <a href=http://www.goodreads.com/book/show/77563.Legends_II>Legends II</a>. It can also be found in Tad Williams's own collection, <a href=http://www.goodreads.com/book/show/28690.Rite>Rite Short Work</a>, and as a standalone novella in German, "Der glücklichste tote Junge der Welt".
    
    See also <a href="http://www.goodreads.com/series/82378-autremonde">Autremonde</a>, this series renumbered in 8 volumes.
]]>
</description>
<note>
<![CDATA[
]]>
</note>
<series_works_count>10</series_works_count>
<primary_work_count>4</primary_work_count>
<numbered>true</numbered>
</series>

</series_work>

  </series_works>
  <similar_books>
          <book>
<id>537148</id>
<title><![CDATA[The Gap Into Ruin: This Day All Gods Die (Gap, #5)]]></title>
<title_without_series><![CDATA[The Gap Into Ruin: This Day All Gods Die]]></title_without_series>
<link><![CDATA[https://www.goodreads.com/book/show/537148.The_Gap_Into_Ruin]]></link>
<small_image_url><![CDATA[https://s.gr-assets.com/assets/nophoto/book/50x75-a91bf249278a81aabab721ef782c4a74.png]]></small_image_url>
<image_url><![CDATA[https://s.gr-assets.com/assets/nophoto/book/111x148-bcc042a9c91a29c1d680899eff700a03.png]]></image_url>
<num_pages>564</num_pages>
<work>
<id>23870</id>
</work>
<isbn>0553071807</isbn>
<isbn13>9780553071801</isbn13>
<average_rating>4.22</average_rating>
<ratings_count>4893</ratings_count>
<publication_year>1996</publication_year>
<publication_month>4</publication_month>
<publication_day>1</publication_day>
<authors>
<author>
<id>12980</id>
<name>Stephen R. Donaldson</name>
<link><![CDATA[https://www.goodreads.com/author/show/12980.Stephen_R_Donaldson]]></link>
</author>
</authors>
</book>

          <book>
<id>45241</id>
<title><![CDATA[The Neutronium Alchemist 1: Consolidation (Night's Dawn 2)]]></title>
<title_without_series><![CDATA[The Neutronium Alchemist 1: Consolidation]]></title_without_series>
<link><![CDATA[https://www.goodreads.com/book/show/45241.The_Neutronium_Alchemist_1]]></link>
<small_image_url><![CDATA[https://s.gr-assets.com/assets/nophoto/book/50x75-a91bf249278a81aabab721ef782c4a74.png]]></small_image_url>
<image_url><![CDATA[https://s.gr-assets.com/assets/nophoto/book/111x148-bcc042a9c91a29c1d680899eff700a03.png]]></image_url>
<num_pages>608</num_pages>
<work>
<id>6519552</id>
</work>
<isbn>0446605174</isbn>
<isbn13>9780446605175</isbn13>
<average_rating>4.34</average_rating>
<ratings_count>2634</ratings_count>
<publication_year></publication_year>
<publication_month></publication_month>
<publication_day></publication_day>
<authors>
<author>
<id>25375</id>
<name>Peter F. Hamilton</name>
<link><![CDATA[https://www.goodreads.com/author/show/25375.Peter_F_Hamilton]]></link>
</author>
</authors>
</book>

          <book>
<id>3972</id>
<title>Olympos (Ilium, #2)</title>
<title_without_series>Olympos</title_without_series>
<link><![CDATA[https://www.goodreads.com/book/show/3972.Olympos]]></link>
<small_image_url><![CDATA[https://s.gr-assets.com/assets/nophoto/book/50x75-a91bf249278a81aabab721ef782c4a74.png]]></small_image_url>
<image_url><![CDATA[https://s.gr-assets.com/assets/nophoto/book/111x148-bcc042a9c91a29c1d680899eff700a03.png]]></image_url>
<num_pages>891</num_pages>
<work>
<id>1537178</id>
</work>
<isbn>0380817934</isbn>
<isbn13>9780380817931</isbn13>
<average_rating>3.93</average_rating>
<ratings_count>12709</ratings_count>
<publication_year></publication_year>
<publication_month></publication_month>
<publication_day></publication_day>
<authors>
<author>
<id>2687</id>
<name>Dan Simmons</name>
<link><![CDATA[https://www.goodreads.com/author/show/2687.Dan_Simmons]]></link>
</author>
</authors>
</book>

          <book>
<id>1169859</id>
<title><![CDATA[Jack the Bodiless (Galactic Milieu Trilogy #1)]]></title>
<title_without_series>Jack the Bodiless</title_without_series>
<link><![CDATA[https://www.goodreads.com/book/show/1169859.Jack_the_Bodiless]]></link>
<small_image_url><![CDATA[https://images.gr-assets.com/books/1376678492s/1169859.jpg]]></small_image_url>
<image_url><![CDATA[https://images.gr-assets.com/books/1376678492m/1169859.jpg]]></image_url>
<num_pages>480</num_pages>
<work>
<id>1104874</id>
</work>
<isbn>0345362470</isbn>
<isbn13>9780345362476</isbn13>
<average_rating>4.14</average_rating>
<ratings_count>3558</ratings_count>
<publication_year>2011</publication_year>
<publication_month>4</publication_month>
<publication_day>27</publication_day>
<authors>
<author>
<id>23284</id>
<name>Julian May</name>
<link><![CDATA[https://www.goodreads.com/author/show/23284.Julian_May]]></link>
</author>
</authors>
</book>

          <book>
<id>40995</id>
<title><![CDATA[Sword & Citadel (The Book of the New Sun #3-4)]]></title>
<title_without_series>Sword &amp; Citadel</title_without_series>
<link><![CDATA[https://www.goodreads.com/book/show/40995.Sword_Citadel]]></link>
<small_image_url><![CDATA[https://s.gr-assets.com/assets/nophoto/book/50x75-a91bf249278a81aabab721ef782c4a74.png]]></small_image_url>
<image_url><![CDATA[https://s.gr-assets.com/assets/nophoto/book/111x148-bcc042a9c91a29c1d680899eff700a03.png]]></image_url>
<num_pages>411</num_pages>
<work>
<id>40578</id>
</work>
<isbn>0312890184</isbn>
<isbn13>9780312890186</isbn13>
<average_rating>4.32</average_rating>
<ratings_count>8853</ratings_count>
<publication_year></publication_year>
<publication_month></publication_month>
<publication_day></publication_day>
<authors>
<author>
<id>23069</id>
<name>Gene Wolfe</name>
<link><![CDATA[https://www.goodreads.com/author/show/23069.Gene_Wolfe]]></link>
</author>
</authors>
</book>

          <book>
<id>101890</id>
<title><![CDATA[Heaven's Reach (Uplift Storm Trilogy, #3)]]></title>
<title_without_series>Heaven&apos;s Reach</title_without_series>
<link><![CDATA[https://www.goodreads.com/book/show/101890.Heaven_s_Reach]]></link>
<small_image_url><![CDATA[https://images.gr-assets.com/books/1403178386s/101890.jpg]]></small_image_url>
<image_url><![CDATA[https://images.gr-assets.com/books/1403178386m/101890.jpg]]></image_url>
<num_pages>557</num_pages>
<work>
<id>1255390</id>
</work>
<isbn>0553574736</isbn>
<isbn13>9780553574739</isbn13>
<average_rating>3.94</average_rating>
<ratings_count>5495</ratings_count>
<publication_year>1999</publication_year>
<publication_month>5</publication_month>
<publication_day>11</publication_day>
<authors>
<author>
<id>14078</id>
<name>David Brin</name>
<link><![CDATA[https://www.goodreads.com/author/show/14078.David_Brin]]></link>
</author>
</authors>
</book>

          <book>
<id>57042</id>
<title><![CDATA[The Faded Sun Trilogy (The Faded Sun #1-3)]]></title>
<title_without_series>The Faded Sun Trilogy</title_without_series>
<link><![CDATA[https://www.goodreads.com/book/show/57042.The_Faded_Sun_Trilogy]]></link>
<small_image_url><![CDATA[https://s.gr-assets.com/assets/nophoto/book/50x75-a91bf249278a81aabab721ef782c4a74.png]]></small_image_url>
<image_url><![CDATA[https://s.gr-assets.com/assets/nophoto/book/111x148-bcc042a9c91a29c1d680899eff700a03.png]]></image_url>
<num_pages></num_pages>
<work>
<id>55570</id>
</work>
<isbn>0886778697</isbn>
<isbn13>9780886778699</isbn13>
<average_rating>4.10</average_rating>
<ratings_count>4212</ratings_count>
<publication_year></publication_year>
<publication_month></publication_month>
<publication_day></publication_day>
<authors>
<author>
<id>989968</id>
<name>C.J. Cherryh</name>
<link><![CDATA[https://www.goodreads.com/author/show/989968.C_J_Cherryh]]></link>
</author>
</authors>
</book>

          <book>
<id>185287</id>
<title><![CDATA[The Star Scroll (Dragon Prince, #2)]]></title>
<title_without_series>The Star Scroll</title_without_series>
<link><![CDATA[https://www.goodreads.com/book/show/185287.The_Star_Scroll]]></link>
<small_image_url><![CDATA[https://images.gr-assets.com/books/1309210720s/185287.jpg]]></small_image_url>
<image_url><![CDATA[https://images.gr-assets.com/books/1309210720m/185287.jpg]]></image_url>
<num_pages>560</num_pages>
<work>
<id>1398418</id>
</work>
<isbn>0756403049</isbn>
<isbn13>9780756403041</isbn13>
<average_rating>4.06</average_rating>
<ratings_count>7900</ratings_count>
<publication_year>2005</publication_year>
<publication_month>7</publication_month>
<publication_day>5</publication_day>
<authors>
<author>
<id>8661</id>
<name>Melanie Rawn</name>
<link><![CDATA[https://www.goodreads.com/author/show/8661.Melanie_Rawn]]></link>
</author>
</authors>
</book>

          <book>
<id>29397</id>
<title><![CDATA[Woken Furies (Takeshi Kovacs, #3)]]></title>
<title_without_series>Woken Furies</title_without_series>
<link><![CDATA[https://www.goodreads.com/book/show/29397.Woken_Furies]]></link>
<small_image_url><![CDATA[https://s.gr-assets.com/assets/nophoto/book/50x75-a91bf249278a81aabab721ef782c4a74.png]]></small_image_url>
<image_url><![CDATA[https://s.gr-assets.com/assets/nophoto/book/111x148-bcc042a9c91a29c1d680899eff700a03.png]]></image_url>
<num_pages></num_pages>
<work>
<id>1745528</id>
</work>
<isbn>0345479718</isbn>
<isbn13>9780345479716</isbn13>
<average_rating>4.10</average_rating>
<ratings_count>16437</ratings_count>
<publication_year></publication_year>
<publication_month></publication_month>
<publication_day></publication_day>
<authors>
<author>
<id>16496</id>
<name>Richard K. Morgan</name>
<link><![CDATA[https://www.goodreads.com/author/show/16496.Richard_K_Morgan]]></link>
</author>
</authors>
</book>

  </similar_books>
</book>

</GoodreadsResponse>