<?xml version="1.0" encoding="UTF-8"?>
<GoodreadsResponse>
  <Request>
    <authentication>true</authentication>
      <key><![CDATA[all_men_must_serve]]></key>
    <method><![CDATA[book_show]]></method>
  </Request>
  <book>
  <id>10090</id>
  <title><![CDATA[Mountain of Black Glass (Otherland, #3)]]></title>
  <isbn><![CDATA[0886779065]]></isbn>
  <isbn13><![CDATA[9780886779061]]></isbn13>
  <asin><![CDATA[]]></asin>
  <kindle_asin><![CDATA[B01MQIDKPS]]></kindle_asin>
  <marketplace_id><![CDATA[A1F83G8C2ARO7P]]></marketplace_id>
  <country_code><![CDATA[GB]]></country_code>
  <image_url>https://images.gr-assets.com/books/1309992323m/10090.jpg</image_url>
  <small_image_url>https://images.gr-assets.com/books/1309992323s/10090.jpg</small_image_url>
  <publication_year></publication_year>
  <publication_month></publication_month>
  <publication_day></publication_day>
  <publisher></publisher>
  <language_code>en-US</language_code>
  <is_ebook>false</is_ebook>
  <description><![CDATA[Otherland, the quartet of which <i>Mountain of Black Glass</i> is the powerful third part, combines some terrifying speculation on the future of virtual reality with adventures no less terrifying because they are technologized dreaming. These are dreams the adventurers cannot awaken from and in which, if they die, they are really dead.<p> An epidemic of comatose children has led Renie and her San friend !Xabbu into the net and to a series of dream worlds created as palaces by the corrupt aspiring immortals, the Grail Brotherhood. Two of those children, Orlando and Fredericks, have become adventurers in their own right, while their parents' lawyer Ramsey follows real-world money and lesbian cop Calliope tracks a serial killer with serious ambitions to become an angry god. In this volume, adventures take place in a mythic ancient Egypt and a rambling Gormenghastlike house before all the virtual adventurers meet where they were always destined to, before the walls of Troy.</p><p> </p><blockquote> "All around, death. It was not a quiet presence during the long day--not a pale-faced maiden bringing surcease from pain, not a skillful reaper with a scalpel-sharp blade.... Death on the Trojan plain was a crazed beast that roared and clawed and smashed, which was everywhere at once, and which in its unending fury showed that even armored men were terribly frail things." </blockquote><p> Tad Williams takes the gameworld and turns it on its head, passionately; how do we know that what bleeds does not feel pain? He writes a classic of cyberspace adventure that has a sorrowful heart. <i>--Roz Kaveney, Amazon.co.uk</i></p>]]></description>
  <work>
  <id type="integer">1023122</id>
  <books_count type="integer">20</books_count>
  <best_book_id type="integer">10090</best_book_id>
  <reviews_count type="integer">17420</reviews_count>
  <ratings_sum type="integer">49650</ratings_sum>
  <ratings_count type="integer">12291</ratings_count>
  <text_reviews_count type="integer">178</text_reviews_count>
  <original_publication_year type="integer">1999</original_publication_year>
  <original_publication_month type="integer">1</original_publication_month>
  <original_publication_day type="integer" nil="true"/>
  <original_title>Mountain of Black Glass</original_title>
  <original_language_id type="integer" nil="true"/>
  <media_type>book</media_type>
  <rating_dist>5:4401|4:4754|3:2481|2:531|1:124|total:12291</rating_dist>
  <desc_user_id type="integer">51085480</desc_user_id>
  <default_chaptering_book_id type="integer" nil="true"/>
  <default_description_language_code nil="true"/>
</work>
  <average_rating>4.04</average_rating>
  <num_pages><![CDATA[749]]></num_pages>
  <format><![CDATA[Mass Market Paperback]]></format>
  <edition_information><![CDATA[]]></edition_information>
  <ratings_count><![CDATA[11582]]></ratings_count>
  <text_reviews_count><![CDATA[144]]></text_reviews_count>
  <url><![CDATA[https://www.goodreads.com/book/show/10090.Mountain_of_Black_Glass]]></url>
  <link><![CDATA[https://www.goodreads.com/book/show/10090.Mountain_of_Black_Glass]]></link>
  <authors>
<author>
<id>6587</id>
<name>Tad Williams</name>
<role></role>
<image_url nophoto='false'>
<![CDATA[https://images.gr-assets.com/authors/1191183065p5/6587.jpg]]>
</image_url>
<small_image_url nophoto='false'>
<![CDATA[https://images.gr-assets.com/authors/1191183065p2/6587.jpg]]>
</small_image_url>
<link><![CDATA[https://www.goodreads.com/author/show/6587.Tad_Williams]]></link>
<average_rating>3.99</average_rating>
<ratings_count>302849</ratings_count>
<text_reviews_count>10076</text_reviews_count>
</author>
</authors>

    <reviews_widget>
      <![CDATA[
        <style>
  #goodreads-widget {
    font-family: georgia, serif;
    padding: 18px 0;
    width:565px;
  }
  #goodreads-widget h1 {
    font-weight:normal;
    font-size: 16px;
    border-bottom: 1px solid #BBB596;
    margin-bottom: 0;
  }
  #goodreads-widget a {
    text-decoration: none;
    color:#660;
  }
  iframe{
    background-color: #fff;
  }
  #goodreads-widget a:hover { text-decoration: underline; }
  #goodreads-widget a:active {
    color:#660;
  }
  #gr_footer {
    width: 100%;
    border-top: 1px solid #BBB596;
    text-align: right;
  }
  #goodreads-widget .gr_branding{
    color: #382110;
    font-size: 11px;
    text-decoration: none;
    font-family: "Helvetica Neue", Helvetica, Arial, sans-serif;
  }
</style>
<div id="goodreads-widget">
  <div id="gr_header"><h1><a rel="nofollow" href="https://www.goodreads.com/book/show/10090.Mountain_of_Black_Glass">Mountain of Black Glass Reviews</a></h1></div>
  <iframe id="the_iframe" src="https://www.goodreads.com/api/reviews_widget_iframe?did=DEVELOPER_ID&amp;format=html&amp;isbn=0886779065&amp;links=660&amp;min_rating=&amp;review_back=fff&amp;stars=000&amp;text=000" width="565" height="400" frameborder="0"></iframe>
  <div id="gr_footer">
    <a class="gr_branding" target="_blank" rel="nofollow" href="https://www.goodreads.com/book/show/10090.Mountain_of_Black_Glass?utm_medium=api&amp;utm_source=reviews_widget">Reviews from Goodreads.com</a>
  </div>
</div>

      ]]>
    </reviews_widget>
  <popular_shelves>
      <shelf name="to-read" count="3005"/>
      <shelf name="fantasy" count="463"/>
      <shelf name="science-fiction" count="440"/>
      <shelf name="sci-fi" count="289"/>
      <shelf name="fiction" count="117"/>
      <shelf name="owned" count="108"/>
      <shelf name="currently-reading" count="96"/>
      <shelf name="favorites" count="83"/>
      <shelf name="scifi" count="80"/>
      <shelf name="default" count="68"/>
      <shelf name="cyberpunk" count="63"/>
      <shelf name="sci-fi-fantasy" count="60"/>
      <shelf name="tad-williams" count="39"/>
      <shelf name="sf" count="36"/>
      <shelf name="books-i-own" count="35"/>
      <shelf name="fantasy-sci-fi" count="33"/>
      <shelf name="series" count="31"/>
      <shelf name="scifi-fantasy" count="24"/>
      <shelf name="otherland" count="20"/>
      <shelf name="adventure" count="17"/>
      <shelf name="my-library" count="16"/>
      <shelf name="speculative-fiction" count="16"/>
      <shelf name="science-fiction-fantasy" count="16"/>
      <shelf name="library" count="15"/>
      <shelf name="owned-books" count="15"/>
      <shelf name="epic-fantasy" count="15"/>
      <shelf name="science" count="15"/>
      <shelf name="ebook" count="14"/>
      <shelf name="epic" count="12"/>
      <shelf name="urban-fantasy" count="12"/>
      <shelf name="fantasy-scifi" count="10"/>
      <shelf name="williams-tad" count="9"/>
      <shelf name="my-books" count="9"/>
      <shelf name="have" count="9"/>
      <shelf name="english" count="8"/>
      <shelf name="ebooks" count="8"/>
      <shelf name="dystopia" count="8"/>
      <shelf name="virtual-reality" count="8"/>
      <shelf name="i-own" count="7"/>
      <shelf name="audiobook" count="7"/>
      <shelf name="to-buy" count="7"/>
      <shelf name="thriller" count="7"/>
      <shelf name="hardcover" count="7"/>
      <shelf name="sci-fi-and-fantasy" count="7"/>
      <shelf name="sf-fantasy" count="7"/>
      <shelf name="unread" count="6"/>
      <shelf name="sff" count="6"/>
      <shelf name="calibre" count="6"/>
      <shelf name="scanned" count="6"/>
      <shelf name="favourites" count="6"/>
      <shelf name="cyber-punk" count="6"/>
      <shelf name="paperback" count="6"/>
      <shelf name="mystery" count="5"/>
      <shelf name="my-collection" count="5"/>
      <shelf name="re-read" count="5"/>
      <shelf name="science-fiction-and-fantasy" count="5"/>
      <shelf name="books" count="5"/>
      <shelf name="spec-fic" count="5"/>
      <shelf name="sciencefiction" count="5"/>
      <shelf name="fantasy-science-fiction" count="5"/>
      <shelf name="1990s" count="4"/>
      <shelf name="e-books" count="4"/>
      <shelf name="audio-book" count="4"/>
      <shelf name="kindle" count="4"/>
      <shelf name="own-physical" count="4"/>
      <shelf name="favorite" count="4"/>
      <shelf name="otherland-series" count="4"/>
      <shelf name="paper" count="4"/>
      <shelf name="science-fantasy" count="4"/>
      <shelf name="williams" count="4"/>
      <shelf name="home-library" count="4"/>
      <shelf name="fantasy-and-sci-fi" count="4"/>
      <shelf name="scifi-and-fantasy" count="4"/>
      <shelf name="borrowed" count="4"/>
      <shelf name="own-it" count="4"/>
      <shelf name="novels" count="4"/>
      <shelf name="shelfari-favorites" count="3"/>
      <shelf name="usa" count="3"/>
      <shelf name="donated" count="3"/>
      <shelf name="books-to-buy" count="3"/>
      <shelf name="owned-but-not-read" count="3"/>
      <shelf name="german" count="3"/>
      <shelf name="in-my-library" count="3"/>
      <shelf name="fantastical" count="3"/>
      <shelf name="good-fantasy" count="3"/>
      <shelf name="1" count="3"/>
      <shelf name="want" count="3"/>
      <shelf name="fantasy-and-science-fiction" count="3"/>
      <shelf name="speculative" count="3"/>
      <shelf name="adult" count="3"/>
      <shelf name="to-re-read" count="3"/>
      <shelf name="syfy" count="3"/>
      <shelf name="male-author" count="3"/>
      <shelf name="suspense" count="3"/>
      <shelf name="sci-fifantasy" count="3"/>
      <shelf name="cyber-fantasy" count="3"/>
      <shelf name="abandoned" count="3"/>
      <shelf name="purchased" count="3"/>
      <shelf name="owned-to-read" count="2"/>
      <shelf name="books-i-have" count="2"/>
  </popular_shelves>
  <book_links>
    <book_link>
  <id>8</id>
  <name>Libraries</name>
  <link>https://www.goodreads.com/book_link/follow/8</link>
</book_link>

  </book_links>
  <buy_links>
    <buy_link>
<id>1</id>
<name>Amazon</name>
<link>https://www.goodreads.com/book_link/follow/1</link>
</buy_link>
<buy_link>
<id>10</id>
<name>Audible</name>
<link>https://www.goodreads.com/book_link/follow/10</link>
</buy_link>
<buy_link>
<id>3</id>
<name>Barnes &amp; Noble</name>
<link>https://www.goodreads.com/book_link/follow/3</link>
</buy_link>
<buy_link>
<id>1027</id>
<name>Kobo</name>
<link>https://www.goodreads.com/book_link/follow/1027</link>
</buy_link>
<buy_link>
<id>2102</id>
<name>Apple iBooks</name>
<link>https://www.goodreads.com/book_link/follow/2102</link>
</buy_link>
<buy_link>
<id>8036</id>
<name>Google Play</name>
<link>https://www.goodreads.com/book_link/follow/8036</link>
</buy_link>
<buy_link>
<id>4</id>
<name>Abebooks</name>
<link>https://www.goodreads.com/book_link/follow/4</link>
</buy_link>
<buy_link>
<id>882</id>
<name>Book Depository</name>
<link>https://www.goodreads.com/book_link/follow/882</link>
</buy_link>
<buy_link>
<id>9</id>
<name>Indigo</name>
<link>https://www.goodreads.com/book_link/follow/9</link>
</buy_link>
<buy_link>
<id>2</id>
<name>Half.com</name>
<link>https://www.goodreads.com/book_link/follow/2</link>
</buy_link>
<buy_link>
<id>5</id>
<name>Alibris</name>
<link>https://www.goodreads.com/book_link/follow/5</link>
</buy_link>
<buy_link>
<id>107</id>
<name>Better World Books</name>
<link>https://www.goodreads.com/book_link/follow/107</link>
</buy_link>
<buy_link>
<id>7</id>
<name>IndieBound</name>
<link>https://www.goodreads.com/book_link/follow/7</link>
</buy_link>

  </buy_links>
  <series_works>
    <series_work>
<id>154315</id>
<user_position>3</user_position>
<series>
<id>43762</id>
<title>
<![CDATA[
    Otherland
]]>
</title>
<description>
<![CDATA[
    The Otherland tetralogy was awarded the <i>Corine International Book Prize</i> in the category <i>Future Prize</i> in 2004.
    
    "The Happiest Dead Boy in the World" is a related novella from <a href=http://www.goodreads.com/book/show/77563.Legends_II>Legends II</a>. It can also be found in Tad Williams's own collection, <a href=http://www.goodreads.com/book/show/28690.Rite>Rite Short Work</a>, and as a standalone novella in German, "Der glücklichste tote Junge der Welt".
    
    See also <a href="http://www.goodreads.com/series/82378-autremonde">Autremonde</a>, this series renumbered in 8 volumes.
]]>
</description>
<note>
<![CDATA[
]]>
</note>
<series_works_count>10</series_works_count>
<primary_work_count>4</primary_work_count>
<numbered>true</numbered>
</series>

</series_work>

  </series_works>
  <similar_books>
          <book>
<id>537148</id>
<title><![CDATA[The Gap Into Ruin: This Day All Gods Die (Gap, #5)]]></title>
<title_without_series><![CDATA[The Gap Into Ruin: This Day All Gods Die]]></title_without_series>
<link><![CDATA[https://www.goodreads.com/book/show/537148.The_Gap_Into_Ruin]]></link>
<small_image_url><![CDATA[https://s.gr-assets.com/assets/nophoto/book/50x75-a91bf249278a81aabab721ef782c4a74.png]]></small_image_url>
<image_url><![CDATA[https://s.gr-assets.com/assets/nophoto/book/111x148-bcc042a9c91a29c1d680899eff700a03.png]]></image_url>
<num_pages>564</num_pages>
<work>
<id>23870</id>
</work>
<isbn>0553071807</isbn>
<isbn13>9780553071801</isbn13>
<average_rating>4.22</average_rating>
<ratings_count>4893</ratings_count>
<publication_year>1996</publication_year>
<publication_month>4</publication_month>
<publication_day>1</publication_day>
<authors>
<author>
<id>12980</id>
<name>Stephen R. Donaldson</name>
<link><![CDATA[https://www.goodreads.com/author/show/12980.Stephen_R_Donaldson]]></link>
</author>
</authors>
</book>

          <book>
<id>45241</id>
<title><![CDATA[The Neutronium Alchemist 1: Consolidation (Night's Dawn 2)]]></title>
<title_without_series><![CDATA[The Neutronium Alchemist 1: Consolidation]]></title_without_series>
<link><![CDATA[https://www.goodreads.com/book/show/45241.The_Neutronium_Alchemist_1]]></link>
<small_image_url><![CDATA[https://s.gr-assets.com/assets/nophoto/book/50x75-a91bf249278a81aabab721ef782c4a74.png]]></small_image_url>
<image_url><![CDATA[https://s.gr-assets.com/assets/nophoto/book/111x148-bcc042a9c91a29c1d680899eff700a03.png]]></image_url>
<num_pages>608</num_pages>
<work>
<id>6519552</id>
</work>
<isbn>0446605174</isbn>
<isbn13>9780446605175</isbn13>
<average_rating>4.34</average_rating>
<ratings_count>2634</ratings_count>
<publication_year></publication_year>
<publication_month></publication_month>
<publication_day></publication_day>
<authors>
<author>
<id>25375</id>
<name>Peter F. Hamilton</name>
<link><![CDATA[https://www.goodreads.com/author/show/25375.Peter_F_Hamilton]]></link>
</author>
</authors>
</book>

          <book>
<id>250363</id>
<title><![CDATA[The Miocene Arrow (Greatwinter Trilogy #2)]]></title>
<title_without_series>The Miocene Arrow</title_without_series>
<link><![CDATA[https://www.goodreads.com/book/show/250363.The_Miocene_Arrow]]></link>
<small_image_url><![CDATA[https://images.gr-assets.com/books/1312030832s/250363.jpg]]></small_image_url>
<image_url><![CDATA[https://images.gr-assets.com/books/1312030832m/250363.jpg]]></image_url>
<num_pages>608</num_pages>
<work>
<id>242598</id>
</work>
<isbn>0765344556</isbn>
<isbn13>9780765344557</isbn13>
<average_rating>3.94</average_rating>
<ratings_count>399</ratings_count>
<publication_year>2003</publication_year>
<publication_month>5</publication_month>
<publication_day>18</publication_day>
<authors>
<author>
<id>19526</id>
<name>Sean McMullen</name>
<link><![CDATA[https://www.goodreads.com/author/show/19526.Sean_McMullen]]></link>
</author>
</authors>
</book>

          <book>
<id>378414</id>
<title><![CDATA[Diamond Mask (Galactic Milieu Trilogy, #2)]]></title>
<title_without_series>Diamond Mask</title_without_series>
<link><![CDATA[https://www.goodreads.com/book/show/378414.Diamond_Mask]]></link>
<small_image_url><![CDATA[https://images.gr-assets.com/books/1360049173s/378414.jpg]]></small_image_url>
<image_url><![CDATA[https://images.gr-assets.com/books/1360049173m/378414.jpg]]></image_url>
<num_pages>460</num_pages>
<work>
<id>1270160</id>
</work>
<isbn>0330322990</isbn>
<isbn13>9780330322997</isbn13>
<average_rating>4.17</average_rating>
<ratings_count>3185</ratings_count>
<publication_year>1994</publication_year>
<publication_month></publication_month>
<publication_day></publication_day>
<authors>
<author>
<id>23284</id>
<name>Julian May</name>
<link><![CDATA[https://www.goodreads.com/author/show/23284.Julian_May]]></link>
</author>
</authors>
</book>

          <book>
<id>33835</id>
<title><![CDATA[When True Night Falls (The Coldfire Trilogy, #2)]]></title>
<title_without_series>When True Night Falls</title_without_series>
<link><![CDATA[https://www.goodreads.com/book/show/33835.When_True_Night_Falls]]></link>
<small_image_url><![CDATA[https://images.gr-assets.com/books/1309209925s/33835.jpg]]></small_image_url>
<image_url><![CDATA[https://images.gr-assets.com/books/1309209925m/33835.jpg]]></image_url>
<num_pages>560</num_pages>
<work>
<id>940527</id>
</work>
<isbn>0756403162</isbn>
<isbn13>9780756403164</isbn13>
<average_rating>4.13</average_rating>
<ratings_count>8271</ratings_count>
<publication_year>2005</publication_year>
<publication_month>10</publication_month>
<publication_day>4</publication_day>
<authors>
<author>
<id>1276004</id>
<name>C.S. Friedman</name>
<link><![CDATA[https://www.goodreads.com/author/show/1276004.C_S_Friedman]]></link>
</author>
</authors>
</book>

          <book>
<id>172740</id>
<title>Songs of Earth and Power</title>
<title_without_series>Songs of Earth and Power</title_without_series>
<link><![CDATA[https://www.goodreads.com/book/show/172740.Songs_of_Earth_and_Power]]></link>
<small_image_url><![CDATA[https://images.gr-assets.com/books/1312049376s/172740.jpg]]></small_image_url>
<image_url><![CDATA[https://images.gr-assets.com/books/1312049376m/172740.jpg]]></image_url>
<num_pages>704</num_pages>
<work>
<id>1209966</id>
</work>
<isbn>0812536037</isbn>
<isbn13>9780812536034</isbn13>
<average_rating>4.02</average_rating>
<ratings_count>1058</ratings_count>
<publication_year>1996</publication_year>
<publication_month>11</publication_month>
<publication_day>15</publication_day>
<authors>
<author>
<id>16024</id>
<name>Greg Bear</name>
<link><![CDATA[https://www.goodreads.com/author/show/16024.Greg_Bear]]></link>
</author>
</authors>
</book>

          <book>
<id>201991</id>
<title><![CDATA[Epiphany of the Long Sun (The Book of the Long Sun, #3-4)]]></title>
<title_without_series>Epiphany of the Long Sun</title_without_series>
<link><![CDATA[https://www.goodreads.com/book/show/201991.Epiphany_of_the_Long_Sun]]></link>
<small_image_url><![CDATA[https://images.gr-assets.com/books/1456757491s/201991.jpg]]></small_image_url>
<image_url><![CDATA[https://images.gr-assets.com/books/1456757491m/201991.jpg]]></image_url>
<num_pages>718</num_pages>
<work>
<id>195433</id>
</work>
<isbn>0312860722</isbn>
<isbn13>9780312860721</isbn13>
<average_rating>4.26</average_rating>
<ratings_count>1497</ratings_count>
<publication_year>2000</publication_year>
<publication_month>11</publication_month>
<publication_day>4</publication_day>
<authors>
<author>
<id>23069</id>
<name>Gene Wolfe</name>
<link><![CDATA[https://www.goodreads.com/author/show/23069.Gene_Wolfe]]></link>
</author>
</authors>
</book>

          <book>
<id>3972</id>
<title>Olympos (Ilium, #2)</title>
<title_without_series>Olympos</title_without_series>
<link><![CDATA[https://www.goodreads.com/book/show/3972.Olympos]]></link>
<small_image_url><![CDATA[https://s.gr-assets.com/assets/nophoto/book/50x75-a91bf249278a81aabab721ef782c4a74.png]]></small_image_url>
<image_url><![CDATA[https://s.gr-assets.com/assets/nophoto/book/111x148-bcc042a9c91a29c1d680899eff700a03.png]]></image_url>
<num_pages>891</num_pages>
<work>
<id>1537178</id>
</work>
<isbn>0380817934</isbn>
<isbn13>9780380817931</isbn13>
<average_rating>3.93</average_rating>
<ratings_count>12709</ratings_count>
<publication_year></publication_year>
<publication_month></publication_month>
<publication_day></publication_day>
<authors>
<author>
<id>2687</id>
<name>Dan Simmons</name>
<link><![CDATA[https://www.goodreads.com/author/show/2687.Dan_Simmons]]></link>
</author>
</authors>
</book>

          <book>
<id>587977</id>
<title><![CDATA[Beyond the Pale (The Last Rune, #1)]]></title>
<title_without_series>Beyond the Pale</title_without_series>
<link><![CDATA[https://www.goodreads.com/book/show/587977.Beyond_the_Pale]]></link>
<small_image_url><![CDATA[https://s.gr-assets.com/assets/nophoto/book/50x75-a91bf249278a81aabab721ef782c4a74.png]]></small_image_url>
<image_url><![CDATA[https://s.gr-assets.com/assets/nophoto/book/111x148-bcc042a9c91a29c1d680899eff700a03.png]]></image_url>
<num_pages>620</num_pages>
<work>
<id>1637902</id>
</work>
<isbn>0553579347</isbn>
<isbn13>9780553579345</isbn13>
<average_rating>3.84</average_rating>
<ratings_count>1069</ratings_count>
<publication_year>1999</publication_year>
<publication_month>11</publication_month>
<publication_day>2</publication_day>
<authors>
<author>
<id>160870</id>
<name>Mark Anthony</name>
<link><![CDATA[https://www.goodreads.com/author/show/160870.Mark_Anthony]]></link>
</author>
</authors>
</book>

          <book>
<id>363917</id>
<title><![CDATA[Stormwarden (The Cycle of Fire, #1)]]></title>
<title_without_series>Stormwarden</title_without_series>
<link><![CDATA[https://www.goodreads.com/book/show/363917.Stormwarden]]></link>
<small_image_url><![CDATA[https://images.gr-assets.com/books/1297756250s/363917.jpg]]></small_image_url>
<image_url><![CDATA[https://images.gr-assets.com/books/1297756250m/363917.jpg]]></image_url>
<num_pages></num_pages>
<work>
<id>1877480</id>
</work>
<isbn>0061054623</isbn>
<isbn13>9780061054624</isbn13>
<average_rating>3.81</average_rating>
<ratings_count>1855</ratings_count>
<publication_year>1995</publication_year>
<publication_month>2</publication_month>
<publication_day>1</publication_day>
<authors>
<author>
<id>8591</id>
<name>Janny Wurts</name>
<link><![CDATA[https://www.goodreads.com/author/show/8591.Janny_Wurts]]></link>
</author>
</authors>
</book>

          <book>
<id>210196</id>
<title><![CDATA[The Gathering Storm (Crown of Stars, #5)]]></title>
<title_without_series>The Gathering Storm</title_without_series>
<link><![CDATA[https://www.goodreads.com/book/show/210196.The_Gathering_Storm]]></link>
<small_image_url><![CDATA[https://s.gr-assets.com/assets/nophoto/book/50x75-a91bf249278a81aabab721ef782c4a74.png]]></small_image_url>
<image_url><![CDATA[https://s.gr-assets.com/assets/nophoto/book/111x148-bcc042a9c91a29c1d680899eff700a03.png]]></image_url>
<num_pages>977</num_pages>
<work>
<id>3302887</id>
</work>
<isbn>0756401321</isbn>
<isbn13>9780756401320</isbn13>
<average_rating>3.86</average_rating>
<ratings_count>3064</ratings_count>
<publication_year></publication_year>
<publication_month></publication_month>
<publication_day></publication_day>
<authors>
<author>
<id>8660</id>
<name>Kate Elliott</name>
<link><![CDATA[https://www.goodreads.com/author/show/8660.Kate_Elliott]]></link>
</author>
</authors>
</book>

          <book>
<id>1161872</id>
<title><![CDATA[A Knight of Ghosts and Shadows]]></title>
<title_without_series><![CDATA[A Knight of Ghosts and Shadows]]></title_without_series>
<link><![CDATA[https://www.goodreads.com/book/show/1161872.A_Knight_of_Ghosts_and_Shadows]]></link>
<small_image_url><![CDATA[https://images.gr-assets.com/books/1316136373s/1161872.jpg]]></small_image_url>
<image_url><![CDATA[https://images.gr-assets.com/books/1316136373m/1161872.jpg]]></image_url>
<num_pages>256</num_pages>
<work>
<id>1149494</id>
</work>
<isbn>0812522257</isbn>
<isbn13>9780812522259</isbn13>
<average_rating>3.76</average_rating>
<ratings_count>276</ratings_count>
<publication_year>1993</publication_year>
<publication_month>2</publication_month>
<publication_day>15</publication_day>
<authors>
<author>
<id>32278</id>
<name>Poul Anderson</name>
<link><![CDATA[https://www.goodreads.com/author/show/32278.Poul_Anderson]]></link>
</author>
</authors>
</book>

  </similar_books>
</book>

</GoodreadsResponse>