<?xml version="1.0" encoding="UTF-8"?>
<GoodreadsResponse>
  <Request>
    <authentication>true</authentication>
      <key><![CDATA[all_men_must_serve]]></key>
    <method><![CDATA[book_show]]></method>
  </Request>
  <book>
  <id>100933</id>
  <title><![CDATA[That Hideous Strength (Space Trilogy, #3)]]></title>
  <isbn><![CDATA[0007157177]]></isbn>
  <isbn13><![CDATA[9780007157174]]></isbn13>
  <asin><![CDATA[]]></asin>
  <kindle_asin><![CDATA[B002RI9PFO]]></kindle_asin>
  <marketplace_id><![CDATA[A1F83G8C2ARO7P]]></marketplace_id>
  <country_code><![CDATA[GB]]></country_code>
  <image_url>https://s.gr-assets.com/assets/nophoto/book/111x148-bcc042a9c91a29c1d680899eff700a03.png</image_url>
  <small_image_url>https://s.gr-assets.com/assets/nophoto/book/50x75-a91bf249278a81aabab721ef782c4a74.png</small_image_url>
  <publication_year>2005</publication_year>
  <publication_month>12</publication_month>
  <publication_day>5</publication_day>
  <publisher>HarperCollins Publishers</publisher>
  <language_code>en-GB</language_code>
  <is_ebook>false</is_ebook>
  <description><![CDATA[Written during the dark hours immediately before and during the Second World War, C. S. Lewis's Space Trilogy, of which <i>That Hideous Strength</i> is the third volume, stands alongside such works as Albert Camus's <i>The Plague</i> and George Orwell's <i>1984</i> as a timely parable that has become timeless, beloved by succeeding generations as much for the sheer wonder of its storytelling as for the significance of its moral concerns. For the trilogy's central figure, C. S. Lewis created perhaps the most memorable character of his career, the brilliant, clear-eyed, and fiercely brave philologist Dr. Elwin Ransom. Appropriately, Lewis modeled Dr. Ransom on his dear friend J. R. R. Tolkien, for in the scope of its imaginative achievement and the totality of its vision of not one but two imaginary worlds, the Space Trilogy is rivaled in this century only by Tolkien's trilogy The Lord of the Rings. Readers who fall in love with Lewis's fantasy series The Chronicles of Narnia as children unfailingly cherish his Space Trilogy as adults; it, too, brings to life strange and magical realms in which epic battles are fought between the forces of light and those of darkness. But in the many layers of its allegory, and the sophistication and piercing brilliance of its insights into the human condition, it occupies a place among the English language's most extraordinary works for any age, and for all time.<p>In <i>That Hideous Strength,</i> the final installment of the Space Trilogy, the dark forces that have been repulsed in <i>Out of the Silent Planet</i> and <i>Perelandra</i> are massed for an assault on the planet Earth itself. Word is on the wind that the mighty wizard Merlin has come back to the land of the living after many centuries, holding the key to ultimate power for the force that can find him and bend him to its will. A sinister technocratic organization that is gaining force throughout England, N.I.C.E. (the National Institute of Coordinated Experiments), secretly controlled by humanity's mortal enemies, plans to use Merlin in their plot to "recondition" society. Dr. Ransom forms a countervailing group, Logres, in opposition, and the two groups struggle to a climactic resolution that brings the Space Trilogy to a magnificent, crashing close.</p><p><br /><br />Also published as "The Tortured Planet" (1958).</p>]]></description>
  <work>
  <id type="integer">964487</id>
  <books_count type="integer">80</books_count>
  <best_book_id type="integer">100933</best_book_id>
  <reviews_count type="integer">41255</reviews_count>
  <ratings_sum type="integer">91391</ratings_sum>
  <ratings_count type="integer">23627</ratings_count>
  <text_reviews_count type="integer">1289</text_reviews_count>
  <original_publication_year type="integer">1945</original_publication_year>
  <original_publication_month type="integer">12</original_publication_month>
  <original_publication_day type="integer" nil="true"/>
  <original_title>That Hideous Strength</original_title>
  <original_language_id type="integer" nil="true"/>
  <media_type>book</media_type>
  <rating_dist>5:7802|4:7783|3:5703|2:1801|1:538|total:23627</rating_dist>
  <desc_user_id type="integer">7463676</desc_user_id>
  <default_chaptering_book_id type="integer" nil="true"/>
  <default_description_language_code nil="true"/>
</work>
  <average_rating>3.87</average_rating>
  <num_pages><![CDATA[534]]></num_pages>
  <format><![CDATA[Paperback]]></format>
  <edition_information><![CDATA[]]></edition_information>
  <ratings_count><![CDATA[19875]]></ratings_count>
  <text_reviews_count><![CDATA[906]]></text_reviews_count>
  <url><![CDATA[https://www.goodreads.com/book/show/100933.That_Hideous_Strength]]></url>
  <link><![CDATA[https://www.goodreads.com/book/show/100933.That_Hideous_Strength]]></link>
  <authors>
<author>
<id>1069006</id>
<name>C.S. Lewis</name>
<role></role>
<image_url nophoto='false'>
<![CDATA[https://images.gr-assets.com/authors/1367519078p5/1069006.jpg]]>
</image_url>
<small_image_url nophoto='false'>
<![CDATA[https://images.gr-assets.com/authors/1367519078p2/1069006.jpg]]>
</small_image_url>
<link><![CDATA[https://www.goodreads.com/author/show/1069006.C_S_Lewis]]></link>
<average_rating>4.13</average_rating>
<ratings_count>4410968</ratings_count>
<text_reviews_count>95428</text_reviews_count>
</author>
</authors>

    <reviews_widget>
      <![CDATA[
        <style>
  #goodreads-widget {
    font-family: georgia, serif;
    padding: 18px 0;
    width:565px;
  }
  #goodreads-widget h1 {
    font-weight:normal;
    font-size: 16px;
    border-bottom: 1px solid #BBB596;
    margin-bottom: 0;
  }
  #goodreads-widget a {
    text-decoration: none;
    color:#660;
  }
  iframe{
    background-color: #fff;
  }
  #goodreads-widget a:hover { text-decoration: underline; }
  #goodreads-widget a:active {
    color:#660;
  }
  #gr_footer {
    width: 100%;
    border-top: 1px solid #BBB596;
    text-align: right;
  }
  #goodreads-widget .gr_branding{
    color: #382110;
    font-size: 11px;
    text-decoration: none;
    font-family: "Helvetica Neue", Helvetica, Arial, sans-serif;
  }
</style>
<div id="goodreads-widget">
  <div id="gr_header"><h1><a rel="nofollow" href="https://www.goodreads.com/book/show/100933.That_Hideous_Strength">That Hideous Strength Reviews</a></h1></div>
  <iframe id="the_iframe" src="https://www.goodreads.com/api/reviews_widget_iframe?did=DEVELOPER_ID&amp;format=html&amp;isbn=0007157177&amp;links=660&amp;min_rating=&amp;review_back=fff&amp;stars=000&amp;text=000" width="565" height="400" frameborder="0"></iframe>
  <div id="gr_footer">
    <a class="gr_branding" target="_blank" rel="nofollow" href="https://www.goodreads.com/book/show/100933.That_Hideous_Strength?utm_medium=api&amp;utm_source=reviews_widget">Reviews from Goodreads.com</a>
  </div>
</div>

      ]]>
    </reviews_widget>
  <popular_shelves>
      <shelf name="science-fiction" count="833"/>
      <shelf name="fantasy" count="543"/>
      <shelf name="sci-fi" count="542"/>
      <shelf name="favorites" count="251"/>
      <shelf name="fiction" count="180"/>
      <shelf name="classics" count="180"/>
      <shelf name="c-s-lewis" count="179"/>
      <shelf name="owned" count="158"/>
      <shelf name="christian-fiction" count="149"/>
      <shelf name="sci-fi-fantasy" count="131"/>
      <shelf name="scifi" count="112"/>
      <shelf name="to-read" count="97"/>
      <shelf name="books-i-own" count="91"/>
      <shelf name="christianity" count="74"/>
      <shelf name="default" count="72"/>
      <shelf name="religion" count="69"/>
      <shelf name="series" count="65"/>
      <shelf name="fantasy-sci-fi" count="55"/>
      <shelf name="cs-lewis" count="53"/>
      <shelf name="scifi-fantasy" count="45"/>
      <shelf name="sf" count="44"/>
      <shelf name="science-fiction-fantasy" count="44"/>
      <shelf name="lewis" count="43"/>
      <shelf name="literature" count="43"/>
      <shelf name="novels" count="42"/>
      <shelf name="philosophy" count="39"/>
      <shelf name="christian" count="38"/>
      <shelf name="owned-books" count="34"/>
      <shelf name="library" count="34"/>
      <shelf name="classic" count="34"/>
      <shelf name="inklings" count="32"/>
      <shelf name="kindle" count="30"/>
      <shelf name="speculative-fiction" count="30"/>
      <shelf name="my-library" count="29"/>
      <shelf name="religious" count="29"/>
      <shelf name="adventure" count="29"/>
      <shelf name="theology" count="29"/>
      <shelf name="faith" count="28"/>
      <shelf name="novel" count="26"/>
      <shelf name="science" count="25"/>
      <shelf name="audiobooks" count="25"/>
      <shelf name="sci-fi-and-fantasy" count="22"/>
      <shelf name="audiobook" count="21"/>
      <shelf name="space-trilogy" count="20"/>
      <shelf name="british" count="20"/>
      <shelf name="dystopian" count="20"/>
      <shelf name="ebooks" count="20"/>
      <shelf name="young-adult" count="20"/>
      <shelf name="audio" count="19"/>
      <shelf name="ebook" count="19"/>
      <shelf name="adult-fiction" count="19"/>
      <shelf name="adult" count="18"/>
      <shelf name="20th-century" count="18"/>
      <shelf name="space" count="18"/>
      <shelf name="allegory" count="18"/>
      <shelf name="spiritual" count="18"/>
      <shelf name="my-books" count="17"/>
      <shelf name="read-in-2016" count="16"/>
      <shelf name="to-buy" count="16"/>
      <shelf name="wish-list" count="16"/>
      <shelf name="arthurian" count="16"/>
      <shelf name="i-own" count="15"/>
      <shelf name="re-read" count="14"/>
      <shelf name="christian-fantasy" count="14"/>
      <shelf name="own-it" count="14"/>
      <shelf name="unread" count="14"/>
      <shelf name="spirituality" count="13"/>
      <shelf name="lewis-c-s" count="13"/>
      <shelf name="fantasy-science-fiction" count="13"/>
      <shelf name="personal-library" count="13"/>
      <shelf name="fantasy-scifi" count="13"/>
      <shelf name="british-literature" count="12"/>
      <shelf name="to-read-fiction" count="12"/>
      <shelf name="home-library" count="12"/>
      <shelf name="fantasy-and-sci-fi" count="12"/>
      <shelf name="science-fantasy" count="11"/>
      <shelf name="dystopia" count="11"/>
      <shelf name="thought-provoking" count="11"/>
      <shelf name="favourites" count="11"/>
      <shelf name="mythology" count="11"/>
      <shelf name="fic" count="10"/>
      <shelf name="other" count="10"/>
      <shelf name="fiction-fantasy" count="10"/>
      <shelf name="to-re-read" count="10"/>
      <shelf name="paperback" count="10"/>
      <shelf name="e-books" count="9"/>
      <shelf name="1940s" count="9"/>
      <shelf name="cslewis" count="9"/>
      <shelf name="favorite-authors" count="9"/>
      <shelf name="audible" count="8"/>
      <shelf name="not-read" count="8"/>
      <shelf name="calibre" count="8"/>
      <shelf name="book-club" count="8"/>
      <shelf name="the-inklings" count="8"/>
      <shelf name="sf-fantasy" count="8"/>
      <shelf name="sff" count="8"/>
      <shelf name="religious-fiction" count="8"/>
      <shelf name="for-fun" count="8"/>
      <shelf name="all-time-favorites" count="8"/>
      <shelf name="science-fiction-and-fantasy" count="7"/>
  </popular_shelves>
  <book_links>
    <book_link>
  <id>8</id>
  <name>Libraries</name>
  <link>https://www.goodreads.com/book_link/follow/8</link>
</book_link>

  </book_links>
  <buy_links>
    <buy_link>
<id>1</id>
<name>Amazon</name>
<link>https://www.goodreads.com/book_link/follow/1</link>
</buy_link>
<buy_link>
<id>10</id>
<name>Audible</name>
<link>https://www.goodreads.com/book_link/follow/10</link>
</buy_link>
<buy_link>
<id>3</id>
<name>Barnes &amp; Noble</name>
<link>https://www.goodreads.com/book_link/follow/3</link>
</buy_link>
<buy_link>
<id>1027</id>
<name>Kobo</name>
<link>https://www.goodreads.com/book_link/follow/1027</link>
</buy_link>
<buy_link>
<id>2102</id>
<name>Apple iBooks</name>
<link>https://www.goodreads.com/book_link/follow/2102</link>
</buy_link>
<buy_link>
<id>8036</id>
<name>Google Play</name>
<link>https://www.goodreads.com/book_link/follow/8036</link>
</buy_link>
<buy_link>
<id>4</id>
<name>Abebooks</name>
<link>https://www.goodreads.com/book_link/follow/4</link>
</buy_link>
<buy_link>
<id>882</id>
<name>Book Depository</name>
<link>https://www.goodreads.com/book_link/follow/882</link>
</buy_link>
<buy_link>
<id>9</id>
<name>Indigo</name>
<link>https://www.goodreads.com/book_link/follow/9</link>
</buy_link>
<buy_link>
<id>2</id>
<name>Half.com</name>
<link>https://www.goodreads.com/book_link/follow/2</link>
</buy_link>
<buy_link>
<id>5</id>
<name>Alibris</name>
<link>https://www.goodreads.com/book_link/follow/5</link>
</buy_link>
<buy_link>
<id>107</id>
<name>Better World Books</name>
<link>https://www.goodreads.com/book_link/follow/107</link>
</buy_link>
<buy_link>
<id>7</id>
<name>IndieBound</name>
<link>https://www.goodreads.com/book_link/follow/7</link>
</buy_link>

  </buy_links>
  <series_works>
    <series_work>
<id>153876</id>
<user_position>3</user_position>
<series>
<id>43578</id>
<title>
<![CDATA[
    Space Trilogy
]]>
</title>
<description>
<![CDATA[
    Also known as:
    * The Cosmic Trilogy
    * La trilogie cosmique
    * La trilogie spatiale
    * Kosmická trilogie
    * Космически трилогия
    * Kozmik Üçleme
    * The Ransom Trilogy
    * Ransom-trilogia
    * Ransom-trilogie
    * Perelandra-Trilogie
]]>
</description>
<note>
<![CDATA[
]]>
</note>
<series_works_count>5</series_works_count>
<primary_work_count>3</primary_work_count>
<numbered>true</numbered>
</series>

</series_work>

  </series_works>
  <similar_books>
          <book>
<id>143224</id>
<title>Many Dimensions</title>
<title_without_series>Many Dimensions</title_without_series>
<link><![CDATA[https://www.goodreads.com/book/show/143224.Many_Dimensions]]></link>
<small_image_url><![CDATA[https://s.gr-assets.com/assets/nophoto/book/50x75-a91bf249278a81aabab721ef782c4a74.png]]></small_image_url>
<image_url><![CDATA[https://s.gr-assets.com/assets/nophoto/book/111x148-bcc042a9c91a29c1d680899eff700a03.png]]></image_url>
<num_pages></num_pages>
<work>
<id>138159</id>
</work>
<isbn>1419132474</isbn>
<isbn13>9781419132476</isbn13>
<average_rating>3.89</average_rating>
<ratings_count>519</ratings_count>
<publication_year></publication_year>
<publication_month></publication_month>
<publication_day></publication_day>
<authors>
<author>
<id>36289</id>
<name>Charles Williams</name>
<link><![CDATA[https://www.goodreads.com/author/show/36289.Charles_Williams]]></link>
</author>
</authors>
</book>

          <book>
<id>174948</id>
<title>Phantastes</title>
<title_without_series>Phantastes</title_without_series>
<link><![CDATA[https://www.goodreads.com/book/show/174948.Phantastes]]></link>
<small_image_url><![CDATA[https://images.gr-assets.com/books/1327629648s/174948.jpg]]></small_image_url>
<image_url><![CDATA[https://images.gr-assets.com/books/1327629648m/174948.jpg]]></image_url>
<num_pages></num_pages>
<work>
<id>2206809</id>
</work>
<isbn>160096401X</isbn>
<isbn13>9781600964015</isbn13>
<average_rating>3.96</average_rating>
<ratings_count>6137</ratings_count>
<publication_year>2008</publication_year>
<publication_month>7</publication_month>
<publication_day>30</publication_day>
<authors>
<author>
<id>2413</id>
<name>George MacDonald</name>
<link><![CDATA[https://www.goodreads.com/author/show/2413.George_MacDonald]]></link>
</author>
</authors>
</book>

          <book>
<id>899146</id>
<title>Manalive</title>
<title_without_series>Manalive</title_without_series>
<link><![CDATA[https://www.goodreads.com/book/show/899146.Manalive]]></link>
<small_image_url><![CDATA[https://images.gr-assets.com/books/1328866065s/899146.jpg]]></small_image_url>
<image_url><![CDATA[https://images.gr-assets.com/books/1328866065m/899146.jpg]]></image_url>
<num_pages>160</num_pages>
<work>
<id>884332</id>
</work>
<isbn>0486414051</isbn>
<isbn13>9780486414058</isbn13>
<average_rating>4.23</average_rating>
<ratings_count>2205</ratings_count>
<publication_year>2000</publication_year>
<publication_month>11</publication_month>
<publication_day>27</publication_day>
<authors>
<author>
<id>7014283</id>
<name>G.K. Chesterton</name>
<link><![CDATA[https://www.goodreads.com/author/show/7014283.G_K_Chesterton]]></link>
</author>
</authors>
</book>

          <book>
<id>7337</id>
<title>The Tolkien Reader</title>
<title_without_series>The Tolkien Reader</title_without_series>
<link><![CDATA[https://www.goodreads.com/book/show/7337.The_Tolkien_Reader]]></link>
<small_image_url><![CDATA[https://images.gr-assets.com/books/1329719279s/7337.jpg]]></small_image_url>
<image_url><![CDATA[https://images.gr-assets.com/books/1329719279m/7337.jpg]]></image_url>
<num_pages>272</num_pages>
<work>
<id>2964497</id>
</work>
<isbn>0345345061</isbn>
<isbn13>9780345345066</isbn13>
<average_rating>3.98</average_rating>
<ratings_count>4143</ratings_count>
<publication_year>1986</publication_year>
<publication_month>11</publication_month>
<publication_day>12</publication_day>
<authors>
<author>
<id>656983</id>
<name>J.R.R. Tolkien</name>
<link><![CDATA[https://www.goodreads.com/author/show/656983.J_R_R_Tolkien]]></link>
</author>
</authors>
</book>

          <book>
<id>1800794</id>
<title><![CDATA[Planet Narnia: The Seven Heavens in the Imagination of C.S. Lewis]]></title>
<title_without_series><![CDATA[Planet Narnia: The Seven Heavens in the Imagination of C.S. Lewis]]></title_without_series>
<link><![CDATA[https://www.goodreads.com/book/show/1800794.Planet_Narnia]]></link>
<small_image_url><![CDATA[https://s.gr-assets.com/assets/nophoto/book/50x75-a91bf249278a81aabab721ef782c4a74.png]]></small_image_url>
<image_url><![CDATA[https://s.gr-assets.com/assets/nophoto/book/111x148-bcc042a9c91a29c1d680899eff700a03.png]]></image_url>
<num_pages>347</num_pages>
<work>
<id>1799947</id>
</work>
<isbn>0195313879</isbn>
<isbn13>9780195313871</isbn13>
<average_rating>4.29</average_rating>
<ratings_count>1419</ratings_count>
<publication_year>2008</publication_year>
<publication_month>1</publication_month>
<publication_day>15</publication_day>
<authors>
<author>
<id>5816302</id>
<name>Michael  Ward</name>
<link><![CDATA[https://www.goodreads.com/author/show/5816302.Michael_Ward]]></link>
</author>
</authors>
</book>

          <book>
<id>1050676</id>
<title>Dream Thief</title>
<title_without_series>Dream Thief</title_without_series>
<link><![CDATA[https://www.goodreads.com/book/show/1050676.Dream_Thief]]></link>
<small_image_url><![CDATA[https://s.gr-assets.com/assets/nophoto/book/50x75-a91bf249278a81aabab721ef782c4a74.png]]></small_image_url>
<image_url><![CDATA[https://s.gr-assets.com/assets/nophoto/book/111x148-bcc042a9c91a29c1d680899eff700a03.png]]></image_url>
<num_pages>484</num_pages>
<work>
<id>1037133</id>
</work>
<isbn>0310205522</isbn>
<isbn13>9780310205524</isbn13>
<average_rating>3.73</average_rating>
<ratings_count>1358</ratings_count>
<publication_year>1996</publication_year>
<publication_month>6</publication_month>
<publication_day>18</publication_day>
<authors>
<author>
<id>28083</id>
<name>Stephen R. Lawhead</name>
<link><![CDATA[https://www.goodreads.com/author/show/28083.Stephen_R_Lawhead]]></link>
</author>
</authors>
</book>

          <book>
<id>3428818</id>
<title><![CDATA[Notes From The Tilt-A-Whirl: Wide-Eyed Wonder in God's Spoken World]]></title>
<title_without_series><![CDATA[Notes From The Tilt-A-Whirl: Wide-Eyed Wonder in God's Spoken World]]></title_without_series>
<link><![CDATA[https://www.goodreads.com/book/show/3428818-notes-from-the-tilt-a-whirl]]></link>
<small_image_url><![CDATA[https://images.gr-assets.com/books/1492866977s/3428818.jpg]]></small_image_url>
<image_url><![CDATA[https://images.gr-assets.com/books/1492866977m/3428818.jpg]]></image_url>
<num_pages></num_pages>
<work>
<id>3469712</id>
</work>
<isbn>0849920078</isbn>
<isbn13>9780849920073</isbn13>
<average_rating>4.32</average_rating>
<ratings_count>2444</ratings_count>
<publication_year></publication_year>
<publication_month></publication_month>
<publication_day></publication_day>
<authors>
<author>
<id>505695</id>
<name>N.D. Wilson</name>
<link><![CDATA[https://www.goodreads.com/author/show/505695.N_D_Wilson]]></link>
</author>
</authors>
</book>

          <book>
<id>2436364</id>
<title><![CDATA[The Infinite Day (The Lamb among the Stars, #4)]]></title>
<title_without_series>The Infinite Day</title_without_series>
<link><![CDATA[https://www.goodreads.com/book/show/2436364.The_Infinite_Day]]></link>
<small_image_url><![CDATA[https://s.gr-assets.com/assets/nophoto/book/50x75-a91bf249278a81aabab721ef782c4a74.png]]></small_image_url>
<image_url><![CDATA[https://s.gr-assets.com/assets/nophoto/book/111x148-bcc042a9c91a29c1d680899eff700a03.png]]></image_url>
<num_pages>576</num_pages>
<work>
<id>2443552</id>
</work>
<isbn>141431468X</isbn>
<isbn13>9781414314686</isbn13>
<average_rating>4.40</average_rating>
<ratings_count>252</ratings_count>
<publication_year>2008</publication_year>
<publication_month>5</publication_month>
<publication_day>28</publication_day>
<authors>
<author>
<id>223382</id>
<name>Chris Walley</name>
<link><![CDATA[https://www.goodreads.com/author/show/223382.Chris_Walley]]></link>
</author>
</authors>
</book>

          <book>
<id>112973</id>
<title><![CDATA[Fierce Wars and Faithful Loves (Spenser's Faerie Queen, #1)]]></title>
<title_without_series><![CDATA[Fierce Wars and Faithful Loves]]></title_without_series>
<link><![CDATA[https://www.goodreads.com/book/show/112973.Fierce_Wars_and_Faithful_Loves]]></link>
<small_image_url><![CDATA[https://s.gr-assets.com/assets/nophoto/book/50x75-a91bf249278a81aabab721ef782c4a74.png]]></small_image_url>
<image_url><![CDATA[https://s.gr-assets.com/assets/nophoto/book/111x148-bcc042a9c91a29c1d680899eff700a03.png]]></image_url>
<num_pages>240</num_pages>
<work>
<id>41417769</id>
</work>
<isbn>1885767390</isbn>
<isbn13>9781885767394</isbn13>
<average_rating>4.34</average_rating>
<ratings_count>180</ratings_count>
<publication_year>1999</publication_year>
<publication_month>10</publication_month>
<publication_day>15</publication_day>
<authors>
<author>
<id>11145</id>
<name>Edmund Spenser</name>
<link><![CDATA[https://www.goodreads.com/author/show/11145.Edmund_Spenser]]></link>
</author>
</authors>
</book>

  </similar_books>
</book>

</GoodreadsResponse>