<?xml version="1.0" encoding="UTF-8"?>
<GoodreadsResponse>
  <Request>
    <authentication>true</authentication>
      <key><![CDATA[all_men_must_serve]]></key>
    <method><![CDATA[book_show]]></method>
  </Request>
  <book>
  <id>10098912</id>
  <title>Chanakya&apos;s Chant</title>
  <isbn><![CDATA[9380658674]]></isbn>
  <isbn13><![CDATA[9789380658674]]></isbn13>
  <asin><![CDATA[]]></asin>
  <kindle_asin><![CDATA[B007EP3PE2]]></kindle_asin>
  <marketplace_id><![CDATA[A1F83G8C2ARO7P]]></marketplace_id>
  <country_code><![CDATA[GB]]></country_code>
  <image_url>https://images.gr-assets.com/books/1327939570m/10098912.jpg</image_url>
  <small_image_url>https://images.gr-assets.com/books/1327939570s/10098912.jpg</small_image_url>
  <publication_year>2010</publication_year>
  <publication_month>1</publication_month>
  <publication_day>26</publication_day>
  <publisher>Westland Limited </publisher>
  <language_code>eng</language_code>
  <is_ebook>false</is_ebook>
  <description><![CDATA[The year is 340 BC. A hunted, haunted Brahmin youth vows revenge for the gruesome murder of his beloved father. Cold, calculating, cruel and armed with a complete absence of accepted morals, he becomes the most powerful political strategist in Bharat and succeeds in uniting a ragged country against the invasion of the army of that demigod, Alexander the Great. Pitting the weak edges of both forces against each other, he pulls off a wicked and astonishing victory and succeeds in installing Chandragupta on the throne of the mighty Mauryan empire.<br /><br />History knows him as the brilliant strategist Chanakya. Satisfied—and a little bored—by his success as a kingmaker, through the simple summoning of his gifted mind, he recedes into the shadows to write his Arthashastra, the ‘science of wealth’. But history, which exults in repeating itself, revives Chanakya two and a half millennia later, in the avatar of Gangasagar Mishra, a Brahmin teacher in smalltown India who becomes puppeteer to a host of ambitious individuals—including a certain slumchild who grows up into a beautiful and powerful woman.<br /><br />Modern India happens to be just as riven as ancient Bharat by class hatred, corruption and divisive politics and this landscape is Gangasagar’s feasting ground. Can this wily pandit—who preys on greed, venality and sexual deviance—bring about another miracle of a united India? Will Chanakya’s chant work again? Ashwin Sanghi, the bestselling author of The Rozabal Line, brings you yet another historical spinechiller.]]></description>
  <work>
  <id type="integer">14996005</id>
  <books_count type="integer">14</books_count>
  <best_book_id type="integer">10098912</best_book_id>
  <reviews_count type="integer">28845</reviews_count>
  <ratings_sum type="integer">63573</ratings_sum>
  <ratings_count type="integer">17287</ratings_count>
  <text_reviews_count type="integer">1119</text_reviews_count>
  <original_publication_year type="integer">2010</original_publication_year>
  <original_publication_month type="integer">1</original_publication_month>
  <original_publication_day type="integer">1</original_publication_day>
  <original_title>Chanakya's Chant</original_title>
  <original_language_id type="integer" nil="true"/>
  <media_type>book</media_type>
  <rating_dist>5:3730|4:6702|3:4867|2:1526|1:462|total:17287</rating_dist>
  <desc_user_id type="integer">5349699</desc_user_id>
  <default_chaptering_book_id type="integer" nil="true"/>
  <default_description_language_code nil="true"/>
</work>
  <average_rating>3.68</average_rating>
  <num_pages><![CDATA[448]]></num_pages>
  <format><![CDATA[Paperback]]></format>
  <edition_information><![CDATA[]]></edition_information>
  <ratings_count><![CDATA[15484]]></ratings_count>
  <text_reviews_count><![CDATA[1034]]></text_reviews_count>
  <url><![CDATA[https://www.goodreads.com/book/show/10098912-chanakya-s-chant]]></url>
  <link><![CDATA[https://www.goodreads.com/book/show/10098912-chanakya-s-chant]]></link>
  <authors>
<author>
<id>4230687</id>
<name>Ashwin Sanghi</name>
<role></role>
<image_url nophoto='false'>
<![CDATA[https://images.gr-assets.com/authors/1333093978p5/4230687.jpg]]>
</image_url>
<small_image_url nophoto='false'>
<![CDATA[https://images.gr-assets.com/authors/1333093978p2/4230687.jpg]]>
</small_image_url>
<link><![CDATA[https://www.goodreads.com/author/show/4230687.Ashwin_Sanghi]]></link>
<average_rating>3.53</average_rating>
<ratings_count>48911</ratings_count>
<text_reviews_count>4316</text_reviews_count>
</author>
</authors>

    <reviews_widget>
      <![CDATA[
        <style>
  #goodreads-widget {
    font-family: georgia, serif;
    padding: 18px 0;
    width:565px;
  }
  #goodreads-widget h1 {
    font-weight:normal;
    font-size: 16px;
    border-bottom: 1px solid #BBB596;
    margin-bottom: 0;
  }
  #goodreads-widget a {
    text-decoration: none;
    color:#660;
  }
  iframe{
    background-color: #fff;
  }
  #goodreads-widget a:hover { text-decoration: underline; }
  #goodreads-widget a:active {
    color:#660;
  }
  #gr_footer {
    width: 100%;
    border-top: 1px solid #BBB596;
    text-align: right;
  }
  #goodreads-widget .gr_branding{
    color: #382110;
    font-size: 11px;
    text-decoration: none;
    font-family: "Helvetica Neue", Helvetica, Arial, sans-serif;
  }
</style>
<div id="goodreads-widget">
  <div id="gr_header"><h1><a rel="nofollow" href="https://www.goodreads.com/book/show/10098912-chanakya-s-chant">Chanakya&#39;s Chant Reviews</a></h1></div>
  <iframe id="the_iframe" src="https://www.goodreads.com/api/reviews_widget_iframe?did=DEVELOPER_ID&amp;format=html&amp;isbn=9380658674&amp;links=660&amp;min_rating=&amp;review_back=fff&amp;stars=000&amp;text=000" width="565" height="400" frameborder="0"></iframe>
  <div id="gr_footer">
    <a class="gr_branding" target="_blank" rel="nofollow" href="https://www.goodreads.com/book/show/10098912-chanakya-s-chant?utm_medium=api&amp;utm_source=reviews_widget">Reviews from Goodreads.com</a>
  </div>
</div>

      ]]>
    </reviews_widget>
  <popular_shelves>
      <shelf name="to-read" count="2343"/>
      <shelf name="currently-reading" count="1084"/>
      <shelf name="fiction" count="127"/>
      <shelf name="historical-fiction" count="67"/>
      <shelf name="favorites" count="61"/>
      <shelf name="indian-authors" count="60"/>
      <shelf name="owned" count="42"/>
      <shelf name="books-i-own" count="38"/>
      <shelf name="thriller" count="35"/>
      <shelf name="indian-fiction" count="34"/>
      <shelf name="india" count="31"/>
      <shelf name="history" count="27"/>
      <shelf name="indian" count="25"/>
      <shelf name="indian-author" count="19"/>
      <shelf name="default" count="17"/>
      <shelf name="my-books" count="17"/>
      <shelf name="mythology" count="15"/>
      <shelf name="politics" count="14"/>
      <shelf name="ashwin-sanghi" count="13"/>
      <shelf name="chanakya" count="13"/>
      <shelf name="historical" count="13"/>
      <shelf name="abandoned" count="12"/>
      <shelf name="mythological-fiction" count="11"/>
      <shelf name="owned-books" count="11"/>
      <shelf name="english" count="11"/>
      <shelf name="fantasy" count="11"/>
      <shelf name="novels" count="10"/>
      <shelf name="favourites" count="10"/>
      <shelf name="indian-writing" count="10"/>
      <shelf name="i-own" count="10"/>
      <shelf name="my-library" count="8"/>
      <shelf name="strategy" count="7"/>
      <shelf name="indian-mythology" count="7"/>
      <shelf name="mystery" count="7"/>
      <shelf name="must-read" count="7"/>
      <shelf name="thrillers" count="7"/>
      <shelf name="library" count="7"/>
      <shelf name="novel" count="6"/>
      <shelf name="political" count="6"/>
      <shelf name="indian-history" count="6"/>
      <shelf name="on-hold" count="5"/>
      <shelf name="my-shelf" count="5"/>
      <shelf name="contemporary-fiction" count="5"/>
      <shelf name="kindle" count="5"/>
      <shelf name="my-collection" count="5"/>
      <shelf name="indian-literature" count="5"/>
      <shelf name="indian-writers" count="5"/>
      <shelf name="in-my-library" count="4"/>
      <shelf name="dnf" count="4"/>
      <shelf name="political-thriller" count="4"/>
      <shelf name="chandragupta" count="4"/>
      <shelf name="ebook" count="4"/>
      <shelf name="collection" count="4"/>
      <shelf name="unfinished" count="4"/>
      <shelf name="contemporary" count="4"/>
      <shelf name="bought" count="4"/>
      <shelf name="read-in-2017" count="3"/>
      <shelf name="read-in-2016" count="3"/>
      <shelf name="books-i-have" count="3"/>
      <shelf name="paperback" count="3"/>
      <shelf name="e-books" count="3"/>
      <shelf name="completed" count="3"/>
      <shelf name="others" count="3"/>
      <shelf name="history-historical-fiction" count="3"/>
      <shelf name="history-fiction" count="3"/>
      <shelf name="adventure" count="3"/>
      <shelf name="fav" count="3"/>
      <shelf name="crime-thriller-mystery" count="3"/>
      <shelf name="indian-books" count="3"/>
      <shelf name="i-own-a-copy" count="3"/>
      <shelf name="drama" count="3"/>
      <shelf name="owned-but-not-read" count="2"/>
      <shelf name="chandru" count="2"/>
      <shelf name="pifm" count="2"/>
      <shelf name="takshashila" count="2"/>
      <shelf name="ebooks" count="2"/>
      <shelf name="mystery-thriller" count="2"/>
      <shelf name="2015-books" count="2"/>
      <shelf name="h" count="2"/>
      <shelf name="books-read" count="2"/>
      <shelf name="read-again" count="2"/>
      <shelf name="books" count="2"/>
      <shelf name="own-books" count="2"/>
      <shelf name="bangalore" count="2"/>
      <shelf name="scanned" count="2"/>
      <shelf name="my-lib" count="2"/>
      <shelf name="left-midway" count="2"/>
      <shelf name="paused" count="2"/>
      <shelf name="bookshelf" count="2"/>
      <shelf name="own-a-copy" count="2"/>
      <shelf name="home-library" count="2"/>
      <shelf name="self-help" count="2"/>
      <shelf name="fictions" count="2"/>
      <shelf name="mine" count="2"/>
      <shelf name="crime" count="2"/>
      <shelf name="done" count="2"/>
      <shelf name="indian-book-challenge" count="2"/>
      <shelf name="books-owned" count="2"/>
      <shelf name="read-in-2013" count="2"/>
      <shelf name="my-reads" count="2"/>
  </popular_shelves>
  <book_links>
    <book_link>
  <id>8</id>
  <name>Libraries</name>
  <link>https://www.goodreads.com/book_link/follow/8</link>
</book_link>

  </book_links>
  <buy_links>
    <buy_link>
<id>1</id>
<name>Amazon</name>
<link>https://www.goodreads.com/book_link/follow/1</link>
</buy_link>
<buy_link>
<id>10</id>
<name>Audible</name>
<link>https://www.goodreads.com/book_link/follow/10</link>
</buy_link>
<buy_link>
<id>3</id>
<name>Barnes &amp; Noble</name>
<link>https://www.goodreads.com/book_link/follow/3</link>
</buy_link>
<buy_link>
<id>1027</id>
<name>Kobo</name>
<link>https://www.goodreads.com/book_link/follow/1027</link>
</buy_link>
<buy_link>
<id>2102</id>
<name>Apple iBooks</name>
<link>https://www.goodreads.com/book_link/follow/2102</link>
</buy_link>
<buy_link>
<id>8036</id>
<name>Google Play</name>
<link>https://www.goodreads.com/book_link/follow/8036</link>
</buy_link>
<buy_link>
<id>4</id>
<name>Abebooks</name>
<link>https://www.goodreads.com/book_link/follow/4</link>
</buy_link>
<buy_link>
<id>882</id>
<name>Book Depository</name>
<link>https://www.goodreads.com/book_link/follow/882</link>
</buy_link>
<buy_link>
<id>9</id>
<name>Indigo</name>
<link>https://www.goodreads.com/book_link/follow/9</link>
</buy_link>
<buy_link>
<id>2</id>
<name>Half.com</name>
<link>https://www.goodreads.com/book_link/follow/2</link>
</buy_link>
<buy_link>
<id>5</id>
<name>Alibris</name>
<link>https://www.goodreads.com/book_link/follow/5</link>
</buy_link>
<buy_link>
<id>107</id>
<name>Better World Books</name>
<link>https://www.goodreads.com/book_link/follow/107</link>
</buy_link>
<buy_link>
<id>7</id>
<name>IndieBound</name>
<link>https://www.goodreads.com/book_link/follow/7</link>
</buy_link>

  </buy_links>
  <series_works>
    
  </series_works>
  <similar_books>
          <book>
<id>16104287</id>
<title>The Bankster</title>
<title_without_series>The Bankster</title_without_series>
<link><![CDATA[https://www.goodreads.com/book/show/16104287-the-bankster]]></link>
<small_image_url><![CDATA[https://images.gr-assets.com/books/1351008254s/16104287.jpg]]></small_image_url>
<image_url><![CDATA[https://images.gr-assets.com/books/1351008254m/16104287.jpg]]></image_url>
<num_pages>358</num_pages>
<work>
<id>21916000</id>
</work>
<isbn>8129120488</isbn>
<isbn13>9788129120489</isbn13>
<average_rating>3.59</average_rating>
<ratings_count>2993</ratings_count>
<publication_year>2012</publication_year>
<publication_month>10</publication_month>
<publication_day></publication_day>
<authors>
<author>
<id>1164847</id>
<name>Ravi Subramanian</name>
<link><![CDATA[https://www.goodreads.com/author/show/1164847.Ravi_Subramanian]]></link>
</author>
</authors>
</book>

          <book>
<id>15755005</id>
<title>The Shadow Throne</title>
<title_without_series>The Shadow Throne</title_without_series>
<link><![CDATA[https://www.goodreads.com/book/show/15755005-the-shadow-throne]]></link>
<small_image_url><![CDATA[https://images.gr-assets.com/books/1342459927s/15755005.jpg]]></small_image_url>
<image_url><![CDATA[https://images.gr-assets.com/books/1342459927m/15755005.jpg]]></image_url>
<num_pages>332</num_pages>
<work>
<id>21451593</id>
</work>
<isbn>8192398005</isbn>
<isbn13>9788192398006</isbn13>
<average_rating>3.46</average_rating>
<ratings_count>641</ratings_count>
<publication_year>2012</publication_year>
<publication_month>8</publication_month>
<publication_day>16</publication_day>
<authors>
<author>
<id>6443326</id>
<name>Aroon Raman</name>
<link><![CDATA[https://www.goodreads.com/author/show/6443326.Aroon_Raman]]></link>
</author>
</authors>
</book>

          <book>
<id>1486976</id>
<title><![CDATA[Myth = Mithya: A Handbook of Hindu Mythology]]></title>
<title_without_series><![CDATA[Myth = Mithya: A Handbook of Hindu Mythology]]></title_without_series>
<link><![CDATA[https://www.goodreads.com/book/show/1486976.Myth_Mithya]]></link>
<small_image_url><![CDATA[https://s.gr-assets.com/assets/nophoto/book/50x75-a91bf249278a81aabab721ef782c4a74.png]]></small_image_url>
<image_url><![CDATA[https://s.gr-assets.com/assets/nophoto/book/111x148-bcc042a9c91a29c1d680899eff700a03.png]]></image_url>
<num_pages></num_pages>
<work>
<id>1478161</id>
</work>
<isbn>0143099701</isbn>
<isbn13>9780143099703</isbn13>
<average_rating>3.90</average_rating>
<ratings_count>2788</ratings_count>
<publication_year></publication_year>
<publication_month></publication_month>
<publication_day></publication_day>
<authors>
<author>
<id>200940</id>
<name>Devdutt Pattanaik</name>
<link><![CDATA[https://www.goodreads.com/author/show/200940.Devdutt_Pattanaik]]></link>
</author>
</authors>
</book>

          <book>
<id>170758</id>
<title><![CDATA[Prince of Ayodhya (Ramayana, #1)]]></title>
<title_without_series>Prince of Ayodhya</title_without_series>
<link><![CDATA[https://www.goodreads.com/book/show/170758.Prince_of_Ayodhya]]></link>
<small_image_url><![CDATA[https://images.gr-assets.com/books/1328849508s/170758.jpg]]></small_image_url>
<image_url><![CDATA[https://images.gr-assets.com/books/1328849508m/170758.jpg]]></image_url>
<num_pages>532</num_pages>
<work>
<id>943062</id>
</work>
<isbn>1841491861</isbn>
<isbn13>9781841491868</isbn13>
<average_rating>3.89</average_rating>
<ratings_count>1961</ratings_count>
<publication_year>2005</publication_year>
<publication_month>7</publication_month>
<publication_day>1</publication_day>
<authors>
<author>
<id>3387850</id>
<name>Ashok K. Banker</name>
<link><![CDATA[https://www.goodreads.com/author/show/3387850.Ashok_K_Banker]]></link>
</author>
</authors>
</book>

          <book>
<id>11827808</id>
<title><![CDATA[The Secret of the Nagas (Shiva Trilogy #2)]]></title>
<title_without_series>The Secret of the Nagas</title_without_series>
<link><![CDATA[https://www.goodreads.com/book/show/11827808-the-secret-of-the-nagas]]></link>
<small_image_url><![CDATA[https://images.gr-assets.com/books/1308930273s/11827808.jpg]]></small_image_url>
<image_url><![CDATA[https://images.gr-assets.com/books/1308930273m/11827808.jpg]]></image_url>
<num_pages>396</num_pages>
<work>
<id>16782480</id>
</work>
<isbn>9380658797</isbn>
<isbn13>97893806587</isbn13>
<average_rating>3.98</average_rating>
<ratings_count>55120</ratings_count>
<publication_year>2011</publication_year>
<publication_month>8</publication_month>
<publication_day>12</publication_day>
<authors>
<author>
<id>4343092</id>
<name>Amish Tripathi</name>
<link><![CDATA[https://www.goodreads.com/author/show/4343092.Amish_Tripathi]]></link>
</author>
</authors>
</book>

          <book>
<id>13563459</id>
<title>Asura: Tale Of The Vanquished</title>
<title_without_series>Asura: Tale Of The Vanquished</title_without_series>
<link><![CDATA[https://www.goodreads.com/book/show/13563459-asura]]></link>
<small_image_url><![CDATA[https://images.gr-assets.com/books/1332909772s/13563459.jpg]]></small_image_url>
<image_url><![CDATA[https://images.gr-assets.com/books/1332909772m/13563459.jpg]]></image_url>
<num_pages>504</num_pages>
<work>
<id>19139865</id>
</work>
<isbn>938157605X</isbn>
<isbn13>9789381576052</isbn13>
<average_rating>3.60</average_rating>
<ratings_count>7484</ratings_count>
<publication_year>2012</publication_year>
<publication_month>5</publication_month>
<publication_day>14</publication_day>
<authors>
<author>
<id>5785094</id>
<name>Anand Neelakantan</name>
<link><![CDATA[https://www.goodreads.com/author/show/5785094.Anand_Neelakantan]]></link>
</author>
</authors>
</book>

          <book>
<id>8240188</id>
<title>Johnny Gone Down</title>
<title_without_series>Johnny Gone Down</title_without_series>
<link><![CDATA[https://www.goodreads.com/book/show/8240188-johnny-gone-down]]></link>
<small_image_url><![CDATA[https://s.gr-assets.com/assets/nophoto/book/50x75-a91bf249278a81aabab721ef782c4a74.png]]></small_image_url>
<image_url><![CDATA[https://s.gr-assets.com/assets/nophoto/book/111x148-bcc042a9c91a29c1d680899eff700a03.png]]></image_url>
<num_pages>324</num_pages>
<work>
<id>18373778</id>
</work>
<isbn>8172237863</isbn>
<isbn13>9788172237868</isbn13>
<average_rating>3.45</average_rating>
<ratings_count>2155</ratings_count>
<publication_year>2010</publication_year>
<publication_month>4</publication_month>
<publication_day>1</publication_day>
<authors>
<author>
<id>1687270</id>
<name>Karan Bajaj</name>
<link><![CDATA[https://www.goodreads.com/author/show/1687270.Karan_Bajaj]]></link>
</author>
</authors>
</book>

          <book>
<id>13649887</id>
<title><![CDATA[The Tainted Throne (Empire of the Moghul, #4)]]></title>
<title_without_series>The Tainted Throne</title_without_series>
<link><![CDATA[https://www.goodreads.com/book/show/13649887-the-tainted-throne]]></link>
<small_image_url><![CDATA[https://images.gr-assets.com/books/1337023027s/13649887.jpg]]></small_image_url>
<image_url><![CDATA[https://images.gr-assets.com/books/1337023027m/13649887.jpg]]></image_url>
<num_pages>448</num_pages>
<work>
<id>19269552</id>
</work>
<isbn>0755347609</isbn>
<isbn13>9780755347605</isbn13>
<average_rating>3.86</average_rating>
<ratings_count>1131</ratings_count>
<publication_year>2012</publication_year>
<publication_month>5</publication_month>
<publication_day>10</publication_day>
<authors>
<author>
<id>3041767</id>
<name>Alex Rutherford</name>
<link><![CDATA[https://www.goodreads.com/author/show/3041767.Alex_Rutherford]]></link>
</author>
</authors>
</book>

          <book>
<id>6215388</id>
<title><![CDATA[Men of Steel: India's Business leaders in candid conversation]]></title>
<title_without_series><![CDATA[Men of Steel: India's Business leaders in candid conversation]]></title_without_series>
<link><![CDATA[https://www.goodreads.com/book/show/6215388-men-of-steel]]></link>
<small_image_url><![CDATA[https://images.gr-assets.com/books/1340195679s/6215388.jpg]]></small_image_url>
<image_url><![CDATA[https://images.gr-assets.com/books/1340195679m/6215388.jpg]]></image_url>
<num_pages>110</num_pages>
<work>
<id>6395992</id>
</work>
<isbn>8174364749</isbn>
<isbn13>9788174364746</isbn13>
<average_rating>3.70</average_rating>
<ratings_count>598</ratings_count>
<publication_year></publication_year>
<publication_month></publication_month>
<publication_day></publication_day>
<authors>
<author>
<id>325919</id>
<name>Vir Sanghvi</name>
<link><![CDATA[https://www.goodreads.com/author/show/325919.Vir_Sanghvi]]></link>
</author>
</authors>
</book>

          <book>
<id>15422137</id>
<title><![CDATA[The Taj Conspiracy (Mehrunisa Trilogy, #1)]]></title>
<title_without_series>The Taj Conspiracy</title_without_series>
<link><![CDATA[https://www.goodreads.com/book/show/15422137-the-taj-conspiracy]]></link>
<small_image_url><![CDATA[https://images.gr-assets.com/books/1348120314s/15422137.jpg]]></small_image_url>
<image_url><![CDATA[https://images.gr-assets.com/books/1348120314m/15422137.jpg]]></image_url>
<num_pages>412</num_pages>
<work>
<id>21078375</id>
</work>
<isbn>9381626138</isbn>
<isbn13>9789381626139</isbn13>
<average_rating>3.49</average_rating>
<ratings_count>532</ratings_count>
<publication_year>2012</publication_year>
<publication_month>5</publication_month>
<publication_day>21</publication_day>
<authors>
<author>
<id>265630</id>
<name>Manreet Sodhi Someshwar</name>
<link><![CDATA[https://www.goodreads.com/author/show/265630.Manreet_Sodhi_Someshwar]]></link>
</author>
</authors>
</book>

          <book>
<id>13409307</id>
<title>The Mine</title>
<title_without_series>The Mine</title_without_series>
<link><![CDATA[https://www.goodreads.com/book/show/13409307-the-mine]]></link>
<small_image_url><![CDATA[https://images.gr-assets.com/books/1327843056s/13409307.jpg]]></small_image_url>
<image_url><![CDATA[https://images.gr-assets.com/books/1327843056m/13409307.jpg]]></image_url>
<num_pages>282</num_pages>
<work>
<id>18642943</id>
</work>
<isbn>9381626382</isbn>
<isbn13>9789381626382</isbn13>
<average_rating>3.29</average_rating>
<ratings_count>534</ratings_count>
<publication_year>2012</publication_year>
<publication_month>1</publication_month>
<publication_day></publication_day>
<authors>
<author>
<id>3412570</id>
<name>Arnab Ray</name>
<link><![CDATA[https://www.goodreads.com/author/show/3412570.Arnab_Ray]]></link>
</author>
</authors>
</book>

          <book>
<id>18485935</id>
<title><![CDATA[Gods, Kings & Slaves: The Siege of Madurai]]></title>
<title_without_series><![CDATA[Gods, Kings & Slaves: The Siege of Madurai]]></title_without_series>
<link><![CDATA[https://www.goodreads.com/book/show/18485935-gods-kings-slaves]]></link>
<small_image_url><![CDATA[https://images.gr-assets.com/books/1379080643s/18485935.jpg]]></small_image_url>
<image_url><![CDATA[https://images.gr-assets.com/books/1379080643m/18485935.jpg]]></image_url>
<num_pages></num_pages>
<work>
<id>26165736</id>
</work>
<isbn></isbn>
<isbn13>9789350095867</isbn13>
<average_rating>3.97</average_rating>
<ratings_count>335</ratings_count>
<publication_year></publication_year>
<publication_month></publication_month>
<publication_day></publication_day>
<authors>
<author>
<id>7266354</id>
<name>R. Venketesh</name>
<link><![CDATA[https://www.goodreads.com/author/show/7266354.R_Venketesh]]></link>
</author>
</authors>
</book>

          <book>
<id>3840329</id>
<title>The Zoya Factor</title>
<title_without_series>The Zoya Factor</title_without_series>
<link><![CDATA[https://www.goodreads.com/book/show/3840329-the-zoya-factor]]></link>
<small_image_url><![CDATA[https://images.gr-assets.com/books/1411336569s/3840329.jpg]]></small_image_url>
<image_url><![CDATA[https://images.gr-assets.com/books/1411336569m/3840329.jpg]]></image_url>
<num_pages>511</num_pages>
<work>
<id>3885170</id>
</work>
<isbn>8172237480</isbn>
<isbn13>9788172237486</isbn13>
<average_rating>3.63</average_rating>
<ratings_count>3516</ratings_count>
<publication_year>2015</publication_year>
<publication_month>4</publication_month>
<publication_day>21</publication_day>
<authors>
<author>
<id>1637550</id>
<name>Anuja Chauhan</name>
<link><![CDATA[https://www.goodreads.com/author/show/1637550.Anuja_Chauhan]]></link>
</author>
</authors>
</book>

          <book>
<id>8142431</id>
<title>Connect The Dots</title>
<title_without_series>Connect The Dots</title_without_series>
<link><![CDATA[https://www.goodreads.com/book/show/8142431-connect-the-dots]]></link>
<small_image_url><![CDATA[https://s.gr-assets.com/assets/nophoto/book/50x75-a91bf249278a81aabab721ef782c4a74.png]]></small_image_url>
<image_url><![CDATA[https://s.gr-assets.com/assets/nophoto/book/111x148-bcc042a9c91a29c1d680899eff700a03.png]]></image_url>
<num_pages>305</num_pages>
<work>
<id>12939777</id>
</work>
<isbn>8190453025</isbn>
<isbn13>9788190453028</isbn13>
<average_rating>3.72</average_rating>
<ratings_count>4902</ratings_count>
<publication_year>2010</publication_year>
<publication_month>4</publication_month>
<publication_day>14</publication_day>
<authors>
<author>
<id>1984197</id>
<name>Rashmi Bansal</name>
<link><![CDATA[https://www.goodreads.com/author/show/1984197.Rashmi_Bansal]]></link>
</author>
</authors>
</book>

  </similar_books>
</book>

</GoodreadsResponse>