<?xml version="1.0" encoding="UTF-8"?>
<GoodreadsResponse>
  <Request>
    <authentication>true</authentication>
      <key><![CDATA[all_men_must_serve]]></key>
    <method><![CDATA[book_show]]></method>
  </Request>
  <book>
  <id>101094</id>
  <title>The Famished Road</title>
  <isbn><![CDATA[0385425139]]></isbn>
  <isbn13><![CDATA[9780385425131]]></isbn13>
  <asin><![CDATA[]]></asin>
  <kindle_asin><![CDATA[B00V453Q5G]]></kindle_asin>
  <marketplace_id><![CDATA[A1F83G8C2ARO7P]]></marketplace_id>
  <country_code><![CDATA[GB]]></country_code>
  <image_url>https://images.gr-assets.com/books/1344396715m/101094.jpg</image_url>
  <small_image_url>https://images.gr-assets.com/books/1344396715s/101094.jpg</small_image_url>
  <publication_year>1993</publication_year>
  <publication_month>6</publication_month>
  <publication_day>1</publication_day>
  <publisher>Anchor Books</publisher>
  <language_code>eng</language_code>
  <is_ebook>false</is_ebook>
  <description><![CDATA[In the decade since it won the Booker Prize, Ben Okri's <b>Famished Road</b> has become a classic. Like Salman Rushdie's <i>Midnight's Children</i> or Gabriel Garcia Marquez's <b>One Hundred Years of Solitude</b>, it combines brilliant narrative technique with a fresh vision to create an essential work of world literature.<br /><br />The narrator, Azaro, is an <i>abiku</i>, a spirit child, who in the Yoruba tradition of Nigeria exists between life and death. The life he foresees for himself and the tale he tells is full of sadness and tragedy, but inexplicably he is born with a smile on his face. Nearly called back to the land of the dead, he is resurrected. But in their efforts to save their child, Azaro's loving parents are made destitute. The tension between the land of the living, with its violence and political struggles, and the temptations of the carefree kingdom of the spirits propels this latter-day Lazarus's story.]]></description>
  <work>
  <id type="integer">1198275</id>
  <books_count type="integer">37</books_count>
  <best_book_id type="integer">101094</best_book_id>
  <reviews_count type="integer">22420</reviews_count>
  <ratings_sum type="integer">33090</ratings_sum>
  <ratings_count type="integer">8877</ratings_count>
  <text_reviews_count type="integer">586</text_reviews_count>
  <original_publication_year type="integer">1991</original_publication_year>
  <original_publication_month type="integer" nil="true"/>
  <original_publication_day type="integer" nil="true"/>
  <original_title>The Famished Road</original_title>
  <original_language_id type="integer" nil="true"/>
  <media_type>book</media_type>
  <rating_dist>5:2655|4:2895|3:2046|2:816|1:465|total:8877</rating_dist>
  <desc_user_id type="integer">3220974</desc_user_id>
  <default_chaptering_book_id type="integer" nil="true"/>
  <default_description_language_code nil="true"/>
</work>
  <average_rating>3.73</average_rating>
  <num_pages><![CDATA[512]]></num_pages>
  <format><![CDATA[Paperback]]></format>
  <edition_information><![CDATA[]]></edition_information>
  <ratings_count><![CDATA[8252]]></ratings_count>
  <text_reviews_count><![CDATA[460]]></text_reviews_count>
  <url><![CDATA[https://www.goodreads.com/book/show/101094.The_Famished_Road]]></url>
  <link><![CDATA[https://www.goodreads.com/book/show/101094.The_Famished_Road]]></link>
  <authors>
<author>
<id>31425</id>
<name>Ben Okri</name>
<role></role>
<image_url nophoto='false'>
<![CDATA[https://images.gr-assets.com/authors/1294662937p5/31425.jpg]]>
</image_url>
<small_image_url nophoto='false'>
<![CDATA[https://images.gr-assets.com/authors/1294662937p2/31425.jpg]]>
</small_image_url>
<link><![CDATA[https://www.goodreads.com/author/show/31425.Ben_Okri]]></link>
<average_rating>3.70</average_rating>
<ratings_count>13134</ratings_count>
<text_reviews_count>1024</text_reviews_count>
</author>
</authors>

    <reviews_widget>
      <![CDATA[
        <style>
  #goodreads-widget {
    font-family: georgia, serif;
    padding: 18px 0;
    width:565px;
  }
  #goodreads-widget h1 {
    font-weight:normal;
    font-size: 16px;
    border-bottom: 1px solid #BBB596;
    margin-bottom: 0;
  }
  #goodreads-widget a {
    text-decoration: none;
    color:#660;
  }
  iframe{
    background-color: #fff;
  }
  #goodreads-widget a:hover { text-decoration: underline; }
  #goodreads-widget a:active {
    color:#660;
  }
  #gr_footer {
    width: 100%;
    border-top: 1px solid #BBB596;
    text-align: right;
  }
  #goodreads-widget .gr_branding{
    color: #382110;
    font-size: 11px;
    text-decoration: none;
    font-family: "Helvetica Neue", Helvetica, Arial, sans-serif;
  }
</style>
<div id="goodreads-widget">
  <div id="gr_header"><h1><a rel="nofollow" href="https://www.goodreads.com/book/show/101094.The_Famished_Road">The Famished Road Reviews</a></h1></div>
  <iframe id="the_iframe" src="https://www.goodreads.com/api/reviews_widget_iframe?did=DEVELOPER_ID&amp;format=html&amp;isbn=0385425139&amp;links=660&amp;min_rating=&amp;review_back=fff&amp;stars=000&amp;text=000" width="565" height="400" frameborder="0"></iframe>
  <div id="gr_footer">
    <a class="gr_branding" target="_blank" rel="nofollow" href="https://www.goodreads.com/book/show/101094.The_Famished_Road?utm_medium=api&amp;utm_source=reviews_widget">Reviews from Goodreads.com</a>
  </div>
</div>

      ]]>
    </reviews_widget>
  <popular_shelves>
      <shelf name="to-read" count="4812"/>
      <shelf name="currently-reading" count="464"/>
      <shelf name="fiction" count="291"/>
      <shelf name="africa" count="181"/>
      <shelf name="magical-realism" count="106"/>
      <shelf name="favorites" count="89"/>
      <shelf name="man-booker-prize" count="69"/>
      <shelf name="booker-prize" count="68"/>
      <shelf name="fantasy" count="58"/>
      <shelf name="nigeria" count="52"/>
      <shelf name="booker-prize-winners" count="50"/>
      <shelf name="booker" count="46"/>
      <shelf name="man-booker" count="45"/>
      <shelf name="african" count="37"/>
      <shelf name="african-literature" count="32"/>
      <shelf name="african-lit" count="27"/>
      <shelf name="novels" count="27"/>
      <shelf name="books-i-own" count="25"/>
      <shelf name="literary-fiction" count="24"/>
      <shelf name="magic-realism" count="23"/>
      <shelf name="contemporary" count="23"/>
      <shelf name="20th-century" count="21"/>
      <shelf name="man-booker-prize-winners" count="21"/>
      <shelf name="abandoned" count="20"/>
      <shelf name="classics" count="19"/>
      <shelf name="to-buy" count="18"/>
      <shelf name="booker-winners" count="18"/>
      <shelf name="default" count="17"/>
      <shelf name="owned" count="16"/>
      <shelf name="booker-prize-winner" count="16"/>
      <shelf name="novel" count="16"/>
      <shelf name="library" count="15"/>
      <shelf name="kindle" count="15"/>
      <shelf name="owned-books" count="14"/>
      <shelf name="literature" count="12"/>
      <shelf name="nigerian" count="12"/>
      <shelf name="man-booker-winners" count="11"/>
      <shelf name="bookers" count="11"/>
      <shelf name="general-fiction" count="11"/>
      <shelf name="wish-list" count="11"/>
      <shelf name="did-not-finish" count="10"/>
      <shelf name="to-read-fiction" count="10"/>
      <shelf name="booker-winner" count="10"/>
      <shelf name="postcolonial" count="9"/>
      <shelf name="maybe" count="9"/>
      <shelf name="african-fiction" count="9"/>
      <shelf name="literary" count="9"/>
      <shelf name="unfinished" count="9"/>
      <shelf name="book-club" count="8"/>
      <shelf name="adult" count="8"/>
      <shelf name="adult-fiction" count="8"/>
      <shelf name="man-booker-prize-winner" count="8"/>
      <shelf name="african-authors" count="8"/>
      <shelf name="1990s" count="8"/>
      <shelf name="gave-up-on" count="7"/>
      <shelf name="contemporary-fiction" count="7"/>
      <shelf name="award-winner" count="7"/>
      <shelf name="modern-fiction" count="7"/>
      <shelf name="african-writers" count="7"/>
      <shelf name="english" count="6"/>
      <shelf name="my-library" count="6"/>
      <shelf name="fiction-to-read" count="6"/>
      <shelf name="owned-to-read" count="6"/>
      <shelf name="post-colonial" count="6"/>
      <shelf name="favourites" count="6"/>
      <shelf name="world-lit" count="6"/>
      <shelf name="poc" count="5"/>
      <shelf name="guardian-1000" count="5"/>
      <shelf name="world" count="5"/>
      <shelf name="prize-winners" count="5"/>
      <shelf name="my-books" count="5"/>
      <shelf name="ebook" count="5"/>
      <shelf name="award-winners" count="5"/>
      <shelf name="didn-t-finish" count="5"/>
      <shelf name="world-literature" count="5"/>
      <shelf name="all-time-favorites" count="5"/>
      <shelf name="school" count="5"/>
      <shelf name="own-it" count="5"/>
      <shelf name="dnf" count="4"/>
      <shelf name="cultural" count="4"/>
      <shelf name="i-own" count="4"/>
      <shelf name="book-lust" count="4"/>
      <shelf name="stopped-reading" count="4"/>
      <shelf name="british" count="4"/>
      <shelf name="cultural-africa" count="4"/>
      <shelf name="to-read-owned" count="4"/>
      <shelf name="fiction-literature" count="4"/>
      <shelf name="reviewed" count="4"/>
      <shelf name="authors-of-color" count="4"/>
      <shelf name="non-fiction" count="4"/>
      <shelf name="unread" count="4"/>
      <shelf name="series" count="4"/>
      <shelf name="twin-peaks" count="3"/>
      <shelf name="netgalley" count="3"/>
      <shelf name="shelfari-wishlist" count="3"/>
      <shelf name="read-in-2015" count="3"/>
      <shelf name="must-read" count="3"/>
      <shelf name="shelved" count="3"/>
      <shelf name="politics" count="3"/>
      <shelf name="spirituality-religion" count="3"/>
  </popular_shelves>
  <book_links>
    <book_link>
  <id>8</id>
  <name>Libraries</name>
  <link>https://www.goodreads.com/book_link/follow/8</link>
</book_link>

  </book_links>
  <buy_links>
    <buy_link>
<id>1</id>
<name>Amazon</name>
<link>https://www.goodreads.com/book_link/follow/1</link>
</buy_link>
<buy_link>
<id>10</id>
<name>Audible</name>
<link>https://www.goodreads.com/book_link/follow/10</link>
</buy_link>
<buy_link>
<id>3</id>
<name>Barnes &amp; Noble</name>
<link>https://www.goodreads.com/book_link/follow/3</link>
</buy_link>
<buy_link>
<id>1027</id>
<name>Kobo</name>
<link>https://www.goodreads.com/book_link/follow/1027</link>
</buy_link>
<buy_link>
<id>2102</id>
<name>Apple iBooks</name>
<link>https://www.goodreads.com/book_link/follow/2102</link>
</buy_link>
<buy_link>
<id>8036</id>
<name>Google Play</name>
<link>https://www.goodreads.com/book_link/follow/8036</link>
</buy_link>
<buy_link>
<id>4</id>
<name>Abebooks</name>
<link>https://www.goodreads.com/book_link/follow/4</link>
</buy_link>
<buy_link>
<id>882</id>
<name>Book Depository</name>
<link>https://www.goodreads.com/book_link/follow/882</link>
</buy_link>
<buy_link>
<id>9</id>
<name>Indigo</name>
<link>https://www.goodreads.com/book_link/follow/9</link>
</buy_link>
<buy_link>
<id>2</id>
<name>Half.com</name>
<link>https://www.goodreads.com/book_link/follow/2</link>
</buy_link>
<buy_link>
<id>5</id>
<name>Alibris</name>
<link>https://www.goodreads.com/book_link/follow/5</link>
</buy_link>
<buy_link>
<id>107</id>
<name>Better World Books</name>
<link>https://www.goodreads.com/book_link/follow/107</link>
</buy_link>
<buy_link>
<id>7</id>
<name>IndieBound</name>
<link>https://www.goodreads.com/book_link/follow/7</link>
</buy_link>

  </buy_links>
  <series_works>
    <series_work>
<id>304705</id>
<user_position>1</user_position>
<series>
<id>68433</id>
<title>
<![CDATA[
    The Famished Road Trilogy
]]>
</title>
<description>
<![CDATA[
    Since he published his first novel, <i>Flowers and Shadows</i> (1980), Ben Okri has risen to an international acclaim, and he is often described as one of Africa's leading writers. His best known work, <i>The Famished Road</i>, which was awarded the 1991 Booker Prize, along with <i>Songs of Enchantment</i> and <i>Infinite Riches</i> make up a trilogy that follows the life of Azaro, a spirit-child narrator, through the social and political turmoil of an African nation reminiscent of Okri's remembrance of war-torn Nigeria.
    
    https://en.wikipedia.org/wiki/Ben_Okri
]]>
</description>
<note>
<![CDATA[
]]>
</note>
<series_works_count>3</series_works_count>
<primary_work_count>3</primary_work_count>
<numbered>true</numbered>
</series>

</series_work>

  </series_works>
  <similar_books>
          <book>
<id>171833</id>
<title>Saville</title>
<title_without_series>Saville</title_without_series>
<link><![CDATA[https://www.goodreads.com/book/show/171833.Saville]]></link>
<small_image_url><![CDATA[https://images.gr-assets.com/books/1479899303s/171833.jpg]]></small_image_url>
<image_url><![CDATA[https://images.gr-assets.com/books/1479899303m/171833.jpg]]></image_url>
<num_pages>597</num_pages>
<work>
<id>1766634</id>
</work>
<isbn>0380018896</isbn>
<isbn13>9780380018895</isbn13>
<average_rating>3.39</average_rating>
<ratings_count>585</ratings_count>
<publication_year>1978</publication_year>
<publication_month>6</publication_month>
<publication_day>1</publication_day>
<authors>
<author>
<id>100219</id>
<name>David Storey</name>
<link><![CDATA[https://www.goodreads.com/author/show/100219.David_Storey]]></link>
</author>
</authors>
</book>

          <book>
<id>4449027</id>
<title>Something to Answer For</title>
<title_without_series>Something to Answer For</title_without_series>
<link><![CDATA[https://www.goodreads.com/book/show/4449027-something-to-answer-for]]></link>
<small_image_url><![CDATA[https://s.gr-assets.com/assets/nophoto/book/50x75-a91bf249278a81aabab721ef782c4a74.png]]></small_image_url>
<image_url><![CDATA[https://s.gr-assets.com/assets/nophoto/book/111x148-bcc042a9c91a29c1d680899eff700a03.png]]></image_url>
<num_pages>284</num_pages>
<work>
<id>2876623</id>
</work>
<isbn>0571243258</isbn>
<isbn13>9780571243259</isbn13>
<average_rating>3.14</average_rating>
<ratings_count>387</ratings_count>
<publication_year>2008</publication_year>
<publication_month></publication_month>
<publication_day></publication_day>
<authors>
<author>
<id>1238024</id>
<name>P.H. Newby</name>
<link><![CDATA[https://www.goodreads.com/author/show/1238024.P_H_Newby]]></link>
</author>
</authors>
</book>

          <book>
<id>2066739</id>
<title>Holiday</title>
<title_without_series>Holiday</title_without_series>
<link><![CDATA[https://www.goodreads.com/book/show/2066739.Holiday]]></link>
<small_image_url><![CDATA[https://images.gr-assets.com/books/1374712300s/2066739.jpg]]></small_image_url>
<image_url><![CDATA[https://images.gr-assets.com/books/1374712300m/2066739.jpg]]></image_url>
<num_pages>239</num_pages>
<work>
<id>2071966</id>
</work>
<isbn>0907123430</isbn>
<isbn13>9780907123439</isbn13>
<average_rating>3.33</average_rating>
<ratings_count>454</ratings_count>
<publication_year>1999</publication_year>
<publication_month>8</publication_month>
<publication_day>1</publication_day>
<authors>
<author>
<id>59002</id>
<name>Stanley Middleton</name>
<link><![CDATA[https://www.goodreads.com/author/show/59002.Stanley_Middleton]]></link>
</author>
</authors>
</book>

          <book>
<id>1565490</id>
<title>The Elected Member</title>
<title_without_series>The Elected Member</title_without_series>
<link><![CDATA[https://www.goodreads.com/book/show/1565490.The_Elected_Member]]></link>
<small_image_url><![CDATA[https://images.gr-assets.com/books/1421010229s/1565490.jpg]]></small_image_url>
<image_url><![CDATA[https://images.gr-assets.com/books/1421010229m/1565490.jpg]]></image_url>
<num_pages>240</num_pages>
<work>
<id>1558073</id>
</work>
<isbn>0349130221</isbn>
<isbn13>9780349130224</isbn13>
<average_rating>3.63</average_rating>
<ratings_count>800</ratings_count>
<publication_year>1991</publication_year>
<publication_month>7</publication_month>
<publication_day>1</publication_day>
<authors>
<author>
<id>430857</id>
<name>Bernice Rubens</name>
<link><![CDATA[https://www.goodreads.com/author/show/430857.Bernice_Rubens]]></link>
</author>
</authors>
</book>

          <book>
<id>96337</id>
<title>The Conservationist</title>
<title_without_series>The Conservationist</title_without_series>
<link><![CDATA[https://www.goodreads.com/book/show/96337.The_Conservationist]]></link>
<small_image_url><![CDATA[https://s.gr-assets.com/assets/nophoto/book/50x75-a91bf249278a81aabab721ef782c4a74.png]]></small_image_url>
<image_url><![CDATA[https://s.gr-assets.com/assets/nophoto/book/111x148-bcc042a9c91a29c1d680899eff700a03.png]]></image_url>
<num_pages>267</num_pages>
<work>
<id>1499841</id>
</work>
<isbn>0140047166</isbn>
<isbn13>9780140047165</isbn13>
<average_rating>3.39</average_rating>
<ratings_count>1909</ratings_count>
<publication_year>1983</publication_year>
<publication_month>2</publication_month>
<publication_day>24</publication_day>
<authors>
<author>
<id>55397</id>
<name>Nadine Gordimer</name>
<link><![CDATA[https://www.goodreads.com/author/show/55397.Nadine_Gordimer]]></link>
</author>
</authors>
</book>

          <book>
<id>89208</id>
<title>How Late it Was, How Late</title>
<title_without_series>How Late it Was, How Late</title_without_series>
<link><![CDATA[https://www.goodreads.com/book/show/89208.How_Late_it_Was_How_Late]]></link>
<small_image_url><![CDATA[https://images.gr-assets.com/books/1358745713s/89208.jpg]]></small_image_url>
<image_url><![CDATA[https://images.gr-assets.com/books/1358745713m/89208.jpg]]></image_url>
<num_pages>384</num_pages>
<work>
<id>1193963</id>
</work>
<isbn>039332799X</isbn>
<isbn13>9780393327991</isbn13>
<average_rating>3.57</average_rating>
<ratings_count>2868</ratings_count>
<publication_year>2005</publication_year>
<publication_month>10</publication_month>
<publication_day>17</publication_day>
<authors>
<author>
<id>51209</id>
<name>James Kelman</name>
<link><![CDATA[https://www.goodreads.com/author/show/51209.James_Kelman]]></link>
</author>
</authors>
</book>

          <book>
<id>366427</id>
<title>The Old Devils</title>
<title_without_series>The Old Devils</title_without_series>
<link><![CDATA[https://www.goodreads.com/book/show/366427.The_Old_Devils]]></link>
<small_image_url><![CDATA[https://images.gr-assets.com/books/1320448230s/366427.jpg]]></small_image_url>
<image_url><![CDATA[https://images.gr-assets.com/books/1320448230m/366427.jpg]]></image_url>
<num_pages>400</num_pages>
<work>
<id>3098660</id>
</work>
<isbn>0099461056</isbn>
<isbn13>9780099461050</isbn13>
<average_rating>3.34</average_rating>
<ratings_count>2334</ratings_count>
<publication_year>2004</publication_year>
<publication_month>1</publication_month>
<publication_day>15</publication_day>
<authors>
<author>
<id>13078</id>
<name>Kingsley Amis</name>
<link><![CDATA[https://www.goodreads.com/author/show/13078.Kingsley_Amis]]></link>
</author>
</authors>
</book>

          <book>
<id>49742</id>
<title>In a Free State</title>
<title_without_series>In a Free State</title_without_series>
<link><![CDATA[https://www.goodreads.com/book/show/49742.In_a_Free_State]]></link>
<small_image_url><![CDATA[https://images.gr-assets.com/books/1328700259s/49742.jpg]]></small_image_url>
<image_url><![CDATA[https://images.gr-assets.com/books/1328700259m/49742.jpg]]></image_url>
<num_pages>247</num_pages>
<work>
<id>832772</id>
</work>
<isbn>1400030552</isbn>
<isbn13>9781400030552</isbn13>
<average_rating>3.49</average_rating>
<ratings_count>2720</ratings_count>
<publication_year>2002</publication_year>
<publication_month>2</publication_month>
<publication_day>12</publication_day>
<authors>
<author>
<id>3989</id>
<name>V.S. Naipaul</name>
<link><![CDATA[https://www.goodreads.com/author/show/3989.V_S_Naipaul]]></link>
</author>
</authors>
</book>

          <book>
<id>299813</id>
<title>G.</title>
<title_without_series>G.</title_without_series>
<link><![CDATA[https://www.goodreads.com/book/show/299813.G_]]></link>
<small_image_url><![CDATA[https://s.gr-assets.com/assets/nophoto/book/50x75-a91bf249278a81aabab721ef782c4a74.png]]></small_image_url>
<image_url><![CDATA[https://s.gr-assets.com/assets/nophoto/book/111x148-bcc042a9c91a29c1d680899eff700a03.png]]></image_url>
<num_pages>336</num_pages>
<work>
<id>295874</id>
</work>
<isbn>0679736549</isbn>
<isbn13>9780679736547</isbn13>
<average_rating>3.51</average_rating>
<ratings_count>1854</ratings_count>
<publication_year>1992</publication_year>
<publication_month>1</publication_month>
<publication_day>8</publication_day>
<authors>
<author>
<id>29919</id>
<name>John Berger</name>
<link><![CDATA[https://www.goodreads.com/author/show/29919.John_Berger]]></link>
</author>
</authors>
</book>

          <book>
<id>108615</id>
<title>Offshore</title>
<title_without_series>Offshore</title_without_series>
<link><![CDATA[https://www.goodreads.com/book/show/108615.Offshore]]></link>
<small_image_url><![CDATA[https://s.gr-assets.com/assets/nophoto/book/50x75-a91bf249278a81aabab721ef782c4a74.png]]></small_image_url>
<image_url><![CDATA[https://s.gr-assets.com/assets/nophoto/book/111x148-bcc042a9c91a29c1d680899eff700a03.png]]></image_url>
<num_pages>140</num_pages>
<work>
<id>753048</id>
</work>
<isbn>0006542565</isbn>
<isbn13>9780006542568</isbn13>
<average_rating>3.59</average_rating>
<ratings_count>3326</ratings_count>
<publication_year>2003</publication_year>
<publication_month>9</publication_month>
<publication_day>1</publication_day>
<authors>
<author>
<id>3222</id>
<name>Penelope Fitzgerald</name>
<link><![CDATA[https://www.goodreads.com/author/show/3222.Penelope_Fitzgerald]]></link>
</author>
</authors>
</book>

          <book>
<id>14431</id>
<title><![CDATA[Rites of Passage (To the Ends of the Earth, #1)]]></title>
<title_without_series>Rites of Passage</title_without_series>
<link><![CDATA[https://www.goodreads.com/book/show/14431.Rites_of_Passage]]></link>
<small_image_url><![CDATA[https://images.gr-assets.com/books/1375876979s/14431.jpg]]></small_image_url>
<image_url><![CDATA[https://images.gr-assets.com/books/1375876979m/14431.jpg]]></image_url>
<num_pages>278</num_pages>
<work>
<id>1834097</id>
</work>
<isbn>0571209432</isbn>
<isbn13>9780571209439</isbn13>
<average_rating>3.61</average_rating>
<ratings_count>2639</ratings_count>
<publication_year>2001</publication_year>
<publication_month></publication_month>
<publication_day></publication_day>
<authors>
<author>
<id>306</id>
<name>William Golding</name>
<link><![CDATA[https://www.goodreads.com/author/show/306.William_Golding]]></link>
</author>
</authors>
</book>

          <book>
<id>414824</id>
<title>Staying On</title>
<title_without_series>Staying On</title_without_series>
<link><![CDATA[https://www.goodreads.com/book/show/414824.Staying_On]]></link>
<small_image_url><![CDATA[https://s.gr-assets.com/assets/nophoto/book/50x75-a91bf249278a81aabab721ef782c4a74.png]]></small_image_url>
<image_url><![CDATA[https://s.gr-assets.com/assets/nophoto/book/111x148-bcc042a9c91a29c1d680899eff700a03.png]]></image_url>
<num_pages>256</num_pages>
<work>
<id>404036</id>
</work>
<isbn>0099443198</isbn>
<isbn13>9780099443193</isbn13>
<average_rating>3.90</average_rating>
<ratings_count>2815</ratings_count>
<publication_year>1999</publication_year>
<publication_month>9</publication_month>
<publication_day>2</publication_day>
<authors>
<author>
<id>3119</id>
<name>Paul Scott</name>
<link><![CDATA[https://www.goodreads.com/author/show/3119.Paul_Scott]]></link>
</author>
</authors>
</book>

          <book>
<id>303496</id>
<title><![CDATA[The Palm-Wine Drinkard & My Life in the Bush of Ghosts]]></title>
<title_without_series><![CDATA[The Palm-Wine Drinkard & My Life in the Bush of Ghosts]]></title_without_series>
<link><![CDATA[https://www.goodreads.com/book/show/303496.The_Palm_Wine_Drinkard_My_Life_in_the_Bush_of_Ghosts]]></link>
<small_image_url><![CDATA[https://s.gr-assets.com/assets/nophoto/book/50x75-a91bf249278a81aabab721ef782c4a74.png]]></small_image_url>
<image_url><![CDATA[https://s.gr-assets.com/assets/nophoto/book/111x148-bcc042a9c91a29c1d680899eff700a03.png]]></image_url>
<num_pages>307</num_pages>
<work>
<id>50499310</id>
</work>
<isbn>0802133630</isbn>
<isbn13>9780802133632</isbn13>
<average_rating>3.87</average_rating>
<ratings_count>1004</ratings_count>
<publication_year>1993</publication_year>
<publication_month>12</publication_month>
<publication_day>15</publication_day>
<authors>
<author>
<id>32265</id>
<name>Amos Tutuola</name>
<link><![CDATA[https://www.goodreads.com/author/show/32265.Amos_Tutuola]]></link>
</author>
</authors>
</book>

          <book>
<id>3853</id>
<title>Heat and Dust</title>
<title_without_series>Heat and Dust</title_without_series>
<link><![CDATA[https://www.goodreads.com/book/show/3853.Heat_and_Dust]]></link>
<small_image_url><![CDATA[https://s.gr-assets.com/assets/nophoto/book/50x75-a91bf249278a81aabab721ef782c4a74.png]]></small_image_url>
<image_url><![CDATA[https://s.gr-assets.com/assets/nophoto/book/111x148-bcc042a9c91a29c1d680899eff700a03.png]]></image_url>
<num_pages>190</num_pages>
<work>
<id>3224101</id>
</work>
<isbn>1582430152</isbn>
<isbn13>9781582430157</isbn13>
<average_rating>3.55</average_rating>
<ratings_count>5896</ratings_count>
<publication_year>1999</publication_year>
<publication_month>4</publication_month>
<publication_day>16</publication_day>
<authors>
<author>
<id>2616</id>
<name>Ruth Prawer Jhabvala</name>
<link><![CDATA[https://www.goodreads.com/author/show/2616.Ruth_Prawer_Jhabvala]]></link>
</author>
</authors>
</book>

          <book>
<id>239592</id>
<title>Sacred Hunger</title>
<title_without_series>Sacred Hunger</title_without_series>
<link><![CDATA[https://www.goodreads.com/book/show/239592.Sacred_Hunger]]></link>
<small_image_url><![CDATA[https://s.gr-assets.com/assets/nophoto/book/50x75-a91bf249278a81aabab721ef782c4a74.png]]></small_image_url>
<image_url><![CDATA[https://s.gr-assets.com/assets/nophoto/book/111x148-bcc042a9c91a29c1d680899eff700a03.png]]></image_url>
<num_pages>630</num_pages>
<work>
<id>2781088</id>
</work>
<isbn>0393311147</isbn>
<isbn13>9780393311143</isbn13>
<average_rating>4.10</average_rating>
<ratings_count>5098</ratings_count>
<publication_year></publication_year>
<publication_month></publication_month>
<publication_day></publication_day>
<authors>
<author>
<id>3101</id>
<name>Barry Unsworth</name>
<link><![CDATA[https://www.goodreads.com/author/show/3101.Barry_Unsworth]]></link>
</author>
</authors>
</book>

          <book>
<id>130028</id>
<title>Moon Tiger</title>
<title_without_series>Moon Tiger</title_without_series>
<link><![CDATA[https://www.goodreads.com/book/show/130028.Moon_Tiger]]></link>
<small_image_url><![CDATA[https://s.gr-assets.com/assets/nophoto/book/50x75-a91bf249278a81aabab721ef782c4a74.png]]></small_image_url>
<image_url><![CDATA[https://s.gr-assets.com/assets/nophoto/book/111x148-bcc042a9c91a29c1d680899eff700a03.png]]></image_url>
<num_pages></num_pages>
<work>
<id>2877263</id>
</work>
<isbn>0802135331</isbn>
<isbn13>9780802135339</isbn13>
<average_rating>3.86</average_rating>
<ratings_count>7430</ratings_count>
<publication_year></publication_year>
<publication_month></publication_month>
<publication_day></publication_day>
<authors>
<author>
<id>9738</id>
<name>Penelope Lively</name>
<link><![CDATA[https://www.goodreads.com/author/show/9738.Penelope_Lively]]></link>
</author>
</authors>
</book>

          <book>
<id>256280</id>
<title>The Siege of Krishnapur</title>
<title_without_series>The Siege of Krishnapur</title_without_series>
<link><![CDATA[https://www.goodreads.com/book/show/256280.The_Siege_of_Krishnapur]]></link>
<small_image_url><![CDATA[https://s.gr-assets.com/assets/nophoto/book/50x75-a91bf249278a81aabab721ef782c4a74.png]]></small_image_url>
<image_url><![CDATA[https://s.gr-assets.com/assets/nophoto/book/111x148-bcc042a9c91a29c1d680899eff700a03.png]]></image_url>
<num_pages>344</num_pages>
<work>
<id>1046167</id>
</work>
<isbn>159017092X</isbn>
<isbn13>9781590170922</isbn13>
<average_rating>3.88</average_rating>
<ratings_count>4935</ratings_count>
<publication_year>2004</publication_year>
<publication_month>4</publication_month>
<publication_day>1</publication_day>
<authors>
<author>
<id>1417512</id>
<name>J.G. Farrell</name>
<link><![CDATA[https://www.goodreads.com/author/show/1417512.J_G_Farrell]]></link>
</author>
</authors>
</book>

          <book>
<id>836746</id>
<title>A Grain of Wheat</title>
<title_without_series>A Grain of Wheat</title_without_series>
<link><![CDATA[https://www.goodreads.com/book/show/836746.A_Grain_of_Wheat]]></link>
<small_image_url><![CDATA[https://s.gr-assets.com/assets/nophoto/book/50x75-a91bf249278a81aabab721ef782c4a74.png]]></small_image_url>
<image_url><![CDATA[https://s.gr-assets.com/assets/nophoto/book/111x148-bcc042a9c91a29c1d680899eff700a03.png]]></image_url>
<num_pages>247</num_pages>
<work>
<id>822355</id>
</work>
<isbn>0435909878</isbn>
<isbn13>9780435909871</isbn13>
<average_rating>3.82</average_rating>
<ratings_count>2633</ratings_count>
<publication_year>1994</publication_year>
<publication_month>1</publication_month>
<publication_day>1</publication_day>
<authors>
<author>
<id>51936</id>
<name>Ngũgĩ wa Thiong’o</name>
<link><![CDATA[https://www.goodreads.com/author/show/51936.Ng_g_wa_Thiong_o]]></link>
</author>
</authors>
</book>

  </similar_books>
</book>

</GoodreadsResponse>