<?xml version="1.0" encoding="UTF-8"?>
<GoodreadsResponse>
  <Request>
    <authentication>true</authentication>
      <key><![CDATA[all_men_must_serve]]></key>
    <method><![CDATA[book_show]]></method>
  </Request>
  <book>
  <id>10112885</id>
  <title>Night Film</title>
  <isbn><![CDATA[140006788X]]></isbn>
  <isbn13><![CDATA[9781400067886]]></isbn13>
  <asin><![CDATA[]]></asin>
  <kindle_asin><![CDATA[B00COMWJBK]]></kindle_asin>
  <marketplace_id><![CDATA[A1F83G8C2ARO7P]]></marketplace_id>
  <country_code><![CDATA[GB]]></country_code>
  <image_url>https://images.gr-assets.com/books/1363819140m/10112885.jpg</image_url>
  <small_image_url>https://images.gr-assets.com/books/1363819140s/10112885.jpg</small_image_url>
  <publication_year>2013</publication_year>
  <publication_month>8</publication_month>
  <publication_day>20</publication_day>
  <publisher>Random House</publisher>
  <language_code>eng</language_code>
  <is_ebook>false</is_ebook>
  <description><![CDATA[Everybody has a Cordova story. Cult horror director Stanislas Cordova hasn't been seen in public since 1977. To his fans he is an enigma. To journalist Scott McGrath he is the enemy. To Ashley he was a father.<br /><br />On a damp October night the body of young, beautiful Ashley Cordova is found in an abandoned warehouse in lower Manhattan. Her suicide appears to be the latest tragedy to hit a severely cursed dynasty.<br /><br />For McGrath, another death connected to the legendary director seems more than a coincidence. Driven by revenge, curiosity and a need for the truth, he finds himself pulled into a hypnotic, disorientating world, where almost everyone seems afraid.<br /><br />The last time McGrath got close to exposing Cordova, he lost his marriage and his career. This time he could lose his grip on reality.<br /><br />ONCE WE FACE OUR DEEPEST FEARS, WHAT LIES ON THE OTHER SIDE?]]></description>
  <work>
  <id type="integer">15182838</id>
  <books_count type="integer">59</books_count>
  <best_book_id type="integer">18770398</best_book_id>
  <reviews_count type="integer">133429</reviews_count>
  <ratings_sum type="integer">208526</ratings_sum>
  <ratings_count type="integer">55187</ratings_count>
  <text_reviews_count type="integer">8048</text_reviews_count>
  <original_publication_year type="integer">2013</original_publication_year>
  <original_publication_month type="integer">7</original_publication_month>
  <original_publication_day type="integer">16</original_publication_day>
  <original_title>Night Film</original_title>
  <original_language_id type="integer" nil="true"/>
  <media_type>book</media_type>
  <rating_dist>5:15420|4:20357|3:12978|2:4632|1:1800|total:55187</rating_dist>
  <desc_user_id type="integer">47867602</desc_user_id>
  <default_chaptering_book_id type="integer" nil="true"/>
  <default_description_language_code nil="true"/>
</work>
  <average_rating>3.78</average_rating>
  <num_pages><![CDATA[602]]></num_pages>
  <format><![CDATA[Hardcover]]></format>
  <edition_information><![CDATA[First Edition]]></edition_information>
  <ratings_count><![CDATA[24869]]></ratings_count>
  <text_reviews_count><![CDATA[4370]]></text_reviews_count>
  <url><![CDATA[https://www.goodreads.com/book/show/10112885-night-film]]></url>
  <link><![CDATA[https://www.goodreads.com/book/show/10112885-night-film]]></link>
  <authors>
<author>
<id>2362</id>
<name>Marisha Pessl</name>
<role></role>
<image_url nophoto='false'>
<![CDATA[https://images.gr-assets.com/authors/1375299170p5/2362.jpg]]>
</image_url>
<small_image_url nophoto='false'>
<![CDATA[https://images.gr-assets.com/authors/1375299170p2/2362.jpg]]>
</small_image_url>
<link><![CDATA[https://www.goodreads.com/author/show/2362.Marisha_Pessl]]></link>
<average_rating>3.75</average_rating>
<ratings_count>89655</ratings_count>
<text_reviews_count>12819</text_reviews_count>
</author>
</authors>

    <reviews_widget>
      <![CDATA[
        <style>
  #goodreads-widget {
    font-family: georgia, serif;
    padding: 18px 0;
    width:565px;
  }
  #goodreads-widget h1 {
    font-weight:normal;
    font-size: 16px;
    border-bottom: 1px solid #BBB596;
    margin-bottom: 0;
  }
  #goodreads-widget a {
    text-decoration: none;
    color:#660;
  }
  iframe{
    background-color: #fff;
  }
  #goodreads-widget a:hover { text-decoration: underline; }
  #goodreads-widget a:active {
    color:#660;
  }
  #gr_footer {
    width: 100%;
    border-top: 1px solid #BBB596;
    text-align: right;
  }
  #goodreads-widget .gr_branding{
    color: #382110;
    font-size: 11px;
    text-decoration: none;
    font-family: "Helvetica Neue", Helvetica, Arial, sans-serif;
  }
</style>
<div id="goodreads-widget">
  <div id="gr_header"><h1><a rel="nofollow" href="https://www.goodreads.com/book/show/10112885-night-film">Night Film Reviews</a></h1></div>
  <iframe id="the_iframe" src="https://www.goodreads.com/api/reviews_widget_iframe?did=DEVELOPER_ID&amp;format=html&amp;isbn=140006788X&amp;links=660&amp;min_rating=&amp;review_back=fff&amp;stars=000&amp;text=000" width="565" height="400" frameborder="0"></iframe>
  <div id="gr_footer">
    <a class="gr_branding" target="_blank" rel="nofollow" href="https://www.goodreads.com/book/show/10112885-night-film?utm_medium=api&amp;utm_source=reviews_widget">Reviews from Goodreads.com</a>
  </div>
</div>

      ]]>
    </reviews_widget>
  <popular_shelves>
      <shelf name="to-read" count="1507"/>
      <shelf name="mystery" count="1364"/>
      <shelf name="fiction" count="1104"/>
      <shelf name="favorites" count="889"/>
      <shelf name="thriller" count="656"/>
      <shelf name="horror" count="594"/>
      <shelf name="books-i-own" count="346"/>
      <shelf name="mystery-thriller" count="258"/>
      <shelf name="adult" count="248"/>
      <shelf name="owned" count="235"/>
      <shelf name="book-club" count="216"/>
      <shelf name="library" count="168"/>
      <shelf name="contemporary" count="167"/>
      <shelf name="suspense" count="163"/>
      <shelf name="adult-fiction" count="156"/>
      <shelf name="crime" count="147"/>
      <shelf name="to-buy" count="144"/>
      <shelf name="read-in-2013" count="136"/>
      <shelf name="kindle" count="130"/>
      <shelf name="audiobook" count="113"/>
      <shelf name="read-in-2014" count="111"/>
      <shelf name="currently-reading" count="107"/>
      <shelf name="read-in-2015" count="97"/>
      <shelf name="ebook" count="90"/>
      <shelf name="audiobooks" count="88"/>
      <shelf name="abandoned" count="86"/>
      <shelf name="tbr" count="86"/>
      <shelf name="wish-list" count="85"/>
      <shelf name="owned-books" count="83"/>
      <shelf name="literary-fiction" count="82"/>
      <shelf name="mysteries" count="81"/>
      <shelf name="audio" count="76"/>
      <shelf name="favourites" count="75"/>
      <shelf name="mystery-suspense" count="69"/>
      <shelf name="read-in-2016" count="66"/>
      <shelf name="dnf" count="65"/>
      <shelf name="contemporary-fiction" count="65"/>
      <shelf name="novels" count="65"/>
      <shelf name="thrillers" count="64"/>
      <shelf name="stand-alone" count="64"/>
      <shelf name="read-2014" count="59"/>
      <shelf name="did-not-finish" count="56"/>
      <shelf name="suspense-thriller" count="55"/>
      <shelf name="read-2013" count="54"/>
      <shelf name="new-york" count="50"/>
      <shelf name="maybe" count="47"/>
      <shelf name="ebooks" count="45"/>
      <shelf name="read-2015" count="44"/>
      <shelf name="tbr-pile" count="43"/>
      <shelf name="2013-reads" count="42"/>
      <shelf name="audible" count="41"/>
      <shelf name="paranormal" count="41"/>
      <shelf name="thriller-mystery" count="41"/>
      <shelf name="first-reads" count="41"/>
      <shelf name="read-2016" count="36"/>
      <shelf name="audio-books" count="36"/>
      <shelf name="mystery-crime" count="36"/>
      <shelf name="read-in-2017" count="35"/>
      <shelf name="mystery-thriller-horror" count="35"/>
      <shelf name="2014-reads" count="34"/>
      <shelf name="didn-t-finish" count="34"/>
      <shelf name="arc" count="34"/>
      <shelf name="psychological-thriller" count="34"/>
      <shelf name="recommended" count="33"/>
      <shelf name="2013-books" count="33"/>
      <shelf name="novel" count="33"/>
      <shelf name="female-author" count="32"/>
      <shelf name="library-books" count="32"/>
      <shelf name="bookclub" count="32"/>
      <shelf name="creepy" count="32"/>
      <shelf name="owned-tbr" count="31"/>
      <shelf name="crime-mystery" count="30"/>
      <shelf name="gothic" count="30"/>
      <shelf name="american" count="30"/>
      <shelf name="my-books" count="30"/>
      <shelf name="on-my-shelf" count="29"/>
      <shelf name="library-book" count="29"/>
      <shelf name="my-library" count="29"/>
      <shelf name="nyc" count="29"/>
      <shelf name="dark" count="29"/>
      <shelf name="crime-thriller" count="28"/>
      <shelf name="audio-book" count="28"/>
      <shelf name="e-book" count="28"/>
      <shelf name="2015-reads" count="27"/>
      <shelf name="supernatural" count="26"/>
      <shelf name="mystery-thriller-suspense" count="26"/>
      <shelf name="need-to-buy" count="26"/>
      <shelf name="to-read-fiction" count="26"/>
      <shelf name="2016-reads" count="25"/>
      <shelf name="standalone" count="25"/>
      <shelf name="own-it" count="25"/>
      <shelf name="own-to-read" count="25"/>
      <shelf name="5-stars" count="25"/>
      <shelf name="i-own" count="25"/>
      <shelf name="2014-books" count="24"/>
      <shelf name="borrowed" count="24"/>
      <shelf name="unfinished" count="24"/>
      <shelf name="crime-mystery-thriller" count="24"/>
      <shelf name="noir" count="24"/>
      <shelf name="stand-alones" count="24"/>
  </popular_shelves>
  <book_links>
    <book_link>
  <id>8</id>
  <name>Libraries</name>
  <link>https://www.goodreads.com/book_link/follow/8</link>
</book_link>

  </book_links>
  <buy_links>
    <buy_link>
<id>1</id>
<name>Amazon</name>
<link>https://www.goodreads.com/book_link/follow/1</link>
</buy_link>
<buy_link>
<id>10</id>
<name>Audible</name>
<link>https://www.goodreads.com/book_link/follow/10</link>
</buy_link>
<buy_link>
<id>3</id>
<name>Barnes &amp; Noble</name>
<link>https://www.goodreads.com/book_link/follow/3</link>
</buy_link>
<buy_link>
<id>1027</id>
<name>Kobo</name>
<link>https://www.goodreads.com/book_link/follow/1027</link>
</buy_link>
<buy_link>
<id>2102</id>
<name>Apple iBooks</name>
<link>https://www.goodreads.com/book_link/follow/2102</link>
</buy_link>
<buy_link>
<id>8036</id>
<name>Google Play</name>
<link>https://www.goodreads.com/book_link/follow/8036</link>
</buy_link>
<buy_link>
<id>4</id>
<name>Abebooks</name>
<link>https://www.goodreads.com/book_link/follow/4</link>
</buy_link>
<buy_link>
<id>882</id>
<name>Book Depository</name>
<link>https://www.goodreads.com/book_link/follow/882</link>
</buy_link>
<buy_link>
<id>9</id>
<name>Indigo</name>
<link>https://www.goodreads.com/book_link/follow/9</link>
</buy_link>
<buy_link>
<id>2</id>
<name>Half.com</name>
<link>https://www.goodreads.com/book_link/follow/2</link>
</buy_link>
<buy_link>
<id>5</id>
<name>Alibris</name>
<link>https://www.goodreads.com/book_link/follow/5</link>
</buy_link>
<buy_link>
<id>107</id>
<name>Better World Books</name>
<link>https://www.goodreads.com/book_link/follow/107</link>
</buy_link>
<buy_link>
<id>7</id>
<name>IndieBound</name>
<link>https://www.goodreads.com/book_link/follow/7</link>
</buy_link>

  </buy_links>
  <series_works>
    
  </series_works>
  <similar_books>
          <book>
<id>15814401</id>
<title><![CDATA[Claire DeWitt and the Bohemian Highway]]></title>
<title_without_series><![CDATA[Claire DeWitt and the Bohemian Highway]]></title_without_series>
<link><![CDATA[https://www.goodreads.com/book/show/15814401-claire-dewitt-and-the-bohemian-highway]]></link>
<small_image_url><![CDATA[https://images.gr-assets.com/books/1368071910s/15814401.jpg]]></small_image_url>
<image_url><![CDATA[https://images.gr-assets.com/books/1368071910m/15814401.jpg]]></image_url>
<num_pages>288</num_pages>
<work>
<id>21540836</id>
</work>
<isbn>0547429339</isbn>
<isbn13>9780547429335</isbn13>
<average_rating>3.76</average_rating>
<ratings_count>2084</ratings_count>
<publication_year>2013</publication_year>
<publication_month>6</publication_month>
<publication_day>18</publication_day>
<authors>
<author>
<id>50690</id>
<name>Sara Gran</name>
<link><![CDATA[https://www.goodreads.com/author/show/50690.Sara_Gran]]></link>
</author>
</authors>
</book>

          <book>
<id>16085482</id>
<title>Kiss Me First</title>
<title_without_series>Kiss Me First</title_without_series>
<link><![CDATA[https://www.goodreads.com/book/show/16085482-kiss-me-first]]></link>
<small_image_url><![CDATA[https://images.gr-assets.com/books/1356120056s/16085482.jpg]]></small_image_url>
<image_url><![CDATA[https://images.gr-assets.com/books/1356120056m/16085482.jpg]]></image_url>
<num_pages>308</num_pages>
<work>
<id>21887252</id>
</work>
<isbn>0385537476</isbn>
<isbn13>9780385537476</isbn13>
<average_rating>3.37</average_rating>
<ratings_count>4015</ratings_count>
<publication_year>2013</publication_year>
<publication_month>7</publication_month>
<publication_day>9</publication_day>
<authors>
<author>
<id>6555786</id>
<name>Lottie Moggach</name>
<link><![CDATA[https://www.goodreads.com/author/show/6555786.Lottie_Moggach]]></link>
</author>
</authors>
</book>

          <book>
<id>16059451</id>
<title>Babayaga</title>
<title_without_series>Babayaga</title_without_series>
<link><![CDATA[https://www.goodreads.com/book/show/16059451-babayaga]]></link>
<small_image_url><![CDATA[https://images.gr-assets.com/books/1371391796s/16059451.jpg]]></small_image_url>
<image_url><![CDATA[https://images.gr-assets.com/books/1371391796m/16059451.jpg]]></image_url>
<num_pages>400</num_pages>
<work>
<id>21858272</id>
</work>
<isbn>0374107874</isbn>
<isbn13>9780374107871</isbn13>
<average_rating>3.44</average_rating>
<ratings_count>1471</ratings_count>
<publication_year>2013</publication_year>
<publication_month>8</publication_month>
<publication_day>6</publication_day>
<authors>
<author>
<id>391385</id>
<name>Toby Barlow</name>
<link><![CDATA[https://www.goodreads.com/author/show/391385.Toby_Barlow]]></link>
</author>
</authors>
</book>

          <book>
<id>16158564</id>
<title>You Are One of Them</title>
<title_without_series>You Are One of Them</title_without_series>
<link><![CDATA[https://www.goodreads.com/book/show/16158564-you-are-one-of-them]]></link>
<small_image_url><![CDATA[https://images.gr-assets.com/books/1356491767s/16158564.jpg]]></small_image_url>
<image_url><![CDATA[https://images.gr-assets.com/books/1356491767m/16158564.jpg]]></image_url>
<num_pages>293</num_pages>
<work>
<id>21998980</id>
</work>
<isbn>1594205280</isbn>
<isbn13>9781594205286</isbn13>
<average_rating>3.48</average_rating>
<ratings_count>3914</ratings_count>
<publication_year>2013</publication_year>
<publication_month>5</publication_month>
<publication_day>30</publication_day>
<authors>
<author>
<id>6583168</id>
<name>Elliott Holt</name>
<link><![CDATA[https://www.goodreads.com/author/show/6583168.Elliott_Holt]]></link>
</author>
</authors>
</book>

          <book>
<id>17348985</id>
<title>Help for the Haunted</title>
<title_without_series>Help for the Haunted</title_without_series>
<link><![CDATA[https://www.goodreads.com/book/show/17348985-help-for-the-haunted]]></link>
<small_image_url><![CDATA[https://images.gr-assets.com/books/1379084909s/17348985.jpg]]></small_image_url>
<image_url><![CDATA[https://images.gr-assets.com/books/1379084909m/17348985.jpg]]></image_url>
<num_pages>362</num_pages>
<work>
<id>23965717</id>
</work>
<isbn>0060779632</isbn>
<isbn13>9780060779634</isbn13>
<average_rating>3.60</average_rating>
<ratings_count>11853</ratings_count>
<publication_year>2013</publication_year>
<publication_month>9</publication_month>
<publication_day>17</publication_day>
<authors>
<author>
<id>133643</id>
<name>John Searles</name>
<link><![CDATA[https://www.goodreads.com/author/show/133643.John_Searles]]></link>
</author>
</authors>
</book>

          <book>
<id>16240790</id>
<title>Visitation Street</title>
<title_without_series>Visitation Street</title_without_series>
<link><![CDATA[https://www.goodreads.com/book/show/16240790-visitation-street]]></link>
<small_image_url><![CDATA[https://images.gr-assets.com/books/1369152777s/16240790.jpg]]></small_image_url>
<image_url><![CDATA[https://images.gr-assets.com/books/1369152777m/16240790.jpg]]></image_url>
<num_pages>304</num_pages>
<work>
<id>21856350</id>
</work>
<isbn>0062249894</isbn>
<isbn13>9780062249890</isbn13>
<average_rating>3.41</average_rating>
<ratings_count>6602</ratings_count>
<publication_year>2013</publication_year>
<publication_month>7</publication_month>
<publication_day>9</publication_day>
<authors>
<author>
<id>2898450</id>
<name>Ivy Pochoda</name>
<link><![CDATA[https://www.goodreads.com/author/show/2898450.Ivy_Pochoda]]></link>
</author>
</authors>
</book>

          <book>
<id>17857661</id>
<title>Cartwheel</title>
<title_without_series>Cartwheel</title_without_series>
<link><![CDATA[https://www.goodreads.com/book/show/17857661-cartwheel]]></link>
<small_image_url><![CDATA[https://images.gr-assets.com/books/1375820584s/17857661.jpg]]></small_image_url>
<image_url><![CDATA[https://images.gr-assets.com/books/1375820584m/17857661.jpg]]></image_url>
<num_pages>368</num_pages>
<work>
<id>24998893</id>
</work>
<isbn>0812995864</isbn>
<isbn13>9780812995862</isbn13>
<average_rating>3.24</average_rating>
<ratings_count>7092</ratings_count>
<publication_year>2013</publication_year>
<publication_month>9</publication_month>
<publication_day>24</publication_day>
<authors>
<author>
<id>593258</id>
<name>Jennifer duBois</name>
<link><![CDATA[https://www.goodreads.com/author/show/593258.Jennifer_duBois]]></link>
</author>
</authors>
</book>

          <book>
<id>18222740</id>
<title>Bellweather Rhapsody</title>
<title_without_series>Bellweather Rhapsody</title_without_series>
<link><![CDATA[https://www.goodreads.com/book/show/18222740-bellweather-rhapsody]]></link>
<small_image_url><![CDATA[https://images.gr-assets.com/books/1377648610s/18222740.jpg]]></small_image_url>
<image_url><![CDATA[https://images.gr-assets.com/books/1377648610m/18222740.jpg]]></image_url>
<num_pages>340</num_pages>
<work>
<id>25656405</id>
</work>
<isbn>0544129911</isbn>
<isbn13>9780544129917</isbn13>
<average_rating>3.78</average_rating>
<ratings_count>5319</ratings_count>
<publication_year>2014</publication_year>
<publication_month>5</publication_month>
<publication_day>13</publication_day>
<authors>
<author>
<id>3279983</id>
<name>Kate Racculia</name>
<link><![CDATA[https://www.goodreads.com/author/show/3279983.Kate_Racculia]]></link>
</author>
</authors>
</book>

          <book>
<id>17262454</id>
<title><![CDATA[The Last Winter of Dani Lancing]]></title>
<title_without_series><![CDATA[The Last Winter of Dani Lancing]]></title_without_series>
<link><![CDATA[https://www.goodreads.com/book/show/17262454-the-last-winter-of-dani-lancing]]></link>
<small_image_url><![CDATA[https://images.gr-assets.com/books/1377966169s/17262454.jpg]]></small_image_url>
<image_url><![CDATA[https://images.gr-assets.com/books/1377966169m/17262454.jpg]]></image_url>
<num_pages>400</num_pages>
<work>
<id>24084603</id>
</work>
<isbn>0804136823</isbn>
<isbn13>9780804136822</isbn13>
<average_rating>3.34</average_rating>
<ratings_count>867</ratings_count>
<publication_year>2013</publication_year>
<publication_month>10</publication_month>
<publication_day>8</publication_day>
<authors>
<author>
<id>6996147</id>
<name>P.D. Viner</name>
<link><![CDATA[https://www.goodreads.com/author/show/6996147.P_D_Viner]]></link>
</author>
</authors>
</book>

          <book>
<id>16041879</id>
<title>&amp; Sons</title>
<title_without_series>&amp; Sons</title_without_series>
<link><![CDATA[https://www.goodreads.com/book/show/16041879-sons]]></link>
<small_image_url><![CDATA[https://images.gr-assets.com/books/1366106280s/16041879.jpg]]></small_image_url>
<image_url><![CDATA[https://images.gr-assets.com/books/1366106280m/16041879.jpg]]></image_url>
<num_pages>434</num_pages>
<work>
<id>21818493</id>
</work>
<isbn>0812993969</isbn>
<isbn13>9780812993967</isbn13>
<average_rating>3.37</average_rating>
<ratings_count>5087</ratings_count>
<publication_year>2013</publication_year>
<publication_month>7</publication_month>
<publication_day>23</publication_day>
<authors>
<author>
<id>7304368</id>
<name>David Gilbert</name>
<link><![CDATA[https://www.goodreads.com/author/show/7304368.David_Gilbert]]></link>
</author>
</authors>
</book>

          <book>
<id>13642651</id>
<title><![CDATA[The Summer of Dead Toys (Inspector Salgado #1)]]></title>
<title_without_series>The Summer of Dead Toys</title_without_series>
<link><![CDATA[https://www.goodreads.com/book/show/13642651-the-summer-of-dead-toys]]></link>
<small_image_url><![CDATA[https://images.gr-assets.com/books/1350605715s/13642651.jpg]]></small_image_url>
<image_url><![CDATA[https://images.gr-assets.com/books/1350605715m/13642651.jpg]]></image_url>
<num_pages>368</num_pages>
<work>
<id>16884665</id>
</work>
<isbn>0385678703</isbn>
<isbn13>9780385678704</isbn13>
<average_rating>3.66</average_rating>
<ratings_count>1427</ratings_count>
<publication_year>2013</publication_year>
<publication_month>6</publication_month>
<publication_day>18</publication_day>
<authors>
<author>
<id>5782858</id>
<name>Antonio Hill</name>
<link><![CDATA[https://www.goodreads.com/author/show/5782858.Antonio_Hill]]></link>
</author>
</authors>
</book>

          <book>
<id>10696997</id>
<title>Alex (Verhœven, #2)</title>
<title_without_series>Alex</title_without_series>
<link><![CDATA[https://www.goodreads.com/book/show/10696997-alex]]></link>
<small_image_url><![CDATA[https://images.gr-assets.com/books/1327267044s/10696997.jpg]]></small_image_url>
<image_url><![CDATA[https://images.gr-assets.com/books/1327267044m/10696997.jpg]]></image_url>
<num_pages>400</num_pages>
<work>
<id>15607063</id>
</work>
<isbn>2226218777</isbn>
<isbn13>9782226218773</isbn13>
<average_rating>4.02</average_rating>
<ratings_count>8635</ratings_count>
<publication_year>2011</publication_year>
<publication_month></publication_month>
<publication_day></publication_day>
<authors>
<author>
<id>822613</id>
<name>Pierre Lemaitre</name>
<link><![CDATA[https://www.goodreads.com/author/show/822613.Pierre_Lemaitre]]></link>
</author>
</authors>
</book>

          <book>
<id>12224817</id>
<title>The Year of the Gadfly</title>
<title_without_series>The Year of the Gadfly</title_without_series>
<link><![CDATA[https://www.goodreads.com/book/show/12224817-the-year-of-the-gadfly]]></link>
<small_image_url><![CDATA[https://images.gr-assets.com/books/1324309256s/12224817.jpg]]></small_image_url>
<image_url><![CDATA[https://images.gr-assets.com/books/1324309256m/12224817.jpg]]></image_url>
<num_pages>374</num_pages>
<work>
<id>17198275</id>
</work>
<isbn>0547548591</isbn>
<isbn13>9780547548593</isbn13>
<average_rating>3.50</average_rating>
<ratings_count>1855</ratings_count>
<publication_year>2012</publication_year>
<publication_month>5</publication_month>
<publication_day>8</publication_day>
<authors>
<author>
<id>5822707</id>
<name>Jennifer   Miller</name>
<link><![CDATA[https://www.goodreads.com/author/show/5822707.Jennifer_Miller]]></link>
</author>
</authors>
</book>

          <book>
<id>17349250</id>
<title>After Her</title>
<title_without_series>After Her</title_without_series>
<link><![CDATA[https://www.goodreads.com/book/show/17349250-after-her]]></link>
<small_image_url><![CDATA[https://images.gr-assets.com/books/1365173339s/17349250.jpg]]></small_image_url>
<image_url><![CDATA[https://images.gr-assets.com/books/1365173339m/17349250.jpg]]></image_url>
<num_pages>320</num_pages>
<work>
<id>24034702</id>
</work>
<isbn>0062257390</isbn>
<isbn13>9780062257390</isbn13>
<average_rating>3.58</average_rating>
<ratings_count>8452</ratings_count>
<publication_year>2013</publication_year>
<publication_month>8</publication_month>
<publication_day>20</publication_day>
<authors>
<author>
<id>71438</id>
<name>Joyce Maynard</name>
<link><![CDATA[https://www.goodreads.com/author/show/71438.Joyce_Maynard]]></link>
</author>
</authors>
</book>

          <book>
<id>17262187</id>
<title>Mother, Mother</title>
<title_without_series>Mother, Mother</title_without_series>
<link><![CDATA[https://www.goodreads.com/book/show/17262187-mother-mother]]></link>
<small_image_url><![CDATA[https://images.gr-assets.com/books/1371239844s/17262187.jpg]]></small_image_url>
<image_url><![CDATA[https://images.gr-assets.com/books/1371239844m/17262187.jpg]]></image_url>
<num_pages>366</num_pages>
<work>
<id>23858987</id>
</work>
<isbn>0385347235</isbn>
<isbn13>9780385347235</isbn13>
<average_rating>3.68</average_rating>
<ratings_count>4847</ratings_count>
<publication_year>2013</publication_year>
<publication_month>9</publication_month>
<publication_day>17</publication_day>
<authors>
<author>
<id>10738</id>
<name>Koren Zailckas</name>
<link><![CDATA[https://www.goodreads.com/author/show/10738.Koren_Zailckas]]></link>
</author>
</authors>
</book>

          <book>
<id>16045084</id>
<title>Lookaway, Lookaway</title>
<title_without_series>Lookaway, Lookaway</title_without_series>
<link><![CDATA[https://www.goodreads.com/book/show/16045084-lookaway-lookaway]]></link>
<small_image_url><![CDATA[https://images.gr-assets.com/books/1361026117s/16045084.jpg]]></small_image_url>
<image_url><![CDATA[https://images.gr-assets.com/books/1361026117m/16045084.jpg]]></image_url>
<num_pages>361</num_pages>
<work>
<id>21858255</id>
</work>
<isbn>1250020832</isbn>
<isbn13>9781250020833</isbn13>
<average_rating>3.19</average_rating>
<ratings_count>2853</ratings_count>
<publication_year>2013</publication_year>
<publication_month>8</publication_month>
<publication_day>20</publication_day>
<authors>
<author>
<id>53119</id>
<name>Wilton Barnhardt</name>
<link><![CDATA[https://www.goodreads.com/author/show/53119.Wilton_Barnhardt]]></link>
</author>
</authors>
</book>

          <book>
<id>10108463</id>
<title>The Devil All the Time</title>
<title_without_series>The Devil All the Time</title_without_series>
<link><![CDATA[https://www.goodreads.com/book/show/10108463-the-devil-all-the-time]]></link>
<small_image_url><![CDATA[https://images.gr-assets.com/books/1320561517s/10108463.jpg]]></small_image_url>
<image_url><![CDATA[https://images.gr-assets.com/books/1320561517m/10108463.jpg]]></image_url>
<num_pages>261</num_pages>
<work>
<id>15005760</id>
</work>
<isbn>038553504X</isbn>
<isbn13>9780385535045</isbn13>
<average_rating>4.09</average_rating>
<ratings_count>11261</ratings_count>
<publication_year>2011</publication_year>
<publication_month>7</publication_month>
<publication_day>12</publication_day>
<authors>
<author>
<id>784866</id>
<name>Donald Ray Pollock</name>
<link><![CDATA[https://www.goodreads.com/author/show/784866.Donald_Ray_Pollock]]></link>
</author>
</authors>
</book>

          <book>
<id>16032127</id>
<title>Revenge</title>
<title_without_series>Revenge</title_without_series>
<link><![CDATA[https://www.goodreads.com/book/show/16032127-revenge]]></link>
<small_image_url><![CDATA[https://images.gr-assets.com/books/1349818757s/16032127.jpg]]></small_image_url>
<image_url><![CDATA[https://images.gr-assets.com/books/1349818757m/16032127.jpg]]></image_url>
<num_pages>162</num_pages>
<work>
<id>6316882</id>
</work>
<isbn></isbn>
<isbn13></isbn13>
<average_rating>3.86</average_rating>
<ratings_count>4512</ratings_count>
<publication_year>2013</publication_year>
<publication_month>1</publication_month>
<publication_day>29</publication_day>
<authors>
<author>
<id>42775</id>
<name>Yōko Ogawa</name>
<link><![CDATA[https://www.goodreads.com/author/show/42775.Y_ko_Ogawa]]></link>
</author>
</authors>
</book>

  </similar_books>
</book>

</GoodreadsResponse>