<?xml version="1.0" encoding="UTF-8"?>
<GoodreadsResponse>
  <Request>
    <authentication>true</authentication>
      <key><![CDATA[all_men_must_serve]]></key>
    <method><![CDATA[book_show]]></method>
  </Request>
  <book>
  <id>10115</id>
  <title>The Memoirs of Cleopatra</title>
  <isbn><![CDATA[0330353829]]></isbn>
  <isbn13><![CDATA[9780330353823]]></isbn13>
  <asin><![CDATA[]]></asin>
  <kindle_asin><![CDATA[B006L7RJSW]]></kindle_asin>
  <marketplace_id><![CDATA[A1F83G8C2ARO7P]]></marketplace_id>
  <country_code><![CDATA[GB]]></country_code>
  <image_url>https://s.gr-assets.com/assets/nophoto/book/111x148-bcc042a9c91a29c1d680899eff700a03.png</image_url>
  <small_image_url>https://s.gr-assets.com/assets/nophoto/book/50x75-a91bf249278a81aabab721ef782c4a74.png</small_image_url>
  <publication_year>1998</publication_year>
  <publication_month>1</publication_month>
  <publication_day>10</publication_day>
  <publisher>MacMillan General Books</publisher>
  <language_code>eng</language_code>
  <is_ebook>false</is_ebook>
  <description><![CDATA[Bestselling novelist Margaret George brings to life the glittering kingdom of Cleopatra, Queen of the Nile, in this lush, sweeping, and richly detailed saga. Told in Cleopatra's own voice, this is a mesmerizing tale of ambition, passion, and betrayal, which begins when the twenty-year-old queen seeks out the most powerful man in the world, Julius Caesar, and does not end until, having survived the assassination of Caesar and the defeat of the second man she loves, Marc Antony, she plots her own death rather than be paraded in triumph through the streets of Rome. <br />Most of all, in its richness and authenticity, it is an irresistible story that reveals why Margaret George's work has been widely acclaimed as "the best kind of historical novel, one the reader can't wait to get lost in."<br />]]></description>
  <work>
  <id type="integer">12852</id>
  <books_count type="integer">30</books_count>
  <best_book_id type="integer">10115</best_book_id>
  <reviews_count type="integer">39260</reviews_count>
  <ratings_sum type="integer">67123</ratings_sum>
  <ratings_count type="integer">16089</ratings_count>
  <text_reviews_count type="integer">1044</text_reviews_count>
  <original_publication_year type="integer">1997</original_publication_year>
  <original_publication_month type="integer" nil="true"/>
  <original_publication_day type="integer" nil="true"/>
  <original_title>The Memoirs of Cleopatra</original_title>
  <original_language_id type="integer" nil="true"/>
  <media_type>book</media_type>
  <rating_dist>5:7245|4:5424|3:2596|2:590|1:234|total:16089</rating_dist>
  <desc_user_id type="integer">19792569</desc_user_id>
  <default_chaptering_book_id type="integer" nil="true"/>
  <default_description_language_code nil="true"/>
</work>
  <average_rating>4.17</average_rating>
  <num_pages><![CDATA[1139]]></num_pages>
  <format><![CDATA[Paperback]]></format>
  <edition_information><![CDATA[]]></edition_information>
  <ratings_count><![CDATA[14236]]></ratings_count>
  <text_reviews_count><![CDATA[796]]></text_reviews_count>
  <url><![CDATA[https://www.goodreads.com/book/show/10115.The_Memoirs_of_Cleopatra]]></url>
  <link><![CDATA[https://www.goodreads.com/book/show/10115.The_Memoirs_of_Cleopatra]]></link>
  <authors>
<author>
<id>6599</id>
<name>Margaret George</name>
<role></role>
<image_url nophoto='false'>
<![CDATA[https://images.gr-assets.com/authors/1273256433p5/6599.jpg]]>
</image_url>
<small_image_url nophoto='false'>
<![CDATA[https://images.gr-assets.com/authors/1273256433p2/6599.jpg]]>
</small_image_url>
<link><![CDATA[https://www.goodreads.com/author/show/6599.Margaret_George]]></link>
<average_rating>4.09</average_rating>
<ratings_count>72255</ratings_count>
<text_reviews_count>4536</text_reviews_count>
</author>
</authors>

    <reviews_widget>
      <![CDATA[
        <style>
  #goodreads-widget {
    font-family: georgia, serif;
    padding: 18px 0;
    width:565px;
  }
  #goodreads-widget h1 {
    font-weight:normal;
    font-size: 16px;
    border-bottom: 1px solid #BBB596;
    margin-bottom: 0;
  }
  #goodreads-widget a {
    text-decoration: none;
    color:#660;
  }
  iframe{
    background-color: #fff;
  }
  #goodreads-widget a:hover { text-decoration: underline; }
  #goodreads-widget a:active {
    color:#660;
  }
  #gr_footer {
    width: 100%;
    border-top: 1px solid #BBB596;
    text-align: right;
  }
  #goodreads-widget .gr_branding{
    color: #382110;
    font-size: 11px;
    text-decoration: none;
    font-family: "Helvetica Neue", Helvetica, Arial, sans-serif;
  }
</style>
<div id="goodreads-widget">
  <div id="gr_header"><h1><a rel="nofollow" href="https://www.goodreads.com/book/show/10115.The_Memoirs_of_Cleopatra">The Memoirs of Cleopatra Reviews</a></h1></div>
  <iframe id="the_iframe" src="https://www.goodreads.com/api/reviews_widget_iframe?did=DEVELOPER_ID&amp;format=html&amp;isbn=0330353829&amp;links=660&amp;min_rating=&amp;review_back=fff&amp;stars=000&amp;text=000" width="565" height="400" frameborder="0"></iframe>
  <div id="gr_footer">
    <a class="gr_branding" target="_blank" rel="nofollow" href="https://www.goodreads.com/book/show/10115.The_Memoirs_of_Cleopatra?utm_medium=api&amp;utm_source=reviews_widget">Reviews from Goodreads.com</a>
  </div>
</div>

      ]]>
    </reviews_widget>
  <popular_shelves>
      <shelf name="to-read" count="20731"/>
      <shelf name="historical-fiction" count="1080"/>
      <shelf name="currently-reading" count="694"/>
      <shelf name="favorites" count="239"/>
      <shelf name="fiction" count="233"/>
      <shelf name="historical" count="171"/>
      <shelf name="egypt" count="124"/>
      <shelf name="history" count="91"/>
      <shelf name="books-i-own" count="76"/>
      <shelf name="owned" count="68"/>
      <shelf name="ancient-egypt" count="44"/>
      <shelf name="cleopatra" count="43"/>
      <shelf name="romance" count="41"/>
      <shelf name="biography" count="33"/>
      <shelf name="adult" count="24"/>
      <shelf name="abandoned" count="24"/>
      <shelf name="default" count="23"/>
      <shelf name="library" count="23"/>
      <shelf name="wish-list" count="21"/>
      <shelf name="royalty" count="20"/>
      <shelf name="margaret-george" count="20"/>
      <shelf name="fiction-historical" count="20"/>
      <shelf name="owned-books" count="19"/>
      <shelf name="all-time-favorites" count="19"/>
      <shelf name="adult-fiction" count="18"/>
      <shelf name="to-buy" count="17"/>
      <shelf name="book-club" count="17"/>
      <shelf name="my-library" count="16"/>
      <shelf name="egyptian" count="15"/>
      <shelf name="ebook" count="13"/>
      <shelf name="audible" count="13"/>
      <shelf name="maybe" count="12"/>
      <shelf name="kindle" count="12"/>
      <shelf name="ancient-history" count="12"/>
      <shelf name="africa" count="12"/>
      <shelf name="unfinished" count="12"/>
      <shelf name="own-it" count="12"/>
      <shelf name="ancient-world" count="11"/>
      <shelf name="my-books" count="11"/>
      <shelf name="memoir" count="11"/>
      <shelf name="historic-fiction" count="11"/>
      <shelf name="women" count="11"/>
      <shelf name="biographies" count="11"/>
      <shelf name="historical-novel" count="11"/>
      <shelf name="novels" count="10"/>
      <shelf name="rome" count="10"/>
      <shelf name="i-own" count="10"/>
      <shelf name="middle-east" count="10"/>
      <shelf name="italy" count="10"/>
      <shelf name="historicalfiction" count="10"/>
      <shelf name="favorite" count="9"/>
      <shelf name="non-fiction" count="9"/>
      <shelf name="favourites" count="9"/>
      <shelf name="ancient" count="9"/>
      <shelf name="historical-romance" count="9"/>
      <shelf name="ebooks" count="8"/>
      <shelf name="have" count="8"/>
      <shelf name="antiquity" count="8"/>
      <shelf name="ancient-rome" count="8"/>
      <shelf name="nonfiction" count="8"/>
      <shelf name="to-read-fiction" count="7"/>
      <shelf name="cultural" count="7"/>
      <shelf name="dnf" count="7"/>
      <shelf name="biographical" count="7"/>
      <shelf name="did-not-finish" count="7"/>
      <shelf name="to-read-historical-fiction" count="7"/>
      <shelf name="historical-fic" count="7"/>
      <shelf name="memoirs" count="7"/>
      <shelf name="want-to-read" count="7"/>
      <shelf name="literature" count="7"/>
      <shelf name="recommended" count="7"/>
      <shelf name="julius-caesar" count="6"/>
      <shelf name="favorite-authors" count="6"/>
      <shelf name="historical-fiction-egypt" count="6"/>
      <shelf name="paperback" count="6"/>
      <shelf name="favorite-books" count="6"/>
      <shelf name="home-library" count="6"/>
      <shelf name="history-fiction" count="6"/>
      <shelf name="not-finished" count="6"/>
      <shelf name="my-favorites" count="6"/>
      <shelf name="re-read" count="6"/>
      <shelf name="classics" count="6"/>
      <shelf name="read-2016" count="5"/>
      <shelf name="shelfari-wishlist" count="5"/>
      <shelf name="e-books" count="5"/>
      <shelf name="5-stars" count="5"/>
      <shelf name="egyptology" count="5"/>
      <shelf name="gave-up-on" count="5"/>
      <shelf name="fiction-to-read" count="5"/>
      <shelf name="historical-novels" count="5"/>
      <shelf name="marc-antony" count="5"/>
      <shelf name="5-star" count="5"/>
      <shelf name="1990s" count="5"/>
      <shelf name="ancient-times" count="5"/>
      <shelf name="need-to-buy" count="5"/>
      <shelf name="mythology" count="5"/>
      <shelf name="audiobooks" count="5"/>
      <shelf name="historical_fiction" count="5"/>
      <shelf name="female-authors" count="4"/>
      <shelf name="didn-t-finish" count="4"/>
  </popular_shelves>
  <book_links>
    <book_link>
  <id>8</id>
  <name>Libraries</name>
  <link>https://www.goodreads.com/book_link/follow/8</link>
</book_link>

  </book_links>
  <buy_links>
    <buy_link>
<id>1</id>
<name>Amazon</name>
<link>https://www.goodreads.com/book_link/follow/1</link>
</buy_link>
<buy_link>
<id>10</id>
<name>Audible</name>
<link>https://www.goodreads.com/book_link/follow/10</link>
</buy_link>
<buy_link>
<id>3</id>
<name>Barnes &amp; Noble</name>
<link>https://www.goodreads.com/book_link/follow/3</link>
</buy_link>
<buy_link>
<id>1027</id>
<name>Kobo</name>
<link>https://www.goodreads.com/book_link/follow/1027</link>
</buy_link>
<buy_link>
<id>2102</id>
<name>Apple iBooks</name>
<link>https://www.goodreads.com/book_link/follow/2102</link>
</buy_link>
<buy_link>
<id>8036</id>
<name>Google Play</name>
<link>https://www.goodreads.com/book_link/follow/8036</link>
</buy_link>
<buy_link>
<id>4</id>
<name>Abebooks</name>
<link>https://www.goodreads.com/book_link/follow/4</link>
</buy_link>
<buy_link>
<id>882</id>
<name>Book Depository</name>
<link>https://www.goodreads.com/book_link/follow/882</link>
</buy_link>
<buy_link>
<id>9</id>
<name>Indigo</name>
<link>https://www.goodreads.com/book_link/follow/9</link>
</buy_link>
<buy_link>
<id>2</id>
<name>Half.com</name>
<link>https://www.goodreads.com/book_link/follow/2</link>
</buy_link>
<buy_link>
<id>5</id>
<name>Alibris</name>
<link>https://www.goodreads.com/book_link/follow/5</link>
</buy_link>
<buy_link>
<id>107</id>
<name>Better World Books</name>
<link>https://www.goodreads.com/book_link/follow/107</link>
</buy_link>
<buy_link>
<id>7</id>
<name>IndieBound</name>
<link>https://www.goodreads.com/book_link/follow/7</link>
</buy_link>

  </buy_links>
  <series_works>
    
  </series_works>
  <similar_books>
          <book>
<id>242353</id>
<title><![CDATA[When We Were Gods: A Novel of Cleopatra]]></title>
<title_without_series><![CDATA[When We Were Gods: A Novel of Cleopatra]]></title_without_series>
<link><![CDATA[https://www.goodreads.com/book/show/242353.When_We_Were_Gods]]></link>
<small_image_url><![CDATA[https://s.gr-assets.com/assets/nophoto/book/50x75-a91bf249278a81aabab721ef782c4a74.png]]></small_image_url>
<image_url><![CDATA[https://s.gr-assets.com/assets/nophoto/book/111x148-bcc042a9c91a29c1d680899eff700a03.png]]></image_url>
<num_pages>512</num_pages>
<work>
<id>234782</id>
</work>
<isbn>0609808893</isbn>
<isbn13>9780609808894</isbn13>
<average_rating>3.81</average_rating>
<ratings_count>1832</ratings_count>
<publication_year>2002</publication_year>
<publication_month>3</publication_month>
<publication_day>26</publication_day>
<authors>
<author>
<id>33878</id>
<name>Colin Falconer</name>
<link><![CDATA[https://www.goodreads.com/author/show/33878.Colin_Falconer]]></link>
</author>
</authors>
</book>

          <book>
<id>618924</id>
<title>Kleopatra (Kleopatra, #1)</title>
<title_without_series>Kleopatra</title_without_series>
<link><![CDATA[https://www.goodreads.com/book/show/618924.Kleopatra]]></link>
<small_image_url><![CDATA[https://s.gr-assets.com/assets/nophoto/book/50x75-a91bf249278a81aabab721ef782c4a74.png]]></small_image_url>
<image_url><![CDATA[https://s.gr-assets.com/assets/nophoto/book/111x148-bcc042a9c91a29c1d680899eff700a03.png]]></image_url>
<num_pages>367</num_pages>
<work>
<id>605309</id>
</work>
<isbn>0446679178</isbn>
<isbn13>9780446679176</isbn13>
<average_rating>3.80</average_rating>
<ratings_count>1157</ratings_count>
<publication_year>2002</publication_year>
<publication_month>8</publication_month>
<publication_day>1</publication_day>
<authors>
<author>
<id>22528</id>
<name>Karen Essex</name>
<link><![CDATA[https://www.goodreads.com/author/show/22528.Karen_Essex]]></link>
</author>
</authors>
</book>

          <book>
<id>296570</id>
<title>Child of the Morning</title>
<title_without_series>Child of the Morning</title_without_series>
<link><![CDATA[https://www.goodreads.com/book/show/296570.Child_of_the_Morning]]></link>
<small_image_url><![CDATA[https://images.gr-assets.com/books/1312023396s/296570.jpg]]></small_image_url>
<image_url><![CDATA[https://images.gr-assets.com/books/1312023396m/296570.jpg]]></image_url>
<num_pages>403</num_pages>
<work>
<id>1526292</id>
</work>
<isbn>0939149850</isbn>
<isbn13>9780939149858</isbn13>
<average_rating>4.12</average_rating>
<ratings_count>2571</ratings_count>
<publication_year>2003</publication_year>
<publication_month>7</publication_month>
<publication_day>1</publication_day>
<authors>
<author>
<id>171184</id>
<name>Pauline Gedge</name>
<link><![CDATA[https://www.goodreads.com/author/show/171184.Pauline_Gedge]]></link>
</author>
</authors>
</book>

          <book>
<id>3625889</id>
<title><![CDATA[Hand of Isis (Numinous World, #3)]]></title>
<title_without_series>Hand of Isis</title_without_series>
<link><![CDATA[https://www.goodreads.com/book/show/3625889-hand-of-isis]]></link>
<small_image_url><![CDATA[https://s.gr-assets.com/assets/nophoto/book/50x75-a91bf249278a81aabab721ef782c4a74.png]]></small_image_url>
<image_url><![CDATA[https://s.gr-assets.com/assets/nophoto/book/111x148-bcc042a9c91a29c1d680899eff700a03.png]]></image_url>
<num_pages>479</num_pages>
<work>
<id>3668686</id>
</work>
<isbn>0316068020</isbn>
<isbn13>9780316068024</isbn13>
<average_rating>4.03</average_rating>
<ratings_count>1660</ratings_count>
<publication_year></publication_year>
<publication_month></publication_month>
<publication_day></publication_day>
<authors>
<author>
<id>993682</id>
<name>Jo Graham</name>
<link><![CDATA[https://www.goodreads.com/author/show/993682.Jo_Graham]]></link>
</author>
</authors>
</book>

          <book>
<id>10741702</id>
<title><![CDATA[Song of the Nile (Cleopatra's Daughter, #2)]]></title>
<title_without_series>Song of the Nile</title_without_series>
<link><![CDATA[https://www.goodreads.com/book/show/10741702-song-of-the-nile]]></link>
<small_image_url><![CDATA[https://images.gr-assets.com/books/1316490041s/10741702.jpg]]></small_image_url>
<image_url><![CDATA[https://images.gr-assets.com/books/1316490041m/10741702.jpg]]></image_url>
<num_pages>398</num_pages>
<work>
<id>15248356</id>
</work>
<isbn>0425243044</isbn>
<isbn13>9780425243046</isbn13>
<average_rating>3.98</average_rating>
<ratings_count>1594</ratings_count>
<publication_year></publication_year>
<publication_month></publication_month>
<publication_day></publication_day>
<authors>
<author>
<id>4072332</id>
<name>Stephanie Dray</name>
<link><![CDATA[https://www.goodreads.com/author/show/4072332.Stephanie_Dray]]></link>
</author>
</authors>
</book>

          <book>
<id>371488</id>
<title>King and Goddess</title>
<title_without_series>King and Goddess</title_without_series>
<link><![CDATA[https://www.goodreads.com/book/show/371488.King_and_Goddess]]></link>
<small_image_url><![CDATA[https://images.gr-assets.com/books/1312063259s/371488.jpg]]></small_image_url>
<image_url><![CDATA[https://images.gr-assets.com/books/1312063259m/371488.jpg]]></image_url>
<num_pages>407</num_pages>
<work>
<id>2757164</id>
</work>
<isbn>0812550846</isbn>
<isbn13>9780812550849</isbn13>
<average_rating>3.92</average_rating>
<ratings_count>511</ratings_count>
<publication_year>1998</publication_year>
<publication_month>7</publication_month>
<publication_day>1</publication_day>
<authors>
<author>
<id>41194</id>
<name>Judith Tarr</name>
<link><![CDATA[https://www.goodreads.com/author/show/41194.Judith_Tarr]]></link>
</author>
</authors>
</book>

          <book>
<id>6581303</id>
<title><![CDATA[Mistress of Rome (The Empress of Rome, #1)]]></title>
<title_without_series>Mistress of Rome</title_without_series>
<link><![CDATA[https://www.goodreads.com/book/show/6581303-mistress-of-rome]]></link>
<small_image_url><![CDATA[https://s.gr-assets.com/assets/nophoto/book/50x75-a91bf249278a81aabab721ef782c4a74.png]]></small_image_url>
<image_url><![CDATA[https://s.gr-assets.com/assets/nophoto/book/111x148-bcc042a9c91a29c1d680899eff700a03.png]]></image_url>
<num_pages>470</num_pages>
<work>
<id>6774744</id>
</work>
<isbn>0425232476</isbn>
<isbn13>9780425232477</isbn13>
<average_rating>4.07</average_rating>
<ratings_count>10197</ratings_count>
<publication_year></publication_year>
<publication_month></publication_month>
<publication_day></publication_day>
<authors>
<author>
<id>2974095</id>
<name>Kate Quinn</name>
<link><![CDATA[https://www.goodreads.com/author/show/2974095.Kate_Quinn]]></link>
</author>
</authors>
</book>

          <book>
<id>579581</id>
<title><![CDATA[Antony and Cleopatra (Masters of Rome, #7)]]></title>
<title_without_series>Antony and Cleopatra</title_without_series>
<link><![CDATA[https://www.goodreads.com/book/show/579581.Antony_and_Cleopatra]]></link>
<small_image_url><![CDATA[https://s.gr-assets.com/assets/nophoto/book/50x75-a91bf249278a81aabab721ef782c4a74.png]]></small_image_url>
<image_url><![CDATA[https://s.gr-assets.com/assets/nophoto/book/111x148-bcc042a9c91a29c1d680899eff700a03.png]]></image_url>
<num_pages>567</num_pages>
<work>
<id>2313521</id>
</work>
<isbn>1416552944</isbn>
<isbn13>9781416552949</isbn13>
<average_rating>3.96</average_rating>
<ratings_count>4114</ratings_count>
<publication_year>2007</publication_year>
<publication_month>12</publication_month>
<publication_day>1</publication_day>
<authors>
<author>
<id>4917067</id>
<name>Colleen McCullough</name>
<link><![CDATA[https://www.goodreads.com/author/show/4917067.Colleen_McCullough]]></link>
</author>
</authors>
</book>

          <book>
<id>2897258</id>
<title>The Heretic Queen</title>
<title_without_series>The Heretic Queen</title_without_series>
<link><![CDATA[https://www.goodreads.com/book/show/2897258-the-heretic-queen]]></link>
<small_image_url><![CDATA[https://images.gr-assets.com/books/1422755729s/2897258.jpg]]></small_image_url>
<image_url><![CDATA[https://images.gr-assets.com/books/1422755729m/2897258.jpg]]></image_url>
<num_pages>383</num_pages>
<work>
<id>2923667</id>
</work>
<isbn>0307381757</isbn>
<isbn13>9780307381750</isbn13>
<average_rating>4.21</average_rating>
<ratings_count>18308</ratings_count>
<publication_year></publication_year>
<publication_month></publication_month>
<publication_day></publication_day>
<authors>
<author>
<id>269069</id>
<name>Michelle Moran</name>
<link><![CDATA[https://www.goodreads.com/author/show/269069.Michelle_Moran]]></link>
</author>
</authors>
</book>

          <book>
<id>400812</id>
<title>The Memoirs of Helen of Troy</title>
<title_without_series>The Memoirs of Helen of Troy</title_without_series>
<link><![CDATA[https://www.goodreads.com/book/show/400812.The_Memoirs_of_Helen_of_Troy]]></link>
<small_image_url><![CDATA[https://s.gr-assets.com/assets/nophoto/book/50x75-a91bf249278a81aabab721ef782c4a74.png]]></small_image_url>
<image_url><![CDATA[https://s.gr-assets.com/assets/nophoto/book/111x148-bcc042a9c91a29c1d680899eff700a03.png]]></image_url>
<num_pages>309</num_pages>
<work>
<id>237979</id>
</work>
<isbn>0307209989</isbn>
<isbn13>9780307209986</isbn13>
<average_rating>3.76</average_rating>
<ratings_count>1008</ratings_count>
<publication_year>2005</publication_year>
<publication_month>10</publication_month>
<publication_day>4</publication_day>
<authors>
<author>
<id>91102</id>
<name>Amanda Elyot</name>
<link><![CDATA[https://www.goodreads.com/author/show/91102.Amanda_Elyot]]></link>
</author>
</authors>
</book>

          <book>
<id>854983</id>
<title><![CDATA[The Last Great Dance on Earth (Josephine Bonaparte, #3)]]></title>
<title_without_series>The Last Great Dance on Earth</title_without_series>
<link><![CDATA[https://www.goodreads.com/book/show/854983.The_Last_Great_Dance_on_Earth]]></link>
<small_image_url><![CDATA[https://images.gr-assets.com/books/1359574805s/854983.jpg]]></small_image_url>
<image_url><![CDATA[https://images.gr-assets.com/books/1359574805m/854983.jpg]]></image_url>
<num_pages></num_pages>
<work>
<id>1220876</id>
</work>
<isbn>0684856085</isbn>
<isbn13>9780684856087</isbn13>
<average_rating>4.34</average_rating>
<ratings_count>4184</ratings_count>
<publication_year></publication_year>
<publication_month></publication_month>
<publication_day></publication_day>
<authors>
<author>
<id>39621</id>
<name>Sandra Gulland</name>
<link><![CDATA[https://www.goodreads.com/author/show/39621.Sandra_Gulland]]></link>
</author>
</authors>
</book>

          <book>
<id>146685</id>
<title>Cleopatra&apos;s Heir</title>
<title_without_series>Cleopatra&apos;s Heir</title_without_series>
<link><![CDATA[https://www.goodreads.com/book/show/146685.Cleopatra_s_Heir]]></link>
<small_image_url><![CDATA[https://images.gr-assets.com/books/1312044120s/146685.jpg]]></small_image_url>
<image_url><![CDATA[https://images.gr-assets.com/books/1312044120m/146685.jpg]]></image_url>
<num_pages>448</num_pages>
<work>
<id>2291580</id>
</work>
<isbn>0765302292</isbn>
<isbn13>9780765302298</isbn13>
<average_rating>3.88</average_rating>
<ratings_count>473</ratings_count>
<publication_year>2003</publication_year>
<publication_month>6</publication_month>
<publication_day>1</publication_day>
<authors>
<author>
<id>84803</id>
<name>Gillian Bradshaw</name>
<link><![CDATA[https://www.goodreads.com/author/show/84803.Gillian_Bradshaw]]></link>
</author>
</authors>
</book>

  </similar_books>
</book>

</GoodreadsResponse>