<?xml version="1.0" encoding="UTF-8"?>
<GoodreadsResponse>
  <Request>
    <authentication>true</authentication>
      <key><![CDATA[all_men_must_serve]]></key>
    <method><![CDATA[book_show]]></method>
  </Request>
  <book>
  <id>101255</id>
  <title><![CDATA[On Food and Cooking: The Science and Lore of the Kitchen]]></title>
  <isbn><![CDATA[0684800012]]></isbn>
  <isbn13><![CDATA[9780684800011]]></isbn13>
  <asin><![CDATA[]]></asin>
  <kindle_asin><![CDATA[]]></kindle_asin>
  <marketplace_id><![CDATA[]]></marketplace_id>
  <country_code><![CDATA[GB]]></country_code>
  <image_url>https://s.gr-assets.com/assets/nophoto/book/111x148-bcc042a9c91a29c1d680899eff700a03.png</image_url>
  <small_image_url>https://s.gr-assets.com/assets/nophoto/book/50x75-a91bf249278a81aabab721ef782c4a74.png</small_image_url>
  <publication_year>2004</publication_year>
  <publication_month>11</publication_month>
  <publication_day>16</publication_day>
  <publisher>Scribner</publisher>
  <language_code>en-US</language_code>
  <is_ebook>false</is_ebook>
  <description><![CDATA[Harold McGee's <i>On Food and Cooking</i> is a kitchen classic. Hailed by <i>Time</i> magazine as "a minor masterpiece" when it first appeared in 1984, <i>On Food and Cooking</i> is the bible to which food lovers and professional chefs worldwide turn for an understanding of where our foods come from, what exactly they're made of, and how cooking transforms them into something new and delicious. Now, for its twentieth anniversary, Harold McGee has prepared a new, fully revised and updated edition of <i>On Food and Cooking.</i> He has rewritten the text almost completely, expanded it by two-thirds, and commissioned more than 100 new illustrations. As compulsively readable and engaging as ever, the new <i>On Food and Cooking</i> provides countless eye-opening insights into food, its preparation, and its enjoyment.<br /><br /><i>On Food and Cooking</i> pioneered the translation of technical food science into cook-friendly kitchen science and helped give birth to the inventive culinary movement known as "molecular gastronomy." Though other books have now been written about kitchen science, <i>On Food and Cooking</i> remains unmatched in the accuracy, clarity, and thoroughness of its explanations, and the intriguing way in which it blends science with the historical evolution of foods and cooking techniques.<br /><br />Among the major themes addressed throughout this new edition are:<br /><br /><br /><br /><br />Traditional and modern methods of food production and their influences on food quality<br />The great diversity of methods by which people in different places and times have prepared the same ingredients<br />Tips for selecting the best ingredients and preparing them successfully<br />The particular substances that give foods their flavors and that give us pleasure<br />Our evolving knowledge of the health benefits and risks of foods<br /><i>On Food and Cooking</i> is an invaluable and monumental compendium of basic information about ingredients, cooking methods, and the pleasures of eating. It will delight and fascinate anyone who has ever cooked, savored, or wondered about food.]]></description>
  <work>
  <id type="integer">1164036</id>
  <books_count type="integer">22</books_count>
  <best_book_id type="integer">101255</best_book_id>
  <reviews_count type="integer">25763</reviews_count>
  <ratings_sum type="integer">49921</ratings_sum>
  <ratings_count type="integer">11139</ratings_count>
  <text_reviews_count type="integer">438</text_reviews_count>
  <original_publication_year type="integer">1984</original_publication_year>
  <original_publication_month type="integer" nil="true"/>
  <original_publication_day type="integer" nil="true"/>
  <original_title>On Food and Cooking: The Science and Lore of the Kitchen</original_title>
  <original_language_id type="integer" nil="true"/>
  <media_type>book</media_type>
  <rating_dist>5:6994|4:2884|3:991|2:172|1:98|total:11139</rating_dist>
  <desc_user_id type="integer" nil="true"/>
  <default_chaptering_book_id type="integer" nil="true"/>
  <default_description_language_code nil="true"/>
</work>
  <average_rating>4.48</average_rating>
  <num_pages><![CDATA[896]]></num_pages>
  <format><![CDATA[Hardcover]]></format>
  <edition_information><![CDATA[Revised, Second Edition]]></edition_information>
  <ratings_count><![CDATA[10634]]></ratings_count>
  <text_reviews_count><![CDATA[412]]></text_reviews_count>
  <url><![CDATA[https://www.goodreads.com/book/show/101255.On_Food_and_Cooking]]></url>
  <link><![CDATA[https://www.goodreads.com/book/show/101255.On_Food_and_Cooking]]></link>
  <authors>
<author>
<id>58484</id>
<name>Harold McGee</name>
<role></role>
<image_url nophoto='false'>
<![CDATA[https://images.gr-assets.com/authors/1496684217p5/58484.jpg]]>
</image_url>
<small_image_url nophoto='false'>
<![CDATA[https://images.gr-assets.com/authors/1496684217p2/58484.jpg]]>
</small_image_url>
<link><![CDATA[https://www.goodreads.com/author/show/58484.Harold_McGee]]></link>
<average_rating>4.45</average_rating>
<ratings_count>12004</ratings_count>
<text_reviews_count>489</text_reviews_count>
</author>
</authors>

    <reviews_widget>
      <![CDATA[
        <style>
  #goodreads-widget {
    font-family: georgia, serif;
    padding: 18px 0;
    width:565px;
  }
  #goodreads-widget h1 {
    font-weight:normal;
    font-size: 16px;
    border-bottom: 1px solid #BBB596;
    margin-bottom: 0;
  }
  #goodreads-widget a {
    text-decoration: none;
    color:#660;
  }
  iframe{
    background-color: #fff;
  }
  #goodreads-widget a:hover { text-decoration: underline; }
  #goodreads-widget a:active {
    color:#660;
  }
  #gr_footer {
    width: 100%;
    border-top: 1px solid #BBB596;
    text-align: right;
  }
  #goodreads-widget .gr_branding{
    color: #382110;
    font-size: 11px;
    text-decoration: none;
    font-family: "Helvetica Neue", Helvetica, Arial, sans-serif;
  }
</style>
<div id="goodreads-widget">
  <div id="gr_header"><h1><a rel="nofollow" href="https://www.goodreads.com/book/show/101255.On_Food_and_Cooking">On Food and Cooking Reviews</a></h1></div>
  <iframe id="the_iframe" src="https://www.goodreads.com/api/reviews_widget_iframe?did=DEVELOPER_ID&amp;format=html&amp;isbn=0684800012&amp;links=660&amp;min_rating=&amp;review_back=fff&amp;stars=000&amp;text=000" width="565" height="400" frameborder="0"></iframe>
  <div id="gr_footer">
    <a class="gr_branding" target="_blank" rel="nofollow" href="https://www.goodreads.com/book/show/101255.On_Food_and_Cooking?utm_medium=api&amp;utm_source=reviews_widget">Reviews from Goodreads.com</a>
  </div>
</div>

      ]]>
    </reviews_widget>
  <popular_shelves>
      <shelf name="to-read" count="2163"/>
      <shelf name="currently-reading" count="995"/>
      <shelf name="food" count="460"/>
      <shelf name="cooking" count="342"/>
      <shelf name="cookbooks" count="284"/>
      <shelf name="non-fiction" count="218"/>
      <shelf name="science" count="149"/>
      <shelf name="reference" count="135"/>
      <shelf name="nonfiction" count="98"/>
      <shelf name="favorites" count="63"/>
      <shelf name="owned" count="49"/>
      <shelf name="cookbook" count="45"/>
      <shelf name="food-and-cooking" count="36"/>
      <shelf name="food-cooking" count="36"/>
      <shelf name="culinary" count="26"/>
      <shelf name="history" count="25"/>
      <shelf name="health" count="22"/>
      <shelf name="cookery" count="22"/>
      <shelf name="default" count="21"/>
      <shelf name="food-writing" count="21"/>
      <shelf name="foodie" count="21"/>
      <shelf name="food-and-drink" count="19"/>
      <shelf name="food-drink" count="17"/>
      <shelf name="cook-books" count="17"/>
      <shelf name="to-buy" count="16"/>
      <shelf name="books-i-own" count="15"/>
      <shelf name="food-science" count="14"/>
      <shelf name="library" count="13"/>
      <shelf name="cooking-food" count="12"/>
      <shelf name="gastronomy" count="12"/>
      <shelf name="favourites" count="11"/>
      <shelf name="kindle" count="10"/>
      <shelf name="kitchen" count="10"/>
      <shelf name="food-wine" count="10"/>
      <shelf name="ebooks" count="9"/>
      <shelf name="food-books" count="9"/>
      <shelf name="wish-list" count="8"/>
      <shelf name="to-read-nonfiction" count="8"/>
      <shelf name="nutrition" count="8"/>
      <shelf name="to-read-non-fiction" count="8"/>
      <shelf name="my-library" count="7"/>
      <shelf name="food-related" count="7"/>
      <shelf name="ebook" count="7"/>
      <shelf name="own-it" count="6"/>
      <shelf name="essays" count="6"/>
      <shelf name="chemistry" count="6"/>
      <shelf name="food-history" count="6"/>
      <shelf name="unfinished" count="6"/>
      <shelf name="foodie-books" count="6"/>
      <shelf name="cooking-and-food" count="6"/>
      <shelf name="owned-books" count="5"/>
      <shelf name="food-and-wine" count="5"/>
      <shelf name="to-read-food" count="5"/>
      <shelf name="on-hold" count="5"/>
      <shelf name="cooking-baking" count="5"/>
      <shelf name="cuisine" count="5"/>
      <shelf name="cookbooks-food" count="5"/>
      <shelf name="cook" count="5"/>
      <shelf name="on-the-shelf" count="4"/>
      <shelf name="on-kindle" count="4"/>
      <shelf name="popular-science" count="4"/>
      <shelf name="home" count="4"/>
      <shelf name="maybe" count="4"/>
      <shelf name="food-health" count="4"/>
      <shelf name="how-to" count="4"/>
      <shelf name="didn-t-finish" count="4"/>
      <shelf name="culinary-arts" count="4"/>
      <shelf name="stopped-reading" count="4"/>
      <shelf name="recommended" count="4"/>
      <shelf name="to-get" count="4"/>
      <shelf name="food-reference" count="4"/>
      <shelf name="cooking-food-drink" count="4"/>
      <shelf name="cookbooks-i-own" count="4"/>
      <shelf name="personal" count="3"/>
      <shelf name="unread" count="3"/>
      <shelf name="dnf" count="3"/>
      <shelf name="home-library" count="3"/>
      <shelf name="food-nutrition" count="3"/>
      <shelf name="cooking-science" count="3"/>
      <shelf name="general" count="3"/>
      <shelf name="cookbooks-and-food" count="3"/>
      <shelf name="my-books" count="3"/>
      <shelf name="curious-about" count="3"/>
      <shelf name="homesteading" count="3"/>
      <shelf name="buy" count="3"/>
      <shelf name="partially-read" count="3"/>
      <shelf name="e-book" count="3"/>
      <shelf name="reference-books" count="3"/>
      <shelf name="cooking-and-baking" count="3"/>
      <shelf name="scanned" count="3"/>
      <shelf name="wine" count="3"/>
      <shelf name="cooking-to-read" count="3"/>
      <shelf name="non-fiction-food" count="3"/>
      <shelf name="regional" count="3"/>
      <shelf name="ethnic" count="3"/>
      <shelf name="american" count="3"/>
      <shelf name="non-fic" count="3"/>
      <shelf name="cocina" count="3"/>
      <shelf name="calibre" count="3"/>
      <shelf name="all-time-favorites" count="3"/>
  </popular_shelves>
  <book_links>
    <book_link>
  <id>8</id>
  <name>Libraries</name>
  <link>https://www.goodreads.com/book_link/follow/8</link>
</book_link>

  </book_links>
  <buy_links>
    <buy_link>
<id>1</id>
<name>Amazon</name>
<link>https://www.goodreads.com/book_link/follow/1</link>
</buy_link>
<buy_link>
<id>10</id>
<name>Audible</name>
<link>https://www.goodreads.com/book_link/follow/10</link>
</buy_link>
<buy_link>
<id>3</id>
<name>Barnes &amp; Noble</name>
<link>https://www.goodreads.com/book_link/follow/3</link>
</buy_link>
<buy_link>
<id>1027</id>
<name>Kobo</name>
<link>https://www.goodreads.com/book_link/follow/1027</link>
</buy_link>
<buy_link>
<id>2102</id>
<name>Apple iBooks</name>
<link>https://www.goodreads.com/book_link/follow/2102</link>
</buy_link>
<buy_link>
<id>8036</id>
<name>Google Play</name>
<link>https://www.goodreads.com/book_link/follow/8036</link>
</buy_link>
<buy_link>
<id>4</id>
<name>Abebooks</name>
<link>https://www.goodreads.com/book_link/follow/4</link>
</buy_link>
<buy_link>
<id>882</id>
<name>Book Depository</name>
<link>https://www.goodreads.com/book_link/follow/882</link>
</buy_link>
<buy_link>
<id>9</id>
<name>Indigo</name>
<link>https://www.goodreads.com/book_link/follow/9</link>
</buy_link>
<buy_link>
<id>2</id>
<name>Half.com</name>
<link>https://www.goodreads.com/book_link/follow/2</link>
</buy_link>
<buy_link>
<id>5</id>
<name>Alibris</name>
<link>https://www.goodreads.com/book_link/follow/5</link>
</buy_link>
<buy_link>
<id>107</id>
<name>Better World Books</name>
<link>https://www.goodreads.com/book_link/follow/107</link>
</buy_link>
<buy_link>
<id>7</id>
<name>IndieBound</name>
<link>https://www.goodreads.com/book_link/follow/7</link>
</buy_link>

  </buy_links>
  <series_works>
    <series_work>
<id>874656</id>
<user_position>1</user_position>
<series>
<id>172657</id>
<title>
<![CDATA[
    The Science and Lore of the Kitchen
]]>
</title>
<description>
<![CDATA[
]]>
</description>
<note>
<![CDATA[
]]>
</note>
<series_works_count>2</series_works_count>
<primary_work_count>2</primary_work_count>
<numbered>true</numbered>
</series>

</series_work>

  </series_works>
  <similar_books>
          <book>
<id>109156</id>
<title><![CDATA[Molecular Gastronomy: Exploring the Science of Flavor]]></title>
<title_without_series><![CDATA[Molecular Gastronomy: Exploring the Science of Flavor]]></title_without_series>
<link><![CDATA[https://www.goodreads.com/book/show/109156.Molecular_Gastronomy]]></link>
<small_image_url><![CDATA[https://s.gr-assets.com/assets/nophoto/book/50x75-a91bf249278a81aabab721ef782c4a74.png]]></small_image_url>
<image_url><![CDATA[https://s.gr-assets.com/assets/nophoto/book/111x148-bcc042a9c91a29c1d680899eff700a03.png]]></image_url>
<num_pages>377</num_pages>
<work>
<id>105191</id>
</work>
<isbn>023113312X</isbn>
<isbn13>9780231133128</isbn13>
<average_rating>3.85</average_rating>
<ratings_count>758</ratings_count>
<publication_year>2006</publication_year>
<publication_month>1</publication_month>
<publication_day>4</publication_day>
<authors>
<author>
<id>63165</id>
<name>Hervé This</name>
<link><![CDATA[https://www.goodreads.com/author/show/63165.Herv_This]]></link>
</author>
</authors>
</book>

          <book>
<id>76875</id>
<title><![CDATA[CookWise: The Secrets of Cooking Revealed]]></title>
<title_without_series><![CDATA[CookWise: The Secrets of Cooking Revealed]]></title_without_series>
<link><![CDATA[https://www.goodreads.com/book/show/76875.CookWise]]></link>
<small_image_url><![CDATA[https://s.gr-assets.com/assets/nophoto/book/50x75-a91bf249278a81aabab721ef782c4a74.png]]></small_image_url>
<image_url><![CDATA[https://s.gr-assets.com/assets/nophoto/book/111x148-bcc042a9c91a29c1d680899eff700a03.png]]></image_url>
<num_pages></num_pages>
<work>
<id>74343</id>
</work>
<isbn>0688102298</isbn>
<isbn13>9780688102296</isbn13>
<average_rating>4.10</average_rating>
<ratings_count>4300</ratings_count>
<publication_year></publication_year>
<publication_month></publication_month>
<publication_day></publication_day>
<authors>
<author>
<id>3513855</id>
<name>Shirley O. Corriher</name>
<link><![CDATA[https://www.goodreads.com/author/show/3513855.Shirley_O_Corriher]]></link>
</author>
</authors>
</book>

          <book>
<id>444055</id>
<title><![CDATA[The Elements of Cooking: Translating the Chef's Craft for Every Kitchen]]></title>
<title_without_series><![CDATA[The Elements of Cooking: Translating the Chef's Craft for Every Kitchen]]></title_without_series>
<link><![CDATA[https://www.goodreads.com/book/show/444055.The_Elements_of_Cooking]]></link>
<small_image_url><![CDATA[https://s.gr-assets.com/assets/nophoto/book/50x75-a91bf249278a81aabab721ef782c4a74.png]]></small_image_url>
<image_url><![CDATA[https://s.gr-assets.com/assets/nophoto/book/111x148-bcc042a9c91a29c1d680899eff700a03.png]]></image_url>
<num_pages>256</num_pages>
<work>
<id>432821</id>
</work>
<isbn>0743299787</isbn>
<isbn13>9780743299787</isbn13>
<average_rating>3.89</average_rating>
<ratings_count>1178</ratings_count>
<publication_year>2007</publication_year>
<publication_month>11</publication_month>
<publication_day>6</publication_day>
<authors>
<author>
<id>13623</id>
<name>Michael Ruhlman</name>
<link><![CDATA[https://www.goodreads.com/author/show/13623.Michael_Ruhlman]]></link>
</author>
</authors>
</book>

          <book>
<id>767390</id>
<title>Culinary Artistry</title>
<title_without_series>Culinary Artistry</title_without_series>
<link><![CDATA[https://www.goodreads.com/book/show/767390.Culinary_Artistry]]></link>
<small_image_url><![CDATA[https://s.gr-assets.com/assets/nophoto/book/50x75-a91bf249278a81aabab721ef782c4a74.png]]></small_image_url>
<image_url><![CDATA[https://s.gr-assets.com/assets/nophoto/book/111x148-bcc042a9c91a29c1d680899eff700a03.png]]></image_url>
<num_pages></num_pages>
<work>
<id>520998</id>
</work>
<isbn>0471287857</isbn>
<isbn13>9780471287858</isbn13>
<average_rating>4.30</average_rating>
<ratings_count>1460</ratings_count>
<publication_year></publication_year>
<publication_month></publication_month>
<publication_day></publication_day>
<authors>
<author>
<id>4676</id>
<name>Andrew Dornenburg</name>
<link><![CDATA[https://www.goodreads.com/author/show/4676.Andrew_Dornenburg]]></link>
</author>
</authors>
</book>

          <book>
<id>17290</id>
<title><![CDATA[What Einstein Told His Cook: Kitchen Science Explained]]></title>
<title_without_series><![CDATA[What Einstein Told His Cook: Kitchen Science Explained]]></title_without_series>
<link><![CDATA[https://www.goodreads.com/book/show/17290.What_Einstein_Told_His_Cook]]></link>
<small_image_url><![CDATA[https://s.gr-assets.com/assets/nophoto/book/50x75-a91bf249278a81aabab721ef782c4a74.png]]></small_image_url>
<image_url><![CDATA[https://s.gr-assets.com/assets/nophoto/book/111x148-bcc042a9c91a29c1d680899eff700a03.png]]></image_url>
<num_pages>320</num_pages>
<work>
<id>2001241</id>
</work>
<isbn>0393011836</isbn>
<isbn13>9780393011838</isbn13>
<average_rating>3.85</average_rating>
<ratings_count>3120</ratings_count>
<publication_year>2002</publication_year>
<publication_month>5</publication_month>
<publication_day>17</publication_day>
<authors>
<author>
<id>10503</id>
<name>Robert L. Wolke</name>
<link><![CDATA[https://www.goodreads.com/author/show/10503.Robert_L_Wolke]]></link>
</author>
</authors>
</book>

          <book>
<id>25770528</id>
<title><![CDATA[Cooking for Geeks: Real Science, Great Cooks, and Good Food]]></title>
<title_without_series><![CDATA[Cooking for Geeks: Real Science, Great Cooks, and Good Food]]></title_without_series>
<link><![CDATA[https://www.goodreads.com/book/show/25770528-cooking-for-geeks]]></link>
<small_image_url><![CDATA[https://images.gr-assets.com/books/1445789813s/25770528.jpg]]></small_image_url>
<image_url><![CDATA[https://images.gr-assets.com/books/1445789813m/25770528.jpg]]></image_url>
<num_pages>488</num_pages>
<work>
<id>12440866</id>
</work>
<isbn>1491928050</isbn>
<isbn13>9781491928059</isbn13>
<average_rating>4.05</average_rating>
<ratings_count>2948</ratings_count>
<publication_year>2015</publication_year>
<publication_month>10</publication_month>
<publication_day>29</publication_day>
<authors>
<author>
<id>275310</id>
<name>Jeff Potter</name>
<link><![CDATA[https://www.goodreads.com/author/show/275310.Jeff_Potter]]></link>
</author>
</authors>
</book>

          <book>
<id>8885824</id>
<title><![CDATA[Modernist Cuisine: The Art and Science of Cooking]]></title>
<title_without_series><![CDATA[Modernist Cuisine: The Art and Science of Cooking]]></title_without_series>
<link><![CDATA[https://www.goodreads.com/book/show/8885824-modernist-cuisine]]></link>
<small_image_url><![CDATA[https://images.gr-assets.com/books/1328774509s/8885824.jpg]]></small_image_url>
<image_url><![CDATA[https://images.gr-assets.com/books/1328774509m/8885824.jpg]]></image_url>
<num_pages>2400</num_pages>
<work>
<id>13761755</id>
</work>
<isbn>0982761007</isbn>
<isbn13>9780982761007</isbn13>
<average_rating>4.59</average_rating>
<ratings_count>1182</ratings_count>
<publication_year>2011</publication_year>
<publication_month>3</publication_month>
<publication_day>14</publication_day>
<authors>
<author>
<id>160990</id>
<name>Nathan Myhrvold</name>
<link><![CDATA[https://www.goodreads.com/author/show/160990.Nathan_Myhrvold]]></link>
</author>
</authors>
</book>

          <book>
<id>250689</id>
<title><![CDATA[The Physiology of Taste: Or, Meditations on Transcendental Gastronomy]]></title>
<title_without_series><![CDATA[The Physiology of Taste: Or, Meditations on Transcendental Gastronomy]]></title_without_series>
<link><![CDATA[https://www.goodreads.com/book/show/250689.The_Physiology_of_Taste]]></link>
<small_image_url><![CDATA[https://images.gr-assets.com/books/1407133890s/250689.jpg]]></small_image_url>
<image_url><![CDATA[https://images.gr-assets.com/books/1407133890m/250689.jpg]]></image_url>
<num_pages>443</num_pages>
<work>
<id>1240283</id>
</work>
<isbn>0156717700</isbn>
<isbn13>9780156717700</isbn13>
<average_rating>4.11</average_rating>
<ratings_count>1121</ratings_count>
<publication_year>1978</publication_year>
<publication_month>12</publication_month>
<publication_day>31</publication_day>
<authors>
<author>
<id>118185</id>
<name>Jean Anthelme Brillat-Savarin</name>
<link><![CDATA[https://www.goodreads.com/author/show/118185.Jean_Anthelme_Brillat_Savarin]]></link>
</author>
</authors>
</book>

          <book>
<id>91774</id>
<title><![CDATA[The Food Lover's Companion (Barron's Cooking Guide)]]></title>
<title_without_series>The Food Lover&apos;s Companion</title_without_series>
<link><![CDATA[https://www.goodreads.com/book/show/91774.The_Food_Lover_s_Companion]]></link>
<small_image_url><![CDATA[https://s.gr-assets.com/assets/nophoto/book/50x75-a91bf249278a81aabab721ef782c4a74.png]]></small_image_url>
<image_url><![CDATA[https://s.gr-assets.com/assets/nophoto/book/111x148-bcc042a9c91a29c1d680899eff700a03.png]]></image_url>
<num_pages>792</num_pages>
<work>
<id>88540</id>
</work>
<isbn>0764112589</isbn>
<isbn13>9780764112584</isbn13>
<average_rating>4.36</average_rating>
<ratings_count>2297</ratings_count>
<publication_year>2001</publication_year>
<publication_month>2</publication_month>
<publication_day>1</publication_day>
<authors>
<author>
<id>52764</id>
<name>Sharon Tyler Herbst</name>
<link><![CDATA[https://www.goodreads.com/author/show/52764.Sharon_Tyler_Herbst]]></link>
</author>
</authors>
</book>

          <book>
<id>1077516</id>
<title><![CDATA[Jacques Pépin's Complete Techniques: Featuring More Than 1,000 Cooking Methods and Recipes,  in Thousands of  Step-by-Step Photographs]]></title>
<title_without_series><![CDATA[Jacques Pépin's Complete Techniques: Featuring More Than 1,000 Cooking Methods and Recipes,  in Thousands of  Step-by-Step Photographs]]></title_without_series>
<link><![CDATA[https://www.goodreads.com/book/show/1077516.Jacques_P_pin_s_Complete_Techniques]]></link>
<small_image_url><![CDATA[https://s.gr-assets.com/assets/nophoto/book/50x75-a91bf249278a81aabab721ef782c4a74.png]]></small_image_url>
<image_url><![CDATA[https://s.gr-assets.com/assets/nophoto/book/111x148-bcc042a9c91a29c1d680899eff700a03.png]]></image_url>
<num_pages></num_pages>
<work>
<id>1064232</id>
</work>
<isbn>1579121659</isbn>
<isbn13>9781579121655</isbn13>
<average_rating>4.40</average_rating>
<ratings_count>1556</ratings_count>
<publication_year></publication_year>
<publication_month></publication_month>
<publication_day></publication_day>
<authors>
<author>
<id>311750</id>
<name>Jacques Pépin</name>
<link><![CDATA[https://www.goodreads.com/author/show/311750.Jacques_P_pin]]></link>
</author>
</authors>
</book>

          <book>
<id>501229</id>
<title>The River Cottage Meat Book</title>
<title_without_series>The River Cottage Meat Book</title_without_series>
<link><![CDATA[https://www.goodreads.com/book/show/501229.The_River_Cottage_Meat_Book]]></link>
<small_image_url><![CDATA[https://images.gr-assets.com/books/1320392275s/501229.jpg]]></small_image_url>
<image_url><![CDATA[https://images.gr-assets.com/books/1320392275m/501229.jpg]]></image_url>
<num_pages>544</num_pages>
<work>
<id>489332</id>
</work>
<isbn>1580088430</isbn>
<isbn13>9781580088435</isbn13>
<average_rating>4.34</average_rating>
<ratings_count>2189</ratings_count>
<publication_year>2007</publication_year>
<publication_month>5</publication_month>
<publication_day>1</publication_day>
<authors>
<author>
<id>5805</id>
<name>Hugh Fearnley-Whittingstall</name>
<link><![CDATA[https://www.goodreads.com/author/show/5805.Hugh_Fearnley_Whittingstall]]></link>
</author>
</authors>
</book>

          <book>
<id>273669</id>
<title><![CDATA[The Escoffier Cookbook and Guide to the Fine Art of Cookery: For Connoisseurs, Chefs, Epicures Complete With 2973 Recipes]]></title>
<title_without_series><![CDATA[The Escoffier Cookbook and Guide to the Fine Art of Cookery: For Connoisseurs, Chefs, Epicures Complete With 2973 Recipes]]></title_without_series>
<link><![CDATA[https://www.goodreads.com/book/show/273669.The_Escoffier_Cookbook_and_Guide_to_the_Fine_Art_of_Cookery]]></link>
<small_image_url><![CDATA[https://images.gr-assets.com/books/1403179349s/273669.jpg]]></small_image_url>
<image_url><![CDATA[https://images.gr-assets.com/books/1403179349m/273669.jpg]]></image_url>
<num_pages></num_pages>
<work>
<id>265359</id>
</work>
<isbn>0517506629</isbn>
<isbn13>9780517506622</isbn13>
<average_rating>4.38</average_rating>
<ratings_count>1016</ratings_count>
<publication_year></publication_year>
<publication_month></publication_month>
<publication_day></publication_day>
<authors>
<author>
<id>159516</id>
<name>Auguste Escoffier</name>
<link><![CDATA[https://www.goodreads.com/author/show/159516.Auguste_Escoffier]]></link>
</author>
</authors>
</book>

          <book>
<id>3822679</id>
<title><![CDATA[Fat: An Appreciation of a Misunderstood Ingredient, with Recipes]]></title>
<title_without_series><![CDATA[Fat: An Appreciation of a Misunderstood Ingredient, with Recipes]]></title_without_series>
<link><![CDATA[https://www.goodreads.com/book/show/3822679-fat]]></link>
<small_image_url><![CDATA[https://images.gr-assets.com/books/1320523449s/3822679.jpg]]></small_image_url>
<image_url><![CDATA[https://images.gr-assets.com/books/1320523449m/3822679.jpg]]></image_url>
<num_pages>232</num_pages>
<work>
<id>3867009</id>
</work>
<isbn>1580089356</isbn>
<isbn13>9781580089357</isbn13>
<average_rating>4.14</average_rating>
<ratings_count>709</ratings_count>
<publication_year>2008</publication_year>
<publication_month>9</publication_month>
<publication_day>1</publication_day>
<authors>
<author>
<id>61420</id>
<name>Jennifer McLagan</name>
<link><![CDATA[https://www.goodreads.com/author/show/61420.Jennifer_McLagan]]></link>
</author>
</authors>
</book>

          <book>
<id>306235</id>
<title>The Professional Chef</title>
<title_without_series>The Professional Chef</title_without_series>
<link><![CDATA[https://www.goodreads.com/book/show/306235.The_Professional_Chef]]></link>
<small_image_url><![CDATA[https://s.gr-assets.com/assets/nophoto/book/50x75-a91bf249278a81aabab721ef782c4a74.png]]></small_image_url>
<image_url><![CDATA[https://s.gr-assets.com/assets/nophoto/book/111x148-bcc042a9c91a29c1d680899eff700a03.png]]></image_url>
<num_pages>1036</num_pages>
<work>
<id>297219</id>
</work>
<isbn>0471382574</isbn>
<isbn13>9780471382577</isbn13>
<average_rating>4.31</average_rating>
<ratings_count>4527</ratings_count>
<publication_year>2001</publication_year>
<publication_month>9</publication_month>
<publication_day>20</publication_day>
<authors>
<author>
<id>4471013</id>
<name>Culinary Institute of America</name>
<link><![CDATA[https://www.goodreads.com/author/show/4471013.Culinary_Institute_of_America]]></link>
</author>
</authors>
</book>

          <book>
<id>40697</id>
<title><![CDATA[How to Read a French Fry: And Other Stories of Intriguing Kitchen Science]]></title>
<title_without_series><![CDATA[How to Read a French Fry: And Other Stories of Intriguing Kitchen Science]]></title_without_series>
<link><![CDATA[https://www.goodreads.com/book/show/40697.How_to_Read_a_French_Fry]]></link>
<small_image_url><![CDATA[https://s.gr-assets.com/assets/nophoto/book/50x75-a91bf249278a81aabab721ef782c4a74.png]]></small_image_url>
<image_url><![CDATA[https://s.gr-assets.com/assets/nophoto/book/111x148-bcc042a9c91a29c1d680899eff700a03.png]]></image_url>
<num_pages>334</num_pages>
<work>
<id>2120429</id>
</work>
<isbn>0618379436</isbn>
<isbn13>9780618379439</isbn13>
<average_rating>3.72</average_rating>
<ratings_count>415</ratings_count>
<publication_year></publication_year>
<publication_month></publication_month>
<publication_day></publication_day>
<authors>
<author>
<id>22867</id>
<name>Russ Parsons</name>
<link><![CDATA[https://www.goodreads.com/author/show/22867.Russ_Parsons]]></link>
</author>
</authors>
</book>

          <book>
<id>155772</id>
<title><![CDATA[The Whole Beast: Nose to Tail Eating]]></title>
<title_without_series><![CDATA[The Whole Beast: Nose to Tail Eating]]></title_without_series>
<link><![CDATA[https://www.goodreads.com/book/show/155772.The_Whole_Beast]]></link>
<small_image_url><![CDATA[https://images.gr-assets.com/books/1407109670s/155772.jpg]]></small_image_url>
<image_url><![CDATA[https://images.gr-assets.com/books/1407109670m/155772.jpg]]></image_url>
<num_pages>224</num_pages>
<work>
<id>150310</id>
</work>
<isbn>0060585366</isbn>
<isbn13>9780060585365</isbn13>
<average_rating>4.32</average_rating>
<ratings_count>1323</ratings_count>
<publication_year>2004</publication_year>
<publication_month>3</publication_month>
<publication_day>30</publication_day>
<authors>
<author>
<id>22535</id>
<name>Fergus Henderson</name>
<link><![CDATA[https://www.goodreads.com/author/show/22535.Fergus_Henderson]]></link>
</author>
</authors>
</book>

          <book>
<id>815612</id>
<title><![CDATA[Larousse Gastronomique: The World's Greatest Culinary Encyclopedia]]></title>
<title_without_series><![CDATA[Larousse Gastronomique: The World's Greatest Culinary Encyclopedia]]></title_without_series>
<link><![CDATA[https://www.goodreads.com/book/show/815612.Larousse_Gastronomique]]></link>
<small_image_url><![CDATA[https://s.gr-assets.com/assets/nophoto/book/50x75-a91bf249278a81aabab721ef782c4a74.png]]></small_image_url>
<image_url><![CDATA[https://s.gr-assets.com/assets/nophoto/book/111x148-bcc042a9c91a29c1d680899eff700a03.png]]></image_url>
<num_pages>1360</num_pages>
<work>
<id>801534</id>
</work>
<isbn>0609609718</isbn>
<isbn13>9780609609712</isbn13>
<average_rating>4.39</average_rating>
<ratings_count>5380</ratings_count>
<publication_year>2001</publication_year>
<publication_month>10</publication_month>
<publication_day>2</publication_day>
<authors>
<author>
<id>4422818</id>
<name>Larousse</name>
<link><![CDATA[https://www.goodreads.com/author/show/4422818.Larousse]]></link>
</author>
</authors>
</book>

          <book>
<id>8530477</id>
<title><![CDATA[Ideas in Food: Great Recipes and Why They Work]]></title>
<title_without_series><![CDATA[Ideas in Food: Great Recipes and Why They Work]]></title_without_series>
<link><![CDATA[https://www.goodreads.com/book/show/8530477-ideas-in-food]]></link>
<small_image_url><![CDATA[https://images.gr-assets.com/books/1320552741s/8530477.jpg]]></small_image_url>
<image_url><![CDATA[https://images.gr-assets.com/books/1320552741m/8530477.jpg]]></image_url>
<num_pages>320</num_pages>
<work>
<id>13397617</id>
</work>
<isbn>0307717402</isbn>
<isbn13>9780307717405</isbn13>
<average_rating>3.94</average_rating>
<ratings_count>482</ratings_count>
<publication_year>2010</publication_year>
<publication_month>12</publication_month>
<publication_day>28</publication_day>
<authors>
<author>
<id>4104724</id>
<name>Aki Kamozawa</name>
<link><![CDATA[https://www.goodreads.com/author/show/4104724.Aki_Kamozawa]]></link>
</author>
</authors>
</book>

  </similar_books>
</book>

</GoodreadsResponse>