<?xml version="1.0" encoding="UTF-8"?>
<GoodreadsResponse>
  <Request>
    <authentication>true</authentication>
      <key><![CDATA[all_men_must_serve]]></key>
    <method><![CDATA[book_show]]></method>
  </Request>
  <book>
  <id>10127019</id>
  <title><![CDATA[The Lean Startup: How Today's Entrepreneurs Use Continuous Innovation to Create Radically Successful Businesses]]></title>
  <isbn><![CDATA[0307887898]]></isbn>
  <isbn13><![CDATA[9780307887894]]></isbn13>
  <asin><![CDATA[]]></asin>
  <kindle_asin><![CDATA[B005PR422K]]></kindle_asin>
  <marketplace_id><![CDATA[A1F83G8C2ARO7P]]></marketplace_id>
  <country_code><![CDATA[GB]]></country_code>
  <image_url>https://images.gr-assets.com/books/1333576876m/10127019.jpg</image_url>
  <small_image_url>https://images.gr-assets.com/books/1333576876s/10127019.jpg</small_image_url>
  <publication_year></publication_year>
  <publication_month></publication_month>
  <publication_day></publication_day>
  <publisher></publisher>
  <language_code>en-US</language_code>
  <is_ebook>false</is_ebook>
  <description><![CDATA[<p><b>Most startups fail. But many of those failures are preventable.  The Lean Startup is a new approach being adopted across the globe, changing the way companies are built and new products are launched. <br /></b><br />Eric Ries defines a startup as <b>an organization dedicated to creating something new under conditions of extreme uncertainty</b>. This is just as true for one person in a garage or a group of seasoned professionals in a Fortune 500 boardroom. What they have in common is a mission to penetrate that fog of uncertainty to discover a successful path to a sustainable business. <br /><br />The Lean Startup approach fosters companies that are both more capital efficient and that leverage human creativity more effectively.  Inspired by lessons from lean manufacturing, it relies on “validated learning,” rapid scientific experimentation, as well as a number of counter-intuitive practices that shorten product development cycles, measure actual progress without resorting to vanity metrics, and learn what customers really want. It enables a company to shift directions with agility, altering plans inch by inch, minute by minute. <br /><br />Rather than wasting time creating elaborate business plans, <i>The Lean Startup</i> offers entrepreneurs - in companies of all sizes - a way to test their vision continuously, to adapt and adjust before it’s too late. Ries provides a scientific approach to creating and managing successful startups in a age when companies need to innovate more than ever.</p>]]></description>
  <work>
  <id type="integer">15024842</id>
  <books_count type="integer">47</books_count>
  <best_book_id type="integer">10127019</best_book_id>
  <reviews_count type="integer">210306</reviews_count>
  <ratings_sum type="integer">367737</ratings_sum>
  <ratings_count type="integer">91006</ratings_count>
  <text_reviews_count type="integer">1857</text_reviews_count>
  <original_publication_year type="integer">2011</original_publication_year>
  <original_publication_month type="integer">1</original_publication_month>
  <original_publication_day type="integer">1</original_publication_day>
  <original_title>The Lean Startup‎</original_title>
  <original_language_id type="integer" nil="true"/>
  <media_type>book</media_type>
  <rating_dist>5:36289|4:31962|3:15757|2:4175|1:2823|total:91006</rating_dist>
  <desc_user_id type="integer">12427631</desc_user_id>
  <default_chaptering_book_id type="integer" nil="true"/>
  <default_description_language_code nil="true"/>
</work>
  <average_rating>4.04</average_rating>
  <num_pages><![CDATA[299]]></num_pages>
  <format><![CDATA[]]></format>
  <edition_information><![CDATA[]]></edition_information>
  <ratings_count><![CDATA[86615]]></ratings_count>
  <text_reviews_count><![CDATA[1713]]></text_reviews_count>
  <url><![CDATA[https://www.goodreads.com/book/show/10127019-the-lean-startup]]></url>
  <link><![CDATA[https://www.goodreads.com/book/show/10127019-the-lean-startup]]></link>
  <authors>
<author>
<id>278960</id>
<name>Eric Ries</name>
<role></role>
<image_url nophoto='false'>
<![CDATA[https://images.gr-assets.com/authors/1329162523p5/278960.jpg]]>
</image_url>
<small_image_url nophoto='false'>
<![CDATA[https://images.gr-assets.com/authors/1329162523p2/278960.jpg]]>
</small_image_url>
<link><![CDATA[https://www.goodreads.com/author/show/278960.Eric_Ries]]></link>
<average_rating>4.04</average_rating>
<ratings_count>91681</ratings_count>
<text_reviews_count>1869</text_reviews_count>
</author>
</authors>

    <reviews_widget>
      <![CDATA[
        <style>
  #goodreads-widget {
    font-family: georgia, serif;
    padding: 18px 0;
    width:565px;
  }
  #goodreads-widget h1 {
    font-weight:normal;
    font-size: 16px;
    border-bottom: 1px solid #BBB596;
    margin-bottom: 0;
  }
  #goodreads-widget a {
    text-decoration: none;
    color:#660;
  }
  iframe{
    background-color: #fff;
  }
  #goodreads-widget a:hover { text-decoration: underline; }
  #goodreads-widget a:active {
    color:#660;
  }
  #gr_footer {
    width: 100%;
    border-top: 1px solid #BBB596;
    text-align: right;
  }
  #goodreads-widget .gr_branding{
    color: #382110;
    font-size: 11px;
    text-decoration: none;
    font-family: "Helvetica Neue", Helvetica, Arial, sans-serif;
  }
</style>
<div id="goodreads-widget">
  <div id="gr_header"><h1><a rel="nofollow" href="https://www.goodreads.com/book/show/10127019-the-lean-startup">The Lean Startup Reviews</a></h1></div>
  <iframe id="the_iframe" src="https://www.goodreads.com/api/reviews_widget_iframe?did=DEVELOPER_ID&amp;format=html&amp;isbn=0307887898&amp;links=660&amp;min_rating=&amp;review_back=fff&amp;stars=000&amp;text=000" width="565" height="400" frameborder="0"></iframe>
  <div id="gr_footer">
    <a class="gr_branding" target="_blank" rel="nofollow" href="https://www.goodreads.com/book/show/10127019-the-lean-startup?utm_medium=api&amp;utm_source=reviews_widget">Reviews from Goodreads.com</a>
  </div>
</div>

      ]]>
    </reviews_widget>
  <popular_shelves>
      <shelf name="to-read" count="97500"/>
      <shelf name="currently-reading" count="4094"/>
      <shelf name="business" count="1993"/>
      <shelf name="non-fiction" count="403"/>
      <shelf name="entrepreneurship" count="359"/>
      <shelf name="startup" count="248"/>
      <shelf name="management" count="163"/>
      <shelf name="startups" count="139"/>
      <shelf name="favorites" count="124"/>
      <shelf name="work" count="118"/>
      <shelf name="nonfiction" count="115"/>
      <shelf name="business-books" count="94"/>
      <shelf name="innovation" count="78"/>
      <shelf name="agile" count="77"/>
      <shelf name="entrepreneur" count="75"/>
      <shelf name="tech" count="69"/>
      <shelf name="lean" count="64"/>
      <shelf name="to-buy" count="64"/>
      <shelf name="owned" count="63"/>
      <shelf name="product-management" count="60"/>
      <shelf name="leadership" count="59"/>
      <shelf name="technology" count="57"/>
      <shelf name="to-read-business" count="49"/>
      <shelf name="personal-mba" count="49"/>
      <shelf name="kindle" count="49"/>
      <shelf name="biz" count="48"/>
      <shelf name="audible" count="42"/>
      <shelf name="career" count="40"/>
      <shelf name="start-up" count="38"/>
      <shelf name="professional" count="38"/>
      <shelf name="audiobook" count="33"/>
      <shelf name="economics" count="32"/>
      <shelf name="mba" count="27"/>
      <shelf name="my-books" count="26"/>
      <shelf name="marketing" count="26"/>
      <shelf name="library" count="26"/>
      <shelf name="pm" count="25"/>
      <shelf name="audiobooks" count="25"/>
      <shelf name="business-to-read" count="24"/>
      <shelf name="productivity" count="24"/>
      <shelf name="abandoned" count="23"/>
      <shelf name="default" count="22"/>
      <shelf name="product" count="22"/>
      <shelf name="design" count="22"/>
      <shelf name="unfinished" count="21"/>
      <shelf name="self-improvement" count="21"/>
      <shelf name="personal-development" count="21"/>
      <shelf name="self-help" count="21"/>
      <shelf name="strategy" count="21"/>
      <shelf name="ux" count="20"/>
      <shelf name="lean-startup" count="20"/>
      <shelf name="to-read-non-fiction" count="20"/>
      <shelf name="english" count="19"/>
      <shelf name="books-i-own" count="19"/>
      <shelf name="programming" count="19"/>
      <shelf name="audio" count="18"/>
      <shelf name="ebook" count="17"/>
      <shelf name="work-related" count="17"/>
      <shelf name="business-entrepreneurship" count="17"/>
      <shelf name="professional-development" count="16"/>
      <shelf name="shelfari-favorites" count="15"/>
      <shelf name="must-read" count="15"/>
      <shelf name="success" count="15"/>
      <shelf name="software" count="15"/>
      <shelf name="business-management" count="15"/>
      <shelf name="it" count="15"/>
      <shelf name="start-ups" count="15"/>
      <shelf name="learning" count="15"/>
      <shelf name="project-management" count="14"/>
      <shelf name="ebooks" count="14"/>
      <shelf name="on-hold" count="14"/>
      <shelf name="product-development" count="14"/>
      <shelf name="software-development" count="14"/>
      <shelf name="maybe" count="13"/>
      <shelf name="entrepreneurial" count="13"/>
      <shelf name="enterpreneurship" count="12"/>
      <shelf name="business-strategy" count="12"/>
      <shelf name="partially-read" count="12"/>
      <shelf name="business-creation" count="12"/>
      <shelf name="business-finance" count="12"/>
      <shelf name="development" count="12"/>
      <shelf name="2017-reading-list" count="11"/>
      <shelf name="business-development" count="11"/>
      <shelf name="owned-books" count="11"/>
      <shelf name="bussiness" count="11"/>
      <shelf name="recommended" count="11"/>
      <shelf name="finance" count="10"/>
      <shelf name="reference" count="10"/>
      <shelf name="favorite" count="10"/>
      <shelf name="negocios" count="10"/>
      <shelf name="priority" count="10"/>
      <shelf name="self-development" count="10"/>
      <shelf name="educational" count="10"/>
      <shelf name="audio-book" count="10"/>
      <shelf name="to-read-nonfiction" count="10"/>
      <shelf name="empreendedorismo" count="10"/>
      <shelf name="wish-list" count="10"/>
      <shelf name="read-2016" count="9"/>
      <shelf name="blinkist" count="9"/>
      <shelf name="read-in-2015" count="9"/>
  </popular_shelves>
  <book_links>
    <book_link>
  <id>8</id>
  <name>Libraries</name>
  <link>https://www.goodreads.com/book_link/follow/8</link>
</book_link>

  </book_links>
  <buy_links>
    <buy_link>
<id>1</id>
<name>Amazon</name>
<link>https://www.goodreads.com/book_link/follow/1</link>
</buy_link>
<buy_link>
<id>10</id>
<name>Audible</name>
<link>https://www.goodreads.com/book_link/follow/10</link>
</buy_link>
<buy_link>
<id>3</id>
<name>Barnes &amp; Noble</name>
<link>https://www.goodreads.com/book_link/follow/3</link>
</buy_link>
<buy_link>
<id>1027</id>
<name>Kobo</name>
<link>https://www.goodreads.com/book_link/follow/1027</link>
</buy_link>
<buy_link>
<id>2102</id>
<name>Apple iBooks</name>
<link>https://www.goodreads.com/book_link/follow/2102</link>
</buy_link>
<buy_link>
<id>8036</id>
<name>Google Play</name>
<link>https://www.goodreads.com/book_link/follow/8036</link>
</buy_link>
<buy_link>
<id>4</id>
<name>Abebooks</name>
<link>https://www.goodreads.com/book_link/follow/4</link>
</buy_link>
<buy_link>
<id>882</id>
<name>Book Depository</name>
<link>https://www.goodreads.com/book_link/follow/882</link>
</buy_link>
<buy_link>
<id>9</id>
<name>Indigo</name>
<link>https://www.goodreads.com/book_link/follow/9</link>
</buy_link>
<buy_link>
<id>2</id>
<name>Half.com</name>
<link>https://www.goodreads.com/book_link/follow/2</link>
</buy_link>
<buy_link>
<id>5</id>
<name>Alibris</name>
<link>https://www.goodreads.com/book_link/follow/5</link>
</buy_link>
<buy_link>
<id>107</id>
<name>Better World Books</name>
<link>https://www.goodreads.com/book_link/follow/107</link>
</buy_link>
<buy_link>
<id>7</id>
<name>IndieBound</name>
<link>https://www.goodreads.com/book_link/follow/7</link>
</buy_link>

  </buy_links>
  <series_works>
    
  </series_works>
  <similar_books>
          <book>
<id>13557008</id>
<title><![CDATA[The Startup Owner's Manual: The Step-By-Step Guide for Building a Great Company]]></title>
<title_without_series><![CDATA[The Startup Owner's Manual: The Step-By-Step Guide for Building a Great Company]]></title_without_series>
<link><![CDATA[https://www.goodreads.com/book/show/13557008-the-startup-owner-s-manual]]></link>
<small_image_url><![CDATA[https://images.gr-assets.com/books/1448890528s/13557008.jpg]]></small_image_url>
<image_url><![CDATA[https://images.gr-assets.com/books/1448890528m/13557008.jpg]]></image_url>
<num_pages>608</num_pages>
<work>
<id>19018247</id>
</work>
<isbn>0984999302</isbn>
<isbn13>9780984999309</isbn13>
<average_rating>4.15</average_rating>
<ratings_count>5076</ratings_count>
<publication_year>2012</publication_year>
<publication_month></publication_month>
<publication_day></publication_day>
<authors>
<author>
<id>402425</id>
<name>Steven Gary Blank</name>
<link><![CDATA[https://www.goodreads.com/author/show/402425.Steven_Gary_Blank]]></link>
</author>
</authors>
</book>

          <book>
<id>13078769</id>
<title><![CDATA[Running Lean: Iterate from Plan A to a Plan That Works]]></title>
<title_without_series><![CDATA[Running Lean: Iterate from Plan A to a Plan That Works]]></title_without_series>
<link><![CDATA[https://www.goodreads.com/book/show/13078769-running-lean]]></link>
<small_image_url><![CDATA[https://images.gr-assets.com/books/1344712076s/13078769.jpg]]></small_image_url>
<image_url><![CDATA[https://images.gr-assets.com/books/1344712076m/13078769.jpg]]></image_url>
<num_pages>240</num_pages>
<work>
<id>18245963</id>
</work>
<isbn>1449305172</isbn>
<isbn13>9781449305178</isbn13>
<average_rating>4.06</average_rating>
<ratings_count>6732</ratings_count>
<publication_year>2012</publication_year>
<publication_month>3</publication_month>
<publication_day>6</publication_day>
<authors>
<author>
<id>5339404</id>
<name>Ash Maurya</name>
<link><![CDATA[https://www.goodreads.com/author/show/5339404.Ash_Maurya]]></link>
</author>
</authors>
</book>

          <book>
<id>9266037</id>
<title><![CDATA[The Entrepreneur's Guide to Customer Development: A "Cheat Sheet" to the Four Steps to the Epiphany]]></title>
<title_without_series><![CDATA[The Entrepreneur's Guide to Customer Development: A "Cheat Sheet" to the Four Steps to the Epiphany]]></title_without_series>
<link><![CDATA[https://www.goodreads.com/book/show/9266037-the-entrepreneur-s-guide-to-customer-development]]></link>
<small_image_url><![CDATA[https://s.gr-assets.com/assets/nophoto/book/50x75-a91bf249278a81aabab721ef782c4a74.png]]></small_image_url>
<image_url><![CDATA[https://s.gr-assets.com/assets/nophoto/book/111x148-bcc042a9c91a29c1d680899eff700a03.png]]></image_url>
<num_pages></num_pages>
<work>
<id>14146842</id>
</work>
<isbn>0982743602</isbn>
<isbn13>9780982743607</isbn13>
<average_rating>4.01</average_rating>
<ratings_count>2144</ratings_count>
<publication_year></publication_year>
<publication_month></publication_month>
<publication_day></publication_day>
<authors>
<author>
<id>3980307</id>
<name>Brant Cooper</name>
<link><![CDATA[https://www.goodreads.com/author/show/3980307.Brant_Cooper]]></link>
</author>
</authors>
</book>

          <book>
<id>13234710</id>
<title><![CDATA[The Founder′s Dilemmas - Anticipating and Avoiding the Pitfalls That Can Sink a Startup (The Kauffman Foundation Series on Innovation and Entrepreneurship)]]></title>
<title_without_series><![CDATA[The Founder′s Dilemmas - Anticipating and Avoiding the Pitfalls That Can Sink a Startup]]></title_without_series>
<link><![CDATA[https://www.goodreads.com/book/show/13234710-the-founder-s-dilemmas---anticipating-and-avoiding-the-pitfalls-that-can]]></link>
<small_image_url><![CDATA[https://images.gr-assets.com/books/1356093515s/13234710.jpg]]></small_image_url>
<image_url><![CDATA[https://images.gr-assets.com/books/1356093515m/13234710.jpg]]></image_url>
<num_pages></num_pages>
<work>
<id>18431882</id>
</work>
<isbn>0691149135</isbn>
<isbn13>9780691149134</isbn13>
<average_rating>4.03</average_rating>
<ratings_count>1983</ratings_count>
<publication_year></publication_year>
<publication_month></publication_month>
<publication_day></publication_day>
<authors>
<author>
<id>5390057</id>
<name>Noam Wasserman</name>
<link><![CDATA[https://www.goodreads.com/author/show/5390057.Noam_Wasserman]]></link>
</author>
</authors>
</book>

          <book>
<id>8086552</id>
<title><![CDATA[Kanban: Successful Evolutionary Change for Your Technology Business]]></title>
<title_without_series><![CDATA[Kanban: Successful Evolutionary Change for Your Technology Business]]></title_without_series>
<link><![CDATA[https://www.goodreads.com/book/show/8086552-kanban]]></link>
<small_image_url><![CDATA[https://images.gr-assets.com/books/1335865085s/8086552.jpg]]></small_image_url>
<image_url><![CDATA[https://images.gr-assets.com/books/1335865085m/8086552.jpg]]></image_url>
<num_pages>262</num_pages>
<work>
<id>12821559</id>
</work>
<isbn>0984521402</isbn>
<isbn13>9780984521401</isbn13>
<average_rating>3.97</average_rating>
<ratings_count>1885</ratings_count>
<publication_year>2010</publication_year>
<publication_month>4</publication_month>
<publication_day>7</publication_day>
<authors>
<author>
<id>82481</id>
<name>David J. Anderson</name>
<link><![CDATA[https://www.goodreads.com/author/show/82481.David_J_Anderson]]></link>
</author>
</authors>
</book>

          <book>
<id>16033602</id>
<title><![CDATA[Lean Analytics: Use Data to Build a Better Startup Faster]]></title>
<title_without_series><![CDATA[Lean Analytics: Use Data to Build a Better Startup Faster]]></title_without_series>
<link><![CDATA[https://www.goodreads.com/book/show/16033602-lean-analytics]]></link>
<small_image_url><![CDATA[https://images.gr-assets.com/books/1350397246s/16033602.jpg]]></small_image_url>
<image_url><![CDATA[https://images.gr-assets.com/books/1350397246m/16033602.jpg]]></image_url>
<num_pages>440</num_pages>
<work>
<id>21804733</id>
</work>
<isbn>1449335675</isbn>
<isbn13>9781449335670</isbn13>
<average_rating>4.09</average_rating>
<ratings_count>2734</ratings_count>
<publication_year>2013</publication_year>
<publication_month>3</publication_month>
<publication_day>18</publication_day>
<authors>
<author>
<id>2857625</id>
<name>Alistair Croll</name>
<link><![CDATA[https://www.goodreads.com/author/show/2857625.Alistair_Croll]]></link>
</author>
</authors>
</book>

          <book>
<id>11865558</id>
<title><![CDATA[Venture Deals: Be Smarter Than Your Lawyer and Venture Capitalist]]></title>
<title_without_series><![CDATA[Venture Deals: Be Smarter Than Your Lawyer and Venture Capitalist]]></title_without_series>
<link><![CDATA[https://www.goodreads.com/book/show/11865558-venture-deals]]></link>
<small_image_url><![CDATA[https://images.gr-assets.com/books/1356089559s/11865558.jpg]]></small_image_url>
<image_url><![CDATA[https://images.gr-assets.com/books/1356089559m/11865558.jpg]]></image_url>
<num_pages>219</num_pages>
<work>
<id>16822572</id>
</work>
<isbn>0470929820</isbn>
<isbn13>9780470929827</isbn13>
<average_rating>4.09</average_rating>
<ratings_count>6928</ratings_count>
<publication_year>2011</publication_year>
<publication_month>7</publication_month>
<publication_day>7</publication_day>
<authors>
<author>
<id>4395710</id>
<name>Brad Feld</name>
<link><![CDATA[https://www.goodreads.com/author/show/4395710.Brad_Feld]]></link>
</author>
</authors>
</book>

          <book>
<id>6278270</id>
<title><![CDATA[The Principles of Product Development Flow: Second Generation Lean Product Development]]></title>
<title_without_series><![CDATA[The Principles of Product Development Flow: Second Generation Lean Product Development]]></title_without_series>
<link><![CDATA[https://www.goodreads.com/book/show/6278270-the-principles-of-product-development-flow]]></link>
<small_image_url><![CDATA[https://s.gr-assets.com/assets/nophoto/book/50x75-a91bf249278a81aabab721ef782c4a74.png]]></small_image_url>
<image_url><![CDATA[https://s.gr-assets.com/assets/nophoto/book/111x148-bcc042a9c91a29c1d680899eff700a03.png]]></image_url>
<num_pages>276</num_pages>
<work>
<id>6461800</id>
</work>
<isbn>1935401009</isbn>
<isbn13>9781935401001</isbn13>
<average_rating>4.19</average_rating>
<ratings_count>1211</ratings_count>
<publication_year>2009</publication_year>
<publication_month>5</publication_month>
<publication_day>1</publication_day>
<authors>
<author>
<id>77659</id>
<name>Donald G. Reinertsen</name>
<link><![CDATA[https://www.goodreads.com/author/show/77659.Donald_G_Reinertsen]]></link>
</author>
</authors>
</book>

          <book>
<id>3323374</id>
<title><![CDATA[Inspired: How To Create Products Customers Love]]></title>
<title_without_series><![CDATA[Inspired: How To Create Products Customers Love]]></title_without_series>
<link><![CDATA[https://www.goodreads.com/book/show/3323374-inspired]]></link>
<small_image_url><![CDATA[https://s.gr-assets.com/assets/nophoto/book/50x75-a91bf249278a81aabab721ef782c4a74.png]]></small_image_url>
<image_url><![CDATA[https://s.gr-assets.com/assets/nophoto/book/111x148-bcc042a9c91a29c1d680899eff700a03.png]]></image_url>
<num_pages></num_pages>
<work>
<id>3361249</id>
</work>
<isbn>0981690408</isbn>
<isbn13>9780981690407</isbn13>
<average_rating>4.13</average_rating>
<ratings_count>3794</ratings_count>
<publication_year></publication_year>
<publication_month></publication_month>
<publication_day></publication_day>
<authors>
<author>
<id>1405323</id>
<name>Marty Cagan</name>
<link><![CDATA[https://www.goodreads.com/author/show/1405323.Marty_Cagan]]></link>
</author>
</authors>
</book>

          <book>
<id>16128986</id>
<title>UX for Lean Startups</title>
<title_without_series>UX for Lean Startups</title_without_series>
<link><![CDATA[https://www.goodreads.com/book/show/16128986-ux-for-lean-startups]]></link>
<small_image_url><![CDATA[https://images.gr-assets.com/books/1356670411s/16128986.jpg]]></small_image_url>
<image_url><![CDATA[https://images.gr-assets.com/books/1356670411m/16128986.jpg]]></image_url>
<num_pages>240</num_pages>
<work>
<id>21953903</id>
</work>
<isbn>1449334911</isbn>
<isbn13>9781449334918</isbn13>
<average_rating>4.03</average_rating>
<ratings_count>760</ratings_count>
<publication_year>2013</publication_year>
<publication_month>5</publication_month>
<publication_day>23</publication_day>
<authors>
<author>
<id>381043</id>
<name>Laura Klein</name>
<link><![CDATA[https://www.goodreads.com/author/show/381043.Laura_Klein]]></link>
</author>
</authors>
</book>

          <book>
<id>422363</id>
<title><![CDATA[Go It Alone!: The Secret to Building a Successful Business on Your Own]]></title>
<title_without_series><![CDATA[Go It Alone!: The Secret to Building a Successful Business on Your Own]]></title_without_series>
<link><![CDATA[https://www.goodreads.com/book/show/422363.Go_It_Alone_]]></link>
<small_image_url><![CDATA[https://s.gr-assets.com/assets/nophoto/book/50x75-a91bf249278a81aabab721ef782c4a74.png]]></small_image_url>
<image_url><![CDATA[https://s.gr-assets.com/assets/nophoto/book/111x148-bcc042a9c91a29c1d680899eff700a03.png]]></image_url>
<num_pages></num_pages>
<work>
<id>411478</id>
</work>
<isbn>0060731141</isbn>
<isbn13>9780060731144</isbn13>
<average_rating>3.82</average_rating>
<ratings_count>553</ratings_count>
<publication_year></publication_year>
<publication_month></publication_month>
<publication_day></publication_day>
<authors>
<author>
<id>238188</id>
<name>Bruce Judson</name>
<link><![CDATA[https://www.goodreads.com/author/show/238188.Bruce_Judson]]></link>
</author>
</authors>
</book>

          <book>
<id>9167158</id>
<title><![CDATA[Start Small, Stay Small: A Developer's Guide to Launching a Startup]]></title>
<title_without_series><![CDATA[Start Small, Stay Small: A Developer's Guide to Launching a Startup]]></title_without_series>
<link><![CDATA[https://www.goodreads.com/book/show/9167158-start-small-stay-small]]></link>
<small_image_url><![CDATA[https://images.gr-assets.com/books/1328103549s/9167158.jpg]]></small_image_url>
<image_url><![CDATA[https://images.gr-assets.com/books/1328103549m/9167158.jpg]]></image_url>
<num_pages>214</num_pages>
<work>
<id>14046313</id>
</work>
<isbn></isbn>
<isbn13></isbn13>
<average_rating>3.96</average_rating>
<ratings_count>980</ratings_count>
<publication_year></publication_year>
<publication_month></publication_month>
<publication_day></publication_day>
<authors>
<author>
<id>4098734</id>
<name>Rob Walling</name>
<link><![CDATA[https://www.goodreads.com/author/show/4098734.Rob_Walling]]></link>
</author>
</authors>
</book>

          <book>
<id>7723797</id>
<title>Business Model Generation</title>
<title_without_series>Business Model Generation</title_without_series>
<link><![CDATA[https://www.goodreads.com/book/show/7723797-business-model-generation]]></link>
<small_image_url><![CDATA[https://images.gr-assets.com/books/1384676138s/7723797.jpg]]></small_image_url>
<image_url><![CDATA[https://images.gr-assets.com/books/1384676138m/7723797.jpg]]></image_url>
<num_pages>273</num_pages>
<work>
<id>9815226</id>
</work>
<isbn>2839906171</isbn>
<isbn13>9782839906173</isbn13>
<average_rating>4.16</average_rating>
<ratings_count>22973</ratings_count>
<publication_year>2010</publication_year>
<publication_month></publication_month>
<publication_day></publication_day>
<authors>
<author>
<id>3309113</id>
<name>Alexander Osterwalder</name>
<link><![CDATA[https://www.goodreads.com/author/show/3309113.Alexander_Osterwalder]]></link>
</author>
</authors>
</book>

          <book>
<id>16084015</id>
<title><![CDATA[Impact Mapping: Making a Big Impact with Software Products and Projects]]></title>
<title_without_series><![CDATA[Impact Mapping: Making a Big Impact with Software Products and Projects]]></title_without_series>
<link><![CDATA[https://www.goodreads.com/book/show/16084015-impact-mapping]]></link>
<small_image_url><![CDATA[https://images.gr-assets.com/books/1350145559s/16084015.jpg]]></small_image_url>
<image_url><![CDATA[https://images.gr-assets.com/books/1350145559m/16084015.jpg]]></image_url>
<num_pages>93</num_pages>
<work>
<id>21884784</id>
</work>
<isbn>0955683645</isbn>
<isbn13>9780955683640</isbn13>
<average_rating>4.06</average_rating>
<ratings_count>549</ratings_count>
<publication_year>2012</publication_year>
<publication_month>10</publication_month>
<publication_day>1</publication_day>
<authors>
<author>
<id>1407215</id>
<name>Gojko Adzic</name>
<link><![CDATA[https://www.goodreads.com/author/show/1407215.Gojko_Adzic]]></link>
</author>
</authors>
</book>

          <book>
<id>13436116</id>
<title><![CDATA[Lean UX: Applying Lean Principles to Improve User Experience]]></title>
<title_without_series><![CDATA[Lean UX: Applying Lean Principles to Improve User Experience]]></title_without_series>
<link><![CDATA[https://www.goodreads.com/book/show/13436116-lean-ux]]></link>
<small_image_url><![CDATA[https://images.gr-assets.com/books/1381355830s/13436116.jpg]]></small_image_url>
<image_url><![CDATA[https://images.gr-assets.com/books/1381355830m/13436116.jpg]]></image_url>
<num_pages>152</num_pages>
<work>
<id>18939926</id>
</work>
<isbn>1449311652</isbn>
<isbn13>9781449311650</isbn13>
<average_rating>3.92</average_rating>
<ratings_count>2734</ratings_count>
<publication_year>2013</publication_year>
<publication_month>3</publication_month>
<publication_day>8</publication_day>
<authors>
<author>
<id>5607117</id>
<name>Jeff Gothelf</name>
<link><![CDATA[https://www.goodreads.com/author/show/5607117.Jeff_Gothelf]]></link>
</author>
</authors>
</book>

          <book>
<id>6707987</id>
<title><![CDATA[Succeeding with Agile: Software Development Using Scrum]]></title>
<title_without_series><![CDATA[Succeeding with Agile: Software Development Using Scrum]]></title_without_series>
<link><![CDATA[https://www.goodreads.com/book/show/6707987-succeeding-with-agile]]></link>
<small_image_url><![CDATA[https://s.gr-assets.com/assets/nophoto/book/50x75-a91bf249278a81aabab721ef782c4a74.png]]></small_image_url>
<image_url><![CDATA[https://s.gr-assets.com/assets/nophoto/book/111x148-bcc042a9c91a29c1d680899eff700a03.png]]></image_url>
<num_pages>475</num_pages>
<work>
<id>6903817</id>
</work>
<isbn>0321579364</isbn>
<isbn13>9780321579362</isbn13>
<average_rating>4.02</average_rating>
<ratings_count>1175</ratings_count>
<publication_year>2009</publication_year>
<publication_month>10</publication_month>
<publication_day>1</publication_day>
<authors>
<author>
<id>2620</id>
<name>Mike Cohn</name>
<link><![CDATA[https://www.goodreads.com/author/show/2620.Mike_Cohn]]></link>
</author>
</authors>
</book>

          <book>
<id>447648</id>
<title><![CDATA[Getting Real: The Smarter, Faster, Easier Way to Build a Web Application]]></title>
<title_without_series><![CDATA[Getting Real: The Smarter, Faster, Easier Way to Build a Web Application]]></title_without_series>
<link><![CDATA[https://www.goodreads.com/book/show/447648.Getting_Real]]></link>
<small_image_url><![CDATA[https://images.gr-assets.com/books/1384467434s/447648.jpg]]></small_image_url>
<image_url><![CDATA[https://images.gr-assets.com/books/1384467434m/447648.jpg]]></image_url>
<num_pages>171</num_pages>
<work>
<id>72546</id>
</work>
<isbn></isbn>
<isbn13></isbn13>
<average_rating>4.05</average_rating>
<ratings_count>6109</ratings_count>
<publication_year>2006</publication_year>
<publication_month></publication_month>
<publication_day></publication_day>
<authors>
<author>
<id>42537</id>
<name>37 Signals</name>
<link><![CDATA[https://www.goodreads.com/author/show/42537.37_Signals]]></link>
</author>
</authors>
</book>

          <book>
<id>723074</id>
<title>The Myths of Innovation</title>
<title_without_series>The Myths of Innovation</title_without_series>
<link><![CDATA[https://www.goodreads.com/book/show/723074.The_Myths_of_Innovation]]></link>
<small_image_url><![CDATA[https://images.gr-assets.com/books/1411919665s/723074.jpg]]></small_image_url>
<image_url><![CDATA[https://images.gr-assets.com/books/1411919665m/723074.jpg]]></image_url>
<num_pages>192</num_pages>
<work>
<id>709307</id>
</work>
<isbn>0596527055</isbn>
<isbn13>9780596527051</isbn13>
<average_rating>3.84</average_rating>
<ratings_count>2986</ratings_count>
<publication_year>2007</publication_year>
<publication_month>5</publication_month>
<publication_day>11</publication_day>
<authors>
<author>
<id>105025</id>
<name>Scott Berkun</name>
<link><![CDATA[https://www.goodreads.com/author/show/105025.Scott_Berkun]]></link>
</author>
</authors>
</book>

  </similar_books>
</book>

</GoodreadsResponse>