<?xml version="1.0" encoding="UTF-8"?>
<GoodreadsResponse>
  <Request>
    <authentication>true</authentication>
      <key><![CDATA[all_men_must_serve]]></key>
    <method><![CDATA[book_show]]></method>
  </Request>
  <book>
  <id>1013383</id>
  <title>The Gruffalo</title>
  <isbn><![CDATA[0333710932]]></isbn>
  <isbn13><![CDATA[9780333710937]]></isbn13>
  <asin><![CDATA[]]></asin>
  <kindle_asin><![CDATA[]]></kindle_asin>
  <marketplace_id><![CDATA[]]></marketplace_id>
  <country_code><![CDATA[GB]]></country_code>
  <image_url>https://images.gr-assets.com/books/1329674496m/1013383.jpg</image_url>
  <small_image_url>https://images.gr-assets.com/books/1329674496s/1013383.jpg</small_image_url>
  <publication_year>1999</publication_year>
  <publication_month>8</publication_month>
  <publication_day>1</publication_day>
  <publisher>MacMillan Children's Books</publisher>
  <language_code>eng</language_code>
  <is_ebook>false</is_ebook>
  <description><![CDATA[This is a rhyming story of a mouse and a monster. Little mouse goes for a walk in a dangerous forest. To scare off his enemies he invents tales of a fantastical creature called the Gruffalo. So imagine his surprise when he meets the real Gruffalo.]]></description>
  <work>
  <id type="integer">999507</id>
  <books_count type="integer">101</books_count>
  <best_book_id type="integer">1013383</best_book_id>
  <reviews_count type="integer">27002</reviews_count>
  <ratings_sum type="integer">94876</ratings_sum>
  <ratings_count type="integer">21227</ratings_count>
  <text_reviews_count type="integer">1083</text_reviews_count>
  <original_publication_year type="integer">1999</original_publication_year>
  <original_publication_month type="integer">3</original_publication_month>
  <original_publication_day type="integer">23</original_publication_day>
  <original_title>The Gruffalo</original_title>
  <original_language_id type="integer" nil="true"/>
  <media_type>book</media_type>
  <rating_dist>5:13378|4:5216|3:2029|2:431|1:173|total:21227</rating_dist>
  <desc_user_id type="integer">27363483</desc_user_id>
  <default_chaptering_book_id type="integer" nil="true"/>
  <default_description_language_code nil="true"/>
</work>
  <average_rating>4.47</average_rating>
  <num_pages><![CDATA[]]></num_pages>
  <format><![CDATA[Paperback]]></format>
  <edition_information><![CDATA[]]></edition_information>
  <ratings_count><![CDATA[19618]]></ratings_count>
  <text_reviews_count><![CDATA[935]]></text_reviews_count>
  <url><![CDATA[https://www.goodreads.com/book/show/1013383.The_Gruffalo]]></url>
  <link><![CDATA[https://www.goodreads.com/book/show/1013383.The_Gruffalo]]></link>
  <authors>
<author>
<id>103243</id>
<name>Julia Donaldson</name>
<role></role>
<image_url nophoto='false'>
<![CDATA[https://images.gr-assets.com/authors/1224775572p5/103243.jpg]]>
</image_url>
<small_image_url nophoto='false'>
<![CDATA[https://images.gr-assets.com/authors/1224775572p2/103243.jpg]]>
</small_image_url>
<link><![CDATA[https://www.goodreads.com/author/show/103243.Julia_Donaldson]]></link>
<average_rating>4.28</average_rating>
<ratings_count>67338</ratings_count>
<text_reviews_count>4582</text_reviews_count>
</author>
<author>
<id>52071</id>
<name>Axel Scheffler</name>
<role>Illustrator</role>
<image_url nophoto='false'>
<![CDATA[https://images.gr-assets.com/authors/1320949919p5/52071.jpg]]>
</image_url>
<small_image_url nophoto='false'>
<![CDATA[https://images.gr-assets.com/authors/1320949919p2/52071.jpg]]>
</small_image_url>
<link><![CDATA[https://www.goodreads.com/author/show/52071.Axel_Scheffler]]></link>
<average_rating>4.33</average_rating>
<ratings_count>59057</ratings_count>
<text_reviews_count>3676</text_reviews_count>
</author>
</authors>

    <reviews_widget>
      <![CDATA[
        <style>
  #goodreads-widget {
    font-family: georgia, serif;
    padding: 18px 0;
    width:565px;
  }
  #goodreads-widget h1 {
    font-weight:normal;
    font-size: 16px;
    border-bottom: 1px solid #BBB596;
    margin-bottom: 0;
  }
  #goodreads-widget a {
    text-decoration: none;
    color:#660;
  }
  iframe{
    background-color: #fff;
  }
  #goodreads-widget a:hover { text-decoration: underline; }
  #goodreads-widget a:active {
    color:#660;
  }
  #gr_footer {
    width: 100%;
    border-top: 1px solid #BBB596;
    text-align: right;
  }
  #goodreads-widget .gr_branding{
    color: #382110;
    font-size: 11px;
    text-decoration: none;
    font-family: "Helvetica Neue", Helvetica, Arial, sans-serif;
  }
</style>
<div id="goodreads-widget">
  <div id="gr_header"><h1><a rel="nofollow" href="https://www.goodreads.com/book/show/1013383.The_Gruffalo">The Gruffalo Reviews</a></h1></div>
  <iframe id="the_iframe" src="https://www.goodreads.com/api/reviews_widget_iframe?did=DEVELOPER_ID&amp;format=html&amp;isbn=0333710932&amp;links=660&amp;min_rating=&amp;review_back=fff&amp;stars=000&amp;text=000" width="565" height="400" frameborder="0"></iframe>
  <div id="gr_footer">
    <a class="gr_branding" target="_blank" rel="nofollow" href="https://www.goodreads.com/book/show/1013383.The_Gruffalo?utm_medium=api&amp;utm_source=reviews_widget">Reviews from Goodreads.com</a>
  </div>
</div>

      ]]>
    </reviews_widget>
  <popular_shelves>
      <shelf name="to-read" count="3552"/>
      <shelf name="picture-books" count="435"/>
      <shelf name="childrens" count="293"/>
      <shelf name="children-s-books" count="236"/>
      <shelf name="children" count="213"/>
      <shelf name="kids" count="169"/>
      <shelf name="children-s" count="134"/>
      <shelf name="childrens-books" count="106"/>
      <shelf name="favorites" count="96"/>
      <shelf name="kids-books" count="94"/>
      <shelf name="picture-book" count="90"/>
      <shelf name="fiction" count="77"/>
      <shelf name="animals" count="72"/>
      <shelf name="currently-reading" count="62"/>
      <shelf name="fantasy" count="45"/>
      <shelf name="books-i-own" count="31"/>
      <shelf name="monsters" count="29"/>
      <shelf name="children-s-literature" count="28"/>
      <shelf name="default" count="28"/>
      <shelf name="rhyming" count="28"/>
      <shelf name="children-books" count="28"/>
      <shelf name="owned" count="24"/>
      <shelf name="poetry" count="23"/>
      <shelf name="read-aloud" count="23"/>
      <shelf name="storytime" count="22"/>
      <shelf name="children-s-picture-books" count="19"/>
      <shelf name="humor" count="19"/>
      <shelf name="julia-donaldson" count="17"/>
      <shelf name="childrens-picture-books" count="17"/>
      <shelf name="favourites" count="16"/>
      <shelf name="picturebooks" count="16"/>
      <shelf name="picture" count="16"/>
      <shelf name="owned-books" count="15"/>
      <shelf name="ks1" count="15"/>
      <shelf name="classics" count="15"/>
      <shelf name="preschool" count="15"/>
      <shelf name="kindergarten" count="15"/>
      <shelf name="childrens-lit" count="15"/>
      <shelf name="children-s-lit" count="14"/>
      <shelf name="mice" count="14"/>
      <shelf name="kinderbücher" count="14"/>
      <shelf name="childhood" count="13"/>
      <shelf name="story-time" count="12"/>
      <shelf name="library" count="12"/>
      <shelf name="childrens-fiction" count="12"/>
      <shelf name="rhyme" count="12"/>
      <shelf name="kid-books" count="12"/>
      <shelf name="funny" count="12"/>
      <shelf name="kinderboeken" count="11"/>
      <shelf name="baby-books" count="10"/>
      <shelf name="infantil" count="10"/>
      <shelf name="read-alouds" count="10"/>
      <shelf name="5-stars" count="10"/>
      <shelf name="english" count="10"/>
      <shelf name="for-kids" count="9"/>
      <shelf name="for-the-kids" count="9"/>
      <shelf name="childrens-literature" count="9"/>
      <shelf name="kid-s-books" count="9"/>
      <shelf name="kiddos" count="8"/>
      <shelf name="children-s-book" count="8"/>
      <shelf name="to-buy" count="8"/>
      <shelf name="british" count="8"/>
      <shelf name="teaching" count="8"/>
      <shelf name="read-in-2016" count="7"/>
      <shelf name="female-author" count="7"/>
      <shelf name="humour" count="7"/>
      <shelf name="read-in-2014" count="7"/>
      <shelf name="kid-lit" count="7"/>
      <shelf name="school" count="7"/>
      <shelf name="childrens-read" count="7"/>
      <shelf name="kids-lit" count="7"/>
      <shelf name="read-with-kids" count="7"/>
      <shelf name="read-in-english" count="7"/>
      <shelf name="illustrated" count="7"/>
      <shelf name="science" count="7"/>
      <shelf name="list-of-betterment" count="6"/>
      <shelf name="children-s-fiction" count="6"/>
      <shelf name="classroom-books" count="6"/>
      <shelf name="nature" count="6"/>
      <shelf name="forest" count="6"/>
      <shelf name="childhood-favourites" count="6"/>
      <shelf name="i-own" count="6"/>
      <shelf name="the-gruffalo" count="6"/>
      <shelf name="classic" count="6"/>
      <shelf name="books-for-children" count="6"/>
      <shelf name="read-in-2012" count="6"/>
      <shelf name="for-children" count="6"/>
      <shelf name="reviewed" count="6"/>
      <shelf name="read-2017" count="5"/>
      <shelf name="shelfari-favorites" count="5"/>
      <shelf name="friendship" count="5"/>
      <shelf name="read-in-2015" count="5"/>
      <shelf name="board-books" count="5"/>
      <shelf name="own-it" count="5"/>
      <shelf name="children-lit" count="5"/>
      <shelf name="read-kids" count="5"/>
      <shelf name="bookshelf" count="5"/>
      <shelf name="best-picture-books" count="5"/>
      <shelf name="childhood-books" count="5"/>
      <shelf name="boys" count="5"/>
  </popular_shelves>
  <book_links>
    <book_link>
  <id>8</id>
  <name>Libraries</name>
  <link>https://www.goodreads.com/book_link/follow/8</link>
</book_link>

  </book_links>
  <buy_links>
    <buy_link>
<id>1</id>
<name>Amazon</name>
<link>https://www.goodreads.com/book_link/follow/1</link>
</buy_link>
<buy_link>
<id>10</id>
<name>Audible</name>
<link>https://www.goodreads.com/book_link/follow/10</link>
</buy_link>
<buy_link>
<id>3</id>
<name>Barnes &amp; Noble</name>
<link>https://www.goodreads.com/book_link/follow/3</link>
</buy_link>
<buy_link>
<id>1027</id>
<name>Kobo</name>
<link>https://www.goodreads.com/book_link/follow/1027</link>
</buy_link>
<buy_link>
<id>2102</id>
<name>Apple iBooks</name>
<link>https://www.goodreads.com/book_link/follow/2102</link>
</buy_link>
<buy_link>
<id>8036</id>
<name>Google Play</name>
<link>https://www.goodreads.com/book_link/follow/8036</link>
</buy_link>
<buy_link>
<id>4</id>
<name>Abebooks</name>
<link>https://www.goodreads.com/book_link/follow/4</link>
</buy_link>
<buy_link>
<id>882</id>
<name>Book Depository</name>
<link>https://www.goodreads.com/book_link/follow/882</link>
</buy_link>
<buy_link>
<id>9</id>
<name>Indigo</name>
<link>https://www.goodreads.com/book_link/follow/9</link>
</buy_link>
<buy_link>
<id>2</id>
<name>Half.com</name>
<link>https://www.goodreads.com/book_link/follow/2</link>
</buy_link>
<buy_link>
<id>5</id>
<name>Alibris</name>
<link>https://www.goodreads.com/book_link/follow/5</link>
</buy_link>
<buy_link>
<id>107</id>
<name>Better World Books</name>
<link>https://www.goodreads.com/book_link/follow/107</link>
</buy_link>
<buy_link>
<id>7</id>
<name>IndieBound</name>
<link>https://www.goodreads.com/book_link/follow/7</link>
</buy_link>

  </buy_links>
  <series_works>
    <series_work>
<id>629650</id>
<user_position></user_position>
<series>
<id>127926</id>
<title>
<![CDATA[
    Gruffalo
]]>
</title>
<description>
<![CDATA[
]]>
</description>
<note>
<![CDATA[
]]>
</note>
<series_works_count>15</series_works_count>
<primary_work_count>3</primary_work_count>
<numbered>false</numbered>
</series>

</series_work>

  </series_works>
  <similar_books>
          <book>
<id>1153709</id>
<title><![CDATA[Hairy Maclary from Donaldson's Dairy]]></title>
<title_without_series><![CDATA[Hairy Maclary from Donaldson's Dairy]]></title_without_series>
<link><![CDATA[https://www.goodreads.com/book/show/1153709.Hairy_Maclary_from_Donaldson_s_Dairy]]></link>
<small_image_url><![CDATA[https://s.gr-assets.com/assets/nophoto/book/50x75-a91bf249278a81aabab721ef782c4a74.png]]></small_image_url>
<image_url><![CDATA[https://s.gr-assets.com/assets/nophoto/book/111x148-bcc042a9c91a29c1d680899eff700a03.png]]></image_url>
<num_pages>36</num_pages>
<work>
<id>1141200</id>
</work>
<isbn>0670913502</isbn>
<isbn13>9780670913503</isbn13>
<average_rating>4.28</average_rating>
<ratings_count>11289</ratings_count>
<publication_year>2002</publication_year>
<publication_month>7</publication_month>
<publication_day>4</publication_day>
<authors>
<author>
<id>142116</id>
<name>Lynley Dodd</name>
<link><![CDATA[https://www.goodreads.com/author/show/142116.Lynley_Dodd]]></link>
</author>
</authors>
</book>

          <book>
<id>301141</id>
<title>Lost and Found (The Boy, #2)</title>
<title_without_series>Lost and Found</title_without_series>
<link><![CDATA[https://www.goodreads.com/book/show/301141.Lost_and_Found]]></link>
<small_image_url><![CDATA[https://images.gr-assets.com/books/1309285365s/301141.jpg]]></small_image_url>
<image_url><![CDATA[https://images.gr-assets.com/books/1309285365m/301141.jpg]]></image_url>
<num_pages>32</num_pages>
<work>
<id>1410555</id>
</work>
<isbn>0399245030</isbn>
<isbn13>9780399245039</isbn13>
<average_rating>4.34</average_rating>
<ratings_count>6338</ratings_count>
<publication_year>2005</publication_year>
<publication_month>12</publication_month>
<publication_day>29</publication_day>
<authors>
<author>
<id>173545</id>
<name>Oliver Jeffers</name>
<link><![CDATA[https://www.goodreads.com/author/show/173545.Oliver_Jeffers]]></link>
</author>
</authors>
</book>

          <book>
<id>871555</id>
<title>Aliens Love Underpants</title>
<title_without_series>Aliens Love Underpants</title_without_series>
<link><![CDATA[https://www.goodreads.com/book/show/871555.Aliens_Love_Underpants]]></link>
<small_image_url><![CDATA[https://images.gr-assets.com/books/1364138906s/871555.jpg]]></small_image_url>
<image_url><![CDATA[https://images.gr-assets.com/books/1364138906m/871555.jpg]]></image_url>
<num_pages>32</num_pages>
<work>
<id>856924</id>
</work>
<isbn>1416917055</isbn>
<isbn13>9781416917052</isbn13>
<average_rating>4.11</average_rating>
<ratings_count>2814</ratings_count>
<publication_year>2007</publication_year>
<publication_month></publication_month>
<publication_day></publication_day>
<authors>
<author>
<id>70815</id>
<name>Claire Freedman</name>
<link><![CDATA[https://www.goodreads.com/author/show/70815.Claire_Freedman]]></link>
</author>
</authors>
</book>

          <book>
<id>1095518</id>
<title>The Elephant and the Bad Baby</title>
<title_without_series>The Elephant and the Bad Baby</title_without_series>
<link><![CDATA[https://www.goodreads.com/book/show/1095518.The_Elephant_and_the_Bad_Baby]]></link>
<small_image_url><![CDATA[https://s.gr-assets.com/assets/nophoto/book/50x75-a91bf249278a81aabab721ef782c4a74.png]]></small_image_url>
<image_url><![CDATA[https://s.gr-assets.com/assets/nophoto/book/111x148-bcc042a9c91a29c1d680899eff700a03.png]]></image_url>
<num_pages>32</num_pages>
<work>
<id>1082349</id>
</work>
<isbn>0140500480</isbn>
<isbn13>9780140500486</isbn13>
<average_rating>4.00</average_rating>
<ratings_count>991</ratings_count>
<publication_year>1979</publication_year>
<publication_month>2</publication_month>
<publication_day>22</publication_day>
<authors>
<author>
<id>191515</id>
<name>Elfrida Vipont</name>
<link><![CDATA[https://www.goodreads.com/author/show/191515.Elfrida_Vipont]]></link>
</author>
</authors>
</book>

          <book>
<id>1145614</id>
<title>Dogger</title>
<title_without_series>Dogger</title_without_series>
<link><![CDATA[https://www.goodreads.com/book/show/1145614.Dogger]]></link>
<small_image_url><![CDATA[https://s.gr-assets.com/assets/nophoto/book/50x75-a91bf249278a81aabab721ef782c4a74.png]]></small_image_url>
<image_url><![CDATA[https://s.gr-assets.com/assets/nophoto/book/111x148-bcc042a9c91a29c1d680899eff700a03.png]]></image_url>
<num_pages>32</num_pages>
<work>
<id>1133061</id>
</work>
<isbn>068811704X</isbn>
<isbn13>9780688117047</isbn13>
<average_rating>4.30</average_rating>
<ratings_count>4524</ratings_count>
<publication_year>1993</publication_year>
<publication_month>4</publication_month>
<publication_day>1</publication_day>
<authors>
<author>
<id>99888</id>
<name>Shirley Hughes</name>
<link><![CDATA[https://www.goodreads.com/author/show/99888.Shirley_Hughes]]></link>
</author>
</authors>
</book>

          <book>
<id>1099097</id>
<title>The Tiger Who Came to Tea</title>
<title_without_series>The Tiger Who Came to Tea</title_without_series>
<link><![CDATA[https://www.goodreads.com/book/show/1099097.The_Tiger_Who_Came_to_Tea]]></link>
<small_image_url><![CDATA[https://images.gr-assets.com/books/1369858732s/1099097.jpg]]></small_image_url>
<image_url><![CDATA[https://images.gr-assets.com/books/1369858732m/1099097.jpg]]></image_url>
<num_pages>32</num_pages>
<work>
<id>1059246</id>
</work>
<isbn>0006640613</isbn>
<isbn13>9780006640615</isbn13>
<average_rating>4.23</average_rating>
<ratings_count>10970</ratings_count>
<publication_year>1992</publication_year>
<publication_month>3</publication_month>
<publication_day>14</publication_day>
<authors>
<author>
<id>30703</id>
<name>Judith Kerr</name>
<link><![CDATA[https://www.goodreads.com/author/show/30703.Judith_Kerr]]></link>
</author>
</authors>
</book>

          <book>
<id>1027175</id>
<title>Peek-a-Boo</title>
<title_without_series>Peek-a-Boo</title_without_series>
<link><![CDATA[https://www.goodreads.com/book/show/1027175.Peek_a_Boo]]></link>
<small_image_url><![CDATA[https://images.gr-assets.com/books/1355932320s/1027175.jpg]]></small_image_url>
<image_url><![CDATA[https://images.gr-assets.com/books/1355932320m/1027175.jpg]]></image_url>
<num_pages>32</num_pages>
<work>
<id>1013424</id>
</work>
<isbn>0670871923</isbn>
<isbn13>9780670871926</isbn13>
<average_rating>4.21</average_rating>
<ratings_count>3882</ratings_count>
<publication_year></publication_year>
<publication_month></publication_month>
<publication_day></publication_day>
<authors>
<author>
<id>49420</id>
<name>Janet Ahlberg</name>
<link><![CDATA[https://www.goodreads.com/author/show/49420.Janet_Ahlberg]]></link>
</author>
</authors>
</book>

          <book>
<id>283676</id>
<title><![CDATA[The Story of the Little Mole Who Went in Search of Whodunit]]></title>
<title_without_series><![CDATA[The Story of the Little Mole Who Went in Search of Whodunit]]></title_without_series>
<link><![CDATA[https://www.goodreads.com/book/show/283676.The_Story_of_the_Little_Mole_Who_Went_in_Search_of_Whodunit]]></link>
<small_image_url><![CDATA[https://images.gr-assets.com/books/1258671719s/283676.jpg]]></small_image_url>
<image_url><![CDATA[https://images.gr-assets.com/books/1258671719m/283676.jpg]]></image_url>
<num_pages></num_pages>
<work>
<id>275202</id>
</work>
<isbn>081091641X</isbn>
<isbn13>9780810916418</isbn13>
<average_rating>4.16</average_rating>
<ratings_count>2542</ratings_count>
<publication_year></publication_year>
<publication_month></publication_month>
<publication_day></publication_day>
<authors>
<author>
<id>114751</id>
<name>Werner Holzwarth</name>
<link><![CDATA[https://www.goodreads.com/author/show/114751.Werner_Holzwarth]]></link>
</author>
</authors>
</book>

          <book>
<id>7046991</id>
<title><![CDATA[Harry and the Bucketful of Dinosaurs]]></title>
<title_without_series><![CDATA[Harry and the Bucketful of Dinosaurs]]></title_without_series>
<link><![CDATA[https://www.goodreads.com/book/show/7046991-harry-and-the-bucketful-of-dinosaurs]]></link>
<small_image_url><![CDATA[https://images.gr-assets.com/books/1320458891s/7046991.jpg]]></small_image_url>
<image_url><![CDATA[https://images.gr-assets.com/books/1320458891m/7046991.jpg]]></image_url>
<num_pages>32</num_pages>
<work>
<id>1160283</id>
</work>
<isbn>0375851194</isbn>
<isbn13>9780375851193</isbn13>
<average_rating>4.02</average_rating>
<ratings_count>1220</ratings_count>
<publication_year>2010</publication_year>
<publication_month>7</publication_month>
<publication_day>13</publication_day>
<authors>
<author>
<id>3006</id>
<name>Ian Whybrow</name>
<link><![CDATA[https://www.goodreads.com/author/show/3006.Ian_Whybrow]]></link>
</author>
</authors>
</book>

          <book>
<id>116661</id>
<title><![CDATA[Sometimes I Like to Curl Up in a Ball]]></title>
<title_without_series><![CDATA[Sometimes I Like to Curl Up in a Ball]]></title_without_series>
<link><![CDATA[https://www.goodreads.com/book/show/116661.Sometimes_I_Like_to_Curl_Up_in_a_Ball]]></link>
<small_image_url><![CDATA[https://images.gr-assets.com/books/1328854815s/116661.jpg]]></small_image_url>
<image_url><![CDATA[https://images.gr-assets.com/books/1328854815m/116661.jpg]]></image_url>
<num_pages>24</num_pages>
<work>
<id>2816078</id>
</work>
<isbn>0806979437</isbn>
<isbn13>9780806979434</isbn13>
<average_rating>4.22</average_rating>
<ratings_count>1129</ratings_count>
<publication_year>2001</publication_year>
<publication_month>6</publication_month>
<publication_day>30</publication_day>
<authors>
<author>
<id>67599</id>
<name>Vicki Churchill</name>
<link><![CDATA[https://www.goodreads.com/author/show/67599.Vicki_Churchill]]></link>
</author>
</authors>
</book>

          <book>
<id>772407</id>
<title>I Know a Rhino</title>
<title_without_series>I Know a Rhino</title_without_series>
<link><![CDATA[https://www.goodreads.com/book/show/772407.I_Know_a_Rhino]]></link>
<small_image_url><![CDATA[https://images.gr-assets.com/books/1328860934s/772407.jpg]]></small_image_url>
<image_url><![CDATA[https://images.gr-assets.com/books/1328860934m/772407.jpg]]></image_url>
<num_pages>22</num_pages>
<work>
<id>758460</id>
</work>
<isbn>1402708610</isbn>
<isbn13>9781402708619</isbn13>
<average_rating>4.18</average_rating>
<ratings_count>709</ratings_count>
<publication_year>2003</publication_year>
<publication_month>8</publication_month>
<publication_day>1</publication_day>
<authors>
<author>
<id>67598</id>
<name>Charles Fuge</name>
<link><![CDATA[https://www.goodreads.com/author/show/67598.Charles_Fuge]]></link>
</author>
</authors>
</book>

          <book>
<id>809849</id>
<title><![CDATA[Dear Zoo: A Lift-the-Flap Book]]></title>
<title_without_series><![CDATA[Dear Zoo: A Lift-the-Flap Book]]></title_without_series>
<link><![CDATA[https://www.goodreads.com/book/show/809849.Dear_Zoo]]></link>
<small_image_url><![CDATA[https://images.gr-assets.com/books/1391337388s/809849.jpg]]></small_image_url>
<image_url><![CDATA[https://images.gr-assets.com/books/1391337388m/809849.jpg]]></image_url>
<num_pages>18</num_pages>
<work>
<id>795790</id>
</work>
<isbn>141694737X</isbn>
<isbn13>9781416947370</isbn13>
<average_rating>4.25</average_rating>
<ratings_count>16853</ratings_count>
<publication_year>2007</publication_year>
<publication_month>5</publication_month>
<publication_day>8</publication_day>
<authors>
<author>
<id>216562</id>
<name>Rod Campbell</name>
<link><![CDATA[https://www.goodreads.com/author/show/216562.Rod_Campbell]]></link>
</author>
</authors>
</book>

          <book>
<id>137045</id>
<title><![CDATA[I Will Never Not Ever Eat a Tomato]]></title>
<title_without_series><![CDATA[I Will Never Not Ever Eat a Tomato]]></title_without_series>
<link><![CDATA[https://www.goodreads.com/book/show/137045.I_Will_Never_Not_Ever_Eat_a_Tomato]]></link>
<small_image_url><![CDATA[https://images.gr-assets.com/books/1320504923s/137045.jpg]]></small_image_url>
<image_url><![CDATA[https://images.gr-assets.com/books/1320504923m/137045.jpg]]></image_url>
<num_pages></num_pages>
<work>
<id>2477566</id>
</work>
<isbn>0763621803</isbn>
<isbn13>9780763621803</isbn13>
<average_rating>4.21</average_rating>
<ratings_count>6603</ratings_count>
<publication_year>2003</publication_year>
<publication_month>9</publication_month>
<publication_day>15</publication_day>
<authors>
<author>
<id>42016</id>
<name>Lauren Child</name>
<link><![CDATA[https://www.goodreads.com/author/show/42016.Lauren_Child]]></link>
</author>
</authors>
</book>

          <book>
<id>1407442</id>
<title>Penguin</title>
<title_without_series>Penguin</title_without_series>
<link><![CDATA[https://www.goodreads.com/book/show/1407442.Penguin]]></link>
<small_image_url><![CDATA[https://images.gr-assets.com/books/1320449693s/1407442.jpg]]></small_image_url>
<image_url><![CDATA[https://images.gr-assets.com/books/1320449693m/1407442.jpg]]></image_url>
<num_pages>40</num_pages>
<work>
<id>1397700</id>
</work>
<isbn>0763634042</isbn>
<isbn13>9780763634049</isbn13>
<average_rating>4.01</average_rating>
<ratings_count>1130</ratings_count>
<publication_year>2007</publication_year>
<publication_month>6</publication_month>
<publication_day>12</publication_day>
<authors>
<author>
<id>70403</id>
<name>Polly Dunbar</name>
<link><![CDATA[https://www.goodreads.com/author/show/70403.Polly_Dunbar]]></link>
</author>
</authors>
</book>

          <book>
<id>1172958</id>
<title>Mister Magnolia</title>
<title_without_series>Mister Magnolia</title_without_series>
<link><![CDATA[https://www.goodreads.com/book/show/1172958.Mister_Magnolia]]></link>
<small_image_url><![CDATA[https://images.gr-assets.com/books/1321125320s/1172958.jpg]]></small_image_url>
<image_url><![CDATA[https://images.gr-assets.com/books/1321125320m/1172958.jpg]]></image_url>
<num_pages>32</num_pages>
<work>
<id>1964589</id>
</work>
<isbn>0099400421</isbn>
<isbn13>9780099400424</isbn13>
<average_rating>4.12</average_rating>
<ratings_count>1701</ratings_count>
<publication_year>1999</publication_year>
<publication_month>5</publication_month>
<publication_day>6</publication_day>
<authors>
<author>
<id>146</id>
<name>Quentin Blake</name>
<link><![CDATA[https://www.goodreads.com/author/show/146.Quentin_Blake]]></link>
</author>
</authors>
</book>

          <book>
<id>1584709</id>
<title>Duck in the Truck</title>
<title_without_series>Duck in the Truck</title_without_series>
<link><![CDATA[https://www.goodreads.com/book/show/1584709.Duck_in_the_Truck]]></link>
<small_image_url><![CDATA[https://s.gr-assets.com/assets/nophoto/book/50x75-a91bf249278a81aabab721ef782c4a74.png]]></small_image_url>
<image_url><![CDATA[https://s.gr-assets.com/assets/nophoto/book/111x148-bcc042a9c91a29c1d680899eff700a03.png]]></image_url>
<num_pages>40</num_pages>
<work>
<id>1577603</id>
</work>
<isbn>0060286857</isbn>
<isbn13>9780060286859</isbn13>
<average_rating>3.98</average_rating>
<ratings_count>3442</ratings_count>
<publication_year>2000</publication_year>
<publication_month>2</publication_month>
<publication_day>2</publication_day>
<authors>
<author>
<id>107373</id>
<name>Jez Alborough</name>
<link><![CDATA[https://www.goodreads.com/author/show/107373.Jez_Alborough]]></link>
</author>
</authors>
</book>

          <book>
<id>1223119</id>
<title>Elmer</title>
<title_without_series>Elmer</title_without_series>
<link><![CDATA[https://www.goodreads.com/book/show/1223119.Elmer]]></link>
<small_image_url><![CDATA[https://s.gr-assets.com/assets/nophoto/book/50x75-a91bf249278a81aabab721ef782c4a74.png]]></small_image_url>
<image_url><![CDATA[https://s.gr-assets.com/assets/nophoto/book/111x148-bcc042a9c91a29c1d680899eff700a03.png]]></image_url>
<num_pages>32</num_pages>
<work>
<id>1178938</id>
</work>
<isbn>0688091717</isbn>
<isbn13>9780688091712</isbn13>
<average_rating>4.21</average_rating>
<ratings_count>9050</ratings_count>
<publication_year>1989</publication_year>
<publication_month>9</publication_month>
<publication_day>18</publication_day>
<authors>
<author>
<id>58401</id>
<name>David McKee</name>
<link><![CDATA[https://www.goodreads.com/author/show/58401.David_McKee]]></link>
</author>
</authors>
</book>

  </similar_books>
</book>

</GoodreadsResponse>