<?xml version="1.0" encoding="UTF-8"?>
<GoodreadsResponse>
  <Request>
    <authentication>true</authentication>
      <key><![CDATA[all_men_must_serve]]></key>
    <method><![CDATA[book_show]]></method>
  </Request>
  <book>
  <id>10176</id>
  <title><![CDATA[Dress Your Family in Corduroy and Denim]]></title>
  <isbn><![CDATA[0965904830]]></isbn>
  <isbn13><![CDATA[9780965904834]]></isbn13>
  <asin><![CDATA[]]></asin>
  <kindle_asin><![CDATA[B0049MPHVC]]></kindle_asin>
  <marketplace_id><![CDATA[A1F83G8C2ARO7P]]></marketplace_id>
  <country_code><![CDATA[GB]]></country_code>
  <image_url>https://images.gr-assets.com/books/1352983006m/10176.jpg</image_url>
  <small_image_url>https://images.gr-assets.com/books/1352983006s/10176.jpg</small_image_url>
  <publication_year>2004</publication_year>
  <publication_month>1</publication_month>
  <publication_day>1</publication_day>
  <publisher>Little Brown &amp; Co.</publisher>
  <language_code>eng</language_code>
  <is_ebook>false</is_ebook>
  <description><![CDATA[David Sedaris plays in the snow with his sisters. He goes on vacation with his family. He gets a job selling drinks. He attends his brother's wedding. He mops his sister's floor. He gives directions to a lost traveler. He eats a hamburger. He has his blood sugar tested. It all sounds so normal, doesn't it? In this collection of essays, Sedaris lifts the corner of ordinary life, revealing the absurdity teeming below its surface. His world is alive with obscure desires and hidden motives--a world where forgiveness is automatic and an argument can be the highest form of love. Dress Your Family in Corduroy and Denim is another unforgettable collection from one of the wittiest and most original writers at work today.]]></description>
  <work>
  <id type="integer">2582035</id>
  <books_count type="integer">55</books_count>
  <best_book_id type="integer">10176</best_book_id>
  <reviews_count type="integer">286889</reviews_count>
  <ratings_sum type="integer">834743</ratings_sum>
  <ratings_count type="integer">204369</ratings_count>
  <text_reviews_count type="integer">5779</text_reviews_count>
  <original_publication_year type="integer">2004</original_publication_year>
  <original_publication_month type="integer">6</original_publication_month>
  <original_publication_day type="integer">1</original_publication_day>
  <original_title>Dress Your Family in Corduroy and Denim</original_title>
  <original_language_id type="integer" nil="true"/>
  <media_type>book</media_type>
  <rating_dist>5:75215|4:82798|3:37249|2:6622|1:2485|total:204369</rating_dist>
  <desc_user_id type="integer">3625145</desc_user_id>
  <default_chaptering_book_id type="integer" nil="true"/>
  <default_description_language_code nil="true"/>
</work>
  <average_rating>4.08</average_rating>
  <num_pages><![CDATA[272]]></num_pages>
  <format><![CDATA[Paperback]]></format>
  <edition_information><![CDATA[]]></edition_information>
  <ratings_count><![CDATA[192038]]></ratings_count>
  <text_reviews_count><![CDATA[4672]]></text_reviews_count>
  <url><![CDATA[https://www.goodreads.com/book/show/10176.Dress_Your_Family_in_Corduroy_and_Denim]]></url>
  <link><![CDATA[https://www.goodreads.com/book/show/10176.Dress_Your_Family_in_Corduroy_and_Denim]]></link>
  <authors>
<author>
<id>2849</id>
<name>David Sedaris</name>
<role></role>
<image_url nophoto='false'>
<![CDATA[https://images.gr-assets.com/authors/1213737698p5/2849.jpg]]>
</image_url>
<small_image_url nophoto='false'>
<![CDATA[https://images.gr-assets.com/authors/1213737698p2/2849.jpg]]>
</small_image_url>
<link><![CDATA[https://www.goodreads.com/author/show/2849.David_Sedaris]]></link>
<average_rating>3.98</average_rating>
<ratings_count>1422835</ratings_count>
<text_reviews_count>56960</text_reviews_count>
</author>
</authors>

    <reviews_widget>
      <![CDATA[
        <style>
  #goodreads-widget {
    font-family: georgia, serif;
    padding: 18px 0;
    width:565px;
  }
  #goodreads-widget h1 {
    font-weight:normal;
    font-size: 16px;
    border-bottom: 1px solid #BBB596;
    margin-bottom: 0;
  }
  #goodreads-widget a {
    text-decoration: none;
    color:#660;
  }
  iframe{
    background-color: #fff;
  }
  #goodreads-widget a:hover { text-decoration: underline; }
  #goodreads-widget a:active {
    color:#660;
  }
  #gr_footer {
    width: 100%;
    border-top: 1px solid #BBB596;
    text-align: right;
  }
  #goodreads-widget .gr_branding{
    color: #382110;
    font-size: 11px;
    text-decoration: none;
    font-family: "Helvetica Neue", Helvetica, Arial, sans-serif;
  }
</style>
<div id="goodreads-widget">
  <div id="gr_header"><h1><a rel="nofollow" href="https://www.goodreads.com/book/show/10176.Dress_Your_Family_in_Corduroy_and_Denim">Dress Your Family in Corduroy and Denim Reviews</a></h1></div>
  <iframe id="the_iframe" src="https://www.goodreads.com/api/reviews_widget_iframe?did=DEVELOPER_ID&amp;format=html&amp;isbn=0965904830&amp;links=660&amp;min_rating=&amp;review_back=fff&amp;stars=000&amp;text=000" width="565" height="400" frameborder="0"></iframe>
  <div id="gr_footer">
    <a class="gr_branding" target="_blank" rel="nofollow" href="https://www.goodreads.com/book/show/10176.Dress_Your_Family_in_Corduroy_and_Denim?utm_medium=api&amp;utm_source=reviews_widget">Reviews from Goodreads.com</a>
  </div>
</div>

      ]]>
    </reviews_widget>
  <popular_shelves>
      <shelf name="to-read" count="66570"/>
      <shelf name="humor" count="2227"/>
      <shelf name="non-fiction" count="1739"/>
      <shelf name="currently-reading" count="1303"/>
      <shelf name="memoir" count="1114"/>
      <shelf name="nonfiction" count="812"/>
      <shelf name="favorites" count="802"/>
      <shelf name="essays" count="778"/>
      <shelf name="short-stories" count="499"/>
      <shelf name="memoirs" count="422"/>
      <shelf name="comedy" count="340"/>
      <shelf name="funny" count="285"/>
      <shelf name="fiction" count="278"/>
      <shelf name="humour" count="257"/>
      <shelf name="books-i-own" count="227"/>
      <shelf name="owned" count="212"/>
      <shelf name="biography" count="203"/>
      <shelf name="audiobooks" count="201"/>
      <shelf name="audiobook" count="187"/>
      <shelf name="audio" count="161"/>
      <shelf name="biography-memoir" count="133"/>
      <shelf name="autobiography" count="100"/>
      <shelf name="library" count="99"/>
      <shelf name="adult" count="97"/>
      <shelf name="book-club" count="97"/>
      <shelf name="david-sedaris" count="84"/>
      <shelf name="memoir-biography" count="84"/>
      <shelf name="humorous" count="74"/>
      <shelf name="audio-book" count="67"/>
      <shelf name="american" count="66"/>
      <shelf name="audio-books" count="65"/>
      <shelf name="owned-books" count="61"/>
      <shelf name="contemporary" count="61"/>
      <shelf name="kindle" count="52"/>
      <shelf name="lgbt" count="50"/>
      <shelf name="family" count="50"/>
      <shelf name="my-library" count="48"/>
      <shelf name="essay" count="47"/>
      <shelf name="stories" count="47"/>
      <shelf name="queer" count="46"/>
      <shelf name="sedaris" count="46"/>
      <shelf name="to-buy" count="42"/>
      <shelf name="ebook" count="41"/>
      <shelf name="hilarious" count="41"/>
      <shelf name="literature" count="40"/>
      <shelf name="lgbtq" count="39"/>
      <shelf name="biographies" count="38"/>
      <shelf name="2004" count="37"/>
      <shelf name="default" count="35"/>
      <shelf name="2006" count="34"/>
      <shelf name="my-books" count="33"/>
      <shelf name="read-in-2013" count="32"/>
      <shelf name="ebooks" count="32"/>
      <shelf name="satire" count="32"/>
      <shelf name="gay" count="31"/>
      <shelf name="non-fic" count="31"/>
      <shelf name="own-it" count="30"/>
      <shelf name="bookclub" count="30"/>
      <shelf name="audible" count="29"/>
      <shelf name="favorite-authors" count="29"/>
      <shelf name="autobiography-memoir" count="28"/>
      <shelf name="all-time-favorites" count="28"/>
      <shelf name="borrowed" count="28"/>
      <shelf name="read-in-2011" count="27"/>
      <shelf name="adult-non-fiction" count="26"/>
      <shelf name="bio-memoir" count="26"/>
      <shelf name="form" count="25"/>
      <shelf name="home-library" count="25"/>
      <shelf name="short-stories-essays" count="25"/>
      <shelf name="adult-nonfiction" count="25"/>
      <shelf name="biographies-memoirs" count="25"/>
      <shelf name="funny-stuff" count="24"/>
      <shelf name="biography-and-memoir" count="24"/>
      <shelf name="2005" count="24"/>
      <shelf name="bio" count="24"/>
      <shelf name="creative-nonfiction" count="23"/>
      <shelf name="2000s" count="23"/>
      <shelf name="glbt" count="23"/>
      <shelf name="i-own" count="23"/>
      <shelf name="memoir-bio" count="22"/>
      <shelf name="favourites" count="22"/>
      <shelf name="biographical" count="22"/>
      <shelf name="fun" count="22"/>
      <shelf name="collections" count="22"/>
      <shelf name="short-story" count="22"/>
      <shelf name="memoirs-biographies" count="22"/>
      <shelf name="autobiographical" count="21"/>
      <shelf name="abandoned" count="21"/>
      <shelf name="biography-autobiography" count="21"/>
      <shelf name="read-in-2010" count="20"/>
      <shelf name="21st-century" count="20"/>
      <shelf name="read-in-2015" count="19"/>
      <shelf name="for-fun" count="19"/>
      <shelf name="listened-to" count="19"/>
      <shelf name="finished" count="19"/>
      <shelf name="read-in-2014" count="18"/>
      <shelf name="short-stories-and-essays" count="18"/>
      <shelf name="collection" count="18"/>
      <shelf name="wish-list" count="18"/>
      <shelf name="re-read" count="18"/>
  </popular_shelves>
  <book_links>
    <book_link>
  <id>8</id>
  <name>Libraries</name>
  <link>https://www.goodreads.com/book_link/follow/8</link>
</book_link>

  </book_links>
  <buy_links>
    <buy_link>
<id>1</id>
<name>Amazon</name>
<link>https://www.goodreads.com/book_link/follow/1</link>
</buy_link>
<buy_link>
<id>10</id>
<name>Audible</name>
<link>https://www.goodreads.com/book_link/follow/10</link>
</buy_link>
<buy_link>
<id>3</id>
<name>Barnes &amp; Noble</name>
<link>https://www.goodreads.com/book_link/follow/3</link>
</buy_link>
<buy_link>
<id>1027</id>
<name>Kobo</name>
<link>https://www.goodreads.com/book_link/follow/1027</link>
</buy_link>
<buy_link>
<id>2102</id>
<name>Apple iBooks</name>
<link>https://www.goodreads.com/book_link/follow/2102</link>
</buy_link>
<buy_link>
<id>8036</id>
<name>Google Play</name>
<link>https://www.goodreads.com/book_link/follow/8036</link>
</buy_link>
<buy_link>
<id>4</id>
<name>Abebooks</name>
<link>https://www.goodreads.com/book_link/follow/4</link>
</buy_link>
<buy_link>
<id>882</id>
<name>Book Depository</name>
<link>https://www.goodreads.com/book_link/follow/882</link>
</buy_link>
<buy_link>
<id>9</id>
<name>Indigo</name>
<link>https://www.goodreads.com/book_link/follow/9</link>
</buy_link>
<buy_link>
<id>2</id>
<name>Half.com</name>
<link>https://www.goodreads.com/book_link/follow/2</link>
</buy_link>
<buy_link>
<id>5</id>
<name>Alibris</name>
<link>https://www.goodreads.com/book_link/follow/5</link>
</buy_link>
<buy_link>
<id>107</id>
<name>Better World Books</name>
<link>https://www.goodreads.com/book_link/follow/107</link>
</buy_link>
<buy_link>
<id>7</id>
<name>IndieBound</name>
<link>https://www.goodreads.com/book_link/follow/7</link>
</buy_link>

  </buy_links>
  <series_works>
    
  </series_works>
  <similar_books>
          <book>
<id>9006</id>
<title><![CDATA[Don't Get Too Comfortable: The Indignities of Coach Class, The Torments of Low Thread Count, The Never-Ending Quest for Artisanal Olive Oil, and Other First World Problems]]></title>
<title_without_series><![CDATA[Don't Get Too Comfortable: The Indignities of Coach Class, The Torments of Low Thread Count, The Never-Ending Quest for Artisanal Olive Oil, and Other First World Problems]]></title_without_series>
<link><![CDATA[https://www.goodreads.com/book/show/9006.Don_t_Get_Too_Comfortable]]></link>
<small_image_url><![CDATA[https://s.gr-assets.com/assets/nophoto/book/50x75-a91bf249278a81aabab721ef782c4a74.png]]></small_image_url>
<image_url><![CDATA[https://s.gr-assets.com/assets/nophoto/book/111x148-bcc042a9c91a29c1d680899eff700a03.png]]></image_url>
<num_pages>222</num_pages>
<work>
<id>1530518</id>
</work>
<isbn>0767916034</isbn>
<isbn13>9780767916035</isbn13>
<average_rating>3.72</average_rating>
<ratings_count>7615</ratings_count>
<publication_year>2006</publication_year>
<publication_month>9</publication_month>
<publication_day>12</publication_day>
<authors>
<author>
<id>5855</id>
<name>David Rakoff</name>
<link><![CDATA[https://www.goodreads.com/author/show/5855.David_Rakoff]]></link>
</author>
</authors>
</book>

          <book>
<id>79790</id>
<title><![CDATA[Magical Thinking: True Stories]]></title>
<title_without_series><![CDATA[Magical Thinking: True Stories]]></title_without_series>
<link><![CDATA[https://www.goodreads.com/book/show/79790.Magical_Thinking]]></link>
<small_image_url><![CDATA[https://s.gr-assets.com/assets/nophoto/book/50x75-a91bf249278a81aabab721ef782c4a74.png]]></small_image_url>
<image_url><![CDATA[https://s.gr-assets.com/assets/nophoto/book/111x148-bcc042a9c91a29c1d680899eff700a03.png]]></image_url>
<num_pages>304</num_pages>
<work>
<id>3034</id>
</work>
<isbn>0312315953</isbn>
<isbn13>9780312315955</isbn13>
<average_rating>3.96</average_rating>
<ratings_count>46821</ratings_count>
<publication_year></publication_year>
<publication_month></publication_month>
<publication_day></publication_day>
<authors>
<author>
<id>3058</id>
<name>Augusten Burroughs</name>
<link><![CDATA[https://www.goodreads.com/author/show/3058.Augusten_Burroughs]]></link>
</author>
</authors>
</book>

          <book>
<id>4135</id>
<title><![CDATA[I Like You: Hospitality Under the Influence]]></title>
<title_without_series><![CDATA[I Like You: Hospitality Under the Influence]]></title_without_series>
<link><![CDATA[https://www.goodreads.com/book/show/4135.I_Like_You]]></link>
<small_image_url><![CDATA[https://s.gr-assets.com/assets/nophoto/book/50x75-a91bf249278a81aabab721ef782c4a74.png]]></small_image_url>
<image_url><![CDATA[https://s.gr-assets.com/assets/nophoto/book/111x148-bcc042a9c91a29c1d680899eff700a03.png]]></image_url>
<num_pages></num_pages>
<work>
<id>7838</id>
</work>
<isbn>0446578843</isbn>
<isbn13>9780446578844</isbn13>
<average_rating>3.87</average_rating>
<ratings_count>34933</ratings_count>
<publication_year></publication_year>
<publication_month></publication_month>
<publication_day></publication_day>
<authors>
<author>
<id>2848</id>
<name>Amy Sedaris</name>
<link><![CDATA[https://www.goodreads.com/author/show/2848.Amy_Sedaris]]></link>
</author>
</authors>
</book>

          <book>
<id>12357</id>
<title>Take the Cannoli</title>
<title_without_series>Take the Cannoli</title_without_series>
<link><![CDATA[https://www.goodreads.com/book/show/12357.Take_the_Cannoli]]></link>
<small_image_url><![CDATA[https://s.gr-assets.com/assets/nophoto/book/50x75-a91bf249278a81aabab721ef782c4a74.png]]></small_image_url>
<image_url><![CDATA[https://s.gr-assets.com/assets/nophoto/book/111x148-bcc042a9c91a29c1d680899eff700a03.png]]></image_url>
<num_pages>224</num_pages>
<work>
<id>748402</id>
</work>
<isbn>0141006579</isbn>
<isbn13>9780141006574</isbn13>
<average_rating>3.86</average_rating>
<ratings_count>12333</ratings_count>
<publication_year>2003</publication_year>
<publication_month></publication_month>
<publication_day></publication_day>
<authors>
<author>
<id>2122</id>
<name>Sarah Vowell</name>
<link><![CDATA[https://www.goodreads.com/author/show/2122.Sarah_Vowell]]></link>
</author>
</authors>
</book>

          <book>
<id>25083</id>
<title><![CDATA[Skipping Towards Gomorrah: The Seven Deadly Sins and the Pursuit of Happiness in America]]></title>
<title_without_series><![CDATA[Skipping Towards Gomorrah: The Seven Deadly Sins and the Pursuit of Happiness in America]]></title_without_series>
<link><![CDATA[https://www.goodreads.com/book/show/25083.Skipping_Towards_Gomorrah]]></link>
<small_image_url><![CDATA[https://s.gr-assets.com/assets/nophoto/book/50x75-a91bf249278a81aabab721ef782c4a74.png]]></small_image_url>
<image_url><![CDATA[https://s.gr-assets.com/assets/nophoto/book/111x148-bcc042a9c91a29c1d680899eff700a03.png]]></image_url>
<num_pages></num_pages>
<work>
<id>25838</id>
</work>
<isbn>0452284163</isbn>
<isbn13>9780452284166</isbn13>
<average_rating>3.79</average_rating>
<ratings_count>3101</ratings_count>
<publication_year></publication_year>
<publication_month></publication_month>
<publication_day></publication_day>
<authors>
<author>
<id>14085</id>
<name>Dan Savage</name>
<link><![CDATA[https://www.goodreads.com/author/show/14085.Dan_Savage]]></link>
</author>
</authors>
</book>

          <book>
<id>96043</id>
<title><![CDATA[My Less Than Secret Life: A Diary, Fiction, Essays]]></title>
<title_without_series><![CDATA[My Less Than Secret Life: A Diary, Fiction, Essays]]></title_without_series>
<link><![CDATA[https://www.goodreads.com/book/show/96043.My_Less_Than_Secret_Life]]></link>
<small_image_url><![CDATA[https://s.gr-assets.com/assets/nophoto/book/50x75-a91bf249278a81aabab721ef782c4a74.png]]></small_image_url>
<image_url><![CDATA[https://s.gr-assets.com/assets/nophoto/book/111x148-bcc042a9c91a29c1d680899eff700a03.png]]></image_url>
<num_pages>256</num_pages>
<work>
<id>92570</id>
</work>
<isbn>1560253754</isbn>
<isbn13>9781560253754</isbn13>
<average_rating>3.95</average_rating>
<ratings_count>683</ratings_count>
<publication_year>2002</publication_year>
<publication_month>5</publication_month>
<publication_day>31</publication_day>
<authors>
<author>
<id>2285</id>
<name>Jonathan Ames</name>
<link><![CDATA[https://www.goodreads.com/author/show/2285.Jonathan_Ames]]></link>
</author>
</authors>
</book>

          <book>
<id>15589</id>
<title><![CDATA[Mountain Man Dance Moves: The McSweeney's Book of Lists]]></title>
<title_without_series><![CDATA[Mountain Man Dance Moves: The McSweeney's Book of Lists]]></title_without_series>
<link><![CDATA[https://www.goodreads.com/book/show/15589.Mountain_Man_Dance_Moves]]></link>
<small_image_url><![CDATA[https://images.gr-assets.com/books/1320495857s/15589.jpg]]></small_image_url>
<image_url><![CDATA[https://images.gr-assets.com/books/1320495857m/15589.jpg]]></image_url>
<num_pages>224</num_pages>
<work>
<id>17437</id>
</work>
<isbn></isbn>
<isbn13>9780307277206</isbn13>
<average_rating>4.07</average_rating>
<ratings_count>1038</ratings_count>
<publication_year>2006</publication_year>
<publication_month>9</publication_month>
<publication_day>12</publication_day>
<authors>
<author>
<id>3868121</id>
<name>McSweeney&apos;s Publishing</name>
<link><![CDATA[https://www.goodreads.com/author/show/3868121.McSweeney_s_Publishing]]></link>
</author>
</authors>
</book>

          <book>
<id>126026</id>
<title><![CDATA[Dave Barry's Only Travel Guide You'll Ever Need]]></title>
<title_without_series><![CDATA[Dave Barry's Only Travel Guide You'll Ever Need]]></title_without_series>
<link><![CDATA[https://www.goodreads.com/book/show/126026.Dave_Barry_s_Only_Travel_Guide_You_ll_Ever_Need]]></link>
<small_image_url><![CDATA[https://images.gr-assets.com/books/1320433298s/126026.jpg]]></small_image_url>
<image_url><![CDATA[https://images.gr-assets.com/books/1320433298m/126026.jpg]]></image_url>
<num_pages>192</num_pages>
<work>
<id>121378</id>
</work>
<isbn>0345431138</isbn>
<isbn13>9780345431134</isbn13>
<average_rating>3.77</average_rating>
<ratings_count>3648</ratings_count>
<publication_year>1999</publication_year>
<publication_month>3</publication_month>
<publication_day>1</publication_day>
<authors>
<author>
<id>6245</id>
<name>Dave Barry</name>
<link><![CDATA[https://www.goodreads.com/author/show/6245.Dave_Barry]]></link>
</author>
</authors>
</book>

          <book>
<id>2038265</id>
<title><![CDATA[Things I've Learned from Women Who've Dumped Me]]></title>
<title_without_series><![CDATA[Things I've Learned from Women Who've Dumped Me]]></title_without_series>
<link><![CDATA[https://www.goodreads.com/book/show/2038265.Things_I_ve_Learned_from_Women_Who_ve_Dumped_Me]]></link>
<small_image_url><![CDATA[https://s.gr-assets.com/assets/nophoto/book/50x75-a91bf249278a81aabab721ef782c4a74.png]]></small_image_url>
<image_url><![CDATA[https://s.gr-assets.com/assets/nophoto/book/111x148-bcc042a9c91a29c1d680899eff700a03.png]]></image_url>
<num_pages>223</num_pages>
<work>
<id>3013085</id>
</work>
<isbn>0446580694</isbn>
<isbn13>9780446580694</isbn13>
<average_rating>3.36</average_rating>
<ratings_count>2472</ratings_count>
<publication_year>2008</publication_year>
<publication_month>2</publication_month>
<publication_day>4</publication_day>
<authors>
<author>
<id>491956</id>
<name>Ben Karlin</name>
<link><![CDATA[https://www.goodreads.com/author/show/491956.Ben_Karlin]]></link>
</author>
</authors>
</book>

          <book>
<id>7531</id>
<title><![CDATA[The Idiot Girls' Action-Adventure Club: True Tales from a Magnificent and Clumsy Life]]></title>
<title_without_series><![CDATA[The Idiot Girls' Action-Adventure Club: True Tales from a Magnificent and Clumsy Life]]></title_without_series>
<link><![CDATA[https://www.goodreads.com/book/show/7531.The_Idiot_Girls_Action_Adventure_Club]]></link>
<small_image_url><![CDATA[https://s.gr-assets.com/assets/nophoto/book/50x75-a91bf249278a81aabab721ef782c4a74.png]]></small_image_url>
<image_url><![CDATA[https://s.gr-assets.com/assets/nophoto/book/111x148-bcc042a9c91a29c1d680899eff700a03.png]]></image_url>
<num_pages>225</num_pages>
<work>
<id>514237</id>
</work>
<isbn>0375760911</isbn>
<isbn13>9780375760914</isbn13>
<average_rating>3.89</average_rating>
<ratings_count>15595</ratings_count>
<publication_year>2002</publication_year>
<publication_month>7</publication_month>
<publication_day>2</publication_day>
<authors>
<author>
<id>5098</id>
<name>Laurie Notaro</name>
<link><![CDATA[https://www.goodreads.com/author/show/5098.Laurie_Notaro]]></link>
</author>
</authors>
</book>

          <book>
<id>7551220</id>
<title><![CDATA[I Know I Am, But What Are You?]]></title>
<title_without_series><![CDATA[I Know I Am, But What Are You?]]></title_without_series>
<link><![CDATA[https://www.goodreads.com/book/show/7551220-i-know-i-am-but-what-are-you]]></link>
<small_image_url><![CDATA[https://images.gr-assets.com/books/1268622672s/7551220.jpg]]></small_image_url>
<image_url><![CDATA[https://images.gr-assets.com/books/1268622672m/7551220.jpg]]></image_url>
<num_pages>242</num_pages>
<work>
<id>9845253</id>
</work>
<isbn>1439142734</isbn>
<isbn13>9781439142738</isbn13>
<average_rating>3.55</average_rating>
<ratings_count>8257</ratings_count>
<publication_year>2010</publication_year>
<publication_month>6</publication_month>
<publication_day>1</publication_day>
<authors>
<author>
<id>3122220</id>
<name>Samantha Bee</name>
<link><![CDATA[https://www.goodreads.com/author/show/3122220.Samantha_Bee]]></link>
</author>
</authors>
</book>

          <book>
<id>43422</id>
<title><![CDATA[The Best American Nonrequired Reading 2003]]></title>
<title_without_series><![CDATA[The Best American Nonrequired Reading 2003]]></title_without_series>
<link><![CDATA[https://www.goodreads.com/book/show/43422.The_Best_American_Nonrequired_Reading_2003]]></link>
<small_image_url><![CDATA[https://s.gr-assets.com/assets/nophoto/book/50x75-a91bf249278a81aabab721ef782c4a74.png]]></small_image_url>
<image_url><![CDATA[https://s.gr-assets.com/assets/nophoto/book/111x148-bcc042a9c91a29c1d680899eff700a03.png]]></image_url>
<num_pages></num_pages>
<work>
<id>1992687</id>
</work>
<isbn>0618246959</isbn>
<isbn13>9780618246953</isbn13>
<average_rating>3.89</average_rating>
<ratings_count>1497</ratings_count>
<publication_year></publication_year>
<publication_month></publication_month>
<publication_day></publication_day>
<authors>
<author>
<id>3371</id>
<name>Dave Eggers</name>
<link><![CDATA[https://www.goodreads.com/author/show/3371.Dave_Eggers]]></link>
</author>
</authors>
</book>

          <book>
<id>579696</id>
<title><![CDATA[Our Dumb Century: The Onion Presents 100 Years of Headlines from America's Finest News Source]]></title>
<title_without_series><![CDATA[Our Dumb Century: The Onion Presents 100 Years of Headlines from America's Finest News Source]]></title_without_series>
<link><![CDATA[https://www.goodreads.com/book/show/579696.Our_Dumb_Century]]></link>
<small_image_url><![CDATA[https://s.gr-assets.com/assets/nophoto/book/50x75-a91bf249278a81aabab721ef782c4a74.png]]></small_image_url>
<image_url><![CDATA[https://s.gr-assets.com/assets/nophoto/book/111x148-bcc042a9c91a29c1d680899eff700a03.png]]></image_url>
<num_pages>164</num_pages>
<work>
<id>1602327</id>
</work>
<isbn>0609804618</isbn>
<isbn13>9780609804612</isbn13>
<average_rating>4.18</average_rating>
<ratings_count>11205</ratings_count>
<publication_year>1999</publication_year>
<publication_month>3</publication_month>
<publication_day>23</publication_day>
<authors>
<author>
<id>58557</id>
<name>Scott Dikkers</name>
<link><![CDATA[https://www.goodreads.com/author/show/58557.Scott_Dikkers]]></link>
</author>
</authors>
</book>

          <book>
<id>4259</id>
<title>Housekeeping vs. the Dirt</title>
<title_without_series>Housekeeping vs. the Dirt</title_without_series>
<link><![CDATA[https://www.goodreads.com/book/show/4259.Housekeeping_vs_the_Dirt]]></link>
<small_image_url><![CDATA[https://images.gr-assets.com/books/1392158746s/4259.jpg]]></small_image_url>
<image_url><![CDATA[https://images.gr-assets.com/books/1392158746m/4259.jpg]]></image_url>
<num_pages>153</num_pages>
<work>
<id>7949</id>
</work>
<isbn>1932416595</isbn>
<isbn13>9781932416596</isbn13>
<average_rating>3.91</average_rating>
<ratings_count>2467</ratings_count>
<publication_year>2006</publication_year>
<publication_month>9</publication_month>
<publication_day>13</publication_day>
<authors>
<author>
<id>2929</id>
<name>Nick Hornby</name>
<link><![CDATA[https://www.goodreads.com/author/show/2929.Nick_Hornby]]></link>
</author>
</authors>
</book>

  </similar_books>
</book>

</GoodreadsResponse>