<?xml version="1.0" encoding="UTF-8"?>
<GoodreadsResponse>
  <Request>
    <authentication>true</authentication>
      <key><![CDATA[all_men_must_serve]]></key>
    <method><![CDATA[book_show]]></method>
  </Request>
  <book>
  <id>10196362</id>
  <title>The Accident</title>
  <isbn><![CDATA[0553807188]]></isbn>
  <isbn13><![CDATA[9780553807189]]></isbn13>
  <asin><![CDATA[]]></asin>
  <kindle_asin><![CDATA[B005HVRA6O]]></kindle_asin>
  <marketplace_id><![CDATA[A1F83G8C2ARO7P]]></marketplace_id>
  <country_code><![CDATA[GB]]></country_code>
  <image_url>https://images.gr-assets.com/books/1320390347m/10196362.jpg</image_url>
  <small_image_url>https://images.gr-assets.com/books/1320390347s/10196362.jpg</small_image_url>
  <publication_year>2011</publication_year>
  <publication_month>8</publication_month>
  <publication_day>9</publication_day>
  <publisher>Bantam</publisher>
  <language_code>eng</language_code>
  <is_ebook>false</is_ebook>
  <description><![CDATA[<b>In this mesmerizing thriller by acclaimed author Linwood Barclay, a typical American community descends into darkness, as an ordinary man is swept into one of the most violent mysteries of modern life.</b><br /><b> </b><br />It’s the new normal at the Garber household in Connecticut: Glen, a contractor, has seen his business shaken by the housing crisis, and now his wife, Sheila, is taking a business course at night to increase her chances of landing a good-paying job.<br /><br />But she should have been home by now.<br /><br />Waiting for Sheila’s return, with their eight-year-old daughter sleeping soundly, Glen soon finds his worst fears confirmed: Sheila and two others have been killed in a car accident. Adding to the tragedy, the police claim Sheila was responsible.<br /><br />Glen knows it’s impossible; he knew his wife and she would never do such a thing. When he investigates, Glen begins to uncover layers of lawlessness beneath the placid surface of their suburb, secret after dangerous secret behind the closed doors.<br /><br />Propelled into a vortex of corruption and illegal activity, pursued by mysterious killers, and confronted by threats from neighbors he thought he knew, Glen must take his own desperate measures and go to terrifying new places in himself to avenge his wife and protect his child.<br /><br />Bold and timely, with the shocking twists and startling insights that have become trademarks of this new master of domestic suspense, <i>The Accident</i> is a riveting triumph, a book that moves at a breathless pace to a climax no one will see coming.]]></description>
  <work>
  <id type="integer">13867623</id>
  <books_count type="integer">43</books_count>
  <best_book_id type="integer">10196362</best_book_id>
  <reviews_count type="integer">19971</reviews_count>
  <ratings_sum type="integer">45466</ratings_sum>
  <ratings_count type="integer">11562</ratings_count>
  <text_reviews_count type="integer">1205</text_reviews_count>
  <original_publication_year type="integer">2011</original_publication_year>
  <original_publication_month type="integer">8</original_publication_month>
  <original_publication_day type="integer">11</original_publication_day>
  <original_title>The Accident</original_title>
  <original_language_id type="integer" nil="true"/>
  <media_type>book</media_type>
  <rating_dist>5:3304|4:4969|3:2620|2:541|1:128|total:11562</rating_dist>
  <desc_user_id type="integer">2874225</desc_user_id>
  <default_chaptering_book_id type="integer" nil="true"/>
  <default_description_language_code nil="true"/>
</work>
  <average_rating>3.93</average_rating>
  <num_pages><![CDATA[386]]></num_pages>
  <format><![CDATA[Hardcover]]></format>
  <edition_information><![CDATA[]]></edition_information>
  <ratings_count><![CDATA[9641]]></ratings_count>
  <text_reviews_count><![CDATA[983]]></text_reviews_count>
  <url><![CDATA[https://www.goodreads.com/book/show/10196362-the-accident]]></url>
  <link><![CDATA[https://www.goodreads.com/book/show/10196362-the-accident]]></link>
  <authors>
<author>
<id>458771</id>
<name>Linwood Barclay</name>
<role></role>
<image_url nophoto='false'>
<![CDATA[https://images.gr-assets.com/authors/1418584169p5/458771.jpg]]>
</image_url>
<small_image_url nophoto='false'>
<![CDATA[https://images.gr-assets.com/authors/1418584169p2/458771.jpg]]>
</small_image_url>
<link><![CDATA[https://www.goodreads.com/author/show/458771.Linwood_Barclay]]></link>
<average_rating>3.93</average_rating>
<ratings_count>118390</ratings_count>
<text_reviews_count>12690</text_reviews_count>
</author>
</authors>

    <reviews_widget>
      <![CDATA[
        <style>
  #goodreads-widget {
    font-family: georgia, serif;
    padding: 18px 0;
    width:565px;
  }
  #goodreads-widget h1 {
    font-weight:normal;
    font-size: 16px;
    border-bottom: 1px solid #BBB596;
    margin-bottom: 0;
  }
  #goodreads-widget a {
    text-decoration: none;
    color:#660;
  }
  iframe{
    background-color: #fff;
  }
  #goodreads-widget a:hover { text-decoration: underline; }
  #goodreads-widget a:active {
    color:#660;
  }
  #gr_footer {
    width: 100%;
    border-top: 1px solid #BBB596;
    text-align: right;
  }
  #goodreads-widget .gr_branding{
    color: #382110;
    font-size: 11px;
    text-decoration: none;
    font-family: "Helvetica Neue", Helvetica, Arial, sans-serif;
  }
</style>
<div id="goodreads-widget">
  <div id="gr_header"><h1><a rel="nofollow" href="https://www.goodreads.com/book/show/10196362-the-accident">The Accident Reviews</a></h1></div>
  <iframe id="the_iframe" src="https://www.goodreads.com/api/reviews_widget_iframe?did=DEVELOPER_ID&amp;format=html&amp;isbn=0553807188&amp;links=660&amp;min_rating=&amp;review_back=fff&amp;stars=000&amp;text=000" width="565" height="400" frameborder="0"></iframe>
  <div id="gr_footer">
    <a class="gr_branding" target="_blank" rel="nofollow" href="https://www.goodreads.com/book/show/10196362-the-accident?utm_medium=api&amp;utm_source=reviews_widget">Reviews from Goodreads.com</a>
  </div>
</div>

      ]]>
    </reviews_widget>
  <popular_shelves>
      <shelf name="to-read" count="4841"/>
      <shelf name="currently-reading" count="184"/>
      <shelf name="mystery" count="142"/>
      <shelf name="thriller" count="124"/>
      <shelf name="linwood-barclay" count="86"/>
      <shelf name="fiction" count="77"/>
      <shelf name="suspense" count="67"/>
      <shelf name="crime" count="49"/>
      <shelf name="kindle" count="41"/>
      <shelf name="mystery-thriller" count="39"/>
      <shelf name="default" count="36"/>
      <shelf name="books-i-own" count="27"/>
      <shelf name="owned" count="26"/>
      <shelf name="thrillers" count="25"/>
      <shelf name="mystery-suspense" count="24"/>
      <shelf name="favorites" count="24"/>
      <shelf name="library" count="21"/>
      <shelf name="read-in-2012" count="20"/>
      <shelf name="suspense-thriller" count="17"/>
      <shelf name="barclay-linwood" count="16"/>
      <shelf name="audiobooks" count="16"/>
      <shelf name="canadian" count="14"/>
      <shelf name="ebook" count="13"/>
      <shelf name="read-2012" count="12"/>
      <shelf name="owned-books" count="11"/>
      <shelf name="audio" count="11"/>
      <shelf name="mysteries" count="11"/>
      <shelf name="crime-fiction" count="11"/>
      <shelf name="ebooks" count="11"/>
      <shelf name="to-buy" count="11"/>
      <shelf name="audiobook" count="10"/>
      <shelf name="contemporary" count="10"/>
      <shelf name="library-book" count="9"/>
      <shelf name="mystery-crime" count="8"/>
      <shelf name="audible" count="8"/>
      <shelf name="borrowed" count="8"/>
      <shelf name="connecticut" count="8"/>
      <shelf name="adult" count="8"/>
      <shelf name="read-in-2013" count="7"/>
      <shelf name="my-books" count="7"/>
      <shelf name="murder-mystery" count="7"/>
      <shelf name="mystery-thriller-suspense" count="7"/>
      <shelf name="mystery-thrillers" count="7"/>
      <shelf name="reviewed" count="7"/>
      <shelf name="read-2011" count="7"/>
      <shelf name="wish-list" count="7"/>
      <shelf name="read-2015" count="6"/>
      <shelf name="read-in-2014" count="6"/>
      <shelf name="read-2013" count="6"/>
      <shelf name="favourites" count="6"/>
      <shelf name="read-in-2011" count="6"/>
      <shelf name="canadian-author" count="6"/>
      <shelf name="first-reads" count="6"/>
      <shelf name="sub" count="5"/>
      <shelf name="read-2014" count="5"/>
      <shelf name="canadian-fiction" count="5"/>
      <shelf name="kindle-books" count="5"/>
      <shelf name="crime-thriller" count="5"/>
      <shelf name="book-club" count="5"/>
      <shelf name="crime-mystery" count="5"/>
      <shelf name="calibre" count="5"/>
      <shelf name="thriller-mystery" count="5"/>
      <shelf name="barclay" count="5"/>
      <shelf name="canada" count="5"/>
      <shelf name="adult-fiction" count="5"/>
      <shelf name="thriller-suspense" count="5"/>
      <shelf name="read-in-2016" count="4"/>
      <shelf name="read-in-2015" count="4"/>
      <shelf name="thriller-crime" count="4"/>
      <shelf name="need-to-buy" count="4"/>
      <shelf name="psychological-thriller" count="4"/>
      <shelf name="canadian-authors" count="4"/>
      <shelf name="e-book" count="4"/>
      <shelf name="library-ebook" count="4"/>
      <shelf name="my-library" count="4"/>
      <shelf name="mystery-suspense-thriller" count="4"/>
      <shelf name="canadian-literature" count="4"/>
      <shelf name="own-it" count="4"/>
      <shelf name="family-relationships" count="4"/>
      <shelf name="nook" count="4"/>
      <shelf name="tbr" count="3"/>
      <shelf name="2015-reads" count="3"/>
      <shelf name="drama" count="3"/>
      <shelf name="german" count="3"/>
      <shelf name="stand-alone" count="3"/>
      <shelf name="2014-books" count="3"/>
      <shelf name="kobo" count="3"/>
      <shelf name="novel" count="3"/>
      <shelf name="at-home" count="3"/>
      <shelf name="to-read-owned" count="3"/>
      <shelf name="want-to-read" count="3"/>
      <shelf name="books-i-have" count="3"/>
      <shelf name="5-star-books" count="3"/>
      <shelf name="crime-and-thriller" count="3"/>
      <shelf name="my-ebooks" count="3"/>
      <shelf name="overdrive" count="3"/>
      <shelf name="books-read-in-2012" count="3"/>
      <shelf name="mystery-and-thriller" count="3"/>
      <shelf name="mysteries-thrillers" count="3"/>
      <shelf name="2012-books-read" count="3"/>
  </popular_shelves>
  <book_links>
    <book_link>
  <id>8</id>
  <name>Libraries</name>
  <link>https://www.goodreads.com/book_link/follow/8</link>
</book_link>

  </book_links>
  <buy_links>
    <buy_link>
<id>1</id>
<name>Amazon</name>
<link>https://www.goodreads.com/book_link/follow/1</link>
</buy_link>
<buy_link>
<id>10</id>
<name>Audible</name>
<link>https://www.goodreads.com/book_link/follow/10</link>
</buy_link>
<buy_link>
<id>3</id>
<name>Barnes &amp; Noble</name>
<link>https://www.goodreads.com/book_link/follow/3</link>
</buy_link>
<buy_link>
<id>1027</id>
<name>Kobo</name>
<link>https://www.goodreads.com/book_link/follow/1027</link>
</buy_link>
<buy_link>
<id>2102</id>
<name>Apple iBooks</name>
<link>https://www.goodreads.com/book_link/follow/2102</link>
</buy_link>
<buy_link>
<id>8036</id>
<name>Google Play</name>
<link>https://www.goodreads.com/book_link/follow/8036</link>
</buy_link>
<buy_link>
<id>4</id>
<name>Abebooks</name>
<link>https://www.goodreads.com/book_link/follow/4</link>
</buy_link>
<buy_link>
<id>882</id>
<name>Book Depository</name>
<link>https://www.goodreads.com/book_link/follow/882</link>
</buy_link>
<buy_link>
<id>9</id>
<name>Indigo</name>
<link>https://www.goodreads.com/book_link/follow/9</link>
</buy_link>
<buy_link>
<id>2</id>
<name>Half.com</name>
<link>https://www.goodreads.com/book_link/follow/2</link>
</buy_link>
<buy_link>
<id>5</id>
<name>Alibris</name>
<link>https://www.goodreads.com/book_link/follow/5</link>
</buy_link>
<buy_link>
<id>107</id>
<name>Better World Books</name>
<link>https://www.goodreads.com/book_link/follow/107</link>
</buy_link>
<buy_link>
<id>7</id>
<name>IndieBound</name>
<link>https://www.goodreads.com/book_link/follow/7</link>
</buy_link>

  </buy_links>
  <series_works>
    
  </series_works>
  <similar_books>
          <book>
<id>10148340</id>
<title>You&apos;re Next</title>
<title_without_series>You&apos;re Next</title_without_series>
<link><![CDATA[https://www.goodreads.com/book/show/10148340-you-re-next]]></link>
<small_image_url><![CDATA[https://images.gr-assets.com/books/1393104022s/10148340.jpg]]></small_image_url>
<image_url><![CDATA[https://images.gr-assets.com/books/1393104022m/10148340.jpg]]></image_url>
<num_pages>436</num_pages>
<work>
<id>15046649</id>
</work>
<isbn>0751542113</isbn>
<isbn13>9780751542110</isbn13>
<average_rating>3.90</average_rating>
<ratings_count>6898</ratings_count>
<publication_year>2011</publication_year>
<publication_month>7</publication_month>
<publication_day>5</publication_day>
<authors>
<author>
<id>82570</id>
<name>Gregg Hurwitz</name>
<link><![CDATA[https://www.goodreads.com/author/show/82570.Gregg_Hurwitz]]></link>
</author>
</authors>
</book>

          <book>
<id>8804052</id>
<title><![CDATA[The Bone House (Cab Bolton, #1)]]></title>
<title_without_series>The Bone House</title_without_series>
<link><![CDATA[https://www.goodreads.com/book/show/8804052-the-bone-house]]></link>
<small_image_url><![CDATA[https://images.gr-assets.com/books/1316126139s/8804052.jpg]]></small_image_url>
<image_url><![CDATA[https://images.gr-assets.com/books/1316126139m/8804052.jpg]]></image_url>
<num_pages>352</num_pages>
<work>
<id>13678200</id>
</work>
<isbn>0312562837</isbn>
<isbn13>9780312562830</isbn13>
<average_rating>3.93</average_rating>
<ratings_count>3506</ratings_count>
<publication_year>2011</publication_year>
<publication_month>3</publication_month>
<publication_day>29</publication_day>
<authors>
<author>
<id>6939</id>
<name>Brian Freeman</name>
<link><![CDATA[https://www.goodreads.com/author/show/6939.Brian_Freeman]]></link>
</author>
</authors>
</book>

          <book>
<id>13044811</id>
<title>15 Seconds</title>
<title_without_series>15 Seconds</title_without_series>
<link><![CDATA[https://www.goodreads.com/book/show/13044811-15-seconds]]></link>
<small_image_url><![CDATA[https://images.gr-assets.com/books/1331442246s/13044811.jpg]]></small_image_url>
<image_url><![CDATA[https://images.gr-assets.com/books/1331442246m/13044811.jpg]]></image_url>
<num_pages>324</num_pages>
<work>
<id>18209109</id>
</work>
<isbn>006165597X</isbn>
<isbn13>9780061655975</isbn13>
<average_rating>3.71</average_rating>
<ratings_count>4766</ratings_count>
<publication_year></publication_year>
<publication_month></publication_month>
<publication_day></publication_day>
<authors>
<author>
<id>8214</id>
<name>Andrew Gross</name>
<link><![CDATA[https://www.goodreads.com/author/show/8214.Andrew_Gross]]></link>
</author>
</authors>
</book>

          <book>
<id>9677549</id>
<title>Disturbed</title>
<title_without_series>Disturbed</title_without_series>
<link><![CDATA[https://www.goodreads.com/book/show/9677549-disturbed]]></link>
<small_image_url><![CDATA[https://s.gr-assets.com/assets/nophoto/book/50x75-a91bf249278a81aabab721ef782c4a74.png]]></small_image_url>
<image_url><![CDATA[https://s.gr-assets.com/assets/nophoto/book/111x148-bcc042a9c91a29c1d680899eff700a03.png]]></image_url>
<num_pages>528</num_pages>
<work>
<id>14565428</id>
</work>
<isbn>0786021373</isbn>
<isbn13>9780786021376</isbn13>
<average_rating>4.07</average_rating>
<ratings_count>1088</ratings_count>
<publication_year>2011</publication_year>
<publication_month>5</publication_month>
<publication_day>1</publication_day>
<authors>
<author>
<id>48927</id>
<name>Kevin O&apos;Brien</name>
<link><![CDATA[https://www.goodreads.com/author/show/48927.Kevin_O_Brien]]></link>
</author>
</authors>
</book>

          <book>
<id>7896556</id>
<title><![CDATA[Buried Secrets (Nick Heller, #2)]]></title>
<title_without_series>Buried Secrets</title_without_series>
<link><![CDATA[https://www.goodreads.com/book/show/7896556-buried-secrets]]></link>
<small_image_url><![CDATA[https://s.gr-assets.com/assets/nophoto/book/50x75-a91bf249278a81aabab721ef782c4a74.png]]></small_image_url>
<image_url><![CDATA[https://s.gr-assets.com/assets/nophoto/book/111x148-bcc042a9c91a29c1d680899eff700a03.png]]></image_url>
<num_pages>390</num_pages>
<work>
<id>15683298</id>
</work>
<isbn>0312379145</isbn>
<isbn13>9780312379148</isbn13>
<average_rating>3.96</average_rating>
<ratings_count>5386</ratings_count>
<publication_year>2011</publication_year>
<publication_month>6</publication_month>
<publication_day>21</publication_day>
<authors>
<author>
<id>63460</id>
<name>Joseph Finder</name>
<link><![CDATA[https://www.goodreads.com/author/show/63460.Joseph_Finder]]></link>
</author>
</authors>
</book>

          <book>
<id>11156712</id>
<title><![CDATA[Good As Dead (Tom Thorne, #10)]]></title>
<title_without_series>Good As Dead</title_without_series>
<link><![CDATA[https://www.goodreads.com/book/show/11156712-good-as-dead]]></link>
<small_image_url><![CDATA[https://images.gr-assets.com/books/1328855671s/11156712.jpg]]></small_image_url>
<image_url><![CDATA[https://images.gr-assets.com/books/1328855671m/11156712.jpg]]></image_url>
<num_pages>392</num_pages>
<work>
<id>16080573</id>
</work>
<isbn>1847444199</isbn>
<isbn13>9781847444196</isbn13>
<average_rating>4.12</average_rating>
<ratings_count>2900</ratings_count>
<publication_year>2011</publication_year>
<publication_month>10</publication_month>
<publication_day>1</publication_day>
<authors>
<author>
<id>142411</id>
<name>Mark Billingham</name>
<link><![CDATA[https://www.goodreads.com/author/show/142411.Mark_Billingham]]></link>
</author>
</authors>
</book>

          <book>
<id>3585061</id>
<title>Three Weeks To Say Goodbye</title>
<title_without_series>Three Weeks To Say Goodbye</title_without_series>
<link><![CDATA[https://www.goodreads.com/book/show/3585061-three-weeks-to-say-goodbye]]></link>
<small_image_url><![CDATA[https://images.gr-assets.com/books/1312067503s/3585061.jpg]]></small_image_url>
<image_url><![CDATA[https://images.gr-assets.com/books/1312067503m/3585061.jpg]]></image_url>
<num_pages>340</num_pages>
<work>
<id>3627322</id>
</work>
<isbn>0312365721</isbn>
<isbn13>9780312365721</isbn13>
<average_rating>3.83</average_rating>
<ratings_count>5358</ratings_count>
<publication_year>2009</publication_year>
<publication_month>1</publication_month>
<publication_day>6</publication_day>
<authors>
<author>
<id>314195</id>
<name>C.J. Box</name>
<link><![CDATA[https://www.goodreads.com/author/show/314195.C_J_Box]]></link>
</author>
</authors>
</book>

          <book>
<id>9790128</id>
<title><![CDATA[The Girl Who Disappeared Twice (Forensic Instincts, #1)]]></title>
<title_without_series><![CDATA[The Girl Who Disappeared Twice]]></title_without_series>
<link><![CDATA[https://www.goodreads.com/book/show/9790128-the-girl-who-disappeared-twice]]></link>
<small_image_url><![CDATA[https://images.gr-assets.com/books/1300389416s/9790128.jpg]]></small_image_url>
<image_url><![CDATA[https://images.gr-assets.com/books/1300389416m/9790128.jpg]]></image_url>
<num_pages>400</num_pages>
<work>
<id>14680171</id>
</work>
<isbn>0778329844</isbn>
<isbn13>9780778329848</isbn13>
<average_rating>3.66</average_rating>
<ratings_count>2975</ratings_count>
<publication_year>2011</publication_year>
<publication_month>5</publication_month>
<publication_day>31</publication_day>
<authors>
<author>
<id>62844</id>
<name>Andrea Kane</name>
<link><![CDATA[https://www.goodreads.com/author/show/62844.Andrea_Kane]]></link>
</author>
</authors>
</book>

          <book>
<id>8549633</id>
<title>Killer Move</title>
<title_without_series>Killer Move</title_without_series>
<link><![CDATA[https://www.goodreads.com/book/show/8549633-killer-move]]></link>
<small_image_url><![CDATA[https://s.gr-assets.com/assets/nophoto/book/50x75-a91bf249278a81aabab721ef782c4a74.png]]></small_image_url>
<image_url><![CDATA[https://s.gr-assets.com/assets/nophoto/book/111x148-bcc042a9c91a29c1d680899eff700a03.png]]></image_url>
<num_pages></num_pages>
<work>
<id>13417644</id>
</work>
<isbn>0061434426</isbn>
<isbn13>9780061434426</isbn13>
<average_rating>3.72</average_rating>
<ratings_count>675</ratings_count>
<publication_year></publication_year>
<publication_month></publication_month>
<publication_day></publication_day>
<authors>
<author>
<id>2954265</id>
<name>Michael Marshall</name>
<link><![CDATA[https://www.goodreads.com/author/show/2954265.Michael_Marshall]]></link>
</author>
</authors>
</book>

          <book>
<id>9635495</id>
<title>Fallen (Will Trent, #5)</title>
<title_without_series>Fallen</title_without_series>
<link><![CDATA[https://www.goodreads.com/book/show/9635495-fallen]]></link>
<small_image_url><![CDATA[https://s.gr-assets.com/assets/nophoto/book/50x75-a91bf249278a81aabab721ef782c4a74.png]]></small_image_url>
<image_url><![CDATA[https://s.gr-assets.com/assets/nophoto/book/111x148-bcc042a9c91a29c1d680899eff700a03.png]]></image_url>
<num_pages>387</num_pages>
<work>
<id>14522855</id>
</work>
<isbn>0345528204</isbn>
<isbn13>9780345528209</isbn13>
<average_rating>4.23</average_rating>
<ratings_count>23544</ratings_count>
<publication_year>2011</publication_year>
<publication_month>6</publication_month>
<publication_day>21</publication_day>
<authors>
<author>
<id>12504</id>
<name>Karin Slaughter</name>
<link><![CDATA[https://www.goodreads.com/author/show/12504.Karin_Slaughter]]></link>
</author>
</authors>
</book>

          <book>
<id>10248088</id>
<title><![CDATA[Misery Bay (Alex McKnight, #8)]]></title>
<title_without_series>Misery Bay</title_without_series>
<link><![CDATA[https://www.goodreads.com/book/show/10248088-misery-bay]]></link>
<small_image_url><![CDATA[https://s.gr-assets.com/assets/nophoto/book/50x75-a91bf249278a81aabab721ef782c4a74.png]]></small_image_url>
<image_url><![CDATA[https://s.gr-assets.com/assets/nophoto/book/111x148-bcc042a9c91a29c1d680899eff700a03.png]]></image_url>
<num_pages>294</num_pages>
<work>
<id>14245058</id>
</work>
<isbn>0312380437</isbn>
<isbn13>9780312380434</isbn13>
<average_rating>4.13</average_rating>
<ratings_count>2778</ratings_count>
<publication_year></publication_year>
<publication_month></publication_month>
<publication_day></publication_day>
<authors>
<author>
<id>9891</id>
<name>Steve Hamilton</name>
<link><![CDATA[https://www.goodreads.com/author/show/9891.Steve_Hamilton]]></link>
</author>
</authors>
</book>

          <book>
<id>8585317</id>
<title>The Cypress House</title>
<title_without_series>The Cypress House</title_without_series>
<link><![CDATA[https://www.goodreads.com/book/show/8585317-the-cypress-house]]></link>
<small_image_url><![CDATA[https://images.gr-assets.com/books/1344264226s/8585317.jpg]]></small_image_url>
<image_url><![CDATA[https://images.gr-assets.com/books/1344264226m/8585317.jpg]]></image_url>
<num_pages>415</num_pages>
<work>
<id>13454650</id>
</work>
<isbn>0316053724</isbn>
<isbn13>9780316053723</isbn13>
<average_rating>3.74</average_rating>
<ratings_count>3189</ratings_count>
<publication_year></publication_year>
<publication_month></publication_month>
<publication_day></publication_day>
<authors>
<author>
<id>24197</id>
<name>Michael Koryta</name>
<link><![CDATA[https://www.goodreads.com/author/show/24197.Michael_Koryta]]></link>
</author>
</authors>
</book>

          <book>
<id>10024937</id>
<title>Iron House</title>
<title_without_series>Iron House</title_without_series>
<link><![CDATA[https://www.goodreads.com/book/show/10024937-iron-house]]></link>
<small_image_url><![CDATA[https://s.gr-assets.com/assets/nophoto/book/50x75-a91bf249278a81aabab721ef782c4a74.png]]></small_image_url>
<image_url><![CDATA[https://s.gr-assets.com/assets/nophoto/book/111x148-bcc042a9c91a29c1d680899eff700a03.png]]></image_url>
<num_pages>421</num_pages>
<work>
<id>14920408</id>
</work>
<isbn>0312380348</isbn>
<isbn13>9780312380342</isbn13>
<average_rating>4.07</average_rating>
<ratings_count>10826</ratings_count>
<publication_year></publication_year>
<publication_month></publication_month>
<publication_day></publication_day>
<authors>
<author>
<id>47072</id>
<name>John Hart</name>
<link><![CDATA[https://www.goodreads.com/author/show/47072.John_Hart]]></link>
</author>
</authors>
</book>

          <book>
<id>18102876</id>
<title><![CDATA[Dead Gone (DI Murphy and DS Rossi, #1)]]></title>
<title_without_series>Dead Gone</title_without_series>
<link><![CDATA[https://www.goodreads.com/book/show/18102876-dead-gone]]></link>
<small_image_url><![CDATA[https://images.gr-assets.com/books/1392199219s/18102876.jpg]]></small_image_url>
<image_url><![CDATA[https://images.gr-assets.com/books/1392199219m/18102876.jpg]]></image_url>
<num_pages>408</num_pages>
<work>
<id>25419753</id>
</work>
<isbn>0007525575</isbn>
<isbn13>9780007525577</isbn13>
<average_rating>3.78</average_rating>
<ratings_count>1087</ratings_count>
<publication_year>2014</publication_year>
<publication_month>1</publication_month>
<publication_day>14</publication_day>
<authors>
<author>
<id>5269840</id>
<name>Luca Veste</name>
<link><![CDATA[https://www.goodreads.com/author/show/5269840.Luca_Veste]]></link>
</author>
</authors>
</book>

          <book>
<id>12796866</id>
<title>Darkness, My Old Friend</title>
<title_without_series>Darkness, My Old Friend</title_without_series>
<link><![CDATA[https://www.goodreads.com/book/show/12796866-darkness-my-old-friend]]></link>
<small_image_url><![CDATA[https://s.gr-assets.com/assets/nophoto/book/50x75-a91bf249278a81aabab721ef782c4a74.png]]></small_image_url>
<image_url><![CDATA[https://s.gr-assets.com/assets/nophoto/book/111x148-bcc042a9c91a29c1d680899eff700a03.png]]></image_url>
<num_pages>496</num_pages>
<work>
<id>14893599</id>
</work>
<isbn>0307949672</isbn>
<isbn13>9780307949677</isbn13>
<average_rating>3.68</average_rating>
<ratings_count>4148</ratings_count>
<publication_year>2012</publication_year>
<publication_month>6</publication_month>
<publication_day>26</publication_day>
<authors>
<author>
<id>18445</id>
<name>Lisa Unger</name>
<link><![CDATA[https://www.goodreads.com/author/show/18445.Lisa_Unger]]></link>
</author>
</authors>
</book>

          <book>
<id>15914250</id>
<title>Der Sarg</title>
<title_without_series>Der Sarg</title_without_series>
<link><![CDATA[https://www.goodreads.com/book/show/15914250-der-sarg]]></link>
<small_image_url><![CDATA[https://images.gr-assets.com/books/1368640201s/15914250.jpg]]></small_image_url>
<image_url><![CDATA[https://images.gr-assets.com/books/1368640201m/15914250.jpg]]></image_url>
<num_pages>365</num_pages>
<work>
<id>21664207</id>
</work>
<isbn>3596191025</isbn>
<isbn13>9783596191024</isbn13>
<average_rating>3.84</average_rating>
<ratings_count>387</ratings_count>
<publication_year>2013</publication_year>
<publication_month>1</publication_month>
<publication_day>17</publication_day>
<authors>
<author>
<id>1889192</id>
<name>Arno Strobel</name>
<link><![CDATA[https://www.goodreads.com/author/show/1889192.Arno_Strobel]]></link>
</author>
</authors>
</book>

          <book>
<id>8971204</id>
<title><![CDATA[Watch Me Die (Stacy Killian, #4; The Malones, #5)]]></title>
<title_without_series>Watch Me Die</title_without_series>
<link><![CDATA[https://www.goodreads.com/book/show/8971204-watch-me-die]]></link>
<small_image_url><![CDATA[https://s.gr-assets.com/assets/nophoto/book/50x75-a91bf249278a81aabab721ef782c4a74.png]]></small_image_url>
<image_url><![CDATA[https://s.gr-assets.com/assets/nophoto/book/111x148-bcc042a9c91a29c1d680899eff700a03.png]]></image_url>
<num_pages></num_pages>
<work>
<id>21827773</id>
</work>
<isbn>031236394X</isbn>
<isbn13>9780312363949</isbn13>
<average_rating>4.02</average_rating>
<ratings_count>1889</ratings_count>
<publication_year>2011</publication_year>
<publication_month>6</publication_month>
<publication_day>21</publication_day>
<authors>
<author>
<id>37168</id>
<name>Erica Spindler</name>
<link><![CDATA[https://www.goodreads.com/author/show/37168.Erica_Spindler]]></link>
</author>
</authors>
</book>

          <book>
<id>1640420</id>
<title>Severed</title>
<title_without_series>Severed</title_without_series>
<link><![CDATA[https://www.goodreads.com/book/show/1640420.Severed]]></link>
<small_image_url><![CDATA[https://s.gr-assets.com/assets/nophoto/book/50x75-a91bf249278a81aabab721ef782c4a74.png]]></small_image_url>
<image_url><![CDATA[https://s.gr-assets.com/assets/nophoto/book/111x148-bcc042a9c91a29c1d680899eff700a03.png]]></image_url>
<num_pages>320</num_pages>
<work>
<id>1634748</id>
</work>
<isbn>0593054733</isbn>
<isbn13>9780593054734</isbn13>
<average_rating>3.95</average_rating>
<ratings_count>1833</ratings_count>
<publication_year>2007</publication_year>
<publication_month>6</publication_month>
<publication_day>18</publication_day>
<authors>
<author>
<id>253943</id>
<name>Simon Kernick</name>
<link><![CDATA[https://www.goodreads.com/author/show/253943.Simon_Kernick]]></link>
</author>
</authors>
</book>

  </similar_books>
</book>

</GoodreadsResponse>