<?xml version="1.0" encoding="UTF-8"?>
<GoodreadsResponse>
  <Request>
    <authentication>true</authentication>
      <key><![CDATA[all_men_must_serve]]></key>
    <method><![CDATA[book_show]]></method>
  </Request>
  <book>
  <id>10209997</id>
  <title>The Night Strangers</title>
  <isbn><![CDATA[0307394999]]></isbn>
  <isbn13><![CDATA[9780307394996]]></isbn13>
  <asin><![CDATA[]]></asin>
  <kindle_asin><![CDATA[B0064O2QEY]]></kindle_asin>
  <marketplace_id><![CDATA[A1F83G8C2ARO7P]]></marketplace_id>
  <country_code><![CDATA[GB]]></country_code>
  <image_url>https://images.gr-assets.com/books/1308866180m/10209997.jpg</image_url>
  <small_image_url>https://images.gr-assets.com/books/1308866180s/10209997.jpg</small_image_url>
  <publication_year>2011</publication_year>
  <publication_month>10</publication_month>
  <publication_day>4</publication_day>
  <publisher>Crown</publisher>
  <language_code>eng</language_code>
  <is_ebook>false</is_ebook>
  <description><![CDATA[From the bestselling author of <i>The Double Bind</i>, <i>Skeletons at the Feast</i>, and <i>Secrets of Eden</i>, comes a riveting and dramatic ghost story.<br /> <br />In a dusty corner of a basement in a rambling Victorian house in northern New Hampshire, a door has long been sealed shut with 39 six-inch-long carriage bolts. <br />            <br />The home's new owners are Chip and Emily Linton and their twin ten-year-old daughters. Together they hope to rebuild their lives there after Chip, an airline pilot, has to ditch his 70-seat regional jet in Lake Champlain after double engine failure. Unlike the Miracle on the Hudson, however, most of the passengers aboard Flight 1611 die on impact or drown. The body count? Thirty-nine – a coincidence not lost on Chip when he discovers the number of bolts in that basement door. Meanwhile, Emily finds herself wondering about the women in this sparsely populated White Mountain village – self-proclaimed herbalists – and their interest in her fifth-grade daughters. Are the women mad? Or is it her husband, in the wake of the tragedy, whose grip on sanity has become desperately tenuous?   <br /><br />The result is a poignant and powerful ghost story with all the hallmarks readers have come to expect from bestselling novelist Chris Bohjalian: a palpable sense of place, an unerring sense of the demons that drive us, and characters we care about deeply. <br /><br />The difference this time? Some of those characters are dead.]]></description>
  <work>
  <id type="integer">15109428</id>
  <books_count type="integer">16</books_count>
  <best_book_id type="integer">10209997</best_book_id>
  <reviews_count type="integer">29453</reviews_count>
  <ratings_sum type="integer">44057</ratings_sum>
  <ratings_count type="integer">13935</ratings_count>
  <text_reviews_count type="integer">2669</text_reviews_count>
  <original_publication_year type="integer">2011</original_publication_year>
  <original_publication_month type="integer">10</original_publication_month>
  <original_publication_day type="integer">11</original_publication_day>
  <original_title></original_title>
  <original_language_id type="integer" nil="true"/>
  <media_type>book</media_type>
  <rating_dist>5:1614|4:3728|3:4940|2:2602|1:1051|total:13935</rating_dist>
  <desc_user_id type="integer">4027979</desc_user_id>
  <default_chaptering_book_id type="integer" nil="true"/>
  <default_description_language_code nil="true"/>
</work>
  <average_rating>3.16</average_rating>
  <num_pages><![CDATA[378]]></num_pages>
  <format><![CDATA[Hardcover]]></format>
  <edition_information><![CDATA[]]></edition_information>
  <ratings_count><![CDATA[12910]]></ratings_count>
  <text_reviews_count><![CDATA[2434]]></text_reviews_count>
  <url><![CDATA[https://www.goodreads.com/book/show/10209997-the-night-strangers]]></url>
  <link><![CDATA[https://www.goodreads.com/book/show/10209997-the-night-strangers]]></link>
  <authors>
<author>
<id>3509</id>
<name>Chris Bohjalian</name>
<role></role>
<image_url nophoto='false'>
<![CDATA[https://images.gr-assets.com/authors/1500645208p5/3509.jpg]]>
</image_url>
<small_image_url nophoto='false'>
<![CDATA[https://images.gr-assets.com/authors/1500645208p2/3509.jpg]]>
</small_image_url>
<link><![CDATA[https://www.goodreads.com/author/show/3509.Chris_Bohjalian]]></link>
<average_rating>3.79</average_rating>
<ratings_count>334551</ratings_count>
<text_reviews_count>30742</text_reviews_count>
</author>
</authors>

    <reviews_widget>
      <![CDATA[
        <style>
  #goodreads-widget {
    font-family: georgia, serif;
    padding: 18px 0;
    width:565px;
  }
  #goodreads-widget h1 {
    font-weight:normal;
    font-size: 16px;
    border-bottom: 1px solid #BBB596;
    margin-bottom: 0;
  }
  #goodreads-widget a {
    text-decoration: none;
    color:#660;
  }
  iframe{
    background-color: #fff;
  }
  #goodreads-widget a:hover { text-decoration: underline; }
  #goodreads-widget a:active {
    color:#660;
  }
  #gr_footer {
    width: 100%;
    border-top: 1px solid #BBB596;
    text-align: right;
  }
  #goodreads-widget .gr_branding{
    color: #382110;
    font-size: 11px;
    text-decoration: none;
    font-family: "Helvetica Neue", Helvetica, Arial, sans-serif;
  }
</style>
<div id="goodreads-widget">
  <div id="gr_header"><h1><a rel="nofollow" href="https://www.goodreads.com/book/show/10209997-the-night-strangers">The Night Strangers Reviews</a></h1></div>
  <iframe id="the_iframe" src="https://www.goodreads.com/api/reviews_widget_iframe?did=DEVELOPER_ID&amp;format=html&amp;isbn=0307394999&amp;links=660&amp;min_rating=&amp;review_back=fff&amp;stars=000&amp;text=000" width="565" height="400" frameborder="0"></iframe>
  <div id="gr_footer">
    <a class="gr_branding" target="_blank" rel="nofollow" href="https://www.goodreads.com/book/show/10209997-the-night-strangers?utm_medium=api&amp;utm_source=reviews_widget">Reviews from Goodreads.com</a>
  </div>
</div>

      ]]>
    </reviews_widget>
  <popular_shelves>
      <shelf name="to-read" count="13409"/>
      <shelf name="currently-reading" count="378"/>
      <shelf name="horror" count="278"/>
      <shelf name="fiction" count="261"/>
      <shelf name="mystery" count="97"/>
      <shelf name="paranormal" count="79"/>
      <shelf name="thriller" count="67"/>
      <shelf name="audio" count="58"/>
      <shelf name="ghosts" count="56"/>
      <shelf name="suspense" count="52"/>
      <shelf name="library" count="52"/>
      <shelf name="supernatural" count="49"/>
      <shelf name="kindle" count="43"/>
      <shelf name="book-club" count="40"/>
      <shelf name="audiobook" count="36"/>
      <shelf name="audiobooks" count="35"/>
      <shelf name="read-in-2012" count="33"/>
      <shelf name="fantasy" count="33"/>
      <shelf name="favorites" count="30"/>
      <shelf name="adult" count="30"/>
      <shelf name="books-i-own" count="29"/>
      <shelf name="adult-fiction" count="28"/>
      <shelf name="contemporary-fiction" count="25"/>
      <shelf name="owned" count="25"/>
      <shelf name="audio-book" count="25"/>
      <shelf name="my-ebooks" count="25"/>
      <shelf name="abandoned" count="23"/>
      <shelf name="read-in-2011" count="23"/>
      <shelf name="audio-books" count="22"/>
      <shelf name="did-not-finish" count="21"/>
      <shelf name="ghost-story" count="21"/>
      <shelf name="didn-t-finish" count="20"/>
      <shelf name="contemporary" count="19"/>
      <shelf name="chris-bohjalian" count="18"/>
      <shelf name="first-reads" count="18"/>
      <shelf name="twins" count="17"/>
      <shelf name="gothic" count="17"/>
      <shelf name="witches" count="16"/>
      <shelf name="mystery-thriller" count="16"/>
      <shelf name="ebooks" count="16"/>
      <shelf name="suspense-thriller" count="15"/>
      <shelf name="wish-list" count="15"/>
      <shelf name="read-in-2013" count="14"/>
      <shelf name="library-books" count="14"/>
      <shelf name="couldn-t-finish" count="14"/>
      <shelf name="literary-fiction" count="14"/>
      <shelf name="ghost-stories" count="13"/>
      <shelf name="ebook" count="13"/>
      <shelf name="unfinished" count="12"/>
      <shelf name="gave-up" count="11"/>
      <shelf name="herbalists" count="11"/>
      <shelf name="new-england" count="11"/>
      <shelf name="gave-up-on" count="11"/>
      <shelf name="new-hampshire" count="10"/>
      <shelf name="ghost" count="10"/>
      <shelf name="scary" count="10"/>
      <shelf name="2012-books" count="10"/>
      <shelf name="to-buy" count="10"/>
      <shelf name="2011-reads" count="10"/>
      <shelf name="read-2012" count="9"/>
      <shelf name="magic" count="9"/>
      <shelf name="audible" count="9"/>
      <shelf name="borrowed" count="9"/>
      <shelf name="owned-books" count="8"/>
      <shelf name="i-own" count="8"/>
      <shelf name="default" count="8"/>
      <shelf name="library-book" count="8"/>
      <shelf name="books-read-in-2012" count="8"/>
      <shelf name="mystery-suspense" count="8"/>
      <shelf name="2011-books" count="8"/>
      <shelf name="dnf" count="8"/>
      <shelf name="nook" count="8"/>
      <shelf name="bohjalian" count="8"/>
      <shelf name="on-hold" count="7"/>
      <shelf name="general-fiction" count="7"/>
      <shelf name="favorite-authors" count="7"/>
      <shelf name="spooky" count="7"/>
      <shelf name="thrillers" count="7"/>
      <shelf name="read-in-2014" count="6"/>
      <shelf name="on-kindle" count="6"/>
      <shelf name="2012-reads" count="6"/>
      <shelf name="bookclub" count="6"/>
      <shelf name="could-not-finish" count="6"/>
      <shelf name="books-read-in-2011" count="6"/>
      <shelf name="never-finished" count="6"/>
      <shelf name="family" count="6"/>
      <shelf name="sisters" count="6"/>
      <shelf name="my-library" count="6"/>
      <shelf name="to-purchase" count="6"/>
      <shelf name="novels" count="6"/>
      <shelf name="mysteries" count="6"/>
      <shelf name="netgalley" count="6"/>
      <shelf name="read-in-2015" count="5"/>
      <shelf name="2014-reads" count="5"/>
      <shelf name="read-2013" count="5"/>
      <shelf name="2013-reads" count="5"/>
      <shelf name="recommended" count="5"/>
      <shelf name="2012-read" count="5"/>
      <shelf name="finished" count="5"/>
      <shelf name="american" count="5"/>
  </popular_shelves>
  <book_links>
    <book_link>
  <id>8</id>
  <name>Libraries</name>
  <link>https://www.goodreads.com/book_link/follow/8</link>
</book_link>

  </book_links>
  <buy_links>
    <buy_link>
<id>1</id>
<name>Amazon</name>
<link>https://www.goodreads.com/book_link/follow/1</link>
</buy_link>
<buy_link>
<id>10</id>
<name>Audible</name>
<link>https://www.goodreads.com/book_link/follow/10</link>
</buy_link>
<buy_link>
<id>3</id>
<name>Barnes &amp; Noble</name>
<link>https://www.goodreads.com/book_link/follow/3</link>
</buy_link>
<buy_link>
<id>1027</id>
<name>Kobo</name>
<link>https://www.goodreads.com/book_link/follow/1027</link>
</buy_link>
<buy_link>
<id>2102</id>
<name>Apple iBooks</name>
<link>https://www.goodreads.com/book_link/follow/2102</link>
</buy_link>
<buy_link>
<id>8036</id>
<name>Google Play</name>
<link>https://www.goodreads.com/book_link/follow/8036</link>
</buy_link>
<buy_link>
<id>4</id>
<name>Abebooks</name>
<link>https://www.goodreads.com/book_link/follow/4</link>
</buy_link>
<buy_link>
<id>882</id>
<name>Book Depository</name>
<link>https://www.goodreads.com/book_link/follow/882</link>
</buy_link>
<buy_link>
<id>9</id>
<name>Indigo</name>
<link>https://www.goodreads.com/book_link/follow/9</link>
</buy_link>
<buy_link>
<id>2</id>
<name>Half.com</name>
<link>https://www.goodreads.com/book_link/follow/2</link>
</buy_link>
<buy_link>
<id>5</id>
<name>Alibris</name>
<link>https://www.goodreads.com/book_link/follow/5</link>
</buy_link>
<buy_link>
<id>107</id>
<name>Better World Books</name>
<link>https://www.goodreads.com/book_link/follow/107</link>
</buy_link>
<buy_link>
<id>7</id>
<name>IndieBound</name>
<link>https://www.goodreads.com/book_link/follow/7</link>
</buy_link>

  </buy_links>
  <series_works>
    
  </series_works>
      <public_document>
        <id>14452</id>
        <document_url>
          https://s3.amazonaws.com/compressed.photo.goodreads.com/documents/1317764630books/10209997.epub
        </document_url>
      </public_document>
  <similar_books>
          <book>
<id>11290495</id>
<title>The Sleepwalkers</title>
<title_without_series>The Sleepwalkers</title_without_series>
<link><![CDATA[https://www.goodreads.com/book/show/11290495-the-sleepwalkers]]></link>
<small_image_url><![CDATA[https://images.gr-assets.com/books/1327923395s/11290495.jpg]]></small_image_url>
<image_url><![CDATA[https://images.gr-assets.com/books/1327923395m/11290495.jpg]]></image_url>
<num_pages>329</num_pages>
<work>
<id>16217922</id>
</work>
<isbn>0757315887</isbn>
<isbn13>9780757315886</isbn13>
<average_rating>3.74</average_rating>
<ratings_count>552</ratings_count>
<publication_year>2011</publication_year>
<publication_month>10</publication_month>
<publication_day>3</publication_day>
<authors>
<author>
<id>4805617</id>
<name>J. Gabriel Gates</name>
<link><![CDATA[https://www.goodreads.com/author/show/4805617.J_Gabriel_Gates]]></link>
</author>
</authors>
</book>

          <book>
<id>10772903</id>
<title>Those Across the River</title>
<title_without_series>Those Across the River</title_without_series>
<link><![CDATA[https://www.goodreads.com/book/show/10772903-those-across-the-river]]></link>
<small_image_url><![CDATA[https://s.gr-assets.com/assets/nophoto/book/50x75-a91bf249278a81aabab721ef782c4a74.png]]></small_image_url>
<image_url><![CDATA[https://s.gr-assets.com/assets/nophoto/book/111x148-bcc042a9c91a29c1d680899eff700a03.png]]></image_url>
<num_pages>357</num_pages>
<work>
<id>15684614</id>
</work>
<isbn>0441020674</isbn>
<isbn13>9780441020676</isbn13>
<average_rating>3.64</average_rating>
<ratings_count>4136</ratings_count>
<publication_year></publication_year>
<publication_month></publication_month>
<publication_day></publication_day>
<authors>
<author>
<id>4712375</id>
<name>Christopher Buehlman</name>
<link><![CDATA[https://www.goodreads.com/author/show/4712375.Christopher_Buehlman]]></link>
</author>
</authors>
</book>

          <book>
<id>8585317</id>
<title>The Cypress House</title>
<title_without_series>The Cypress House</title_without_series>
<link><![CDATA[https://www.goodreads.com/book/show/8585317-the-cypress-house]]></link>
<small_image_url><![CDATA[https://images.gr-assets.com/books/1344264226s/8585317.jpg]]></small_image_url>
<image_url><![CDATA[https://images.gr-assets.com/books/1344264226m/8585317.jpg]]></image_url>
<num_pages>415</num_pages>
<work>
<id>13454650</id>
</work>
<isbn>0316053724</isbn>
<isbn13>9780316053723</isbn13>
<average_rating>3.74</average_rating>
<ratings_count>3189</ratings_count>
<publication_year></publication_year>
<publication_month></publication_month>
<publication_day></publication_day>
<authors>
<author>
<id>24197</id>
<name>Michael Koryta</name>
<link><![CDATA[https://www.goodreads.com/author/show/24197.Michael_Koryta]]></link>
</author>
</authors>
</book>

          <book>
<id>8213686</id>
<title>Floating Staircase</title>
<title_without_series>Floating Staircase</title_without_series>
<link><![CDATA[https://www.goodreads.com/book/show/8213686-floating-staircase]]></link>
<small_image_url><![CDATA[https://s.gr-assets.com/assets/nophoto/book/50x75-a91bf249278a81aabab721ef782c4a74.png]]></small_image_url>
<image_url><![CDATA[https://s.gr-assets.com/assets/nophoto/book/111x148-bcc042a9c91a29c1d680899eff700a03.png]]></image_url>
<num_pages>448</num_pages>
<work>
<id>13060816</id>
</work>
<isbn>0843964243</isbn>
<isbn13>9780843964240</isbn13>
<average_rating>3.69</average_rating>
<ratings_count>1820</ratings_count>
<publication_year>2010</publication_year>
<publication_month>10</publication_month>
<publication_day>1</publication_day>
<authors>
<author>
<id>3512996</id>
<name>Ronald Malfi</name>
<link><![CDATA[https://www.goodreads.com/author/show/3512996.Ronald_Malfi]]></link>
</author>
</authors>
</book>

          <book>
<id>10387018</id>
<title>Ghost on Black Mountain</title>
<title_without_series>Ghost on Black Mountain</title_without_series>
<link><![CDATA[https://www.goodreads.com/book/show/10387018-ghost-on-black-mountain]]></link>
<small_image_url><![CDATA[https://images.gr-assets.com/books/1315072225s/10387018.jpg]]></small_image_url>
<image_url><![CDATA[https://images.gr-assets.com/books/1315072225m/10387018.jpg]]></image_url>
<num_pages>341</num_pages>
<work>
<id>15290666</id>
</work>
<isbn>1451606427</isbn>
<isbn13>9781451606423</isbn13>
<average_rating>4.01</average_rating>
<ratings_count>1703</ratings_count>
<publication_year></publication_year>
<publication_month></publication_month>
<publication_day></publication_day>
<authors>
<author>
<id>2904199</id>
<name>Ann Hite</name>
<link><![CDATA[https://www.goodreads.com/author/show/2904199.Ann_Hite]]></link>
</author>
</authors>
</book>

          <book>
<id>10156337</id>
<title>The White Devil</title>
<title_without_series>The White Devil</title_without_series>
<link><![CDATA[https://www.goodreads.com/book/show/10156337-the-white-devil]]></link>
<small_image_url><![CDATA[https://s.gr-assets.com/assets/nophoto/book/50x75-a91bf249278a81aabab721ef782c4a74.png]]></small_image_url>
<image_url><![CDATA[https://s.gr-assets.com/assets/nophoto/book/111x148-bcc042a9c91a29c1d680899eff700a03.png]]></image_url>
<num_pages>364</num_pages>
<work>
<id>15054783</id>
</work>
<isbn>0061728276</isbn>
<isbn13>9780061728273</isbn13>
<average_rating>3.40</average_rating>
<ratings_count>1989</ratings_count>
<publication_year></publication_year>
<publication_month></publication_month>
<publication_day></publication_day>
<authors>
<author>
<id>68429</id>
<name>Justin Evans</name>
<link><![CDATA[https://www.goodreads.com/author/show/68429.Justin_Evans]]></link>
</author>
</authors>
</book>

          <book>
<id>9993143</id>
<title>The Winters in Bloom</title>
<title_without_series>The Winters in Bloom</title_without_series>
<link><![CDATA[https://www.goodreads.com/book/show/9993143-the-winters-in-bloom]]></link>
<small_image_url><![CDATA[https://images.gr-assets.com/books/1304470977s/9993143.jpg]]></small_image_url>
<image_url><![CDATA[https://images.gr-assets.com/books/1304470977m/9993143.jpg]]></image_url>
<num_pages>288</num_pages>
<work>
<id>14887943</id>
</work>
<isbn>1416575405</isbn>
<isbn13>9781416575405</isbn13>
<average_rating>3.31</average_rating>
<ratings_count>1042</ratings_count>
<publication_year>2011</publication_year>
<publication_month>9</publication_month>
<publication_day>13</publication_day>
<authors>
<author>
<id>8025</id>
<name>Lisa Tucker</name>
<link><![CDATA[https://www.goodreads.com/author/show/8025.Lisa_Tucker]]></link>
</author>
</authors>
</book>

          <book>
<id>6535079</id>
<title>Isis</title>
<title_without_series>Isis</title_without_series>
<link><![CDATA[https://www.goodreads.com/book/show/6535079-isis]]></link>
<small_image_url><![CDATA[https://s.gr-assets.com/assets/nophoto/book/50x75-a91bf249278a81aabab721ef782c4a74.png]]></small_image_url>
<image_url><![CDATA[https://s.gr-assets.com/assets/nophoto/book/111x148-bcc042a9c91a29c1d680899eff700a03.png]]></image_url>
<num_pages>113</num_pages>
<work>
<id>24787</id>
</work>
<isbn>1593155409</isbn>
<isbn13>9781593155407</isbn13>
<average_rating>3.68</average_rating>
<ratings_count>795</ratings_count>
<publication_year></publication_year>
<publication_month></publication_month>
<publication_day></publication_day>
<authors>
<author>
<id>4497</id>
<name>Douglas Clegg</name>
<link><![CDATA[https://www.goodreads.com/author/show/4497.Douglas_Clegg]]></link>
</author>
</authors>
</book>

          <book>
<id>10749460</id>
<title>Bedbugs</title>
<title_without_series>Bedbugs</title_without_series>
<link><![CDATA[https://www.goodreads.com/book/show/10749460-bedbugs]]></link>
<small_image_url><![CDATA[https://s.gr-assets.com/assets/nophoto/book/50x75-a91bf249278a81aabab721ef782c4a74.png]]></small_image_url>
<image_url><![CDATA[https://s.gr-assets.com/assets/nophoto/book/111x148-bcc042a9c91a29c1d680899eff700a03.png]]></image_url>
<num_pages></num_pages>
<work>
<id>15660641</id>
</work>
<isbn>1594745234</isbn>
<isbn13>9781594745232</isbn13>
<average_rating>3.38</average_rating>
<ratings_count>1641</ratings_count>
<publication_year></publication_year>
<publication_month></publication_month>
<publication_day></publication_day>
<authors>
<author>
<id>735413</id>
<name>Ben H. Winters</name>
<link><![CDATA[https://www.goodreads.com/author/show/735413.Ben_H_Winters]]></link>
</author>
</authors>
</book>

          <book>
<id>420307</id>
<title><![CDATA[The Mammoth Book of Modern Ghost Stories]]></title>
<title_without_series><![CDATA[The Mammoth Book of Modern Ghost Stories]]></title_without_series>
<link><![CDATA[https://www.goodreads.com/book/show/420307.The_Mammoth_Book_of_Modern_Ghost_Stories]]></link>
<small_image_url><![CDATA[https://images.gr-assets.com/books/1328856709s/420307.jpg]]></small_image_url>
<image_url><![CDATA[https://images.gr-assets.com/books/1328856709m/420307.jpg]]></image_url>
<num_pages>512</num_pages>
<work>
<id>409441</id>
</work>
<isbn>0786719605</isbn>
<isbn13>9780786719600</isbn13>
<average_rating>3.70</average_rating>
<ratings_count>258</ratings_count>
<publication_year>2007</publication_year>
<publication_month>9</publication_month>
<publication_day>14</publication_day>
<authors>
<author>
<id>25922</id>
<name>Peter Haining</name>
<link><![CDATA[https://www.goodreads.com/author/show/25922.Peter_Haining]]></link>
</author>
</authors>
</book>

          <book>
<id>8362315</id>
<title>The Dead Path</title>
<title_without_series>The Dead Path</title_without_series>
<link><![CDATA[https://www.goodreads.com/book/show/8362315-the-dead-path]]></link>
<small_image_url><![CDATA[https://images.gr-assets.com/books/1320454898s/8362315.jpg]]></small_image_url>
<image_url><![CDATA[https://images.gr-assets.com/books/1320454898m/8362315.jpg]]></image_url>
<num_pages>374</num_pages>
<work>
<id>7162491</id>
</work>
<isbn>0385533438</isbn>
<isbn13>9780385533430</isbn13>
<average_rating>3.72</average_rating>
<ratings_count>2002</ratings_count>
<publication_year>2010</publication_year>
<publication_month>10</publication_month>
<publication_day>5</publication_day>
<authors>
<author>
<id>3101058</id>
<name>Stephen M. Irwin</name>
<link><![CDATA[https://www.goodreads.com/author/show/3101058.Stephen_M_Irwin]]></link>
</author>
</authors>
</book>

          <book>
<id>10789481</id>
<title>The Lantern</title>
<title_without_series>The Lantern</title_without_series>
<link><![CDATA[https://www.goodreads.com/book/show/10789481-the-lantern]]></link>
<small_image_url><![CDATA[https://images.gr-assets.com/books/1327898122s/10789481.jpg]]></small_image_url>
<image_url><![CDATA[https://images.gr-assets.com/books/1327898122m/10789481.jpg]]></image_url>
<num_pages>386</num_pages>
<work>
<id>15678244</id>
</work>
<isbn>0062049690</isbn>
<isbn13>9780062049698</isbn13>
<average_rating>3.35</average_rating>
<ratings_count>4357</ratings_count>
<publication_year></publication_year>
<publication_month></publication_month>
<publication_day></publication_day>
<authors>
<author>
<id>591375</id>
<name>Deborah Lawrenson</name>
<link><![CDATA[https://www.goodreads.com/author/show/591375.Deborah_Lawrenson]]></link>
</author>
</authors>
</book>

          <book>
<id>12796866</id>
<title>Darkness, My Old Friend</title>
<title_without_series>Darkness, My Old Friend</title_without_series>
<link><![CDATA[https://www.goodreads.com/book/show/12796866-darkness-my-old-friend]]></link>
<small_image_url><![CDATA[https://s.gr-assets.com/assets/nophoto/book/50x75-a91bf249278a81aabab721ef782c4a74.png]]></small_image_url>
<image_url><![CDATA[https://s.gr-assets.com/assets/nophoto/book/111x148-bcc042a9c91a29c1d680899eff700a03.png]]></image_url>
<num_pages>496</num_pages>
<work>
<id>14893599</id>
</work>
<isbn>0307949672</isbn>
<isbn13>9780307949677</isbn13>
<average_rating>3.68</average_rating>
<ratings_count>4148</ratings_count>
<publication_year>2012</publication_year>
<publication_month>6</publication_month>
<publication_day>26</publication_day>
<authors>
<author>
<id>18445</id>
<name>Lisa Unger</name>
<link><![CDATA[https://www.goodreads.com/author/show/18445.Lisa_Unger]]></link>
</author>
</authors>
</book>

          <book>
<id>7304371</id>
<title>Manchester House</title>
<title_without_series>Manchester House</title_without_series>
<link><![CDATA[https://www.goodreads.com/book/show/7304371-manchester-house]]></link>
<small_image_url><![CDATA[https://s.gr-assets.com/assets/nophoto/book/50x75-a91bf249278a81aabab721ef782c4a74.png]]></small_image_url>
<image_url><![CDATA[https://s.gr-assets.com/assets/nophoto/book/111x148-bcc042a9c91a29c1d680899eff700a03.png]]></image_url>
<num_pages>302</num_pages>
<work>
<id>8717624</id>
</work>
<isbn>1554040442</isbn>
<isbn13>9781554040445</isbn13>
<average_rating>3.06</average_rating>
<ratings_count>180</ratings_count>
<publication_year>2009</publication_year>
<publication_month>11</publication_month>
<publication_day>24</publication_day>
<authors>
<author>
<id>265462</id>
<name>Donald Allen Kirch</name>
<link><![CDATA[https://www.goodreads.com/author/show/265462.Donald_Allen_Kirch]]></link>
</author>
</authors>
</book>

          <book>
<id>8038401</id>
<title>Haunted Legends</title>
<title_without_series>Haunted Legends</title_without_series>
<link><![CDATA[https://www.goodreads.com/book/show/8038401-haunted-legends]]></link>
<small_image_url><![CDATA[https://s.gr-assets.com/assets/nophoto/book/50x75-a91bf249278a81aabab721ef782c4a74.png]]></small_image_url>
<image_url><![CDATA[https://s.gr-assets.com/assets/nophoto/book/111x148-bcc042a9c91a29c1d680899eff700a03.png]]></image_url>
<num_pages>352</num_pages>
<work>
<id>12660131</id>
</work>
<isbn>0765323001</isbn>
<isbn13>9780765323002</isbn13>
<average_rating>3.68</average_rating>
<ratings_count>620</ratings_count>
<publication_year>2010</publication_year>
<publication_month>9</publication_month>
<publication_day>14</publication_day>
<authors>
<author>
<id>46138</id>
<name>Ellen Datlow</name>
<link><![CDATA[https://www.goodreads.com/author/show/46138.Ellen_Datlow]]></link>
</author>
</authors>
</book>

          <book>
<id>10798533</id>
<title>At the End of the Road</title>
<title_without_series>At the End of the Road</title_without_series>
<link><![CDATA[https://www.goodreads.com/book/show/10798533-at-the-end-of-the-road]]></link>
<small_image_url><![CDATA[https://images.gr-assets.com/books/1307917683s/10798533.jpg]]></small_image_url>
<image_url><![CDATA[https://images.gr-assets.com/books/1307917683m/10798533.jpg]]></image_url>
<num_pages>304</num_pages>
<work>
<id>15711241</id>
</work>
<isbn>0425243346</isbn>
<isbn13>9780425243343</isbn13>
<average_rating>3.71</average_rating>
<ratings_count>400</ratings_count>
<publication_year>2011</publication_year>
<publication_month>11</publication_month>
<publication_day>1</publication_day>
<authors>
<author>
<id>4078065</id>
<name>Grant Jerkins</name>
<link><![CDATA[https://www.goodreads.com/author/show/4078065.Grant_Jerkins]]></link>
</author>
</authors>
</book>

          <book>
<id>6052249</id>
<title>The Unseen</title>
<title_without_series>The Unseen</title_without_series>
<link><![CDATA[https://www.goodreads.com/book/show/6052249-the-unseen]]></link>
<small_image_url><![CDATA[https://images.gr-assets.com/books/1312019943s/6052249.jpg]]></small_image_url>
<image_url><![CDATA[https://images.gr-assets.com/books/1312019943m/6052249.jpg]]></image_url>
<num_pages>328</num_pages>
<work>
<id>6228042</id>
</work>
<isbn>031238470X</isbn>
<isbn13>9780312384708</isbn13>
<average_rating>3.62</average_rating>
<ratings_count>1611</ratings_count>
<publication_year>2009</publication_year>
<publication_month>5</publication_month>
<publication_day>26</publication_day>
<authors>
<author>
<id>552457</id>
<name>Alexandra Sokoloff</name>
<link><![CDATA[https://www.goodreads.com/author/show/552457.Alexandra_Sokoloff]]></link>
</author>
</authors>
</book>

          <book>
<id>13163888</id>
<title><![CDATA[Monster: A Novel of Frankenstein]]></title>
<title_without_series><![CDATA[Monster: A Novel of Frankenstein]]></title_without_series>
<link><![CDATA[https://www.goodreads.com/book/show/13163888-monster]]></link>
<small_image_url><![CDATA[https://images.gr-assets.com/books/1387733356s/13163888.jpg]]></small_image_url>
<image_url><![CDATA[https://images.gr-assets.com/books/1387733356m/13163888.jpg]]></image_url>
<num_pages>224</num_pages>
<work>
<id>18342944</id>
</work>
<isbn>1590208609</isbn>
<isbn13>9781590208601</isbn13>
<average_rating>3.30</average_rating>
<ratings_count>235</ratings_count>
<publication_year>2012</publication_year>
<publication_month>8</publication_month>
<publication_day>2</publication_day>
<authors>
<author>
<id>803402</id>
<name>Dave Zeltserman</name>
<link><![CDATA[https://www.goodreads.com/author/show/803402.Dave_Zeltserman]]></link>
</author>
</authors>
</book>

  </similar_books>
</book>

</GoodreadsResponse>