<?xml version="1.0" encoding="UTF-8"?>
<GoodreadsResponse>
  <Request>
    <authentication>true</authentication>
      <key><![CDATA[all_men_must_serve]]></key>
    <method><![CDATA[book_show]]></method>
  </Request>
  <book>
  <id>102030</id>
  <title>Musashi</title>
  <isbn><![CDATA[4770019572]]></isbn>
  <isbn13><![CDATA[9784770019578]]></isbn13>
  <asin><![CDATA[]]></asin>
  <kindle_asin><![CDATA[B00CD428BU]]></kindle_asin>
  <marketplace_id><![CDATA[A1F83G8C2ARO7P]]></marketplace_id>
  <country_code><![CDATA[GB]]></country_code>
  <image_url>https://images.gr-assets.com/books/1327942522m/102030.jpg</image_url>
  <small_image_url>https://images.gr-assets.com/books/1327942522s/102030.jpg</small_image_url>
  <publication_year>1995</publication_year>
  <publication_month>7</publication_month>
  <publication_day>14</publication_day>
  <publisher>Kodansha International</publisher>
  <language_code>eng</language_code>
  <is_ebook>false</is_ebook>
  <description><![CDATA[The classic samurai novel about the real exploits of the most famous swordsman. Musashi is a novel in the best tradition of Japanese story telling. It is a living story, subtle and imaginative, teeming with memorable characters, many of them historical. Interweaving themes of unrequited love, misguided revenge, filial piety and absolute dedication to the Way of the Samurai, it depicts vividly a world Westerners know only vaguely.]]></description>
  <work>
  <id type="integer">347050</id>
  <books_count type="integer">52</books_count>
  <best_book_id type="integer">102030</best_book_id>
  <reviews_count type="integer">25105</reviews_count>
  <ratings_sum type="integer">52052</ratings_sum>
  <ratings_count type="integer">11758</ratings_count>
  <text_reviews_count type="integer">759</text_reviews_count>
  <original_publication_year type="integer">1935</original_publication_year>
  <original_publication_month type="integer" nil="true"/>
  <original_publication_day type="integer" nil="true"/>
  <original_title>宮本武蔵 Miyamoto Musashi</original_title>
  <original_language_id type="integer" nil="true"/>
  <media_type>book</media_type>
  <rating_dist>5:6819|4:3463|3:1218|2:193|1:65|total:11758</rating_dist>
  <desc_user_id type="integer">7194653</desc_user_id>
  <default_chaptering_book_id type="integer" nil="true"/>
  <default_description_language_code nil="true"/>
</work>
  <average_rating>4.43</average_rating>
  <num_pages><![CDATA[970]]></num_pages>
  <format><![CDATA[Hardcover]]></format>
  <edition_information><![CDATA[]]></edition_information>
  <ratings_count><![CDATA[9586]]></ratings_count>
  <text_reviews_count><![CDATA[617]]></text_reviews_count>
  <url><![CDATA[https://www.goodreads.com/book/show/102030.Musashi]]></url>
  <link><![CDATA[https://www.goodreads.com/book/show/102030.Musashi]]></link>
  <authors>
<author>
<id>58917</id>
<name>Eiji Yoshikawa</name>
<role></role>
<image_url nophoto='false'>
<![CDATA[https://images.gr-assets.com/authors/1205432821p5/58917.jpg]]>
</image_url>
<small_image_url nophoto='false'>
<![CDATA[https://images.gr-assets.com/authors/1205432821p2/58917.jpg]]>
</small_image_url>
<link><![CDATA[https://www.goodreads.com/author/show/58917.Eiji_Yoshikawa]]></link>
<average_rating>4.34</average_rating>
<ratings_count>25904</ratings_count>
<text_reviews_count>1494</text_reviews_count>
</author>
<author>
<id>4080768</id>
<name>Charles Terry</name>
<role>Translator</role>
<image_url nophoto='true'>
<![CDATA[https://s.gr-assets.com/assets/nophoto/user/u_200x266-e183445fd1a1b5cc7075bb1cf7043306.png]]>
</image_url>
<small_image_url nophoto='true'>
<![CDATA[https://s.gr-assets.com/assets/nophoto/user/u_50x66-632230dc9882b4352d753eedf9396530.png]]>
</small_image_url>
<link><![CDATA[https://www.goodreads.com/author/show/4080768.Charles_Terry]]></link>
<average_rating>4.44</average_rating>
<ratings_count>9587</ratings_count>
<text_reviews_count>617</text_reviews_count>
</author>
<author>
<id>161931</id>
<name>Edwin O. Reischauer</name>
<role>Foreword</role>
<image_url nophoto='true'>
<![CDATA[https://s.gr-assets.com/assets/nophoto/user/m_200x266-d279b33f8eec0f27b7272477f09806be.png]]>
</image_url>
<small_image_url nophoto='true'>
<![CDATA[https://s.gr-assets.com/assets/nophoto/user/m_50x66-82093808bca726cb3249a493fbd3bd0f.png]]>
</small_image_url>
<link><![CDATA[https://www.goodreads.com/author/show/161931.Edwin_O_Reischauer]]></link>
<average_rating>4.40</average_rating>
<ratings_count>10087</ratings_count>
<text_reviews_count>678</text_reviews_count>
</author>
</authors>

    <reviews_widget>
      <![CDATA[
        <style>
  #goodreads-widget {
    font-family: georgia, serif;
    padding: 18px 0;
    width:565px;
  }
  #goodreads-widget h1 {
    font-weight:normal;
    font-size: 16px;
    border-bottom: 1px solid #BBB596;
    margin-bottom: 0;
  }
  #goodreads-widget a {
    text-decoration: none;
    color:#660;
  }
  iframe{
    background-color: #fff;
  }
  #goodreads-widget a:hover { text-decoration: underline; }
  #goodreads-widget a:active {
    color:#660;
  }
  #gr_footer {
    width: 100%;
    border-top: 1px solid #BBB596;
    text-align: right;
  }
  #goodreads-widget .gr_branding{
    color: #382110;
    font-size: 11px;
    text-decoration: none;
    font-family: "Helvetica Neue", Helvetica, Arial, sans-serif;
  }
</style>
<div id="goodreads-widget">
  <div id="gr_header"><h1><a rel="nofollow" href="https://www.goodreads.com/book/show/102030.Musashi">Musashi Reviews</a></h1></div>
  <iframe id="the_iframe" src="https://www.goodreads.com/api/reviews_widget_iframe?did=DEVELOPER_ID&amp;format=html&amp;isbn=4770019572&amp;links=660&amp;min_rating=&amp;review_back=fff&amp;stars=000&amp;text=000" width="565" height="400" frameborder="0"></iframe>
  <div id="gr_footer">
    <a class="gr_branding" target="_blank" rel="nofollow" href="https://www.goodreads.com/book/show/102030.Musashi?utm_medium=api&amp;utm_source=reviews_widget">Reviews from Goodreads.com</a>
  </div>
</div>

      ]]>
    </reviews_widget>
  <popular_shelves>
      <shelf name="to-read" count="11049"/>
      <shelf name="currently-reading" count="924"/>
      <shelf name="fiction" count="314"/>
      <shelf name="historical-fiction" count="302"/>
      <shelf name="favorites" count="205"/>
      <shelf name="japan" count="194"/>
      <shelf name="classics" count="85"/>
      <shelf name="historical" count="81"/>
      <shelf name="japanese" count="79"/>
      <shelf name="history" count="70"/>
      <shelf name="owned" count="60"/>
      <shelf name="japanese-literature" count="60"/>
      <shelf name="novel" count="54"/>
      <shelf name="literature" count="40"/>
      <shelf name="samurai" count="33"/>
      <shelf name="classic" count="33"/>
      <shelf name="martial-arts" count="31"/>
      <shelf name="adventure" count="31"/>
      <shelf name="default" count="28"/>
      <shelf name="novels" count="28"/>
      <shelf name="philosophy" count="27"/>
      <shelf name="asia" count="24"/>
      <shelf name="to-buy" count="23"/>
      <shelf name="ebook" count="18"/>
      <shelf name="japanese-lit" count="16"/>
      <shelf name="asian" count="16"/>
      <shelf name="biography" count="15"/>
      <shelf name="books-i-own" count="14"/>
      <shelf name="wish-list" count="13"/>
      <shelf name="owned-books" count="12"/>
      <shelf name="favourites" count="12"/>
      <shelf name="epic" count="12"/>
      <shelf name="terjemahan" count="11"/>
      <shelf name="japanese-fiction" count="10"/>
      <shelf name="books" count="10"/>
      <shelf name="war" count="9"/>
      <shelf name="asian-literature" count="9"/>
      <shelf name="non-fiction" count="9"/>
      <shelf name="my-library" count="8"/>
      <shelf name="unfinished" count="8"/>
      <shelf name="literary-fiction" count="8"/>
      <shelf name="fantasy" count="8"/>
      <shelf name="abandoned" count="8"/>
      <shelf name="indonesian" count="7"/>
      <shelf name="kindle" count="7"/>
      <shelf name="general-fiction" count="7"/>
      <shelf name="military" count="7"/>
      <shelf name="shelfari-favorites" count="6"/>
      <shelf name="to-read-fiction" count="6"/>
      <shelf name="cultural" count="6"/>
      <shelf name="library" count="6"/>
      <shelf name="ebooks" count="6"/>
      <shelf name="musashi" count="6"/>
      <shelf name="translated" count="6"/>
      <shelf name="english" count="6"/>
      <shelf name="other" count="6"/>
      <shelf name="not-owned" count="5"/>
      <shelf name="romans" count="5"/>
      <shelf name="have" count="5"/>
      <shelf name="historical-novels" count="5"/>
      <shelf name="biographies" count="5"/>
      <shelf name="asian-lit" count="5"/>
      <shelf name="romance" count="5"/>
      <shelf name="to-get" count="5"/>
      <shelf name="japanese-authors" count="5"/>
      <shelf name="i-own" count="5"/>
      <shelf name="favorite" count="5"/>
      <shelf name="shelfari-wishlist" count="4"/>
      <shelf name="japão" count="4"/>
      <shelf name="literatura" count="4"/>
      <shelf name="gave-up" count="4"/>
      <shelf name="must-read" count="4"/>
      <shelf name="paused" count="4"/>
      <shelf name="oriental" count="4"/>
      <shelf name="j-lit" count="4"/>
      <shelf name="historical-novel" count="4"/>
      <shelf name="buddhism" count="4"/>
      <shelf name="did-not-finish" count="4"/>
      <shelf name="calibre" count="4"/>
      <shelf name="historical_fiction" count="4"/>
      <shelf name="spiritual" count="4"/>
      <shelf name="ficção" count="4"/>
      <shelf name="all-time-favorites" count="4"/>
      <shelf name="finished" count="4"/>
      <shelf name="others" count="4"/>
      <shelf name="recommended" count="4"/>
      <shelf name="asian-fiction" count="3"/>
      <shelf name="clássicos" count="3"/>
      <shelf name="adult" count="3"/>
      <shelf name="historique" count="3"/>
      <shelf name="bookshelf" count="3"/>
      <shelf name="favorite-books" count="3"/>
      <shelf name="romanzo-storico" count="3"/>
      <shelf name="feudal-japan" count="3"/>
      <shelf name="reading-list" count="3"/>
      <shelf name="fiction-historical" count="3"/>
      <shelf name="5-star" count="3"/>
      <shelf name="didn-t-finish" count="3"/>
      <shelf name="gave-up-on" count="3"/>
      <shelf name="historical-adventure" count="3"/>
  </popular_shelves>
  <book_links>
    <book_link>
  <id>8</id>
  <name>Libraries</name>
  <link>https://www.goodreads.com/book_link/follow/8</link>
</book_link>

  </book_links>
  <buy_links>
    <buy_link>
<id>1</id>
<name>Amazon</name>
<link>https://www.goodreads.com/book_link/follow/1</link>
</buy_link>
<buy_link>
<id>10</id>
<name>Audible</name>
<link>https://www.goodreads.com/book_link/follow/10</link>
</buy_link>
<buy_link>
<id>3</id>
<name>Barnes &amp; Noble</name>
<link>https://www.goodreads.com/book_link/follow/3</link>
</buy_link>
<buy_link>
<id>1027</id>
<name>Kobo</name>
<link>https://www.goodreads.com/book_link/follow/1027</link>
</buy_link>
<buy_link>
<id>2102</id>
<name>Apple iBooks</name>
<link>https://www.goodreads.com/book_link/follow/2102</link>
</buy_link>
<buy_link>
<id>8036</id>
<name>Google Play</name>
<link>https://www.goodreads.com/book_link/follow/8036</link>
</buy_link>
<buy_link>
<id>4</id>
<name>Abebooks</name>
<link>https://www.goodreads.com/book_link/follow/4</link>
</buy_link>
<buy_link>
<id>882</id>
<name>Book Depository</name>
<link>https://www.goodreads.com/book_link/follow/882</link>
</buy_link>
<buy_link>
<id>9</id>
<name>Indigo</name>
<link>https://www.goodreads.com/book_link/follow/9</link>
</buy_link>
<buy_link>
<id>2</id>
<name>Half.com</name>
<link>https://www.goodreads.com/book_link/follow/2</link>
</buy_link>
<buy_link>
<id>5</id>
<name>Alibris</name>
<link>https://www.goodreads.com/book_link/follow/5</link>
</buy_link>
<buy_link>
<id>107</id>
<name>Better World Books</name>
<link>https://www.goodreads.com/book_link/follow/107</link>
</buy_link>
<buy_link>
<id>7</id>
<name>IndieBound</name>
<link>https://www.goodreads.com/book_link/follow/7</link>
</buy_link>

  </buy_links>
  <series_works>
    <series_work>
<id>825631</id>
<user_position>Complete</user_position>
<series>
<id>98040</id>
<title>
<![CDATA[
    Musashi
]]>
</title>
<description>
<![CDATA[
]]>
</description>
<note>
<![CDATA[
]]>
</note>
<series_works_count>5</series_works_count>
<primary_work_count>4</primary_work_count>
<numbered>true</numbered>
</series>

</series_work>
<series_work>
<id>882172</id>
<user_position>1</user_position>
<series>
<id>173881</id>
<title>
<![CDATA[
    Musashi
]]>
</title>
<description>
<![CDATA[
    French translation in two volumes of Musashi by Eiji Yoshikawa.
]]>
</description>
<note>
<![CDATA[
]]>
</note>
<series_works_count>2</series_works_count>
<primary_work_count>2</primary_work_count>
<numbered>true</numbered>
</series>

</series_work>

  </series_works>
  <similar_books>
          <book>
<id>356867</id>
<title><![CDATA[The Lone Samurai: The Life of Miyamoto Musashi]]></title>
<title_without_series><![CDATA[The Lone Samurai: The Life of Miyamoto Musashi]]></title_without_series>
<link><![CDATA[https://www.goodreads.com/book/show/356867.The_Lone_Samurai]]></link>
<small_image_url><![CDATA[https://images.gr-assets.com/books/1297700684s/356867.jpg]]></small_image_url>
<image_url><![CDATA[https://images.gr-assets.com/books/1297700684m/356867.jpg]]></image_url>
<num_pages>287</num_pages>
<work>
<id>347034</id>
</work>
<isbn>477002942X</isbn>
<isbn13>9784770029423</isbn13>
<average_rating>4.11</average_rating>
<ratings_count>1187</ratings_count>
<publication_year>2004</publication_year>
<publication_month>8</publication_month>
<publication_day>13</publication_day>
<authors>
<author>
<id>181026</id>
<name>William Scott Wilson</name>
<link><![CDATA[https://www.goodreads.com/author/show/181026.William_Scott_Wilson]]></link>
</author>
</authors>
</book>

          <book>
<id>863239</id>
<title><![CDATA[The Unfettered Mind: Writings of the Zen Master to the Sword Master]]></title>
<title_without_series><![CDATA[The Unfettered Mind: Writings of the Zen Master to the Sword Master]]></title_without_series>
<link><![CDATA[https://www.goodreads.com/book/show/863239.The_Unfettered_Mind]]></link>
<small_image_url><![CDATA[https://s.gr-assets.com/assets/nophoto/book/50x75-a91bf249278a81aabab721ef782c4a74.png]]></small_image_url>
<image_url><![CDATA[https://s.gr-assets.com/assets/nophoto/book/111x148-bcc042a9c91a29c1d680899eff700a03.png]]></image_url>
<num_pages>101</num_pages>
<work>
<id>848666</id>
</work>
<isbn>087011851X</isbn>
<isbn13>9780870118517</isbn13>
<average_rating>4.13</average_rating>
<ratings_count>1814</ratings_count>
<publication_year>1988</publication_year>
<publication_month>3</publication_month>
<publication_day>15</publication_day>
<authors>
<author>
<id>106413</id>
<name>Takuan Soho</name>
<link><![CDATA[https://www.goodreads.com/author/show/106413.Takuan_Soho]]></link>
</author>
</authors>
</book>

          <book>
<id>1419406</id>
<title><![CDATA[Jembatan Musim Gugur (Samurai, #2)]]></title>
<title_without_series>Jembatan Musim Gugur</title_without_series>
<link><![CDATA[https://www.goodreads.com/book/show/1419406.Jembatan_Musim_Gugur]]></link>
<small_image_url><![CDATA[https://s.gr-assets.com/assets/nophoto/book/50x75-a91bf249278a81aabab721ef782c4a74.png]]></small_image_url>
<image_url><![CDATA[https://s.gr-assets.com/assets/nophoto/book/111x148-bcc042a9c91a29c1d680899eff700a03.png]]></image_url>
<num_pages>852</num_pages>
<work>
<id>1249995</id>
</work>
<isbn>9793269324</isbn>
<isbn13></isbn13>
<average_rating>4.04</average_rating>
<ratings_count>1521</ratings_count>
<publication_year>2005</publication_year>
<publication_month></publication_month>
<publication_day></publication_day>
<authors>
<author>
<id>31731</id>
<name>Takashi Matsuoka</name>
<link><![CDATA[https://www.goodreads.com/author/show/31731.Takashi_Matsuoka]]></link>
</author>
</authors>
</book>

          <book>
<id>106109</id>
<title>The 47 Ronin Story</title>
<title_without_series>The 47 Ronin Story</title_without_series>
<link><![CDATA[https://www.goodreads.com/book/show/106109.The_47_Ronin_Story]]></link>
<small_image_url><![CDATA[https://images.gr-assets.com/books/1364138368s/106109.jpg]]></small_image_url>
<image_url><![CDATA[https://images.gr-assets.com/books/1364138368m/106109.jpg]]></image_url>
<num_pages>224</num_pages>
<work>
<id>102285</id>
</work>
<isbn>0804838275</isbn>
<isbn13>9780804838276</isbn13>
<average_rating>3.70</average_rating>
<ratings_count>2996</ratings_count>
<publication_year>2006</publication_year>
<publication_month>9</publication_month>
<publication_day>15</publication_day>
<authors>
<author>
<id>61413</id>
<name>John Allyn</name>
<link><![CDATA[https://www.goodreads.com/author/show/61413.John_Allyn]]></link>
</author>
</authors>
</book>

          <book>
<id>8881064</id>
<title>Furin Kazan</title>
<title_without_series>Furin Kazan</title_without_series>
<link><![CDATA[https://www.goodreads.com/book/show/8881064-furin-kazan]]></link>
<small_image_url><![CDATA[https://s.gr-assets.com/assets/nophoto/book/50x75-a91bf249278a81aabab721ef782c4a74.png]]></small_image_url>
<image_url><![CDATA[https://s.gr-assets.com/assets/nophoto/book/111x148-bcc042a9c91a29c1d680899eff700a03.png]]></image_url>
<num_pages>288</num_pages>
<work>
<id>13756888</id>
</work>
<isbn></isbn>
<isbn13>9786029719604</isbn13>
<average_rating>3.70</average_rating>
<ratings_count>281</ratings_count>
<publication_year>2010</publication_year>
<publication_month>7</publication_month>
<publication_day></publication_day>
<authors>
<author>
<id>117105</id>
<name>Yasushi Inoue</name>
<link><![CDATA[https://www.goodreads.com/author/show/117105.Yasushi_Inoue]]></link>
</author>
</authors>
</book>

          <book>
<id>364734</id>
<title><![CDATA[The Life-Giving Sword: Secret Teachings from the House of the Shogun]]></title>
<title_without_series><![CDATA[The Life-Giving Sword: Secret Teachings from the House of the Shogun]]></title_without_series>
<link><![CDATA[https://www.goodreads.com/book/show/364734.The_Life_Giving_Sword]]></link>
<small_image_url><![CDATA[https://s.gr-assets.com/assets/nophoto/book/50x75-a91bf249278a81aabab721ef782c4a74.png]]></small_image_url>
<image_url><![CDATA[https://s.gr-assets.com/assets/nophoto/book/111x148-bcc042a9c91a29c1d680899eff700a03.png]]></image_url>
<num_pages>191</num_pages>
<work>
<id>354775</id>
</work>
<isbn>4770029551</isbn>
<isbn13>9784770029553</isbn13>
<average_rating>4.07</average_rating>
<ratings_count>620</ratings_count>
<publication_year>2003</publication_year>
<publication_month>12</publication_month>
<publication_day>18</publication_day>
<authors>
<author>
<id>176077</id>
<name>Yagyu Munenori</name>
<link><![CDATA[https://www.goodreads.com/author/show/176077.Yagyu_Munenori]]></link>
</author>
</authors>
</book>

          <book>
<id>1394010</id>
<title><![CDATA[Senopati Pamungkas (Senopati Pamungkas #1)]]></title>
<title_without_series>Senopati Pamungkas</title_without_series>
<link><![CDATA[https://www.goodreads.com/book/show/1394010.Senopati_Pamungkas]]></link>
<small_image_url><![CDATA[https://s.gr-assets.com/assets/nophoto/book/50x75-a91bf249278a81aabab721ef782c4a74.png]]></small_image_url>
<image_url><![CDATA[https://s.gr-assets.com/assets/nophoto/book/111x148-bcc042a9c91a29c1d680899eff700a03.png]]></image_url>
<num_pages>1115</num_pages>
<work>
<id>1384163</id>
</work>
<isbn>9792204253</isbn>
<isbn13>9789792204254</isbn13>
<average_rating>3.97</average_rating>
<ratings_count>360</ratings_count>
<publication_year>2003</publication_year>
<publication_month>8</publication_month>
<publication_day></publication_day>
<authors>
<author>
<id>495195</id>
<name>Arswendo Atmowiloto</name>
<link><![CDATA[https://www.goodreads.com/author/show/495195.Arswendo_Atmowiloto]]></link>
</author>
</authors>
</book>

          <book>
<id>420832</id>
<title><![CDATA[Secrets of the Samurai: The Martial Arts of Feudal Japan]]></title>
<title_without_series><![CDATA[Secrets of the Samurai: The Martial Arts of Feudal Japan]]></title_without_series>
<link><![CDATA[https://www.goodreads.com/book/show/420832.Secrets_of_the_Samurai]]></link>
<small_image_url><![CDATA[https://s.gr-assets.com/assets/nophoto/book/50x75-a91bf249278a81aabab721ef782c4a74.png]]></small_image_url>
<image_url><![CDATA[https://s.gr-assets.com/assets/nophoto/book/111x148-bcc042a9c91a29c1d680899eff700a03.png]]></image_url>
<num_pages>484</num_pages>
<work>
<id>409965</id>
</work>
<isbn>0785810730</isbn>
<isbn13>9780785810735</isbn13>
<average_rating>3.97</average_rating>
<ratings_count>684</ratings_count>
<publication_year>2000</publication_year>
<publication_month>6</publication_month>
<publication_day>1</publication_day>
<authors>
<author>
<id>46799</id>
<name>Oscar Ratti</name>
<link><![CDATA[https://www.goodreads.com/author/show/46799.Oscar_Ratti]]></link>
</author>
</authors>
</book>

          <book>
<id>25225</id>
<title>The Samurai</title>
<title_without_series>The Samurai</title_without_series>
<link><![CDATA[https://www.goodreads.com/book/show/25225.The_Samurai]]></link>
<small_image_url><![CDATA[https://s.gr-assets.com/assets/nophoto/book/50x75-a91bf249278a81aabab721ef782c4a74.png]]></small_image_url>
<image_url><![CDATA[https://s.gr-assets.com/assets/nophoto/book/111x148-bcc042a9c91a29c1d680899eff700a03.png]]></image_url>
<num_pages>272</num_pages>
<work>
<id>25973</id>
</work>
<isbn>0811213463</isbn>
<isbn13>9780811213462</isbn13>
<average_rating>3.91</average_rating>
<ratings_count>1417</ratings_count>
<publication_year>1997</publication_year>
<publication_month>4</publication_month>
<publication_day>17</publication_day>
<authors>
<author>
<id>14164</id>
<name>Shūsaku Endō</name>
<link><![CDATA[https://www.goodreads.com/author/show/14164.Sh_saku_End_]]></link>
</author>
</authors>
</book>

          <book>
<id>814937</id>
<title><![CDATA[The Curious Casebook of Inspector Hanshichi: Detective Stories of Old Edo]]></title>
<title_without_series><![CDATA[The Curious Casebook of Inspector Hanshichi: Detective Stories of Old Edo]]></title_without_series>
<link><![CDATA[https://www.goodreads.com/book/show/814937.The_Curious_Casebook_of_Inspector_Hanshichi]]></link>
<small_image_url><![CDATA[https://s.gr-assets.com/assets/nophoto/book/50x75-a91bf249278a81aabab721ef782c4a74.png]]></small_image_url>
<image_url><![CDATA[https://s.gr-assets.com/assets/nophoto/book/111x148-bcc042a9c91a29c1d680899eff700a03.png]]></image_url>
<num_pages>335</num_pages>
<work>
<id>800861</id>
</work>
<isbn>0824831004</isbn>
<isbn13>9780824831004</isbn13>
<average_rating>3.54</average_rating>
<ratings_count>317</ratings_count>
<publication_year>2007</publication_year>
<publication_month>1</publication_month>
<publication_day>15</publication_day>
<authors>
<author>
<id>5582726</id>
<name>Kidō Okamoto</name>
<link><![CDATA[https://www.goodreads.com/author/show/5582726.Kid_Okamoto]]></link>
</author>
</authors>
</book>

          <book>
<id>194739</id>
<title><![CDATA[Blue Bamboo: Japanese Tales of Fantasy]]></title>
<title_without_series><![CDATA[Blue Bamboo: Japanese Tales of Fantasy]]></title_without_series>
<link><![CDATA[https://www.goodreads.com/book/show/194739.Blue_Bamboo]]></link>
<small_image_url><![CDATA[https://s.gr-assets.com/assets/nophoto/book/50x75-a91bf249278a81aabab721ef782c4a74.png]]></small_image_url>
<image_url><![CDATA[https://s.gr-assets.com/assets/nophoto/book/111x148-bcc042a9c91a29c1d680899eff700a03.png]]></image_url>
<num_pages>184</num_pages>
<work>
<id>297542</id>
</work>
<isbn>4770026102</isbn>
<isbn13>9784770026101</isbn13>
<average_rating>4.01</average_rating>
<ratings_count>311</ratings_count>
<publication_year>2001</publication_year>
<publication_month>1</publication_month>
<publication_day>16</publication_day>
<authors>
<author>
<id>113561</id>
<name>Osamu Dazai</name>
<link><![CDATA[https://www.goodreads.com/author/show/113561.Osamu_Dazai]]></link>
</author>
</authors>
</book>

          <book>
<id>661723</id>
<title><![CDATA[Bushido: The Soul of Japan. A Classic Essay on Samurai Ethics]]></title>
<title_without_series><![CDATA[Bushido: The Soul of Japan. A Classic Essay on Samurai Ethics]]></title_without_series>
<link><![CDATA[https://www.goodreads.com/book/show/661723.Bushido]]></link>
<small_image_url><![CDATA[https://s.gr-assets.com/assets/nophoto/book/50x75-a91bf249278a81aabab721ef782c4a74.png]]></small_image_url>
<image_url><![CDATA[https://s.gr-assets.com/assets/nophoto/book/111x148-bcc042a9c91a29c1d680899eff700a03.png]]></image_url>
<num_pages>160</num_pages>
<work>
<id>2279634</id>
</work>
<isbn>4770027311</isbn>
<isbn13>9784770027313</isbn13>
<average_rating>3.94</average_rating>
<ratings_count>3659</ratings_count>
<publication_year>2002</publication_year>
<publication_month>3</publication_month>
<publication_day>1</publication_day>
<authors>
<author>
<id>79638</id>
<name>Inazo Nitobe</name>
<link><![CDATA[https://www.goodreads.com/author/show/79638.Inazo_Nitobe]]></link>
</author>
</authors>
</book>

          <book>
<id>900949</id>
<title>Zen and Japanese Culture</title>
<title_without_series>Zen and Japanese Culture</title_without_series>
<link><![CDATA[https://www.goodreads.com/book/show/900949.Zen_and_Japanese_Culture]]></link>
<small_image_url><![CDATA[https://s.gr-assets.com/assets/nophoto/book/50x75-a91bf249278a81aabab721ef782c4a74.png]]></small_image_url>
<image_url><![CDATA[https://s.gr-assets.com/assets/nophoto/book/111x148-bcc042a9c91a29c1d680899eff700a03.png]]></image_url>
<num_pages>584</num_pages>
<work>
<id>886130</id>
</work>
<isbn>0691017700</isbn>
<isbn13>9780691017709</isbn13>
<average_rating>4.05</average_rating>
<ratings_count>625</ratings_count>
<publication_year>1970</publication_year>
<publication_month></publication_month>
<publication_day></publication_day>
<authors>
<author>
<id>74355</id>
<name>D.T. Suzuki</name>
<link><![CDATA[https://www.goodreads.com/author/show/74355.D_T_Suzuki]]></link>
</author>
</authors>
</book>

          <book>
<id>89256</id>
<title><![CDATA[Living the Martial Way: A Manual for the Way of Modern Warrior Should Think]]></title>
<title_without_series><![CDATA[Living the Martial Way: A Manual for the Way of Modern Warrior Should Think]]></title_without_series>
<link><![CDATA[https://www.goodreads.com/book/show/89256.Living_the_Martial_Way]]></link>
<small_image_url><![CDATA[https://s.gr-assets.com/assets/nophoto/book/50x75-a91bf249278a81aabab721ef782c4a74.png]]></small_image_url>
<image_url><![CDATA[https://s.gr-assets.com/assets/nophoto/book/111x148-bcc042a9c91a29c1d680899eff700a03.png]]></image_url>
<num_pages>312</num_pages>
<work>
<id>86145</id>
</work>
<isbn>0942637763</isbn>
<isbn13>9780942637762</isbn13>
<average_rating>4.15</average_rating>
<ratings_count>1021</ratings_count>
<publication_year>1992</publication_year>
<publication_month>1</publication_month>
<publication_day>1</publication_day>
<authors>
<author>
<id>51253</id>
<name>Forrest E. Morgan</name>
<link><![CDATA[https://www.goodreads.com/author/show/51253.Forrest_E_Morgan]]></link>
</author>
</authors>
</book>

          <book>
<id>248069</id>
<title>Child of All Nations</title>
<title_without_series>Child of All Nations</title_without_series>
<link><![CDATA[https://www.goodreads.com/book/show/248069.Child_of_All_Nations]]></link>
<small_image_url><![CDATA[https://images.gr-assets.com/books/1464925751s/248069.jpg]]></small_image_url>
<image_url><![CDATA[https://images.gr-assets.com/books/1464925751m/248069.jpg]]></image_url>
<num_pages></num_pages>
<work>
<id>1600206</id>
</work>
<isbn>0140256334</isbn>
<isbn13>9780140256338</isbn13>
<average_rating>4.34</average_rating>
<ratings_count>4218</ratings_count>
<publication_year></publication_year>
<publication_month></publication_month>
<publication_day></publication_day>
<authors>
<author>
<id>101823</id>
<name>Pramoedya Ananta Toer</name>
<link><![CDATA[https://www.goodreads.com/author/show/101823.Pramoedya_Ananta_Toer]]></link>
</author>
</authors>
</book>

          <book>
<id>455922</id>
<title><![CDATA[The Demon's Sermon on the Martial Arts]]></title>
<title_without_series><![CDATA[The Demon's Sermon on the Martial Arts]]></title_without_series>
<link><![CDATA[https://www.goodreads.com/book/show/455922.The_Demon_s_Sermon_on_the_Martial_Arts]]></link>
<small_image_url><![CDATA[https://s.gr-assets.com/assets/nophoto/book/50x75-a91bf249278a81aabab721ef782c4a74.png]]></small_image_url>
<image_url><![CDATA[https://s.gr-assets.com/assets/nophoto/book/111x148-bcc042a9c91a29c1d680899eff700a03.png]]></image_url>
<num_pages>221</num_pages>
<work>
<id>444466</id>
</work>
<isbn>4770030185</isbn>
<isbn13>9784770030184</isbn13>
<average_rating>4.26</average_rating>
<ratings_count>262</ratings_count>
<publication_year>2006</publication_year>
<publication_month>11</publication_month>
<publication_day>1</publication_day>
<authors>
<author>
<id>255783</id>
<name>Issai Chozanshi</name>
<link><![CDATA[https://www.goodreads.com/author/show/255783.Issai_Chozanshi]]></link>
</author>
</authors>
</book>

          <book>
<id>198281</id>
<title><![CDATA[Miyamoto Musashi: His Life and Writings]]></title>
<title_without_series><![CDATA[Miyamoto Musashi: His Life and Writings]]></title_without_series>
<link><![CDATA[https://www.goodreads.com/book/show/198281.Miyamoto_Musashi]]></link>
<small_image_url><![CDATA[https://s.gr-assets.com/assets/nophoto/book/50x75-a91bf249278a81aabab721ef782c4a74.png]]></small_image_url>
<image_url><![CDATA[https://s.gr-assets.com/assets/nophoto/book/111x148-bcc042a9c91a29c1d680899eff700a03.png]]></image_url>
<num_pages>528</num_pages>
<work>
<id>191799</id>
</work>
<isbn>0834805677</isbn>
<isbn13>9780834805675</isbn13>
<average_rating>4.38</average_rating>
<ratings_count>249</ratings_count>
<publication_year>2006</publication_year>
<publication_month>6</publication_month>
<publication_day>20</publication_day>
<authors>
<author>
<id>115557</id>
<name>Kenji Tokitsu</name>
<link><![CDATA[https://www.goodreads.com/author/show/115557.Kenji_Tokitsu]]></link>
</author>
</authors>
</book>

          <book>
<id>389262</id>
<title>Kinshu: Autumn Brocade</title>
<title_without_series>Kinshu: Autumn Brocade</title_without_series>
<link><![CDATA[https://www.goodreads.com/book/show/389262.Kinshu]]></link>
<small_image_url><![CDATA[https://s.gr-assets.com/assets/nophoto/book/50x75-a91bf249278a81aabab721ef782c4a74.png]]></small_image_url>
<image_url><![CDATA[https://s.gr-assets.com/assets/nophoto/book/111x148-bcc042a9c91a29c1d680899eff700a03.png]]></image_url>
<num_pages>208</num_pages>
<work>
<id>378879</id>
</work>
<isbn>0811216756</isbn>
<isbn13>9780811216753</isbn13>
<average_rating>3.93</average_rating>
<ratings_count>487</ratings_count>
<publication_year>2007</publication_year>
<publication_month>2</publication_month>
<publication_day>26</publication_day>
<authors>
<author>
<id>221350</id>
<name>Teru Miyamoto</name>
<link><![CDATA[https://www.goodreads.com/author/show/221350.Teru_Miyamoto]]></link>
</author>
</authors>
</book>

  </similar_books>
</book>

</GoodreadsResponse>