<?xml version="1.0" encoding="UTF-8"?>
<GoodreadsResponse>
  <Request>
    <authentication>true</authentication>
      <key><![CDATA[all_men_must_serve]]></key>
    <method><![CDATA[book_show]]></method>
  </Request>
  <book>
  <id>1022866</id>
  <title>Run Baby Run</title>
  <isbn><![CDATA[0882706306]]></isbn>
  <isbn13><![CDATA[9780882706306]]></isbn13>
  <asin><![CDATA[]]></asin>
  <kindle_asin><![CDATA[B006HAMBVS]]></kindle_asin>
  <marketplace_id><![CDATA[A1F83G8C2ARO7P]]></marketplace_id>
  <country_code><![CDATA[GB]]></country_code>
  <image_url>https://s.gr-assets.com/assets/nophoto/book/111x148-bcc042a9c91a29c1d680899eff700a03.png</image_url>
  <small_image_url>https://s.gr-assets.com/assets/nophoto/book/50x75-a91bf249278a81aabab721ef782c4a74.png</small_image_url>
  <publication_year></publication_year>
  <publication_month></publication_month>
  <publication_day></publication_day>
  <publisher></publisher>
  <language_code>en-US</language_code>
  <is_ebook>false</is_ebook>
  <description></description>
  <work>
  <id type="integer">1009030</id>
  <books_count type="integer">38</books_count>
  <best_book_id type="integer">1022866</best_book_id>
  <reviews_count type="integer">13875</reviews_count>
  <ratings_sum type="integer">46648</ratings_sum>
  <ratings_count type="integer">11081</ratings_count>
  <text_reviews_count type="integer">183</text_reviews_count>
  <original_publication_year type="integer">1969</original_publication_year>
  <original_publication_month type="integer" nil="true"/>
  <original_publication_day type="integer" nil="true"/>
  <original_title>Run Baby Run</original_title>
  <original_language_id type="integer" nil="true"/>
  <media_type>book</media_type>
  <rating_dist>5:5228|4:3443|3:2019|2:288|1:103|total:11081</rating_dist>
  <desc_user_id type="integer" nil="true"/>
  <default_chaptering_book_id type="integer" nil="true"/>
  <default_description_language_code nil="true"/>
</work>
  <average_rating>4.21</average_rating>
  <num_pages><![CDATA[]]></num_pages>
  <format><![CDATA[]]></format>
  <edition_information><![CDATA[]]></edition_information>
  <ratings_count><![CDATA[10707]]></ratings_count>
  <text_reviews_count><![CDATA[153]]></text_reviews_count>
  <url><![CDATA[https://www.goodreads.com/book/show/1022866.Run_Baby_Run]]></url>
  <link><![CDATA[https://www.goodreads.com/book/show/1022866.Run_Baby_Run]]></link>
  <authors>
<author>
<id>141492</id>
<name>Nicky Cruz</name>
<role></role>
<image_url nophoto='false'>
<![CDATA[https://images.gr-assets.com/authors/1218518809p5/141492.jpg]]>
</image_url>
<small_image_url nophoto='false'>
<![CDATA[https://images.gr-assets.com/authors/1218518809p2/141492.jpg]]>
</small_image_url>
<link><![CDATA[https://www.goodreads.com/author/show/141492.Nicky_Cruz]]></link>
<average_rating>4.21</average_rating>
<ratings_count>11479</ratings_count>
<text_reviews_count>232</text_reviews_count>
</author>
<author>
<id>20963</id>
<name>Jamie Buckingham</name>
<role></role>
<image_url nophoto='false'>
<![CDATA[https://images.gr-assets.com/authors/1370506017p5/20963.jpg]]>
</image_url>
<small_image_url nophoto='false'>
<![CDATA[https://images.gr-assets.com/authors/1370506017p2/20963.jpg]]>
</small_image_url>
<link><![CDATA[https://www.goodreads.com/author/show/20963.Jamie_Buckingham]]></link>
<average_rating>4.20</average_rating>
<ratings_count>11415</ratings_count>
<text_reviews_count>238</text_reviews_count>
</author>
</authors>

    <reviews_widget>
      <![CDATA[
        <style>
  #goodreads-widget {
    font-family: georgia, serif;
    padding: 18px 0;
    width:565px;
  }
  #goodreads-widget h1 {
    font-weight:normal;
    font-size: 16px;
    border-bottom: 1px solid #BBB596;
    margin-bottom: 0;
  }
  #goodreads-widget a {
    text-decoration: none;
    color:#660;
  }
  iframe{
    background-color: #fff;
  }
  #goodreads-widget a:hover { text-decoration: underline; }
  #goodreads-widget a:active {
    color:#660;
  }
  #gr_footer {
    width: 100%;
    border-top: 1px solid #BBB596;
    text-align: right;
  }
  #goodreads-widget .gr_branding{
    color: #382110;
    font-size: 11px;
    text-decoration: none;
    font-family: "Helvetica Neue", Helvetica, Arial, sans-serif;
  }
</style>
<div id="goodreads-widget">
  <div id="gr_header"><h1><a rel="nofollow" href="https://www.goodreads.com/book/show/1022866.Run_Baby_Run">Run Baby Run Reviews</a></h1></div>
  <iframe id="the_iframe" src="https://www.goodreads.com/api/reviews_widget_iframe?did=DEVELOPER_ID&amp;format=html&amp;isbn=0882706306&amp;links=660&amp;min_rating=&amp;review_back=fff&amp;stars=000&amp;text=000" width="565" height="400" frameborder="0"></iframe>
  <div id="gr_footer">
    <a class="gr_branding" target="_blank" rel="nofollow" href="https://www.goodreads.com/book/show/1022866.Run_Baby_Run?utm_medium=api&amp;utm_source=reviews_widget">Reviews from Goodreads.com</a>
  </div>
</div>

      ]]>
    </reviews_widget>
  <popular_shelves>
      <shelf name="to-read" count="610"/>
      <shelf name="christian" count="100"/>
      <shelf name="biography" count="88"/>
      <shelf name="currently-reading" count="71"/>
      <shelf name="non-fiction" count="66"/>
      <shelf name="nonfiction" count="28"/>
      <shelf name="favorites" count="22"/>
      <shelf name="memoir" count="19"/>
      <shelf name="religion" count="18"/>
      <shelf name="autobiography" count="18"/>
      <shelf name="christianity" count="17"/>
      <shelf name="christian-non-fiction" count="13"/>
      <shelf name="biographies" count="11"/>
      <shelf name="fiction" count="10"/>
      <shelf name="inspirational" count="10"/>
      <shelf name="books-i-own" count="10"/>
      <shelf name="default" count="8"/>
      <shelf name="religious" count="8"/>
      <shelf name="owned" count="7"/>
      <shelf name="spirituality" count="7"/>
      <shelf name="faith" count="7"/>
      <shelf name="christian-biography" count="7"/>
      <shelf name="christian-nonfiction" count="6"/>
      <shelf name="christian-books" count="6"/>
      <shelf name="biography-memoir" count="6"/>
      <shelf name="memoirs" count="4"/>
      <shelf name="christian-literature" count="4"/>
      <shelf name="christian-fiction" count="3"/>
      <shelf name="owned-books" count="3"/>
      <shelf name="biography-autobiography" count="3"/>
      <shelf name="classic" count="3"/>
      <shelf name="books" count="3"/>
      <shelf name="biographical" count="3"/>
      <shelf name="true-story" count="3"/>
      <shelf name="library" count="3"/>
      <shelf name="favourites" count="3"/>
      <shelf name="auto-biography" count="3"/>
      <shelf name="school" count="3"/>
      <shelf name="crime" count="3"/>
      <shelf name="autobiographies" count="3"/>
      <shelf name="read-a-long-time-ago" count="2"/>
      <shelf name="autobiography-biography" count="2"/>
      <shelf name="to-read-biography" count="2"/>
      <shelf name="my-books" count="2"/>
      <shelf name="drama" count="2"/>
      <shelf name="ethics" count="2"/>
      <shelf name="kindle" count="2"/>
      <shelf name="paperback" count="2"/>
      <shelf name="drugs" count="2"/>
      <shelf name="not-in-library" count="2"/>
      <shelf name="run" count="2"/>
      <shelf name="bio" count="2"/>
      <shelf name="my-library" count="2"/>
      <shelf name="america" count="2"/>
      <shelf name="jesus-books" count="2"/>
      <shelf name="childhood" count="2"/>
      <shelf name="mine" count="2"/>
      <shelf name="coming-of-age" count="2"/>
      <shelf name="books-i-own-to-read" count="2"/>
      <shelf name="spiritual" count="2"/>
      <shelf name="christian-living" count="2"/>
      <shelf name="true-crime" count="2"/>
      <shelf name="christian-true-stories" count="2"/>
      <shelf name="run-baby-run" count="2"/>
      <shelf name="american" count="2"/>
      <shelf name="memoirs-biographies" count="2"/>
      <shelf name="theology" count="2"/>
      <shelf name="contemporary" count="2"/>
      <shelf name="logos" count="2"/>
      <shelf name="eternal_favourites" count="2"/>
      <shelf name="bios" count="2"/>
      <shelf name="read-in-2010" count="2"/>
      <shelf name="young-adult" count="2"/>
      <shelf name="favorite-books" count="2"/>
      <shelf name="lasten-ja-nuortenkirja" count="1"/>
      <shelf name="books-that-make-you-think" count="1"/>
      <shelf name="dark" count="1"/>
      <shelf name="read-but-don-t-own" count="1"/>
      <shelf name="history-adult-other" count="1"/>
      <shelf name="made-me-cry" count="1"/>
      <shelf name="blessed-read" count="1"/>
      <shelf name="books-read-before-2017" count="1"/>
      <shelf name="violent" count="1"/>
      <shelf name="new-york-city" count="1"/>
      <shelf name="books-i-have-read-more-than-once" count="1"/>
      <shelf name="20th-century" count="1"/>
      <shelf name="christian-biography-autobiography" count="1"/>
      <shelf name="2015-en-eerder-gelezen" count="1"/>
      <shelf name="theologie" count="1"/>
      <shelf name="3-stars" count="1"/>
      <shelf name="nick-cruz-w-jamie-buckingham" count="1"/>
      <shelf name="all" count="1"/>
      <shelf name="physical" count="1"/>
      <shelf name="paper_nl" count="1"/>
      <shelf name="nf-biography" count="1"/>
      <shelf name="missions" count="1"/>
      <shelf name="to-reread" count="1"/>
      <shelf name="new-york" count="1"/>
      <shelf name="latino" count="1"/>
      <shelf name="read-as-teenager" count="1"/>
  </popular_shelves>
  <book_links>
    <book_link>
  <id>8</id>
  <name>Libraries</name>
  <link>https://www.goodreads.com/book_link/follow/8</link>
</book_link>

  </book_links>
  <buy_links>
    <buy_link>
<id>1</id>
<name>Amazon</name>
<link>https://www.goodreads.com/book_link/follow/1</link>
</buy_link>
<buy_link>
<id>10</id>
<name>Audible</name>
<link>https://www.goodreads.com/book_link/follow/10</link>
</buy_link>
<buy_link>
<id>3</id>
<name>Barnes &amp; Noble</name>
<link>https://www.goodreads.com/book_link/follow/3</link>
</buy_link>
<buy_link>
<id>1027</id>
<name>Kobo</name>
<link>https://www.goodreads.com/book_link/follow/1027</link>
</buy_link>
<buy_link>
<id>2102</id>
<name>Apple iBooks</name>
<link>https://www.goodreads.com/book_link/follow/2102</link>
</buy_link>
<buy_link>
<id>8036</id>
<name>Google Play</name>
<link>https://www.goodreads.com/book_link/follow/8036</link>
</buy_link>
<buy_link>
<id>4</id>
<name>Abebooks</name>
<link>https://www.goodreads.com/book_link/follow/4</link>
</buy_link>
<buy_link>
<id>882</id>
<name>Book Depository</name>
<link>https://www.goodreads.com/book_link/follow/882</link>
</buy_link>
<buy_link>
<id>9</id>
<name>Indigo</name>
<link>https://www.goodreads.com/book_link/follow/9</link>
</buy_link>
<buy_link>
<id>2</id>
<name>Half.com</name>
<link>https://www.goodreads.com/book_link/follow/2</link>
</buy_link>
<buy_link>
<id>5</id>
<name>Alibris</name>
<link>https://www.goodreads.com/book_link/follow/5</link>
</buy_link>
<buy_link>
<id>107</id>
<name>Better World Books</name>
<link>https://www.goodreads.com/book_link/follow/107</link>
</buy_link>
<buy_link>
<id>7</id>
<name>IndieBound</name>
<link>https://www.goodreads.com/book_link/follow/7</link>
</buy_link>

  </buy_links>
  <series_works>
    
  </series_works>
  <similar_books>
          <book>
<id>772852</id>
<title>The Cross and the Switchblade</title>
<title_without_series>The Cross and the Switchblade</title_without_series>
<link><![CDATA[https://www.goodreads.com/book/show/772852.The_Cross_and_the_Switchblade]]></link>
<small_image_url><![CDATA[https://s.gr-assets.com/assets/nophoto/book/50x75-a91bf249278a81aabab721ef782c4a74.png]]></small_image_url>
<image_url><![CDATA[https://s.gr-assets.com/assets/nophoto/book/111x148-bcc042a9c91a29c1d680899eff700a03.png]]></image_url>
<num_pages>176</num_pages>
<work>
<id>2094533</id>
</work>
<isbn>0515090255</isbn>
<isbn13>9780515090253</isbn13>
<average_rating>4.20</average_rating>
<ratings_count>38134</ratings_count>
<publication_year>1986</publication_year>
<publication_month>11</publication_month>
<publication_day>15</publication_day>
<authors>
<author>
<id>5771515</id>
<name>David Wilkerson</name>
<link><![CDATA[https://www.goodreads.com/author/show/5771515.David_Wilkerson]]></link>
</author>
</authors>
</book>

          <book>
<id>801823</id>
<title><![CDATA[Chasing the Dragon: One Woman's Struggle Against the Darkness of Hong Kong's Drug Den]]></title>
<title_without_series><![CDATA[Chasing the Dragon: One Woman's Struggle Against the Darkness of Hong Kong's Drug Den]]></title_without_series>
<link><![CDATA[https://www.goodreads.com/book/show/801823.Chasing_the_Dragon]]></link>
<small_image_url><![CDATA[https://s.gr-assets.com/assets/nophoto/book/50x75-a91bf249278a81aabab721ef782c4a74.png]]></small_image_url>
<image_url><![CDATA[https://s.gr-assets.com/assets/nophoto/book/111x148-bcc042a9c91a29c1d680899eff700a03.png]]></image_url>
<num_pages>238</num_pages>
<work>
<id>787786</id>
</work>
<isbn>0830734007</isbn>
<isbn13>9780830734009</isbn13>
<average_rating>4.35</average_rating>
<ratings_count>2559</ratings_count>
<publication_year>2003</publication_year>
<publication_month>12</publication_month>
<publication_day>1</publication_day>
<authors>
<author>
<id>202000</id>
<name>Jackie Pullinger</name>
<link><![CDATA[https://www.goodreads.com/author/show/202000.Jackie_Pullinger]]></link>
</author>
</authors>
</book>

          <book>
<id>229117</id>
<title><![CDATA[A Man Called Peter: The Story of Peter Marshall]]></title>
<title_without_series><![CDATA[A Man Called Peter: The Story of Peter Marshall]]></title_without_series>
<link><![CDATA[https://www.goodreads.com/book/show/229117.A_Man_Called_Peter]]></link>
<small_image_url><![CDATA[https://s.gr-assets.com/assets/nophoto/book/50x75-a91bf249278a81aabab721ef782c4a74.png]]></small_image_url>
<image_url><![CDATA[https://s.gr-assets.com/assets/nophoto/book/111x148-bcc042a9c91a29c1d680899eff700a03.png]]></image_url>
<num_pages>384</num_pages>
<work>
<id>3037113</id>
</work>
<isbn>0800793110</isbn>
<isbn13>9780800793111</isbn13>
<average_rating>4.22</average_rating>
<ratings_count>7812</ratings_count>
<publication_year>2002</publication_year>
<publication_month>1</publication_month>
<publication_day>1</publication_day>
<authors>
<author>
<id>11237</id>
<name>Catherine Marshall</name>
<link><![CDATA[https://www.goodreads.com/author/show/11237.Catherine_Marshall]]></link>
</author>
</authors>
</book>

          <book>
<id>264896</id>
<title>No Compromise</title>
<title_without_series>No Compromise</title_without_series>
<link><![CDATA[https://www.goodreads.com/book/show/264896.No_Compromise]]></link>
<small_image_url><![CDATA[https://s.gr-assets.com/assets/nophoto/book/50x75-a91bf249278a81aabab721ef782c4a74.png]]></small_image_url>
<image_url><![CDATA[https://s.gr-assets.com/assets/nophoto/book/111x148-bcc042a9c91a29c1d680899eff700a03.png]]></image_url>
<num_pages>382</num_pages>
<work>
<id>2347845</id>
</work>
<isbn>0736903194</isbn>
<isbn13>9780736903196</isbn13>
<average_rating>4.35</average_rating>
<ratings_count>4996</ratings_count>
<publication_year>2000</publication_year>
<publication_month>12</publication_month>
<publication_day>31</publication_day>
<authors>
<author>
<id>154716</id>
<name>Melody Green</name>
<link><![CDATA[https://www.goodreads.com/author/show/154716.Melody_Green]]></link>
</author>
</authors>
</book>

          <book>
<id>260632</id>
<title><![CDATA[Living on the Devil's Doorstep: International Adventures]]></title>
<title_without_series><![CDATA[Living on the Devil's Doorstep: International Adventures]]></title_without_series>
<link><![CDATA[https://www.goodreads.com/book/show/260632.Living_on_the_Devil_s_Doorstep]]></link>
<small_image_url><![CDATA[https://s.gr-assets.com/assets/nophoto/book/50x75-a91bf249278a81aabab721ef782c4a74.png]]></small_image_url>
<image_url><![CDATA[https://s.gr-assets.com/assets/nophoto/book/111x148-bcc042a9c91a29c1d680899eff700a03.png]]></image_url>
<num_pages>196</num_pages>
<work>
<id>252619</id>
</work>
<isbn>0927545454</isbn>
<isbn13>9780927545457</isbn13>
<average_rating>4.14</average_rating>
<ratings_count>405</ratings_count>
<publication_year>1996</publication_year>
<publication_month>9</publication_month>
<publication_day>1</publication_day>
<authors>
<author>
<id>5294437</id>
<name>Floyd McClung</name>
<link><![CDATA[https://www.goodreads.com/author/show/5294437.Floyd_McClung]]></link>
</author>
</authors>
</book>

          <book>
<id>279407</id>
<title>Born Again</title>
<title_without_series>Born Again</title_without_series>
<link><![CDATA[https://www.goodreads.com/book/show/279407.Born_Again]]></link>
<small_image_url><![CDATA[https://s.gr-assets.com/assets/nophoto/book/50x75-a91bf249278a81aabab721ef782c4a74.png]]></small_image_url>
<image_url><![CDATA[https://s.gr-assets.com/assets/nophoto/book/111x148-bcc042a9c91a29c1d680899eff700a03.png]]></image_url>
<num_pages>351</num_pages>
<work>
<id>271013</id>
</work>
<isbn>0800793773</isbn>
<isbn13>9780800793777</isbn13>
<average_rating>4.22</average_rating>
<ratings_count>3935</ratings_count>
<publication_year>2004</publication_year>
<publication_month>9</publication_month>
<publication_day>1</publication_day>
<authors>
<author>
<id>27694</id>
<name>Charles W. Colson</name>
<link><![CDATA[https://www.goodreads.com/author/show/27694.Charles_W_Colson]]></link>
</author>
</authors>
</book>

          <book>
<id>296696</id>
<title><![CDATA[Bruchko: The Astonishing True Story of a 19-Year-Old American, His Capture by the Motilone Indians and His Adventures in Christianizing the Stone Age Tribe]]></title>
<title_without_series><![CDATA[Bruchko: The Astonishing True Story of a 19-Year-Old American, His Capture by the Motilone Indians and His Adventures in Christianizing the Stone Age Tribe]]></title_without_series>
<link><![CDATA[https://www.goodreads.com/book/show/296696.Bruchko]]></link>
<small_image_url><![CDATA[https://s.gr-assets.com/assets/nophoto/book/50x75-a91bf249278a81aabab721ef782c4a74.png]]></small_image_url>
<image_url><![CDATA[https://s.gr-assets.com/assets/nophoto/book/111x148-bcc042a9c91a29c1d680899eff700a03.png]]></image_url>
<num_pages>224</num_pages>
<work>
<id>3424833</id>
</work>
<isbn>159185993X</isbn>
<isbn13>9781591859932</isbn13>
<average_rating>4.36</average_rating>
<ratings_count>7424</ratings_count>
<publication_year>2006</publication_year>
<publication_month>7</publication_month>
<publication_day>18</publication_day>
<authors>
<author>
<id>136338</id>
<name>Bruce Olson</name>
<link><![CDATA[https://www.goodreads.com/author/show/136338.Bruce_Olson]]></link>
</author>
</authors>
</book>

          <book>
<id>124524</id>
<title>Joni: An Unforgettable Story</title>
<title_without_series>Joni: An Unforgettable Story</title_without_series>
<link><![CDATA[https://www.goodreads.com/book/show/124524.Joni]]></link>
<small_image_url><![CDATA[https://images.gr-assets.com/books/1360187347s/124524.jpg]]></small_image_url>
<image_url><![CDATA[https://images.gr-assets.com/books/1360187347m/124524.jpg]]></image_url>
<num_pages>205</num_pages>
<work>
<id>119915</id>
</work>
<isbn>0310240018</isbn>
<isbn13>9780310240013</isbn13>
<average_rating>4.23</average_rating>
<ratings_count>20729</ratings_count>
<publication_year>2001</publication_year>
<publication_month>8</publication_month>
<publication_day>5</publication_day>
<authors>
<author>
<id>3715</id>
<name>Joni Eareckson Tada</name>
<link><![CDATA[https://www.goodreads.com/author/show/3715.Joni_Eareckson_Tada]]></link>
</author>
</authors>
</book>

          <book>
<id>916399</id>
<title>Lords of the Earth</title>
<title_without_series>Lords of the Earth</title_without_series>
<link><![CDATA[https://www.goodreads.com/book/show/916399.Lords_of_the_Earth]]></link>
<small_image_url><![CDATA[https://s.gr-assets.com/assets/nophoto/book/50x75-a91bf249278a81aabab721ef782c4a74.png]]></small_image_url>
<image_url><![CDATA[https://s.gr-assets.com/assets/nophoto/book/111x148-bcc042a9c91a29c1d680899eff700a03.png]]></image_url>
<num_pages>368</num_pages>
<work>
<id>901474</id>
</work>
<isbn>0830705295</isbn>
<isbn13>9780830705290</isbn13>
<average_rating>4.32</average_rating>
<ratings_count>1787</ratings_count>
<publication_year>1977</publication_year>
<publication_month>10</publication_month>
<publication_day>1</publication_day>
<authors>
<author>
<id>42771</id>
<name>Don Richardson</name>
<link><![CDATA[https://www.goodreads.com/author/show/42771.Don_Richardson]]></link>
</author>
</authors>
</book>

          <book>
<id>906560</id>
<title>Tramp for the Lord</title>
<title_without_series>Tramp for the Lord</title_without_series>
<link><![CDATA[https://www.goodreads.com/book/show/906560.Tramp_for_the_Lord]]></link>
<small_image_url><![CDATA[https://s.gr-assets.com/assets/nophoto/book/50x75-a91bf249278a81aabab721ef782c4a74.png]]></small_image_url>
<image_url><![CDATA[https://s.gr-assets.com/assets/nophoto/book/111x148-bcc042a9c91a29c1d680899eff700a03.png]]></image_url>
<num_pages></num_pages>
<work>
<id>603136</id>
</work>
<isbn>0515089931</isbn>
<isbn13>9780515089936</isbn13>
<average_rating>4.47</average_rating>
<ratings_count>16997</ratings_count>
<publication_year>1986</publication_year>
<publication_month>9</publication_month>
<publication_day>15</publication_day>
<authors>
<author>
<id>102203</id>
<name>Corrie ten Boom</name>
<link><![CDATA[https://www.goodreads.com/author/show/102203.Corrie_ten_Boom]]></link>
</author>
</authors>
</book>

          <book>
<id>638165</id>
<title>End of the Spear</title>
<title_without_series>End of the Spear</title_without_series>
<link><![CDATA[https://www.goodreads.com/book/show/638165.End_of_the_Spear]]></link>
<small_image_url><![CDATA[https://images.gr-assets.com/books/1406511801s/638165.jpg]]></small_image_url>
<image_url><![CDATA[https://images.gr-assets.com/books/1406511801m/638165.jpg]]></image_url>
<num_pages></num_pages>
<work>
<id>624411</id>
</work>
<isbn></isbn>
<isbn13>9780842364393</isbn13>
<average_rating>4.36</average_rating>
<ratings_count>8228</ratings_count>
<publication_year></publication_year>
<publication_month></publication_month>
<publication_day></publication_day>
<authors>
<author>
<id>156461</id>
<name>Steve Saint</name>
<link><![CDATA[https://www.goodreads.com/author/show/156461.Steve_Saint]]></link>
</author>
</authors>
</book>

          <book>
<id>98696</id>
<title><![CDATA[I Dared to Call Him Father: The Miraculous Story of a Muslim Woman's Encounter with God]]></title>
<title_without_series><![CDATA[I Dared to Call Him Father: The Miraculous Story of a Muslim Woman's Encounter with God]]></title_without_series>
<link><![CDATA[https://www.goodreads.com/book/show/98696.I_Dared_to_Call_Him_Father]]></link>
<small_image_url><![CDATA[https://s.gr-assets.com/assets/nophoto/book/50x75-a91bf249278a81aabab721ef782c4a74.png]]></small_image_url>
<image_url><![CDATA[https://s.gr-assets.com/assets/nophoto/book/111x148-bcc042a9c91a29c1d680899eff700a03.png]]></image_url>
<num_pages></num_pages>
<work>
<id>95143</id>
</work>
<isbn>0800793242</isbn>
<isbn13>9780800793241</isbn13>
<average_rating>4.33</average_rating>
<ratings_count>4457</ratings_count>
<publication_year></publication_year>
<publication_month></publication_month>
<publication_day></publication_day>
<authors>
<author>
<id>56767</id>
<name>Bilquis Sheikh</name>
<link><![CDATA[https://www.goodreads.com/author/show/56767.Bilquis_Sheikh]]></link>
</author>
</authors>
</book>

          <book>
<id>185579</id>
<title>Rees Howells: Intercessor</title>
<title_without_series>Rees Howells: Intercessor</title_without_series>
<link><![CDATA[https://www.goodreads.com/book/show/185579.Rees_Howells]]></link>
<small_image_url><![CDATA[https://s.gr-assets.com/assets/nophoto/book/50x75-a91bf249278a81aabab721ef782c4a74.png]]></small_image_url>
<image_url><![CDATA[https://s.gr-assets.com/assets/nophoto/book/111x148-bcc042a9c91a29c1d680899eff700a03.png]]></image_url>
<num_pages>292</num_pages>
<work>
<id>179386</id>
</work>
<isbn>071883027X</isbn>
<isbn13>9780718830274</isbn13>
<average_rating>4.38</average_rating>
<ratings_count>2443</ratings_count>
<publication_year>2001</publication_year>
<publication_month>1</publication_month>
<publication_day>1</publication_day>
<authors>
<author>
<id>108146</id>
<name>Norman P. Grubb</name>
<link><![CDATA[https://www.goodreads.com/author/show/108146.Norman_P_Grubb]]></link>
</author>
</authors>
</book>

          <book>
<id>1227457</id>
<title>Hudson Taylor (Men of Faith)</title>
<title_without_series>Hudson Taylor</title_without_series>
<link><![CDATA[https://www.goodreads.com/book/show/1227457.Hudson_Taylor]]></link>
<small_image_url><![CDATA[https://s.gr-assets.com/assets/nophoto/book/50x75-a91bf249278a81aabab721ef782c4a74.png]]></small_image_url>
<image_url><![CDATA[https://s.gr-assets.com/assets/nophoto/book/111x148-bcc042a9c91a29c1d680899eff700a03.png]]></image_url>
<num_pages></num_pages>
<work>
<id>1215992</id>
</work>
<isbn>0871239515</isbn>
<isbn13>9780871239518</isbn13>
<average_rating>4.29</average_rating>
<ratings_count>2868</ratings_count>
<publication_year></publication_year>
<publication_month></publication_month>
<publication_day></publication_day>
<authors>
<author>
<id>4693730</id>
<name>James Hudson Taylor</name>
<link><![CDATA[https://www.goodreads.com/author/show/4693730.James_Hudson_Taylor]]></link>
</author>
</authors>
</book>

          <book>
<id>824062</id>
<title>God&apos;s Smuggler</title>
<title_without_series>God&apos;s Smuggler</title_without_series>
<link><![CDATA[https://www.goodreads.com/book/show/824062.God_s_Smuggler]]></link>
<small_image_url><![CDATA[https://s.gr-assets.com/assets/nophoto/book/50x75-a91bf249278a81aabab721ef782c4a74.png]]></small_image_url>
<image_url><![CDATA[https://s.gr-assets.com/assets/nophoto/book/111x148-bcc042a9c91a29c1d680899eff700a03.png]]></image_url>
<num_pages>256</num_pages>
<work>
<id>2296068</id>
</work>
<isbn>0800793013</isbn>
<isbn13>9780800793012</isbn13>
<average_rating>4.32</average_rating>
<ratings_count>23614</ratings_count>
<publication_year>2012</publication_year>
<publication_month>4</publication_month>
<publication_day>5</publication_day>
<authors>
<author>
<id>46742</id>
<name>Brother Andrew</name>
<link><![CDATA[https://www.goodreads.com/author/show/46742.Brother_Andrew]]></link>
</author>
</authors>
</book>

          <book>
<id>78629</id>
<title>Tortured for Christ N/E</title>
<title_without_series>Tortured for Christ N/E</title_without_series>
<link><![CDATA[https://www.goodreads.com/book/show/78629.Tortured_for_Christ_N_E]]></link>
<small_image_url><![CDATA[https://images.gr-assets.com/books/1419182359s/78629.jpg]]></small_image_url>
<image_url><![CDATA[https://images.gr-assets.com/books/1419182359m/78629.jpg]]></image_url>
<num_pages>155</num_pages>
<work>
<id>75922</id>
</work>
<isbn>0340863684</isbn>
<isbn13>9780340863688</isbn13>
<average_rating>4.34</average_rating>
<ratings_count>10295</ratings_count>
<publication_year></publication_year>
<publication_month></publication_month>
<publication_day></publication_day>
<authors>
<author>
<id>44578</id>
<name>Richard Wurmbrand</name>
<link><![CDATA[https://www.goodreads.com/author/show/44578.Richard_Wurmbrand]]></link>
</author>
</authors>
</book>

          <book>
<id>1062357</id>
<title><![CDATA[The Torn Veil: The Best-Selling Story of Gulshan Esther]]></title>
<title_without_series><![CDATA[The Torn Veil: The Best-Selling Story of Gulshan Esther]]></title_without_series>
<link><![CDATA[https://www.goodreads.com/book/show/1062357.The_Torn_Veil]]></link>
<small_image_url><![CDATA[https://images.gr-assets.com/books/1386199284s/1062357.jpg]]></small_image_url>
<image_url><![CDATA[https://images.gr-assets.com/books/1386199284m/1062357.jpg]]></image_url>
<num_pages>160</num_pages>
<work>
<id>1048961</id>
</work>
<isbn>0310256887</isbn>
<isbn13>9780310256885</isbn13>
<average_rating>4.22</average_rating>
<ratings_count>556</ratings_count>
<publication_year>2004</publication_year>
<publication_month>3</publication_month>
<publication_day>14</publication_day>
<authors>
<author>
<id>981453</id>
<name>Gulshan Esther</name>
<link><![CDATA[https://www.goodreads.com/author/show/981453.Gulshan_Esther]]></link>
</author>
</authors>
</book>

          <book>
<id>9551</id>
<title><![CDATA[Shadow of the Almighty: The Life and Testament of Jim Elliot]]></title>
<title_without_series><![CDATA[Shadow of the Almighty: The Life and Testament of Jim Elliot]]></title_without_series>
<link><![CDATA[https://www.goodreads.com/book/show/9551.Shadow_of_the_Almighty]]></link>
<small_image_url><![CDATA[https://s.gr-assets.com/assets/nophoto/book/50x75-a91bf249278a81aabab721ef782c4a74.png]]></small_image_url>
<image_url><![CDATA[https://s.gr-assets.com/assets/nophoto/book/111x148-bcc042a9c91a29c1d680899eff700a03.png]]></image_url>
<num_pages>272</num_pages>
<work>
<id>2400793</id>
</work>
<isbn>006062213X</isbn>
<isbn13>9780060622138</isbn13>
<average_rating>4.38</average_rating>
<ratings_count>5861</ratings_count>
<publication_year>2009</publication_year>
<publication_month>9</publication_month>
<publication_day>29</publication_day>
<authors>
<author>
<id>6264</id>
<name>Elisabeth Elliot</name>
<link><![CDATA[https://www.goodreads.com/author/show/6264.Elisabeth_Elliot]]></link>
</author>
</authors>
</book>

  </similar_books>
</book>

</GoodreadsResponse>