<?xml version="1.0" encoding="UTF-8"?>
<GoodreadsResponse>
  <Request>
    <authentication>true</authentication>
      <key><![CDATA[all_men_must_serve]]></key>
    <method><![CDATA[book_show]]></method>
  </Request>
  <book>
  <id>102324</id>
  <title><![CDATA[Swamp Thing, Vol. 1: Saga of the Swamp Thing]]></title>
  <isbn><![CDATA[0930289226]]></isbn>
  <isbn13><![CDATA[9780930289225]]></isbn13>
  <asin><![CDATA[]]></asin>
  <kindle_asin><![CDATA[]]></kindle_asin>
  <marketplace_id><![CDATA[]]></marketplace_id>
  <country_code><![CDATA[GB]]></country_code>
  <image_url>https://images.gr-assets.com/books/1393967527m/102324.jpg</image_url>
  <small_image_url>https://images.gr-assets.com/books/1393967527s/102324.jpg</small_image_url>
  <publication_year>1998</publication_year>
  <publication_month>2</publication_month>
  <publication_day>23</publication_day>
  <publisher>Vertigo</publisher>
  <language_code>eng</language_code>
  <is_ebook>false</is_ebook>
  <description><![CDATA[Before WATCHMEN, Alan Moore made his debut in the U.S. comic book industry with the revitalization of the horror comic book THE SWAMP THING. His deconstruction of the classic monster stretched the creative boundaries of the medium and became one of the most spectacular series in comic book history.<p>With modern-day issues explored against a backdrop of horror, SWAMP THING's stories became commentaries on environmental, political and social issues, unflinching in their relevance. SAGA OF THE SWAMP THING Book One collects issues #20-27 of this seminal series including the never-before-reprinted SAGA OF THE SWAMP THING #20, where Moore takes over as writer and concludes the previous storyline.</p><p>Book One begins with the story "The Anatomy Lesson," a haunting origin story that reshapes SWAMP THING mythology with terrifying revelations that begin a journey of discovery and adventure that will take him across the stars and beyond.</p>]]></description>
  <work>
  <id type="integer">2952350</id>
  <books_count type="integer">22</books_count>
  <best_book_id type="integer">102324</best_book_id>
  <reviews_count type="integer">33945</reviews_count>
  <ratings_sum type="integer">77345</ratings_sum>
  <ratings_count type="integer">18406</ratings_count>
  <text_reviews_count type="integer">678</text_reviews_count>
  <original_publication_year type="integer">1983</original_publication_year>
  <original_publication_month type="integer" nil="true"/>
  <original_publication_day type="integer" nil="true"/>
  <original_title>The Saga of the Swamp Thing, Vol 20 - 27</original_title>
  <original_language_id type="integer" nil="true"/>
  <media_type>book</media_type>
  <rating_dist>5:8395|4:6399|3:2812|2:538|1:262|total:18406</rating_dist>
  <desc_user_id type="integer">-110</desc_user_id>
  <default_chaptering_book_id type="integer" nil="true"/>
  <default_description_language_code nil="true"/>
</work>
  <average_rating>4.20</average_rating>
  <num_pages><![CDATA[173]]></num_pages>
  <format><![CDATA[Paperback]]></format>
  <edition_information><![CDATA[]]></edition_information>
  <ratings_count><![CDATA[16378]]></ratings_count>
  <text_reviews_count><![CDATA[459]]></text_reviews_count>
  <url><![CDATA[https://www.goodreads.com/book/show/102324.Swamp_Thing_Vol_1]]></url>
  <link><![CDATA[https://www.goodreads.com/book/show/102324.Swamp_Thing_Vol_1]]></link>
  <authors>
<author>
<id>3961</id>
<name>Alan Moore</name>
<role></role>
<image_url nophoto='false'>
<![CDATA[https://images.gr-assets.com/authors/1304944713p5/3961.jpg]]>
</image_url>
<small_image_url nophoto='false'>
<![CDATA[https://images.gr-assets.com/authors/1304944713p2/3961.jpg]]>
</small_image_url>
<link><![CDATA[https://www.goodreads.com/author/show/3961.Alan_Moore]]></link>
<average_rating>4.23</average_rating>
<ratings_count>1055988</ratings_count>
<text_reviews_count>32294</text_reviews_count>
</author>
<author>
<id>3201168</id>
<name>Stephen R. Bissette</name>
<role>Illustrator</role>
<image_url nophoto='false'>
<![CDATA[https://images.gr-assets.com/authors/1310179807p5/3201168.jpg]]>
</image_url>
<small_image_url nophoto='false'>
<![CDATA[https://images.gr-assets.com/authors/1310179807p2/3201168.jpg]]>
</small_image_url>
<link><![CDATA[https://www.goodreads.com/author/show/3201168.Stephen_R_Bissette]]></link>
<average_rating>4.23</average_rating>
<ratings_count>45455</ratings_count>
<text_reviews_count>1757</text_reviews_count>
</author>
<author>
<id>61338</id>
<name>John Totleben</name>
<role>Illustrator</role>
<image_url nophoto='true'>
<![CDATA[https://s.gr-assets.com/assets/nophoto/user/u_200x266-e183445fd1a1b5cc7075bb1cf7043306.png]]>
</image_url>
<small_image_url nophoto='true'>
<![CDATA[https://s.gr-assets.com/assets/nophoto/user/u_50x66-632230dc9882b4352d753eedf9396530.png]]>
</small_image_url>
<link><![CDATA[https://www.goodreads.com/author/show/61338.John_Totleben]]></link>
<average_rating>4.26</average_rating>
<ratings_count>48987</ratings_count>
<text_reviews_count>1647</text_reviews_count>
</author>
<author>
<id>63220</id>
<name>Rick Veitch</name>
<role>Illustrator</role>
<image_url nophoto='true'>
<![CDATA[https://s.gr-assets.com/assets/nophoto/user/m_200x266-d279b33f8eec0f27b7272477f09806be.png]]>
</image_url>
<small_image_url nophoto='true'>
<![CDATA[https://s.gr-assets.com/assets/nophoto/user/m_50x66-82093808bca726cb3249a493fbd3bd0f.png]]>
</small_image_url>
<link><![CDATA[https://www.goodreads.com/author/show/63220.Rick_Veitch]]></link>
<average_rating>4.16</average_rating>
<ratings_count>44493</ratings_count>
<text_reviews_count>2000</text_reviews_count>
</author>
<author>
<id>18253</id>
<name>Ramsey Campbell</name>
<role>Foreword</role>
<image_url nophoto='false'>
<![CDATA[https://images.gr-assets.com/authors/1206546639p5/18253.jpg]]>
</image_url>
<small_image_url nophoto='false'>
<![CDATA[https://images.gr-assets.com/authors/1206546639p2/18253.jpg]]>
</small_image_url>
<link><![CDATA[https://www.goodreads.com/author/show/18253.Ramsey_Campbell]]></link>
<average_rating>4.00</average_rating>
<ratings_count>93056</ratings_count>
<text_reviews_count>5291</text_reviews_count>
</author>
</authors>

    <reviews_widget>
      <![CDATA[
        <style>
  #goodreads-widget {
    font-family: georgia, serif;
    padding: 18px 0;
    width:565px;
  }
  #goodreads-widget h1 {
    font-weight:normal;
    font-size: 16px;
    border-bottom: 1px solid #BBB596;
    margin-bottom: 0;
  }
  #goodreads-widget a {
    text-decoration: none;
    color:#660;
  }
  iframe{
    background-color: #fff;
  }
  #goodreads-widget a:hover { text-decoration: underline; }
  #goodreads-widget a:active {
    color:#660;
  }
  #gr_footer {
    width: 100%;
    border-top: 1px solid #BBB596;
    text-align: right;
  }
  #goodreads-widget .gr_branding{
    color: #382110;
    font-size: 11px;
    text-decoration: none;
    font-family: "Helvetica Neue", Helvetica, Arial, sans-serif;
  }
</style>
<div id="goodreads-widget">
  <div id="gr_header"><h1><a rel="nofollow" href="https://www.goodreads.com/book/show/102324.Swamp_Thing_Vol_1">Swamp Thing, Vol. 1 Reviews</a></h1></div>
  <iframe id="the_iframe" src="https://www.goodreads.com/api/reviews_widget_iframe?did=DEVELOPER_ID&amp;format=html&amp;isbn=0930289226&amp;links=660&amp;min_rating=&amp;review_back=fff&amp;stars=000&amp;text=000" width="565" height="400" frameborder="0"></iframe>
  <div id="gr_footer">
    <a class="gr_branding" target="_blank" rel="nofollow" href="https://www.goodreads.com/book/show/102324.Swamp_Thing_Vol_1?utm_medium=api&amp;utm_source=reviews_widget">Reviews from Goodreads.com</a>
  </div>
</div>

      ]]>
    </reviews_widget>
  <popular_shelves>
      <shelf name="to-read" count="14063"/>
      <shelf name="comics" count="873"/>
      <shelf name="graphic-novels" count="764"/>
      <shelf name="graphic-novel" count="254"/>
      <shelf name="horror" count="217"/>
      <shelf name="currently-reading" count="216"/>
      <shelf name="cómics" count="195"/>
      <shelf name="favorites" count="139"/>
      <shelf name="fantasy" count="108"/>
      <shelf name="fiction" count="104"/>
      <shelf name="comics-graphic-novels" count="89"/>
      <shelf name="comic-books" count="87"/>
      <shelf name="owned" count="55"/>
      <shelf name="graphic-novels-comics" count="53"/>
      <shelf name="comic" count="50"/>
      <shelf name="vertigo" count="46"/>
      <shelf name="dc" count="44"/>
      <shelf name="alan-moore" count="42"/>
      <shelf name="comics-and-graphic-novels" count="39"/>
      <shelf name="science-fiction" count="36"/>
      <shelf name="graphic" count="35"/>
      <shelf name="superheroes" count="30"/>
      <shelf name="dc-comics" count="28"/>
      <shelf name="to-read-comics" count="25"/>
      <shelf name="superhero" count="25"/>
      <shelf name="comix" count="24"/>
      <shelf name="comics-to-read" count="23"/>
      <shelf name="sci-fi" count="23"/>
      <shelf name="cómic" count="21"/>
      <shelf name="comic-book" count="21"/>
      <shelf name="swamp-thing" count="21"/>
      <shelf name="to-buy" count="21"/>
      <shelf name="graphic-novels-and-comics" count="21"/>
      <shelf name="library" count="19"/>
      <shelf name="books-i-own" count="19"/>
      <shelf name="vertigo-comics" count="17"/>
      <shelf name="graphic-novels-to-read" count="16"/>
      <shelf name="series" count="14"/>
      <shelf name="comics-read" count="14"/>
      <shelf name="default" count="13"/>
      <shelf name="read-comics" count="13"/>
      <shelf name="to-read-graphic-novels" count="12"/>
      <shelf name="20th-century" count="11"/>
      <shelf name="other" count="10"/>
      <shelf name="comics-manga" count="10"/>
      <shelf name="classics" count="10"/>
      <shelf name="comic-graphic-novel" count="10"/>
      <shelf name="sequential-art" count="10"/>
      <shelf name="quadrinhos" count="9"/>
      <shelf name="owned-books" count="8"/>
      <shelf name="british" count="8"/>
      <shelf name="read-in-2012" count="8"/>
      <shelf name="read-in-2014" count="7"/>
      <shelf name="favorite-comics" count="7"/>
      <shelf name="1980s" count="7"/>
      <shelf name="dc-vertigo" count="7"/>
      <shelf name="graphic-novels-comic-books" count="7"/>
      <shelf name="library-books" count="6"/>
      <shelf name="comic-books-graphic-novels" count="6"/>
      <shelf name="borrowed" count="6"/>
      <shelf name="favourites" count="6"/>
      <shelf name="graphic-novel-comics" count="6"/>
      <shelf name="english" count="6"/>
      <shelf name="my-library" count="6"/>
      <shelf name="comicbooks" count="6"/>
      <shelf name="favorite" count="5"/>
      <shelf name="read-in-2016" count="5"/>
      <shelf name="hq" count="5"/>
      <shelf name="super-heroes" count="5"/>
      <shelf name="art" count="5"/>
      <shelf name="paranormal" count="5"/>
      <shelf name="graphic-novel-comic" count="5"/>
      <shelf name="wish-list" count="5"/>
      <shelf name="bd" count="5"/>
      <shelf name="dc-universe" count="5"/>
      <shelf name="dark-fantasy" count="5"/>
      <shelf name="graphic-comic" count="5"/>
      <shelf name="literature" count="5"/>
      <shelf name="i-own" count="5"/>
      <shelf name="novel" count="5"/>
      <shelf name="graphicnovels" count="5"/>
      <shelf name="read-in-2017" count="4"/>
      <shelf name="read-2016" count="4"/>
      <shelf name="graphics" count="4"/>
      <shelf name="read-in-2015" count="4"/>
      <shelf name="comics-graphic-novel" count="4"/>
      <shelf name="want" count="4"/>
      <shelf name="graphic-novels-manga" count="4"/>
      <shelf name="horror-comics" count="4"/>
      <shelf name="nature" count="4"/>
      <shelf name="sarjakuvat" count="4"/>
      <shelf name="read-graphic-novels" count="4"/>
      <shelf name="read-2013" count="4"/>
      <shelf name="collection" count="4"/>
      <shelf name="1001-comics" count="4"/>
      <shelf name="usa" count="4"/>
      <shelf name="komiksy" count="4"/>
      <shelf name="recently-read" count="4"/>
      <shelf name="comics-i-own" count="4"/>
      <shelf name="supernatural" count="4"/>
  </popular_shelves>
  <book_links>
    <book_link>
  <id>8</id>
  <name>Libraries</name>
  <link>https://www.goodreads.com/book_link/follow/8</link>
</book_link>

  </book_links>
  <buy_links>
    <buy_link>
<id>1</id>
<name>Amazon</name>
<link>https://www.goodreads.com/book_link/follow/1</link>
</buy_link>
<buy_link>
<id>10</id>
<name>Audible</name>
<link>https://www.goodreads.com/book_link/follow/10</link>
</buy_link>
<buy_link>
<id>3</id>
<name>Barnes &amp; Noble</name>
<link>https://www.goodreads.com/book_link/follow/3</link>
</buy_link>
<buy_link>
<id>1027</id>
<name>Kobo</name>
<link>https://www.goodreads.com/book_link/follow/1027</link>
</buy_link>
<buy_link>
<id>2102</id>
<name>Apple iBooks</name>
<link>https://www.goodreads.com/book_link/follow/2102</link>
</buy_link>
<buy_link>
<id>8036</id>
<name>Google Play</name>
<link>https://www.goodreads.com/book_link/follow/8036</link>
</buy_link>
<buy_link>
<id>4</id>
<name>Abebooks</name>
<link>https://www.goodreads.com/book_link/follow/4</link>
</buy_link>
<buy_link>
<id>882</id>
<name>Book Depository</name>
<link>https://www.goodreads.com/book_link/follow/882</link>
</buy_link>
<buy_link>
<id>9</id>
<name>Indigo</name>
<link>https://www.goodreads.com/book_link/follow/9</link>
</buy_link>
<buy_link>
<id>2</id>
<name>Half.com</name>
<link>https://www.goodreads.com/book_link/follow/2</link>
</buy_link>
<buy_link>
<id>5</id>
<name>Alibris</name>
<link>https://www.goodreads.com/book_link/follow/5</link>
</buy_link>
<buy_link>
<id>107</id>
<name>Better World Books</name>
<link>https://www.goodreads.com/book_link/follow/107</link>
</buy_link>
<buy_link>
<id>7</id>
<name>IndieBound</name>
<link>https://www.goodreads.com/book_link/follow/7</link>
</buy_link>

  </buy_links>
  <series_works>
    <series_work>
<id>255492</id>
<user_position>1</user_position>
<series>
<id>60073</id>
<title>
<![CDATA[
    Swamp Thing, Volume II
]]>
</title>
<description>
<![CDATA[
    These volumes comprise of much of the second series of Swamp Thing comics, started in 1982.  Thus far, the trade paperbacks start with Alan Moore's run (issue #21) and end with Rick Veitch's (issue #81). Some volumes are published in spanish but not in english, like <a href="http://www.goodreads.com/series/67555-la-cosa-del-pantano-de-mark-millar">Mark Millar's run in Swamp Thing</a>.
    
    <a href="https://www.goodreads.com/series/67560-swamp-thing-volume-i"><i>Swamp Thing</i>, Volume I</a> (Lein Wein)
    <a href="https://www.goodreads.com/series/60073-swamp-thing-volume-ii"><i>Swamp Thing</i>, Volume II</a> (Alan Moore's <i>Saga of the Swamp Thing</i> & subsequent)
    <a href="https://www.goodreads.com/series/111238-swamp-thing-volume-iii"><i>Swamp Thing</i>, Volume III</a> (Brian K. Vaughan)
    <a href="https://www.goodreads.com/series/59171-swamp-thing-volume-iv"><i>Swamp Thing</i>, Volume IV</a> (Andy Diggle & Joshua Dysart)
    <a href="https://www.goodreads.com/series/84428-swamp-thing-volume-v"><i>Swamp Thing</i>, Volume V</a> (The New 52)
    <a href="https://www.goodreads.com/book/show/30144481-swamp-thing"><i>Swamp Thing</i>, Volume VI</a> (DCYou)
    
    See also:
    ·<a href="http://www.goodreads.com/series/93496-swamp-thing-uk">Swamp Thing UK</a> (British first edition, completes the series in 11 shorter books).
    ·<a href="http://www.goodreads.com/series/93498-la-cosa-del-pantano-ediciones-zinco">La Cosa del Pantano Zinco</a> (Spanish first edition completes the series in 12 shorter books).
    ·<a href="http://www.goodreads.com/series/93491-la-cosa-del-pantano-de-alan-moore">La Cosa del Pantano de Alan Moore</a> (Spanish and Italian newest editions, completes the series in 3 larger books).
    See also:
    ·<a href="http://www.goodreads.com/series/67555-la-cosa-del-pantano-de-mark-millar/">La Cosa del Pantano de Mark Millar</a>, which collects the Mark Millar and Grant Morrison's run on the series, never collected in english.
]]>
</description>
<note>
<![CDATA[
    DO NOT COMBINE With shorter editions.
]]>
</note>
<series_works_count>12</series_works_count>
<primary_work_count>12</primary_work_count>
<numbered>true</numbered>
</series>

</series_work>
<series_work>
<id>437002</id>
<user_position>1</user_position>
<series>
<id>90808</id>
<title>
<![CDATA[
    Saga of the Swamp Thing
]]>
</title>
<description>
<![CDATA[
    2009-2012 reprint of the Alan Moore's stories of Swamp Thing.
]]>
</description>
<note>
<![CDATA[
]]>
</note>
<series_works_count>6</series_works_count>
<primary_work_count>6</primary_work_count>
<numbered>true</numbered>
</series>

</series_work>
<series_work>
<id>362654</id>
<user_position>21-27</user_position>
<series>
<id>77471</id>
<title>
<![CDATA[
    Swamp Thing, vol. II: Single issues
]]>
</title>
<description>
<![CDATA[
    Single issues of Swamp Thing Vol. II collected in different formats. Some issues (like the first 10) were collected in spanish but not in english.
]]>
</description>
<note>
<![CDATA[
]]>
</note>
<series_works_count>23</series_works_count>
<primary_work_count>23</primary_work_count>
<numbered>true</numbered>
</series>

</series_work>

  </series_works>
  <similar_books>
          <book>
<id>768938</id>
<title>Animal Man, Vol. 1</title>
<title_without_series>Animal Man, Vol. 1</title_without_series>
<link><![CDATA[https://www.goodreads.com/book/show/768938.Animal_Man_Vol_1]]></link>
<small_image_url><![CDATA[https://images.gr-assets.com/books/1308882182s/768938.jpg]]></small_image_url>
<image_url><![CDATA[https://images.gr-assets.com/books/1308882182m/768938.jpg]]></image_url>
<num_pages>240</num_pages>
<work>
<id>1414840</id>
</work>
<isbn>1563890054</isbn>
<isbn13>9781563890055</isbn13>
<average_rating>4.06</average_rating>
<ratings_count>4527</ratings_count>
<publication_year>2001</publication_year>
<publication_month>5</publication_month>
<publication_day>1</publication_day>
<authors>
<author>
<id>12732</id>
<name>Grant Morrison</name>
<link><![CDATA[https://www.goodreads.com/author/show/12732.Grant_Morrison]]></link>
</author>
</authors>
</book>

          <book>
<id>777681</id>
<title><![CDATA[Swamp Thing, Vol. 7: Regenesis]]></title>
<title_without_series><![CDATA[Swamp Thing, Vol. 7: Regenesis]]></title_without_series>
<link><![CDATA[https://www.goodreads.com/book/show/777681.Swamp_Thing_Vol_7]]></link>
<small_image_url><![CDATA[https://images.gr-assets.com/books/1328626728s/777681.jpg]]></small_image_url>
<image_url><![CDATA[https://images.gr-assets.com/books/1328626728m/777681.jpg]]></image_url>
<num_pages>160</num_pages>
<work>
<id>763710</id>
</work>
<isbn>1401202675</isbn>
<isbn13>9781401202675</isbn13>
<average_rating>3.94</average_rating>
<ratings_count>450</ratings_count>
<publication_year>2004</publication_year>
<publication_month>10</publication_month>
<publication_day>1</publication_day>
<authors>
<author>
<id>63220</id>
<name>Rick Veitch</name>
<link><![CDATA[https://www.goodreads.com/author/show/63220.Rick_Veitch]]></link>
</author>
</authors>
</book>

          <book>
<id>13227866</id>
<title><![CDATA[Swamp Thing, Volume 1: Raise Them Bones]]></title>
<title_without_series><![CDATA[Swamp Thing, Volume 1: Raise Them Bones]]></title_without_series>
<link><![CDATA[https://www.goodreads.com/book/show/13227866-swamp-thing-volume-1]]></link>
<small_image_url><![CDATA[https://images.gr-assets.com/books/1345664331s/13227866.jpg]]></small_image_url>
<image_url><![CDATA[https://images.gr-assets.com/books/1345664331m/13227866.jpg]]></image_url>
<num_pages>168</num_pages>
<work>
<id>18419688</id>
</work>
<isbn>1401234623</isbn>
<isbn13>9781401234621</isbn13>
<average_rating>4.10</average_rating>
<ratings_count>5406</ratings_count>
<publication_year>2012</publication_year>
<publication_month>8</publication_month>
<publication_day>28</publication_day>
<authors>
<author>
<id>70026</id>
<name>Scott Snyder</name>
<link><![CDATA[https://www.goodreads.com/author/show/70026.Scott_Snyder]]></link>
</author>
</authors>
</book>

          <book>
<id>109246</id>
<title>Swamp Thing: Dark Genesis</title>
<title_without_series>Swamp Thing: Dark Genesis</title_without_series>
<link><![CDATA[https://www.goodreads.com/book/show/109246.Swamp_Thing]]></link>
<small_image_url><![CDATA[https://s.gr-assets.com/assets/nophoto/book/50x75-a91bf249278a81aabab721ef782c4a74.png]]></small_image_url>
<image_url><![CDATA[https://s.gr-assets.com/assets/nophoto/book/111x148-bcc042a9c91a29c1d680899eff700a03.png]]></image_url>
<num_pages>240</num_pages>
<work>
<id>105278</id>
</work>
<isbn>1563890445</isbn>
<isbn13>9781563890444</isbn13>
<average_rating>4.13</average_rating>
<ratings_count>2246</ratings_count>
<publication_year>2002</publication_year>
<publication_month>12</publication_month>
<publication_day>1</publication_day>
<authors>
<author>
<id>10295</id>
<name>Len Wein</name>
<link><![CDATA[https://www.goodreads.com/author/show/10295.Len_Wein]]></link>
</author>
</authors>
</book>

          <book>
<id>133018</id>
<title>Hellblazer: Dangerous Habits</title>
<title_without_series>Hellblazer: Dangerous Habits</title_without_series>
<link><![CDATA[https://www.goodreads.com/book/show/133018.Hellblazer]]></link>
<small_image_url><![CDATA[https://images.gr-assets.com/books/1309206710s/133018.jpg]]></small_image_url>
<image_url><![CDATA[https://images.gr-assets.com/books/1309206710m/133018.jpg]]></image_url>
<num_pages>160</num_pages>
<work>
<id>128140</id>
</work>
<isbn>1563891506</isbn>
<isbn13>9781563891502</isbn13>
<average_rating>4.30</average_rating>
<ratings_count>8013</ratings_count>
<publication_year>1994</publication_year>
<publication_month>3</publication_month>
<publication_day>1</publication_day>
<authors>
<author>
<id>14965</id>
<name>Garth Ennis</name>
<link><![CDATA[https://www.goodreads.com/author/show/14965.Garth_Ennis]]></link>
</author>
</authors>
</book>

          <book>
<id>209966</id>
<title><![CDATA[Planetary, Volume 1: All Over the World and Other Stories]]></title>
<title_without_series><![CDATA[Planetary, Volume 1: All Over the World and Other Stories]]></title_without_series>
<link><![CDATA[https://www.goodreads.com/book/show/209966.Planetary_Volume_1]]></link>
<small_image_url><![CDATA[https://images.gr-assets.com/books/1374683466s/209966.jpg]]></small_image_url>
<image_url><![CDATA[https://images.gr-assets.com/books/1374683466m/209966.jpg]]></image_url>
<num_pages></num_pages>
<work>
<id>423192</id>
</work>
<isbn>1563897776</isbn>
<isbn13>9781563897771</isbn13>
<average_rating>4.21</average_rating>
<ratings_count>12549</ratings_count>
<publication_year></publication_year>
<publication_month></publication_month>
<publication_day></publication_day>
<authors>
<author>
<id>12772</id>
<name>Warren Ellis</name>
<link><![CDATA[https://www.goodreads.com/author/show/12772.Warren_Ellis]]></link>
</author>
</authors>
</book>

          <book>
<id>338551</id>
<title><![CDATA[Jack Kirby's Fourth World Omnibus, Volume One]]></title>
<title_without_series><![CDATA[Jack Kirby's Fourth World Omnibus, Volume One]]></title_without_series>
<link><![CDATA[https://www.goodreads.com/book/show/338551.Jack_Kirby_s_Fourth_World_Omnibus_Volume_One]]></link>
<small_image_url><![CDATA[https://s.gr-assets.com/assets/nophoto/book/50x75-a91bf249278a81aabab721ef782c4a74.png]]></small_image_url>
<image_url><![CDATA[https://s.gr-assets.com/assets/nophoto/book/111x148-bcc042a9c91a29c1d680899eff700a03.png]]></image_url>
<num_pages>385</num_pages>
<work>
<id>328956</id>
</work>
<isbn>1401213448</isbn>
<isbn13>9781401213442</isbn13>
<average_rating>4.26</average_rating>
<ratings_count>1740</ratings_count>
<publication_year>2007</publication_year>
<publication_month>5</publication_month>
<publication_day>2</publication_day>
<authors>
<author>
<id>10299</id>
<name>Jack Kirby</name>
<link><![CDATA[https://www.goodreads.com/author/show/10299.Jack_Kirby]]></link>
</author>
</authors>
</book>

          <book>
<id>133017</id>
<title>Hellblazer: Original Sins</title>
<title_without_series>Hellblazer: Original Sins</title_without_series>
<link><![CDATA[https://www.goodreads.com/book/show/133017.Hellblazer]]></link>
<small_image_url><![CDATA[https://s.gr-assets.com/assets/nophoto/book/50x75-a91bf249278a81aabab721ef782c4a74.png]]></small_image_url>
<image_url><![CDATA[https://s.gr-assets.com/assets/nophoto/book/111x148-bcc042a9c91a29c1d680899eff700a03.png]]></image_url>
<num_pages>256</num_pages>
<work>
<id>128139</id>
</work>
<isbn>1563890526</isbn>
<isbn13>9781563890529</isbn13>
<average_rating>4.10</average_rating>
<ratings_count>12997</ratings_count>
<publication_year>1997</publication_year>
<publication_month>10</publication_month>
<publication_day>1</publication_day>
<authors>
<author>
<id>6153795</id>
<name>Jamie Delano</name>
<link><![CDATA[https://www.goodreads.com/author/show/6153795.Jamie_Delano]]></link>
</author>
</authors>
</book>

          <book>
<id>3246201</id>
<title><![CDATA[Abe Sapien, Vol. 1: The Drowning (Abe Sapien, #1)]]></title>
<title_without_series><![CDATA[Abe Sapien, Vol. 1: The Drowning]]></title_without_series>
<link><![CDATA[https://www.goodreads.com/book/show/3246201-abe-sapien-vol-1]]></link>
<small_image_url><![CDATA[https://images.gr-assets.com/books/1403199404s/3246201.jpg]]></small_image_url>
<image_url><![CDATA[https://images.gr-assets.com/books/1403199404m/3246201.jpg]]></image_url>
<num_pages>144</num_pages>
<work>
<id>3280956</id>
</work>
<isbn>1595821856</isbn>
<isbn13>9781595821850</isbn13>
<average_rating>3.82</average_rating>
<ratings_count>1216</ratings_count>
<publication_year>2008</publication_year>
<publication_month>9</publication_month>
<publication_day>30</publication_day>
<authors>
<author>
<id>10182</id>
<name>Mike Mignola</name>
<link><![CDATA[https://www.goodreads.com/author/show/10182.Mike_Mignola]]></link>
</author>
</authors>
</book>

          <book>
<id>437093</id>
<title><![CDATA[Lucifer, Vol. 2: Children and Monsters]]></title>
<title_without_series><![CDATA[Lucifer, Vol. 2: Children and Monsters]]></title_without_series>
<link><![CDATA[https://www.goodreads.com/book/show/437093.Lucifer_Vol_2]]></link>
<small_image_url><![CDATA[https://images.gr-assets.com/books/1309578213s/437093.jpg]]></small_image_url>
<image_url><![CDATA[https://images.gr-assets.com/books/1309578213m/437093.jpg]]></image_url>
<num_pages>208</num_pages>
<work>
<id>425986</id>
</work>
<isbn>1563898004</isbn>
<isbn13>9781563898006</isbn13>
<average_rating>4.19</average_rating>
<ratings_count>5368</ratings_count>
<publication_year></publication_year>
<publication_month></publication_month>
<publication_day></publication_day>
<authors>
<author>
<id>9018</id>
<name>Mike Carey</name>
<link><![CDATA[https://www.goodreads.com/author/show/9018.Mike_Carey]]></link>
</author>
</authors>
</book>

  </similar_books>
</book>

</GoodreadsResponse>