<?xml version="1.0" encoding="UTF-8"?>
<GoodreadsResponse>
  <Request>
    <authentication>true</authentication>
      <key><![CDATA[all_men_must_serve]]></key>
    <method><![CDATA[book_show]]></method>
  </Request>
  <book>
  <id>102459</id>
  <title><![CDATA[Hellboy, Vol. 2: Wake the Devil (Hellboy, #2)]]></title>
  <isbn><![CDATA[1593070950]]></isbn>
  <isbn13><![CDATA[9781593070953]]></isbn13>
  <asin><![CDATA[]]></asin>
  <kindle_asin><![CDATA[B00A820Y8I]]></kindle_asin>
  <marketplace_id><![CDATA[A1F83G8C2ARO7P]]></marketplace_id>
  <country_code><![CDATA[GB]]></country_code>
  <image_url>https://images.gr-assets.com/books/1486039250m/102459.jpg</image_url>
  <small_image_url>https://images.gr-assets.com/books/1486039250s/102459.jpg</small_image_url>
  <publication_year></publication_year>
  <publication_month></publication_month>
  <publication_day></publication_day>
  <publisher></publisher>
  <language_code>eng</language_code>
  <is_ebook>false</is_ebook>
  <description><![CDATA[Hellboy is one of the most celebrated comics series in recent years. The ultimate artists' artist and a great storyteller whose work is in turns haunting, hilarious, and spellbinding, Mike Mignola has won numerous awards in the comics industry and beyond. When strangeness threatens to engulf the world, a strange man will come to save it. Sent to investigate a mystery with supernatural overtones, Hellboy discovers the secrets of his own origins, and his link to the Nazi occultists who promised Hitler a final solution in the form of a demonic avatar.]]></description>
  <work>
  <id type="integer">98785</id>
  <books_count type="integer">24</books_count>
  <best_book_id type="integer">102459</best_book_id>
  <reviews_count type="integer">18098</reviews_count>
  <ratings_sum type="integer">60777</ratings_sum>
  <ratings_count type="integer">14470</ratings_count>
  <text_reviews_count type="integer">262</text_reviews_count>
  <original_publication_year type="integer">1994</original_publication_year>
  <original_publication_month type="integer">2</original_publication_month>
  <original_publication_day type="integer" nil="true"/>
  <original_title>Hellboy: Wake the Devil</original_title>
  <original_language_id type="integer" nil="true"/>
  <media_type>book</media_type>
  <rating_dist>5:6380|4:5314|3:2223|2:399|1:154|total:14470</rating_dist>
  <desc_user_id type="integer">4899617</desc_user_id>
  <default_chaptering_book_id type="integer" nil="true"/>
  <default_description_language_code nil="true"/>
</work>
  <average_rating>4.20</average_rating>
  <num_pages><![CDATA[]]></num_pages>
  <format><![CDATA[]]></format>
  <edition_information><![CDATA[Second Edition]]></edition_information>
  <ratings_count><![CDATA[14154]]></ratings_count>
  <text_reviews_count><![CDATA[239]]></text_reviews_count>
  <url><![CDATA[https://www.goodreads.com/book/show/102459.Hellboy_Vol_2]]></url>
  <link><![CDATA[https://www.goodreads.com/book/show/102459.Hellboy_Vol_2]]></link>
  <authors>
<author>
<id>10182</id>
<name>Mike Mignola</name>
<role></role>
<image_url nophoto='false'>
<![CDATA[https://images.gr-assets.com/authors/1344350234p5/10182.jpg]]>
</image_url>
<small_image_url nophoto='false'>
<![CDATA[https://images.gr-assets.com/authors/1344350234p2/10182.jpg]]>
</small_image_url>
<link><![CDATA[https://www.goodreads.com/author/show/10182.Mike_Mignola]]></link>
<average_rating>4.12</average_rating>
<ratings_count>242589</ratings_count>
<text_reviews_count>9721</text_reviews_count>
</author>
</authors>

    <reviews_widget>
      <![CDATA[
        <style>
  #goodreads-widget {
    font-family: georgia, serif;
    padding: 18px 0;
    width:565px;
  }
  #goodreads-widget h1 {
    font-weight:normal;
    font-size: 16px;
    border-bottom: 1px solid #BBB596;
    margin-bottom: 0;
  }
  #goodreads-widget a {
    text-decoration: none;
    color:#660;
  }
  iframe{
    background-color: #fff;
  }
  #goodreads-widget a:hover { text-decoration: underline; }
  #goodreads-widget a:active {
    color:#660;
  }
  #gr_footer {
    width: 100%;
    border-top: 1px solid #BBB596;
    text-align: right;
  }
  #goodreads-widget .gr_branding{
    color: #382110;
    font-size: 11px;
    text-decoration: none;
    font-family: "Helvetica Neue", Helvetica, Arial, sans-serif;
  }
</style>
<div id="goodreads-widget">
  <div id="gr_header"><h1><a rel="nofollow" href="https://www.goodreads.com/book/show/102459.Hellboy_Vol_2">Hellboy, Vol. 2 Reviews</a></h1></div>
  <iframe id="the_iframe" src="https://www.goodreads.com/api/reviews_widget_iframe?did=DEVELOPER_ID&amp;format=html&amp;isbn=1593070950&amp;links=660&amp;min_rating=&amp;review_back=fff&amp;stars=000&amp;text=000" width="565" height="400" frameborder="0"></iframe>
  <div id="gr_footer">
    <a class="gr_branding" target="_blank" rel="nofollow" href="https://www.goodreads.com/book/show/102459.Hellboy_Vol_2?utm_medium=api&amp;utm_source=reviews_widget">Reviews from Goodreads.com</a>
  </div>
</div>

      ]]>
    </reviews_widget>
  <popular_shelves>
      <shelf name="to-read" count="2652"/>
      <shelf name="comics" count="520"/>
      <shelf name="graphic-novels" count="463"/>
      <shelf name="horror" count="173"/>
      <shelf name="graphic-novel" count="169"/>
      <shelf name="fantasy" count="156"/>
      <shelf name="còmics" count="80"/>
      <shelf name="cómics" count="79"/>
      <shelf name="fiction" count="76"/>
      <shelf name="hellboy" count="54"/>
      <shelf name="comic-books" count="52"/>
      <shelf name="currently-reading" count="51"/>
      <shelf name="comics-graphic-novels" count="48"/>
      <shelf name="comic" count="45"/>
      <shelf name="owned" count="42"/>
      <shelf name="favorites" count="37"/>
      <shelf name="dark-horse" count="31"/>
      <shelf name="graphic-novels-comics" count="27"/>
      <shelf name="comics-and-graphic-novels" count="26"/>
      <shelf name="graphic" count="26"/>
      <shelf name="supernatural" count="25"/>
      <shelf name="cómic" count="19"/>
      <shelf name="paranormal" count="19"/>
      <shelf name="mike-mignola" count="17"/>
      <shelf name="superheroes" count="17"/>
      <shelf name="science-fiction" count="17"/>
      <shelf name="comics-read" count="15"/>
      <shelf name="comix" count="15"/>
      <shelf name="library" count="14"/>
      <shelf name="urban-fantasy" count="14"/>
      <shelf name="books-i-own" count="14"/>
      <shelf name="dark-horse-comics" count="13"/>
      <shelf name="default" count="13"/>
      <shelf name="dark-fantasy" count="12"/>
      <shelf name="sci-fi" count="12"/>
      <shelf name="graphic-novels-and-comics" count="12"/>
      <shelf name="mignolaverse" count="11"/>
      <shelf name="mythology" count="11"/>
      <shelf name="owned-books" count="11"/>
      <shelf name="read-comics" count="11"/>
      <shelf name="comic-graphic-novel" count="10"/>
      <shelf name="comic-book" count="9"/>
      <shelf name="vampires" count="9"/>
      <shelf name="adventure" count="9"/>
      <shelf name="graphicnovels" count="9"/>
      <shelf name="superhero" count="8"/>
      <shelf name="1990s" count="7"/>
      <shelf name="comics-i-own" count="7"/>
      <shelf name="mystery" count="7"/>
      <shelf name="comics-manga" count="7"/>
      <shelf name="series" count="7"/>
      <shelf name="graphic-novels-read" count="7"/>
      <shelf name="ebook" count="7"/>
      <shelf name="sequential-art" count="7"/>
      <shelf name="mignola" count="7"/>
      <shelf name="borrowed" count="7"/>
      <shelf name="comics-to-read" count="6"/>
      <shelf name="action" count="6"/>
      <shelf name="modern-fantasy" count="6"/>
      <shelf name="graphic-fiction" count="6"/>
      <shelf name="read-2016" count="5"/>
      <shelf name="sci-fi-fantasy" count="5"/>
      <shelf name="occult" count="5"/>
      <shelf name="hellboy-bprd" count="5"/>
      <shelf name="nazis" count="5"/>
      <shelf name="comicbooks" count="5"/>
      <shelf name="read-in-2017" count="4"/>
      <shelf name="read-in-2014" count="4"/>
      <shelf name="vampire" count="4"/>
      <shelf name="read-in-2013" count="4"/>
      <shelf name="graphic-novel-comic" count="4"/>
      <shelf name="american" count="4"/>
      <shelf name="gothic" count="4"/>
      <shelf name="fumetti" count="4"/>
      <shelf name="lovecraftian" count="4"/>
      <shelf name="owned-comics" count="4"/>
      <shelf name="bd" count="4"/>
      <shelf name="dark" count="4"/>
      <shelf name="favorite-comics" count="4"/>
      <shelf name="novel" count="4"/>
      <shelf name="to-buy" count="4"/>
      <shelf name="graphic_novels" count="4"/>
      <shelf name="2017-read" count="3"/>
      <shelf name="read-in-2016" count="3"/>
      <shelf name="genre-horror" count="3"/>
      <shelf name="comic-manga" count="3"/>
      <shelf name="read-in-2015" count="3"/>
      <shelf name="my-favorites" count="3"/>
      <shelf name="horror-comics" count="3"/>
      <shelf name="read-2014" count="3"/>
      <shelf name="digital" count="3"/>
      <shelf name="comic-books-graphic-novels" count="3"/>
      <shelf name="comics-darkhorse" count="3"/>
      <shelf name="comics-and-manga" count="3"/>
      <shelf name="my-books" count="3"/>
      <shelf name="drama" count="3"/>
      <shelf name="owned-graphic-novels" count="3"/>
      <shelf name="other-comics" count="3"/>
      <shelf name="to-read-comics" count="3"/>
      <shelf name="cthulhu-mythos" count="3"/>
  </popular_shelves>
  <book_links>
    <book_link>
  <id>8</id>
  <name>Libraries</name>
  <link>https://www.goodreads.com/book_link/follow/8</link>
</book_link>

  </book_links>
  <buy_links>
    <buy_link>
<id>1</id>
<name>Amazon</name>
<link>https://www.goodreads.com/book_link/follow/1</link>
</buy_link>
<buy_link>
<id>10</id>
<name>Audible</name>
<link>https://www.goodreads.com/book_link/follow/10</link>
</buy_link>
<buy_link>
<id>3</id>
<name>Barnes &amp; Noble</name>
<link>https://www.goodreads.com/book_link/follow/3</link>
</buy_link>
<buy_link>
<id>1027</id>
<name>Kobo</name>
<link>https://www.goodreads.com/book_link/follow/1027</link>
</buy_link>
<buy_link>
<id>2102</id>
<name>Apple iBooks</name>
<link>https://www.goodreads.com/book_link/follow/2102</link>
</buy_link>
<buy_link>
<id>8036</id>
<name>Google Play</name>
<link>https://www.goodreads.com/book_link/follow/8036</link>
</buy_link>
<buy_link>
<id>4</id>
<name>Abebooks</name>
<link>https://www.goodreads.com/book_link/follow/4</link>
</buy_link>
<buy_link>
<id>882</id>
<name>Book Depository</name>
<link>https://www.goodreads.com/book_link/follow/882</link>
</buy_link>
<buy_link>
<id>9</id>
<name>Indigo</name>
<link>https://www.goodreads.com/book_link/follow/9</link>
</buy_link>
<buy_link>
<id>2</id>
<name>Half.com</name>
<link>https://www.goodreads.com/book_link/follow/2</link>
</buy_link>
<buy_link>
<id>5</id>
<name>Alibris</name>
<link>https://www.goodreads.com/book_link/follow/5</link>
</buy_link>
<buy_link>
<id>107</id>
<name>Better World Books</name>
<link>https://www.goodreads.com/book_link/follow/107</link>
</buy_link>
<buy_link>
<id>7</id>
<name>IndieBound</name>
<link>https://www.goodreads.com/book_link/follow/7</link>
</buy_link>

  </buy_links>
  <series_works>
    <series_work>
<id>221338</id>
<user_position>2</user_position>
<series>
<id>55300</id>
<title>
<![CDATA[
    Hellboy
]]>
</title>
<description>
<![CDATA[
    This series collects the original series of comics starring Hellboy. It is numbered here according to the English publications by Dark Horse; in translation it is sometimes numbered differently.
    
    Companion series:
    * <a href="http://www.goodreads.com/series/55302-mike-mignola-s-hellboy-weird-tales">Hellboy: Weird Tales</a>
    * <a href="http://www.goodreads.com/series/55298-b-p-r-d">B.P.R.D.</a>
    * <a href="http://www.goodreads.com/series/66272-b-p-r-d-hell-on-earth">B.P.R.D.: Hell on Earth</a>
    * <a href="http://www.goodreads.com/series/74143-abe-sapien">Abe Sapien</a>
    * <a href="http://www.goodreads.com/series/55304-lobster-johnson">Lobster Johnson</a>
    * <a href="http://www.goodreads.com/series/66275-witchfinder">Witchfinder</a>
    * <a href="https://www.goodreads.com/series/126083-hellboy-in-hell">Hellboy in Hell</a> (sequel)
    
    Tie-ins:
    * <a href="http://www.goodreads.com/series/55307-hellboy-novels">Hellboy Novels</a>
    * <a href="http://www.goodreads.com/series/55308-hellboy-odd-jobs">Hellboy: Odd Jobs</a> (short stories)
    
    Adaptations:
    * <a href="http://www.goodreads.com/series/55305-hellboy-animated">Hellboy Animated</a>
]]>
</description>
<note>
<![CDATA[
]]>
</note>
<series_works_count>56</series_works_count>
<primary_work_count>22</primary_work_count>
<numbered>true</numbered>
</series>

</series_work>
<series_work>
<id>694760</id>
<user_position>2</user_position>
<series>
<id>138582</id>
<title>
<![CDATA[
    Hellboy: Edición rústica
]]>
</title>
<description>
<![CDATA[
    Ediciones españolas de Hellboy en tapa blanda. Algunos tomos son más cortos que los recopilados en cartoné.
]]>
</description>
<note>
<![CDATA[
]]>
</note>
<series_works_count>18</series_works_count>
<primary_work_count>18</primary_work_count>
<numbered>true</numbered>
</series>

</series_work>
<series_work>
<id>699685</id>
<user_position>2</user_position>
<series>
<id>139363</id>
<title>
<![CDATA[
    Hellboy: Edición cartoné
]]>
</title>
<description>
<![CDATA[
    Ediciones españolas de Hellboy en tapa dura. La mayoría de los tomos coincide con la edición original en su contenido, pero no en la numeración.
]]>
</description>
<note>
<![CDATA[
    http://www.normaeditorial.com/catalogo/S/180/1/hellboy-carton%C3%A9/
]]>
</note>
<series_works_count>17</series_works_count>
<primary_work_count>17</primary_work_count>
<numbered>true</numbered>
</series>

</series_work>
<series_work>
<id>820396</id>
<user_position>Completo</user_position>
<series>
<id>138507</id>
<title>
<![CDATA[
    Hellboy: Despierta al Demonio
]]>
</title>
<description>
<![CDATA[
    Edición argentina de Hellboy Wake The Devil dividida en dos tomos. También fue editada en Chile en tres tomos y recopilada en España en un solo tomo (además de incluida en el primer Integral)
]]>
</description>
<note>
<![CDATA[
]]>
</note>
<series_works_count>6</series_works_count>
<primary_work_count>2</primary_work_count>
<numbered>true</numbered>
</series>

</series_work>

  </series_works>
  <similar_books>
          <book>
<id>690292</id>
<title><![CDATA[The Goon, Volume 3: Heaps of Ruination]]></title>
<title_without_series><![CDATA[The Goon, Volume 3: Heaps of Ruination]]></title_without_series>
<link><![CDATA[https://www.goodreads.com/book/show/690292.The_Goon_Volume_3]]></link>
<small_image_url><![CDATA[https://s.gr-assets.com/assets/nophoto/book/50x75-a91bf249278a81aabab721ef782c4a74.png]]></small_image_url>
<image_url><![CDATA[https://s.gr-assets.com/assets/nophoto/book/111x148-bcc042a9c91a29c1d680899eff700a03.png]]></image_url>
<num_pages>128</num_pages>
<work>
<id>676639</id>
</work>
<isbn>1593072929</isbn>
<isbn13>9781593072926</isbn13>
<average_rating>4.28</average_rating>
<ratings_count>1165</ratings_count>
<publication_year>2005</publication_year>
<publication_month>2</publication_month>
<publication_day>22</publication_day>
<authors>
<author>
<id>66497</id>
<name>Eric Powell</name>
<link><![CDATA[https://www.goodreads.com/author/show/66497.Eric_Powell]]></link>
</author>
</authors>
</book>

          <book>
<id>33485</id>
<title><![CDATA[Conan, Vol. 3: The Tower of the Elephant and Other Stories]]></title>
<title_without_series><![CDATA[Conan, Vol. 3: The Tower of the Elephant and Other Stories]]></title_without_series>
<link><![CDATA[https://www.goodreads.com/book/show/33485.Conan_Vol_3]]></link>
<small_image_url><![CDATA[https://images.gr-assets.com/books/1403207742s/33485.jpg]]></small_image_url>
<image_url><![CDATA[https://images.gr-assets.com/books/1403207742m/33485.jpg]]></image_url>
<num_pages>168</num_pages>
<work>
<id>33554</id>
</work>
<isbn>1593075472</isbn>
<isbn13>9781593075477</isbn13>
<average_rating>4.18</average_rating>
<ratings_count>948</ratings_count>
<publication_year>2006</publication_year>
<publication_month>7</publication_month>
<publication_day>4</publication_day>
<authors>
<author>
<id>7338</id>
<name>Kurt Busiek</name>
<link><![CDATA[https://www.goodreads.com/author/show/7338.Kurt_Busiek]]></link>
</author>
</authors>
</book>

          <book>
<id>7296120</id>
<title><![CDATA[Atomic Robo and the Shadow from Beyond Time (Atomic Robo, #3)]]></title>
<title_without_series><![CDATA[Atomic Robo and the Shadow from Beyond Time]]></title_without_series>
<link><![CDATA[https://www.goodreads.com/book/show/7296120-atomic-robo-and-the-shadow-from-beyond-time]]></link>
<small_image_url><![CDATA[https://s.gr-assets.com/assets/nophoto/book/50x75-a91bf249278a81aabab721ef782c4a74.png]]></small_image_url>
<image_url><![CDATA[https://s.gr-assets.com/assets/nophoto/book/111x148-bcc042a9c91a29c1d680899eff700a03.png]]></image_url>
<num_pages>152</num_pages>
<work>
<id>8631293</id>
</work>
<isbn>0980930251</isbn>
<isbn13>9780980930252</isbn13>
<average_rating>4.38</average_rating>
<ratings_count>1012</ratings_count>
<publication_year>2009</publication_year>
<publication_month>12</publication_month>
<publication_day>1</publication_day>
<authors>
<author>
<id>510757</id>
<name>Brian Clevinger</name>
<link><![CDATA[https://www.goodreads.com/author/show/510757.Brian_Clevinger]]></link>
</author>
</authors>
</book>

          <book>
<id>48540</id>
<title>Hellboy: The Bones of Giants</title>
<title_without_series>Hellboy: The Bones of Giants</title_without_series>
<link><![CDATA[https://www.goodreads.com/book/show/48540.Hellboy]]></link>
<small_image_url><![CDATA[https://s.gr-assets.com/assets/nophoto/book/50x75-a91bf249278a81aabab721ef782c4a74.png]]></small_image_url>
<image_url><![CDATA[https://s.gr-assets.com/assets/nophoto/book/111x148-bcc042a9c91a29c1d680899eff700a03.png]]></image_url>
<num_pages>304</num_pages>
<work>
<id>47484</id>
</work>
<isbn>0743462831</isbn>
<isbn13>9780743462839</isbn13>
<average_rating>3.96</average_rating>
<ratings_count>478</ratings_count>
<publication_year>2004</publication_year>
<publication_month>1</publication_month>
<publication_day>27</publication_day>
<authors>
<author>
<id>4522</id>
<name>Christopher Golden</name>
<link><![CDATA[https://www.goodreads.com/author/show/4522.Christopher_Golden]]></link>
</author>
</authors>
</book>

          <book>
<id>102236</id>
<title><![CDATA[Fritz Leiber's Fafhrd and the Gray Mouser]]></title>
<title_without_series><![CDATA[Fritz Leiber's Fafhrd and the Gray Mouser]]></title_without_series>
<link><![CDATA[https://www.goodreads.com/book/show/102236.Fritz_Leiber_s_Fafhrd_and_the_Gray_Mouser]]></link>
<small_image_url><![CDATA[https://images.gr-assets.com/books/1403201266s/102236.jpg]]></small_image_url>
<image_url><![CDATA[https://images.gr-assets.com/books/1403201266m/102236.jpg]]></image_url>
<num_pages>216</num_pages>
<work>
<id>98575</id>
</work>
<isbn>1593077130</isbn>
<isbn13>9781593077136</isbn13>
<average_rating>4.10</average_rating>
<ratings_count>1969</ratings_count>
<publication_year>2007</publication_year>
<publication_month>3</publication_month>
<publication_day>27</publication_day>
<authors>
<author>
<id>2718</id>
<name>Howard Chaykin</name>
<link><![CDATA[https://www.goodreads.com/author/show/2718.Howard_Chaykin]]></link>
</author>
</authors>
</book>

          <book>
<id>43743</id>
<title><![CDATA[Planetary, Volume 3: Leaving the 20th Century]]></title>
<title_without_series><![CDATA[Planetary, Volume 3: Leaving the 20th Century]]></title_without_series>
<link><![CDATA[https://www.goodreads.com/book/show/43743.Planetary_Volume_3]]></link>
<small_image_url><![CDATA[https://s.gr-assets.com/assets/nophoto/book/50x75-a91bf249278a81aabab721ef782c4a74.png]]></small_image_url>
<image_url><![CDATA[https://s.gr-assets.com/assets/nophoto/book/111x148-bcc042a9c91a29c1d680899eff700a03.png]]></image_url>
<num_pages></num_pages>
<work>
<id>1803757</id>
</work>
<isbn>1401202942</isbn>
<isbn13>9781401202941</isbn13>
<average_rating>4.38</average_rating>
<ratings_count>7513</ratings_count>
<publication_year></publication_year>
<publication_month></publication_month>
<publication_day></publication_day>
<authors>
<author>
<id>12772</id>
<name>Warren Ellis</name>
<link><![CDATA[https://www.goodreads.com/author/show/12772.Warren_Ellis]]></link>
</author>
</authors>
</book>

          <book>
<id>436322</id>
<title>Hellboy: The Companion </title>
<title_without_series>Hellboy: The Companion</title_without_series>
<link><![CDATA[https://www.goodreads.com/book/show/436322.Hellboy]]></link>
<small_image_url><![CDATA[https://images.gr-assets.com/books/1403206224s/436322.jpg]]></small_image_url>
<image_url><![CDATA[https://images.gr-assets.com/books/1403206224m/436322.jpg]]></image_url>
<num_pages>200</num_pages>
<work>
<id>425229</id>
</work>
<isbn>159307655X</isbn>
<isbn13>9781593076559</isbn13>
<average_rating>4.35</average_rating>
<ratings_count>1579</ratings_count>
<publication_year>2008</publication_year>
<publication_month>5</publication_month>
<publication_day>21</publication_day>
<authors>
<author>
<id>93053</id>
<name>Stephen Weiner</name>
<link><![CDATA[https://www.goodreads.com/author/show/93053.Stephen_Weiner]]></link>
</author>
</authors>
</book>

          <book>
<id>437093</id>
<title><![CDATA[Lucifer, Vol. 2: Children and Monsters]]></title>
<title_without_series><![CDATA[Lucifer, Vol. 2: Children and Monsters]]></title_without_series>
<link><![CDATA[https://www.goodreads.com/book/show/437093.Lucifer_Vol_2]]></link>
<small_image_url><![CDATA[https://images.gr-assets.com/books/1309578213s/437093.jpg]]></small_image_url>
<image_url><![CDATA[https://images.gr-assets.com/books/1309578213m/437093.jpg]]></image_url>
<num_pages>208</num_pages>
<work>
<id>425986</id>
</work>
<isbn>1563898004</isbn>
<isbn13>9781563898006</isbn13>
<average_rating>4.19</average_rating>
<ratings_count>5368</ratings_count>
<publication_year></publication_year>
<publication_month></publication_month>
<publication_day></publication_day>
<authors>
<author>
<id>9018</id>
<name>Mike Carey</name>
<link><![CDATA[https://www.goodreads.com/author/show/9018.Mike_Carey]]></link>
</author>
</authors>
</book>

          <book>
<id>109244</id>
<title><![CDATA[Swamp Thing, Vol. 2: Love and Death]]></title>
<title_without_series><![CDATA[Swamp Thing, Vol. 2: Love and Death]]></title_without_series>
<link><![CDATA[https://www.goodreads.com/book/show/109244.Swamp_Thing_Vol_2]]></link>
<small_image_url><![CDATA[https://images.gr-assets.com/books/1327913422s/109244.jpg]]></small_image_url>
<image_url><![CDATA[https://images.gr-assets.com/books/1327913422m/109244.jpg]]></image_url>
<num_pages>207</num_pages>
<work>
<id>6191081</id>
</work>
<isbn>0930289544</isbn>
<isbn13>9780930289546</isbn13>
<average_rating>4.37</average_rating>
<ratings_count>6982</ratings_count>
<publication_year>1995</publication_year>
<publication_month>4</publication_month>
<publication_day>1</publication_day>
<authors>
<author>
<id>3961</id>
<name>Alan Moore</name>
<link><![CDATA[https://www.goodreads.com/author/show/3961.Alan_Moore]]></link>
</author>
</authors>
</book>

          <book>
<id>888825</id>
<title><![CDATA[100 Bullets, Vol. 3: Hang Up on the Hang Low]]></title>
<title_without_series><![CDATA[100 Bullets, Vol. 3: Hang Up on the Hang Low]]></title_without_series>
<link><![CDATA[https://www.goodreads.com/book/show/888825.100_Bullets_Vol_3]]></link>
<small_image_url><![CDATA[https://s.gr-assets.com/assets/nophoto/book/50x75-a91bf249278a81aabab721ef782c4a74.png]]></small_image_url>
<image_url><![CDATA[https://s.gr-assets.com/assets/nophoto/book/111x148-bcc042a9c91a29c1d680899eff700a03.png]]></image_url>
<num_pages>128</num_pages>
<work>
<id>1309935</id>
</work>
<isbn>1563898551</isbn>
<isbn13>9781563898556</isbn13>
<average_rating>4.10</average_rating>
<ratings_count>4788</ratings_count>
<publication_year>2001</publication_year>
<publication_month>12</publication_month>
<publication_day>1</publication_day>
<authors>
<author>
<id>17029</id>
<name>Brian Azzarello</name>
<link><![CDATA[https://www.goodreads.com/author/show/17029.Brian_Azzarello]]></link>
</author>
</authors>
</book>

  </similar_books>
</book>

</GoodreadsResponse>