<?xml version="1.0" encoding="UTF-8"?>
<GoodreadsResponse>
  <Request>
    <authentication>true</authentication>
      <key><![CDATA[all_men_must_serve]]></key>
    <method><![CDATA[book_show]]></method>
  </Request>
  <book>
  <id>1025250</id>
  <title>Schooled</title>
  <isbn><![CDATA[0786856920]]></isbn>
  <isbn13><![CDATA[9780786856923]]></isbn13>
  <asin><![CDATA[]]></asin>
  <kindle_asin><![CDATA[]]></kindle_asin>
  <marketplace_id><![CDATA[]]></marketplace_id>
  <country_code><![CDATA[GB]]></country_code>
  <image_url>https://s.gr-assets.com/assets/nophoto/book/111x148-bcc042a9c91a29c1d680899eff700a03.png</image_url>
  <small_image_url>https://s.gr-assets.com/assets/nophoto/book/50x75-a91bf249278a81aabab721ef782c4a74.png</small_image_url>
  <publication_year></publication_year>
  <publication_month></publication_month>
  <publication_day></publication_day>
  <publisher></publisher>
  <language_code>en-US</language_code>
  <is_ebook>false</is_ebook>
  <description><![CDATA[Homeschooled by his hippie grandmother, Capricorn (Cap) Anderson has never watched television, tasted a pizza, or even heard of a wedgie. But when his grandmother lands in the hospital, Cap is forced to move in with a school counselor and attend the local middle school. While Cap knows a lot about tie-dyeing and Zen Buddhism, no education could prepare him for the politics of public school.]]></description>
  <work>
  <id type="integer">1846097</id>
  <books_count type="integer">14</books_count>
  <best_book_id type="integer">1025250</best_book_id>
  <reviews_count type="integer">31430</reviews_count>
  <ratings_sum type="integer">82815</ratings_sum>
  <ratings_count type="integer">21701</ratings_count>
  <text_reviews_count type="integer">2443</text_reviews_count>
  <original_publication_year type="integer">2000</original_publication_year>
  <original_publication_month type="integer">2</original_publication_month>
  <original_publication_day type="integer">29</original_publication_day>
  <original_title>Schooled</original_title>
  <original_language_id type="integer" nil="true"/>
  <media_type>book</media_type>
  <rating_dist>5:6506|4:7440|3:5604|2:1562|1:589|total:21701</rating_dist>
  <desc_user_id type="integer" nil="true"/>
  <default_chaptering_book_id type="integer" nil="true"/>
  <default_description_language_code nil="true"/>
</work>
  <average_rating>3.82</average_rating>
  <num_pages><![CDATA[]]></num_pages>
  <format><![CDATA[]]></format>
  <edition_information><![CDATA[]]></edition_information>
  <ratings_count><![CDATA[20428]]></ratings_count>
  <text_reviews_count><![CDATA[2184]]></text_reviews_count>
  <url><![CDATA[https://www.goodreads.com/book/show/1025250.Schooled]]></url>
  <link><![CDATA[https://www.goodreads.com/book/show/1025250.Schooled]]></link>
  <authors>
<author>
<id>2130</id>
<name>Gordon Korman</name>
<role></role>
<image_url nophoto='false'>
<![CDATA[https://images.gr-assets.com/authors/1199721579p5/2130.jpg]]>
</image_url>
<small_image_url nophoto='false'>
<![CDATA[https://images.gr-assets.com/authors/1199721579p2/2130.jpg]]>
</small_image_url>
<link><![CDATA[https://www.goodreads.com/author/show/2130.Gordon_Korman]]></link>
<average_rating>3.98</average_rating>
<ratings_count>309721</ratings_count>
<text_reviews_count>18828</text_reviews_count>
</author>
</authors>

    <reviews_widget>
      <![CDATA[
        <style>
  #goodreads-widget {
    font-family: georgia, serif;
    padding: 18px 0;
    width:565px;
  }
  #goodreads-widget h1 {
    font-weight:normal;
    font-size: 16px;
    border-bottom: 1px solid #BBB596;
    margin-bottom: 0;
  }
  #goodreads-widget a {
    text-decoration: none;
    color:#660;
  }
  iframe{
    background-color: #fff;
  }
  #goodreads-widget a:hover { text-decoration: underline; }
  #goodreads-widget a:active {
    color:#660;
  }
  #gr_footer {
    width: 100%;
    border-top: 1px solid #BBB596;
    text-align: right;
  }
  #goodreads-widget .gr_branding{
    color: #382110;
    font-size: 11px;
    text-decoration: none;
    font-family: "Helvetica Neue", Helvetica, Arial, sans-serif;
  }
</style>
<div id="goodreads-widget">
  <div id="gr_header"><h1><a rel="nofollow" href="https://www.goodreads.com/book/show/1025250.Schooled">Schooled Reviews</a></h1></div>
  <iframe id="the_iframe" src="https://www.goodreads.com/api/reviews_widget_iframe?did=DEVELOPER_ID&amp;format=html&amp;isbn=0786856920&amp;links=660&amp;min_rating=&amp;review_back=fff&amp;stars=000&amp;text=000" width="565" height="400" frameborder="0"></iframe>
  <div id="gr_footer">
    <a class="gr_branding" target="_blank" rel="nofollow" href="https://www.goodreads.com/book/show/1025250.Schooled?utm_medium=api&amp;utm_source=reviews_widget">Reviews from Goodreads.com</a>
  </div>
</div>

      ]]>
    </reviews_widget>
  <popular_shelves>
      <shelf name="to-read" count="6583"/>
      <shelf name="currently-reading" count="430"/>
      <shelf name="young-adult" count="263"/>
      <shelf name="realistic-fiction" count="230"/>
      <shelf name="favorites" count="149"/>
      <shelf name="ya" count="137"/>
      <shelf name="fiction" count="130"/>
      <shelf name="humor" count="101"/>
      <shelf name="middle-grade" count="81"/>
      <shelf name="middle-school" count="78"/>
      <shelf name="school" count="73"/>
      <shelf name="childrens" count="54"/>
      <shelf name="bullying" count="50"/>
      <shelf name="realistic" count="50"/>
      <shelf name="teen" count="42"/>
      <shelf name="contemporary" count="41"/>
      <shelf name="children" count="37"/>
      <shelf name="children-s" count="37"/>
      <shelf name="books-i-own" count="34"/>
      <shelf name="friendship" count="34"/>
      <shelf name="battle-of-the-books" count="32"/>
      <shelf name="children-s-books" count="32"/>
      <shelf name="kids" count="31"/>
      <shelf name="juvenile-fiction" count="28"/>
      <shelf name="reading-log" count="27"/>
      <shelf name="hippies" count="27"/>
      <shelf name="juvenile" count="27"/>
      <shelf name="funny" count="26"/>
      <shelf name="ya-lit" count="26"/>
      <shelf name="read-in-seventh-grade" count="24"/>
      <shelf name="bullies" count="23"/>
      <shelf name="kids-books" count="22"/>
      <shelf name="schooled" count="20"/>
      <shelf name="gordon-korman" count="19"/>
      <shelf name="ya-fiction" count="19"/>
      <shelf name="owned" count="18"/>
      <shelf name="young-adult-fiction" count="18"/>
      <shelf name="library" count="17"/>
      <shelf name="7th-grade" count="16"/>
      <shelf name="ya-books" count="16"/>
      <shelf name="coming-of-age" count="15"/>
      <shelf name="i-own" count="15"/>
      <shelf name="6th-grade" count="15"/>
      <shelf name="teen-fiction" count="15"/>
      <shelf name="2014-2015-school-year" count="14"/>
      <shelf name="school-books" count="14"/>
      <shelf name="reading-log-2010-2011" count="14"/>
      <shelf name="book-club" count="14"/>
      <shelf name="humorous" count="14"/>
      <shelf name="novels" count="14"/>
      <shelf name="shelfari-favorites" count="13"/>
      <shelf name="read-for-school" count="13"/>
      <shelf name="8th-grade" count="13"/>
      <shelf name="tween" count="13"/>
      <shelf name="children-s-literature" count="13"/>
      <shelf name="children-s-fiction" count="13"/>
      <shelf name="classroom-library" count="12"/>
      <shelf name="popularity" count="12"/>
      <shelf name="middle" count="12"/>
      <shelf name="family" count="12"/>
      <shelf name="audio" count="12"/>
      <shelf name="homeschooling" count="12"/>
      <shelf name="youngadult" count="12"/>
      <shelf name="comedy" count="11"/>
      <shelf name="homeschool" count="11"/>
      <shelf name="kid-lit" count="11"/>
      <shelf name="children-s-lit" count="11"/>
      <shelf name="audiobooks" count="11"/>
      <shelf name="j-fiction" count="11"/>
      <shelf name="read-in-7th-grade" count="10"/>
      <shelf name="for-school" count="10"/>
      <shelf name="being-different" count="10"/>
      <shelf name="first-term-reading" count="10"/>
      <shelf name="young-adult-books" count="10"/>
      <shelf name="read-in-2010" count="10"/>
      <shelf name="caudill" count="10"/>
      <shelf name="my-library" count="10"/>
      <shelf name="canadian" count="10"/>
      <shelf name="audiobook" count="10"/>
      <shelf name="summer-reading" count="10"/>
      <shelf name="contemporary-fiction" count="10"/>
      <shelf name="childhood-books" count="9"/>
      <shelf name="childhood" count="9"/>
      <shelf name="communes" count="9"/>
      <shelf name="owned-books" count="9"/>
      <shelf name="middle-school-books" count="9"/>
      <shelf name="middle-grade-fiction" count="9"/>
      <shelf name="teen-books" count="9"/>
      <shelf name="my-books" count="8"/>
      <shelf name="reading-log-2011-2012" count="8"/>
      <shelf name="1st-trimester" count="8"/>
      <shelf name="favorite" count="8"/>
      <shelf name="middle-grades" count="8"/>
      <shelf name="read-in-2011" count="8"/>
      <shelf name="childrens-books" count="8"/>
      <shelf name="caudill-2011" count="8"/>
      <shelf name="youth" count="8"/>
      <shelf name="favorite-books" count="8"/>
      <shelf name="books" count="7"/>
      <shelf name="stand-alone" count="7"/>
  </popular_shelves>
  <book_links>
    <book_link>
  <id>8</id>
  <name>Libraries</name>
  <link>https://www.goodreads.com/book_link/follow/8</link>
</book_link>

  </book_links>
  <buy_links>
    <buy_link>
<id>1</id>
<name>Amazon</name>
<link>https://www.goodreads.com/book_link/follow/1</link>
</buy_link>
<buy_link>
<id>10</id>
<name>Audible</name>
<link>https://www.goodreads.com/book_link/follow/10</link>
</buy_link>
<buy_link>
<id>3</id>
<name>Barnes &amp; Noble</name>
<link>https://www.goodreads.com/book_link/follow/3</link>
</buy_link>
<buy_link>
<id>1027</id>
<name>Kobo</name>
<link>https://www.goodreads.com/book_link/follow/1027</link>
</buy_link>
<buy_link>
<id>2102</id>
<name>Apple iBooks</name>
<link>https://www.goodreads.com/book_link/follow/2102</link>
</buy_link>
<buy_link>
<id>8036</id>
<name>Google Play</name>
<link>https://www.goodreads.com/book_link/follow/8036</link>
</buy_link>
<buy_link>
<id>4</id>
<name>Abebooks</name>
<link>https://www.goodreads.com/book_link/follow/4</link>
</buy_link>
<buy_link>
<id>882</id>
<name>Book Depository</name>
<link>https://www.goodreads.com/book_link/follow/882</link>
</buy_link>
<buy_link>
<id>9</id>
<name>Indigo</name>
<link>https://www.goodreads.com/book_link/follow/9</link>
</buy_link>
<buy_link>
<id>2</id>
<name>Half.com</name>
<link>https://www.goodreads.com/book_link/follow/2</link>
</buy_link>
<buy_link>
<id>5</id>
<name>Alibris</name>
<link>https://www.goodreads.com/book_link/follow/5</link>
</buy_link>
<buy_link>
<id>107</id>
<name>Better World Books</name>
<link>https://www.goodreads.com/book_link/follow/107</link>
</buy_link>
<buy_link>
<id>7</id>
<name>IndieBound</name>
<link>https://www.goodreads.com/book_link/follow/7</link>
</buy_link>

  </buy_links>
  <series_works>
    
  </series_works>
  <similar_books>
          <book>
<id>145310</id>
<title>The Mailbox</title>
<title_without_series>The Mailbox</title_without_series>
<link><![CDATA[https://www.goodreads.com/book/show/145310.The_Mailbox]]></link>
<small_image_url><![CDATA[https://images.gr-assets.com/books/1320457215s/145310.jpg]]></small_image_url>
<image_url><![CDATA[https://images.gr-assets.com/books/1320457215m/145310.jpg]]></image_url>
<num_pages>192</num_pages>
<work>
<id>140213</id>
</work>
<isbn>0385733445</isbn>
<isbn13>9780385733441</isbn13>
<average_rating>3.83</average_rating>
<ratings_count>1651</ratings_count>
<publication_year>2008</publication_year>
<publication_month>12</publication_month>
<publication_day>18</publication_day>
<authors>
<author>
<id>84047</id>
<name>Audrey Shafer</name>
<link><![CDATA[https://www.goodreads.com/author/show/84047.Audrey_Shafer]]></link>
</author>
</authors>
</book>

          <book>
<id>5782615</id>
<title>The Brooklyn Nine</title>
<title_without_series>The Brooklyn Nine</title_without_series>
<link><![CDATA[https://www.goodreads.com/book/show/5782615-the-brooklyn-nine]]></link>
<small_image_url><![CDATA[https://s.gr-assets.com/assets/nophoto/book/50x75-a91bf249278a81aabab721ef782c4a74.png]]></small_image_url>
<image_url><![CDATA[https://s.gr-assets.com/assets/nophoto/book/111x148-bcc042a9c91a29c1d680899eff700a03.png]]></image_url>
<num_pages></num_pages>
<work>
<id>5954550</id>
</work>
<isbn>0803732244</isbn>
<isbn13>9780803732247</isbn13>
<average_rating>3.96</average_rating>
<ratings_count>1189</ratings_count>
<publication_year></publication_year>
<publication_month></publication_month>
<publication_day></publication_day>
<authors>
<author>
<id>68794</id>
<name>Alan Gratz</name>
<link><![CDATA[https://www.goodreads.com/author/show/68794.Alan_Gratz]]></link>
</author>
</authors>
</book>

          <book>
<id>728654</id>
<title>Zen and the Art of Faking It</title>
<title_without_series>Zen and the Art of Faking It</title_without_series>
<link><![CDATA[https://www.goodreads.com/book/show/728654.Zen_and_the_Art_of_Faking_It]]></link>
<small_image_url><![CDATA[https://images.gr-assets.com/books/1328842996s/728654.jpg]]></small_image_url>
<image_url><![CDATA[https://images.gr-assets.com/books/1328842996m/728654.jpg]]></image_url>
<num_pages>264</num_pages>
<work>
<id>714855</id>
</work>
<isbn>0439837073</isbn>
<isbn13>9780439837071</isbn13>
<average_rating>3.71</average_rating>
<ratings_count>3864</ratings_count>
<publication_year>2007</publication_year>
<publication_month>10</publication_month>
<publication_day>1</publication_day>
<authors>
<author>
<id>183005</id>
<name>Jordan Sonnenblick</name>
<link><![CDATA[https://www.goodreads.com/author/show/183005.Jordan_Sonnenblick]]></link>
</author>
</authors>
</book>

          <book>
<id>708694</id>
<title><![CDATA[Middle School Is Worse Than Meatloaf: A Year Told Through Stuff]]></title>
<title_without_series><![CDATA[Middle School Is Worse Than Meatloaf: A Year Told Through Stuff]]></title_without_series>
<link><![CDATA[https://www.goodreads.com/book/show/708694.Middle_School_Is_Worse_Than_Meatloaf]]></link>
<small_image_url><![CDATA[https://s.gr-assets.com/assets/nophoto/book/50x75-a91bf249278a81aabab721ef782c4a74.png]]></small_image_url>
<image_url><![CDATA[https://s.gr-assets.com/assets/nophoto/book/111x148-bcc042a9c91a29c1d680899eff700a03.png]]></image_url>
<num_pages></num_pages>
<work>
<id>694968</id>
</work>
<isbn>0689852819</isbn>
<isbn13>9780689852817</isbn13>
<average_rating>3.79</average_rating>
<ratings_count>2840</ratings_count>
<publication_year></publication_year>
<publication_month></publication_month>
<publication_day></publication_day>
<authors>
<author>
<id>137561</id>
<name>Jennifer L. Holm</name>
<link><![CDATA[https://www.goodreads.com/author/show/137561.Jennifer_L_Holm]]></link>
</author>
</authors>
</book>

          <book>
<id>799148</id>
<title><![CDATA[If a Tree Falls at Lunch Period]]></title>
<title_without_series><![CDATA[If a Tree Falls at Lunch Period]]></title_without_series>
<link><![CDATA[https://www.goodreads.com/book/show/799148.If_a_Tree_Falls_at_Lunch_Period]]></link>
<small_image_url><![CDATA[https://s.gr-assets.com/assets/nophoto/book/50x75-a91bf249278a81aabab721ef782c4a74.png]]></small_image_url>
<image_url><![CDATA[https://s.gr-assets.com/assets/nophoto/book/111x148-bcc042a9c91a29c1d680899eff700a03.png]]></image_url>
<num_pages></num_pages>
<work>
<id>785113</id>
</work>
<isbn>0152057536</isbn>
<isbn13>9780152057534</isbn13>
<average_rating>3.51</average_rating>
<ratings_count>2378</ratings_count>
<publication_year></publication_year>
<publication_month></publication_month>
<publication_day></publication_day>
<authors>
<author>
<id>35634</id>
<name>Gennifer Choldenko</name>
<link><![CDATA[https://www.goodreads.com/author/show/35634.Gennifer_Choldenko]]></link>
</author>
</authors>
</book>

          <book>
<id>1339116</id>
<title>Night of the Howling Dogs</title>
<title_without_series>Night of the Howling Dogs</title_without_series>
<link><![CDATA[https://www.goodreads.com/book/show/1339116.Night_of_the_Howling_Dogs]]></link>
<small_image_url><![CDATA[https://images.gr-assets.com/books/1320494986s/1339116.jpg]]></small_image_url>
<image_url><![CDATA[https://images.gr-assets.com/books/1320494986m/1339116.jpg]]></image_url>
<num_pages>208</num_pages>
<work>
<id>1328687</id>
</work>
<isbn>0385731221</isbn>
<isbn13>9780385731225</isbn13>
<average_rating>3.75</average_rating>
<ratings_count>1141</ratings_count>
<publication_year>2007</publication_year>
<publication_month>8</publication_month>
<publication_day>14</publication_day>
<authors>
<author>
<id>149733</id>
<name>Graham Salisbury</name>
<link><![CDATA[https://www.goodreads.com/author/show/149733.Graham_Salisbury]]></link>
</author>
</authors>
</book>

          <book>
<id>554165</id>
<title><![CDATA[Alabama Moon (Albama Moon, #1)]]></title>
<title_without_series>Alabama Moon</title_without_series>
<link><![CDATA[https://www.goodreads.com/book/show/554165.Alabama_Moon]]></link>
<small_image_url><![CDATA[https://images.gr-assets.com/books/1316728474s/554165.jpg]]></small_image_url>
<image_url><![CDATA[https://images.gr-assets.com/books/1316728474m/554165.jpg]]></image_url>
<num_pages></num_pages>
<work>
<id>541392</id>
</work>
<isbn>0374301840</isbn>
<isbn13>9780374301842</isbn13>
<average_rating>4.03</average_rating>
<ratings_count>3408</ratings_count>
<publication_year></publication_year>
<publication_month></publication_month>
<publication_day></publication_day>
<authors>
<author>
<id>304325</id>
<name>Watt Key</name>
<link><![CDATA[https://www.goodreads.com/author/show/304325.Watt_Key]]></link>
</author>
</authors>
</book>

          <book>
<id>18222727</id>
<title><![CDATA[The Year of the Fortune Cookie (Anna Wang #3)]]></title>
<title_without_series><![CDATA[The Year of the Fortune Cookie]]></title_without_series>
<link><![CDATA[https://www.goodreads.com/book/show/18222727-the-year-of-the-fortune-cookie]]></link>
<small_image_url><![CDATA[https://images.gr-assets.com/books/1380034507s/18222727.jpg]]></small_image_url>
<image_url><![CDATA[https://images.gr-assets.com/books/1380034507m/18222727.jpg]]></image_url>
<num_pages>176</num_pages>
<work>
<id>25656392</id>
</work>
<isbn>0544105192</isbn>
<isbn13>9780544105195</isbn13>
<average_rating>4.22</average_rating>
<ratings_count>200</ratings_count>
<publication_year>2014</publication_year>
<publication_month>5</publication_month>
<publication_day>6</publication_day>
<authors>
<author>
<id>197573</id>
<name>Andrea Cheng</name>
<link><![CDATA[https://www.goodreads.com/author/show/197573.Andrea_Cheng]]></link>
</author>
</authors>
</book>

          <book>
<id>1128364</id>
<title>Shooting the Moon</title>
<title_without_series>Shooting the Moon</title_without_series>
<link><![CDATA[https://www.goodreads.com/book/show/1128364.Shooting_the_Moon]]></link>
<small_image_url><![CDATA[https://s.gr-assets.com/assets/nophoto/book/50x75-a91bf249278a81aabab721ef782c4a74.png]]></small_image_url>
<image_url><![CDATA[https://s.gr-assets.com/assets/nophoto/book/111x148-bcc042a9c91a29c1d680899eff700a03.png]]></image_url>
<num_pages>176</num_pages>
<work>
<id>1115542</id>
</work>
<isbn>1416926909</isbn>
<isbn13>9781416926900</isbn13>
<average_rating>3.75</average_rating>
<ratings_count>3197</ratings_count>
<publication_year>2008</publication_year>
<publication_month>1</publication_month>
<publication_day>29</publication_day>
<authors>
<author>
<id>79632</id>
<name>Frances O&apos;Roark Dowell</name>
<link><![CDATA[https://www.goodreads.com/author/show/79632.Frances_O_Roark_Dowell]]></link>
</author>
</authors>
</book>

          <book>
<id>2210839</id>
<title>Waiting for Normal</title>
<title_without_series>Waiting for Normal</title_without_series>
<link><![CDATA[https://www.goodreads.com/book/show/2210839.Waiting_for_Normal]]></link>
<small_image_url><![CDATA[https://s.gr-assets.com/assets/nophoto/book/50x75-a91bf249278a81aabab721ef782c4a74.png]]></small_image_url>
<image_url><![CDATA[https://s.gr-assets.com/assets/nophoto/book/111x148-bcc042a9c91a29c1d680899eff700a03.png]]></image_url>
<num_pages>290</num_pages>
<work>
<id>2216625</id>
</work>
<isbn>0060890886</isbn>
<isbn13>9780060890889</isbn13>
<average_rating>4.02</average_rating>
<ratings_count>9983</ratings_count>
<publication_year>2008</publication_year>
<publication_month>2</publication_month>
<publication_day>5</publication_day>
<authors>
<author>
<id>463173</id>
<name>Leslie Connor</name>
<link><![CDATA[https://www.goodreads.com/author/show/463173.Leslie_Connor]]></link>
</author>
</authors>
</book>

          <book>
<id>2884170</id>
<title>Diamond Willow</title>
<title_without_series>Diamond Willow</title_without_series>
<link><![CDATA[https://www.goodreads.com/book/show/2884170-diamond-willow]]></link>
<small_image_url><![CDATA[https://images.gr-assets.com/books/1317064870s/2884170.jpg]]></small_image_url>
<image_url><![CDATA[https://images.gr-assets.com/books/1317064870m/2884170.jpg]]></image_url>
<num_pages>128</num_pages>
<work>
<id>2910398</id>
</work>
<isbn>0374317763</isbn>
<isbn13>9780374317768</isbn13>
<average_rating>3.96</average_rating>
<ratings_count>2480</ratings_count>
<publication_year>2008</publication_year>
<publication_month>4</publication_month>
<publication_day>1</publication_day>
<authors>
<author>
<id>49193</id>
<name>Helen Frost</name>
<link><![CDATA[https://www.goodreads.com/author/show/49193.Helen_Frost]]></link>
</author>
</authors>
</book>

          <book>
<id>1453205</id>
<title>Airball: My Life in Briefs</title>
<title_without_series>Airball: My Life in Briefs</title_without_series>
<link><![CDATA[https://www.goodreads.com/book/show/1453205.Airball]]></link>
<small_image_url><![CDATA[https://images.gr-assets.com/books/1316636150s/1453205.jpg]]></small_image_url>
<image_url><![CDATA[https://images.gr-assets.com/books/1316636150m/1453205.jpg]]></image_url>
<num_pages></num_pages>
<work>
<id>1443957</id>
</work>
<isbn>1596430605</isbn>
<isbn13>9781596430600</isbn13>
<average_rating>3.77</average_rating>
<ratings_count>247</ratings_count>
<publication_year></publication_year>
<publication_month></publication_month>
<publication_day></publication_day>
<authors>
<author>
<id>682240</id>
<name>L.D. Harkrader</name>
<link><![CDATA[https://www.goodreads.com/author/show/682240.L_D_Harkrader]]></link>
</author>
</authors>
</book>

          <book>
<id>444668</id>
<title>Stanford Wong Flunks Big-time</title>
<title_without_series>Stanford Wong Flunks Big-time</title_without_series>
<link><![CDATA[https://www.goodreads.com/book/show/444668.Stanford_Wong_Flunks_Big_time]]></link>
<small_image_url><![CDATA[https://images.gr-assets.com/books/1328867979s/444668.jpg]]></small_image_url>
<image_url><![CDATA[https://images.gr-assets.com/books/1328867979m/444668.jpg]]></image_url>
<num_pages>320</num_pages>
<work>
<id>2367795</id>
</work>
<isbn>0439622484</isbn>
<isbn13>9780439622486</isbn13>
<average_rating>3.85</average_rating>
<ratings_count>1497</ratings_count>
<publication_year>2007</publication_year>
<publication_month>4</publication_month>
<publication_day>1</publication_day>
<authors>
<author>
<id>135047</id>
<name>Lisa Yee</name>
<link><![CDATA[https://www.goodreads.com/author/show/135047.Lisa_Yee]]></link>
</author>
</authors>
</book>

          <book>
<id>1888018</id>
<title><![CDATA[Iron Thunder: The Battle Between the Monitor & the Merrimac]]></title>
<title_without_series><![CDATA[Iron Thunder: The Battle Between the Monitor & the Merrimac]]></title_without_series>
<link><![CDATA[https://www.goodreads.com/book/show/1888018.Iron_Thunder]]></link>
<small_image_url><![CDATA[https://images.gr-assets.com/books/1360570330s/1888018.jpg]]></small_image_url>
<image_url><![CDATA[https://images.gr-assets.com/books/1360570330m/1888018.jpg]]></image_url>
<num_pages>203</num_pages>
<work>
<id>1889285</id>
</work>
<isbn>1423104463</isbn>
<isbn13>9781423104469</isbn13>
<average_rating>3.77</average_rating>
<ratings_count>1256</ratings_count>
<publication_year>2007</publication_year>
<publication_month>9</publication_month>
<publication_day>18</publication_day>
<authors>
<author>
<id>10105</id>
<name>Avi</name>
<link><![CDATA[https://www.goodreads.com/author/show/10105.Avi]]></link>
</author>
</authors>
</book>

          <book>
<id>2281392</id>
<title>Smiles to Go</title>
<title_without_series>Smiles to Go</title_without_series>
<link><![CDATA[https://www.goodreads.com/book/show/2281392.Smiles_to_Go]]></link>
<small_image_url><![CDATA[https://s.gr-assets.com/assets/nophoto/book/50x75-a91bf249278a81aabab721ef782c4a74.png]]></small_image_url>
<image_url><![CDATA[https://s.gr-assets.com/assets/nophoto/book/111x148-bcc042a9c91a29c1d680899eff700a03.png]]></image_url>
<num_pages></num_pages>
<work>
<id>2287545</id>
</work>
<isbn>0060281340</isbn>
<isbn13>9780060281342</isbn13>
<average_rating>3.75</average_rating>
<ratings_count>4313</ratings_count>
<publication_year></publication_year>
<publication_month></publication_month>
<publication_day></publication_day>
<authors>
<author>
<id>12696</id>
<name>Jerry Spinelli</name>
<link><![CDATA[https://www.goodreads.com/author/show/12696.Jerry_Spinelli]]></link>
</author>
</authors>
</book>

          <book>
<id>558201</id>
<title>Here Today</title>
<title_without_series>Here Today</title_without_series>
<link><![CDATA[https://www.goodreads.com/book/show/558201.Here_Today]]></link>
<small_image_url><![CDATA[https://s.gr-assets.com/assets/nophoto/book/50x75-a91bf249278a81aabab721ef782c4a74.png]]></small_image_url>
<image_url><![CDATA[https://s.gr-assets.com/assets/nophoto/book/111x148-bcc042a9c91a29c1d680899eff700a03.png]]></image_url>
<num_pages>336</num_pages>
<work>
<id>545379</id>
</work>
<isbn>0439856256</isbn>
<isbn13>9780439856256</isbn13>
<average_rating>3.81</average_rating>
<ratings_count>1226</ratings_count>
<publication_year>2006</publication_year>
<publication_month>5</publication_month>
<publication_day>1</publication_day>
<authors>
<author>
<id>21616</id>
<name>Ann M. Martin</name>
<link><![CDATA[https://www.goodreads.com/author/show/21616.Ann_M_Martin]]></link>
</author>
</authors>
</book>

          <book>
<id>199699</id>
<title><![CDATA[The Schwa Was Here (Antsy Bonano, #1)]]></title>
<title_without_series>The Schwa Was Here</title_without_series>
<link><![CDATA[https://www.goodreads.com/book/show/199699.The_Schwa_Was_Here]]></link>
<small_image_url><![CDATA[https://s.gr-assets.com/assets/nophoto/book/50x75-a91bf249278a81aabab721ef782c4a74.png]]></small_image_url>
<image_url><![CDATA[https://s.gr-assets.com/assets/nophoto/book/111x148-bcc042a9c91a29c1d680899eff700a03.png]]></image_url>
<num_pages>240</num_pages>
<work>
<id>3007310</id>
</work>
<isbn>0142405779</isbn>
<isbn13>9780142405772</isbn13>
<average_rating>3.92</average_rating>
<ratings_count>7960</ratings_count>
<publication_year>2006</publication_year>
<publication_month>3</publication_month>
<publication_day>2</publication_day>
<authors>
<author>
<id>19564</id>
<name>Neal Shusterman</name>
<link><![CDATA[https://www.goodreads.com/author/show/19564.Neal_Shusterman]]></link>
</author>
</authors>
</book>

          <book>
<id>198135</id>
<title>Adam Canfield of the Slash</title>
<title_without_series>Adam Canfield of the Slash</title_without_series>
<link><![CDATA[https://www.goodreads.com/book/show/198135.Adam_Canfield_of_the_Slash]]></link>
<small_image_url><![CDATA[https://s.gr-assets.com/assets/nophoto/book/50x75-a91bf249278a81aabab721ef782c4a74.png]]></small_image_url>
<image_url><![CDATA[https://s.gr-assets.com/assets/nophoto/book/111x148-bcc042a9c91a29c1d680899eff700a03.png]]></image_url>
<num_pages>336</num_pages>
<work>
<id>1522790</id>
</work>
<isbn>0763627941</isbn>
<isbn13>9780763627942</isbn13>
<average_rating>3.60</average_rating>
<ratings_count>669</ratings_count>
<publication_year>2007</publication_year>
<publication_month>4</publication_month>
<publication_day>10</publication_day>
<authors>
<author>
<id>115458</id>
<name>Michael Winerip</name>
<link><![CDATA[https://www.goodreads.com/author/show/115458.Michael_Winerip]]></link>
</author>
</authors>
</book>

  </similar_books>
</book>

</GoodreadsResponse>