<?xml version="1.0" encoding="UTF-8"?>
<GoodreadsResponse>
  <Request>
    <authentication>true</authentication>
      <key><![CDATA[all_men_must_serve]]></key>
    <method><![CDATA[book_show]]></method>
  </Request>
  <book>
  <id>102733</id>
  <title><![CDATA[One Past Midnight: The Langoliers]]></title>
  <isbn><![CDATA[0453007449]]></isbn>
  <isbn13><![CDATA[9780453007443]]></isbn13>
  <asin><![CDATA[]]></asin>
  <kindle_asin><![CDATA[]]></kindle_asin>
  <marketplace_id><![CDATA[]]></marketplace_id>
  <country_code><![CDATA[GB]]></country_code>
  <image_url>https://images.gr-assets.com/books/1429051428m/102733.jpg</image_url>
  <small_image_url>https://images.gr-assets.com/books/1429051428s/102733.jpg</small_image_url>
  <publication_year>1990</publication_year>
  <publication_month>2</publication_month>
  <publication_day>1</publication_day>
  <publisher>Penguin/HighBridge Audio</publisher>
  <language_code>eng</language_code>
  <is_ebook>false</is_ebook>
  <description></description>
  <work>
  <id type="integer">1733092</id>
  <books_count type="integer">82</books_count>
  <best_book_id type="integer">102733</best_book_id>
  <reviews_count type="integer">36046</reviews_count>
  <ratings_sum type="integer">100993</ratings_sum>
  <ratings_count type="integer">26462</ratings_count>
  <text_reviews_count type="integer">360</text_reviews_count>
  <original_publication_year type="integer">1989</original_publication_year>
  <original_publication_month type="integer">1</original_publication_month>
  <original_publication_day type="integer" nil="true"/>
  <original_title>Four Past Midnight</original_title>
  <original_language_id type="integer" nil="true"/>
  <media_type>book</media_type>
  <rating_dist>5:7550|4:9163|3:7509|2:1824|1:416|total:26462</rating_dist>
  <desc_user_id type="integer" nil="true"/>
  <default_chaptering_book_id type="integer" nil="true"/>
  <default_description_language_code nil="true"/>
</work>
  <average_rating>3.82</average_rating>
  <num_pages><![CDATA[9]]></num_pages>
  <format><![CDATA[Audio Cassette]]></format>
  <edition_information><![CDATA[Unabridged]]></edition_information>
  <ratings_count><![CDATA[22353]]></ratings_count>
  <text_reviews_count><![CDATA[211]]></text_reviews_count>
  <url><![CDATA[https://www.goodreads.com/book/show/102733.One_Past_Midnight]]></url>
  <link><![CDATA[https://www.goodreads.com/book/show/102733.One_Past_Midnight]]></link>
  <authors>
<author>
<id>3389</id>
<name>Stephen King</name>
<role></role>
<image_url nophoto='false'>
<![CDATA[https://images.gr-assets.com/authors/1362814142p5/3389.jpg]]>
</image_url>
<small_image_url nophoto='false'>
<![CDATA[https://images.gr-assets.com/authors/1362814142p2/3389.jpg]]>
</small_image_url>
<link><![CDATA[https://www.goodreads.com/author/show/3389.Stephen_King]]></link>
<average_rating>4.01</average_rating>
<ratings_count>10357478</ratings_count>
<text_reviews_count>349189</text_reviews_count>
</author>
<author>
<id>2124102</id>
<name>Willem Dafoe</name>
<role>Narrator</role>
<image_url nophoto='true'>
<![CDATA[https://s.gr-assets.com/assets/nophoto/user/u_200x266-e183445fd1a1b5cc7075bb1cf7043306.png]]>
</image_url>
<small_image_url nophoto='true'>
<![CDATA[https://s.gr-assets.com/assets/nophoto/user/u_50x66-632230dc9882b4352d753eedf9396530.png]]>
</small_image_url>
<link><![CDATA[https://www.goodreads.com/author/show/2124102.Willem_Dafoe]]></link>
<average_rating>3.82</average_rating>
<ratings_count>23224</ratings_count>
<text_reviews_count>238</text_reviews_count>
</author>
</authors>

    <reviews_widget>
      <![CDATA[
        <style>
  #goodreads-widget {
    font-family: georgia, serif;
    padding: 18px 0;
    width:565px;
  }
  #goodreads-widget h1 {
    font-weight:normal;
    font-size: 16px;
    border-bottom: 1px solid #BBB596;
    margin-bottom: 0;
  }
  #goodreads-widget a {
    text-decoration: none;
    color:#660;
  }
  iframe{
    background-color: #fff;
  }
  #goodreads-widget a:hover { text-decoration: underline; }
  #goodreads-widget a:active {
    color:#660;
  }
  #gr_footer {
    width: 100%;
    border-top: 1px solid #BBB596;
    text-align: right;
  }
  #goodreads-widget .gr_branding{
    color: #382110;
    font-size: 11px;
    text-decoration: none;
    font-family: "Helvetica Neue", Helvetica, Arial, sans-serif;
  }
</style>
<div id="goodreads-widget">
  <div id="gr_header"><h1><a rel="nofollow" href="https://www.goodreads.com/book/show/102733.One_Past_Midnight">One Past Midnight Reviews</a></h1></div>
  <iframe id="the_iframe" src="https://www.goodreads.com/api/reviews_widget_iframe?did=DEVELOPER_ID&amp;format=html&amp;isbn=0453007449&amp;links=660&amp;min_rating=&amp;review_back=fff&amp;stars=000&amp;text=000" width="565" height="400" frameborder="0"></iframe>
  <div id="gr_footer">
    <a class="gr_branding" target="_blank" rel="nofollow" href="https://www.goodreads.com/book/show/102733.One_Past_Midnight?utm_medium=api&amp;utm_source=reviews_widget">Reviews from Goodreads.com</a>
  </div>
</div>

      ]]>
    </reviews_widget>
  <popular_shelves>
      <shelf name="to-read" count="4756"/>
      <shelf name="horror" count="491"/>
      <shelf name="stephen-king" count="430"/>
      <shelf name="fiction" count="143"/>
      <shelf name="currently-reading" count="84"/>
      <shelf name="king" count="59"/>
      <shelf name="favorites" count="58"/>
      <shelf name="thriller" count="52"/>
      <shelf name="science-fiction" count="44"/>
      <shelf name="sci-fi" count="41"/>
      <shelf name="short-stories" count="39"/>
      <shelf name="fantasy" count="38"/>
      <shelf name="default" count="38"/>
      <shelf name="owned" count="23"/>
      <shelf name="books-i-own" count="20"/>
      <shelf name="mystery" count="20"/>
      <shelf name="paranormal" count="19"/>
      <shelf name="audiobooks" count="18"/>
      <shelf name="king-stephen" count="15"/>
      <shelf name="horror-thriller" count="15"/>
      <shelf name="audiobook" count="15"/>
      <shelf name="owned-books" count="14"/>
      <shelf name="supernatural" count="12"/>
      <shelf name="steven-king" count="11"/>
      <shelf name="time-travel" count="10"/>
      <shelf name="suspense" count="10"/>
      <shelf name="the-king" count="10"/>
      <shelf name="american" count="10"/>
      <shelf name="ebook" count="9"/>
      <shelf name="terror" count="9"/>
      <shelf name="thriller-horror" count="9"/>
      <shelf name="mystery-thriller" count="8"/>
      <shelf name="adult" count="8"/>
      <shelf name="audio" count="8"/>
      <shelf name="audio-book" count="8"/>
      <shelf name="sci-fi-fantasy" count="8"/>
      <shelf name="s-king" count="7"/>
      <shelf name="books" count="7"/>
      <shelf name="to-buy" count="7"/>
      <shelf name="stephen-king-read" count="7"/>
      <shelf name="scifi" count="7"/>
      <shelf name="library" count="7"/>
      <shelf name="usa" count="6"/>
      <shelf name="my-library" count="6"/>
      <shelf name="my-books" count="6"/>
      <shelf name="favourites" count="6"/>
      <shelf name="novels" count="6"/>
      <shelf name="lost-book-club" count="6"/>
      <shelf name="contemporary" count="6"/>
      <shelf name="horreur" count="5"/>
      <shelf name="audio-books" count="5"/>
      <shelf name="biblioteca" count="5"/>
      <shelf name="ebooks" count="5"/>
      <shelf name="read-2015" count="5"/>
      <shelf name="read-in-2014" count="5"/>
      <shelf name="stephen-king-books" count="5"/>
      <shelf name="short-story" count="5"/>
      <shelf name="sk" count="5"/>
      <shelf name="drama" count="5"/>
      <shelf name="horror-suspense" count="5"/>
      <shelf name="stephenking" count="5"/>
      <shelf name="finished" count="4"/>
      <shelf name="scary" count="4"/>
      <shelf name="read-in-russian" count="4"/>
      <shelf name="movie" count="4"/>
      <shelf name="lost-books" count="4"/>
      <shelf name="horror-mystery" count="4"/>
      <shelf name="fantasy-horror" count="4"/>
      <shelf name="bookshelf" count="4"/>
      <shelf name="home-library" count="4"/>
      <shelf name="series" count="4"/>
      <shelf name="read-in-german" count="4"/>
      <shelf name="own-it" count="4"/>
      <shelf name="1990s" count="4"/>
      <shelf name="already-read" count="4"/>
      <shelf name="horror-fiction" count="4"/>
      <shelf name="listened-to" count="4"/>
      <shelf name="adventure" count="4"/>
      <shelf name="my-favorites" count="4"/>
      <shelf name="novella" count="4"/>
      <shelf name="fantastique" count="3"/>
      <shelf name="bibliothèque" count="3"/>
      <shelf name="genre-horror" count="3"/>
      <shelf name="german" count="3"/>
      <shelf name="fantasy-sci-fi" count="3"/>
      <shelf name="paper" count="3"/>
      <shelf name="read-long-ago" count="3"/>
      <shelf name="unread" count="3"/>
      <shelf name="american-lit" count="3"/>
      <shelf name="roman" count="3"/>
      <shelf name="3-stars" count="3"/>
      <shelf name="e-books" count="3"/>
      <shelf name="horror-supernatural" count="3"/>
      <shelf name="sub" count="3"/>
      <shelf name="5-star-books" count="3"/>
      <shelf name="horror-fantasy" count="3"/>
      <shelf name="read-in-2013" count="3"/>
      <shelf name="american-literature" count="3"/>
      <shelf name="own-read" count="3"/>
      <shelf name="mr-king" count="3"/>
  </popular_shelves>
  <book_links>
    <book_link>
  <id>8</id>
  <name>Libraries</name>
  <link>https://www.goodreads.com/book_link/follow/8</link>
</book_link>

  </book_links>
  <buy_links>
    <buy_link>
<id>1</id>
<name>Amazon</name>
<link>https://www.goodreads.com/book_link/follow/1</link>
</buy_link>
<buy_link>
<id>10</id>
<name>Audible</name>
<link>https://www.goodreads.com/book_link/follow/10</link>
</buy_link>
<buy_link>
<id>3</id>
<name>Barnes &amp; Noble</name>
<link>https://www.goodreads.com/book_link/follow/3</link>
</buy_link>
<buy_link>
<id>1027</id>
<name>Kobo</name>
<link>https://www.goodreads.com/book_link/follow/1027</link>
</buy_link>
<buy_link>
<id>2102</id>
<name>Apple iBooks</name>
<link>https://www.goodreads.com/book_link/follow/2102</link>
</buy_link>
<buy_link>
<id>8036</id>
<name>Google Play</name>
<link>https://www.goodreads.com/book_link/follow/8036</link>
</buy_link>
<buy_link>
<id>4</id>
<name>Abebooks</name>
<link>https://www.goodreads.com/book_link/follow/4</link>
</buy_link>
<buy_link>
<id>882</id>
<name>Book Depository</name>
<link>https://www.goodreads.com/book_link/follow/882</link>
</buy_link>
<buy_link>
<id>9</id>
<name>Indigo</name>
<link>https://www.goodreads.com/book_link/follow/9</link>
</buy_link>
<buy_link>
<id>2</id>
<name>Half.com</name>
<link>https://www.goodreads.com/book_link/follow/2</link>
</buy_link>
<buy_link>
<id>5</id>
<name>Alibris</name>
<link>https://www.goodreads.com/book_link/follow/5</link>
</buy_link>
<buy_link>
<id>107</id>
<name>Better World Books</name>
<link>https://www.goodreads.com/book_link/follow/107</link>
</buy_link>
<buy_link>
<id>7</id>
<name>IndieBound</name>
<link>https://www.goodreads.com/book_link/follow/7</link>
</buy_link>

  </buy_links>
  <series_works>
    
  </series_works>
  <similar_books>
          <book>
<id>66370</id>
<title>Rage</title>
<title_without_series>Rage</title_without_series>
<link><![CDATA[https://www.goodreads.com/book/show/66370.Rage]]></link>
<small_image_url><![CDATA[https://images.gr-assets.com/books/1299003176s/66370.jpg]]></small_image_url>
<image_url><![CDATA[https://images.gr-assets.com/books/1299003176m/66370.jpg]]></image_url>
<num_pages>131</num_pages>
<work>
<id>1657128</id>
</work>
<isbn>0451076451</isbn>
<isbn13>9780451076458</isbn13>
<average_rating>3.80</average_rating>
<ratings_count>23266</ratings_count>
<publication_year>1977</publication_year>
<publication_month>9</publication_month>
<publication_day>6</publication_day>
<authors>
<author>
<id>5858</id>
<name>Richard Bachman</name>
<link><![CDATA[https://www.goodreads.com/author/show/5858.Richard_Bachman]]></link>
</author>
</authors>
</book>

          <book>
<id>11532</id>
<title>Night Visions 5</title>
<title_without_series>Night Visions 5</title_without_series>
<link><![CDATA[https://www.goodreads.com/book/show/11532.Night_Visions_5]]></link>
<small_image_url><![CDATA[https://images.gr-assets.com/books/1289330105s/11532.jpg]]></small_image_url>
<image_url><![CDATA[https://images.gr-assets.com/books/1289330105m/11532.jpg]]></image_url>
<num_pages>274</num_pages>
<work>
<id>88730</id>
</work>
<isbn>0913165328</isbn>
<isbn13>9780913165324</isbn13>
<average_rating>3.90</average_rating>
<ratings_count>1362</ratings_count>
<publication_year>1988</publication_year>
<publication_month>5</publication_month>
<publication_day></publication_day>
<authors>
<author>
<id>18351</id>
<name>Douglas E. Winter</name>
<link><![CDATA[https://www.goodreads.com/author/show/18351.Douglas_E_Winter]]></link>
</author>
</authors>
</book>

          <book>
<id>15847614</id>
<title>Haunting Obsession</title>
<title_without_series>Haunting Obsession</title_without_series>
<link><![CDATA[https://www.goodreads.com/book/show/15847614-haunting-obsession]]></link>
<small_image_url><![CDATA[https://images.gr-assets.com/books/1345889840s/15847614.jpg]]></small_image_url>
<image_url><![CDATA[https://images.gr-assets.com/books/1345889840m/15847614.jpg]]></image_url>
<num_pages>114</num_pages>
<work>
<id>21592597</id>
</work>
<isbn></isbn>
<isbn13></isbn13>
<average_rating>3.62</average_rating>
<ratings_count>99</ratings_count>
<publication_year>2012</publication_year>
<publication_month>8</publication_month>
<publication_day>14</publication_day>
<authors>
<author>
<id>5199299</id>
<name>R.J. Sullivan</name>
<link><![CDATA[https://www.goodreads.com/author/show/5199299.R_J_Sullivan]]></link>
</author>
</authors>
</book>

          <book>
<id>11580</id>
<title>Creepshow</title>
<title_without_series>Creepshow</title_without_series>
<link><![CDATA[https://www.goodreads.com/book/show/11580.Creepshow]]></link>
<small_image_url><![CDATA[https://images.gr-assets.com/books/1332002598s/11580.jpg]]></small_image_url>
<image_url><![CDATA[https://images.gr-assets.com/books/1332002598m/11580.jpg]]></image_url>
<num_pages>66</num_pages>
<work>
<id>14011</id>
</work>
<isbn>0452253802</isbn>
<isbn13>9780452253803</isbn13>
<average_rating>4.06</average_rating>
<ratings_count>28469</ratings_count>
<publication_year>1982</publication_year>
<publication_month>8</publication_month>
<publication_day>1</publication_day>
<authors>
<author>
<id>3389</id>
<name>Stephen King</name>
<link><![CDATA[https://www.goodreads.com/author/show/3389.Stephen_King]]></link>
</author>
</authors>
</book>

          <book>
<id>155426</id>
<title><![CDATA[Fear Itself: The Horror Fiction of Stephen King]]></title>
<title_without_series><![CDATA[Fear Itself: The Horror Fiction of Stephen King]]></title_without_series>
<link><![CDATA[https://www.goodreads.com/book/show/155426.Fear_Itself]]></link>
<small_image_url><![CDATA[https://images.gr-assets.com/books/1271856470s/155426.jpg]]></small_image_url>
<image_url><![CDATA[https://images.gr-assets.com/books/1271856470m/155426.jpg]]></image_url>
<num_pages>255</num_pages>
<work>
<id>150028</id>
</work>
<isbn>0934438595</isbn>
<isbn13>9780934438599</isbn13>
<average_rating>3.79</average_rating>
<ratings_count>196</ratings_count>
<publication_year>1982</publication_year>
<publication_month>12</publication_month>
<publication_day>1</publication_day>
<authors>
<author>
<id>18348</id>
<name>Chuck Miller</name>
<link><![CDATA[https://www.goodreads.com/author/show/18348.Chuck_Miller]]></link>
</author>
</authors>
</book>

          <book>
<id>43613</id>
<title><![CDATA[Stephen King's The Dark Tower: The Complete Concordance]]></title>
<title_without_series><![CDATA[Stephen King's The Dark Tower: The Complete Concordance]]></title_without_series>
<link><![CDATA[https://www.goodreads.com/book/show/43613.Stephen_King_s_The_Dark_Tower]]></link>
<small_image_url><![CDATA[https://s.gr-assets.com/assets/nophoto/book/50x75-a91bf249278a81aabab721ef782c4a74.png]]></small_image_url>
<image_url><![CDATA[https://s.gr-assets.com/assets/nophoto/book/111x148-bcc042a9c91a29c1d680899eff700a03.png]]></image_url>
<num_pages>609</num_pages>
<work>
<id>43037</id>
</work>
<isbn>0743297342</isbn>
<isbn13>9780743297349</isbn13>
<average_rating>4.32</average_rating>
<ratings_count>7686</ratings_count>
<publication_year>2006</publication_year>
<publication_month>12</publication_month>
<publication_day>5</publication_day>
<authors>
<author>
<id>3470</id>
<name>Robin Furth</name>
<link><![CDATA[https://www.goodreads.com/author/show/3470.Robin_Furth]]></link>
</author>
</authors>
</book>

          <book>
<id>1678929</id>
<title>The Stone Leopard</title>
<title_without_series>The Stone Leopard</title_without_series>
<link><![CDATA[https://www.goodreads.com/book/show/1678929.The_Stone_Leopard]]></link>
<small_image_url><![CDATA[https://images.gr-assets.com/books/1356138927s/1678929.jpg]]></small_image_url>
<image_url><![CDATA[https://images.gr-assets.com/books/1356138927m/1678929.jpg]]></image_url>
<num_pages></num_pages>
<work>
<id>1674384</id>
</work>
<isbn>0330248170</isbn>
<isbn13>9780330248174</isbn13>
<average_rating>3.62</average_rating>
<ratings_count>401</ratings_count>
<publication_year>1976</publication_year>
<publication_month>12</publication_month>
<publication_day>1</publication_day>
<authors>
<author>
<id>243122</id>
<name>Colin Forbes</name>
<link><![CDATA[https://www.goodreads.com/author/show/243122.Colin_Forbes]]></link>
</author>
</authors>
</book>

          <book>
<id>693172</id>
<title>Twilight Eyes</title>
<title_without_series>Twilight Eyes</title_without_series>
<link><![CDATA[https://www.goodreads.com/book/show/693172.Twilight_Eyes]]></link>
<small_image_url><![CDATA[https://s.gr-assets.com/assets/nophoto/book/50x75-a91bf249278a81aabab721ef782c4a74.png]]></small_image_url>
<image_url><![CDATA[https://s.gr-assets.com/assets/nophoto/book/111x148-bcc042a9c91a29c1d680899eff700a03.png]]></image_url>
<num_pages></num_pages>
<work>
<id>442715</id>
</work>
<isbn>0425100650</isbn>
<isbn13>9780425100653</isbn13>
<average_rating>3.86</average_rating>
<ratings_count>21405</ratings_count>
<publication_year></publication_year>
<publication_month></publication_month>
<publication_day></publication_day>
<authors>
<author>
<id>9355</id>
<name>Dean Koontz</name>
<link><![CDATA[https://www.goodreads.com/author/show/9355.Dean_Koontz]]></link>
</author>
</authors>
</book>

          <book>
<id>882029</id>
<title><![CDATA[The Twilight Zone: The Original Stories]]></title>
<title_without_series><![CDATA[The Twilight Zone: The Original Stories]]></title_without_series>
<link><![CDATA[https://www.goodreads.com/book/show/882029.The_Twilight_Zone]]></link>
<small_image_url><![CDATA[https://images.gr-assets.com/books/1328135587s/882029.jpg]]></small_image_url>
<image_url><![CDATA[https://images.gr-assets.com/books/1328135587m/882029.jpg]]></image_url>
<num_pages>550</num_pages>
<work>
<id>867314</id>
</work>
<isbn>038089601X</isbn>
<isbn13>9780380896011</isbn13>
<average_rating>4.27</average_rating>
<ratings_count>616</ratings_count>
<publication_year>1985</publication_year>
<publication_month>6</publication_month>
<publication_day>1</publication_day>
<authors>
<author>
<id>8726</id>
<name>Richard Matheson</name>
<link><![CDATA[https://www.goodreads.com/author/show/8726.Richard_Matheson]]></link>
</author>
</authors>
</book>

          <book>
<id>1538917</id>
<title>The Stephen King Companion</title>
<title_without_series>The Stephen King Companion</title_without_series>
<link><![CDATA[https://www.goodreads.com/book/show/1538917.The_Stephen_King_Companion]]></link>
<small_image_url><![CDATA[https://images.gr-assets.com/books/1386100259s/1538917.jpg]]></small_image_url>
<image_url><![CDATA[https://images.gr-assets.com/books/1386100259m/1538917.jpg]]></image_url>
<num_pages>360</num_pages>
<work>
<id>1531072</id>
</work>
<isbn>0836279786</isbn>
<isbn13>9780836279788</isbn13>
<average_rating>4.01</average_rating>
<ratings_count>3915</ratings_count>
<publication_year>1989</publication_year>
<publication_month>10</publication_month>
<publication_day></publication_day>
<authors>
<author>
<id>9827</id>
<name>George Beahm</name>
<link><![CDATA[https://www.goodreads.com/author/show/9827.George_Beahm]]></link>
</author>
</authors>
</book>

          <book>
<id>103031</id>
<title><![CDATA[Books of Blood: Volumes 1-6 (Books of Blood #1-6)]]></title>
<title_without_series>Books of Blood: Volumes 1-6</title_without_series>
<link><![CDATA[https://www.goodreads.com/book/show/103031.Books_of_Blood]]></link>
<small_image_url><![CDATA[https://images.gr-assets.com/books/1456207546s/103031.jpg]]></small_image_url>
<image_url><![CDATA[https://images.gr-assets.com/books/1456207546m/103031.jpg]]></image_url>
<num_pages>818</num_pages>
<work>
<id>6580168</id>
</work>
<isbn>1588810402</isbn>
<isbn13>9781588810403</isbn13>
<average_rating>4.30</average_rating>
<ratings_count>402</ratings_count>
<publication_year>2002</publication_year>
<publication_month>12</publication_month>
<publication_day>1</publication_day>
<authors>
<author>
<id>10366</id>
<name>Clive Barker</name>
<link><![CDATA[https://www.goodreads.com/author/show/10366.Clive_Barker]]></link>
</author>
</authors>
</book>

          <book>
<id>2793976</id>
<title><![CDATA[Japan Sinks: A Novel about Earthquakes]]></title>
<title_without_series><![CDATA[Japan Sinks: A Novel about Earthquakes]]></title_without_series>
<link><![CDATA[https://www.goodreads.com/book/show/2793976-japan-sinks]]></link>
<small_image_url><![CDATA[https://s.gr-assets.com/assets/nophoto/book/50x75-a91bf249278a81aabab721ef782c4a74.png]]></small_image_url>
<image_url><![CDATA[https://s.gr-assets.com/assets/nophoto/book/111x148-bcc042a9c91a29c1d680899eff700a03.png]]></image_url>
<num_pages></num_pages>
<work>
<id>2819748</id>
</work>
<isbn>4770020392</isbn>
<isbn13>9784770020390</isbn13>
<average_rating>3.47</average_rating>
<ratings_count>214</ratings_count>
<publication_year>1995</publication_year>
<publication_month>9</publication_month>
<publication_day>1</publication_day>
<authors>
<author>
<id>6425874</id>
<name>Sakyo Komatsu</name>
<link><![CDATA[https://www.goodreads.com/author/show/6425874.Sakyo_Komatsu]]></link>
</author>
</authors>
</book>

          <book>
<id>4503434</id>
<title>Narrativa completa Vol. I</title>
<title_without_series>Narrativa completa Vol. I</title_without_series>
<link><![CDATA[https://www.goodreads.com/book/show/4503434-narrativa-completa-vol-i]]></link>
<small_image_url><![CDATA[https://images.gr-assets.com/books/1268725499s/4503434.jpg]]></small_image_url>
<image_url><![CDATA[https://images.gr-assets.com/books/1268725499m/4503434.jpg]]></image_url>
<num_pages>832</num_pages>
<work>
<id>4552428</id>
</work>
<isbn>8477025290</isbn>
<isbn13>9788477025290</isbn13>
<average_rating>4.38</average_rating>
<ratings_count>245</ratings_count>
<publication_year>2005</publication_year>
<publication_month></publication_month>
<publication_day></publication_day>
<authors>
<author>
<id>9494</id>
<name>H.P. Lovecraft</name>
<link><![CDATA[https://www.goodreads.com/author/show/9494.H_P_Lovecraft]]></link>
</author>
</authors>
</book>

          <book>
<id>485558</id>
<title><![CDATA[Alfred Hitchcock Presents: Stories That Scared Even Me]]></title>
<title_without_series><![CDATA[Alfred Hitchcock Presents: Stories That Scared Even Me]]></title_without_series>
<link><![CDATA[https://www.goodreads.com/book/show/485558.Alfred_Hitchcock_Presents]]></link>
<small_image_url><![CDATA[https://s.gr-assets.com/assets/nophoto/book/50x75-a91bf249278a81aabab721ef782c4a74.png]]></small_image_url>
<image_url><![CDATA[https://s.gr-assets.com/assets/nophoto/book/111x148-bcc042a9c91a29c1d680899eff700a03.png]]></image_url>
<num_pages>463</num_pages>
<work>
<id>1017054</id>
</work>
<isbn>0394412311</isbn>
<isbn13>9780394412313</isbn13>
<average_rating>3.95</average_rating>
<ratings_count>582</ratings_count>
<publication_year>1967</publication_year>
<publication_month>11</publication_month>
<publication_day>1</publication_day>
<authors>
<author>
<id>9420</id>
<name>Alfred Hitchcock</name>
<link><![CDATA[https://www.goodreads.com/author/show/9420.Alfred_Hitchcock]]></link>
</author>
</authors>
</book>

          <book>
<id>97211</id>
<title>Der Inquisitor</title>
<title_without_series>Der Inquisitor</title_without_series>
<link><![CDATA[https://www.goodreads.com/book/show/97211.Der_Inquisitor]]></link>
<small_image_url><![CDATA[https://s.gr-assets.com/assets/nophoto/book/50x75-a91bf249278a81aabab721ef782c4a74.png]]></small_image_url>
<image_url><![CDATA[https://s.gr-assets.com/assets/nophoto/book/111x148-bcc042a9c91a29c1d680899eff700a03.png]]></image_url>
<num_pages>414</num_pages>
<work>
<id>825979</id>
</work>
<isbn>3404136276</isbn>
<isbn13>9783404136278</isbn13>
<average_rating>3.23</average_rating>
<ratings_count>173</ratings_count>
<publication_year>1995</publication_year>
<publication_month></publication_month>
<publication_day></publication_day>
<authors>
<author>
<id>40343</id>
<name>Wolfgang Hohlbein</name>
<link><![CDATA[https://www.goodreads.com/author/show/40343.Wolfgang_Hohlbein]]></link>
</author>
</authors>
</book>

          <book>
<id>444399</id>
<title>Bad Twin</title>
<title_without_series>Bad Twin</title_without_series>
<link><![CDATA[https://www.goodreads.com/book/show/444399.Bad_Twin]]></link>
<small_image_url><![CDATA[https://s.gr-assets.com/assets/nophoto/book/50x75-a91bf249278a81aabab721ef782c4a74.png]]></small_image_url>
<image_url><![CDATA[https://s.gr-assets.com/assets/nophoto/book/111x148-bcc042a9c91a29c1d680899eff700a03.png]]></image_url>
<num_pages></num_pages>
<work>
<id>875841</id>
</work>
<isbn>1401302769</isbn>
<isbn13>9781401302764</isbn13>
<average_rating>2.66</average_rating>
<ratings_count>1221</ratings_count>
<publication_year>2006</publication_year>
<publication_month></publication_month>
<publication_day></publication_day>
<authors>
<author>
<id>126135</id>
<name>Gary Troup</name>
<link><![CDATA[https://www.goodreads.com/author/show/126135.Gary_Troup]]></link>
</author>
</authors>
</book>

          <book>
<id>156428</id>
<title>The Best of Robert Bloch</title>
<title_without_series>The Best of Robert Bloch</title_without_series>
<link><![CDATA[https://www.goodreads.com/book/show/156428.The_Best_of_Robert_Bloch]]></link>
<small_image_url><![CDATA[https://images.gr-assets.com/books/1328301514s/156428.jpg]]></small_image_url>
<image_url><![CDATA[https://images.gr-assets.com/books/1328301514m/156428.jpg]]></image_url>
<num_pages></num_pages>
<work>
<id>150956</id>
</work>
<isbn>034525757X</isbn>
<isbn13>9780345257574</isbn13>
<average_rating>4.28</average_rating>
<ratings_count>206</ratings_count>
<publication_year></publication_year>
<publication_month></publication_month>
<publication_day></publication_day>
<authors>
<author>
<id>12540</id>
<name>Robert Bloch</name>
<link><![CDATA[https://www.goodreads.com/author/show/12540.Robert_Bloch]]></link>
</author>
</authors>
</book>

          <book>
<id>1889980</id>
<title>Caravan of Dreams</title>
<title_without_series>Caravan of Dreams</title_without_series>
<link><![CDATA[https://www.goodreads.com/book/show/1889980.Caravan_of_Dreams]]></link>
<small_image_url><![CDATA[https://images.gr-assets.com/books/1319615134s/1889980.jpg]]></small_image_url>
<image_url><![CDATA[https://images.gr-assets.com/books/1319615134m/1889980.jpg]]></image_url>
<num_pages></num_pages>
<work>
<id>1109660</id>
</work>
<isbn></isbn>
<isbn13></isbn13>
<average_rating>4.22</average_rating>
<ratings_count>243</ratings_count>
<publication_year>1988</publication_year>
<publication_month></publication_month>
<publication_day></publication_day>
<authors>
<author>
<id>32851</id>
<name>Idries Shah</name>
<link><![CDATA[https://www.goodreads.com/author/show/32851.Idries_Shah]]></link>
</author>
</authors>
</book>

  </similar_books>
</book>

</GoodreadsResponse>