<?xml version="1.0" encoding="UTF-8"?>
<GoodreadsResponse>
  <Request>
    <authentication>true</authentication>
      <key><![CDATA[all_men_must_serve]]></key>
    <method><![CDATA[book_show]]></method>
  </Request>
  <book>
  <id>102857</id>
  <title>Born in Death (In Death, #23)</title>
  <isbn><![CDATA[0425215687]]></isbn>
  <isbn13><![CDATA[9780425215685]]></isbn13>
  <asin><![CDATA[]]></asin>
  <kindle_asin><![CDATA[B003MQM7EQ]]></kindle_asin>
  <marketplace_id><![CDATA[A1F83G8C2ARO7P]]></marketplace_id>
  <country_code><![CDATA[GB]]></country_code>
  <image_url>https://images.gr-assets.com/books/1298297096m/102857.jpg</image_url>
  <small_image_url>https://images.gr-assets.com/books/1298297096s/102857.jpg</small_image_url>
  <publication_year></publication_year>
  <publication_month></publication_month>
  <publication_day></publication_day>
  <publisher></publisher>
  <language_code>en-US</language_code>
  <is_ebook>false</is_ebook>
  <description><![CDATA[<b>View our feature on J.D. Robb’s Eve Dallas series.</b> Eve Dallas has a grisly double homicide to solve when two young lovers—both employees of the same prestigious accounting firm—are brutally killed on the same night. It doesn't leave Eve a lot of leftover time to put together a baby shower for her buddy Mavis, but that's supposedly what friends are for.<br /><br />Now Mavis needs another favor. Tandy Willowby, one of the moms-to-be in Mavis's birthing class, didn't show up for the shower. A recent emigrant from London, Tandy has few friends in New York, and no family—and she was really looking forward to the party. And when Eve enters Tandy's apartment and finds a gift for Mavis's shower wrapped and ready on the table—and a packed bag for the hospital still on the floor next to it—tingling runs up and down her spine.<br /><br />Normally, such a case would be turned over to Missing Persons. But Mavis wants no one else on the job but Eve—and Eve can't say no. She'll have to track Tandy down while simultaneously unearthing the deals and double-crosses hidden in the files of some of the city's richest and most secretive citizens, in a race against this particularly vicious killer. Luckily, her multimillionaire husband Roarke's expertise comes in handy with the number crunching. But as he mines the crucial data that will break the case wide open, Eve faces an all too real danger in the world of flesh and blood.]]></description>
  <work>
  <id type="integer">3093644</id>
  <books_count type="integer">48</books_count>
  <best_book_id type="integer">102857</best_book_id>
  <reviews_count type="integer">30777</reviews_count>
  <ratings_sum type="integer">86569</ratings_sum>
  <ratings_count type="integer">19989</ratings_count>
  <text_reviews_count type="integer">635</text_reviews_count>
  <original_publication_year type="integer">2006</original_publication_year>
  <original_publication_month type="integer" nil="true"/>
  <original_publication_day type="integer" nil="true"/>
  <original_title>Born in Death (In Death, #23)</original_title>
  <original_language_id type="integer" nil="true"/>
  <media_type>book</media_type>
  <rating_dist>5:10027|4:6941|3:2689|2:271|1:61|total:19989</rating_dist>
  <desc_user_id type="integer">2650335</desc_user_id>
  <default_chaptering_book_id type="integer" nil="true"/>
  <default_description_language_code nil="true"/>
</work>
  <average_rating>4.33</average_rating>
  <num_pages><![CDATA[338]]></num_pages>
  <format><![CDATA[Mass Market Paperback]]></format>
  <edition_information><![CDATA[]]></edition_information>
  <ratings_count><![CDATA[17926]]></ratings_count>
  <text_reviews_count><![CDATA[501]]></text_reviews_count>
  <url><![CDATA[https://www.goodreads.com/book/show/102857.Born_in_Death]]></url>
  <link><![CDATA[https://www.goodreads.com/book/show/102857.Born_in_Death]]></link>
  <authors>
<author>
<id>17065</id>
<name>J.D. Robb</name>
<role></role>
<image_url nophoto='false'>
<![CDATA[https://images.gr-assets.com/authors/1481138127p5/17065.jpg]]>
</image_url>
<small_image_url nophoto='false'>
<![CDATA[https://images.gr-assets.com/authors/1481138127p2/17065.jpg]]>
</small_image_url>
<link><![CDATA[https://www.goodreads.com/author/show/17065.J_D_Robb]]></link>
<average_rating>4.28</average_rating>
<ratings_count>1191360</ratings_count>
<text_reviews_count>48001</text_reviews_count>
</author>
<author>
<id>717304</id>
<name>Susan Ericksen</name>
<role>Narrator</role>
<image_url nophoto='false'>
<![CDATA[https://images.gr-assets.com/authors/1297816994p5/717304.jpg]]>
</image_url>
<small_image_url nophoto='false'>
<![CDATA[https://images.gr-assets.com/authors/1297816994p2/717304.jpg]]>
</small_image_url>
<link><![CDATA[https://www.goodreads.com/author/show/717304.Susan_Ericksen]]></link>
<average_rating>4.27</average_rating>
<ratings_count>120575</ratings_count>
<text_reviews_count>6051</text_reviews_count>
</author>
</authors>

    <reviews_widget>
      <![CDATA[
        <style>
  #goodreads-widget {
    font-family: georgia, serif;
    padding: 18px 0;
    width:565px;
  }
  #goodreads-widget h1 {
    font-weight:normal;
    font-size: 16px;
    border-bottom: 1px solid #BBB596;
    margin-bottom: 0;
  }
  #goodreads-widget a {
    text-decoration: none;
    color:#660;
  }
  iframe{
    background-color: #fff;
  }
  #goodreads-widget a:hover { text-decoration: underline; }
  #goodreads-widget a:active {
    color:#660;
  }
  #gr_footer {
    width: 100%;
    border-top: 1px solid #BBB596;
    text-align: right;
  }
  #goodreads-widget .gr_branding{
    color: #382110;
    font-size: 11px;
    text-decoration: none;
    font-family: "Helvetica Neue", Helvetica, Arial, sans-serif;
  }
</style>
<div id="goodreads-widget">
  <div id="gr_header"><h1><a rel="nofollow" href="https://www.goodreads.com/book/show/102857.Born_in_Death">Born in Death Reviews</a></h1></div>
  <iframe id="the_iframe" src="https://www.goodreads.com/api/reviews_widget_iframe?did=DEVELOPER_ID&amp;format=html&amp;isbn=0425215687&amp;links=660&amp;min_rating=&amp;review_back=fff&amp;stars=000&amp;text=000" width="565" height="400" frameborder="0"></iframe>
  <div id="gr_footer">
    <a class="gr_branding" target="_blank" rel="nofollow" href="https://www.goodreads.com/book/show/102857.Born_in_Death?utm_medium=api&amp;utm_source=reviews_widget">Reviews from Goodreads.com</a>
  </div>
</div>

      ]]>
    </reviews_widget>
  <popular_shelves>
      <shelf name="to-read" count="717"/>
      <shelf name="mystery" count="602"/>
      <shelf name="currently-reading" count="300"/>
      <shelf name="romance" count="298"/>
      <shelf name="j-d-robb" count="289"/>
      <shelf name="jd-robb" count="265"/>
      <shelf name="in-death" count="173"/>
      <shelf name="in-death-series" count="161"/>
      <shelf name="crime" count="137"/>
      <shelf name="romantic-suspense" count="131"/>
      <shelf name="fiction" count="125"/>
      <shelf name="futuristic" count="120"/>
      <shelf name="series" count="110"/>
      <shelf name="suspense" count="102"/>
      <shelf name="default" count="90"/>
      <shelf name="favorites" count="81"/>
      <shelf name="nora-roberts" count="77"/>
      <shelf name="science-fiction" count="74"/>
      <shelf name="owned" count="71"/>
      <shelf name="sci-fi" count="71"/>
      <shelf name="audiobook" count="65"/>
      <shelf name="audio" count="63"/>
      <shelf name="books-i-own" count="54"/>
      <shelf name="mystery-thriller" count="51"/>
      <shelf name="thriller" count="51"/>
      <shelf name="mysteries" count="42"/>
      <shelf name="mystery-suspense" count="40"/>
      <shelf name="eve-dallas" count="39"/>
      <shelf name="audiobooks" count="39"/>
      <shelf name="adult" count="37"/>
      <shelf name="library" count="36"/>
      <shelf name="fantasy" count="32"/>
      <shelf name="robb-j-d" count="31"/>
      <shelf name="detective" count="31"/>
      <shelf name="robb" count="30"/>
      <shelf name="robb-jd" count="29"/>
      <shelf name="murder-mystery" count="29"/>
      <shelf name="audible" count="28"/>
      <shelf name="future" count="28"/>
      <shelf name="kindle" count="26"/>
      <shelf name="ebook" count="24"/>
      <shelf name="ebooks" count="22"/>
      <shelf name="mystery-crime" count="21"/>
      <shelf name="crime-mystery" count="20"/>
      <shelf name="audio-books" count="19"/>
      <shelf name="audio-book" count="19"/>
      <shelf name="crime-fiction" count="17"/>
      <shelf name="have" count="17"/>
      <shelf name="eve-and-roarke" count="16"/>
      <shelf name="part-of-a-series" count="16"/>
      <shelf name="i-own" count="16"/>
      <shelf name="re-read" count="16"/>
      <shelf name="police-procedural" count="16"/>
      <shelf name="e-book" count="15"/>
      <shelf name="my-books" count="15"/>
      <shelf name="favorite-series" count="15"/>
      <shelf name="scifi" count="15"/>
      <shelf name="nora-roberts-jd-robb" count="15"/>
      <shelf name="adult-fiction" count="15"/>
      <shelf name="urban-fantasy" count="14"/>
      <shelf name="4-stars" count="13"/>
      <shelf name="my-library" count="13"/>
      <shelf name="law-enforcement" count="13"/>
      <shelf name="police" count="13"/>
      <shelf name="paperback" count="13"/>
      <shelf name="series-in-death" count="13"/>
      <shelf name="romance-suspense" count="13"/>
      <shelf name="murder" count="12"/>
      <shelf name="e-books" count="12"/>
      <shelf name="calibre" count="12"/>
      <shelf name="owned-books" count="12"/>
      <shelf name="jdrobb" count="12"/>
      <shelf name="5-stars" count="11"/>
      <shelf name="books" count="11"/>
      <shelf name="hardcover" count="11"/>
      <shelf name="read-2015" count="10"/>
      <shelf name="read-2013" count="10"/>
      <shelf name="re-reads" count="10"/>
      <shelf name="favorite-author" count="10"/>
      <shelf name="kick-ass-heroine" count="9"/>
      <shelf name="listened-to" count="9"/>
      <shelf name="own-to-read" count="9"/>
      <shelf name="reread" count="9"/>
      <shelf name="suspense-thriller" count="9"/>
      <shelf name="crime-thriller" count="9"/>
      <shelf name="wish-list" count="9"/>
      <shelf name="2006" count="9"/>
      <shelf name="sci-fi-fantasy" count="9"/>
      <shelf name="shelfari-favorites" count="8"/>
      <shelf name="read-in-2013" count="8"/>
      <shelf name="read-in-2012" count="8"/>
      <shelf name="favourites" count="8"/>
      <shelf name="j-d-robb-in-death-series" count="8"/>
      <shelf name="thriller-mystery" count="8"/>
      <shelf name="read-2011" count="8"/>
      <shelf name="m-f" count="8"/>
      <shelf name="j-d-robb-nora-roberts" count="8"/>
      <shelf name="new-york" count="8"/>
      <shelf name="mystery-thriller-suspense" count="8"/>
      <shelf name="jd-robb-nora-roberts" count="8"/>
  </popular_shelves>
  <book_links>
    <book_link>
  <id>8</id>
  <name>Libraries</name>
  <link>https://www.goodreads.com/book_link/follow/8</link>
</book_link>

  </book_links>
  <buy_links>
    <buy_link>
<id>1</id>
<name>Amazon</name>
<link>https://www.goodreads.com/book_link/follow/1</link>
</buy_link>
<buy_link>
<id>10</id>
<name>Audible</name>
<link>https://www.goodreads.com/book_link/follow/10</link>
</buy_link>
<buy_link>
<id>3</id>
<name>Barnes &amp; Noble</name>
<link>https://www.goodreads.com/book_link/follow/3</link>
</buy_link>
<buy_link>
<id>1027</id>
<name>Kobo</name>
<link>https://www.goodreads.com/book_link/follow/1027</link>
</buy_link>
<buy_link>
<id>2102</id>
<name>Apple iBooks</name>
<link>https://www.goodreads.com/book_link/follow/2102</link>
</buy_link>
<buy_link>
<id>8036</id>
<name>Google Play</name>
<link>https://www.goodreads.com/book_link/follow/8036</link>
</buy_link>
<buy_link>
<id>4</id>
<name>Abebooks</name>
<link>https://www.goodreads.com/book_link/follow/4</link>
</buy_link>
<buy_link>
<id>882</id>
<name>Book Depository</name>
<link>https://www.goodreads.com/book_link/follow/882</link>
</buy_link>
<buy_link>
<id>9</id>
<name>Indigo</name>
<link>https://www.goodreads.com/book_link/follow/9</link>
</buy_link>
<buy_link>
<id>2</id>
<name>Half.com</name>
<link>https://www.goodreads.com/book_link/follow/2</link>
</buy_link>
<buy_link>
<id>5</id>
<name>Alibris</name>
<link>https://www.goodreads.com/book_link/follow/5</link>
</buy_link>
<buy_link>
<id>107</id>
<name>Better World Books</name>
<link>https://www.goodreads.com/book_link/follow/107</link>
</buy_link>
<buy_link>
<id>7</id>
<name>IndieBound</name>
<link>https://www.goodreads.com/book_link/follow/7</link>
</buy_link>

  </buy_links>
  <series_works>
    <series_work>
<id>165070</id>
<user_position>23</user_position>
<series>
<id>41029</id>
<title>
<![CDATA[
    In Death
]]>
</title>
<description>
<![CDATA[
    The …in Death series, written by Nora Roberts under her pseudonym J.D. Robb, features NYPSD ("New York City Police and Security Department") Lieutenant Eve Dallas and her husband Roarke and is set in a mid-21st century New York City. The stories also regularly feature other characters, including Captain Ryan Feeney, Detective Delia Peabody, Detective Ian McNab and Dr. Charlotte Mira.
    
    The series is ongoing and will go on as long as Roberts desires to write it; however, she has famously stated that the series will never contain one of Eve and Roarke's children, as the series will end with Eve's eventual pregnancy—which is nowhere in sight at the current count.
    
    Please note: Each book in this series is a whole story with a beginning and an ending, however there may be minor references to events that occurred earlier in the series. Therefore, with respect to the mystery alone, the books can be read out of order, if desired. However, like any long series that focuses on a core group of characters, there are various relationship changes that develop more naturally when the full length novels are read in the order in which they were published.
    
    http://www.indeath.net/wikiindeath/index.php/Main_Page - includes spoilers
    
    Eternity in Death (#24.5) was published between Innocent in Death (#24) & Creation in Death (#25). Though Creation in Death & Strangers in Death (#26) are set in March 2060 and Eternity in Death in April 2060.
]]>
</description>
<note>
<![CDATA[
    PLEASE leave omnibuses and anthologies at the end, not mixed in! 
    -Goodreads team
]]>
</note>
<series_works_count>115</series_works_count>
<primary_work_count>46</primary_work_count>
<numbered>true</numbered>
</series>

</series_work>

  </series_works>
  <similar_books>
          <book>
<id>369778</id>
<title><![CDATA[Remember When (In Death, #17.5)]]></title>
<title_without_series>Remember When</title_without_series>
<link><![CDATA[https://www.goodreads.com/book/show/369778.Remember_When]]></link>
<small_image_url><![CDATA[https://s.gr-assets.com/assets/nophoto/book/50x75-a91bf249278a81aabab721ef782c4a74.png]]></small_image_url>
<image_url><![CDATA[https://s.gr-assets.com/assets/nophoto/book/111x148-bcc042a9c91a29c1d680899eff700a03.png]]></image_url>
<num_pages>440</num_pages>
<work>
<id>1615729</id>
</work>
<isbn>0399151060</isbn>
<isbn13>9780399151064</isbn13>
<average_rating>4.17</average_rating>
<ratings_count>17949</ratings_count>
<publication_year></publication_year>
<publication_month></publication_month>
<publication_day></publication_day>
<authors>
<author>
<id>17065</id>
<name>J.D. Robb</name>
<link><![CDATA[https://www.goodreads.com/author/show/17065.J_D_Robb]]></link>
</author>
</authors>
</book>

          <book>
<id>866242</id>
<title><![CDATA[Don't Look Down (Samantha Jellicoe, #2)]]></title>
<title_without_series>Don&apos;t Look Down</title_without_series>
<link><![CDATA[https://www.goodreads.com/book/show/866242.Don_t_Look_Down]]></link>
<small_image_url><![CDATA[https://s.gr-assets.com/assets/nophoto/book/50x75-a91bf249278a81aabab721ef782c4a74.png]]></small_image_url>
<image_url><![CDATA[https://s.gr-assets.com/assets/nophoto/book/111x148-bcc042a9c91a29c1d680899eff700a03.png]]></image_url>
<num_pages>384</num_pages>
<work>
<id>851643</id>
</work>
<isbn>0060593644</isbn>
<isbn13>9780060593643</isbn13>
<average_rating>4.02</average_rating>
<ratings_count>1904</ratings_count>
<publication_year>2005</publication_year>
<publication_month>12</publication_month>
<publication_day>27</publication_day>
<authors>
<author>
<id>23294</id>
<name>Suzanne Enoch</name>
<link><![CDATA[https://www.goodreads.com/author/show/23294.Suzanne_Enoch]]></link>
</author>
</authors>
</book>

          <book>
<id>385287</id>
<title>Hades (Andrews, Russell)</title>
<title_without_series>Hades</title_without_series>
<link><![CDATA[https://www.goodreads.com/book/show/385287.Hades]]></link>
<small_image_url><![CDATA[https://s.gr-assets.com/assets/nophoto/book/50x75-a91bf249278a81aabab721ef782c4a74.png]]></small_image_url>
<image_url><![CDATA[https://s.gr-assets.com/assets/nophoto/book/111x148-bcc042a9c91a29c1d680899eff700a03.png]]></image_url>
<num_pages>360</num_pages>
<work>
<id>375007</id>
</work>
<isbn>0892960213</isbn>
<isbn13>9780892960217</isbn13>
<average_rating>3.72</average_rating>
<ratings_count>185</ratings_count>
<publication_year></publication_year>
<publication_month></publication_month>
<publication_day></publication_day>
<authors>
<author>
<id>52590</id>
<name>Russell Andrews</name>
<link><![CDATA[https://www.goodreads.com/author/show/52590.Russell_Andrews]]></link>
</author>
</authors>
</book>

          <book>
<id>1050704</id>
<title><![CDATA[Sympathy Between Humans (Sarah Pribek #2)]]></title>
<title_without_series>Sympathy Between Humans</title_without_series>
<link><![CDATA[https://www.goodreads.com/book/show/1050704.Sympathy_Between_Humans]]></link>
<small_image_url><![CDATA[https://images.gr-assets.com/books/1320497369s/1050704.jpg]]></small_image_url>
<image_url><![CDATA[https://images.gr-assets.com/books/1320497369m/1050704.jpg]]></image_url>
<num_pages>384</num_pages>
<work>
<id>1037161</id>
</work>
<isbn>0385337140</isbn>
<isbn13>9780385337144</isbn13>
<average_rating>3.54</average_rating>
<ratings_count>288</ratings_count>
<publication_year>2005</publication_year>
<publication_month>3</publication_month>
<publication_day>1</publication_day>
<authors>
<author>
<id>391769</id>
<name>Jodi Compton</name>
<link><![CDATA[https://www.goodreads.com/author/show/391769.Jodi_Compton]]></link>
</author>
</authors>
</book>

          <book>
<id>689486</id>
<title><![CDATA[Sizzle and Burn (Arcane Society, #3)]]></title>
<title_without_series>Sizzle and Burn</title_without_series>
<link><![CDATA[https://www.goodreads.com/book/show/689486.Sizzle_and_Burn]]></link>
<small_image_url><![CDATA[https://s.gr-assets.com/assets/nophoto/book/50x75-a91bf249278a81aabab721ef782c4a74.png]]></small_image_url>
<image_url><![CDATA[https://s.gr-assets.com/assets/nophoto/book/111x148-bcc042a9c91a29c1d680899eff700a03.png]]></image_url>
<num_pages></num_pages>
<work>
<id>2835954</id>
</work>
<isbn>0399154450</isbn>
<isbn13>9780399154454</isbn13>
<average_rating>4.05</average_rating>
<ratings_count>7758</ratings_count>
<publication_year></publication_year>
<publication_month></publication_month>
<publication_day></publication_day>
<authors>
<author>
<id>2387</id>
<name>Jayne Ann Krentz</name>
<link><![CDATA[https://www.goodreads.com/author/show/2387.Jayne_Ann_Krentz]]></link>
</author>
</authors>
</book>

          <book>
<id>29624</id>
<title>Orchid (St. Helen&apos;s, #3)</title>
<title_without_series>Orchid</title_without_series>
<link><![CDATA[https://www.goodreads.com/book/show/29624.Orchid]]></link>
<small_image_url><![CDATA[https://images.gr-assets.com/books/1391282910s/29624.jpg]]></small_image_url>
<image_url><![CDATA[https://images.gr-assets.com/books/1391282910m/29624.jpg]]></image_url>
<num_pages></num_pages>
<work>
<id>30060</id>
</work>
<isbn>0671569023</isbn>
<isbn13>9780671569020</isbn13>
<average_rating>4.15</average_rating>
<ratings_count>3707</ratings_count>
<publication_year></publication_year>
<publication_month></publication_month>
<publication_day></publication_day>
<authors>
<author>
<id>8840</id>
<name>Jayne Castle</name>
<link><![CDATA[https://www.goodreads.com/author/show/8840.Jayne_Castle]]></link>
</author>
</authors>
</book>

  </similar_books>
</book>

</GoodreadsResponse>