<?xml version="1.0" encoding="UTF-8"?>
<GoodreadsResponse>
  <Request>
    <authentication>true</authentication>
      <key><![CDATA[all_men_must_serve]]></key>
    <method><![CDATA[book_show]]></method>
  </Request>
  <book>
  <id>102955</id>
  <title><![CDATA[Preacher, Volume 8: All Hell's a-Coming]]></title>
  <isbn><![CDATA[1563896176]]></isbn>
  <isbn13><![CDATA[9781563896170]]></isbn13>
  <asin><![CDATA[]]></asin>
  <kindle_asin><![CDATA[]]></kindle_asin>
  <marketplace_id><![CDATA[]]></marketplace_id>
  <country_code><![CDATA[GB]]></country_code>
  <image_url>https://images.gr-assets.com/books/1309916812m/102955.jpg</image_url>
  <small_image_url>https://images.gr-assets.com/books/1309916812s/102955.jpg</small_image_url>
  <publication_year>2000</publication_year>
  <publication_month>6</publication_month>
  <publication_day>1</publication_day>
  <publisher>Vertigo</publisher>
  <language_code>eng</language_code>
  <is_ebook>false</is_ebook>
  <description><![CDATA[Following the events of the <i>Preacher: Salvation</i> collection, Jesse Custer wants to renew his quest to find God and hold him accountable for all of his actions. But before he can continue down that path, he must reunite with his girlfriend Tulip. In this edition, we look back and see how Jesse and Tulip first met as well as how she became so deadly proficient with a gun. Also, after making amends with his love, Jesse seeks revenge against his former friend and compatriot Cassidy for the things that the Irish vampire did to Tulip during the time that they both believed the Preacher to be dead.]]></description>
  <work>
  <id type="integer">99258</id>
  <books_count type="integer">11</books_count>
  <best_book_id type="integer">102955</best_book_id>
  <reviews_count type="integer">17555</reviews_count>
  <ratings_sum type="integer">62899</ratings_sum>
  <ratings_count type="integer">14521</ratings_count>
  <text_reviews_count type="integer">172</text_reviews_count>
  <original_publication_year type="integer">2000</original_publication_year>
  <original_publication_month type="integer">6</original_publication_month>
  <original_publication_day type="integer">1</original_publication_day>
  <original_title>Preacher, Volume 8: All Hell's a-Coming</original_title>
  <original_language_id type="integer" nil="true"/>
  <media_type>book</media_type>
  <rating_dist>5:7806|4:4430|3:1739|2:386|1:160|total:14521</rating_dist>
  <desc_user_id type="integer">104823</desc_user_id>
  <default_chaptering_book_id type="integer" nil="true"/>
  <default_description_language_code nil="true"/>
</work>
  <average_rating>4.33</average_rating>
  <num_pages><![CDATA[192]]></num_pages>
  <format><![CDATA[Paperback]]></format>
  <edition_information><![CDATA[]]></edition_information>
  <ratings_count><![CDATA[14307]]></ratings_count>
  <text_reviews_count><![CDATA[157]]></text_reviews_count>
  <url><![CDATA[https://www.goodreads.com/book/show/102955.Preacher_Volume_8]]></url>
  <link><![CDATA[https://www.goodreads.com/book/show/102955.Preacher_Volume_8]]></link>
  <authors>
<author>
<id>14965</id>
<name>Garth Ennis</name>
<role></role>
<image_url nophoto='false'>
<![CDATA[https://images.gr-assets.com/authors/1242438038p5/14965.jpg]]>
</image_url>
<small_image_url nophoto='false'>
<![CDATA[https://images.gr-assets.com/authors/1242438038p2/14965.jpg]]>
</small_image_url>
<link><![CDATA[https://www.goodreads.com/author/show/14965.Garth_Ennis]]></link>
<average_rating>4.19</average_rating>
<ratings_count>367655</ratings_count>
<text_reviews_count>10653</text_reviews_count>
</author>
<author>
<id>33532</id>
<name>Steve Dillon</name>
<role>Illustrator</role>
<image_url nophoto='false'>
<![CDATA[https://images.gr-assets.com/authors/1242438141p5/33532.jpg]]>
</image_url>
<small_image_url nophoto='false'>
<![CDATA[https://images.gr-assets.com/authors/1242438141p2/33532.jpg]]>
</small_image_url>
<link><![CDATA[https://www.goodreads.com/author/show/33532.Steve_Dillon]]></link>
<average_rating>4.23</average_rating>
<ratings_count>265896</ratings_count>
<text_reviews_count>6576</text_reviews_count>
</author>
<author>
<id>54918</id>
<name>John McCrea</name>
<role>Illustrator</role>
<image_url nophoto='false'>
<![CDATA[https://images.gr-assets.com/authors/1242438243p5/54918.jpg]]>
</image_url>
<small_image_url nophoto='false'>
<![CDATA[https://images.gr-assets.com/authors/1242438243p2/54918.jpg]]>
</small_image_url>
<link><![CDATA[https://www.goodreads.com/author/show/54918.John_McCrea]]></link>
<average_rating>4.15</average_rating>
<ratings_count>33870</ratings_count>
<text_reviews_count>1078</text_reviews_count>
</author>
</authors>

    <reviews_widget>
      <![CDATA[
        <style>
  #goodreads-widget {
    font-family: georgia, serif;
    padding: 18px 0;
    width:565px;
  }
  #goodreads-widget h1 {
    font-weight:normal;
    font-size: 16px;
    border-bottom: 1px solid #BBB596;
    margin-bottom: 0;
  }
  #goodreads-widget a {
    text-decoration: none;
    color:#660;
  }
  iframe{
    background-color: #fff;
  }
  #goodreads-widget a:hover { text-decoration: underline; }
  #goodreads-widget a:active {
    color:#660;
  }
  #gr_footer {
    width: 100%;
    border-top: 1px solid #BBB596;
    text-align: right;
  }
  #goodreads-widget .gr_branding{
    color: #382110;
    font-size: 11px;
    text-decoration: none;
    font-family: "Helvetica Neue", Helvetica, Arial, sans-serif;
  }
</style>
<div id="goodreads-widget">
  <div id="gr_header"><h1><a rel="nofollow" href="https://www.goodreads.com/book/show/102955.Preacher_Volume_8">Preacher, Volume 8 Reviews</a></h1></div>
  <iframe id="the_iframe" src="https://www.goodreads.com/api/reviews_widget_iframe?did=DEVELOPER_ID&amp;format=html&amp;isbn=1563896176&amp;links=660&amp;min_rating=&amp;review_back=fff&amp;stars=000&amp;text=000" width="565" height="400" frameborder="0"></iframe>
  <div id="gr_footer">
    <a class="gr_branding" target="_blank" rel="nofollow" href="https://www.goodreads.com/book/show/102955.Preacher_Volume_8?utm_medium=api&amp;utm_source=reviews_widget">Reviews from Goodreads.com</a>
  </div>
</div>

      ]]>
    </reviews_widget>
  <popular_shelves>
      <shelf name="to-read" count="1641"/>
      <shelf name="comics" count="636"/>
      <shelf name="graphic-novels" count="563"/>
      <shelf name="graphic-novel" count="138"/>
      <shelf name="fiction" count="78"/>
      <shelf name="fantasy" count="72"/>
      <shelf name="comic-books" count="67"/>
      <shelf name="comics-graphic-novels" count="65"/>
      <shelf name="comic" count="63"/>
      <shelf name="vertigo" count="43"/>
      <shelf name="horror" count="40"/>
      <shelf name="owned" count="36"/>
      <shelf name="preacher" count="36"/>
      <shelf name="favorites" count="35"/>
      <shelf name="graphic-novels-comics" count="35"/>
      <shelf name="graphic" count="25"/>
      <shelf name="comics-and-graphic-novels" count="21"/>
      <shelf name="religion" count="20"/>
      <shelf name="western" count="15"/>
      <shelf name="currently-reading" count="15"/>
      <shelf name="supernatural" count="13"/>
      <shelf name="library" count="13"/>
      <shelf name="comic-book" count="13"/>
      <shelf name="comix" count="13"/>
      <shelf name="read-comics" count="13"/>
      <shelf name="series" count="12"/>
      <shelf name="humor" count="12"/>
      <shelf name="books-i-own" count="12"/>
      <shelf name="comics-read" count="11"/>
      <shelf name="default" count="9"/>
      <shelf name="graphic-novels-and-comics" count="9"/>
      <shelf name="dc-vertigo" count="9"/>
      <shelf name="owned-books" count="8"/>
      <shelf name="graphic-novels-read" count="8"/>
      <shelf name="borrowed" count="8"/>
      <shelf name="adventure" count="7"/>
      <shelf name="vampires" count="7"/>
      <shelf name="read-in-2016" count="6"/>
      <shelf name="to-read-graphic-novels" count="6"/>
      <shelf name="read-in-2011" count="6"/>
      <shelf name="vertigo-comics" count="6"/>
      <shelf name="graphic_novels" count="6"/>
      <shelf name="graphicnovels" count="6"/>
      <shelf name="crime" count="5"/>
      <shelf name="hq" count="5"/>
      <shelf name="2000s" count="5"/>
      <shelf name="thriller" count="5"/>
      <shelf name="re-read" count="5"/>
      <shelf name="dc-comics" count="5"/>
      <shelf name="comic-graphic-novel" count="5"/>
      <shelf name="dc" count="5"/>
      <shelf name="graphic_novel" count="5"/>
      <shelf name="comicbooks" count="5"/>
      <shelf name="garth-ennis" count="5"/>
      <shelf name="to-buy" count="5"/>
      <shelf name="action-adventure" count="4"/>
      <shelf name="read-in-2014" count="4"/>
      <shelf name="adult" count="4"/>
      <shelf name="usa" count="4"/>
      <shelf name="comic-books-graphic-novels" count="4"/>
      <shelf name="comics-to-read" count="4"/>
      <shelf name="gn" count="4"/>
      <shelf name="vampire" count="4"/>
      <shelf name="bd" count="4"/>
      <shelf name="trade-paperbacks" count="4"/>
      <shelf name="urban-fantasy" count="4"/>
      <shelf name="graphicnovel" count="4"/>
      <shelf name="graphic-series" count="4"/>
      <shelf name="comics-manga" count="4"/>
      <shelf name="komiksy" count="3"/>
      <shelf name="ireland" count="3"/>
      <shelf name="violent" count="3"/>
      <shelf name="read-2015" count="3"/>
      <shelf name="comic-books-and-graphic-novels" count="3"/>
      <shelf name="read-in-2013" count="3"/>
      <shelf name="read-graphic-novels" count="3"/>
      <shelf name="books" count="3"/>
      <shelf name="graphics" count="3"/>
      <shelf name="read-in-2012" count="3"/>
      <shelf name="graphic-novels-to-read" count="3"/>
      <shelf name="sarjakuvat" count="3"/>
      <shelf name="owned-comics" count="3"/>
      <shelf name="read-more-than-once" count="3"/>
      <shelf name="paranormal" count="3"/>
      <shelf name="owned-graphic-novels" count="3"/>
      <shelf name="quadrinhos" count="3"/>
      <shelf name="graphic-fiction" count="3"/>
      <shelf name="library-books" count="3"/>
      <shelf name="do-not-own" count="3"/>
      <shelf name="borrowed-books" count="3"/>
      <shelf name="sequential-art" count="3"/>
      <shelf name="paperback" count="3"/>
      <shelf name="comics-other" count="3"/>
      <shelf name="novel" count="3"/>
      <shelf name="demons" count="3"/>
      <shelf name="read-in-english" count="2"/>
      <shelf name="serier" count="2"/>
      <shelf name="ebook" count="2"/>
      <shelf name="stripovi" count="2"/>
      <shelf name="comics-tbr" count="2"/>
  </popular_shelves>
  <book_links>
    <book_link>
  <id>8</id>
  <name>Libraries</name>
  <link>https://www.goodreads.com/book_link/follow/8</link>
</book_link>

  </book_links>
  <buy_links>
    <buy_link>
<id>1</id>
<name>Amazon</name>
<link>https://www.goodreads.com/book_link/follow/1</link>
</buy_link>
<buy_link>
<id>10</id>
<name>Audible</name>
<link>https://www.goodreads.com/book_link/follow/10</link>
</buy_link>
<buy_link>
<id>3</id>
<name>Barnes &amp; Noble</name>
<link>https://www.goodreads.com/book_link/follow/3</link>
</buy_link>
<buy_link>
<id>1027</id>
<name>Kobo</name>
<link>https://www.goodreads.com/book_link/follow/1027</link>
</buy_link>
<buy_link>
<id>2102</id>
<name>Apple iBooks</name>
<link>https://www.goodreads.com/book_link/follow/2102</link>
</buy_link>
<buy_link>
<id>8036</id>
<name>Google Play</name>
<link>https://www.goodreads.com/book_link/follow/8036</link>
</buy_link>
<buy_link>
<id>4</id>
<name>Abebooks</name>
<link>https://www.goodreads.com/book_link/follow/4</link>
</buy_link>
<buy_link>
<id>882</id>
<name>Book Depository</name>
<link>https://www.goodreads.com/book_link/follow/882</link>
</buy_link>
<buy_link>
<id>9</id>
<name>Indigo</name>
<link>https://www.goodreads.com/book_link/follow/9</link>
</buy_link>
<buy_link>
<id>2</id>
<name>Half.com</name>
<link>https://www.goodreads.com/book_link/follow/2</link>
</buy_link>
<buy_link>
<id>5</id>
<name>Alibris</name>
<link>https://www.goodreads.com/book_link/follow/5</link>
</buy_link>
<buy_link>
<id>107</id>
<name>Better World Books</name>
<link>https://www.goodreads.com/book_link/follow/107</link>
</buy_link>
<buy_link>
<id>7</id>
<name>IndieBound</name>
<link>https://www.goodreads.com/book_link/follow/7</link>
</buy_link>

  </buy_links>
  <series_works>
    <series_work>
<id>145823</id>
<user_position>8</user_position>
<series>
<id>41093</id>
<title>
<![CDATA[
    Preacher
]]>
</title>
<description>
<![CDATA[
    Also collected in <a href="http://www.goodreads.com/series/62992-preacher-deluxe">deluxe editions</a> and in three big volumes in the spanish edition <a href="http://www.goodreads.com/series/95328-predicador-integral">Predicador Integral</a>.
]]>
</description>
<note>
<![CDATA[
]]>
</note>
<series_works_count>9</series_works_count>
<primary_work_count>9</primary_work_count>
<numbered>true</numbered>
</series>

</series_work>

  </series_works>
  <similar_books>
          <book>
<id>22424</id>
<title><![CDATA[Transmetropolitan, Vol. 10: One More Time (Transmetropolitan, #10)]]></title>
<title_without_series><![CDATA[Transmetropolitan, Vol. 10: One More Time]]></title_without_series>
<link><![CDATA[https://www.goodreads.com/book/show/22424.Transmetropolitan_Vol_10]]></link>
<small_image_url><![CDATA[https://images.gr-assets.com/books/1307354040s/22424.jpg]]></small_image_url>
<image_url><![CDATA[https://images.gr-assets.com/books/1307354040m/22424.jpg]]></image_url>
<num_pages>144</num_pages>
<work>
<id>23450</id>
</work>
<isbn>1401202179</isbn>
<isbn13>9781401202170</isbn13>
<average_rating>4.52</average_rating>
<ratings_count>9439</ratings_count>
<publication_year>2004</publication_year>
<publication_month>6</publication_month>
<publication_day>1</publication_day>
<authors>
<author>
<id>12772</id>
<name>Warren Ellis</name>
<link><![CDATA[https://www.goodreads.com/author/show/12772.Warren_Ellis]]></link>
</author>
</authors>
</book>

          <book>
<id>94517</id>
<title><![CDATA[100 Bullets, Vol. 4: A Foregone Tomorrow]]></title>
<title_without_series><![CDATA[100 Bullets, Vol. 4: A Foregone Tomorrow]]></title_without_series>
<link><![CDATA[https://www.goodreads.com/book/show/94517.100_Bullets_Vol_4]]></link>
<small_image_url><![CDATA[https://s.gr-assets.com/assets/nophoto/book/50x75-a91bf249278a81aabab721ef782c4a74.png]]></small_image_url>
<image_url><![CDATA[https://s.gr-assets.com/assets/nophoto/book/111x148-bcc042a9c91a29c1d680899eff700a03.png]]></image_url>
<num_pages>264</num_pages>
<work>
<id>1810485</id>
</work>
<isbn>1563898276</isbn>
<isbn13>9781563898273</isbn13>
<average_rating>4.11</average_rating>
<ratings_count>4012</ratings_count>
<publication_year>2002</publication_year>
<publication_month>7</publication_month>
<publication_day>1</publication_day>
<authors>
<author>
<id>17029</id>
<name>Brian Azzarello</name>
<link><![CDATA[https://www.goodreads.com/author/show/17029.Brian_Azzarello]]></link>
</author>
</authors>
</book>

          <book>
<id>194719</id>
<title><![CDATA[Lucifer, Vol. 4: The Divine Comedy]]></title>
<title_without_series><![CDATA[Lucifer, Vol. 4: The Divine Comedy]]></title_without_series>
<link><![CDATA[https://www.goodreads.com/book/show/194719.Lucifer_Vol_4]]></link>
<small_image_url><![CDATA[https://images.gr-assets.com/books/1309578573s/194719.jpg]]></small_image_url>
<image_url><![CDATA[https://images.gr-assets.com/books/1309578573m/194719.jpg]]></image_url>
<num_pages></num_pages>
<work>
<id>188312</id>
</work>
<isbn>1401200095</isbn>
<isbn13>9781401200091</isbn13>
<average_rating>4.30</average_rating>
<ratings_count>3963</ratings_count>
<publication_year></publication_year>
<publication_month></publication_month>
<publication_day></publication_day>
<authors>
<author>
<id>9018</id>
<name>Mike Carey</name>
<link><![CDATA[https://www.goodreads.com/author/show/9018.Mike_Carey]]></link>
</author>
</authors>
</book>

          <book>
<id>184040</id>
<title><![CDATA[Y: The Last Man, Vol. 4: Safeword (Y: The Last Man, #4)]]></title>
<title_without_series><![CDATA[Y: The Last Man, Vol. 4: Safeword]]></title_without_series>
<link><![CDATA[https://www.goodreads.com/book/show/184040.Y]]></link>
<small_image_url><![CDATA[https://images.gr-assets.com/books/1335238541s/184040.jpg]]></small_image_url>
<image_url><![CDATA[https://images.gr-assets.com/books/1335238541m/184040.jpg]]></image_url>
<num_pages>144</num_pages>
<work>
<id>1584085</id>
</work>
<isbn>1401202322</isbn>
<isbn13>9781401202323</isbn13>
<average_rating>4.25</average_rating>
<ratings_count>22500</ratings_count>
<publication_year>2004</publication_year>
<publication_month>12</publication_month>
<publication_day>1</publication_day>
<authors>
<author>
<id>24514</id>
<name>Brian K. Vaughan</name>
<link><![CDATA[https://www.goodreads.com/author/show/24514.Brian_K_Vaughan]]></link>
</author>
</authors>
</book>

  </similar_books>
</book>

</GoodreadsResponse>