<?xml version="1.0" encoding="UTF-8"?>
<GoodreadsResponse>
  <Request>
    <authentication>true</authentication>
      <key><![CDATA[all_men_must_serve]]></key>
    <method><![CDATA[book_show]]></method>
  </Request>
  <book>
  <id>103035</id>
  <title>Cabal</title>
  <isbn><![CDATA[0743417321]]></isbn>
  <isbn13><![CDATA[9780743417327]]></isbn13>
  <asin><![CDATA[]]></asin>
  <kindle_asin><![CDATA[B00I66ASXY]]></kindle_asin>
  <marketplace_id><![CDATA[A1F83G8C2ARO7P]]></marketplace_id>
  <country_code><![CDATA[GB]]></country_code>
  <image_url>https://images.gr-assets.com/books/1405259936m/103035.jpg</image_url>
  <small_image_url>https://images.gr-assets.com/books/1405259936s/103035.jpg</small_image_url>
  <publication_year></publication_year>
  <publication_month></publication_month>
  <publication_day></publication_day>
  <publisher></publisher>
  <language_code>en-US</language_code>
  <is_ebook>false</is_ebook>
  <description><![CDATA[Cabal is the story of Boone, a tortured soul haunted by the conviction that he has committed atrocious crimes. In a necropolis in the wilds of Canada, he seeks refuge and finds the last great creatures of the world - the shape-shifters known as the Nightbreed. They are possessed of unearthly powers-and so is Boone. In the hunt for Boone, they too will be hunted. Now only the courage of this strange human can save them from extinction. And only the undying passion of a woman can save Boone from his own corrupting hell... <br /><br />This novella is the basis for the Major Motion Picture - Nightbreed. <br /><br />Cover Design by: Christian Francis/Awesome Monkey UK]]></description>
  <work>
  <id type="integer">530471</id>
  <books_count type="integer">45</books_count>
  <best_book_id type="integer">103035</best_book_id>
  <reviews_count type="integer">23823</reviews_count>
  <ratings_sum type="integer">59450</ratings_sum>
  <ratings_count type="integer">15147</ratings_count>
  <text_reviews_count type="integer">374</text_reviews_count>
  <original_publication_year type="integer">1988</original_publication_year>
  <original_publication_month type="integer" nil="true"/>
  <original_publication_day type="integer" nil="true"/>
  <original_title>Cabal</original_title>
  <original_language_id type="integer" nil="true"/>
  <media_type>book</media_type>
  <rating_dist>5:4652|4:5782|3:3825|2:699|1:189|total:15147</rating_dist>
  <desc_user_id type="integer">30523872</desc_user_id>
  <default_chaptering_book_id type="integer" nil="true"/>
  <default_description_language_code nil="true"/>
</work>
  <average_rating>3.92</average_rating>
  <num_pages><![CDATA[358]]></num_pages>
  <format><![CDATA[]]></format>
  <edition_information><![CDATA[]]></edition_information>
  <ratings_count><![CDATA[13562]]></ratings_count>
  <text_reviews_count><![CDATA[256]]></text_reviews_count>
  <url><![CDATA[https://www.goodreads.com/book/show/103035.Cabal]]></url>
  <link><![CDATA[https://www.goodreads.com/book/show/103035.Cabal]]></link>
  <authors>
<author>
<id>10366</id>
<name>Clive Barker</name>
<role></role>
<image_url nophoto='false'>
<![CDATA[https://images.gr-assets.com/authors/1430330407p5/10366.jpg]]>
</image_url>
<small_image_url nophoto='false'>
<![CDATA[https://images.gr-assets.com/authors/1430330407p2/10366.jpg]]>
</small_image_url>
<link><![CDATA[https://www.goodreads.com/author/show/10366.Clive_Barker]]></link>
<average_rating>4.09</average_rating>
<ratings_count>429255</ratings_count>
<text_reviews_count>15366</text_reviews_count>
</author>
</authors>

    <reviews_widget>
      <![CDATA[
        <style>
  #goodreads-widget {
    font-family: georgia, serif;
    padding: 18px 0;
    width:565px;
  }
  #goodreads-widget h1 {
    font-weight:normal;
    font-size: 16px;
    border-bottom: 1px solid #BBB596;
    margin-bottom: 0;
  }
  #goodreads-widget a {
    text-decoration: none;
    color:#660;
  }
  iframe{
    background-color: #fff;
  }
  #goodreads-widget a:hover { text-decoration: underline; }
  #goodreads-widget a:active {
    color:#660;
  }
  #gr_footer {
    width: 100%;
    border-top: 1px solid #BBB596;
    text-align: right;
  }
  #goodreads-widget .gr_branding{
    color: #382110;
    font-size: 11px;
    text-decoration: none;
    font-family: "Helvetica Neue", Helvetica, Arial, sans-serif;
  }
</style>
<div id="goodreads-widget">
  <div id="gr_header"><h1><a rel="nofollow" href="https://www.goodreads.com/book/show/103035.Cabal">Cabal Reviews</a></h1></div>
  <iframe id="the_iframe" src="https://www.goodreads.com/api/reviews_widget_iframe?did=DEVELOPER_ID&amp;format=html&amp;isbn=0743417321&amp;links=660&amp;min_rating=&amp;review_back=fff&amp;stars=000&amp;text=000" width="565" height="400" frameborder="0"></iframe>
  <div id="gr_footer">
    <a class="gr_branding" target="_blank" rel="nofollow" href="https://www.goodreads.com/book/show/103035.Cabal?utm_medium=api&amp;utm_source=reviews_widget">Reviews from Goodreads.com</a>
  </div>
</div>

      ]]>
    </reviews_widget>
  <popular_shelves>
      <shelf name="to-read" count="1163"/>
      <shelf name="currently-reading" count="170"/>
      <shelf name="horror" count="114"/>
      <shelf name="favorites" count="105"/>
      <shelf name="owned" count="57"/>
      <shelf name="default" count="40"/>
      <shelf name="books-i-own" count="34"/>
      <shelf name="fiction" count="30"/>
      <shelf name="short-stories" count="30"/>
      <shelf name="fantasy" count="24"/>
      <shelf name="owned-books" count="23"/>
      <shelf name="thriller" count="21"/>
      <shelf name="clive-barker" count="19"/>
      <shelf name="dark-fantasy" count="19"/>
      <shelf name="novels" count="18"/>
      <shelf name="terror" count="17"/>
      <shelf name="wish-list" count="16"/>
      <shelf name="supernatural" count="15"/>
      <shelf name="my-library" count="11"/>
      <shelf name="to-buy" count="11"/>
      <shelf name="urban-fantasy" count="11"/>
      <shelf name="dark" count="10"/>
      <shelf name="barker" count="10"/>
      <shelf name="library" count="10"/>
      <shelf name="sci-fi-fantasy" count="9"/>
      <shelf name="barker-clive" count="8"/>
      <shelf name="monsters" count="8"/>
      <shelf name="my-books" count="7"/>
      <shelf name="ebook" count="7"/>
      <shelf name="mystery" count="7"/>
      <shelf name="horror-thriller" count="7"/>
      <shelf name="horror-fiction" count="7"/>
      <shelf name="fantasy-horror" count="7"/>
      <shelf name="read-in-2016" count="6"/>
      <shelf name="read-in-2015" count="6"/>
      <shelf name="kindle" count="6"/>
      <shelf name="fiction-horror" count="6"/>
      <shelf name="home-library" count="6"/>
      <shelf name="classics" count="6"/>
      <shelf name="ebooks" count="6"/>
      <shelf name="adult" count="6"/>
      <shelf name="romance" count="6"/>
      <shelf name="zombies" count="6"/>
      <shelf name="to-read-horror" count="6"/>
      <shelf name="books" count="5"/>
      <shelf name="demons" count="5"/>
      <shelf name="gothic" count="5"/>
      <shelf name="horror-supernatural" count="5"/>
      <shelf name="horror-dark-fantasy" count="5"/>
      <shelf name="paranormal" count="5"/>
      <shelf name="paperback" count="5"/>
      <shelf name="stories" count="5"/>
      <shelf name="hardback" count="5"/>
      <shelf name="shelfari-favorites" count="4"/>
      <shelf name="audio" count="4"/>
      <shelf name="collection" count="4"/>
      <shelf name="own-it" count="4"/>
      <shelf name="weird" count="4"/>
      <shelf name="fantasy-scifi" count="4"/>
      <shelf name="calibre" count="4"/>
      <shelf name="horror-mystery" count="4"/>
      <shelf name="ghost" count="4"/>
      <shelf name="have" count="4"/>
      <shelf name="finished" count="4"/>
      <shelf name="death" count="4"/>
      <shelf name="fantasy-sci-fi" count="3"/>
      <shelf name="recommended" count="3"/>
      <shelf name="buy" count="3"/>
      <shelf name="nook" count="3"/>
      <shelf name="1980s" count="3"/>
      <shelf name="re-read" count="3"/>
      <shelf name="66-no-longer-own" count="3"/>
      <shelf name="physical-books" count="3"/>
      <shelf name="serial-killer" count="3"/>
      <shelf name="scifi-fantasy-horror" count="3"/>
      <shelf name="zombie" count="3"/>
      <shelf name="horror-read" count="3"/>
      <shelf name="science-fiction" count="3"/>
      <shelf name="20th-century" count="3"/>
      <shelf name="horror-fantasy" count="3"/>
      <shelf name="short-story-collections" count="3"/>
      <shelf name="signed" count="3"/>
      <shelf name="my-collection" count="3"/>
      <shelf name="crime" count="3"/>
      <shelf name="adventure" count="3"/>
      <shelf name="novela" count="3"/>
      <shelf name="paper" count="3"/>
      <shelf name="general-fiction" count="3"/>
      <shelf name="in-my-library" count="3"/>
      <shelf name="unfinished" count="3"/>
      <shelf name="i-own" count="3"/>
      <shelf name="thriller-horror" count="3"/>
      <shelf name="anthology" count="3"/>
      <shelf name="own-a-copy" count="3"/>
      <shelf name="a" count="2"/>
      <shelf name="lo-tengo" count="2"/>
      <shelf name="werewolves" count="2"/>
      <shelf name="horror-short-stories" count="2"/>
      <shelf name="paranormal-supernatural" count="2"/>
      <shelf name="4-stars" count="2"/>
  </popular_shelves>
  <book_links>
    <book_link>
  <id>8</id>
  <name>Libraries</name>
  <link>https://www.goodreads.com/book_link/follow/8</link>
</book_link>

  </book_links>
  <buy_links>
    <buy_link>
<id>1</id>
<name>Amazon</name>
<link>https://www.goodreads.com/book_link/follow/1</link>
</buy_link>
<buy_link>
<id>10</id>
<name>Audible</name>
<link>https://www.goodreads.com/book_link/follow/10</link>
</buy_link>
<buy_link>
<id>3</id>
<name>Barnes &amp; Noble</name>
<link>https://www.goodreads.com/book_link/follow/3</link>
</buy_link>
<buy_link>
<id>1027</id>
<name>Kobo</name>
<link>https://www.goodreads.com/book_link/follow/1027</link>
</buy_link>
<buy_link>
<id>2102</id>
<name>Apple iBooks</name>
<link>https://www.goodreads.com/book_link/follow/2102</link>
</buy_link>
<buy_link>
<id>8036</id>
<name>Google Play</name>
<link>https://www.goodreads.com/book_link/follow/8036</link>
</buy_link>
<buy_link>
<id>4</id>
<name>Abebooks</name>
<link>https://www.goodreads.com/book_link/follow/4</link>
</buy_link>
<buy_link>
<id>882</id>
<name>Book Depository</name>
<link>https://www.goodreads.com/book_link/follow/882</link>
</buy_link>
<buy_link>
<id>9</id>
<name>Indigo</name>
<link>https://www.goodreads.com/book_link/follow/9</link>
</buy_link>
<buy_link>
<id>2</id>
<name>Half.com</name>
<link>https://www.goodreads.com/book_link/follow/2</link>
</buy_link>
<buy_link>
<id>5</id>
<name>Alibris</name>
<link>https://www.goodreads.com/book_link/follow/5</link>
</buy_link>
<buy_link>
<id>107</id>
<name>Better World Books</name>
<link>https://www.goodreads.com/book_link/follow/107</link>
</buy_link>
<buy_link>
<id>7</id>
<name>IndieBound</name>
<link>https://www.goodreads.com/book_link/follow/7</link>
</buy_link>

  </buy_links>
  <series_works>
    
  </series_works>
  <similar_books>
          <book>
<id>543154</id>
<title><![CDATA[Clive Barker's Night Breed: Genesis]]></title>
<title_without_series><![CDATA[Clive Barker's Night Breed: Genesis]]></title_without_series>
<link><![CDATA[https://www.goodreads.com/book/show/543154.Clive_Barker_s_Night_Breed]]></link>
<small_image_url><![CDATA[https://images.gr-assets.com/books/1333461890s/543154.jpg]]></small_image_url>
<image_url><![CDATA[https://images.gr-assets.com/books/1333461890m/543154.jpg]]></image_url>
<num_pages>127</num_pages>
<work>
<id>530468</id>
</work>
<isbn>0871357674</isbn>
<isbn13>9780871357670</isbn13>
<average_rating>4.15</average_rating>
<ratings_count>3155</ratings_count>
<publication_year>1992</publication_year>
<publication_month>1</publication_month>
<publication_day>1</publication_day>
<authors>
<author>
<id>28712</id>
<name>Alan Grant</name>
<link><![CDATA[https://www.goodreads.com/author/show/28712.Alan_Grant]]></link>
</author>
</authors>
</book>

          <book>
<id>52636</id>
<title><![CDATA[Clive Barker's A - Z of Horror]]></title>
<title_without_series><![CDATA[Clive Barker's A - Z of Horror]]></title_without_series>
<link><![CDATA[https://www.goodreads.com/book/show/52636.Clive_Barker_s_A_Z_of_Horror]]></link>
<small_image_url><![CDATA[https://s.gr-assets.com/assets/nophoto/book/50x75-a91bf249278a81aabab721ef782c4a74.png]]></small_image_url>
<image_url><![CDATA[https://s.gr-assets.com/assets/nophoto/book/111x148-bcc042a9c91a29c1d680899eff700a03.png]]></image_url>
<num_pages>256</num_pages>
<work>
<id>826913</id>
</work>
<isbn>0061053678</isbn>
<isbn13>9780061053672</isbn13>
<average_rating>4.01</average_rating>
<ratings_count>1537</ratings_count>
<publication_year>1998</publication_year>
<publication_month>8</publication_month>
<publication_day>26</publication_day>
<authors>
<author>
<id>6943</id>
<name>Stephen Jones</name>
<link><![CDATA[https://www.goodreads.com/author/show/6943.Stephen_Jones]]></link>
</author>
</authors>
</book>

          <book>
<id>34871</id>
<title><![CDATA[The Complete Clive Barker's The Great And Secret Show]]></title>
<title_without_series><![CDATA[The Complete Clive Barker's The Great And Secret Show]]></title_without_series>
<link><![CDATA[https://www.goodreads.com/book/show/34871.The_Complete_Clive_Barker_s_The_Great_And_Secret_Show]]></link>
<small_image_url><![CDATA[https://s.gr-assets.com/assets/nophoto/book/50x75-a91bf249278a81aabab721ef782c4a74.png]]></small_image_url>
<image_url><![CDATA[https://s.gr-assets.com/assets/nophoto/book/111x148-bcc042a9c91a29c1d680899eff700a03.png]]></image_url>
<num_pages>136</num_pages>
<work>
<id>34835</id>
</work>
<isbn>1600100295</isbn>
<isbn13>9781600100291</isbn13>
<average_rating>4.21</average_rating>
<ratings_count>15706</ratings_count>
<publication_year>2006</publication_year>
<publication_month>11</publication_month>
<publication_day>8</publication_day>
<authors>
<author>
<id>19710</id>
<name>Chris Ryall</name>
<link><![CDATA[https://www.goodreads.com/author/show/19710.Chris_Ryall]]></link>
</author>
</authors>
</book>

          <book>
<id>103029</id>
<title>Hellraiser: Collected Best II</title>
<title_without_series>Hellraiser: Collected Best II</title_without_series>
<link><![CDATA[https://www.goodreads.com/book/show/103029.Hellraiser]]></link>
<small_image_url><![CDATA[https://s.gr-assets.com/assets/nophoto/book/50x75-a91bf249278a81aabab721ef782c4a74.png]]></small_image_url>
<image_url><![CDATA[https://s.gr-assets.com/assets/nophoto/book/111x148-bcc042a9c91a29c1d680899eff700a03.png]]></image_url>
<num_pages>196</num_pages>
<work>
<id>99332</id>
</work>
<isbn>0971024979</isbn>
<isbn13>9780971024977</isbn13>
<average_rating>4.35</average_rating>
<ratings_count>1777</ratings_count>
<publication_year>2003</publication_year>
<publication_month>7</publication_month>
<publication_day>1</publication_day>
<authors>
<author>
<id>15087</id>
<name>John Bolton</name>
<link><![CDATA[https://www.goodreads.com/author/show/15087.John_Bolton]]></link>
</author>
</authors>
</book>

          <book>
<id>1771074</id>
<title>Cold Print</title>
<title_without_series>Cold Print</title_without_series>
<link><![CDATA[https://www.goodreads.com/book/show/1771074.Cold_Print]]></link>
<small_image_url><![CDATA[https://images.gr-assets.com/books/1303998814s/1771074.jpg]]></small_image_url>
<image_url><![CDATA[https://images.gr-assets.com/books/1303998814m/1771074.jpg]]></image_url>
<num_pages></num_pages>
<work>
<id>1769227</id>
</work>
<isbn>0812516605</isbn>
<isbn13>9780812516609</isbn13>
<average_rating>3.91</average_rating>
<ratings_count>884</ratings_count>
<publication_year></publication_year>
<publication_month></publication_month>
<publication_day></publication_day>
<authors>
<author>
<id>18253</id>
<name>Ramsey Campbell</name>
<link><![CDATA[https://www.goodreads.com/author/show/18253.Ramsey_Campbell]]></link>
</author>
</authors>
</book>

          <book>
<id>102143</id>
<title><![CDATA[Wormwood: A Collection of Short Stories]]></title>
<title_without_series><![CDATA[Wormwood: A Collection of Short Stories]]></title_without_series>
<link><![CDATA[https://www.goodreads.com/book/show/102143.Wormwood]]></link>
<small_image_url><![CDATA[https://images.gr-assets.com/books/1403189327s/102143.jpg]]></small_image_url>
<image_url><![CDATA[https://images.gr-assets.com/books/1403189327m/102143.jpg]]></image_url>
<num_pages></num_pages>
<work>
<id>138676</id>
</work>
<isbn>0440217989</isbn>
<isbn13>9780440217985</isbn13>
<average_rating>3.89</average_rating>
<ratings_count>4641</ratings_count>
<publication_year></publication_year>
<publication_month></publication_month>
<publication_day></publication_day>
<authors>
<author>
<id>9558</id>
<name>Poppy Z. Brite</name>
<link><![CDATA[https://www.goodreads.com/author/show/9558.Poppy_Z_Brite]]></link>
</author>
</authors>
</book>

          <book>
<id>399477</id>
<title><![CDATA[Clive Barker's Hellraiser: Collected Best Volume 1]]></title>
<title_without_series><![CDATA[Clive Barker's Hellraiser: Collected Best Volume 1]]></title_without_series>
<link><![CDATA[https://www.goodreads.com/book/show/399477.Clive_Barker_s_Hellraiser]]></link>
<small_image_url><![CDATA[https://s.gr-assets.com/assets/nophoto/book/50x75-a91bf249278a81aabab721ef782c4a74.png]]></small_image_url>
<image_url><![CDATA[https://s.gr-assets.com/assets/nophoto/book/111x148-bcc042a9c91a29c1d680899eff700a03.png]]></image_url>
<num_pages></num_pages>
<work>
<id>6076115</id>
</work>
<isbn>0971024928</isbn>
<isbn13>9780971024922</isbn13>
<average_rating>4.20</average_rating>
<ratings_count>7866</ratings_count>
<publication_year>2005</publication_year>
<publication_month>4</publication_month>
<publication_day>8</publication_day>
<authors>
<author>
<id>13265</id>
<name>Alex Ross</name>
<link><![CDATA[https://www.goodreads.com/author/show/13265.Alex_Ross]]></link>
</author>
</authors>
</book>

          <book>
<id>446813</id>
<title><![CDATA[Prime Evil: New Stories by the Masters of Modern Horror]]></title>
<title_without_series><![CDATA[Prime Evil: New Stories by the Masters of Modern Horror]]></title_without_series>
<link><![CDATA[https://www.goodreads.com/book/show/446813.Prime_Evil]]></link>
<small_image_url><![CDATA[https://images.gr-assets.com/books/1298080555s/446813.jpg]]></small_image_url>
<image_url><![CDATA[https://images.gr-assets.com/books/1298080555m/446813.jpg]]></image_url>
<num_pages></num_pages>
<work>
<id>435512</id>
</work>
<isbn>0451159098</isbn>
<isbn13>9780451159090</isbn13>
<average_rating>3.98</average_rating>
<ratings_count>2506</ratings_count>
<publication_year></publication_year>
<publication_month></publication_month>
<publication_day></publication_day>
<authors>
<author>
<id>18351</id>
<name>Douglas E. Winter</name>
<link><![CDATA[https://www.goodreads.com/author/show/18351.Douglas_E_Winter]]></link>
</author>
</authors>
</book>

          <book>
<id>66655</id>
<title>Necroscope (Necroscope, #1)</title>
<title_without_series>Necroscope</title_without_series>
<link><![CDATA[https://www.goodreads.com/book/show/66655.Necroscope]]></link>
<small_image_url><![CDATA[https://s.gr-assets.com/assets/nophoto/book/50x75-a91bf249278a81aabab721ef782c4a74.png]]></small_image_url>
<image_url><![CDATA[https://s.gr-assets.com/assets/nophoto/book/111x148-bcc042a9c91a29c1d680899eff700a03.png]]></image_url>
<num_pages>383</num_pages>
<work>
<id>1888272</id>
</work>
<isbn>031285787X</isbn>
<isbn13>9780312857875</isbn13>
<average_rating>3.99</average_rating>
<ratings_count>15739</ratings_count>
<publication_year>1994</publication_year>
<publication_month>12</publication_month>
<publication_day>1</publication_day>
<authors>
<author>
<id>20602</id>
<name>Brian Lumley</name>
<link><![CDATA[https://www.goodreads.com/author/show/20602.Brian_Lumley]]></link>
</author>
</authors>
</book>

          <book>
<id>1474964</id>
<title><![CDATA[Battle Royale Ultimate Edition Volume 1]]></title>
<title_without_series><![CDATA[Battle Royale Ultimate Edition Volume 1]]></title_without_series>
<link><![CDATA[https://www.goodreads.com/book/show/1474964.Battle_Royale_Ultimate_Edition_Volume_1]]></link>
<small_image_url><![CDATA[https://s.gr-assets.com/assets/nophoto/book/50x75-a91bf249278a81aabab721ef782c4a74.png]]></small_image_url>
<image_url><![CDATA[https://s.gr-assets.com/assets/nophoto/book/111x148-bcc042a9c91a29c1d680899eff700a03.png]]></image_url>
<num_pages></num_pages>
<work>
<id>21810402</id>
</work>
<isbn>1427807531</isbn>
<isbn13>9781427807533</isbn13>
<average_rating>4.16</average_rating>
<ratings_count>293</ratings_count>
<publication_year></publication_year>
<publication_month></publication_month>
<publication_day></publication_day>
<authors>
<author>
<id>32595</id>
<name>Koushun Takami</name>
<link><![CDATA[https://www.goodreads.com/author/show/32595.Koushun_Takami]]></link>
</author>
</authors>
</book>

          <book>
<id>906622</id>
<title>I Shudder at Your Touch</title>
<title_without_series>I Shudder at Your Touch</title_without_series>
<link><![CDATA[https://www.goodreads.com/book/show/906622.I_Shudder_at_Your_Touch]]></link>
<small_image_url><![CDATA[https://s.gr-assets.com/assets/nophoto/book/50x75-a91bf249278a81aabab721ef782c4a74.png]]></small_image_url>
<image_url><![CDATA[https://s.gr-assets.com/assets/nophoto/book/111x148-bcc042a9c91a29c1d680899eff700a03.png]]></image_url>
<num_pages>408</num_pages>
<work>
<id>150225</id>
</work>
<isbn>0451451600</isbn>
<isbn13>9780451451606</isbn13>
<average_rating>3.75</average_rating>
<ratings_count>1468</ratings_count>
<publication_year>1992</publication_year>
<publication_month>6</publication_month>
<publication_day>1</publication_day>
<authors>
<author>
<id>7644993</id>
<name>Michele Slung</name>
<link><![CDATA[https://www.goodreads.com/author/show/7644993.Michele_Slung]]></link>
</author>
</authors>
</book>

          <book>
<id>128506</id>
<title><![CDATA[Midnight Blue: Sonja Blue Collection]]></title>
<title_without_series><![CDATA[Midnight Blue: Sonja Blue Collection]]></title_without_series>
<link><![CDATA[https://www.goodreads.com/book/show/128506.Midnight_Blue]]></link>
<small_image_url><![CDATA[https://s.gr-assets.com/assets/nophoto/book/50x75-a91bf249278a81aabab721ef782c4a74.png]]></small_image_url>
<image_url><![CDATA[https://s.gr-assets.com/assets/nophoto/book/111x148-bcc042a9c91a29c1d680899eff700a03.png]]></image_url>
<num_pages></num_pages>
<work>
<id>123754</id>
</work>
<isbn>1565049004</isbn>
<isbn13>9781565049000</isbn13>
<average_rating>4.21</average_rating>
<ratings_count>1258</ratings_count>
<publication_year></publication_year>
<publication_month></publication_month>
<publication_day></publication_day>
<authors>
<author>
<id>48397</id>
<name>Nancy A. Collins</name>
<link><![CDATA[https://www.goodreads.com/author/show/48397.Nancy_A_Collins]]></link>
</author>
</authors>
</book>

          <book>
<id>208161</id>
<title>Book of the Dead</title>
<title_without_series>Book of the Dead</title_without_series>
<link><![CDATA[https://www.goodreads.com/book/show/208161.Book_of_the_Dead]]></link>
<small_image_url><![CDATA[https://images.gr-assets.com/books/1420259365s/208161.jpg]]></small_image_url>
<image_url><![CDATA[https://images.gr-assets.com/books/1420259365m/208161.jpg]]></image_url>
<num_pages>334</num_pages>
<work>
<id>201483</id>
</work>
<isbn>0929480082</isbn>
<isbn13>9780929480084</isbn13>
<average_rating>4.07</average_rating>
<ratings_count>3352</ratings_count>
<publication_year>1989</publication_year>
<publication_month>6</publication_month>
<publication_day>1</publication_day>
<authors>
<author>
<id>51518</id>
<name>John Skipp</name>
<link><![CDATA[https://www.goodreads.com/author/show/51518.John_Skipp]]></link>
</author>
</authors>
</book>

          <book>
<id>11291</id>
<title>Lovedeath</title>
<title_without_series>Lovedeath</title_without_series>
<link><![CDATA[https://www.goodreads.com/book/show/11291.Lovedeath]]></link>
<small_image_url><![CDATA[https://images.gr-assets.com/books/1166468581s/11291.jpg]]></small_image_url>
<image_url><![CDATA[https://images.gr-assets.com/books/1166468581m/11291.jpg]]></image_url>
<num_pages></num_pages>
<work>
<id>13963</id>
</work>
<isbn>0446600776</isbn>
<isbn13>9780446600774</isbn13>
<average_rating>3.74</average_rating>
<ratings_count>1177</ratings_count>
<publication_year>1994</publication_year>
<publication_month>11</publication_month>
<publication_day>1</publication_day>
<authors>
<author>
<id>2687</id>
<name>Dan Simmons</name>
<link><![CDATA[https://www.goodreads.com/author/show/2687.Dan_Simmons]]></link>
</author>
</authors>
</book>

          <book>
<id>700449</id>
<title><![CDATA[Splatter-Punks: The Definitive Anthology]]></title>
<title_without_series><![CDATA[Splatter-Punks: The Definitive Anthology]]></title_without_series>
<link><![CDATA[https://www.goodreads.com/book/show/700449.Splatter_Punks]]></link>
<small_image_url><![CDATA[https://images.gr-assets.com/books/1432954172s/700449.jpg]]></small_image_url>
<image_url><![CDATA[https://images.gr-assets.com/books/1432954172m/700449.jpg]]></image_url>
<num_pages>346</num_pages>
<work>
<id>686759</id>
</work>
<isbn>0312045816</isbn>
<isbn13>9780312045814</isbn13>
<average_rating>3.95</average_rating>
<ratings_count>516</ratings_count>
<publication_year>1990</publication_year>
<publication_month>11</publication_month>
<publication_day>1</publication_day>
<authors>
<author>
<id>45680</id>
<name>Paul M. Sammon</name>
<link><![CDATA[https://www.goodreads.com/author/show/45680.Paul_M_Sammon]]></link>
</author>
</authors>
</book>

          <book>
<id>363014</id>
<title>Borderlands 1 </title>
<title_without_series>Borderlands 1</title_without_series>
<link><![CDATA[https://www.goodreads.com/book/show/363014.Borderlands_1]]></link>
<small_image_url><![CDATA[https://images.gr-assets.com/books/1338011648s/363014.jpg]]></small_image_url>
<image_url><![CDATA[https://images.gr-assets.com/books/1338011648m/363014.jpg]]></image_url>
<num_pages>480</num_pages>
<work>
<id>353102</id>
</work>
<isbn>1565041070</isbn>
<isbn13>9781565041073</isbn13>
<average_rating>4.03</average_rating>
<ratings_count>644</ratings_count>
<publication_year>1994</publication_year>
<publication_month>12</publication_month>
<publication_day>1</publication_day>
<authors>
<author>
<id>207766</id>
<name>Thomas F. Monteleone</name>
<link><![CDATA[https://www.goodreads.com/author/show/207766.Thomas_F_Monteleone]]></link>
</author>
</authors>
</book>

          <book>
<id>564317</id>
<title><![CDATA[The Lurking Fear and Other Stories]]></title>
<title_without_series><![CDATA[The Lurking Fear and Other Stories]]></title_without_series>
<link><![CDATA[https://www.goodreads.com/book/show/564317.The_Lurking_Fear_and_Other_Stories]]></link>
<small_image_url><![CDATA[https://s.gr-assets.com/assets/nophoto/book/50x75-a91bf249278a81aabab721ef782c4a74.png]]></small_image_url>
<image_url><![CDATA[https://s.gr-assets.com/assets/nophoto/book/111x148-bcc042a9c91a29c1d680899eff700a03.png]]></image_url>
<num_pages>182</num_pages>
<work>
<id>551434</id>
</work>
<isbn>0345326040</isbn>
<isbn13>9780345326041</isbn13>
<average_rating>4.20</average_rating>
<ratings_count>2199</ratings_count>
<publication_year>1987</publication_year>
<publication_month>5</publication_month>
<publication_day>12</publication_day>
<authors>
<author>
<id>9494</id>
<name>H.P. Lovecraft</name>
<link><![CDATA[https://www.goodreads.com/author/show/9494.H_P_Lovecraft]]></link>
</author>
</authors>
</book>

          <book>
<id>219597</id>
<title>Noctuary</title>
<title_without_series>Noctuary</title_without_series>
<link><![CDATA[https://www.goodreads.com/book/show/219597.Noctuary]]></link>
<small_image_url><![CDATA[https://s.gr-assets.com/assets/nophoto/book/50x75-a91bf249278a81aabab721ef782c4a74.png]]></small_image_url>
<image_url><![CDATA[https://s.gr-assets.com/assets/nophoto/book/111x148-bcc042a9c91a29c1d680899eff700a03.png]]></image_url>
<num_pages></num_pages>
<work>
<id>4394</id>
</work>
<isbn>0786702354</isbn>
<isbn13>9780786702350</isbn13>
<average_rating>4.08</average_rating>
<ratings_count>1095</ratings_count>
<publication_year>1995</publication_year>
<publication_month>4</publication_month>
<publication_day>25</publication_day>
<authors>
<author>
<id>128466</id>
<name>Thomas Ligotti</name>
<link><![CDATA[https://www.goodreads.com/author/show/128466.Thomas_Ligotti]]></link>
</author>
</authors>
</book>

  </similar_books>
</book>

</GoodreadsResponse>