<?xml version="1.0" encoding="UTF-8"?>
<GoodreadsResponse>
  <Request>
    <authentication>true</authentication>
      <key><![CDATA[all_men_must_serve]]></key>
    <method><![CDATA[book_show]]></method>
  </Request>
  <book>
  <id>103159</id>
  <title><![CDATA[The Forsyte Saga (The Forsyte Chronicles, #1-3)]]></title>
  <isbn><![CDATA[0192838628]]></isbn>
  <isbn13><![CDATA[9780192838629]]></isbn13>
  <asin><![CDATA[]]></asin>
  <kindle_asin><![CDATA[B01JMDDA66]]></kindle_asin>
  <marketplace_id><![CDATA[A1F83G8C2ARO7P]]></marketplace_id>
  <country_code><![CDATA[GB]]></country_code>
  <image_url>https://s.gr-assets.com/assets/nophoto/book/111x148-bcc042a9c91a29c1d680899eff700a03.png</image_url>
  <small_image_url>https://s.gr-assets.com/assets/nophoto/book/50x75-a91bf249278a81aabab721ef782c4a74.png</small_image_url>
  <publication_year>1999</publication_year>
  <publication_month>5</publication_month>
  <publication_day>13</publication_day>
  <publisher>Oxford University Press</publisher>
  <language_code>eng</language_code>
  <is_ebook>false</is_ebook>
  <description><![CDATA[The three novels which make up The Forsyte Saga chronicle the ebbing social power of the commercial upper-middle class Forsyte family between 1886 and 1920. Soames Forsyte is the brilliantly portrayed central figure, a Victorian who outlives the age, and whose baffled passion for his beautiful but unresponsive wife Irene reverberates throughout the saga.<br />Written with both compassion and ironic detachment, Galsworthy's masterly narrative examines not only their fortunes but also the wider developments within society, particularly the changing position of women in an intensely competitive male world. Above all, Gallsworthy is concerned with the conflict at the heart of English culture between the soulless materialism of wealth and property and the humane instincts of love beauty and art.<br />--from the back cover]]></description>
  <work>
  <id type="integer">842726</id>
  <books_count type="integer">185</books_count>
  <best_book_id type="integer">103159</best_book_id>
  <reviews_count type="integer">34689</reviews_count>
  <ratings_sum type="integer">66817</ratings_sum>
  <ratings_count type="integer">16093</ratings_count>
  <text_reviews_count type="integer">712</text_reviews_count>
  <original_publication_year type="integer">1921</original_publication_year>
  <original_publication_month type="integer" nil="true"/>
  <original_publication_day type="integer" nil="true"/>
  <original_title>The Forsyte Saga</original_title>
  <original_language_id type="integer" nil="true"/>
  <media_type>book</media_type>
  <rating_dist>5:7105|4:5422|3:2721|2:596|1:249|total:16093</rating_dist>
  <desc_user_id type="integer">4298532</desc_user_id>
  <default_chaptering_book_id type="integer" nil="true"/>
  <default_description_language_code nil="true"/>
</work>
  <average_rating>4.15</average_rating>
  <num_pages><![CDATA[872]]></num_pages>
  <format><![CDATA[Paperback]]></format>
  <edition_information><![CDATA[Oxford World's Classics, UK / USA]]></edition_information>
  <ratings_count><![CDATA[14221]]></ratings_count>
  <text_reviews_count><![CDATA[518]]></text_reviews_count>
  <url><![CDATA[https://www.goodreads.com/book/show/103159.The_Forsyte_Saga]]></url>
  <link><![CDATA[https://www.goodreads.com/book/show/103159.The_Forsyte_Saga]]></link>
  <authors>
<author>
<id>7419</id>
<name>John Galsworthy</name>
<role></role>
<image_url nophoto='false'>
<![CDATA[https://images.gr-assets.com/authors/1238941413p5/7419.jpg]]>
</image_url>
<small_image_url nophoto='false'>
<![CDATA[https://images.gr-assets.com/authors/1238941413p2/7419.jpg]]>
</small_image_url>
<link><![CDATA[https://www.goodreads.com/author/show/7419.John_Galsworthy]]></link>
<average_rating>4.11</average_rating>
<ratings_count>27290</ratings_count>
<text_reviews_count>1477</text_reviews_count>
</author>
</authors>

    <reviews_widget>
      <![CDATA[
        <style>
  #goodreads-widget {
    font-family: georgia, serif;
    padding: 18px 0;
    width:565px;
  }
  #goodreads-widget h1 {
    font-weight:normal;
    font-size: 16px;
    border-bottom: 1px solid #BBB596;
    margin-bottom: 0;
  }
  #goodreads-widget a {
    text-decoration: none;
    color:#660;
  }
  iframe{
    background-color: #fff;
  }
  #goodreads-widget a:hover { text-decoration: underline; }
  #goodreads-widget a:active {
    color:#660;
  }
  #gr_footer {
    width: 100%;
    border-top: 1px solid #BBB596;
    text-align: right;
  }
  #goodreads-widget .gr_branding{
    color: #382110;
    font-size: 11px;
    text-decoration: none;
    font-family: "Helvetica Neue", Helvetica, Arial, sans-serif;
  }
</style>
<div id="goodreads-widget">
  <div id="gr_header"><h1><a rel="nofollow" href="https://www.goodreads.com/book/show/103159.The_Forsyte_Saga">The Forsyte Saga Reviews</a></h1></div>
  <iframe id="the_iframe" src="https://www.goodreads.com/api/reviews_widget_iframe?did=DEVELOPER_ID&amp;format=html&amp;isbn=0192838628&amp;links=660&amp;min_rating=&amp;review_back=fff&amp;stars=000&amp;text=000" width="565" height="400" frameborder="0"></iframe>
  <div id="gr_footer">
    <a class="gr_branding" target="_blank" rel="nofollow" href="https://www.goodreads.com/book/show/103159.The_Forsyte_Saga?utm_medium=api&amp;utm_source=reviews_widget">Reviews from Goodreads.com</a>
  </div>
</div>

      ]]>
    </reviews_widget>
  <popular_shelves>
      <shelf name="to-read" count="16495"/>
      <shelf name="classics" count="612"/>
      <shelf name="currently-reading" count="529"/>
      <shelf name="fiction" count="333"/>
      <shelf name="historical-fiction" count="184"/>
      <shelf name="favorites" count="177"/>
      <shelf name="classic" count="111"/>
      <shelf name="1001-books" count="104"/>
      <shelf name="owned" count="85"/>
      <shelf name="1001" count="76"/>
      <shelf name="british" count="65"/>
      <shelf name="books-i-own" count="63"/>
      <shelf name="kindle" count="59"/>
      <shelf name="literature" count="57"/>
      <shelf name="1001-books-to-read-before-you-die" count="52"/>
      <shelf name="romance" count="49"/>
      <shelf name="british-literature" count="35"/>
      <shelf name="historical" count="33"/>
      <shelf name="classic-literature" count="33"/>
      <shelf name="20th-century" count="31"/>
      <shelf name="england" count="31"/>
      <shelf name="novels" count="29"/>
      <shelf name="series" count="28"/>
      <shelf name="nobel-prize" count="26"/>
      <shelf name="owned-books" count="26"/>
      <shelf name="1001-import" count="24"/>
      <shelf name="1001-books-to-read" count="24"/>
      <shelf name="english" count="24"/>
      <shelf name="bbc-big-read" count="23"/>
      <shelf name="brit-lit" count="22"/>
      <shelf name="classics-to-read" count="21"/>
      <shelf name="literary-fiction" count="21"/>
      <shelf name="novel" count="21"/>
      <shelf name="19th-century" count="21"/>
      <shelf name="victorian" count="20"/>
      <shelf name="family-saga" count="20"/>
      <shelf name="library" count="19"/>
      <shelf name="1001-to-read" count="19"/>
      <shelf name="to-buy" count="19"/>
      <shelf name="nobel" count="18"/>
      <shelf name="english-literature" count="18"/>
      <shelf name="wish-list" count="18"/>
      <shelf name="classic-fiction" count="17"/>
      <shelf name="default" count="16"/>
      <shelf name="to-read-fiction" count="16"/>
      <shelf name="nobel-laureates" count="16"/>
      <shelf name="favourites" count="16"/>
      <shelf name="john-galsworthy" count="14"/>
      <shelf name="audiobook" count="14"/>
      <shelf name="family" count="14"/>
      <shelf name="1001-books-you-must-read-before-you" count="14"/>
      <shelf name="ebook" count="13"/>
      <shelf name="e-book" count="13"/>
      <shelf name="my-library" count="12"/>
      <shelf name="unfinished" count="12"/>
      <shelf name="unread" count="12"/>
      <shelf name="to-read-classics" count="11"/>
      <shelf name="uk" count="11"/>
      <shelf name="1900s" count="11"/>
      <shelf name="ebooks" count="10"/>
      <shelf name="e-books" count="10"/>
      <shelf name="british-lit" count="10"/>
      <shelf name="drama" count="10"/>
      <shelf name="1920s" count="10"/>
      <shelf name="audio" count="10"/>
      <shelf name="family-sagas" count="9"/>
      <shelf name="maybe" count="9"/>
      <shelf name="general-fiction" count="9"/>
      <shelf name="audiobooks" count="9"/>
      <shelf name="classic-lit" count="9"/>
      <shelf name="history" count="9"/>
      <shelf name="kindle-books" count="8"/>
      <shelf name="own-to-read" count="8"/>
      <shelf name="london" count="8"/>
      <shelf name="nobel-prize-winners" count="8"/>
      <shelf name="my-books" count="8"/>
      <shelf name="fiction-historical" count="8"/>
      <shelf name="on-kindle" count="8"/>
      <shelf name="europe" count="8"/>
      <shelf name="book-club" count="8"/>
      <shelf name="britain" count="8"/>
      <shelf name="british-classics" count="8"/>
      <shelf name="english-classics" count="7"/>
      <shelf name="bbc-200" count="7"/>
      <shelf name="abandoned" count="7"/>
      <shelf name="audible" count="7"/>
      <shelf name="i-own" count="7"/>
      <shelf name="adult-fiction" count="7"/>
      <shelf name="didn-t-finish" count="7"/>
      <shelf name="to-read-own" count="7"/>
      <shelf name="own-it" count="6"/>
      <shelf name="fiction-classics" count="6"/>
      <shelf name="tbr" count="6"/>
      <shelf name="did-not-finish" count="6"/>
      <shelf name="guardian-1000" count="6"/>
      <shelf name="saga" count="6"/>
      <shelf name="home-library" count="6"/>
      <shelf name="on-hold" count="6"/>
      <shelf name="epic" count="6"/>
      <shelf name="bbc-top-200" count="6"/>
  </popular_shelves>
  <book_links>
    <book_link>
  <id>8</id>
  <name>Libraries</name>
  <link>https://www.goodreads.com/book_link/follow/8</link>
</book_link>

  </book_links>
  <buy_links>
    <buy_link>
<id>1</id>
<name>Amazon</name>
<link>https://www.goodreads.com/book_link/follow/1</link>
</buy_link>
<buy_link>
<id>10</id>
<name>Audible</name>
<link>https://www.goodreads.com/book_link/follow/10</link>
</buy_link>
<buy_link>
<id>3</id>
<name>Barnes &amp; Noble</name>
<link>https://www.goodreads.com/book_link/follow/3</link>
</buy_link>
<buy_link>
<id>1027</id>
<name>Kobo</name>
<link>https://www.goodreads.com/book_link/follow/1027</link>
</buy_link>
<buy_link>
<id>2102</id>
<name>Apple iBooks</name>
<link>https://www.goodreads.com/book_link/follow/2102</link>
</buy_link>
<buy_link>
<id>8036</id>
<name>Google Play</name>
<link>https://www.goodreads.com/book_link/follow/8036</link>
</buy_link>
<buy_link>
<id>4</id>
<name>Abebooks</name>
<link>https://www.goodreads.com/book_link/follow/4</link>
</buy_link>
<buy_link>
<id>882</id>
<name>Book Depository</name>
<link>https://www.goodreads.com/book_link/follow/882</link>
</buy_link>
<buy_link>
<id>9</id>
<name>Indigo</name>
<link>https://www.goodreads.com/book_link/follow/9</link>
</buy_link>
<buy_link>
<id>2</id>
<name>Half.com</name>
<link>https://www.goodreads.com/book_link/follow/2</link>
</buy_link>
<buy_link>
<id>5</id>
<name>Alibris</name>
<link>https://www.goodreads.com/book_link/follow/5</link>
</buy_link>
<buy_link>
<id>107</id>
<name>Better World Books</name>
<link>https://www.goodreads.com/book_link/follow/107</link>
</buy_link>
<buy_link>
<id>7</id>
<name>IndieBound</name>
<link>https://www.goodreads.com/book_link/follow/7</link>
</buy_link>

  </buy_links>
  <series_works>
    <series_work>
<id>251787</id>
<user_position>1-3</user_position>
<series>
<id>59583</id>
<title>
<![CDATA[
    The Forsyte Chronicles
]]>
</title>
<description>
<![CDATA[
    The Forsyte Chronicles includes 9 novels and several interludes. It is divided into three trilogies:
    1. <a href="http://www.goodreads.com/series/56734-the-forsyte-saga">The Forsyte Saga</a> (<a href="http://www.goodreads.com/book/show/2050364.The_Man_of_Property">The Man of Property</a>, <a href="http://www.goodreads.com/book/show/2097613.In_Chancery">In Chancery</i></a> and <a href="http://www.goodreads.com/book/show/2097612.To_Let">To Let</a>)
    2. <a href="http://www.goodreads.com/series/83154-a-modern-comedy">A Modern Comedy</a> (<a href="http://www.goodreads.com/book/show/429766.The_White_Monkey">The White Monkey</a>, <a href="http://www.goodreads.com/book/show/2097610.The_Forsyte_Saga">The Silver Spoon</a> and <a href="http://www.goodreads.com/book/show/1380987.The_Forsyte_Saga">Swan Song</a>)
    3. <a href="http://www.goodreads.com/series/83275-end-of-the-chapter">End of the Chapter</a> (<a href="http://www.goodreads.com/book/show/2097614.The_Forsyte_Saga">Maid in Waiting</a>, <a href="http://www.goodreads.com/book/show/2097617.The_Forsyte_Saga">Flowering Wilderness</a> and <a href="http://www.goodreads.com/book/show/2097611.The_Forsyte_Saga">One More River</a>)
]]>
</description>
<note>
<![CDATA[
    There are 9 volumes, 4 interludes and a collection of short stories. Volumes 1 to 3 - The Man of Property, In Chancery and To Let - and two interludes - Indian Summer of a Forsyte and Awakening - were published under the title The Forsyte Saga.
    <br>Volumes 4 to 6 - The White Monkey, The Silver Spoon and Swan Song - and two interludes - A Silent Wooing and Passers By - were published under the title A Modern Comedy.
    <br>Volumes 7 to 9 - Maid in Waiting, Flowering Wilderness and Over the River (One More River) - were published under the title End of the Chapter.
]]>
</note>
<series_works_count>24</series_works_count>
<primary_work_count>9</primary_work_count>
<numbered>true</numbered>
</series>

</series_work>
<series_work>
<id>231406</id>
<user_position>1-3</user_position>
<series>
<id>56734</id>
<title>
<![CDATA[
    The Forsyte Saga
]]>
</title>
<description>
<![CDATA[
    The numbering on this series marks the "interludes" in half-steps.
    
    This series is the first part of the <a href="http://www.goodreads.com/series/59583-the-forsyte-chronicles">Forsyte Chronicles</a>.
]]>
</description>
<note>
<![CDATA[
    There seems to be some ambiguity about which books are properly includible in the "Forsyte Saga".  This series marker follows the approach of the original publication, in which Forsyte Saga included three main stories - The Man of Property, In Chancery, and To Let - and two interludes - Indian Summer of a Forsyte and Awakening.  Galsworthy went on to write more books about the Forsyte family.  These subsequent books, however, were published as elements of two other series, named "A Modern Comedy" and "The End of the Chapter".  At least one later edition of the Forsyte family stories took a different approach to nomenclature, expanding the term "Forsyte Saga" to include these later stories as well.
]]>
</note>
<series_works_count>13</series_works_count>
<primary_work_count>4</primary_work_count>
<numbered>true</numbered>
</series>

</series_work>

  </series_works>
  <similar_books>
          <book>
<id>344230</id>
<title>The Glimpses of the Moon</title>
<title_without_series>The Glimpses of the Moon</title_without_series>
<link><![CDATA[https://www.goodreads.com/book/show/344230.The_Glimpses_of_the_Moon]]></link>
<small_image_url><![CDATA[https://s.gr-assets.com/assets/nophoto/book/50x75-a91bf249278a81aabab721ef782c4a74.png]]></small_image_url>
<image_url><![CDATA[https://s.gr-assets.com/assets/nophoto/book/111x148-bcc042a9c91a29c1d680899eff700a03.png]]></image_url>
<num_pages>272</num_pages>
<work>
<id>2283242</id>
</work>
<isbn>0451526686</isbn>
<isbn13>9780451526687</isbn13>
<average_rating>3.83</average_rating>
<ratings_count>2352</ratings_count>
<publication_year>2000</publication_year>
<publication_month>9</publication_month>
<publication_day>1</publication_day>
<authors>
<author>
<id>16</id>
<name>Edith Wharton</name>
<link><![CDATA[https://www.goodreads.com/author/show/16.Edith_Wharton]]></link>
</author>
</authors>
</book>

          <book>
<id>514761</id>
<title><![CDATA[Miss Marjoribanks (Chronicles of Carlingford, #5)]]></title>
<title_without_series>Miss Marjoribanks</title_without_series>
<link><![CDATA[https://www.goodreads.com/book/show/514761.Miss_Marjoribanks]]></link>
<small_image_url><![CDATA[https://s.gr-assets.com/assets/nophoto/book/50x75-a91bf249278a81aabab721ef782c4a74.png]]></small_image_url>
<image_url><![CDATA[https://s.gr-assets.com/assets/nophoto/book/111x148-bcc042a9c91a29c1d680899eff700a03.png]]></image_url>
<num_pages>512</num_pages>
<work>
<id>502725</id>
</work>
<isbn>0140436308</isbn>
<isbn13>9780140436303</isbn13>
<average_rating>3.76</average_rating>
<ratings_count>1844</ratings_count>
<publication_year>1998</publication_year>
<publication_month>10</publication_month>
<publication_day>29</publication_day>
<authors>
<author>
<id>14266369</id>
<name>Mrs. Oliphant</name>
<link><![CDATA[https://www.goodreads.com/author/show/14266369.Mrs_Oliphant]]></link>
</author>
</authors>
</book>

          <book>
<id>608762</id>
<title>The Absentee</title>
<title_without_series>The Absentee</title_without_series>
<link><![CDATA[https://www.goodreads.com/book/show/608762.The_Absentee]]></link>
<small_image_url><![CDATA[https://images.gr-assets.com/books/1309287191s/608762.jpg]]></small_image_url>
<image_url><![CDATA[https://images.gr-assets.com/books/1309287191m/608762.jpg]]></image_url>
<num_pages>320</num_pages>
<work>
<id>595262</id>
</work>
<isbn>0140436456</isbn>
<isbn13>9780140436457</isbn13>
<average_rating>3.57</average_rating>
<ratings_count>1260</ratings_count>
<publication_year>2000</publication_year>
<publication_month>5</publication_month>
<publication_day>3</publication_day>
<authors>
<author>
<id>82939</id>
<name>Maria Edgeworth</name>
<link><![CDATA[https://www.goodreads.com/author/show/82939.Maria_Edgeworth]]></link>
</author>
</authors>
</book>

          <book>
<id>1122534</id>
<title>The Edwardians </title>
<title_without_series>The Edwardians</title_without_series>
<link><![CDATA[https://www.goodreads.com/book/show/1122534.The_Edwardians]]></link>
<small_image_url><![CDATA[https://images.gr-assets.com/books/1344697988s/1122534.jpg]]></small_image_url>
<image_url><![CDATA[https://images.gr-assets.com/books/1344697988m/1122534.jpg]]></image_url>
<num_pages>285</num_pages>
<work>
<id>1109619</id>
</work>
<isbn>0860683591</isbn>
<isbn13>9780860683599</isbn13>
<average_rating>3.76</average_rating>
<ratings_count>787</ratings_count>
<publication_year></publication_year>
<publication_month></publication_month>
<publication_day></publication_day>
<authors>
<author>
<id>3904620</id>
<name>Vita Sackville-West</name>
<link><![CDATA[https://www.goodreads.com/author/show/3904620.Vita_Sackville_West]]></link>
</author>
</authors>
</book>

          <book>
<id>782519</id>
<title>New Grub Street</title>
<title_without_series>New Grub Street</title_without_series>
<link><![CDATA[https://www.goodreads.com/book/show/782519.New_Grub_Street]]></link>
<small_image_url><![CDATA[https://images.gr-assets.com/books/1414700331s/782519.jpg]]></small_image_url>
<image_url><![CDATA[https://images.gr-assets.com/books/1414700331m/782519.jpg]]></image_url>
<num_pages>560</num_pages>
<work>
<id>768534</id>
</work>
<isbn>0140430326</isbn>
<isbn13>9780140430325</isbn13>
<average_rating>3.72</average_rating>
<ratings_count>4554</ratings_count>
<publication_year>1976</publication_year>
<publication_month>6</publication_month>
<publication_day>24</publication_day>
<authors>
<author>
<id>4532116</id>
<name>George Gissing</name>
<link><![CDATA[https://www.goodreads.com/author/show/4532116.George_Gissing]]></link>
</author>
</authors>
</book>

          <book>
<id>182381</id>
<title>Cranford</title>
<title_without_series>Cranford</title_without_series>
<link><![CDATA[https://www.goodreads.com/book/show/182381.Cranford]]></link>
<small_image_url><![CDATA[https://images.gr-assets.com/books/1375746052s/182381.jpg]]></small_image_url>
<image_url><![CDATA[https://images.gr-assets.com/books/1375746052m/182381.jpg]]></image_url>
<num_pages>257</num_pages>
<work>
<id>1016559</id>
</work>
<isbn>0141439882</isbn>
<isbn13>9780141439884</isbn13>
<average_rating>3.85</average_rating>
<ratings_count>29053</ratings_count>
<publication_year>2005</publication_year>
<publication_month>6</publication_month>
<publication_day>30</publication_day>
<authors>
<author>
<id>1413437</id>
<name>Elizabeth Gaskell</name>
<link><![CDATA[https://www.goodreads.com/author/show/1413437.Elizabeth_Gaskell]]></link>
</author>
</authors>
</book>

  </similar_books>
</book>

</GoodreadsResponse>