<?xml version="1.0" encoding="UTF-8"?>
<GoodreadsResponse>
  <Request>
    <authentication>true</authentication>
      <key><![CDATA[all_men_must_serve]]></key>
    <method><![CDATA[book_show]]></method>
  </Request>
  <book>
  <id>1031461</id>
  <title>Stone Soup</title>
  <isbn><![CDATA[0590416022]]></isbn>
  <isbn13><![CDATA[9780590416023]]></isbn13>
  <asin><![CDATA[]]></asin>
  <kindle_asin><![CDATA[]]></kindle_asin>
  <marketplace_id><![CDATA[]]></marketplace_id>
  <country_code><![CDATA[GB]]></country_code>
  <image_url>https://images.gr-assets.com/books/1360057986m/1031461.jpg</image_url>
  <small_image_url>https://images.gr-assets.com/books/1360057986s/1031461.jpg</small_image_url>
  <publication_year>1986</publication_year>
  <publication_month>9</publication_month>
  <publication_day>1</publication_day>
  <publisher>Scholastic Paperbacks</publisher>
  <language_code>en-US</language_code>
  <is_ebook>false</is_ebook>
  <description><![CDATA[A clever young man tricks an old woman into believing that soup can be made from a stone. As the pot of water boils with the stone in it, he urges her to add more and more ingredients until the soup is a feast "fit for a king".]]></description>
  <work>
  <id type="integer">1017724</id>
  <books_count type="integer">11</books_count>
  <best_book_id type="integer">1031461</best_book_id>
  <reviews_count type="integer">28215</reviews_count>
  <ratings_sum type="integer">109225</ratings_sum>
  <ratings_count type="integer">25543</ratings_count>
  <text_reviews_count type="integer">184</text_reviews_count>
  <original_publication_year type="integer">1971</original_publication_year>
  <original_publication_month type="integer">2</original_publication_month>
  <original_publication_day type="integer">1</original_publication_day>
  <original_title>Stone Soup</original_title>
  <original_language_id type="integer" nil="true"/>
  <media_type>book</media_type>
  <rating_dist>5:13329|4:6995|3:4351|2:679|1:189|total:25543</rating_dist>
  <desc_user_id type="integer">-51</desc_user_id>
  <default_chaptering_book_id type="integer" nil="true"/>
  <default_description_language_code nil="true"/>
</work>
  <average_rating>4.28</average_rating>
  <num_pages><![CDATA[32]]></num_pages>
  <format><![CDATA[Paperback]]></format>
  <edition_information><![CDATA[]]></edition_information>
  <ratings_count><![CDATA[25524]]></ratings_count>
  <text_reviews_count><![CDATA[181]]></text_reviews_count>
  <url><![CDATA[https://www.goodreads.com/book/show/1031461.Stone_Soup]]></url>
  <link><![CDATA[https://www.goodreads.com/book/show/1031461.Stone_Soup]]></link>
  <authors>
<author>
<id>179</id>
<name>Ann McGovern</name>
<role></role>
<image_url nophoto='false'>
<![CDATA[https://images.gr-assets.com/authors/1442438445p5/179.jpg]]>
</image_url>
<small_image_url nophoto='false'>
<![CDATA[https://images.gr-assets.com/authors/1442438445p2/179.jpg]]>
</small_image_url>
<link><![CDATA[https://www.goodreads.com/author/show/179.Ann_McGovern]]></link>
<average_rating>4.23</average_rating>
<ratings_count>28663</ratings_count>
<text_reviews_count>670</text_reviews_count>
</author>
<author>
<id>500770</id>
<name>Winslow Pinney Pels</name>
<role>Illustrator </role>
<image_url nophoto='true'>
<![CDATA[https://s.gr-assets.com/assets/nophoto/user/u_200x266-e183445fd1a1b5cc7075bb1cf7043306.png]]>
</image_url>
<small_image_url nophoto='true'>
<![CDATA[https://s.gr-assets.com/assets/nophoto/user/u_50x66-632230dc9882b4352d753eedf9396530.png]]>
</small_image_url>
<link><![CDATA[https://www.goodreads.com/author/show/500770.Winslow_Pinney_Pels]]></link>
<average_rating>4.27</average_rating>
<ratings_count>25861</ratings_count>
<text_reviews_count>216</text_reviews_count>
</author>
<author>
<id>5790619</id>
<name>Winslow Pinn</name>
<role>Illustrations</role>
<image_url nophoto='true'>
<![CDATA[https://s.gr-assets.com/assets/nophoto/user/u_200x266-e183445fd1a1b5cc7075bb1cf7043306.png]]>
</image_url>
<small_image_url nophoto='true'>
<![CDATA[https://s.gr-assets.com/assets/nophoto/user/u_50x66-632230dc9882b4352d753eedf9396530.png]]>
</small_image_url>
<link><![CDATA[https://www.goodreads.com/author/show/5790619.Winslow_Pinn]]></link>
<average_rating>4.28</average_rating>
<ratings_count>25524</ratings_count>
<text_reviews_count>181</text_reviews_count>
</author>
<author>
<id>5790620</id>
<name>Ey Pels</name>
<role>Illustrations</role>
<image_url nophoto='true'>
<![CDATA[https://s.gr-assets.com/assets/nophoto/user/u_200x266-e183445fd1a1b5cc7075bb1cf7043306.png]]>
</image_url>
<small_image_url nophoto='true'>
<![CDATA[https://s.gr-assets.com/assets/nophoto/user/u_50x66-632230dc9882b4352d753eedf9396530.png]]>
</small_image_url>
<link><![CDATA[https://www.goodreads.com/author/show/5790620.Ey_Pels]]></link>
<average_rating>4.28</average_rating>
<ratings_count>25524</ratings_count>
<text_reviews_count>181</text_reviews_count>
</author>
</authors>

    <reviews_widget>
      <![CDATA[
        <style>
  #goodreads-widget {
    font-family: georgia, serif;
    padding: 18px 0;
    width:565px;
  }
  #goodreads-widget h1 {
    font-weight:normal;
    font-size: 16px;
    border-bottom: 1px solid #BBB596;
    margin-bottom: 0;
  }
  #goodreads-widget a {
    text-decoration: none;
    color:#660;
  }
  iframe{
    background-color: #fff;
  }
  #goodreads-widget a:hover { text-decoration: underline; }
  #goodreads-widget a:active {
    color:#660;
  }
  #gr_footer {
    width: 100%;
    border-top: 1px solid #BBB596;
    text-align: right;
  }
  #goodreads-widget .gr_branding{
    color: #382110;
    font-size: 11px;
    text-decoration: none;
    font-family: "Helvetica Neue", Helvetica, Arial, sans-serif;
  }
</style>
<div id="goodreads-widget">
  <div id="gr_header"><h1><a rel="nofollow" href="https://www.goodreads.com/book/show/1031461.Stone_Soup">Stone Soup Reviews</a></h1></div>
  <iframe id="the_iframe" src="https://www.goodreads.com/api/reviews_widget_iframe?did=DEVELOPER_ID&amp;format=html&amp;isbn=0590416022&amp;links=660&amp;min_rating=&amp;review_back=fff&amp;stars=000&amp;text=000" width="565" height="400" frameborder="0"></iframe>
  <div id="gr_footer">
    <a class="gr_branding" target="_blank" rel="nofollow" href="https://www.goodreads.com/book/show/1031461.Stone_Soup?utm_medium=api&amp;utm_source=reviews_widget">Reviews from Goodreads.com</a>
  </div>
</div>

      ]]>
    </reviews_widget>
  <popular_shelves>
      <shelf name="to-read" count="2050"/>
      <shelf name="childrens" count="150"/>
      <shelf name="picture-books" count="125"/>
      <shelf name="children-s-books" count="118"/>
      <shelf name="children-s" count="103"/>
      <shelf name="children" count="91"/>
      <shelf name="kids" count="53"/>
      <shelf name="fiction" count="49"/>
      <shelf name="childrens-books" count="46"/>
      <shelf name="kids-books" count="36"/>
      <shelf name="childhood" count="35"/>
      <shelf name="classics" count="30"/>
      <shelf name="favorites" count="27"/>
      <shelf name="folklore" count="23"/>
      <shelf name="picture-book" count="22"/>
      <shelf name="children-s-literature" count="18"/>
      <shelf name="childhood-favorites" count="18"/>
      <shelf name="01-folklore" count="17"/>
      <shelf name="children-s-lit" count="16"/>
      <shelf name="fairy-tales" count="15"/>
      <shelf name="currently-reading" count="14"/>
      <shelf name="default" count="13"/>
      <shelf name="food" count="12"/>
      <shelf name="traditional-literature" count="11"/>
      <shelf name="childhood-books" count="11"/>
      <shelf name="classic" count="9"/>
      <shelf name="books-i-own" count="9"/>
      <shelf name="fantasy" count="8"/>
      <shelf name="childrens-lit" count="8"/>
      <shelf name="children-s-picture-books" count="8"/>
      <shelf name="folk" count="7"/>
      <shelf name="kid-s-books" count="7"/>
      <shelf name="childhood-reads" count="7"/>
      <shelf name="folktales" count="7"/>
      <shelf name="kid-books" count="7"/>
      <shelf name="children-books" count="7"/>
      <shelf name="january" count="6"/>
      <shelf name="nostalgia" count="6"/>
      <shelf name="kindergarten" count="6"/>
      <shelf name="folk-tales" count="6"/>
      <shelf name="favorite-children-s-books" count="6"/>
      <shelf name="picture" count="6"/>
      <shelf name="picturebooks" count="6"/>
      <shelf name="owned" count="5"/>
      <shelf name="stone-soup" count="5"/>
      <shelf name="folktale" count="5"/>
      <shelf name="school" count="5"/>
      <shelf name="preschool" count="5"/>
      <shelf name="childhood-memories" count="5"/>
      <shelf name="humor" count="5"/>
      <shelf name="folk-tale" count="5"/>
      <shelf name="children-s-book" count="5"/>
      <shelf name="shelfari-favorites" count="4"/>
      <shelf name="1st-grade" count="4"/>
      <shelf name="edci-325" count="4"/>
      <shelf name="325" count="4"/>
      <shelf name="books-i-read-as-a-kid" count="4"/>
      <shelf name="fairy-tale" count="4"/>
      <shelf name="books-from-my-childhood" count="4"/>
      <shelf name="kid-lit" count="4"/>
      <shelf name="read-alouds" count="4"/>
      <shelf name="elementary" count="4"/>
      <shelf name="children-young-adult" count="4"/>
      <shelf name="read-aloud" count="3"/>
      <shelf name="childhood-faves" count="3"/>
      <shelf name="home-library" count="3"/>
      <shelf name="children-s-fiction" count="3"/>
      <shelf name="school-reads" count="3"/>
      <shelf name="my-childhood" count="3"/>
      <shelf name="classroom-books" count="3"/>
      <shelf name="juvenile" count="3"/>
      <shelf name="books-i-read-as-a-child" count="3"/>
      <shelf name="stand-alone" count="3"/>
      <shelf name="children-stories" count="3"/>
      <shelf name="fables" count="3"/>
      <shelf name="from-my-childhood" count="3"/>
      <shelf name="kids-fiction" count="3"/>
      <shelf name="childrens-book" count="3"/>
      <shelf name="traditional-lit" count="3"/>
      <shelf name="library" count="3"/>
      <shelf name="childrens-picture-books" count="3"/>
      <shelf name="child-lit" count="3"/>
      <shelf name="my-books" count="3"/>
      <shelf name="favorite-childrens-books" count="3"/>
      <shelf name="children-literature" count="3"/>
      <shelf name="child" count="3"/>
      <shelf name="childrensbooks" count="3"/>
      <shelf name="tools-of-titans" count="2"/>
      <shelf name="el-ed-340" count="2"/>
      <shelf name="traditional-literature-books" count="2"/>
      <shelf name="2016-read" count="2"/>
      <shelf name="001-150-pages" count="2"/>
      <shelf name="3-star" count="2"/>
      <shelf name="edrd-314" count="2"/>
      <shelf name="fairytales" count="2"/>
      <shelf name="read-children-s" count="2"/>
      <shelf name="my-library" count="2"/>
      <shelf name="cooking" count="2"/>
      <shelf name="baby" count="2"/>
      <shelf name="peer-instructor" count="2"/>
  </popular_shelves>
  <book_links>
    <book_link>
  <id>8</id>
  <name>Libraries</name>
  <link>https://www.goodreads.com/book_link/follow/8</link>
</book_link>

  </book_links>
  <buy_links>
    <buy_link>
<id>1</id>
<name>Amazon</name>
<link>https://www.goodreads.com/book_link/follow/1</link>
</buy_link>
<buy_link>
<id>10</id>
<name>Audible</name>
<link>https://www.goodreads.com/book_link/follow/10</link>
</buy_link>
<buy_link>
<id>3</id>
<name>Barnes &amp; Noble</name>
<link>https://www.goodreads.com/book_link/follow/3</link>
</buy_link>
<buy_link>
<id>1027</id>
<name>Kobo</name>
<link>https://www.goodreads.com/book_link/follow/1027</link>
</buy_link>
<buy_link>
<id>2102</id>
<name>Apple iBooks</name>
<link>https://www.goodreads.com/book_link/follow/2102</link>
</buy_link>
<buy_link>
<id>8036</id>
<name>Google Play</name>
<link>https://www.goodreads.com/book_link/follow/8036</link>
</buy_link>
<buy_link>
<id>4</id>
<name>Abebooks</name>
<link>https://www.goodreads.com/book_link/follow/4</link>
</buy_link>
<buy_link>
<id>882</id>
<name>Book Depository</name>
<link>https://www.goodreads.com/book_link/follow/882</link>
</buy_link>
<buy_link>
<id>9</id>
<name>Indigo</name>
<link>https://www.goodreads.com/book_link/follow/9</link>
</buy_link>
<buy_link>
<id>2</id>
<name>Half.com</name>
<link>https://www.goodreads.com/book_link/follow/2</link>
</buy_link>
<buy_link>
<id>5</id>
<name>Alibris</name>
<link>https://www.goodreads.com/book_link/follow/5</link>
</buy_link>
<buy_link>
<id>107</id>
<name>Better World Books</name>
<link>https://www.goodreads.com/book_link/follow/107</link>
</buy_link>
<buy_link>
<id>7</id>
<name>IndieBound</name>
<link>https://www.goodreads.com/book_link/follow/7</link>
</buy_link>

  </buy_links>
  <series_works>
    
  </series_works>
  <similar_books>
          <book>
<id>279692</id>
<title><![CDATA[Miss Nelson Is Back (Miss Nelson, #2)]]></title>
<title_without_series>Miss Nelson Is Back</title_without_series>
<link><![CDATA[https://www.goodreads.com/book/show/279692.Miss_Nelson_Is_Back]]></link>
<small_image_url><![CDATA[https://s.gr-assets.com/assets/nophoto/book/50x75-a91bf249278a81aabab721ef782c4a74.png]]></small_image_url>
<image_url><![CDATA[https://s.gr-assets.com/assets/nophoto/book/111x148-bcc042a9c91a29c1d680899eff700a03.png]]></image_url>
<num_pages>32</num_pages>
<work>
<id>3350842</id>
</work>
<isbn>039541668X</isbn>
<isbn13>9780395416686</isbn13>
<average_rating>4.33</average_rating>
<ratings_count>26378</ratings_count>
<publication_year>1982</publication_year>
<publication_month></publication_month>
<publication_day></publication_day>
<authors>
<author>
<id>66186</id>
<name>Harry Allard</name>
<link><![CDATA[https://www.goodreads.com/author/show/66186.Harry_Allard]]></link>
</author>
</authors>
</book>

          <book>
<id>193093</id>
<title>Stone Soup</title>
<title_without_series>Stone Soup</title_without_series>
<link><![CDATA[https://www.goodreads.com/book/show/193093.Stone_Soup]]></link>
<small_image_url><![CDATA[https://s.gr-assets.com/assets/nophoto/book/50x75-a91bf249278a81aabab721ef782c4a74.png]]></small_image_url>
<image_url><![CDATA[https://s.gr-assets.com/assets/nophoto/book/111x148-bcc042a9c91a29c1d680899eff700a03.png]]></image_url>
<num_pages>48</num_pages>
<work>
<id>2324536</id>
</work>
<isbn>0689878362</isbn>
<isbn13>9780689878367</isbn13>
<average_rating>4.23</average_rating>
<ratings_count>37767</ratings_count>
<publication_year>2005</publication_year>
<publication_month>1</publication_month>
<publication_day>6</publication_day>
<authors>
<author>
<id>112477</id>
<name>Marcia Brown</name>
<link><![CDATA[https://www.goodreads.com/author/show/112477.Marcia_Brown]]></link>
</author>
</authors>
</book>

          <book>
<id>789559</id>
<title>The Three Billy Goats Gruff</title>
<title_without_series>The Three Billy Goats Gruff</title_without_series>
<link><![CDATA[https://www.goodreads.com/book/show/789559.The_Three_Billy_Goats_Gruff]]></link>
<small_image_url><![CDATA[https://s.gr-assets.com/assets/nophoto/book/50x75-a91bf249278a81aabab721ef782c4a74.png]]></small_image_url>
<image_url><![CDATA[https://s.gr-assets.com/assets/nophoto/book/111x148-bcc042a9c91a29c1d680899eff700a03.png]]></image_url>
<num_pages>32</num_pages>
<work>
<id>1063622</id>
</work>
<isbn>0899190359</isbn>
<isbn13>9780899190358</isbn13>
<average_rating>4.14</average_rating>
<ratings_count>13074</ratings_count>
<publication_year>1981</publication_year>
<publication_month>9</publication_month>
<publication_day>15</publication_day>
<authors>
<author>
<id>18444</id>
<name>Paul Galdone</name>
<link><![CDATA[https://www.goodreads.com/author/show/18444.Paul_Galdone]]></link>
</author>
</authors>
</book>

          <book>
<id>867650</id>
<title><![CDATA[The Little Red Hen (Little Golden Book)]]></title>
<title_without_series>The Little Red Hen</title_without_series>
<link><![CDATA[https://www.goodreads.com/book/show/867650.The_Little_Red_Hen]]></link>
<small_image_url><![CDATA[https://images.gr-assets.com/books/1320489925s/867650.jpg]]></small_image_url>
<image_url><![CDATA[https://images.gr-assets.com/books/1320489925m/867650.jpg]]></image_url>
<num_pages></num_pages>
<work>
<id>2768040</id>
</work>
<isbn>0307960307</isbn>
<isbn13>9780307960306</isbn13>
<average_rating>4.20</average_rating>
<ratings_count>23047</ratings_count>
<publication_year></publication_year>
<publication_month></publication_month>
<publication_day></publication_day>
<authors>
<author>
<id>220718</id>
<name>Diane Muldrow</name>
<link><![CDATA[https://www.goodreads.com/author/show/220718.Diane_Muldrow]]></link>
</author>
</authors>
</book>

          <book>
<id>773606</id>
<title>Madeline&apos;s Rescue</title>
<title_without_series>Madeline&apos;s Rescue</title_without_series>
<link><![CDATA[https://www.goodreads.com/book/show/773606.Madeline_s_Rescue]]></link>
<small_image_url><![CDATA[https://images.gr-assets.com/books/1355323337s/773606.jpg]]></small_image_url>
<image_url><![CDATA[https://images.gr-assets.com/books/1355323337m/773606.jpg]]></image_url>
<num_pages></num_pages>
<work>
<id>214429</id>
</work>
<isbn>0670447161</isbn>
<isbn13>9780670447169</isbn13>
<average_rating>4.24</average_rating>
<ratings_count>24660</ratings_count>
<publication_year></publication_year>
<publication_month></publication_month>
<publication_day></publication_day>
<authors>
<author>
<id>64280</id>
<name>Ludwig Bemelmans</name>
<link><![CDATA[https://www.goodreads.com/author/show/64280.Ludwig_Bemelmans]]></link>
</author>
</authors>
</book>

          <book>
<id>1034605</id>
<title><![CDATA[The Country Mouse and the City Mouse; The Fox and the Crow; The Dog and His Bone]]></title>
<title_without_series><![CDATA[The Country Mouse and the City Mouse; The Fox and the Crow; The Dog and His Bone]]></title_without_series>
<link><![CDATA[https://www.goodreads.com/book/show/1034605.The_Country_Mouse_and_the_City_Mouse_The_Fox_and_the_Crow_The_Dog_and_His_Bone]]></link>
<small_image_url><![CDATA[https://s.gr-assets.com/assets/nophoto/book/50x75-a91bf249278a81aabab721ef782c4a74.png]]></small_image_url>
<image_url><![CDATA[https://s.gr-assets.com/assets/nophoto/book/111x148-bcc042a9c91a29c1d680899eff700a03.png]]></image_url>
<num_pages></num_pages>
<work>
<id>1020930</id>
</work>
<isbn>0307020754</isbn>
<isbn13></isbn13>
<average_rating>4.28</average_rating>
<ratings_count>11495</ratings_count>
<publication_year>1961</publication_year>
<publication_month></publication_month>
<publication_day></publication_day>
<authors>
<author>
<id>215867</id>
<name>Patricia M. Scarry</name>
<link><![CDATA[https://www.goodreads.com/author/show/215867.Patricia_M_Scarry]]></link>
</author>
</authors>
</book>

          <book>
<id>386234</id>
<title>Just for You (Little Critter)</title>
<title_without_series>Just for You</title_without_series>
<link><![CDATA[https://www.goodreads.com/book/show/386234.Just_for_You]]></link>
<small_image_url><![CDATA[https://s.gr-assets.com/assets/nophoto/book/50x75-a91bf249278a81aabab721ef782c4a74.png]]></small_image_url>
<image_url><![CDATA[https://s.gr-assets.com/assets/nophoto/book/111x148-bcc042a9c91a29c1d680899eff700a03.png]]></image_url>
<num_pages>24</num_pages>
<work>
<id>375913</id>
</work>
<isbn>030711838X</isbn>
<isbn13>9780307118387</isbn13>
<average_rating>4.25</average_rating>
<ratings_count>22987</ratings_count>
<publication_year>1998</publication_year>
<publication_month>6</publication_month>
<publication_day>30</publication_day>
<authors>
<author>
<id>692</id>
<name>Mercer Mayer</name>
<link><![CDATA[https://www.goodreads.com/author/show/692.Mercer_Mayer]]></link>
</author>
</authors>
</book>

          <book>
<id>1001896</id>
<title>The Real Mother Goose</title>
<title_without_series>The Real Mother Goose</title_without_series>
<link><![CDATA[https://www.goodreads.com/book/show/1001896.The_Real_Mother_Goose]]></link>
<small_image_url><![CDATA[https://s.gr-assets.com/assets/nophoto/book/50x75-a91bf249278a81aabab721ef782c4a74.png]]></small_image_url>
<image_url><![CDATA[https://s.gr-assets.com/assets/nophoto/book/111x148-bcc042a9c91a29c1d680899eff700a03.png]]></image_url>
<num_pages>128</num_pages>
<work>
<id>818039</id>
</work>
<isbn>0590225170</isbn>
<isbn13>9780590225175</isbn13>
<average_rating>4.33</average_rating>
<ratings_count>32055</ratings_count>
<publication_year>1994</publication_year>
<publication_month>10</publication_month>
<publication_day>1</publication_day>
<authors>
<author>
<id>48966</id>
<name>Blanche Fisher Wright</name>
<link><![CDATA[https://www.goodreads.com/author/show/48966.Blanche_Fisher_Wright]]></link>
</author>
</authors>
</book>

          <book>
<id>372638</id>
<title>Lyle, Lyle, Crocodile</title>
<title_without_series>Lyle, Lyle, Crocodile</title_without_series>
<link><![CDATA[https://www.goodreads.com/book/show/372638.Lyle_Lyle_Crocodile]]></link>
<small_image_url><![CDATA[https://s.gr-assets.com/assets/nophoto/book/50x75-a91bf249278a81aabab721ef782c4a74.png]]></small_image_url>
<image_url><![CDATA[https://s.gr-assets.com/assets/nophoto/book/111x148-bcc042a9c91a29c1d680899eff700a03.png]]></image_url>
<num_pages>48</num_pages>
<work>
<id>3080688</id>
</work>
<isbn>0395137209</isbn>
<isbn13>9780395137208</isbn13>
<average_rating>4.13</average_rating>
<ratings_count>24415</ratings_count>
<publication_year>1987</publication_year>
<publication_month>10</publication_month>
<publication_day>1</publication_day>
<authors>
<author>
<id>55758</id>
<name>Bernard Waber</name>
<link><![CDATA[https://www.goodreads.com/author/show/55758.Bernard_Waber]]></link>
</author>
</authors>
</book>

          <book>
<id>394772</id>
<title>The Mixed-Up Chameleon</title>
<title_without_series>The Mixed-Up Chameleon</title_without_series>
<link><![CDATA[https://www.goodreads.com/book/show/394772.The_Mixed_Up_Chameleon]]></link>
<small_image_url><![CDATA[https://images.gr-assets.com/books/1350959503s/394772.jpg]]></small_image_url>
<image_url><![CDATA[https://images.gr-assets.com/books/1350959503m/394772.jpg]]></image_url>
<num_pages></num_pages>
<work>
<id>795131</id>
</work>
<isbn>0694011479</isbn>
<isbn13>9780694011476</isbn13>
<average_rating>4.21</average_rating>
<ratings_count>15849</ratings_count>
<publication_year></publication_year>
<publication_month></publication_month>
<publication_day></publication_day>
<authors>
<author>
<id>3362</id>
<name>Eric Carle</name>
<link><![CDATA[https://www.goodreads.com/author/show/3362.Eric_Carle]]></link>
</author>
</authors>
</book>

          <book>
<id>42407</id>
<title>Babar the King</title>
<title_without_series>Babar the King</title_without_series>
<link><![CDATA[https://www.goodreads.com/book/show/42407.Babar_the_King]]></link>
<small_image_url><![CDATA[https://s.gr-assets.com/assets/nophoto/book/50x75-a91bf249278a81aabab721ef782c4a74.png]]></small_image_url>
<image_url><![CDATA[https://s.gr-assets.com/assets/nophoto/book/111x148-bcc042a9c91a29c1d680899eff700a03.png]]></image_url>
<num_pages>52</num_pages>
<work>
<id>2094984</id>
</work>
<isbn>1405204664</isbn>
<isbn13>9781405204668</isbn13>
<average_rating>4.18</average_rating>
<ratings_count>14390</ratings_count>
<publication_year>2002</publication_year>
<publication_month></publication_month>
<publication_day></publication_day>
<authors>
<author>
<id>4788791</id>
<name>Jean de Brunhoff</name>
<link><![CDATA[https://www.goodreads.com/author/show/4788791.Jean_de_Brunhoff]]></link>
</author>
</authors>
</book>

          <book>
<id>917184</id>
<title>Johnny Appleseed: A Tall Tale</title>
<title_without_series>Johnny Appleseed: A Tall Tale</title_without_series>
<link><![CDATA[https://www.goodreads.com/book/show/917184.Johnny_Appleseed]]></link>
<small_image_url><![CDATA[https://s.gr-assets.com/assets/nophoto/book/50x75-a91bf249278a81aabab721ef782c4a74.png]]></small_image_url>
<image_url><![CDATA[https://s.gr-assets.com/assets/nophoto/book/111x148-bcc042a9c91a29c1d680899eff700a03.png]]></image_url>
<num_pages>38</num_pages>
<work>
<id>902259</id>
</work>
<isbn>0688064175</isbn>
<isbn13>9780688064174</isbn13>
<average_rating>3.96</average_rating>
<ratings_count>1954</ratings_count>
<publication_year>1988</publication_year>
<publication_month>8</publication_month>
<publication_day>28</publication_day>
<authors>
<author>
<id>68572</id>
<name>Steven Kellogg</name>
<link><![CDATA[https://www.goodreads.com/author/show/68572.Steven_Kellogg]]></link>
</author>
</authors>
</book>

          <book>
<id>14481</id>
<title>Come Back, Amelia Bedelia</title>
<title_without_series>Come Back, Amelia Bedelia</title_without_series>
<link><![CDATA[https://www.goodreads.com/book/show/14481.Come_Back_Amelia_Bedelia]]></link>
<small_image_url><![CDATA[https://s.gr-assets.com/assets/nophoto/book/50x75-a91bf249278a81aabab721ef782c4a74.png]]></small_image_url>
<image_url><![CDATA[https://s.gr-assets.com/assets/nophoto/book/111x148-bcc042a9c91a29c1d680899eff700a03.png]]></image_url>
<num_pages>64</num_pages>
<work>
<id>1508836</id>
</work>
<isbn>0060266880</isbn>
<isbn13>9780060266882</isbn13>
<average_rating>4.25</average_rating>
<ratings_count>14329</ratings_count>
<publication_year>1995</publication_year>
<publication_month>8</publication_month>
<publication_day>18</publication_day>
<authors>
<author>
<id>9002</id>
<name>Peggy Parish</name>
<link><![CDATA[https://www.goodreads.com/author/show/9002.Peggy_Parish]]></link>
</author>
</authors>
</book>

          <book>
<id>781498</id>
<title><![CDATA[The Day Jimmy's Boa Ate the Wash]]></title>
<title_without_series><![CDATA[The Day Jimmy's Boa Ate the Wash]]></title_without_series>
<link><![CDATA[https://www.goodreads.com/book/show/781498.The_Day_Jimmy_s_Boa_Ate_the_Wash]]></link>
<small_image_url><![CDATA[https://s.gr-assets.com/assets/nophoto/book/50x75-a91bf249278a81aabab721ef782c4a74.png]]></small_image_url>
<image_url><![CDATA[https://s.gr-assets.com/assets/nophoto/book/111x148-bcc042a9c91a29c1d680899eff700a03.png]]></image_url>
<num_pages>32</num_pages>
<work>
<id>767519</id>
</work>
<isbn>0140546235</isbn>
<isbn13>9780140546231</isbn13>
<average_rating>4.16</average_rating>
<ratings_count>17029</ratings_count>
<publication_year>1992</publication_year>
<publication_month>10</publication_month>
<publication_day>9</publication_day>
<authors>
<author>
<id>41476</id>
<name>Trinka Hakes Noble</name>
<link><![CDATA[https://www.goodreads.com/author/show/41476.Trinka_Hakes_Noble]]></link>
</author>
</authors>
</book>

          <book>
<id>122967</id>
<title>The Ugly Duckling</title>
<title_without_series>The Ugly Duckling</title_without_series>
<link><![CDATA[https://www.goodreads.com/book/show/122967.The_Ugly_Duckling]]></link>
<small_image_url><![CDATA[https://images.gr-assets.com/books/1381355973s/122967.jpg]]></small_image_url>
<image_url><![CDATA[https://images.gr-assets.com/books/1381355973m/122967.jpg]]></image_url>
<num_pages>40</num_pages>
<work>
<id>724467</id>
</work>
<isbn>068815932X</isbn>
<isbn13>9780688159320</isbn13>
<average_rating>4.10</average_rating>
<ratings_count>32806</ratings_count>
<publication_year>1999</publication_year>
<publication_month>3</publication_month>
<publication_day>24</publication_day>
<authors>
<author>
<id>6378</id>
<name>Hans Christian Andersen</name>
<link><![CDATA[https://www.goodreads.com/author/show/6378.Hans_Christian_Andersen]]></link>
</author>
</authors>
</book>

          <book>
<id>833549</id>
<title><![CDATA[Frog and Toad All Year (Frog and Toad, #3)]]></title>
<title_without_series>Frog and Toad All Year</title_without_series>
<link><![CDATA[https://www.goodreads.com/book/show/833549.Frog_and_Toad_All_Year]]></link>
<small_image_url><![CDATA[https://s.gr-assets.com/assets/nophoto/book/50x75-a91bf249278a81aabab721ef782c4a74.png]]></small_image_url>
<image_url><![CDATA[https://s.gr-assets.com/assets/nophoto/book/111x148-bcc042a9c91a29c1d680899eff700a03.png]]></image_url>
<num_pages></num_pages>
<work>
<id>1451198</id>
</work>
<isbn>0064440591</isbn>
<isbn13>9780064440592</isbn13>
<average_rating>4.34</average_rating>
<ratings_count>29471</ratings_count>
<publication_year></publication_year>
<publication_month></publication_month>
<publication_day></publication_day>
<authors>
<author>
<id>12447</id>
<name>Arnold Lobel</name>
<link><![CDATA[https://www.goodreads.com/author/show/12447.Arnold_Lobel]]></link>
</author>
</authors>
</book>

          <book>
<id>135297</id>
<title>Gregory the Terrible Eater</title>
<title_without_series>Gregory the Terrible Eater</title_without_series>
<link><![CDATA[https://www.goodreads.com/book/show/135297.Gregory_the_Terrible_Eater]]></link>
<small_image_url><![CDATA[https://s.gr-assets.com/assets/nophoto/book/50x75-a91bf249278a81aabab721ef782c4a74.png]]></small_image_url>
<image_url><![CDATA[https://s.gr-assets.com/assets/nophoto/book/111x148-bcc042a9c91a29c1d680899eff700a03.png]]></image_url>
<num_pages>32</num_pages>
<work>
<id>130381</id>
</work>
<isbn>0590433504</isbn>
<isbn13>9780590433501</isbn13>
<average_rating>4.11</average_rating>
<ratings_count>2904</ratings_count>
<publication_year>1989</publication_year>
<publication_month>9</publication_month>
<publication_day>1</publication_day>
<authors>
<author>
<id>2393</id>
<name>Mitchell Sharmat</name>
<link><![CDATA[https://www.goodreads.com/author/show/2393.Mitchell_Sharmat]]></link>
</author>
</authors>
</book>

          <book>
<id>825576</id>
<title><![CDATA[The Saggy Baggy Elephant (A Little Golden Book)]]></title>
<title_without_series>The Saggy Baggy Elephant</title_without_series>
<link><![CDATA[https://www.goodreads.com/book/show/825576.The_Saggy_Baggy_Elephant]]></link>
<small_image_url><![CDATA[https://images.gr-assets.com/books/1320481063s/825576.jpg]]></small_image_url>
<image_url><![CDATA[https://images.gr-assets.com/books/1320481063m/825576.jpg]]></image_url>
<num_pages></num_pages>
<work>
<id>334487</id>
</work>
<isbn>0307021106</isbn>
<isbn13>9780307021106</isbn13>
<average_rating>4.06</average_rating>
<ratings_count>15402</ratings_count>
<publication_year></publication_year>
<publication_month></publication_month>
<publication_day></publication_day>
<authors>
<author>
<id>172337</id>
<name>Kathryn Jackson</name>
<link><![CDATA[https://www.goodreads.com/author/show/172337.Kathryn_Jackson]]></link>
</author>
</authors>
</book>

  </similar_books>
</book>

</GoodreadsResponse>