<?xml version="1.0" encoding="UTF-8"?>
<GoodreadsResponse>
  <Request>
    <authentication>true</authentication>
      <key><![CDATA[all_men_must_serve]]></key>
    <method><![CDATA[book_show]]></method>
  </Request>
  <book>
  <id>10324808</id>
  <title><![CDATA[Dragon's Oath (House of Night Novellas, #1)]]></title>
  <isbn><![CDATA[1250000238]]></isbn>
  <isbn13><![CDATA[9781250000231]]></isbn13>
  <asin><![CDATA[]]></asin>
  <kindle_asin><![CDATA[B0057MLPDM]]></kindle_asin>
  <marketplace_id><![CDATA[A1F83G8C2ARO7P]]></marketplace_id>
  <country_code><![CDATA[GB]]></country_code>
  <image_url>https://images.gr-assets.com/books/1359740283m/10324808.jpg</image_url>
  <small_image_url>https://images.gr-assets.com/books/1359740283s/10324808.jpg</small_image_url>
  <publication_year></publication_year>
  <publication_month></publication_month>
  <publication_day></publication_day>
  <publisher></publisher>
  <language_code>en-US</language_code>
  <is_ebook>false</is_ebook>
  <description><![CDATA[<div>
  <div>
    <div>
      <div>
        <p>
          <i>The first in an enthralling new mini-series of novellas from the #1 bestselling authors of the House of Night, Dragon’s Oath tells the story behind the House of Night’s formidable fencing instructor – the love that will transform him, and the promise that will haunt him</i>
        </p>
        <div>
          <p>In early 19th century England, long before he’s a professor at the Tulsa House of Night, Bryan Lankford is a troublesome yet talented human teen who thinks he can get away with anything… until his father, a wealthy nobleman, has finally had enough, and banishes him to America. When Bryan is Marked on the docks and given the choice between the London House of Night and the dragon-prowed ship to America, he chooses the Dragon – and a brand new fate.</p>
          <p>Becoming a Fledgling may be exciting, but it opens a door to a dangerous world...In 1830’s St. Louis, the Gateway to the West, Dragon Lankford becomes a Sword Master, and soon realizes there are both frightening challenges and beautiful perks. Like Anastasia, the captivating young Professor of Spells and Rituals at the Tower Grove House of Night, who really should have nothing to do with a fledgling… </p>
          <p>But when a dark power threatens, Dragon is caught in its focus. Though his uncanny fighting skills make him a powerful fledgling, is he strong enough to ward off evil, while protecting Anastasia as well? Will his choices save her—or destroy them all?  </p>
          <p> </p>
        </div>
      </div>
    </div>
  </div>
</div>]]></description>
  <work>
  <id type="integer">15227248</id>
  <books_count type="integer">22</books_count>
  <best_book_id type="integer">10324808</best_book_id>
  <reviews_count type="integer">42888</reviews_count>
  <ratings_sum type="integer">72266</ratings_sum>
  <ratings_count type="integer">17811</ratings_count>
  <text_reviews_count type="integer">882</text_reviews_count>
  <original_publication_year type="integer">2011</original_publication_year>
  <original_publication_month type="integer">1</original_publication_month>
  <original_publication_day type="integer">1</original_publication_day>
  <original_title>Dragon's Oath</original_title>
  <original_language_id type="integer" nil="true"/>
  <media_type>book</media_type>
  <rating_dist>5:7630|4:5101|3:3848|2:936|1:296|total:17811</rating_dist>
  <desc_user_id type="integer">3594300</desc_user_id>
  <default_chaptering_book_id type="integer" nil="true"/>
  <default_description_language_code nil="true"/>
</work>
  <average_rating>4.06</average_rating>
  <num_pages><![CDATA[145]]></num_pages>
  <format><![CDATA[]]></format>
  <edition_information><![CDATA[]]></edition_information>
  <ratings_count><![CDATA[16559]]></ratings_count>
  <text_reviews_count><![CDATA[749]]></text_reviews_count>
  <url><![CDATA[https://www.goodreads.com/book/show/10324808-dragon-s-oath]]></url>
  <link><![CDATA[https://www.goodreads.com/book/show/10324808-dragon-s-oath]]></link>
  <authors>
<author>
<id>17015</id>
<name>P.C. Cast</name>
<role></role>
<image_url nophoto='false'>
<![CDATA[https://images.gr-assets.com/authors/1470091601p5/17015.jpg]]>
</image_url>
<small_image_url nophoto='false'>
<![CDATA[https://images.gr-assets.com/authors/1470091601p2/17015.jpg]]>
</small_image_url>
<link><![CDATA[https://www.goodreads.com/author/show/17015.P_C_Cast]]></link>
<average_rating>3.94</average_rating>
<ratings_count>1836381</ratings_count>
<text_reviews_count>53840</text_reviews_count>
</author>
<author>
<id>17010</id>
<name>Kristin Cast</name>
<role></role>
<image_url nophoto='false'>
<![CDATA[https://images.gr-assets.com/authors/1488012655p5/17010.jpg]]>
</image_url>
<small_image_url nophoto='false'>
<![CDATA[https://images.gr-assets.com/authors/1488012655p2/17010.jpg]]>
</small_image_url>
<link><![CDATA[https://www.goodreads.com/author/show/17010.Kristin_Cast]]></link>
<average_rating>3.93</average_rating>
<ratings_count>1743578</ratings_count>
<text_reviews_count>49098</text_reviews_count>
</author>
</authors>

    <reviews_widget>
      <![CDATA[
        <style>
  #goodreads-widget {
    font-family: georgia, serif;
    padding: 18px 0;
    width:565px;
  }
  #goodreads-widget h1 {
    font-weight:normal;
    font-size: 16px;
    border-bottom: 1px solid #BBB596;
    margin-bottom: 0;
  }
  #goodreads-widget a {
    text-decoration: none;
    color:#660;
  }
  iframe{
    background-color: #fff;
  }
  #goodreads-widget a:hover { text-decoration: underline; }
  #goodreads-widget a:active {
    color:#660;
  }
  #gr_footer {
    width: 100%;
    border-top: 1px solid #BBB596;
    text-align: right;
  }
  #goodreads-widget .gr_branding{
    color: #382110;
    font-size: 11px;
    text-decoration: none;
    font-family: "Helvetica Neue", Helvetica, Arial, sans-serif;
  }
</style>
<div id="goodreads-widget">
  <div id="gr_header"><h1><a rel="nofollow" href="https://www.goodreads.com/book/show/10324808-dragon-s-oath">Dragon&#39;s Oath Reviews</a></h1></div>
  <iframe id="the_iframe" src="https://www.goodreads.com/api/reviews_widget_iframe?did=DEVELOPER_ID&amp;format=html&amp;isbn=1250000238&amp;links=660&amp;min_rating=&amp;review_back=fff&amp;stars=000&amp;text=000" width="565" height="400" frameborder="0"></iframe>
  <div id="gr_footer">
    <a class="gr_branding" target="_blank" rel="nofollow" href="https://www.goodreads.com/book/show/10324808-dragon-s-oath?utm_medium=api&amp;utm_source=reviews_widget">Reviews from Goodreads.com</a>
  </div>
</div>

      ]]>
    </reviews_widget>
  <popular_shelves>
      <shelf name="to-read" count="20522"/>
      <shelf name="vampires" count="357"/>
      <shelf name="house-of-night" count="343"/>
      <shelf name="young-adult" count="301"/>
      <shelf name="currently-reading" count="214"/>
      <shelf name="fantasy" count="213"/>
      <shelf name="paranormal" count="142"/>
      <shelf name="books-i-own" count="140"/>
      <shelf name="favorites" count="138"/>
      <shelf name="vampire" count="133"/>
      <shelf name="owned" count="118"/>
      <shelf name="ya" count="110"/>
      <shelf name="series" count="96"/>
      <shelf name="p-c-cast" count="80"/>
      <shelf name="romance" count="74"/>
      <shelf name="fiction" count="60"/>
      <shelf name="supernatural" count="58"/>
      <shelf name="default" count="56"/>
      <shelf name="magic" count="56"/>
      <shelf name="pc-cast" count="53"/>
      <shelf name="my-books" count="52"/>
      <shelf name="to-buy" count="50"/>
      <shelf name="novella" count="47"/>
      <shelf name="paranormal-romance" count="46"/>
      <shelf name="urban-fantasy" count="46"/>
      <shelf name="owned-books" count="39"/>
      <shelf name="house-of-night-series" count="39"/>
      <shelf name="novellas" count="38"/>
      <shelf name="library" count="29"/>
      <shelf name="teen" count="28"/>
      <shelf name="i-own" count="28"/>
      <shelf name="read-in-2011" count="27"/>
      <shelf name="hon" count="25"/>
      <shelf name="wish-list" count="24"/>
      <shelf name="house-of-night-novellas" count="23"/>
      <shelf name="need-to-buy" count="23"/>
      <shelf name="ebooks" count="23"/>
      <shelf name="ebook" count="19"/>
      <shelf name="kindle" count="19"/>
      <shelf name="have" count="18"/>
      <shelf name="vamps" count="17"/>
      <shelf name="my-library" count="16"/>
      <shelf name="books-i-have" count="16"/>
      <shelf name="short-stories" count="16"/>
      <shelf name="read-in-2012" count="15"/>
      <shelf name="audiobooks" count="15"/>
      <shelf name="own-it" count="15"/>
      <shelf name="audiobook" count="14"/>
      <shelf name="books" count="13"/>
      <shelf name="vampire-books" count="13"/>
      <shelf name="want-to-read" count="13"/>
      <shelf name="want" count="13"/>
      <shelf name="hardcover" count="12"/>
      <shelf name="cast" count="12"/>
      <shelf name="ya-paranormal" count="11"/>
      <shelf name="e-book" count="10"/>
      <shelf name="e-books" count="10"/>
      <shelf name="borrowed" count="9"/>
      <shelf name="audio" count="9"/>
      <shelf name="books-owned" count="9"/>
      <shelf name="ya-fantasy" count="9"/>
      <shelf name="first-reads" count="9"/>
      <shelf name="books-to-buy" count="9"/>
      <shelf name="cast-p-c" count="8"/>
      <shelf name="favourites" count="8"/>
      <shelf name="audio-books" count="8"/>
      <shelf name="1st-in-series" count="8"/>
      <shelf name="pnr" count="8"/>
      <shelf name="on-kindle" count="8"/>
      <shelf name="horror" count="8"/>
      <shelf name="ya-fiction" count="8"/>
      <shelf name="p-c-cast-kristin-cast" count="8"/>
      <shelf name="kristin-cast" count="8"/>
      <shelf name="part-of-a-series" count="8"/>
      <shelf name="want-to-buy" count="8"/>
      <shelf name="read-in-2014" count="7"/>
      <shelf name="read-2014" count="7"/>
      <shelf name="read-2013" count="7"/>
      <shelf name="not-interested" count="7"/>
      <shelf name="novels" count="7"/>
      <shelf name="need" count="7"/>
      <shelf name="calibre" count="7"/>
      <shelf name="buy" count="7"/>
      <shelf name="series-to-finish" count="7"/>
      <shelf name="to-get" count="7"/>
      <shelf name="mythology" count="7"/>
      <shelf name="read-2011" count="7"/>
      <shelf name="my-bookshelf" count="7"/>
      <shelf name="cast-pc" count="7"/>
      <shelf name="want-to-own" count="7"/>
      <shelf name="need-to-get" count="7"/>
      <shelf name="love" count="7"/>
      <shelf name="ya-books" count="7"/>
      <shelf name="read-in-2016" count="6"/>
      <shelf name="finished-series" count="6"/>
      <shelf name="read-in-2013" count="6"/>
      <shelf name="in-my-library" count="6"/>
      <shelf name="action" count="6"/>
      <shelf name="mine" count="6"/>
      <shelf name="need-to-read" count="6"/>
  </popular_shelves>
  <book_links>
    <book_link>
  <id>8</id>
  <name>Libraries</name>
  <link>https://www.goodreads.com/book_link/follow/8</link>
</book_link>

  </book_links>
  <buy_links>
    <buy_link>
<id>1</id>
<name>Amazon</name>
<link>https://www.goodreads.com/book_link/follow/1</link>
</buy_link>
<buy_link>
<id>10</id>
<name>Audible</name>
<link>https://www.goodreads.com/book_link/follow/10</link>
</buy_link>
<buy_link>
<id>3</id>
<name>Barnes &amp; Noble</name>
<link>https://www.goodreads.com/book_link/follow/3</link>
</buy_link>
<buy_link>
<id>1027</id>
<name>Kobo</name>
<link>https://www.goodreads.com/book_link/follow/1027</link>
</buy_link>
<buy_link>
<id>2102</id>
<name>Apple iBooks</name>
<link>https://www.goodreads.com/book_link/follow/2102</link>
</buy_link>
<buy_link>
<id>8036</id>
<name>Google Play</name>
<link>https://www.goodreads.com/book_link/follow/8036</link>
</buy_link>
<buy_link>
<id>4</id>
<name>Abebooks</name>
<link>https://www.goodreads.com/book_link/follow/4</link>
</buy_link>
<buy_link>
<id>882</id>
<name>Book Depository</name>
<link>https://www.goodreads.com/book_link/follow/882</link>
</buy_link>
<buy_link>
<id>9</id>
<name>Indigo</name>
<link>https://www.goodreads.com/book_link/follow/9</link>
</buy_link>
<buy_link>
<id>2</id>
<name>Half.com</name>
<link>https://www.goodreads.com/book_link/follow/2</link>
</buy_link>
<buy_link>
<id>5</id>
<name>Alibris</name>
<link>https://www.goodreads.com/book_link/follow/5</link>
</buy_link>
<buy_link>
<id>107</id>
<name>Better World Books</name>
<link>https://www.goodreads.com/book_link/follow/107</link>
</buy_link>
<buy_link>
<id>7</id>
<name>IndieBound</name>
<link>https://www.goodreads.com/book_link/follow/7</link>
</buy_link>

  </buy_links>
  <series_works>
    <series_work>
<id>270446</id>
<user_position>1</user_position>
<series>
<id>62630</id>
<title>
<![CDATA[
    House of Night Novellas
]]>
</title>
<description>
<![CDATA[
    <u>Novellas</u> to the <a href="http://www.goodreads.com/series/40626-house-of-night">House of Night</a> series.
    
    This enthralling series of novellas tells the stories behind the #1 bestselling young adult fantasy series House of Night. Read the House of Night Novellas, starting with <i>Dragon's Oath</i>, and delve into vampyre history.
    
    http://us.macmillan.com/series/HouseofNightNovellas
]]>
</description>
<note>
<![CDATA[
]]>
</note>
<series_works_count>5</series_works_count>
<primary_work_count>4</primary_work_count>
<numbered>true</numbered>
</series>

</series_work>

  </series_works>
  <similar_books>
          <book>
<id>11595501</id>
<title><![CDATA[The Asylum (The Vampire Diaries: Stefan's Diaries, #5)]]></title>
<title_without_series>The Asylum</title_without_series>
<link><![CDATA[https://www.goodreads.com/book/show/11595501-the-asylum]]></link>
<small_image_url><![CDATA[https://images.gr-assets.com/books/1331613817s/11595501.jpg]]></small_image_url>
<image_url><![CDATA[https://images.gr-assets.com/books/1331613817m/11595501.jpg]]></image_url>
<num_pages>221</num_pages>
<work>
<id>16537435</id>
</work>
<isbn>006211395X</isbn>
<isbn13>9780062113955</isbn13>
<average_rating>4.09</average_rating>
<ratings_count>4001</ratings_count>
<publication_year></publication_year>
<publication_month></publication_month>
<publication_day></publication_day>
<authors>
<author>
<id>50873</id>
<name>L.J. Smith</name>
<link><![CDATA[https://www.goodreads.com/author/show/50873.L_J_Smith]]></link>
</author>
</authors>
</book>

          <book>
<id>7031834</id>
<title><![CDATA[Keys to the Repository (Blue Bloods, #4.5)]]></title>
<title_without_series>Keys to the Repository</title_without_series>
<link><![CDATA[https://www.goodreads.com/book/show/7031834-keys-to-the-repository]]></link>
<small_image_url><![CDATA[https://images.gr-assets.com/books/1422103000s/7031834.jpg]]></small_image_url>
<image_url><![CDATA[https://images.gr-assets.com/books/1422103000m/7031834.jpg]]></image_url>
<num_pages>227</num_pages>
<work>
<id>7279979</id>
</work>
<isbn>1423134540</isbn>
<isbn13>9781423134541</isbn13>
<average_rating>3.72</average_rating>
<ratings_count>12046</ratings_count>
<publication_year>2010</publication_year>
<publication_month>6</publication_month>
<publication_day>29</publication_day>
<authors>
<author>
<id>21911</id>
<name>Melissa de la Cruz</name>
<link><![CDATA[https://www.goodreads.com/author/show/21911.Melissa_de_la_Cruz]]></link>
</author>
</authors>
</book>

          <book>
<id>10120780</id>
<title>Balthazar (Evernight, #5)</title>
<title_without_series>Balthazar</title_without_series>
<link><![CDATA[https://www.goodreads.com/book/show/10120780-balthazar]]></link>
<small_image_url><![CDATA[https://images.gr-assets.com/books/1329088018s/10120780.jpg]]></small_image_url>
<image_url><![CDATA[https://images.gr-assets.com/books/1329088018m/10120780.jpg]]></image_url>
<num_pages>374</num_pages>
<work>
<id>15018468</id>
</work>
<isbn>0061961183</isbn>
<isbn13>9780061961182</isbn13>
<average_rating>4.04</average_rating>
<ratings_count>7088</ratings_count>
<publication_year>2012</publication_year>
<publication_month>3</publication_month>
<publication_day>6</publication_day>
<authors>
<author>
<id>1192311</id>
<name>Claudia Gray</name>
<link><![CDATA[https://www.goodreads.com/author/show/1192311.Claudia_Gray]]></link>
</author>
</authors>
</book>

          <book>
<id>9526658</id>
<title><![CDATA[Black Dawn (The Morganville Vampires, #12)]]></title>
<title_without_series>Black Dawn</title_without_series>
<link><![CDATA[https://www.goodreads.com/book/show/9526658-black-dawn]]></link>
<small_image_url><![CDATA[https://images.gr-assets.com/books/1318112062s/9526658.jpg]]></small_image_url>
<image_url><![CDATA[https://images.gr-assets.com/books/1318112062m/9526658.jpg]]></image_url>
<num_pages>367</num_pages>
<work>
<id>14412693</id>
</work>
<isbn>0451236718</isbn>
<isbn13>9780451236715</isbn13>
<average_rating>4.26</average_rating>
<ratings_count>16726</ratings_count>
<publication_year>2012</publication_year>
<publication_month>5</publication_month>
<publication_day>1</publication_day>
<authors>
<author>
<id>15292</id>
<name>Rachel Caine</name>
<link><![CDATA[https://www.goodreads.com/author/show/15292.Rachel_Caine]]></link>
</author>
</authors>
</book>

          <book>
<id>14290023</id>
<title><![CDATA[Thirst No. 5: The Sacred Veil (Thirst, #5)]]></title>
<title_without_series>Thirst No. 5: The Sacred Veil</title_without_series>
<link><![CDATA[https://www.goodreads.com/book/show/14290023-thirst-no-5]]></link>
<small_image_url><![CDATA[https://images.gr-assets.com/books/1362932879s/14290023.jpg]]></small_image_url>
<image_url><![CDATA[https://images.gr-assets.com/books/1362932879m/14290023.jpg]]></image_url>
<num_pages>441</num_pages>
<work>
<id>19930890</id>
</work>
<isbn>1442467312</isbn>
<isbn13>9781442467316</isbn13>
<average_rating>4.29</average_rating>
<ratings_count>3046</ratings_count>
<publication_year>2013</publication_year>
<publication_month>3</publication_month>
<publication_day>5</publication_day>
<authors>
<author>
<id>19954</id>
<name>Christopher Pike</name>
<link><![CDATA[https://www.goodreads.com/author/show/19954.Christopher_Pike]]></link>
</author>
</authors>
</book>

          <book>
<id>10508192</id>
<title><![CDATA[Soul Bound (Blood Coven Vampire, #7)]]></title>
<title_without_series>Soul Bound</title_without_series>
<link><![CDATA[https://www.goodreads.com/book/show/10508192-soul-bound]]></link>
<small_image_url><![CDATA[https://images.gr-assets.com/books/1331687012s/10508192.jpg]]></small_image_url>
<image_url><![CDATA[https://images.gr-assets.com/books/1331687012m/10508192.jpg]]></image_url>
<num_pages>256</num_pages>
<work>
<id>15414093</id>
</work>
<isbn>0425245470</isbn>
<isbn13>9780425245477</isbn13>
<average_rating>4.21</average_rating>
<ratings_count>1188</ratings_count>
<publication_year>2012</publication_year>
<publication_month>3</publication_month>
<publication_day>6</publication_day>
<authors>
<author>
<id>21701</id>
<name>Mari Mancusi</name>
<link><![CDATA[https://www.goodreads.com/author/show/21701.Mari_Mancusi]]></link>
</author>
</authors>
</book>

          <book>
<id>7312324</id>
<title><![CDATA[Cryptic Cravings (Vampire Kisses, #8)]]></title>
<title_without_series>Cryptic Cravings</title_without_series>
<link><![CDATA[https://www.goodreads.com/book/show/7312324-cryptic-cravings]]></link>
<small_image_url><![CDATA[https://images.gr-assets.com/books/1287674203s/7312324.jpg]]></small_image_url>
<image_url><![CDATA[https://images.gr-assets.com/books/1287674203m/7312324.jpg]]></image_url>
<num_pages>211</num_pages>
<work>
<id>8802711</id>
</work>
<isbn>0061689459</isbn>
<isbn13>9780061689451</isbn13>
<average_rating>4.19</average_rating>
<ratings_count>11431</ratings_count>
<publication_year>2011</publication_year>
<publication_month>5</publication_month>
<publication_day>17</publication_day>
<authors>
<author>
<id>153734</id>
<name>Ellen Schreiber</name>
<link><![CDATA[https://www.goodreads.com/author/show/153734.Ellen_Schreiber]]></link>
</author>
</authors>
</book>

          <book>
<id>9277335</id>
<title>Shimmer (Riley Bloom, #2)</title>
<title_without_series>Shimmer</title_without_series>
<link><![CDATA[https://www.goodreads.com/book/show/9277335-shimmer]]></link>
<small_image_url><![CDATA[https://images.gr-assets.com/books/1356379770s/9277335.jpg]]></small_image_url>
<image_url><![CDATA[https://images.gr-assets.com/books/1356379770m/9277335.jpg]]></image_url>
<num_pages>196</num_pages>
<work>
<id>13348362</id>
</work>
<isbn>0312648251</isbn>
<isbn13>9780312648251</isbn13>
<average_rating>3.77</average_rating>
<ratings_count>6854</ratings_count>
<publication_year>2011</publication_year>
<publication_month>3</publication_month>
<publication_day>15</publication_day>
<authors>
<author>
<id>200317</id>
<name>Alyson Noel</name>
<link><![CDATA[https://www.goodreads.com/author/show/200317.Alyson_Noel]]></link>
</author>
</authors>
</book>

          <book>
<id>775975</id>
<title>Changeling (Sweep, #8)</title>
<title_without_series>Changeling</title_without_series>
<link><![CDATA[https://www.goodreads.com/book/show/775975.Changeling]]></link>
<small_image_url><![CDATA[https://s.gr-assets.com/assets/nophoto/book/50x75-a91bf249278a81aabab721ef782c4a74.png]]></small_image_url>
<image_url><![CDATA[https://s.gr-assets.com/assets/nophoto/book/111x148-bcc042a9c91a29c1d680899eff700a03.png]]></image_url>
<num_pages>188</num_pages>
<work>
<id>762013</id>
</work>
<isbn>0142300578</isbn>
<isbn13>9780142300572</isbn13>
<average_rating>4.18</average_rating>
<ratings_count>8710</ratings_count>
<publication_year>2001</publication_year>
<publication_month>12</publication_month>
<publication_day>31</publication_day>
<authors>
<author>
<id>191456</id>
<name>Cate Tiernan</name>
<link><![CDATA[https://www.goodreads.com/author/show/191456.Cate_Tiernan]]></link>
</author>
</authors>
</book>

          <book>
<id>9723976</id>
<title><![CDATA[Frostbite: The Graphic Novel (Vampire Academy: The Graphic Novel, #2)]]></title>
<title_without_series>Frostbite: The Graphic Novel</title_without_series>
<link><![CDATA[https://www.goodreads.com/book/show/9723976-frostbite]]></link>
<small_image_url><![CDATA[https://images.gr-assets.com/books/1331421398s/9723976.jpg]]></small_image_url>
<image_url><![CDATA[https://images.gr-assets.com/books/1331421398m/9723976.jpg]]></image_url>
<num_pages>156</num_pages>
<work>
<id>17283617</id>
</work>
<isbn>1595144307</isbn>
<isbn13>9781595144300</isbn13>
<average_rating>4.32</average_rating>
<ratings_count>5107</ratings_count>
<publication_year>2012</publication_year>
<publication_month>5</publication_month>
<publication_day>24</publication_day>
<authors>
<author>
<id>137902</id>
<name>Richelle Mead</name>
<link><![CDATA[https://www.goodreads.com/author/show/137902.Richelle_Mead]]></link>
</author>
</authors>
</book>

          <book>
<id>8601666</id>
<title>Blessed (Tantalize, #3)</title>
<title_without_series>Blessed</title_without_series>
<link><![CDATA[https://www.goodreads.com/book/show/8601666-blessed]]></link>
<small_image_url><![CDATA[https://s.gr-assets.com/assets/nophoto/book/50x75-a91bf249278a81aabab721ef782c4a74.png]]></small_image_url>
<image_url><![CDATA[https://s.gr-assets.com/assets/nophoto/book/111x148-bcc042a9c91a29c1d680899eff700a03.png]]></image_url>
<num_pages>480</num_pages>
<work>
<id>6460482</id>
</work>
<isbn>0763643262</isbn>
<isbn13>9780763643263</isbn13>
<average_rating>3.95</average_rating>
<ratings_count>3651</ratings_count>
<publication_year>2011</publication_year>
<publication_month>1</publication_month>
<publication_day>25</publication_day>
<authors>
<author>
<id>202438</id>
<name>Cynthia Leitich Smith</name>
<link><![CDATA[https://www.goodreads.com/author/show/202438.Cynthia_Leitich_Smith]]></link>
</author>
</authors>
</book>

          <book>
<id>9031163</id>
<title>Damned (Crusade, #2)</title>
<title_without_series>Damned</title_without_series>
<link><![CDATA[https://www.goodreads.com/book/show/9031163-damned]]></link>
<small_image_url><![CDATA[https://s.gr-assets.com/assets/nophoto/book/50x75-a91bf249278a81aabab721ef782c4a74.png]]></small_image_url>
<image_url><![CDATA[https://s.gr-assets.com/assets/nophoto/book/111x148-bcc042a9c91a29c1d680899eff700a03.png]]></image_url>
<num_pages>544</num_pages>
<work>
<id>14567945</id>
</work>
<isbn>1416998047</isbn>
<isbn13>9781416998044</isbn13>
<average_rating>4.03</average_rating>
<ratings_count>1111</ratings_count>
<publication_year>2011</publication_year>
<publication_month>8</publication_month>
<publication_day>30</publication_day>
<authors>
<author>
<id>27206</id>
<name>Nancy Holder</name>
<link><![CDATA[https://www.goodreads.com/author/show/27206.Nancy_Holder]]></link>
</author>
</authors>
</book>

          <book>
<id>10000600</id>
<title><![CDATA[Old Habits (Wicked Lovely, #2.6)]]></title>
<title_without_series>Old Habits</title_without_series>
<link><![CDATA[https://www.goodreads.com/book/show/10000600-old-habits]]></link>
<small_image_url><![CDATA[https://images.gr-assets.com/books/1327881013s/10000600.jpg]]></small_image_url>
<image_url><![CDATA[https://images.gr-assets.com/books/1327881013m/10000600.jpg]]></image_url>
<num_pages>100</num_pages>
<work>
<id>14895598</id>
</work>
<isbn></isbn>
<isbn13></isbn13>
<average_rating>4.00</average_rating>
<ratings_count>1636</ratings_count>
<publication_year>2011</publication_year>
<publication_month>1</publication_month>
<publication_day>11</publication_day>
<authors>
<author>
<id>175855</id>
<name>Melissa Marr</name>
<link><![CDATA[https://www.goodreads.com/author/show/175855.Melissa_Marr]]></link>
</author>
</authors>
</book>

  </similar_books>
</book>

</GoodreadsResponse>