<?xml version="1.0" encoding="UTF-8"?>
<GoodreadsResponse>
  <Request>
    <authentication>true</authentication>
      <key><![CDATA[all_men_must_serve]]></key>
    <method><![CDATA[book_show]]></method>
  </Request>
  <book>
  <id>10327303</id>
  <title><![CDATA[Uncommon Criminals (Heist Society, #2)]]></title>
  <isbn><![CDATA[1423147952]]></isbn>
  <isbn13><![CDATA[9781423147954]]></isbn13>
  <asin><![CDATA[]]></asin>
  <kindle_asin><![CDATA[B0087JV8X4]]></kindle_asin>
  <marketplace_id><![CDATA[A1F83G8C2ARO7P]]></marketplace_id>
  <country_code><![CDATA[GB]]></country_code>
  <image_url>https://images.gr-assets.com/books/1298155996m/10327303.jpg</image_url>
  <small_image_url>https://images.gr-assets.com/books/1298155996s/10327303.jpg</small_image_url>
  <publication_year>2011</publication_year>
  <publication_month>6</publication_month>
  <publication_day>21</publication_day>
  <publisher>Disney-Hyperion</publisher>
  <language_code></language_code>
  <is_ebook>false</is_ebook>
  <description><![CDATA[Katarina Bishop has worn a lot of labels in her short life. Friend. Niece. Daughter. Thief. But for the last two months she’s simply been known as the girl who ran the crew that robbed the greatest museum in the world. That’s why Kat isn’t surprised when she’s asked to steal the infamous Cleopatra Emerald so it can be returned to its rightful owners. <br /><br />There are only three problems. First, the gem hasn’t been seen in public in thirty years. Second, since the fall of the Egyptian empire and the suicide of Cleopatra, no one who holds the emerald keeps it for long, and in Kat’s world, history almost always repeats itself. But it’s the third problem that makes Kat’s crew the most nervous and that is simply… the emerald is cursed.<br /><br />Kat might be in way over her head, but she’s not going down without a fight. After all she has her best friend—the gorgeous Hale—and the rest of her crew with her as they chase the Cleopatra around the globe, dodging curses, realizing that the same tricks and cons her family has used for centuries are useless this time.<br /><br />Which means, this time, Katarina Bishop is making up her own rules.]]></description>
  <work>
  <id type="integer">14547795</id>
  <books_count type="integer">25</books_count>
  <best_book_id type="integer">10327303</best_book_id>
  <reviews_count type="integer">58825</reviews_count>
  <ratings_sum type="integer">150940</ratings_sum>
  <ratings_count type="integer">36402</ratings_count>
  <text_reviews_count type="integer">2180</text_reviews_count>
  <original_publication_year type="integer">2011</original_publication_year>
  <original_publication_month type="integer">6</original_publication_month>
  <original_publication_day type="integer">21</original_publication_day>
  <original_title>Uncommon Criminals</original_title>
  <original_language_id type="integer" nil="true"/>
  <media_type>book</media_type>
  <rating_dist>5:15297|4:13176|3:6354|2:1114|1:461|total:36402</rating_dist>
  <desc_user_id type="integer">3100556</desc_user_id>
  <default_chaptering_book_id type="integer" nil="true"/>
  <default_description_language_code nil="true"/>
</work>
  <average_rating>4.15</average_rating>
  <num_pages><![CDATA[298]]></num_pages>
  <format><![CDATA[Hardcover]]></format>
  <edition_information><![CDATA[]]></edition_information>
  <ratings_count><![CDATA[35122]]></ratings_count>
  <text_reviews_count><![CDATA[1998]]></text_reviews_count>
  <url><![CDATA[https://www.goodreads.com/book/show/10327303-uncommon-criminals]]></url>
  <link><![CDATA[https://www.goodreads.com/book/show/10327303-uncommon-criminals]]></link>
  <authors>
<author>
<id>56224</id>
<name>Ally Carter</name>
<role></role>
<image_url nophoto='false'>
<![CDATA[https://images.gr-assets.com/authors/1421526957p5/56224.jpg]]>
</image_url>
<small_image_url nophoto='false'>
<![CDATA[https://images.gr-assets.com/authors/1421526957p2/56224.jpg]]>
</small_image_url>
<link><![CDATA[https://www.goodreads.com/author/show/56224.Ally_Carter]]></link>
<average_rating>4.05</average_rating>
<ratings_count>623579</ratings_count>
<text_reviews_count>39005</text_reviews_count>
</author>
</authors>

    <reviews_widget>
      <![CDATA[
        <style>
  #goodreads-widget {
    font-family: georgia, serif;
    padding: 18px 0;
    width:565px;
  }
  #goodreads-widget h1 {
    font-weight:normal;
    font-size: 16px;
    border-bottom: 1px solid #BBB596;
    margin-bottom: 0;
  }
  #goodreads-widget a {
    text-decoration: none;
    color:#660;
  }
  iframe{
    background-color: #fff;
  }
  #goodreads-widget a:hover { text-decoration: underline; }
  #goodreads-widget a:active {
    color:#660;
  }
  #gr_footer {
    width: 100%;
    border-top: 1px solid #BBB596;
    text-align: right;
  }
  #goodreads-widget .gr_branding{
    color: #382110;
    font-size: 11px;
    text-decoration: none;
    font-family: "Helvetica Neue", Helvetica, Arial, sans-serif;
  }
</style>
<div id="goodreads-widget">
  <div id="gr_header"><h1><a rel="nofollow" href="https://www.goodreads.com/book/show/10327303-uncommon-criminals">Uncommon Criminals Reviews</a></h1></div>
  <iframe id="the_iframe" src="https://www.goodreads.com/api/reviews_widget_iframe?did=DEVELOPER_ID&amp;format=html&amp;isbn=1423147952&amp;links=660&amp;min_rating=&amp;review_back=fff&amp;stars=000&amp;text=000" width="565" height="400" frameborder="0"></iframe>
  <div id="gr_footer">
    <a class="gr_branding" target="_blank" rel="nofollow" href="https://www.goodreads.com/book/show/10327303-uncommon-criminals?utm_medium=api&amp;utm_source=reviews_widget">Reviews from Goodreads.com</a>
  </div>
</div>

      ]]>
    </reviews_widget>
  <popular_shelves>
      <shelf name="to-read" count="17115"/>
      <shelf name="young-adult" count="907"/>
      <shelf name="favorites" count="783"/>
      <shelf name="ya" count="480"/>
      <shelf name="mystery" count="357"/>
      <shelf name="currently-reading" count="326"/>
      <shelf name="contemporary" count="293"/>
      <shelf name="series" count="288"/>
      <shelf name="books-i-own" count="236"/>
      <shelf name="romance" count="235"/>
      <shelf name="adventure" count="158"/>
      <shelf name="ally-carter" count="146"/>
      <shelf name="fiction" count="138"/>
      <shelf name="teen" count="111"/>
      <shelf name="chick-lit" count="102"/>
      <shelf name="owned" count="98"/>
      <shelf name="crime" count="97"/>
      <shelf name="read-in-2011" count="84"/>
      <shelf name="spy" count="83"/>
      <shelf name="realistic-fiction" count="74"/>
      <shelf name="action" count="73"/>
      <shelf name="heist-society" count="71"/>
      <shelf name="library" count="58"/>
      <shelf name="favourites" count="57"/>
      <shelf name="ya-fiction" count="57"/>
      <shelf name="thieves" count="57"/>
      <shelf name="read-in-2013" count="50"/>
      <shelf name="spies" count="50"/>
      <shelf name="to-buy" count="47"/>
      <shelf name="espionage" count="45"/>
      <shelf name="ebook" count="44"/>
      <shelf name="read-in-2012" count="42"/>
      <shelf name="audiobook" count="42"/>
      <shelf name="owned-books" count="42"/>
      <shelf name="action-adventure" count="40"/>
      <shelf name="ya-contemporary" count="38"/>
      <shelf name="young-adult-fiction" count="35"/>
      <shelf name="4-stars" count="34"/>
      <shelf name="kindle" count="34"/>
      <shelf name="heist" count="34"/>
      <shelf name="favorite-books" count="32"/>
      <shelf name="ya-lit" count="32"/>
      <shelf name="audiobooks" count="31"/>
      <shelf name="audio" count="30"/>
      <shelf name="suspense" count="30"/>
      <shelf name="ebooks" count="28"/>
      <shelf name="teen-fiction" count="28"/>
      <shelf name="read-in-2014" count="27"/>
      <shelf name="favorite" count="27"/>
      <shelf name="high-school" count="27"/>
      <shelf name="humor" count="27"/>
      <shelf name="wish-list" count="27"/>
      <shelf name="funny" count="26"/>
      <shelf name="family" count="26"/>
      <shelf name="friendship" count="25"/>
      <shelf name="signed" count="25"/>
      <shelf name="read-2011" count="25"/>
      <shelf name="thriller" count="24"/>
      <shelf name="realistic" count="24"/>
      <shelf name="favorite-series" count="24"/>
      <shelf name="i-own" count="24"/>
      <shelf name="ya-books" count="24"/>
      <shelf name="mystery-thriller" count="23"/>
      <shelf name="my-books" count="23"/>
      <shelf name="read-in-2015" count="21"/>
      <shelf name="5-stars" count="21"/>
      <shelf name="read-2013" count="20"/>
      <shelf name="read-2012" count="20"/>
      <shelf name="contemporary-fiction" count="20"/>
      <shelf name="ya-mystery" count="20"/>
      <shelf name="all-time-favorites" count="19"/>
      <shelf name="reviewed" count="19"/>
      <shelf name="girl-power" count="18"/>
      <shelf name="books" count="17"/>
      <shelf name="heist-society-series" count="17"/>
      <shelf name="teen-books" count="17"/>
      <shelf name="e-books" count="16"/>
      <shelf name="my-library" count="16"/>
      <shelf name="reread" count="16"/>
      <shelf name="4-star" count="16"/>
      <shelf name="library-books" count="16"/>
      <shelf name="own-it" count="16"/>
      <shelf name="youngadult" count="16"/>
      <shelf name="spy-books" count="16"/>
      <shelf name="read-in-2016" count="15"/>
      <shelf name="re-read" count="15"/>
      <shelf name="have" count="15"/>
      <shelf name="e-book" count="15"/>
      <shelf name="middle-school" count="15"/>
      <shelf name="favorite-authors" count="15"/>
      <shelf name="favs" count="14"/>
      <shelf name="ya-romance" count="14"/>
      <shelf name="mysteries" count="14"/>
      <shelf name="ya-series" count="14"/>
      <shelf name="faves" count="14"/>
      <shelf name="2015-reads" count="13"/>
      <shelf name="heists" count="13"/>
      <shelf name="ya-novels" count="13"/>
      <shelf name="finished" count="13"/>
      <shelf name="library-book" count="13"/>
  </popular_shelves>
  <book_links>
    <book_link>
  <id>8</id>
  <name>Libraries</name>
  <link>https://www.goodreads.com/book_link/follow/8</link>
</book_link>

  </book_links>
  <buy_links>
    <buy_link>
<id>1</id>
<name>Amazon</name>
<link>https://www.goodreads.com/book_link/follow/1</link>
</buy_link>
<buy_link>
<id>10</id>
<name>Audible</name>
<link>https://www.goodreads.com/book_link/follow/10</link>
</buy_link>
<buy_link>
<id>3</id>
<name>Barnes &amp; Noble</name>
<link>https://www.goodreads.com/book_link/follow/3</link>
</buy_link>
<buy_link>
<id>1027</id>
<name>Kobo</name>
<link>https://www.goodreads.com/book_link/follow/1027</link>
</buy_link>
<buy_link>
<id>2102</id>
<name>Apple iBooks</name>
<link>https://www.goodreads.com/book_link/follow/2102</link>
</buy_link>
<buy_link>
<id>8036</id>
<name>Google Play</name>
<link>https://www.goodreads.com/book_link/follow/8036</link>
</buy_link>
<buy_link>
<id>4</id>
<name>Abebooks</name>
<link>https://www.goodreads.com/book_link/follow/4</link>
</buy_link>
<buy_link>
<id>882</id>
<name>Book Depository</name>
<link>https://www.goodreads.com/book_link/follow/882</link>
</buy_link>
<buy_link>
<id>9</id>
<name>Indigo</name>
<link>https://www.goodreads.com/book_link/follow/9</link>
</buy_link>
<buy_link>
<id>2</id>
<name>Half.com</name>
<link>https://www.goodreads.com/book_link/follow/2</link>
</buy_link>
<buy_link>
<id>5</id>
<name>Alibris</name>
<link>https://www.goodreads.com/book_link/follow/5</link>
</buy_link>
<buy_link>
<id>107</id>
<name>Better World Books</name>
<link>https://www.goodreads.com/book_link/follow/107</link>
</buy_link>
<buy_link>
<id>7</id>
<name>IndieBound</name>
<link>https://www.goodreads.com/book_link/follow/7</link>
</buy_link>

  </buy_links>
  <series_works>
    <series_work>
<id>208213</id>
<user_position>2</user_position>
<series>
<id>49284</id>
<title>
<![CDATA[
    Heist Society
]]>
</title>
<description>
<![CDATA[
]]>
</description>
<note>
<![CDATA[
]]>
</note>
<series_works_count>6</series_works_count>
<primary_work_count>4</primary_work_count>
<numbered>true</numbered>
</series>

</series_work>

  </series_works>
  <similar_books>
          <book>
<id>1188295</id>
<title>Killer Spirit (The Squad, #2)</title>
<title_without_series>Killer Spirit</title_without_series>
<link><![CDATA[https://www.goodreads.com/book/show/1188295.Killer_Spirit]]></link>
<small_image_url><![CDATA[https://images.gr-assets.com/books/1320457237s/1188295.jpg]]></small_image_url>
<image_url><![CDATA[https://images.gr-assets.com/books/1320457237m/1188295.jpg]]></image_url>
<num_pages>324</num_pages>
<work>
<id>3275065</id>
</work>
<isbn>0385734557</isbn>
<isbn13>9780385734554</isbn13>
<average_rating>4.02</average_rating>
<ratings_count>4317</ratings_count>
<publication_year>2008</publication_year>
<publication_month>2</publication_month>
<publication_day>12</publication_day>
<authors>
<author>
<id>164187</id>
<name>Jennifer Lynn Barnes</name>
<link><![CDATA[https://www.goodreads.com/author/show/164187.Jennifer_Lynn_Barnes]]></link>
</author>
</authors>
</book>

          <book>
<id>7507889</id>
<title><![CDATA[The Body at the Tower (The Agency, #2)]]></title>
<title_without_series>The Body at the Tower</title_without_series>
<link><![CDATA[https://www.goodreads.com/book/show/7507889-the-body-at-the-tower]]></link>
<small_image_url><![CDATA[https://images.gr-assets.com/books/1273088594s/7507889.jpg]]></small_image_url>
<image_url><![CDATA[https://images.gr-assets.com/books/1273088594m/7507889.jpg]]></image_url>
<num_pages>337</num_pages>
<work>
<id>9694808</id>
</work>
<isbn>0763649686</isbn>
<isbn13>9780763649685</isbn13>
<average_rating>3.98</average_rating>
<ratings_count>6995</ratings_count>
<publication_year>2010</publication_year>
<publication_month>8</publication_month>
<publication_day>10</publication_day>
<authors>
<author>
<id>2868833</id>
<name>Y.S. Lee</name>
<link><![CDATA[https://www.goodreads.com/author/show/2868833.Y_S_Lee]]></link>
</author>
</authors>
</book>

          <book>
<id>1698268</id>
<title><![CDATA[The Winning Element (The Specialists, #3)]]></title>
<title_without_series>The Winning Element</title_without_series>
<link><![CDATA[https://www.goodreads.com/book/show/1698268.The_Winning_Element]]></link>
<small_image_url><![CDATA[https://s.gr-assets.com/assets/nophoto/book/50x75-a91bf249278a81aabab721ef782c4a74.png]]></small_image_url>
<image_url><![CDATA[https://s.gr-assets.com/assets/nophoto/book/111x148-bcc042a9c91a29c1d680899eff700a03.png]]></image_url>
<num_pages>240</num_pages>
<work>
<id>1695263</id>
</work>
<isbn>0142410527</isbn>
<isbn13>9780142410523</isbn13>
<average_rating>4.03</average_rating>
<ratings_count>2007</ratings_count>
<publication_year>2008</publication_year>
<publication_month>4</publication_month>
<publication_day>17</publication_day>
<authors>
<author>
<id>345637</id>
<name>Shannon Greenland</name>
<link><![CDATA[https://www.goodreads.com/author/show/345637.Shannon_Greenland]]></link>
</author>
</authors>
</book>

          <book>
<id>7411232</id>
<title>Exile (Aurelia, #2)</title>
<title_without_series>Exile</title_without_series>
<link><![CDATA[https://www.goodreads.com/book/show/7411232-exile]]></link>
<small_image_url><![CDATA[https://images.gr-assets.com/books/1281429075s/7411232.jpg]]></small_image_url>
<image_url><![CDATA[https://images.gr-assets.com/books/1281429075m/7411232.jpg]]></image_url>
<num_pages>304</num_pages>
<work>
<id>9336076</id>
</work>
<isbn>0142417394</isbn>
<isbn13>9780142417393</isbn13>
<average_rating>3.85</average_rating>
<ratings_count>1758</ratings_count>
<publication_year>2011</publication_year>
<publication_month>4</publication_month>
<publication_day>28</publication_day>
<authors>
<author>
<id>1079136</id>
<name>Anne Osterlund</name>
<link><![CDATA[https://www.goodreads.com/author/show/1079136.Anne_Osterlund]]></link>
</author>
</authors>
</book>

          <book>
<id>9462775</id>
<title><![CDATA[The Last Little Blue Envelope (Little Blue Envelope, #2)]]></title>
<title_without_series>The Last Little Blue Envelope</title_without_series>
<link><![CDATA[https://www.goodreads.com/book/show/9462775-the-last-little-blue-envelope]]></link>
<small_image_url><![CDATA[https://images.gr-assets.com/books/1288297853s/9462775.jpg]]></small_image_url>
<image_url><![CDATA[https://images.gr-assets.com/books/1288297853m/9462775.jpg]]></image_url>
<num_pages>282</num_pages>
<work>
<id>7269956</id>
</work>
<isbn>0061976792</isbn>
<isbn13>9780061976797</isbn13>
<average_rating>3.86</average_rating>
<ratings_count>20359</ratings_count>
<publication_year>2011</publication_year>
<publication_month>4</publication_month>
<publication_day>26</publication_day>
<authors>
<author>
<id>10317</id>
<name>Maureen Johnson</name>
<link><![CDATA[https://www.goodreads.com/author/show/10317.Maureen_Johnson]]></link>
</author>
</authors>
</book>

          <book>
<id>6297286</id>
<title><![CDATA[I'm So Sure (The Charmed Life, #2)]]></title>
<title_without_series>I&apos;m So Sure</title_without_series>
<link><![CDATA[https://www.goodreads.com/book/show/6297286-i-m-so-sure]]></link>
<small_image_url><![CDATA[https://s.gr-assets.com/assets/nophoto/book/50x75-a91bf249278a81aabab721ef782c4a74.png]]></small_image_url>
<image_url><![CDATA[https://s.gr-assets.com/assets/nophoto/book/111x148-bcc042a9c91a29c1d680899eff700a03.png]]></image_url>
<num_pages></num_pages>
<work>
<id>6481858</id>
</work>
<isbn>1595545425</isbn>
<isbn13>9781595545428</isbn13>
<average_rating>4.34</average_rating>
<ratings_count>2045</ratings_count>
<publication_year></publication_year>
<publication_month></publication_month>
<publication_day></publication_day>
<authors>
<author>
<id>837420</id>
<name>Jenny B. Jones</name>
<link><![CDATA[https://www.goodreads.com/author/show/837420.Jenny_B_Jones]]></link>
</author>
</authors>
</book>

          <book>
<id>17934520</id>
<title><![CDATA[Going Rogue (Also Known As, #2)]]></title>
<title_without_series>Going Rogue</title_without_series>
<link><![CDATA[https://www.goodreads.com/book/show/17934520-going-rogue]]></link>
<small_image_url><![CDATA[https://images.gr-assets.com/books/1378404881s/17934520.jpg]]></small_image_url>
<image_url><![CDATA[https://images.gr-assets.com/books/1378404881m/17934520.jpg]]></image_url>
<num_pages>320</num_pages>
<work>
<id>25142386</id>
</work>
<isbn>0802736041</isbn>
<isbn13>9780802736048</isbn13>
<average_rating>3.95</average_rating>
<ratings_count>2924</ratings_count>
<publication_year>2014</publication_year>
<publication_month>1</publication_month>
<publication_day>14</publication_day>
<authors>
<author>
<id>753097</id>
<name>Robin Benway</name>
<link><![CDATA[https://www.goodreads.com/author/show/753097.Robin_Benway]]></link>
</author>
</authors>
</book>

          <book>
<id>8013391</id>
<title><![CDATA[Real Live Boyfriends: Yes. Boyfriends, Plural. If My Life Weren't Complicated, I Wouldn't Be Ruby Oliver (Ruby Oliver, #4)]]></title>
<title_without_series><![CDATA[Real Live Boyfriends: Yes. Boyfriends, Plural. If My Life Weren't Complicated, I Wouldn't Be Ruby Oliver]]></title_without_series>
<link><![CDATA[https://www.goodreads.com/book/show/8013391-real-live-boyfriends]]></link>
<small_image_url><![CDATA[https://images.gr-assets.com/books/1320493325s/8013391.jpg]]></small_image_url>
<image_url><![CDATA[https://images.gr-assets.com/books/1320493325m/8013391.jpg]]></image_url>
<num_pages>225</num_pages>
<work>
<id>6959619</id>
</work>
<isbn>038573428X</isbn>
<isbn13>9780385734288</isbn13>
<average_rating>3.99</average_rating>
<ratings_count>5206</ratings_count>
<publication_year>2010</publication_year>
<publication_month>12</publication_month>
<publication_day>28</publication_day>
<authors>
<author>
<id>173491</id>
<name>E. Lockhart</name>
<link><![CDATA[https://www.goodreads.com/author/show/173491.E_Lockhart]]></link>
</author>
</authors>
</book>

          <book>
<id>13416086</id>
<title><![CDATA[Perry's Killer Playlist (Perry & Gobi, #2)]]></title>
<title_without_series>Perry&apos;s Killer Playlist</title_without_series>
<link><![CDATA[https://www.goodreads.com/book/show/13416086-perry-s-killer-playlist]]></link>
<small_image_url><![CDATA[https://images.gr-assets.com/books/1344946414s/13416086.jpg]]></small_image_url>
<image_url><![CDATA[https://images.gr-assets.com/books/1344946414m/13416086.jpg]]></image_url>
<num_pages>224</num_pages>
<work>
<id>18729385</id>
</work>
<isbn>0547601174</isbn>
<isbn13>9780547601175</isbn13>
<average_rating>3.78</average_rating>
<ratings_count>618</ratings_count>
<publication_year>2012</publication_year>
<publication_month>11</publication_month>
<publication_day>6</publication_day>
<authors>
<author>
<id>263547</id>
<name>Joe Schreiber</name>
<link><![CDATA[https://www.goodreads.com/author/show/263547.Joe_Schreiber]]></link>
</author>
</authors>
</book>

          <book>
<id>9471670</id>
<title>Fins Are Forever (Fins, #2)</title>
<title_without_series>Fins Are Forever</title_without_series>
<link><![CDATA[https://www.goodreads.com/book/show/9471670-fins-are-forever]]></link>
<small_image_url><![CDATA[https://images.gr-assets.com/books/1292643620s/9471670.jpg]]></small_image_url>
<image_url><![CDATA[https://images.gr-assets.com/books/1292643620m/9471670.jpg]]></image_url>
<num_pages>262</num_pages>
<work>
<id>13103986</id>
</work>
<isbn>0061914681</isbn>
<isbn13>9780061914683</isbn13>
<average_rating>3.91</average_rating>
<ratings_count>7112</ratings_count>
<publication_year>2011</publication_year>
<publication_month>6</publication_month>
<publication_day>28</publication_day>
<authors>
<author>
<id>1051591</id>
<name>Tera Lynn Childs</name>
<link><![CDATA[https://www.goodreads.com/author/show/1051591.Tera_Lynn_Childs]]></link>
</author>
</authors>
</book>

          <book>
<id>8288246</id>
<title>Red Glove (Curse Workers, #2)</title>
<title_without_series>Red Glove</title_without_series>
<link><![CDATA[https://www.goodreads.com/book/show/8288246-red-glove]]></link>
<small_image_url><![CDATA[https://images.gr-assets.com/books/1327888670s/8288246.jpg]]></small_image_url>
<image_url><![CDATA[https://images.gr-assets.com/books/1327888670m/8288246.jpg]]></image_url>
<num_pages>327</num_pages>
<work>
<id>13136697</id>
</work>
<isbn>144240339X</isbn>
<isbn13>9781442403390</isbn13>
<average_rating>3.98</average_rating>
<ratings_count>17668</ratings_count>
<publication_year>2011</publication_year>
<publication_month>4</publication_month>
<publication_day>5</publication_day>
<authors>
<author>
<id>25422</id>
<name>Holly Black</name>
<link><![CDATA[https://www.goodreads.com/author/show/25422.Holly_Black]]></link>
</author>
</authors>
</book>

          <book>
<id>1976</id>
<title><![CDATA[Den of Thieves (Cat Royal, #3)]]></title>
<title_without_series>Den of Thieves</title_without_series>
<link><![CDATA[https://www.goodreads.com/book/show/1976.Den_of_Thieves]]></link>
<small_image_url><![CDATA[https://s.gr-assets.com/assets/nophoto/book/50x75-a91bf249278a81aabab721ef782c4a74.png]]></small_image_url>
<image_url><![CDATA[https://s.gr-assets.com/assets/nophoto/book/111x148-bcc042a9c91a29c1d680899eff700a03.png]]></image_url>
<num_pages>416</num_pages>
<work>
<id>6054</id>
</work>
<isbn>1405228180</isbn>
<isbn13>9781405228183</isbn13>
<average_rating>4.22</average_rating>
<ratings_count>1513</ratings_count>
<publication_year>2007</publication_year>
<publication_month>1</publication_month>
<publication_day>31</publication_day>
<authors>
<author>
<id>1332</id>
<name>Julia Golding</name>
<link><![CDATA[https://www.goodreads.com/author/show/1332.Julia_Golding]]></link>
</author>
</authors>
</book>

          <book>
<id>6318426</id>
<title><![CDATA[Front and Center (Dairy Queen, #3)]]></title>
<title_without_series>Front and Center</title_without_series>
<link><![CDATA[https://www.goodreads.com/book/show/6318426-front-and-center]]></link>
<small_image_url><![CDATA[https://images.gr-assets.com/books/1267223541s/6318426.jpg]]></small_image_url>
<image_url><![CDATA[https://images.gr-assets.com/books/1267223541m/6318426.jpg]]></image_url>
<num_pages>254</num_pages>
<work>
<id>6503734</id>
</work>
<isbn>0618959823</isbn>
<isbn13>9780618959822</isbn13>
<average_rating>3.96</average_rating>
<ratings_count>7593</ratings_count>
<publication_year>2009</publication_year>
<publication_month>10</publication_month>
<publication_day>19</publication_day>
<authors>
<author>
<id>361963</id>
<name>Catherine Gilbert Murdock</name>
<link><![CDATA[https://www.goodreads.com/author/show/361963.Catherine_Gilbert_Murdock]]></link>
</author>
</authors>
</book>

          <book>
<id>8527942</id>
<title><![CDATA[The Royal Treatment (Princess for Hire, #2)]]></title>
<title_without_series>The Royal Treatment</title_without_series>
<link><![CDATA[https://www.goodreads.com/book/show/8527942-the-royal-treatment]]></link>
<small_image_url><![CDATA[https://images.gr-assets.com/books/1291099554s/8527942.jpg]]></small_image_url>
<image_url><![CDATA[https://images.gr-assets.com/books/1291099554m/8527942.jpg]]></image_url>
<num_pages>272</num_pages>
<work>
<id>13394990</id>
</work>
<isbn>1423121937</isbn>
<isbn13>9781423121930</isbn13>
<average_rating>4.25</average_rating>
<ratings_count>1747</ratings_count>
<publication_year>2011</publication_year>
<publication_month>5</publication_month>
<publication_day>3</publication_day>
<authors>
<author>
<id>2945688</id>
<name>Lindsey Leavitt</name>
<link><![CDATA[https://www.goodreads.com/author/show/2945688.Lindsey_Leavitt]]></link>
</author>
</authors>
</book>

          <book>
<id>4570667</id>
<title>Just One Wish</title>
<title_without_series>Just One Wish</title_without_series>
<link><![CDATA[https://www.goodreads.com/book/show/4570667-just-one-wish]]></link>
<small_image_url><![CDATA[https://images.gr-assets.com/books/1424451108s/4570667.jpg]]></small_image_url>
<image_url><![CDATA[https://images.gr-assets.com/books/1424451108m/4570667.jpg]]></image_url>
<num_pages></num_pages>
<work>
<id>4620018</id>
</work>
<isbn>0399246185</isbn>
<isbn13>9780399246180</isbn13>
<average_rating>4.02</average_rating>
<ratings_count>9434</ratings_count>
<publication_year></publication_year>
<publication_month></publication_month>
<publication_day></publication_day>
<authors>
<author>
<id>184987</id>
<name>Janette Rallison</name>
<link><![CDATA[https://www.goodreads.com/author/show/184987.Janette_Rallison]]></link>
</author>
</authors>
</book>

  </similar_books>
</book>

</GoodreadsResponse>