<?xml version="1.0" encoding="UTF-8"?>
<GoodreadsResponse>
  <Request>
    <authentication>true</authentication>
      <key><![CDATA[all_men_must_serve]]></key>
    <method><![CDATA[book_show]]></method>
  </Request>
  <book>
  <id>1034605</id>
  <title><![CDATA[The Country Mouse and the City Mouse; The Fox and the Crow; The Dog and His Bone]]></title>
  <isbn><![CDATA[0307020754]]></isbn>
  <isbn13><![CDATA[]]></isbn13>
  <asin><![CDATA[]]></asin>
  <kindle_asin><![CDATA[]]></kindle_asin>
  <marketplace_id><![CDATA[]]></marketplace_id>
  <country_code><![CDATA[GB]]></country_code>
  <image_url>https://s.gr-assets.com/assets/nophoto/book/111x148-bcc042a9c91a29c1d680899eff700a03.png</image_url>
  <small_image_url>https://s.gr-assets.com/assets/nophoto/book/50x75-a91bf249278a81aabab721ef782c4a74.png</small_image_url>
  <publication_year>1961</publication_year>
  <publication_month></publication_month>
  <publication_day></publication_day>
  <publisher>Western Publishing Company</publisher>
  <language_code></language_code>
  <is_ebook>false</is_ebook>
  <description></description>
  <work>
  <id type="integer">1020930</id>
  <books_count type="integer">2</books_count>
  <best_book_id type="integer">1034605</best_book_id>
  <reviews_count type="integer">12314</reviews_count>
  <ratings_sum type="integer">49181</ratings_sum>
  <ratings_count type="integer">11495</ratings_count>
  <text_reviews_count type="integer">19</text_reviews_count>
  <original_publication_year type="integer">1961</original_publication_year>
  <original_publication_month type="integer" nil="true"/>
  <original_publication_day type="integer" nil="true"/>
  <original_title>The Country Mouse and the City Mouse, The Dog and His Bone, The Fox and the Crow (A Little Golden Book)</original_title>
  <original_language_id type="integer" nil="true"/>
  <media_type>book</media_type>
  <rating_dist>5:6234|4:2748|3:2097|2:312|1:104|total:11495</rating_dist>
  <desc_user_id type="integer">2665705</desc_user_id>
  <default_chaptering_book_id type="integer" nil="true"/>
  <default_description_language_code nil="true"/>
</work>
  <average_rating>4.28</average_rating>
  <num_pages><![CDATA[]]></num_pages>
  <format><![CDATA[Board book]]></format>
  <edition_information><![CDATA[]]></edition_information>
  <ratings_count><![CDATA[11495]]></ratings_count>
  <text_reviews_count><![CDATA[19]]></text_reviews_count>
  <url><![CDATA[https://www.goodreads.com/book/show/1034605.The_Country_Mouse_and_the_City_Mouse_The_Fox_and_the_Crow_The_Dog_and_His_Bone]]></url>
  <link><![CDATA[https://www.goodreads.com/book/show/1034605.The_Country_Mouse_and_the_City_Mouse_The_Fox_and_the_Crow_The_Dog_and_His_Bone]]></link>
  <authors>
<author>
<id>215867</id>
<name>Patricia M. Scarry</name>
<role></role>
<image_url nophoto='true'>
<![CDATA[https://s.gr-assets.com/assets/nophoto/user/u_200x266-e183445fd1a1b5cc7075bb1cf7043306.png]]>
</image_url>
<small_image_url nophoto='true'>
<![CDATA[https://s.gr-assets.com/assets/nophoto/user/u_50x66-632230dc9882b4352d753eedf9396530.png]]>
</small_image_url>
<link><![CDATA[https://www.goodreads.com/author/show/215867.Patricia_M_Scarry]]></link>
<average_rating>4.27</average_rating>
<ratings_count>21975</ratings_count>
<text_reviews_count>216</text_reviews_count>
</author>
<author>
<id>13901</id>
<name>Richard Scarry</name>
<role>Illustrator</role>
<image_url nophoto='false'>
<![CDATA[https://images.gr-assets.com/authors/1188187401p5/13901.jpg]]>
</image_url>
<small_image_url nophoto='false'>
<![CDATA[https://images.gr-assets.com/authors/1188187401p2/13901.jpg]]>
</small_image_url>
<link><![CDATA[https://www.goodreads.com/author/show/13901.Richard_Scarry]]></link>
<average_rating>4.25</average_rating>
<ratings_count>116722</ratings_count>
<text_reviews_count>2180</text_reviews_count>
</author>
</authors>

    <reviews_widget>
      <![CDATA[
        <style>
  #goodreads-widget {
    font-family: georgia, serif;
    padding: 18px 0;
    width:565px;
  }
  #goodreads-widget h1 {
    font-weight:normal;
    font-size: 16px;
    border-bottom: 1px solid #BBB596;
    margin-bottom: 0;
  }
  #goodreads-widget a {
    text-decoration: none;
    color:#660;
  }
  iframe{
    background-color: #fff;
  }
  #goodreads-widget a:hover { text-decoration: underline; }
  #goodreads-widget a:active {
    color:#660;
  }
  #gr_footer {
    width: 100%;
    border-top: 1px solid #BBB596;
    text-align: right;
  }
  #goodreads-widget .gr_branding{
    color: #382110;
    font-size: 11px;
    text-decoration: none;
    font-family: "Helvetica Neue", Helvetica, Arial, sans-serif;
  }
</style>
<div id="goodreads-widget">
  <div id="gr_header"><h1><a rel="nofollow" href="https://www.goodreads.com/book/show/1034605.The_Country_Mouse_and_the_City_Mouse_The_Fox_and_the_Crow_The_Dog_and_His_Bone">The Country Mouse and the City Mouse; The Fox and the Crow; The Dog and His Bone Reviews</a></h1></div>
  <iframe id="the_iframe" src="https://www.goodreads.com/api/reviews_widget_iframe?did=DEVELOPER_ID&amp;format=html&amp;isbn=0307020754&amp;links=660&amp;min_rating=&amp;review_back=fff&amp;stars=000&amp;text=000" width="565" height="400" frameborder="0"></iframe>
  <div id="gr_footer">
    <a class="gr_branding" target="_blank" rel="nofollow" href="https://www.goodreads.com/book/show/1034605.The_Country_Mouse_and_the_City_Mouse_The_Fox_and_the_Crow_The_Dog_and_His_Bone?utm_medium=api&amp;utm_source=reviews_widget">Reviews from Goodreads.com</a>
  </div>
</div>

      ]]>
    </reviews_widget>
  <popular_shelves>
      <shelf name="to-read" count="769"/>
      <shelf name="childrens" count="49"/>
      <shelf name="children-s" count="45"/>
      <shelf name="children-s-books" count="39"/>
      <shelf name="children" count="37"/>
      <shelf name="kids" count="21"/>
      <shelf name="picture-books" count="19"/>
      <shelf name="childrens-books" count="13"/>
      <shelf name="kids-books" count="12"/>
      <shelf name="fiction" count="12"/>
      <shelf name="classics" count="9"/>
      <shelf name="picture-book" count="5"/>
      <shelf name="favorites" count="5"/>
      <shelf name="classic" count="4"/>
      <shelf name="childhood-books" count="4"/>
      <shelf name="golden-books" count="4"/>
      <shelf name="childhood" count="4"/>
      <shelf name="little-golden-books" count="4"/>
      <shelf name="read-as-a-child" count="3"/>
      <shelf name="owned" count="3"/>
      <shelf name="children-s-lit" count="3"/>
      <shelf name="childhood-favorites" count="3"/>
      <shelf name="children-books" count="3"/>
      <shelf name="children-s-picture-books" count="3"/>
      <shelf name="fantasy" count="3"/>
      <shelf name="kid-books" count="3"/>
      <shelf name="favorite-children-s-books" count="3"/>
      <shelf name="children-young-adult" count="3"/>
      <shelf name="nostalgia" count="3"/>
      <shelf name="animals" count="3"/>
      <shelf name="children-s-fiction" count="2"/>
      <shelf name="little-golden-book" count="2"/>
      <shelf name="currently-reading" count="2"/>
      <shelf name="classroom" count="2"/>
      <shelf name="child" count="2"/>
      <shelf name="to-read-to-kids" count="2"/>
      <shelf name="children-s-literature" count="2"/>
      <shelf name="childrens-books-read" count="2"/>
      <shelf name="childhood-reads" count="2"/>
      <shelf name="fairy-tale" count="2"/>
      <shelf name="books-i-read-as-a-kid" count="2"/>
      <shelf name="childrens-book" count="2"/>
      <shelf name="old-school" count="2"/>
      <shelf name="i-was-young-once" count="1"/>
      <shelf name="childrens-picturebooks" count="1"/>
      <shelf name="children-s-collection" count="1"/>
      <shelf name="tall-tales-and-fables-b1" count="1"/>
      <shelf name="winona-kindergarten" count="1"/>
      <shelf name="autumn" count="1"/>
      <shelf name="kids-children" count="1"/>
      <shelf name="i-don-t-wanna-grow-up" count="1"/>
      <shelf name="when-i-was-a-child" count="1"/>
      <shelf name="books-read-to-my-kids" count="1"/>
      <shelf name="a-own" count="1"/>
      <shelf name="childhood-reading" count="1"/>
      <shelf name="children-youth" count="1"/>
      <shelf name="1000-by-k" count="1"/>
      <shelf name="childish-delights" count="1"/>
      <shelf name="books-i-ve-read-to-the-kids" count="1"/>
      <shelf name="favorite-childhood-books" count="1"/>
      <shelf name="pre-school" count="1"/>
      <shelf name="aveline-kindergarten" count="1"/>
      <shelf name="fiction-books-to-be-read" count="1"/>
      <shelf name="grandkidreading" count="1"/>
      <shelf name="for-the-children" count="1"/>
      <shelf name="unlikely-get-maybe" count="1"/>
      <shelf name="subshelves" count="1"/>
      <shelf name="hs-core-literature" count="1"/>
      <shelf name="publication-1900-1969" count="1"/>
      <shelf name="timothy-joseph" count="1"/>
      <shelf name="books-read-a-long-long-time-ago" count="1"/>
      <shelf name="engllish-reading" count="1"/>
      <shelf name="en-juvenile" count="1"/>
      <shelf name="scarlett-s-books" count="1"/>
      <shelf name="recommended" count="1"/>
      <shelf name="traditional-literature" count="1"/>
      <shelf name="old-stuff" count="1"/>
      <shelf name="read-to-zahara" count="1"/>
      <shelf name="childern-s-books" count="1"/>
      <shelf name="lizy-books" count="1"/>
      <shelf name="owned-books" count="1"/>
      <shelf name="literatura-estrangeira" count="1"/>
      <shelf name="boys" count="1"/>
      <shelf name="quality-childrens-books" count="1"/>
      <shelf name="remember" count="1"/>
      <shelf name="easy" count="1"/>
      <shelf name="funny" count="1"/>
      <shelf name="from-when-i-was-little" count="1"/>
      <shelf name="childeren-s" count="1"/>
      <shelf name="great-kids-books" count="1"/>
      <shelf name="read-by-myself" count="1"/>
      <shelf name="children-books-read" count="1"/>
      <shelf name="mb-graphic" count="1"/>
      <shelf name="kiddie-days" count="1"/>
      <shelf name="traditional-lit" count="1"/>
      <shelf name="_3-4-class-library" count="1"/>
      <shelf name="children-s-classics" count="1"/>
      <shelf name="vanda" count="1"/>
      <shelf name="per-femije-kids" count="1"/>
      <shelf name="favorite-books" count="1"/>
  </popular_shelves>
  <book_links>
    <book_link>
  <id>8</id>
  <name>Libraries</name>
  <link>https://www.goodreads.com/book_link/follow/8</link>
</book_link>

  </book_links>
  <buy_links>
    <buy_link>
<id>1</id>
<name>Amazon</name>
<link>https://www.goodreads.com/book_link/follow/1</link>
</buy_link>
<buy_link>
<id>10</id>
<name>Audible</name>
<link>https://www.goodreads.com/book_link/follow/10</link>
</buy_link>
<buy_link>
<id>3</id>
<name>Barnes &amp; Noble</name>
<link>https://www.goodreads.com/book_link/follow/3</link>
</buy_link>
<buy_link>
<id>1027</id>
<name>Kobo</name>
<link>https://www.goodreads.com/book_link/follow/1027</link>
</buy_link>
<buy_link>
<id>2102</id>
<name>Apple iBooks</name>
<link>https://www.goodreads.com/book_link/follow/2102</link>
</buy_link>
<buy_link>
<id>8036</id>
<name>Google Play</name>
<link>https://www.goodreads.com/book_link/follow/8036</link>
</buy_link>
<buy_link>
<id>4</id>
<name>Abebooks</name>
<link>https://www.goodreads.com/book_link/follow/4</link>
</buy_link>
<buy_link>
<id>882</id>
<name>Book Depository</name>
<link>https://www.goodreads.com/book_link/follow/882</link>
</buy_link>
<buy_link>
<id>9</id>
<name>Indigo</name>
<link>https://www.goodreads.com/book_link/follow/9</link>
</buy_link>
<buy_link>
<id>2</id>
<name>Half.com</name>
<link>https://www.goodreads.com/book_link/follow/2</link>
</buy_link>
<buy_link>
<id>5</id>
<name>Alibris</name>
<link>https://www.goodreads.com/book_link/follow/5</link>
</buy_link>
<buy_link>
<id>107</id>
<name>Better World Books</name>
<link>https://www.goodreads.com/book_link/follow/107</link>
</buy_link>
<buy_link>
<id>7</id>
<name>IndieBound</name>
<link>https://www.goodreads.com/book_link/follow/7</link>
</buy_link>

  </buy_links>
  <series_works>
    
  </series_works>
  <similar_books>
          <book>
<id>140130</id>
<title>The Three Bears</title>
<title_without_series>The Three Bears</title_without_series>
<link><![CDATA[https://www.goodreads.com/book/show/140130.The_Three_Bears]]></link>
<small_image_url><![CDATA[https://images.gr-assets.com/books/1320465012s/140130.jpg]]></small_image_url>
<image_url><![CDATA[https://images.gr-assets.com/books/1320465012m/140130.jpg]]></image_url>
<num_pages>24</num_pages>
<work>
<id>135093</id>
</work>
<isbn>0375825762</isbn>
<isbn13>9780375825767</isbn13>
<average_rating>4.26</average_rating>
<ratings_count>9506</ratings_count>
<publication_year>2003</publication_year>
<publication_month>10</publication_month>
<publication_day>14</publication_day>
<authors>
<author>
<id>475310</id>
<name>Rob Hefferan</name>
<link><![CDATA[https://www.goodreads.com/author/show/475310.Rob_Hefferan]]></link>
</author>
</authors>
</book>

          <book>
<id>1563413</id>
<title>The Three Little Pigs</title>
<title_without_series>The Three Little Pigs</title_without_series>
<link><![CDATA[https://www.goodreads.com/book/show/1563413.The_Three_Little_Pigs]]></link>
<small_image_url><![CDATA[https://images.gr-assets.com/books/1310278098s/1563413.jpg]]></small_image_url>
<image_url><![CDATA[https://images.gr-assets.com/books/1310278098m/1563413.jpg]]></image_url>
<num_pages>22</num_pages>
<work>
<id>1555975</id>
</work>
<isbn>0307020916</isbn>
<isbn13>9780307020918</isbn13>
<average_rating>4.26</average_rating>
<ratings_count>14798</ratings_count>
<publication_year></publication_year>
<publication_month></publication_month>
<publication_day></publication_day>
<authors>
<author>
<id>727022</id>
<name>Elizabeth Ross</name>
<link><![CDATA[https://www.goodreads.com/author/show/727022.Elizabeth_Ross]]></link>
</author>
</authors>
</book>

          <book>
<id>595417</id>
<title>The Gingerbread Man</title>
<title_without_series>The Gingerbread Man</title_without_series>
<link><![CDATA[https://www.goodreads.com/book/show/595417.The_Gingerbread_Man]]></link>
<small_image_url><![CDATA[https://s.gr-assets.com/assets/nophoto/book/50x75-a91bf249278a81aabab721ef782c4a74.png]]></small_image_url>
<image_url><![CDATA[https://s.gr-assets.com/assets/nophoto/book/111x148-bcc042a9c91a29c1d680899eff700a03.png]]></image_url>
<num_pages>32</num_pages>
<work>
<id>582121</id>
</work>
<isbn>0375825894</isbn>
<isbn13>9780375825897</isbn13>
<average_rating>4.25</average_rating>
<ratings_count>4424</ratings_count>
<publication_year>2004</publication_year>
<publication_month>9</publication_month>
<publication_day>14</publication_day>
<authors>
<author>
<id>323943</id>
<name>Nancy Nolte</name>
<link><![CDATA[https://www.goodreads.com/author/show/323943.Nancy_Nolte]]></link>
</author>
</authors>
</book>

          <book>
<id>988123</id>
<title>Tootle</title>
<title_without_series>Tootle</title_without_series>
<link><![CDATA[https://www.goodreads.com/book/show/988123.Tootle]]></link>
<small_image_url><![CDATA[https://images.gr-assets.com/books/1420795413s/988123.jpg]]></small_image_url>
<image_url><![CDATA[https://images.gr-assets.com/books/1420795413m/988123.jpg]]></image_url>
<num_pages></num_pages>
<work>
<id>3211125</id>
</work>
<isbn>0307020975</isbn>
<isbn13>9780307020970</isbn13>
<average_rating>4.16</average_rating>
<ratings_count>6295</ratings_count>
<publication_year></publication_year>
<publication_month></publication_month>
<publication_day></publication_day>
<authors>
<author>
<id>258601</id>
<name>Gertrude Crampton</name>
<link><![CDATA[https://www.goodreads.com/author/show/258601.Gertrude_Crampton]]></link>
</author>
</authors>
</book>

          <book>
<id>1422926</id>
<title>Frosty the Snow Man</title>
<title_without_series>Frosty the Snow Man</title_without_series>
<link><![CDATA[https://www.goodreads.com/book/show/1422926.Frosty_the_Snow_Man]]></link>
<small_image_url><![CDATA[https://images.gr-assets.com/books/1309642075s/1422926.jpg]]></small_image_url>
<image_url><![CDATA[https://images.gr-assets.com/books/1309642075m/1422926.jpg]]></image_url>
<num_pages>20</num_pages>
<work>
<id>1413359</id>
</work>
<isbn>0307140210</isbn>
<isbn13>9780307140210</isbn13>
<average_rating>4.25</average_rating>
<ratings_count>16503</ratings_count>
<publication_year>1950</publication_year>
<publication_month>12</publication_month>
<publication_day>31</publication_day>
<authors>
<author>
<id>3604</id>
<name>Jane Werner Watson</name>
<link><![CDATA[https://www.goodreads.com/author/show/3604.Jane_Werner_Watson]]></link>
</author>
</authors>
</book>

          <book>
<id>437885</id>
<title><![CDATA[Frosty the Snowman (Frosty the Snowman)]]></title>
<title_without_series>Frosty the Snowman</title_without_series>
<link><![CDATA[https://www.goodreads.com/book/show/437885.Frosty_the_Snowman]]></link>
<small_image_url><![CDATA[https://images.gr-assets.com/books/1377635241s/437885.jpg]]></small_image_url>
<image_url><![CDATA[https://images.gr-assets.com/books/1377635241m/437885.jpg]]></image_url>
<num_pages>24</num_pages>
<work>
<id>1385651</id>
</work>
<isbn>0307960382</isbn>
<isbn13>9780307960382</isbn13>
<average_rating>4.34</average_rating>
<ratings_count>17601</ratings_count>
<publication_year>2001</publication_year>
<publication_month>9</publication_month>
<publication_day>4</publication_day>
<authors>
<author>
<id>220718</id>
<name>Diane Muldrow</name>
<link><![CDATA[https://www.goodreads.com/author/show/220718.Diane_Muldrow]]></link>
</author>
</authors>
</book>

          <book>
<id>327194</id>
<title>Three Little Kittens</title>
<title_without_series>Three Little Kittens</title_without_series>
<link><![CDATA[https://www.goodreads.com/book/show/327194.Three_Little_Kittens]]></link>
<small_image_url><![CDATA[https://s.gr-assets.com/assets/nophoto/book/50x75-a91bf249278a81aabab721ef782c4a74.png]]></small_image_url>
<image_url><![CDATA[https://s.gr-assets.com/assets/nophoto/book/111x148-bcc042a9c91a29c1d680899eff700a03.png]]></image_url>
<num_pages></num_pages>
<work>
<id>317832</id>
</work>
<isbn>0307111547</isbn>
<isbn13>9780307111548</isbn13>
<average_rating>4.28</average_rating>
<ratings_count>18357</ratings_count>
<publication_year>1982</publication_year>
<publication_month>1</publication_month>
<publication_day>1</publication_day>
<authors>
<author>
<id>187817</id>
<name>Masha</name>
<link><![CDATA[https://www.goodreads.com/author/show/187817.Masha]]></link>
</author>
</authors>
</book>

          <book>
<id>734928</id>
<title><![CDATA[The Shy Little Kitten (Big Little Golden Book)]]></title>
<title_without_series>The Shy Little Kitten</title_without_series>
<link><![CDATA[https://www.goodreads.com/book/show/734928.The_Shy_Little_Kitten]]></link>
<small_image_url><![CDATA[https://s.gr-assets.com/assets/nophoto/book/50x75-a91bf249278a81aabab721ef782c4a74.png]]></small_image_url>
<image_url><![CDATA[https://s.gr-assets.com/assets/nophoto/book/111x148-bcc042a9c91a29c1d680899eff700a03.png]]></image_url>
<num_pages>32</num_pages>
<work>
<id>721112</id>
</work>
<isbn>0375828990</isbn>
<isbn13>9780375828997</isbn13>
<average_rating>4.16</average_rating>
<ratings_count>5833</ratings_count>
<publication_year>2004</publication_year>
<publication_month>9</publication_month>
<publication_day>14</publication_day>
<authors>
<author>
<id>389888</id>
<name>Cathleen Schurr</name>
<link><![CDATA[https://www.goodreads.com/author/show/389888.Cathleen_Schurr]]></link>
</author>
</authors>
</book>

          <book>
<id>988170</id>
<title>Tawny Scrawny Lion</title>
<title_without_series>Tawny Scrawny Lion</title_without_series>
<link><![CDATA[https://www.goodreads.com/book/show/988170.Tawny_Scrawny_Lion]]></link>
<small_image_url><![CDATA[https://images.gr-assets.com/books/1395619387s/988170.jpg]]></small_image_url>
<image_url><![CDATA[https://images.gr-assets.com/books/1395619387m/988170.jpg]]></image_url>
<num_pages>24</num_pages>
<work>
<id>1952538</id>
</work>
<isbn>0307021688</isbn>
<isbn13>9780307021687</isbn13>
<average_rating>4.16</average_rating>
<ratings_count>12634</ratings_count>
<publication_year>2001</publication_year>
<publication_month>7</publication_month>
<publication_day>15</publication_day>
<authors>
<author>
<id>172337</id>
<name>Kathryn Jackson</name>
<link><![CDATA[https://www.goodreads.com/author/show/172337.Kathryn_Jackson]]></link>
</author>
</authors>
</book>

          <book>
<id>894072</id>
<title><![CDATA[The Little Red Caboose (Little Golden Book)]]></title>
<title_without_series>The Little Red Caboose</title_without_series>
<link><![CDATA[https://www.goodreads.com/book/show/894072.The_Little_Red_Caboose]]></link>
<small_image_url><![CDATA[https://images.gr-assets.com/books/1364853044s/894072.jpg]]></small_image_url>
<image_url><![CDATA[https://images.gr-assets.com/books/1364853044m/894072.jpg]]></image_url>
<num_pages></num_pages>
<work>
<id>879277</id>
</work>
<isbn>0307021521</isbn>
<isbn13>9780307021526</isbn13>
<average_rating>4.21</average_rating>
<ratings_count>15986</ratings_count>
<publication_year></publication_year>
<publication_month></publication_month>
<publication_day></publication_day>
<authors>
<author>
<id>390450</id>
<name>Marian Potter</name>
<link><![CDATA[https://www.goodreads.com/author/show/390450.Marian_Potter]]></link>
</author>
</authors>
</book>

          <book>
<id>1304562</id>
<title><![CDATA[Santa's Toy Shop (a Big Little Golden Book)]]></title>
<title_without_series>Santa&apos;s Toy Shop</title_without_series>
<link><![CDATA[https://www.goodreads.com/book/show/1304562.Santa_s_Toy_Shop]]></link>
<small_image_url><![CDATA[https://s.gr-assets.com/assets/nophoto/book/50x75-a91bf249278a81aabab721ef782c4a74.png]]></small_image_url>
<image_url><![CDATA[https://s.gr-assets.com/assets/nophoto/book/111x148-bcc042a9c91a29c1d680899eff700a03.png]]></image_url>
<num_pages></num_pages>
<work>
<id>1293799</id>
</work>
<isbn>0375833617</isbn>
<isbn13>9780375833618</isbn13>
<average_rating>4.29</average_rating>
<ratings_count>3082</ratings_count>
<publication_year>2005</publication_year>
<publication_month>9</publication_month>
<publication_day>13</publication_day>
<authors>
<author>
<id>605364</id>
<name>Al Dempster</name>
<link><![CDATA[https://www.goodreads.com/author/show/605364.Al_Dempster]]></link>
</author>
</authors>
</book>

          <book>
<id>163358</id>
<title>Baby Farm Animals</title>
<title_without_series>Baby Farm Animals</title_without_series>
<link><![CDATA[https://www.goodreads.com/book/show/163358.Baby_Farm_Animals]]></link>
<small_image_url><![CDATA[https://s.gr-assets.com/assets/nophoto/book/50x75-a91bf249278a81aabab721ef782c4a74.png]]></small_image_url>
<image_url><![CDATA[https://s.gr-assets.com/assets/nophoto/book/111x148-bcc042a9c91a29c1d680899eff700a03.png]]></image_url>
<num_pages>26</num_pages>
<work>
<id>53393</id>
</work>
<isbn>0375836861</isbn>
<isbn13>9780375836862</isbn13>
<average_rating>4.18</average_rating>
<ratings_count>4898</ratings_count>
<publication_year>2006</publication_year>
<publication_month>5</publication_month>
<publication_day>9</publication_day>
<authors>
<author>
<id>30916</id>
<name>Garth Williams</name>
<link><![CDATA[https://www.goodreads.com/author/show/30916.Garth_Williams]]></link>
</author>
</authors>
</book>

          <book>
<id>533675</id>
<title>Pinocchio</title>
<title_without_series>Pinocchio</title_without_series>
<link><![CDATA[https://www.goodreads.com/book/show/533675.Pinocchio]]></link>
<small_image_url><![CDATA[https://s.gr-assets.com/assets/nophoto/book/50x75-a91bf249278a81aabab721ef782c4a74.png]]></small_image_url>
<image_url><![CDATA[https://s.gr-assets.com/assets/nophoto/book/111x148-bcc042a9c91a29c1d680899eff700a03.png]]></image_url>
<num_pages>24</num_pages>
<work>
<id>521194</id>
</work>
<isbn>0307021858</isbn>
<isbn13>9780307021854</isbn13>
<average_rating>4.33</average_rating>
<ratings_count>10629</ratings_count>
<publication_year>1999</publication_year>
<publication_month>3</publication_month>
<publication_day>1</publication_day>
<authors>
<author>
<id>237097</id>
<name>Eugene Bradley Coco</name>
<link><![CDATA[https://www.goodreads.com/author/show/237097.Eugene_Bradley_Coco]]></link>
</author>
</authors>
</book>

          <book>
<id>616650</id>
<title><![CDATA[Prayers for Children (Little Golden Book)]]></title>
<title_without_series>Prayers for Children</title_without_series>
<link><![CDATA[https://www.goodreads.com/book/show/616650.Prayers_for_Children]]></link>
<small_image_url><![CDATA[https://images.gr-assets.com/books/1365463232s/616650.jpg]]></small_image_url>
<image_url><![CDATA[https://images.gr-assets.com/books/1365463232m/616650.jpg]]></image_url>
<num_pages></num_pages>
<work>
<id>601217</id>
</work>
<isbn>0307021068</isbn>
<isbn13>9780307021069</isbn13>
<average_rating>4.38</average_rating>
<ratings_count>2836</ratings_count>
<publication_year></publication_year>
<publication_month></publication_month>
<publication_day></publication_day>
<authors>
<author>
<id>5313</id>
<name>Eloise Wilkin</name>
<link><![CDATA[https://www.goodreads.com/author/show/5313.Eloise_Wilkin]]></link>
</author>
</authors>
</book>

          <book>
<id>180616</id>
<title>Pinocchio</title>
<title_without_series>Pinocchio</title_without_series>
<link><![CDATA[https://www.goodreads.com/book/show/180616.Pinocchio]]></link>
<small_image_url><![CDATA[https://images.gr-assets.com/books/1320443495s/180616.jpg]]></small_image_url>
<image_url><![CDATA[https://images.gr-assets.com/books/1320443495m/180616.jpg]]></image_url>
<num_pages>24</num_pages>
<work>
<id>21888943</id>
</work>
<isbn>0736421521</isbn>
<isbn13>9780736421522</isbn13>
<average_rating>4.25</average_rating>
<ratings_count>9027</ratings_count>
<publication_year>1977</publication_year>
<publication_month>3</publication_month>
<publication_day>13</publication_day>
<authors>
<author>
<id>3510823</id>
<name>Walt Disney Company</name>
<link><![CDATA[https://www.goodreads.com/author/show/3510823.Walt_Disney_Company]]></link>
</author>
</authors>
</book>

          <book>
<id>1227072</id>
<title><![CDATA[The Honey Tree (Little Golden Book)]]></title>
<title_without_series>The Honey Tree</title_without_series>
<link><![CDATA[https://www.goodreads.com/book/show/1227072.The_Honey_Tree]]></link>
<small_image_url><![CDATA[https://s.gr-assets.com/assets/nophoto/book/50x75-a91bf249278a81aabab721ef782c4a74.png]]></small_image_url>
<image_url><![CDATA[https://s.gr-assets.com/assets/nophoto/book/111x148-bcc042a9c91a29c1d680899eff700a03.png]]></image_url>
<num_pages></num_pages>
<work>
<id>1215606</id>
</work>
<isbn>0736423923</isbn>
<isbn13>9780736423922</isbn13>
<average_rating>4.41</average_rating>
<ratings_count>7475</ratings_count>
<publication_year>2006</publication_year>
<publication_month>5</publication_month>
<publication_day>23</publication_day>
<authors>
<author>
<id>81466</id>
<name>A.A. Milne</name>
<link><![CDATA[https://www.goodreads.com/author/show/81466.A_A_Milne]]></link>
</author>
</authors>
</book>

          <book>
<id>299384</id>
<title><![CDATA[Sleeping Beauty: a Little Golden Book (Disney Princess)]]></title>
<title_without_series><![CDATA[Sleeping Beauty: a Little Golden Book]]></title_without_series>
<link><![CDATA[https://www.goodreads.com/book/show/299384.Sleeping_Beauty]]></link>
<small_image_url><![CDATA[https://images.gr-assets.com/books/1320416694s/299384.jpg]]></small_image_url>
<image_url><![CDATA[https://images.gr-assets.com/books/1320416694m/299384.jpg]]></image_url>
<num_pages>24</num_pages>
<work>
<id>41398086</id>
</work>
<isbn>073642198X</isbn>
<isbn13>9780736421980</isbn13>
<average_rating>4.32</average_rating>
<ratings_count>16858</ratings_count>
<publication_year>2004</publication_year>
<publication_month>1</publication_month>
<publication_day>13</publication_day>
<authors>
<author>
<id>2673</id>
<name>Michael Teitelbaum</name>
<link><![CDATA[https://www.goodreads.com/author/show/2673.Michael_Teitelbaum]]></link>
</author>
</authors>
</book>

          <book>
<id>765281</id>
<title>Lady and the Tramp</title>
<title_without_series>Lady and the Tramp</title_without_series>
<link><![CDATA[https://www.goodreads.com/book/show/765281.Lady_and_the_Tramp]]></link>
<small_image_url><![CDATA[https://images.gr-assets.com/books/1420795364s/765281.jpg]]></small_image_url>
<image_url><![CDATA[https://images.gr-assets.com/books/1420795364m/765281.jpg]]></image_url>
<num_pages></num_pages>
<work>
<id>751354</id>
</work>
<isbn>030700113X</isbn>
<isbn13>9780307001139</isbn13>
<average_rating>4.36</average_rating>
<ratings_count>28031</ratings_count>
<publication_year></publication_year>
<publication_month></publication_month>
<publication_day></publication_day>
<authors>
<author>
<id>8764</id>
<name>Teddy Slater</name>
<link><![CDATA[https://www.goodreads.com/author/show/8764.Teddy_Slater]]></link>
</author>
</authors>
</book>

  </similar_books>
</book>

</GoodreadsResponse>