<?xml version="1.0" encoding="UTF-8"?>
<GoodreadsResponse>
  <Request>
    <authentication>true</authentication>
      <key><![CDATA[all_men_must_serve]]></key>
    <method><![CDATA[book_show]]></method>
  </Request>
  <book>
  <id>10345937</id>
  <title><![CDATA[Shades of Earth (Across the Universe, #3)]]></title>
  <isbn><![CDATA[1595143998]]></isbn>
  <isbn13><![CDATA[9781595143990]]></isbn13>
  <asin><![CDATA[]]></asin>
  <kindle_asin><![CDATA[B00ADNP0YU]]></kindle_asin>
  <marketplace_id><![CDATA[A1F83G8C2ARO7P]]></marketplace_id>
  <country_code><![CDATA[GB]]></country_code>
  <image_url>https://images.gr-assets.com/books/1346494567m/10345937.jpg</image_url>
  <small_image_url>https://images.gr-assets.com/books/1346494567s/10345937.jpg</small_image_url>
  <publication_year>2013</publication_year>
  <publication_month>1</publication_month>
  <publication_day>15</publication_day>
  <publisher>Razorbill</publisher>
  <language_code>eng</language_code>
  <is_ebook>false</is_ebook>
  <description><![CDATA[Amy and Elder have finally left the oppressive walls of the spaceship<i> Godspeed</i> behind. They're ready to start life afresh--to build a home--on Centauri-Earth, the planet that Amy has traveled 25 trillion miles across the universe to experience.<br /><br /> But this new Earth isn't the paradise Amy had been hoping for. There are giant pterodactyl-like birds, purple flowers with mind-numbing toxins, and mysterious, unexplained ruins that hold more secrets than their stone walls first let on. The biggest secret of all? <i>Godspeed</i>'s former passengers aren't alone on this planet. And if they're going to stay, they'll have to fight.<br /><br /> Amy and Elder must race to discover who--or what--else is out there if they are to have any hope of saving their struggling colony and building a future together. They will have to look inward to the very core of what makes them human on this, their most harrowing journey yet. Because if the colony collapses? Then everything they have sacrificed--friends, family, life on Earth--will have been for nothing.<br /><br /> FUELED BY LIES.<br /> RULED BY CHAOS.<br /> ALMOST HOME.<br /><br />]]></description>
  <work>
  <id type="integer">15248728</id>
  <books_count type="integer">23</books_count>
  <best_book_id type="integer">10345937</best_book_id>
  <reviews_count type="integer">60703</reviews_count>
  <ratings_sum type="integer">110331</ratings_sum>
  <ratings_count type="integer">26849</ratings_count>
  <text_reviews_count type="integer">3444</text_reviews_count>
  <original_publication_year type="integer">2013</original_publication_year>
  <original_publication_month type="integer">1</original_publication_month>
  <original_publication_day type="integer">15</original_publication_day>
  <original_title>Shades of Earth</original_title>
  <original_language_id type="integer" nil="true"/>
  <media_type>book</media_type>
  <rating_dist>5:11299|4:9224|3:4734|2:1146|1:446|total:26849</rating_dist>
  <desc_user_id type="integer">7253258</desc_user_id>
  <default_chaptering_book_id type="integer" nil="true"/>
  <default_description_language_code nil="true"/>
</work>
  <average_rating>4.11</average_rating>
  <num_pages><![CDATA[369]]></num_pages>
  <format><![CDATA[Hardcover]]></format>
  <edition_information><![CDATA[]]></edition_information>
  <ratings_count><![CDATA[24620]]></ratings_count>
  <text_reviews_count><![CDATA[2939]]></text_reviews_count>
  <url><![CDATA[https://www.goodreads.com/book/show/10345937-shades-of-earth]]></url>
  <link><![CDATA[https://www.goodreads.com/book/show/10345937-shades-of-earth]]></link>
  <authors>
<author>
<id>4018722</id>
<name>Beth Revis</name>
<role></role>
<image_url nophoto='false'>
<![CDATA[https://images.gr-assets.com/authors/1284958744p5/4018722.jpg]]>
</image_url>
<small_image_url nophoto='false'>
<![CDATA[https://images.gr-assets.com/authors/1284958744p2/4018722.jpg]]>
</small_image_url>
<link><![CDATA[https://www.goodreads.com/author/show/4018722.Beth_Revis]]></link>
<average_rating>3.89</average_rating>
<ratings_count>191145</ratings_count>
<text_reviews_count>20670</text_reviews_count>
</author>
</authors>

    <reviews_widget>
      <![CDATA[
        <style>
  #goodreads-widget {
    font-family: georgia, serif;
    padding: 18px 0;
    width:565px;
  }
  #goodreads-widget h1 {
    font-weight:normal;
    font-size: 16px;
    border-bottom: 1px solid #BBB596;
    margin-bottom: 0;
  }
  #goodreads-widget a {
    text-decoration: none;
    color:#660;
  }
  iframe{
    background-color: #fff;
  }
  #goodreads-widget a:hover { text-decoration: underline; }
  #goodreads-widget a:active {
    color:#660;
  }
  #gr_footer {
    width: 100%;
    border-top: 1px solid #BBB596;
    text-align: right;
  }
  #goodreads-widget .gr_branding{
    color: #382110;
    font-size: 11px;
    text-decoration: none;
    font-family: "Helvetica Neue", Helvetica, Arial, sans-serif;
  }
</style>
<div id="goodreads-widget">
  <div id="gr_header"><h1><a rel="nofollow" href="https://www.goodreads.com/book/show/10345937-shades-of-earth">Shades of Earth Reviews</a></h1></div>
  <iframe id="the_iframe" src="https://www.goodreads.com/api/reviews_widget_iframe?did=DEVELOPER_ID&amp;format=html&amp;isbn=1595143998&amp;links=660&amp;min_rating=&amp;review_back=fff&amp;stars=000&amp;text=000" width="565" height="400" frameborder="0"></iframe>
  <div id="gr_footer">
    <a class="gr_branding" target="_blank" rel="nofollow" href="https://www.goodreads.com/book/show/10345937-shades-of-earth?utm_medium=api&amp;utm_source=reviews_widget">Reviews from Goodreads.com</a>
  </div>
</div>

      ]]>
    </reviews_widget>
  <popular_shelves>
      <shelf name="to-read" count="7086"/>
      <shelf name="young-adult" count="881"/>
      <shelf name="favorites" count="763"/>
      <shelf name="sci-fi" count="752"/>
      <shelf name="science-fiction" count="629"/>
      <shelf name="dystopian" count="468"/>
      <shelf name="ya" count="457"/>
      <shelf name="currently-reading" count="411"/>
      <shelf name="dystopia" count="352"/>
      <shelf name="romance" count="334"/>
      <shelf name="books-i-own" count="285"/>
      <shelf name="series" count="285"/>
      <shelf name="fantasy" count="201"/>
      <shelf name="read-in-2013" count="177"/>
      <shelf name="owned" count="130"/>
      <shelf name="fiction" count="128"/>
      <shelf name="to-buy" count="115"/>
      <shelf name="scifi" count="105"/>
      <shelf name="mystery" count="99"/>
      <shelf name="space" count="97"/>
      <shelf name="library" count="85"/>
      <shelf name="aliens" count="80"/>
      <shelf name="across-the-universe" count="78"/>
      <shelf name="adventure" count="69"/>
      <shelf name="read-in-2014" count="67"/>
      <shelf name="wish-list" count="67"/>
      <shelf name="read-2013" count="60"/>
      <shelf name="favourites" count="56"/>
      <shelf name="kindle" count="54"/>
      <shelf name="owned-books" count="53"/>
      <shelf name="teen" count="50"/>
      <shelf name="futuristic" count="50"/>
      <shelf name="ebook" count="49"/>
      <shelf name="i-own" count="48"/>
      <shelf name="2013-reads" count="47"/>
      <shelf name="finished-series" count="44"/>
      <shelf name="ebooks" count="44"/>
      <shelf name="read-in-2015" count="43"/>
      <shelf name="trilogy" count="40"/>
      <shelf name="future" count="39"/>
      <shelf name="ya-fiction" count="37"/>
      <shelf name="sci-fi-fantasy" count="34"/>
      <shelf name="2013-releases" count="33"/>
      <shelf name="beth-revis" count="32"/>
      <shelf name="need-to-buy" count="31"/>
      <shelf name="2013-release" count="30"/>
      <shelf name="4-stars" count="29"/>
      <shelf name="sequels" count="29"/>
      <shelf name="read-in-2016" count="28"/>
      <shelf name="5-stars" count="27"/>
      <shelf name="young-adult-fiction" count="27"/>
      <shelf name="read-2014" count="26"/>
      <shelf name="e-books" count="25"/>
      <shelf name="completed-series" count="25"/>
      <shelf name="audiobook" count="25"/>
      <shelf name="survival" count="24"/>
      <shelf name="favorite" count="24"/>
      <shelf name="reviewed" count="24"/>
      <shelf name="maybe" count="24"/>
      <shelf name="library-books" count="23"/>
      <shelf name="action" count="23"/>
      <shelf name="signed" count="23"/>
      <shelf name="my-books" count="23"/>
      <shelf name="ya-sci-fi" count="23"/>
      <shelf name="tbr" count="22"/>
      <shelf name="trilogies" count="22"/>
      <shelf name="2013-read" count="22"/>
      <shelf name="ya-dystopian" count="21"/>
      <shelf name="post-apocalyptic" count="21"/>
      <shelf name="audiobooks" count="21"/>
      <shelf name="all-time-favorites" count="20"/>
      <shelf name="english" count="20"/>
      <shelf name="read-in-english" count="18"/>
      <shelf name="series-to-finish" count="18"/>
      <shelf name="books-to-buy" count="18"/>
      <shelf name="ya-books" count="18"/>
      <shelf name="part-of-a-series" count="18"/>
      <shelf name="dystopian-post-apocalyptic" count="18"/>
      <shelf name="read-2015" count="17"/>
      <shelf name="sub" count="17"/>
      <shelf name="ya-lit" count="17"/>
      <shelf name="ya-fantasy" count="17"/>
      <shelf name="e-book" count="17"/>
      <shelf name="outer-space" count="17"/>
      <shelf name="teen-fiction" count="17"/>
      <shelf name="to-read-series" count="17"/>
      <shelf name="favorite-books" count="16"/>
      <shelf name="ya-science-fiction" count="16"/>
      <shelf name="fantasy-sci-fi" count="16"/>
      <shelf name="my-bookshelf" count="15"/>
      <shelf name="space-opera" count="15"/>
      <shelf name="dystopia-utopia" count="15"/>
      <shelf name="on-my-shelf" count="15"/>
      <shelf name="space-travel" count="15"/>
      <shelf name="want-to-own" count="15"/>
      <shelf name="2014-reads" count="14"/>
      <shelf name="series-finished" count="14"/>
      <shelf name="made-me-cry" count="14"/>
      <shelf name="love-triangle" count="14"/>
      <shelf name="suspense" count="14"/>
  </popular_shelves>
  <book_links>
    <book_link>
  <id>8</id>
  <name>Libraries</name>
  <link>https://www.goodreads.com/book_link/follow/8</link>
</book_link>

  </book_links>
  <buy_links>
    <buy_link>
<id>1</id>
<name>Amazon</name>
<link>https://www.goodreads.com/book_link/follow/1</link>
</buy_link>
<buy_link>
<id>10</id>
<name>Audible</name>
<link>https://www.goodreads.com/book_link/follow/10</link>
</buy_link>
<buy_link>
<id>3</id>
<name>Barnes &amp; Noble</name>
<link>https://www.goodreads.com/book_link/follow/3</link>
</buy_link>
<buy_link>
<id>1027</id>
<name>Kobo</name>
<link>https://www.goodreads.com/book_link/follow/1027</link>
</buy_link>
<buy_link>
<id>2102</id>
<name>Apple iBooks</name>
<link>https://www.goodreads.com/book_link/follow/2102</link>
</buy_link>
<buy_link>
<id>8036</id>
<name>Google Play</name>
<link>https://www.goodreads.com/book_link/follow/8036</link>
</buy_link>
<buy_link>
<id>4</id>
<name>Abebooks</name>
<link>https://www.goodreads.com/book_link/follow/4</link>
</buy_link>
<buy_link>
<id>882</id>
<name>Book Depository</name>
<link>https://www.goodreads.com/book_link/follow/882</link>
</buy_link>
<buy_link>
<id>9</id>
<name>Indigo</name>
<link>https://www.goodreads.com/book_link/follow/9</link>
</buy_link>
<buy_link>
<id>2</id>
<name>Half.com</name>
<link>https://www.goodreads.com/book_link/follow/2</link>
</buy_link>
<buy_link>
<id>5</id>
<name>Alibris</name>
<link>https://www.goodreads.com/book_link/follow/5</link>
</buy_link>
<buy_link>
<id>107</id>
<name>Better World Books</name>
<link>https://www.goodreads.com/book_link/follow/107</link>
</buy_link>
<buy_link>
<id>7</id>
<name>IndieBound</name>
<link>https://www.goodreads.com/book_link/follow/7</link>
</buy_link>

  </buy_links>
  <series_works>
    <series_work>
<id>226759</id>
<user_position>3</user_position>
<series>
<id>56124</id>
<title>
<![CDATA[
    Across the Universe
]]>
</title>
<description>
<![CDATA[
    Other title for the series: <i>Godspeed</i> (German Edition).
    
    Beth Revis's stories set in the world of "Across the Universe" in the following anthologies:
    <a href="http://www.goodreads.com/book/show/13455518-after">After</a> contains a story about a young Elder on Godspeed
    <a href="http://www.goodreads.com/book/show/14811468-shards-ashes">Shards & Ashes</a> contains a story about Orion's past
    <a href="http://www.goodreads.com/book/show/13540519-defy-the-dark">Defy the Dark</a> contains a story about Kayleigh
]]>
</description>
<note>
<![CDATA[
    Other title for the series: <i>Godspeed</i> (German Edition).
    
    Beth Revis's stories in the following anthologies:
    After is about a young Elder on Godspeed
    Shards & Ashes is about Orion's past
    Defy the Dark is about Kayleigh
]]>
</note>
<series_works_count>8</series_works_count>
<primary_work_count>3</primary_work_count>
<numbered>true</numbered>
</series>

</series_work>

  </series_works>
  <similar_books>
          <book>
<id>13043180</id>
<title>Asunder (Newsoul, #2)</title>
<title_without_series>Asunder</title_without_series>
<link><![CDATA[https://www.goodreads.com/book/show/13043180-asunder]]></link>
<small_image_url><![CDATA[https://images.gr-assets.com/books/1336406778s/13043180.jpg]]></small_image_url>
<image_url><![CDATA[https://images.gr-assets.com/books/1336406778m/13043180.jpg]]></image_url>
<num_pages>406</num_pages>
<work>
<id>18207389</id>
</work>
<isbn>0062060783</isbn>
<isbn13>9780062060785</isbn13>
<average_rating>3.95</average_rating>
<ratings_count>6815</ratings_count>
<publication_year>2013</publication_year>
<publication_month>1</publication_month>
<publication_day>29</publication_day>
<authors>
<author>
<id>4116488</id>
<name>Jodi Meadows</name>
<link><![CDATA[https://www.goodreads.com/author/show/4116488.Jodi_Meadows]]></link>
</author>
</authors>
</book>

          <book>
<id>13188615</id>
<title><![CDATA[Breaking Point (Article 5, #2)]]></title>
<title_without_series>Breaking Point</title_without_series>
<link><![CDATA[https://www.goodreads.com/book/show/13188615-breaking-point]]></link>
<small_image_url><![CDATA[https://images.gr-assets.com/books/1344443228s/13188615.jpg]]></small_image_url>
<image_url><![CDATA[https://images.gr-assets.com/books/1344443228m/13188615.jpg]]></image_url>
<num_pages>400</num_pages>
<work>
<id>18369642</id>
</work>
<isbn>076532959X</isbn>
<isbn13>9780765329592</isbn13>
<average_rating>4.00</average_rating>
<ratings_count>9118</ratings_count>
<publication_year>2013</publication_year>
<publication_month>2</publication_month>
<publication_day>12</publication_day>
<authors>
<author>
<id>4692856</id>
<name>Kristen Simmons</name>
<link><![CDATA[https://www.goodreads.com/author/show/4692856.Kristen_Simmons]]></link>
</author>
</authors>
</book>

          <book>
<id>12882328</id>
<title>Spark (Sky Chasers, #2)</title>
<title_without_series>Spark</title_without_series>
<link><![CDATA[https://www.goodreads.com/book/show/12882328-spark]]></link>
<small_image_url><![CDATA[https://images.gr-assets.com/books/1335804294s/12882328.jpg]]></small_image_url>
<image_url><![CDATA[https://images.gr-assets.com/books/1335804294m/12882328.jpg]]></image_url>
<num_pages>309</num_pages>
<work>
<id>18035545</id>
</work>
<isbn>0312621353</isbn>
<isbn13>9780312621353</isbn13>
<average_rating>3.93</average_rating>
<ratings_count>3628</ratings_count>
<publication_year>2012</publication_year>
<publication_month>7</publication_month>
<publication_day>17</publication_day>
<authors>
<author>
<id>504627</id>
<name>Amy Kathleen Ryan</name>
<link><![CDATA[https://www.goodreads.com/author/show/504627.Amy_Kathleen_Ryan]]></link>
</author>
</authors>
</book>

          <book>
<id>13449858</id>
<title><![CDATA[The Lives We Lost (Fallen World, #2)]]></title>
<title_without_series>The Lives We Lost</title_without_series>
<link><![CDATA[https://www.goodreads.com/book/show/13449858-the-lives-we-lost]]></link>
<small_image_url><![CDATA[https://images.gr-assets.com/books/1352659327s/13449858.jpg]]></small_image_url>
<image_url><![CDATA[https://images.gr-assets.com/books/1352659327m/13449858.jpg]]></image_url>
<num_pages>288</num_pages>
<work>
<id>18971225</id>
</work>
<isbn>1423146174</isbn>
<isbn13>9781423146179</isbn13>
<average_rating>3.84</average_rating>
<ratings_count>2095</ratings_count>
<publication_year>2013</publication_year>
<publication_month>2</publication_month>
<publication_day>12</publication_day>
<authors>
<author>
<id>2839407</id>
<name>Megan Crewe</name>
<link><![CDATA[https://www.goodreads.com/author/show/2839407.Megan_Crewe]]></link>
</author>
</authors>
</book>

          <book>
<id>13253276</id>
<title><![CDATA[Through the Ever Night (Under the Never Sky, #2)]]></title>
<title_without_series>Through the Ever Night</title_without_series>
<link><![CDATA[https://www.goodreads.com/book/show/13253276-through-the-ever-night]]></link>
<small_image_url><![CDATA[https://images.gr-assets.com/books/1340892848s/13253276.jpg]]></small_image_url>
<image_url><![CDATA[https://images.gr-assets.com/books/1340892848m/13253276.jpg]]></image_url>
<num_pages>341</num_pages>
<work>
<id>18454415</id>
</work>
<isbn>0062072064</isbn>
<isbn13>9780062072061</isbn13>
<average_rating>4.17</average_rating>
<ratings_count>58863</ratings_count>
<publication_year>2013</publication_year>
<publication_month>1</publication_month>
<publication_day>8</publication_day>
<authors>
<author>
<id>4637369</id>
<name>Veronica Rossi</name>
<link><![CDATA[https://www.goodreads.com/author/show/4637369.Veronica_Rossi]]></link>
</author>
</authors>
</book>

          <book>
<id>12383869</id>
<title><![CDATA[Sever (The Chemical Garden, #3)]]></title>
<title_without_series>Sever</title_without_series>
<link><![CDATA[https://www.goodreads.com/book/show/12383869-sever]]></link>
<small_image_url><![CDATA[https://images.gr-assets.com/books/1343168408s/12383869.jpg]]></small_image_url>
<image_url><![CDATA[https://images.gr-assets.com/books/1343168408m/12383869.jpg]]></image_url>
<num_pages>371</num_pages>
<work>
<id>17364649</id>
</work>
<isbn>1442409096</isbn>
<isbn13>9781442409095</isbn13>
<average_rating>3.80</average_rating>
<ratings_count>22669</ratings_count>
<publication_year>2013</publication_year>
<publication_month>2</publication_month>
<publication_day>12</publication_day>
<authors>
<author>
<id>4103366</id>
<name>Lauren DeStefano</name>
<link><![CDATA[https://www.goodreads.com/author/show/4103366.Lauren_DeStefano]]></link>
</author>
</authors>
</book>

          <book>
<id>14743784</id>
<title>Unbreakable (Unraveling, #2)</title>
<title_without_series>Unbreakable</title_without_series>
<link><![CDATA[https://www.goodreads.com/book/show/14743784-unbreakable]]></link>
<small_image_url><![CDATA[https://images.gr-assets.com/books/1351469081s/14743784.jpg]]></small_image_url>
<image_url><![CDATA[https://images.gr-assets.com/books/1351469081m/14743784.jpg]]></image_url>
<num_pages>496</num_pages>
<work>
<id>20392168</id>
</work>
<isbn>0062103768</isbn>
<isbn13>9780062103765</isbn13>
<average_rating>4.05</average_rating>
<ratings_count>6337</ratings_count>
<publication_year>2013</publication_year>
<publication_month>4</publication_month>
<publication_day>23</publication_day>
<authors>
<author>
<id>5073459</id>
<name>Elizabeth Norris</name>
<link><![CDATA[https://www.goodreads.com/author/show/5073459.Elizabeth_Norris]]></link>
</author>
</authors>
</book>

          <book>
<id>13602969</id>
<title><![CDATA[Fox Forever (Jenna Fox Chronicles, #3)]]></title>
<title_without_series>Fox Forever</title_without_series>
<link><![CDATA[https://www.goodreads.com/book/show/13602969-fox-forever]]></link>
<small_image_url><![CDATA[https://images.gr-assets.com/books/1348244287s/13602969.jpg]]></small_image_url>
<image_url><![CDATA[https://images.gr-assets.com/books/1348244287m/13602969.jpg]]></image_url>
<num_pages>304</num_pages>
<work>
<id>19196437</id>
</work>
<isbn>0805094342</isbn>
<isbn13>9780805094343</isbn13>
<average_rating>3.86</average_rating>
<ratings_count>1794</ratings_count>
<publication_year>2013</publication_year>
<publication_month>3</publication_month>
<publication_day>19</publication_day>
<authors>
<author>
<id>123463</id>
<name>Mary E. Pearson</name>
<link><![CDATA[https://www.goodreads.com/author/show/123463.Mary_E_Pearson]]></link>
</author>
</authors>
</book>

          <book>
<id>10468701</id>
<title><![CDATA[Dead Silence (The Body Finder, #4)]]></title>
<title_without_series>Dead Silence</title_without_series>
<link><![CDATA[https://www.goodreads.com/book/show/10468701-dead-silence]]></link>
<small_image_url><![CDATA[https://images.gr-assets.com/books/1341101753s/10468701.jpg]]></small_image_url>
<image_url><![CDATA[https://images.gr-assets.com/books/1341101753m/10468701.jpg]]></image_url>
<num_pages>389</num_pages>
<work>
<id>19238607</id>
</work>
<isbn>0062082221</isbn>
<isbn13>9780062082220</isbn13>
<average_rating>4.04</average_rating>
<ratings_count>6453</ratings_count>
<publication_year>2013</publication_year>
<publication_month>4</publication_month>
<publication_day>16</publication_day>
<authors>
<author>
<id>2755160</id>
<name>Kimberly Derting</name>
<link><![CDATA[https://www.goodreads.com/author/show/2755160.Kimberly_Derting]]></link>
</author>
</authors>
</book>

          <book>
<id>8501304</id>
<title><![CDATA[Shadows in the Silence (Angelfire, #3)]]></title>
<title_without_series>Shadows in the Silence</title_without_series>
<link><![CDATA[https://www.goodreads.com/book/show/8501304-shadows-in-the-silence]]></link>
<small_image_url><![CDATA[https://images.gr-assets.com/books/1343084972s/8501304.jpg]]></small_image_url>
<image_url><![CDATA[https://images.gr-assets.com/books/1343084972m/8501304.jpg]]></image_url>
<num_pages>469</num_pages>
<work>
<id>13367210</id>
</work>
<isbn>0062002392</isbn>
<isbn13>9780062002396</isbn13>
<average_rating>4.28</average_rating>
<ratings_count>7651</ratings_count>
<publication_year>2013</publication_year>
<publication_month>1</publication_month>
<publication_day>29</publication_day>
<authors>
<author>
<id>3220024</id>
<name>Courtney Allison Moulton</name>
<link><![CDATA[https://www.goodreads.com/author/show/3220024.Courtney_Allison_Moulton]]></link>
</author>
</authors>
</book>

          <book>
<id>13049981</id>
<title>Boundless (Unearthly, #3)</title>
<title_without_series>Boundless</title_without_series>
<link><![CDATA[https://www.goodreads.com/book/show/13049981-boundless]]></link>
<small_image_url><![CDATA[https://images.gr-assets.com/books/1342208984s/13049981.jpg]]></small_image_url>
<image_url><![CDATA[https://images.gr-assets.com/books/1342208984m/13049981.jpg]]></image_url>
<num_pages>448</num_pages>
<work>
<id>18214662</id>
</work>
<isbn>0061996203</isbn>
<isbn13>9780061996207</isbn13>
<average_rating>4.15</average_rating>
<ratings_count>38133</ratings_count>
<publication_year>2013</publication_year>
<publication_month>1</publication_month>
<publication_day>22</publication_day>
<authors>
<author>
<id>3290920</id>
<name>Cynthia Hand</name>
<link><![CDATA[https://www.goodreads.com/author/show/3290920.Cynthia_Hand]]></link>
</author>
</authors>
</book>

          <book>
<id>11558256</id>
<title>Shadowlark (Skylark, #2)</title>
<title_without_series>Shadowlark</title_without_series>
<link><![CDATA[https://www.goodreads.com/book/show/11558256-shadowlark]]></link>
<small_image_url><![CDATA[https://images.gr-assets.com/books/1367424556s/11558256.jpg]]></small_image_url>
<image_url><![CDATA[https://images.gr-assets.com/books/1367424556m/11558256.jpg]]></image_url>
<num_pages>327</num_pages>
<work>
<id>16498551</id>
</work>
<isbn>0761388664</isbn>
<isbn13>9780761388661</isbn13>
<average_rating>3.96</average_rating>
<ratings_count>1289</ratings_count>
<publication_year>2013</publication_year>
<publication_month>10</publication_month>
<publication_day>1</publication_day>
<authors>
<author>
<id>4615776</id>
<name>Meagan Spooner</name>
<link><![CDATA[https://www.goodreads.com/author/show/4615776.Meagan_Spooner]]></link>
</author>
</authors>
</book>

          <book>
<id>10596724</id>
<title>Horde (Razorland, #3)</title>
<title_without_series>Horde</title_without_series>
<link><![CDATA[https://www.goodreads.com/book/show/10596724-horde]]></link>
<small_image_url><![CDATA[https://images.gr-assets.com/books/1362287692s/10596724.jpg]]></small_image_url>
<image_url><![CDATA[https://images.gr-assets.com/books/1362287692m/10596724.jpg]]></image_url>
<num_pages>422</num_pages>
<work>
<id>15504353</id>
</work>
<isbn>1250024633</isbn>
<isbn13>9781250024633</isbn13>
<average_rating>4.28</average_rating>
<ratings_count>19005</ratings_count>
<publication_year>2013</publication_year>
<publication_month>10</publication_month>
<publication_day>29</publication_day>
<authors>
<author>
<id>835348</id>
<name>Ann Aguirre</name>
<link><![CDATA[https://www.goodreads.com/author/show/835348.Ann_Aguirre]]></link>
</author>
</authors>
</book>

          <book>
<id>16102412</id>
<title><![CDATA[Across a Star-Swept Sea (For Darkness Shows the Stars, #2)]]></title>
<title_without_series>Across a Star-Swept Sea</title_without_series>
<link><![CDATA[https://www.goodreads.com/book/show/16102412-across-a-star-swept-sea]]></link>
<small_image_url><![CDATA[https://images.gr-assets.com/books/1360807066s/16102412.jpg]]></small_image_url>
<image_url><![CDATA[https://images.gr-assets.com/books/1360807066m/16102412.jpg]]></image_url>
<num_pages>449</num_pages>
<work>
<id>21913114</id>
</work>
<isbn>0062006169</isbn>
<isbn13>9780062006165</isbn13>
<average_rating>4.00</average_rating>
<ratings_count>4778</ratings_count>
<publication_year>2013</publication_year>
<publication_month>10</publication_month>
<publication_day>15</publication_day>
<authors>
<author>
<id>119848</id>
<name>Diana Peterfreund</name>
<link><![CDATA[https://www.goodreads.com/author/show/119848.Diana_Peterfreund]]></link>
</author>
</authors>
</book>

          <book>
<id>16101515</id>
<title>Vortex (Insignia, #2)</title>
<title_without_series>Vortex</title_without_series>
<link><![CDATA[https://www.goodreads.com/book/show/16101515-vortex]]></link>
<small_image_url><![CDATA[https://images.gr-assets.com/books/1350942650s/16101515.jpg]]></small_image_url>
<image_url><![CDATA[https://images.gr-assets.com/books/1350942650m/16101515.jpg]]></image_url>
<num_pages>390</num_pages>
<work>
<id>21856092</id>
</work>
<isbn>0062093029</isbn>
<isbn13>9780062093028</isbn13>
<average_rating>4.30</average_rating>
<ratings_count>4725</ratings_count>
<publication_year>2013</publication_year>
<publication_month>7</publication_month>
<publication_day>2</publication_day>
<authors>
<author>
<id>4792223</id>
<name>S.J. Kincaid</name>
<link><![CDATA[https://www.goodreads.com/author/show/4792223.S_J_Kincaid]]></link>
</author>
</authors>
</book>

          <book>
<id>11706625</id>
<title>Truth (XVI, #2)</title>
<title_without_series>Truth</title_without_series>
<link><![CDATA[https://www.goodreads.com/book/show/11706625-truth]]></link>
<small_image_url><![CDATA[https://images.gr-assets.com/books/1327954411s/11706625.jpg]]></small_image_url>
<image_url><![CDATA[https://images.gr-assets.com/books/1327954411m/11706625.jpg]]></image_url>
<num_pages>299</num_pages>
<work>
<id>15751878</id>
</work>
<isbn>0142417726</isbn>
<isbn13>9780142417720</isbn13>
<average_rating>3.72</average_rating>
<ratings_count>1587</ratings_count>
<publication_year>2012</publication_year>
<publication_month>1</publication_month>
<publication_day>19</publication_day>
<authors>
<author>
<id>3100203</id>
<name>Julia Karr</name>
<link><![CDATA[https://www.goodreads.com/author/show/3100203.Julia_Karr]]></link>
</author>
</authors>
</book>

          <book>
<id>13170596</id>
<title><![CDATA[Fragments (Partials Sequence, #2)]]></title>
<title_without_series>Fragments</title_without_series>
<link><![CDATA[https://www.goodreads.com/book/show/13170596-fragments]]></link>
<small_image_url><![CDATA[https://images.gr-assets.com/books/1352943797s/13170596.jpg]]></small_image_url>
<image_url><![CDATA[https://images.gr-assets.com/books/1352943797m/13170596.jpg]]></image_url>
<num_pages>576</num_pages>
<work>
<id>18349959</id>
</work>
<isbn>0062071076</isbn>
<isbn13>9780062071071</isbn13>
<average_rating>4.12</average_rating>
<ratings_count>20501</ratings_count>
<publication_year>2013</publication_year>
<publication_month>2</publication_month>
<publication_day>26</publication_day>
<authors>
<author>
<id>2740668</id>
<name>Dan Wells</name>
<link><![CDATA[https://www.goodreads.com/author/show/2740668.Dan_Wells]]></link>
</author>
</authors>
</book>

          <book>
<id>13454648</id>
<title><![CDATA[False Sight (False Memory, #2)]]></title>
<title_without_series>False Sight</title_without_series>
<link><![CDATA[https://www.goodreads.com/book/show/13454648-false-sight]]></link>
<small_image_url><![CDATA[https://images.gr-assets.com/books/1371592419s/13454648.jpg]]></small_image_url>
<image_url><![CDATA[https://images.gr-assets.com/books/1371592419m/13454648.jpg]]></image_url>
<num_pages>336</num_pages>
<work>
<id>18981943</id>
</work>
<isbn>1423149858</isbn>
<isbn13>9781423149859</isbn13>
<average_rating>3.80</average_rating>
<ratings_count>1249</ratings_count>
<publication_year>2013</publication_year>
<publication_month>8</publication_month>
<publication_day>13</publication_day>
<authors>
<author>
<id>4575364</id>
<name>Dan Krokos</name>
<link><![CDATA[https://www.goodreads.com/author/show/4575364.Dan_Krokos]]></link>
</author>
</authors>
</book>

  </similar_books>
</book>

</GoodreadsResponse>