<?xml version="1.0" encoding="UTF-8"?>
<GoodreadsResponse>
  <Request>
    <authentication>true</authentication>
      <key><![CDATA[all_men_must_serve]]></key>
    <method><![CDATA[book_show]]></method>
  </Request>
  <book>
  <id>10365</id>
  <title>Where the Red Fern Grows</title>
  <isbn><![CDATA[0375806814]]></isbn>
  <isbn13><![CDATA[9780375806810]]></isbn13>
  <asin><![CDATA[]]></asin>
  <kindle_asin><![CDATA[B004G606EO]]></kindle_asin>
  <marketplace_id><![CDATA[A1F83G8C2ARO7P]]></marketplace_id>
  <country_code><![CDATA[GB]]></country_code>
  <image_url>https://images.gr-assets.com/books/1166154337m/10365.jpg</image_url>
  <small_image_url>https://images.gr-assets.com/books/1166154337s/10365.jpg</small_image_url>
  <publication_year>2000</publication_year>
  <publication_month>5</publication_month>
  <publication_day>9</publication_day>
  <publisher>Yearling</publisher>
  <language_code></language_code>
  <is_ebook>false</is_ebook>
  <description><![CDATA[A loving threesome, they ranged the dark hills and river bottoms of Cherokee country. Old Dan had the brawn. Little Ann had the brains, and Billy had the will to make them into the finest hunting team in the valley. Glory and victory were coming to them, but sadness waited too. Where the Red Fern Grows is an exciting tale of love and adventure you'll never forget.]]></description>
  <work>
  <id type="integer">115</id>
  <books_count type="integer">69</books_count>
  <best_book_id type="integer">10365</best_book_id>
  <reviews_count type="integer">360045</reviews_count>
  <ratings_sum type="integer">1132539</ratings_sum>
  <ratings_count type="integer">280293</ratings_count>
  <text_reviews_count type="integer">8730</text_reviews_count>
  <original_publication_year type="integer">1961</original_publication_year>
  <original_publication_month type="integer" nil="true"/>
  <original_publication_day type="integer" nil="true"/>
  <original_title>Where the Red Fern Grows</original_title>
  <original_language_id type="integer" nil="true"/>
  <media_type>book</media_type>
  <rating_dist>5:115163|4:89738|3:53573|2:15234|1:6585|total:280293</rating_dist>
  <desc_user_id type="integer">8773753</desc_user_id>
  <default_chaptering_book_id type="integer" nil="true"/>
  <default_description_language_code nil="true"/>
</work>
  <average_rating>4.04</average_rating>
  <num_pages><![CDATA[272]]></num_pages>
  <format><![CDATA[Mass Market Paperback]]></format>
  <edition_information><![CDATA[]]></edition_information>
  <ratings_count><![CDATA[268649]]></ratings_count>
  <text_reviews_count><![CDATA[7714]]></text_reviews_count>
  <url><![CDATA[https://www.goodreads.com/book/show/10365.Where_the_Red_Fern_Grows]]></url>
  <link><![CDATA[https://www.goodreads.com/book/show/10365.Where_the_Red_Fern_Grows]]></link>
  <authors>
<author>
<id>6810</id>
<name>Wilson Rawls</name>
<role></role>
<image_url nophoto='false'>
<![CDATA[https://images.gr-assets.com/authors/1206506881p5/6810.jpg]]>
</image_url>
<small_image_url nophoto='false'>
<![CDATA[https://images.gr-assets.com/authors/1206506881p2/6810.jpg]]>
</small_image_url>
<link><![CDATA[https://www.goodreads.com/author/show/6810.Wilson_Rawls]]></link>
<average_rating>4.04</average_rating>
<ratings_count>290750</ratings_count>
<text_reviews_count>9529</text_reviews_count>
</author>
</authors>

    <reviews_widget>
      <![CDATA[
        <style>
  #goodreads-widget {
    font-family: georgia, serif;
    padding: 18px 0;
    width:565px;
  }
  #goodreads-widget h1 {
    font-weight:normal;
    font-size: 16px;
    border-bottom: 1px solid #BBB596;
    margin-bottom: 0;
  }
  #goodreads-widget a {
    text-decoration: none;
    color:#660;
  }
  iframe{
    background-color: #fff;
  }
  #goodreads-widget a:hover { text-decoration: underline; }
  #goodreads-widget a:active {
    color:#660;
  }
  #gr_footer {
    width: 100%;
    border-top: 1px solid #BBB596;
    text-align: right;
  }
  #goodreads-widget .gr_branding{
    color: #382110;
    font-size: 11px;
    text-decoration: none;
    font-family: "Helvetica Neue", Helvetica, Arial, sans-serif;
  }
</style>
<div id="goodreads-widget">
  <div id="gr_header"><h1><a rel="nofollow" href="https://www.goodreads.com/book/show/10365.Where_the_Red_Fern_Grows">Where the Red Fern Grows Reviews</a></h1></div>
  <iframe id="the_iframe" src="https://www.goodreads.com/api/reviews_widget_iframe?did=DEVELOPER_ID&amp;format=html&amp;isbn=0375806814&amp;links=660&amp;min_rating=&amp;review_back=fff&amp;stars=000&amp;text=000" width="565" height="400" frameborder="0"></iframe>
  <div id="gr_footer">
    <a class="gr_branding" target="_blank" rel="nofollow" href="https://www.goodreads.com/book/show/10365.Where_the_Red_Fern_Grows?utm_medium=api&amp;utm_source=reviews_widget">Reviews from Goodreads.com</a>
  </div>
</div>

      ]]>
    </reviews_widget>
  <popular_shelves>
      <shelf name="classics" count="2806"/>
      <shelf name="favorites" count="2054"/>
      <shelf name="fiction" count="1993"/>
      <shelf name="young-adult" count="1538"/>
      <shelf name="currently-reading" count="1320"/>
      <shelf name="childrens" count="970"/>
      <shelf name="children" count="599"/>
      <shelf name="classic" count="588"/>
      <shelf name="childhood" count="562"/>
      <shelf name="children-s" count="503"/>
      <shelf name="ya" count="461"/>
      <shelf name="animals" count="427"/>
      <shelf name="children-s-books" count="406"/>
      <shelf name="to-read" count="392"/>
      <shelf name="historical-fiction" count="382"/>
      <shelf name="school" count="376"/>
      <shelf name="childhood-favorites" count="347"/>
      <shelf name="kids" count="329"/>
      <shelf name="books-i-own" count="314"/>
      <shelf name="realistic-fiction" count="265"/>
      <shelf name="middle-grade" count="254"/>
      <shelf name="read-for-school" count="236"/>
      <shelf name="owned" count="230"/>
      <shelf name="childrens-books" count="226"/>
      <shelf name="dogs" count="209"/>
      <shelf name="adventure" count="176"/>
      <shelf name="childhood-books" count="170"/>
      <shelf name="kids-books" count="163"/>
      <shelf name="juvenile" count="162"/>
      <shelf name="school-books" count="157"/>
      <shelf name="for-school" count="148"/>
      <shelf name="literature" count="143"/>
      <shelf name="children-s-lit" count="137"/>
      <shelf name="youth" count="132"/>
      <shelf name="children-s-literature" count="131"/>
      <shelf name="childhood-reads" count="123"/>
      <shelf name="coming-of-age" count="118"/>
      <shelf name="all-time-favorites" count="110"/>
      <shelf name="middle-school" count="108"/>
      <shelf name="juvenile-fiction" count="103"/>
      <shelf name="novels" count="97"/>
      <shelf name="read-in-school" count="97"/>
      <shelf name="made-me-cry" count="93"/>
      <shelf name="historical" count="93"/>
      <shelf name="re-read" count="85"/>
      <shelf name="read-as-a-kid" count="83"/>
      <shelf name="childrens-lit" count="78"/>
      <shelf name="owned-books" count="77"/>
      <shelf name="default" count="76"/>
      <shelf name="shelfari-favorites" count="75"/>
      <shelf name="childrens-literature" count="71"/>
      <shelf name="to-buy" count="70"/>
      <shelf name="chapter-books" count="69"/>
      <shelf name="favorite-books" count="68"/>
      <shelf name="young-adult-fiction" count="67"/>
      <shelf name="my-books" count="65"/>
      <shelf name="school-reads" count="63"/>
      <shelf name="tear-jerker" count="61"/>
      <shelf name="ya-fiction" count="59"/>
      <shelf name="library" count="58"/>
      <shelf name="classic-literature" count="57"/>
      <shelf name="sad" count="57"/>
      <shelf name="kid-lit" count="55"/>
      <shelf name="books" count="54"/>
      <shelf name="my-favorites" count="54"/>
      <shelf name="my-library" count="53"/>
      <shelf name="books-from-my-childhood" count="53"/>
      <shelf name="favorite" count="51"/>
      <shelf name="general-fiction" count="51"/>
      <shelf name="favourites" count="51"/>
      <shelf name="children-young-adult" count="49"/>
      <shelf name="my-childhood" count="49"/>
      <shelf name="animal-stories" count="48"/>
      <shelf name="required-reading" count="48"/>
      <shelf name="school-reading" count="48"/>
      <shelf name="teen" count="47"/>
      <shelf name="read-as-a-child" count="46"/>
      <shelf name="i-own" count="46"/>
      <shelf name="drama" count="46"/>
      <shelf name="5-stars" count="46"/>
      <shelf name="to-re-read" count="43"/>
      <shelf name="friendship" count="43"/>
      <shelf name="children-s-fiction" count="43"/>
      <shelf name="read-aloud" count="42"/>
      <shelf name="kid-books" count="42"/>
      <shelf name="childhood-favs" count="42"/>
      <shelf name="elementary-school" count="42"/>
      <shelf name="young-readers" count="42"/>
      <shelf name="ya-lit" count="41"/>
      <shelf name="elementary" count="41"/>
      <shelf name="classroom-library" count="40"/>
      <shelf name="childrens-fiction" count="40"/>
      <shelf name="animal" count="40"/>
      <shelf name="american" count="40"/>
      <shelf name="read-alouds" count="40"/>
      <shelf name="family" count="40"/>
      <shelf name="tear-jerkers" count="39"/>
      <shelf name="audiobook" count="39"/>
      <shelf name="reread" count="39"/>
      <shelf name="novel" count="38"/>
  </popular_shelves>
  <book_links>
    <book_link>
  <id>8</id>
  <name>Libraries</name>
  <link>https://www.goodreads.com/book_link/follow/8</link>
</book_link>

  </book_links>
  <buy_links>
    <buy_link>
<id>1</id>
<name>Amazon</name>
<link>https://www.goodreads.com/book_link/follow/1</link>
</buy_link>
<buy_link>
<id>10</id>
<name>Audible</name>
<link>https://www.goodreads.com/book_link/follow/10</link>
</buy_link>
<buy_link>
<id>3</id>
<name>Barnes &amp; Noble</name>
<link>https://www.goodreads.com/book_link/follow/3</link>
</buy_link>
<buy_link>
<id>1027</id>
<name>Kobo</name>
<link>https://www.goodreads.com/book_link/follow/1027</link>
</buy_link>
<buy_link>
<id>2102</id>
<name>Apple iBooks</name>
<link>https://www.goodreads.com/book_link/follow/2102</link>
</buy_link>
<buy_link>
<id>8036</id>
<name>Google Play</name>
<link>https://www.goodreads.com/book_link/follow/8036</link>
</buy_link>
<buy_link>
<id>4</id>
<name>Abebooks</name>
<link>https://www.goodreads.com/book_link/follow/4</link>
</buy_link>
<buy_link>
<id>882</id>
<name>Book Depository</name>
<link>https://www.goodreads.com/book_link/follow/882</link>
</buy_link>
<buy_link>
<id>9</id>
<name>Indigo</name>
<link>https://www.goodreads.com/book_link/follow/9</link>
</buy_link>
<buy_link>
<id>2</id>
<name>Half.com</name>
<link>https://www.goodreads.com/book_link/follow/2</link>
</buy_link>
<buy_link>
<id>5</id>
<name>Alibris</name>
<link>https://www.goodreads.com/book_link/follow/5</link>
</buy_link>
<buy_link>
<id>107</id>
<name>Better World Books</name>
<link>https://www.goodreads.com/book_link/follow/107</link>
</buy_link>
<buy_link>
<id>7</id>
<name>IndieBound</name>
<link>https://www.goodreads.com/book_link/follow/7</link>
</buy_link>

  </buy_links>
  <series_works>
    
  </series_works>
  <similar_books>
          <book>
<id>207153</id>
<title>Shiloh (Shiloh, #1)</title>
<title_without_series>Shiloh</title_without_series>
<link><![CDATA[https://www.goodreads.com/book/show/207153.Shiloh]]></link>
<small_image_url><![CDATA[https://s.gr-assets.com/assets/nophoto/book/50x75-a91bf249278a81aabab721ef782c4a74.png]]></small_image_url>
<image_url><![CDATA[https://s.gr-assets.com/assets/nophoto/book/111x148-bcc042a9c91a29c1d680899eff700a03.png]]></image_url>
<num_pages>145</num_pages>
<work>
<id>1152585</id>
</work>
<isbn>0689862229</isbn>
<isbn13>9780689862229</isbn13>
<average_rating>3.91</average_rating>
<ratings_count>62103</ratings_count>
<publication_year>2003</publication_year>
<publication_month>5</publication_month>
<publication_day>1</publication_day>
<authors>
<author>
<id>13608</id>
<name>Phyllis Reynolds Naylor</name>
<link><![CDATA[https://www.goodreads.com/author/show/13608.Phyllis_Reynolds_Naylor]]></link>
</author>
</authors>
</book>

          <book>
<id>564858</id>
<title><![CDATA[The Return of the Great Brain (#6)]]></title>
<title_without_series>The Return of the Great Brain</title_without_series>
<link><![CDATA[https://www.goodreads.com/book/show/564858.The_Return_of_the_Great_Brain]]></link>
<small_image_url><![CDATA[https://images.gr-assets.com/books/1311202964s/564858.jpg]]></small_image_url>
<image_url><![CDATA[https://images.gr-assets.com/books/1311202964m/564858.jpg]]></image_url>
<num_pages>150</num_pages>
<work>
<id>2597440</id>
</work>
<isbn>0440459419</isbn>
<isbn13>9780440459415</isbn13>
<average_rating>4.23</average_rating>
<ratings_count>2158</ratings_count>
<publication_year>1975</publication_year>
<publication_month>8</publication_month>
<publication_day>15</publication_day>
<authors>
<author>
<id>689512</id>
<name>John D. Fitzgerald</name>
<link><![CDATA[https://www.goodreads.com/author/show/689512.John_D_Fitzgerald]]></link>
</author>
</authors>
</book>

          <book>
<id>130580</id>
<title>Old Yeller (Old Yeller, #1)</title>
<title_without_series>Old Yeller</title_without_series>
<link><![CDATA[https://www.goodreads.com/book/show/130580.Old_Yeller]]></link>
<small_image_url><![CDATA[https://images.gr-assets.com/books/1327940112s/130580.jpg]]></small_image_url>
<image_url><![CDATA[https://images.gr-assets.com/books/1327940112m/130580.jpg]]></image_url>
<num_pages>132</num_pages>
<work>
<id>2686896</id>
</work>
<isbn>0060935472</isbn>
<isbn13>9780060935474</isbn13>
<average_rating>4.06</average_rating>
<ratings_count>72101</ratings_count>
<publication_year>2001</publication_year>
<publication_month>5</publication_month>
<publication_day>15</publication_day>
<authors>
<author>
<id>75091</id>
<name>Fred Gipson</name>
<link><![CDATA[https://www.goodreads.com/author/show/75091.Fred_Gipson]]></link>
</author>
</authors>
</book>

          <book>
<id>232109</id>
<title><![CDATA[The Mouse and the Motorcycle (Ralph S. Mouse, #1)]]></title>
<title_without_series>The Mouse and the Motorcycle</title_without_series>
<link><![CDATA[https://www.goodreads.com/book/show/232109.The_Mouse_and_the_Motorcycle]]></link>
<small_image_url><![CDATA[https://images.gr-assets.com/books/1348990967s/232109.jpg]]></small_image_url>
<image_url><![CDATA[https://images.gr-assets.com/books/1348990967m/232109.jpg]]></image_url>
<num_pages>186</num_pages>
<work>
<id>2029611</id>
</work>
<isbn>0380709244</isbn>
<isbn13>9780380709243</isbn13>
<average_rating>3.90</average_rating>
<ratings_count>63765</ratings_count>
<publication_year>2014</publication_year>
<publication_month>1</publication_month>
<publication_day>26</publication_day>
<authors>
<author>
<id>403</id>
<name>Beverly Cleary</name>
<link><![CDATA[https://www.goodreads.com/author/show/403.Beverly_Cleary]]></link>
</author>
</authors>
</book>

          <book>
<id>819138</id>
<title>Irish Red</title>
<title_without_series>Irish Red</title_without_series>
<link><![CDATA[https://www.goodreads.com/book/show/819138.Irish_Red]]></link>
<small_image_url><![CDATA[https://images.gr-assets.com/books/1320414064s/819138.jpg]]></small_image_url>
<image_url><![CDATA[https://images.gr-assets.com/books/1320414064m/819138.jpg]]></image_url>
<num_pages>192</num_pages>
<work>
<id>1206745</id>
</work>
<isbn>0553155466</isbn>
<isbn13>9780553155464</isbn13>
<average_rating>4.14</average_rating>
<ratings_count>3558</ratings_count>
<publication_year>1984</publication_year>
<publication_month>5</publication_month>
<publication_day>1</publication_day>
<authors>
<author>
<id>70978</id>
<name>Jim Kjelgaard</name>
<link><![CDATA[https://www.goodreads.com/author/show/70978.Jim_Kjelgaard]]></link>
</author>
</authors>
</book>

          <book>
<id>774600</id>
<title><![CDATA[In the Year of the Boar and Jackie Robinson]]></title>
<title_without_series><![CDATA[In the Year of the Boar and Jackie Robinson]]></title_without_series>
<link><![CDATA[https://www.goodreads.com/book/show/774600.In_the_Year_of_the_Boar_and_Jackie_Robinson]]></link>
<small_image_url><![CDATA[https://images.gr-assets.com/books/1344749837s/774600.jpg]]></small_image_url>
<image_url><![CDATA[https://images.gr-assets.com/books/1344749837m/774600.jpg]]></image_url>
<num_pages>176</num_pages>
<work>
<id>760644</id>
</work>
<isbn>0064401758</isbn>
<isbn13>9780064401753</isbn13>
<average_rating>3.80</average_rating>
<ratings_count>4441</ratings_count>
<publication_year>2003</publication_year>
<publication_month>9</publication_month>
<publication_day>2</publication_day>
<authors>
<author>
<id>62153</id>
<name>Bette Bao Lord</name>
<link><![CDATA[https://www.goodreads.com/author/show/62153.Bette_Bao_Lord]]></link>
</author>
</authors>
</book>

          <book>
<id>130206</id>
<title>Let the Circle Be Unbroken</title>
<title_without_series>Let the Circle Be Unbroken</title_without_series>
<link><![CDATA[https://www.goodreads.com/book/show/130206.Let_the_Circle_Be_Unbroken]]></link>
<small_image_url><![CDATA[https://s.gr-assets.com/assets/nophoto/book/50x75-a91bf249278a81aabab721ef782c4a74.png]]></small_image_url>
<image_url><![CDATA[https://s.gr-assets.com/assets/nophoto/book/111x148-bcc042a9c91a29c1d680899eff700a03.png]]></image_url>
<num_pages>315</num_pages>
<work>
<id>750556</id>
</work>
<isbn>0140372903</isbn>
<isbn13>9780140372908</isbn13>
<average_rating>4.14</average_rating>
<ratings_count>4194</ratings_count>
<publication_year>1995</publication_year>
<publication_month>10</publication_month>
<publication_day>26</publication_day>
<authors>
<author>
<id>26946</id>
<name>Mildred D. Taylor</name>
<link><![CDATA[https://www.goodreads.com/author/show/26946.Mildred_D_Taylor]]></link>
</author>
</authors>
</book>

          <book>
<id>122482</id>
<title><![CDATA[Julie's Wolf Pack (Julie of the Wolves, #3)]]></title>
<title_without_series>Julie&apos;s Wolf Pack</title_without_series>
<link><![CDATA[https://www.goodreads.com/book/show/122482.Julie_s_Wolf_Pack]]></link>
<small_image_url><![CDATA[https://s.gr-assets.com/assets/nophoto/book/50x75-a91bf249278a81aabab721ef782c4a74.png]]></small_image_url>
<image_url><![CDATA[https://s.gr-assets.com/assets/nophoto/book/111x148-bcc042a9c91a29c1d680899eff700a03.png]]></image_url>
<num_pages>208</num_pages>
<work>
<id>819489</id>
</work>
<isbn>0064407217</isbn>
<isbn13>9780064407212</isbn13>
<average_rating>3.98</average_rating>
<ratings_count>4833</ratings_count>
<publication_year>1999</publication_year>
<publication_month>2</publication_month>
<publication_day>13</publication_day>
<authors>
<author>
<id>23509</id>
<name>Jean Craighead George</name>
<link><![CDATA[https://www.goodreads.com/author/show/23509.Jean_Craighead_George]]></link>
</author>
</authors>
</book>

          <book>
<id>975534</id>
<title>Gentle Ben</title>
<title_without_series>Gentle Ben</title_without_series>
<link><![CDATA[https://www.goodreads.com/book/show/975534.Gentle_Ben]]></link>
<small_image_url><![CDATA[https://s.gr-assets.com/assets/nophoto/book/50x75-a91bf249278a81aabab721ef782c4a74.png]]></small_image_url>
<image_url><![CDATA[https://s.gr-assets.com/assets/nophoto/book/111x148-bcc042a9c91a29c1d680899eff700a03.png]]></image_url>
<num_pages>192</num_pages>
<work>
<id>116978</id>
</work>
<isbn>0140360352</isbn>
<isbn13>9780140360356</isbn13>
<average_rating>4.10</average_rating>
<ratings_count>3983</ratings_count>
<publication_year>1992</publication_year>
<publication_month>1</publication_month>
<publication_day>1</publication_day>
<authors>
<author>
<id>12006</id>
<name>Walt Morey</name>
<link><![CDATA[https://www.goodreads.com/author/show/12006.Walt_Morey]]></link>
</author>
</authors>
</book>

          <book>
<id>8248</id>
<title><![CDATA[By the Shores of Silver Lake  (Little House, #5)]]></title>
<title_without_series>By the Shores of Silver Lake</title_without_series>
<link><![CDATA[https://www.goodreads.com/book/show/8248.By_the_Shores_of_Silver_Lake]]></link>
<small_image_url><![CDATA[https://s.gr-assets.com/assets/nophoto/book/50x75-a91bf249278a81aabab721ef782c4a74.png]]></small_image_url>
<image_url><![CDATA[https://s.gr-assets.com/assets/nophoto/book/111x148-bcc042a9c91a29c1d680899eff700a03.png]]></image_url>
<num_pages>357</num_pages>
<work>
<id>2933942</id>
</work>
<isbn>0060885416</isbn>
<isbn13>9780060885410</isbn13>
<average_rating>4.16</average_rating>
<ratings_count>56607</ratings_count>
<publication_year>2007</publication_year>
<publication_month>1</publication_month>
<publication_day>2</publication_day>
<authors>
<author>
<id>5300</id>
<name>Laura Ingalls Wilder</name>
<link><![CDATA[https://www.goodreads.com/author/show/5300.Laura_Ingalls_Wilder]]></link>
</author>
</authors>
</book>

          <book>
<id>13164526</id>
<title>The Sign of the Beaver</title>
<title_without_series>The Sign of the Beaver</title_without_series>
<link><![CDATA[https://www.goodreads.com/book/show/13164526-the-sign-of-the-beaver]]></link>
<small_image_url><![CDATA[https://images.gr-assets.com/books/1355145685s/13164526.jpg]]></small_image_url>
<image_url><![CDATA[https://images.gr-assets.com/books/1355145685m/13164526.jpg]]></image_url>
<num_pages></num_pages>
<work>
<id>1282066</id>
</work>
<isbn></isbn>
<isbn13></isbn13>
<average_rating>3.77</average_rating>
<ratings_count>25631</ratings_count>
<publication_year></publication_year>
<publication_month></publication_month>
<publication_day></publication_day>
<authors>
<author>
<id>7549</id>
<name>Elizabeth George Speare</name>
<link><![CDATA[https://www.goodreads.com/author/show/7549.Elizabeth_George_Speare]]></link>
</author>
</authors>
</book>

          <book>
<id>233818</id>
<title><![CDATA[Island of the Blue Dolphins (Island of the Blue Dolphins, #1)]]></title>
<title_without_series>Island of the Blue Dolphins</title_without_series>
<link><![CDATA[https://www.goodreads.com/book/show/233818.Island_of_the_Blue_Dolphins]]></link>
<small_image_url><![CDATA[https://images.gr-assets.com/books/1475166260s/233818.jpg]]></small_image_url>
<image_url><![CDATA[https://images.gr-assets.com/books/1475166260m/233818.jpg]]></image_url>
<num_pages>184</num_pages>
<work>
<id>3215136</id>
</work>
<isbn>0440439884</isbn>
<isbn13>9780440439882</isbn13>
<average_rating>3.80</average_rating>
<ratings_count>246078</ratings_count>
<publication_year></publication_year>
<publication_month></publication_month>
<publication_day></publication_day>
<authors>
<author>
<id>4999</id>
<name>Scott O&apos;Dell</name>
<link><![CDATA[https://www.goodreads.com/author/show/4999.Scott_O_Dell]]></link>
</author>
</authors>
</book>

          <book>
<id>857528</id>
<title>Call It Courage</title>
<title_without_series>Call It Courage</title_without_series>
<link><![CDATA[https://www.goodreads.com/book/show/857528.Call_It_Courage]]></link>
<small_image_url><![CDATA[https://images.gr-assets.com/books/1344390570s/857528.jpg]]></small_image_url>
<image_url><![CDATA[https://images.gr-assets.com/books/1344390570m/857528.jpg]]></image_url>
<num_pages>128</num_pages>
<work>
<id>842981</id>
</work>
<isbn>0689713916</isbn>
<isbn13>9780689713910</isbn13>
<average_rating>3.71</average_rating>
<ratings_count>9805</ratings_count>
<publication_year>1990</publication_year>
<publication_month>4</publication_month>
<publication_day>30</publication_day>
<authors>
<author>
<id>37836</id>
<name>Armstrong Sperry</name>
<link><![CDATA[https://www.goodreads.com/author/show/37836.Armstrong_Sperry]]></link>
</author>
</authors>
</book>

          <book>
<id>519125</id>
<title>Beautiful Joe</title>
<title_without_series>Beautiful Joe</title_without_series>
<link><![CDATA[https://www.goodreads.com/book/show/519125.Beautiful_Joe]]></link>
<small_image_url><![CDATA[https://s.gr-assets.com/assets/nophoto/book/50x75-a91bf249278a81aabab721ef782c4a74.png]]></small_image_url>
<image_url><![CDATA[https://s.gr-assets.com/assets/nophoto/book/111x148-bcc042a9c91a29c1d680899eff700a03.png]]></image_url>
<num_pages></num_pages>
<work>
<id>507040</id>
</work>
<isbn>1426440340</isbn>
<isbn13>9781426440342</isbn13>
<average_rating>4.20</average_rating>
<ratings_count>1728</ratings_count>
<publication_year></publication_year>
<publication_month></publication_month>
<publication_day></publication_day>
<authors>
<author>
<id>288202</id>
<name>Marshall Saunders</name>
<link><![CDATA[https://www.goodreads.com/author/show/288202.Marshall_Saunders]]></link>
</author>
</authors>
</book>

          <book>
<id>156770</id>
<title><![CDATA[The Return of the Indian (The Indian in the Cupboard, #2)]]></title>
<title_without_series>The Return of the Indian</title_without_series>
<link><![CDATA[https://www.goodreads.com/book/show/156770.The_Return_of_the_Indian]]></link>
<small_image_url><![CDATA[https://s.gr-assets.com/assets/nophoto/book/50x75-a91bf249278a81aabab721ef782c4a74.png]]></small_image_url>
<image_url><![CDATA[https://s.gr-assets.com/assets/nophoto/book/111x148-bcc042a9c91a29c1d680899eff700a03.png]]></image_url>
<num_pages>183</num_pages>
<work>
<id>2991406</id>
</work>
<isbn>038523497X</isbn>
<isbn13>9780385234979</isbn13>
<average_rating>3.83</average_rating>
<ratings_count>9972</ratings_count>
<publication_year></publication_year>
<publication_month></publication_month>
<publication_day></publication_day>
<authors>
<author>
<id>72237</id>
<name>Lynne Reid Banks</name>
<link><![CDATA[https://www.goodreads.com/author/show/72237.Lynne_Reid_Banks]]></link>
</author>
</authors>
</book>

          <book>
<id>233711</id>
<title><![CDATA[Little Britches: Father and I Were Ranchers (Little Britches #1)]]></title>
<title_without_series><![CDATA[Little Britches: Father and I Were Ranchers]]></title_without_series>
<link><![CDATA[https://www.goodreads.com/book/show/233711.Little_Britches]]></link>
<small_image_url><![CDATA[https://s.gr-assets.com/assets/nophoto/book/50x75-a91bf249278a81aabab721ef782c4a74.png]]></small_image_url>
<image_url><![CDATA[https://s.gr-assets.com/assets/nophoto/book/111x148-bcc042a9c91a29c1d680899eff700a03.png]]></image_url>
<num_pages>260</num_pages>
<work>
<id>2627714</id>
</work>
<isbn>0803281781</isbn>
<isbn13>9780803281783</isbn13>
<average_rating>4.29</average_rating>
<ratings_count>8469</ratings_count>
<publication_year>1991</publication_year>
<publication_month></publication_month>
<publication_day></publication_day>
<authors>
<author>
<id>9740</id>
<name>Ralph Moody</name>
<link><![CDATA[https://www.goodreads.com/author/show/9740.Ralph_Moody]]></link>
</author>
</authors>
</book>

  </similar_books>
</book>

</GoodreadsResponse>