<?xml version="1.0" encoding="UTF-8"?>
<GoodreadsResponse>
  <Request>
    <authentication>true</authentication>
      <key><![CDATA[all_men_must_serve]]></key>
    <method><![CDATA[book_show]]></method>
  </Request>
  <book>
  <id>10364994</id>
  <title>The Submission</title>
  <isbn><![CDATA[0374271569]]></isbn>
  <isbn13><![CDATA[9780374271565]]></isbn13>
  <asin><![CDATA[]]></asin>
  <kindle_asin><![CDATA[B005CUTPY0]]></kindle_asin>
  <marketplace_id><![CDATA[A1F83G8C2ARO7P]]></marketplace_id>
  <country_code><![CDATA[GB]]></country_code>
  <image_url>https://s.gr-assets.com/assets/nophoto/book/111x148-bcc042a9c91a29c1d680899eff700a03.png</image_url>
  <small_image_url>https://s.gr-assets.com/assets/nophoto/book/50x75-a91bf249278a81aabab721ef782c4a74.png</small_image_url>
  <publication_year>2011</publication_year>
  <publication_month>8</publication_month>
  <publication_day>16</publication_day>
  <publisher>Farrar, Straus and Giroux</publisher>
  <language_code>eng</language_code>
  <is_ebook>false</is_ebook>
  <description><![CDATA[Ten years after 9/11, a dazzling, kaleidoscopic novel reimagines its aftermath and wonders what would happen if a Muslim-American was blindly chosen to plan the World Trade Center Memorial.<br /><br />Claire Harwell hasn't settled into grief; events haven't let her. Cool, eloquent, raising two fatherless children, Claire has emerged as the most visible of the widows who became a potent political force in the aftermath of the catastrophe. She longs for her husband, but she has found her mission: she sits on a jury charged with selecting a fitting memorial for the victims of the attack. <br /><br />Of the thousands of anonymous submissions that she and her fellow jurors examine, one transfixes Claire: a garden on whose walls the names of the dead are inscribed. But when the winning envelope is opened, they find the designer is Mohammad Khan - Mo - an enigmatic Muslim-American who, it seems, feels no need to represent anyone's beliefs except his own. When the design and its creator are leaked, a media firestorm erupts, and Claire finds herself trying to balance principles against emotions amid escalating tensions about the place of Islam in America.<br /><br />A remarkably bold and ambitious debut, The Submission is peopled with journalists, activists, mourners, and bureaucrats who struggle for advantage and fight for their ideals. In this deeply humane novel, the breadth of Amy Waldman's cast of characters is matched by her startling ability to conjure individual lives from their own points of view. A striking portrait of a city - and a country - fractured by old hatreds and new struggles, The Submission is a major novel by an important new talent.]]></description>
  <work>
  <id type="integer">15268147</id>
  <books_count type="integer">36</books_count>
  <best_book_id type="integer">10364994</best_book_id>
  <reviews_count type="integer">22955</reviews_count>
  <ratings_sum type="integer">40879</ratings_sum>
  <ratings_count type="integer">11170</ratings_count>
  <text_reviews_count type="integer">1744</text_reviews_count>
  <original_publication_year type="integer">2011</original_publication_year>
  <original_publication_month type="integer" nil="true"/>
  <original_publication_day type="integer" nil="true"/>
  <original_title>The Submission</original_title>
  <original_language_id type="integer" nil="true"/>
  <media_type>book</media_type>
  <rating_dist>5:2166|4:4592|3:3150|2:969|1:293|total:11170</rating_dist>
  <desc_user_id type="integer">395599</desc_user_id>
  <default_chaptering_book_id type="integer" nil="true"/>
  <default_description_language_code nil="true"/>
</work>
  <average_rating>3.66</average_rating>
  <num_pages><![CDATA[300]]></num_pages>
  <format><![CDATA[]]></format>
  <edition_information><![CDATA[]]></edition_information>
  <ratings_count><![CDATA[10096]]></ratings_count>
  <text_reviews_count><![CDATA[1580]]></text_reviews_count>
  <url><![CDATA[https://www.goodreads.com/book/show/10364994-the-submission]]></url>
  <link><![CDATA[https://www.goodreads.com/book/show/10364994-the-submission]]></link>
  <authors>
<author>
<id>4619232</id>
<name>Amy Waldman</name>
<role></role>
<image_url nophoto='false'>
<![CDATA[https://images.gr-assets.com/authors/1310656639p5/4619232.jpg]]>
</image_url>
<small_image_url nophoto='false'>
<![CDATA[https://images.gr-assets.com/authors/1310656639p2/4619232.jpg]]>
</small_image_url>
<link><![CDATA[https://www.goodreads.com/author/show/4619232.Amy_Waldman]]></link>
<average_rating>3.66</average_rating>
<ratings_count>11180</ratings_count>
<text_reviews_count>1744</text_reviews_count>
</author>
</authors>

    <reviews_widget>
      <![CDATA[
        <style>
  #goodreads-widget {
    font-family: georgia, serif;
    padding: 18px 0;
    width:565px;
  }
  #goodreads-widget h1 {
    font-weight:normal;
    font-size: 16px;
    border-bottom: 1px solid #BBB596;
    margin-bottom: 0;
  }
  #goodreads-widget a {
    text-decoration: none;
    color:#660;
  }
  iframe{
    background-color: #fff;
  }
  #goodreads-widget a:hover { text-decoration: underline; }
  #goodreads-widget a:active {
    color:#660;
  }
  #gr_footer {
    width: 100%;
    border-top: 1px solid #BBB596;
    text-align: right;
  }
  #goodreads-widget .gr_branding{
    color: #382110;
    font-size: 11px;
    text-decoration: none;
    font-family: "Helvetica Neue", Helvetica, Arial, sans-serif;
  }
</style>
<div id="goodreads-widget">
  <div id="gr_header"><h1><a rel="nofollow" href="https://www.goodreads.com/book/show/10364994-the-submission">The Submission Reviews</a></h1></div>
  <iframe id="the_iframe" src="https://www.goodreads.com/api/reviews_widget_iframe?did=DEVELOPER_ID&amp;format=html&amp;isbn=0374271569&amp;links=660&amp;min_rating=&amp;review_back=fff&amp;stars=000&amp;text=000" width="565" height="400" frameborder="0"></iframe>
  <div id="gr_footer">
    <a class="gr_branding" target="_blank" rel="nofollow" href="https://www.goodreads.com/book/show/10364994-the-submission?utm_medium=api&amp;utm_source=reviews_widget">Reviews from Goodreads.com</a>
  </div>
</div>

      ]]>
    </reviews_widget>
  <popular_shelves>
      <shelf name="to-read" count="1288"/>
      <shelf name="fiction" count="344"/>
      <shelf name="currently-reading" count="242"/>
      <shelf name="book-club" count="157"/>
      <shelf name="9-11" count="46"/>
      <shelf name="favorites" count="43"/>
      <shelf name="contemporary-fiction" count="42"/>
      <shelf name="contemporary" count="38"/>
      <shelf name="historical-fiction" count="37"/>
      <shelf name="audio" count="34"/>
      <shelf name="new-york" count="31"/>
      <shelf name="kindle" count="28"/>
      <shelf name="religion" count="27"/>
      <shelf name="adult" count="27"/>
      <shelf name="literary-fiction" count="26"/>
      <shelf name="bookclub" count="24"/>
      <shelf name="library" count="24"/>
      <shelf name="adult-fiction" count="23"/>
      <shelf name="read-in-2012" count="21"/>
      <shelf name="book-group" count="20"/>
      <shelf name="abandoned" count="19"/>
      <shelf name="novels" count="18"/>
      <shelf name="general-fiction" count="17"/>
      <shelf name="read-2012" count="16"/>
      <shelf name="read-in-2011" count="16"/>
      <shelf name="politics" count="16"/>
      <shelf name="novel" count="16"/>
      <shelf name="owned" count="15"/>
      <shelf name="to-buy" count="15"/>
      <shelf name="to-read-fiction" count="14"/>
      <shelf name="audiobooks" count="13"/>
      <shelf name="books-i-own" count="12"/>
      <shelf name="literature" count="12"/>
      <shelf name="historical" count="11"/>
      <shelf name="audiobook" count="11"/>
      <shelf name="american" count="11"/>
      <shelf name="art" count="11"/>
      <shelf name="2012-books" count="10"/>
      <shelf name="ebook" count="10"/>
      <shelf name="realistic-fiction" count="9"/>
      <shelf name="islam" count="9"/>
      <shelf name="read-in-2014" count="8"/>
      <shelf name="book-club-books" count="8"/>
      <shelf name="didn-t-finish" count="8"/>
      <shelf name="terrorism" count="8"/>
      <shelf name="nook" count="8"/>
      <shelf name="did-not-finish" count="8"/>
      <shelf name="2012-reads" count="7"/>
      <shelf name="nyc" count="7"/>
      <shelf name="literary" count="7"/>
      <shelf name="e-books" count="7"/>
      <shelf name="borrowed" count="7"/>
      <shelf name="fiction-to-read" count="7"/>
      <shelf name="america" count="7"/>
      <shelf name="architecture" count="6"/>
      <shelf name="read-in-2013" count="6"/>
      <shelf name="read-2013" count="6"/>
      <shelf name="unfinished" count="6"/>
      <shelf name="owned-books" count="6"/>
      <shelf name="prejudice" count="6"/>
      <shelf name="american-lit" count="6"/>
      <shelf name="seattle-reads" count="6"/>
      <shelf name="maybe" count="6"/>
      <shelf name="my-books" count="6"/>
      <shelf name="read-2011" count="6"/>
      <shelf name="islamophobia" count="5"/>
      <shelf name="shelfari-favorites" count="5"/>
      <shelf name="school" count="5"/>
      <shelf name="gave-up" count="5"/>
      <shelf name="book-club-read" count="5"/>
      <shelf name="audible" count="5"/>
      <shelf name="immigrants" count="5"/>
      <shelf name="united-states" count="5"/>
      <shelf name="realistic" count="5"/>
      <shelf name="new-york-city" count="5"/>
      <shelf name="modern-fiction" count="5"/>
      <shelf name="death" count="5"/>
      <shelf name="2011-reads" count="5"/>
      <shelf name="political" count="5"/>
      <shelf name="wish-list" count="5"/>
      <shelf name="culture" count="5"/>
      <shelf name="21st-century" count="5"/>
      <shelf name="usa" count="5"/>
      <shelf name="fiction-general" count="5"/>
      <shelf name="npr" count="5"/>
      <shelf name="architect" count="4"/>
      <shelf name="memorial" count="4"/>
      <shelf name="american-muslim" count="4"/>
      <shelf name="immigrant-experience" count="4"/>
      <shelf name="audio-books" count="4"/>
      <shelf name="read-in-2015" count="4"/>
      <shelf name="school-books" count="4"/>
      <shelf name="for-school" count="4"/>
      <shelf name="unread" count="4"/>
      <shelf name="discrimination" count="4"/>
      <shelf name="2013-reads" count="4"/>
      <shelf name="library-books" count="4"/>
      <shelf name="book-clubs" count="4"/>
      <shelf name="own-it" count="4"/>
      <shelf name="never-finished" count="4"/>
  </popular_shelves>
  <book_links>
    <book_link>
  <id>8</id>
  <name>Libraries</name>
  <link>https://www.goodreads.com/book_link/follow/8</link>
</book_link>

  </book_links>
  <buy_links>
    <buy_link>
<id>1</id>
<name>Amazon</name>
<link>https://www.goodreads.com/book_link/follow/1</link>
</buy_link>
<buy_link>
<id>10</id>
<name>Audible</name>
<link>https://www.goodreads.com/book_link/follow/10</link>
</buy_link>
<buy_link>
<id>3</id>
<name>Barnes &amp; Noble</name>
<link>https://www.goodreads.com/book_link/follow/3</link>
</buy_link>
<buy_link>
<id>1027</id>
<name>Kobo</name>
<link>https://www.goodreads.com/book_link/follow/1027</link>
</buy_link>
<buy_link>
<id>2102</id>
<name>Apple iBooks</name>
<link>https://www.goodreads.com/book_link/follow/2102</link>
</buy_link>
<buy_link>
<id>8036</id>
<name>Google Play</name>
<link>https://www.goodreads.com/book_link/follow/8036</link>
</buy_link>
<buy_link>
<id>4</id>
<name>Abebooks</name>
<link>https://www.goodreads.com/book_link/follow/4</link>
</buy_link>
<buy_link>
<id>882</id>
<name>Book Depository</name>
<link>https://www.goodreads.com/book_link/follow/882</link>
</buy_link>
<buy_link>
<id>9</id>
<name>Indigo</name>
<link>https://www.goodreads.com/book_link/follow/9</link>
</buy_link>
<buy_link>
<id>2</id>
<name>Half.com</name>
<link>https://www.goodreads.com/book_link/follow/2</link>
</buy_link>
<buy_link>
<id>5</id>
<name>Alibris</name>
<link>https://www.goodreads.com/book_link/follow/5</link>
</buy_link>
<buy_link>
<id>107</id>
<name>Better World Books</name>
<link>https://www.goodreads.com/book_link/follow/107</link>
</buy_link>
<buy_link>
<id>7</id>
<name>IndieBound</name>
<link>https://www.goodreads.com/book_link/follow/7</link>
</buy_link>

  </buy_links>
  <series_works>
    
  </series_works>
  <similar_books>
          <book>
<id>10647326</id>
<title>Stone Arabia</title>
<title_without_series>Stone Arabia</title_without_series>
<link><![CDATA[https://www.goodreads.com/book/show/10647326-stone-arabia]]></link>
<small_image_url><![CDATA[https://images.gr-assets.com/books/1327927235s/10647326.jpg]]></small_image_url>
<image_url><![CDATA[https://images.gr-assets.com/books/1327927235m/10647326.jpg]]></image_url>
<num_pages>235</num_pages>
<work>
<id>15556235</id>
</work>
<isbn>1451617968</isbn>
<isbn13>9781451617962</isbn13>
<average_rating>3.35</average_rating>
<ratings_count>2631</ratings_count>
<publication_year></publication_year>
<publication_month></publication_month>
<publication_day></publication_day>
<authors>
<author>
<id>41063</id>
<name>Dana Spiotta</name>
<link><![CDATA[https://www.goodreads.com/author/show/41063.Dana_Spiotta]]></link>
</author>
</authors>
</book>

          <book>
<id>9412055</id>
<title>Emily, Alone</title>
<title_without_series>Emily, Alone</title_without_series>
<link><![CDATA[https://www.goodreads.com/book/show/9412055-emily-alone]]></link>
<small_image_url><![CDATA[https://images.gr-assets.com/books/1311281799s/9412055.jpg]]></small_image_url>
<image_url><![CDATA[https://images.gr-assets.com/books/1311281799m/9412055.jpg]]></image_url>
<num_pages>255</num_pages>
<work>
<id>14296148</id>
</work>
<isbn>0670022357</isbn>
<isbn13>9780670022359</isbn13>
<average_rating>3.66</average_rating>
<ratings_count>3757</ratings_count>
<publication_year></publication_year>
<publication_month></publication_month>
<publication_day></publication_day>
<authors>
<author>
<id>18341</id>
<name>Stewart O&apos;Nan</name>
<link><![CDATA[https://www.goodreads.com/author/show/18341.Stewart_O_Nan]]></link>
</author>
</authors>
</book>

          <book>
<id>8472655</id>
<title>The Illumination</title>
<title_without_series>The Illumination</title_without_series>
<link><![CDATA[https://www.goodreads.com/book/show/8472655-the-illumination]]></link>
<small_image_url><![CDATA[https://images.gr-assets.com/books/1320397213s/8472655.jpg]]></small_image_url>
<image_url><![CDATA[https://images.gr-assets.com/books/1320397213m/8472655.jpg]]></image_url>
<num_pages>272</num_pages>
<work>
<id>13337362</id>
</work>
<isbn>0375425314</isbn>
<isbn13>9780375425318</isbn13>
<average_rating>3.38</average_rating>
<ratings_count>3115</ratings_count>
<publication_year>2011</publication_year>
<publication_month>2</publication_month>
<publication_day>1</publication_day>
<authors>
<author>
<id>16967</id>
<name>Kevin Brockmeier</name>
<link><![CDATA[https://www.goodreads.com/author/show/16967.Kevin_Brockmeier]]></link>
</author>
</authors>
</book>

          <book>
<id>10870053</id>
<title>Lost Memory of Skin</title>
<title_without_series>Lost Memory of Skin</title_without_series>
<link><![CDATA[https://www.goodreads.com/book/show/10870053-lost-memory-of-skin]]></link>
<small_image_url><![CDATA[https://s.gr-assets.com/assets/nophoto/book/50x75-a91bf249278a81aabab721ef782c4a74.png]]></small_image_url>
<image_url><![CDATA[https://s.gr-assets.com/assets/nophoto/book/111x148-bcc042a9c91a29c1d680899eff700a03.png]]></image_url>
<num_pages>417</num_pages>
<work>
<id>15785308</id>
</work>
<isbn>0061857637</isbn>
<isbn13>9780061857638</isbn13>
<average_rating>3.58</average_rating>
<ratings_count>5721</ratings_count>
<publication_year>2011</publication_year>
<publication_month>9</publication_month>
<publication_day>27</publication_day>
<authors>
<author>
<id>15128</id>
<name>Russell Banks</name>
<link><![CDATA[https://www.goodreads.com/author/show/15128.Russell_Banks]]></link>
</author>
</authors>
</book>

          <book>
<id>10898140</id>
<title>The Barbarian Nurseries</title>
<title_without_series>The Barbarian Nurseries</title_without_series>
<link><![CDATA[https://www.goodreads.com/book/show/10898140-the-barbarian-nurseries]]></link>
<small_image_url><![CDATA[https://s.gr-assets.com/assets/nophoto/book/50x75-a91bf249278a81aabab721ef782c4a74.png]]></small_image_url>
<image_url><![CDATA[https://s.gr-assets.com/assets/nophoto/book/111x148-bcc042a9c91a29c1d680899eff700a03.png]]></image_url>
<num_pages></num_pages>
<work>
<id>15814061</id>
</work>
<isbn>0374108994</isbn>
<isbn13>9780374108991</isbn13>
<average_rating>3.65</average_rating>
<ratings_count>2596</ratings_count>
<publication_year>2011</publication_year>
<publication_month>9</publication_month>
<publication_day>27</publication_day>
<authors>
<author>
<id>84447</id>
<name>Héctor Tobar</name>
<link><![CDATA[https://www.goodreads.com/author/show/84447.H_ctor_Tobar]]></link>
</author>
</authors>
</book>

          <book>
<id>9785474</id>
<title>A Moment in the Sun</title>
<title_without_series>A Moment in the Sun</title_without_series>
<link><![CDATA[https://www.goodreads.com/book/show/9785474-a-moment-in-the-sun]]></link>
<small_image_url><![CDATA[https://images.gr-assets.com/books/1327876254s/9785474.jpg]]></small_image_url>
<image_url><![CDATA[https://images.gr-assets.com/books/1327876254m/9785474.jpg]]></image_url>
<num_pages>955</num_pages>
<work>
<id>14675330</id>
</work>
<isbn>1936365189</isbn>
<isbn13>9781936365180</isbn13>
<average_rating>3.91</average_rating>
<ratings_count>652</ratings_count>
<publication_year>2011</publication_year>
<publication_month>5</publication_month>
<publication_day>17</publication_day>
<authors>
<author>
<id>59757</id>
<name>John Sayles</name>
<link><![CDATA[https://www.goodreads.com/author/show/59757.John_Sayles]]></link>
</author>
</authors>
</book>

          <book>
<id>9949190</id>
<title>My New American Life</title>
<title_without_series>My New American Life</title_without_series>
<link><![CDATA[https://www.goodreads.com/book/show/9949190-my-new-american-life]]></link>
<small_image_url><![CDATA[https://s.gr-assets.com/assets/nophoto/book/50x75-a91bf249278a81aabab721ef782c4a74.png]]></small_image_url>
<image_url><![CDATA[https://s.gr-assets.com/assets/nophoto/book/111x148-bcc042a9c91a29c1d680899eff700a03.png]]></image_url>
<num_pages>306</num_pages>
<work>
<id>14842759</id>
</work>
<isbn>0061713767</isbn>
<isbn13>9780061713767</isbn13>
<average_rating>3.19</average_rating>
<ratings_count>1197</ratings_count>
<publication_year></publication_year>
<publication_month></publication_month>
<publication_day></publication_day>
<authors>
<author>
<id>12180</id>
<name>Francine Prose</name>
<link><![CDATA[https://www.goodreads.com/author/show/12180.Francine_Prose]]></link>
</author>
</authors>
</book>

          <book>
<id>9723191</id>
<title>Say Her Name</title>
<title_without_series>Say Her Name</title_without_series>
<link><![CDATA[https://www.goodreads.com/book/show/9723191-say-her-name]]></link>
<small_image_url><![CDATA[https://images.gr-assets.com/books/1328824049s/9723191.jpg]]></small_image_url>
<image_url><![CDATA[https://images.gr-assets.com/books/1328824049m/9723191.jpg]]></image_url>
<num_pages>350</num_pages>
<work>
<id>14611995</id>
</work>
<isbn>0802119816</isbn>
<isbn13>9780802119810</isbn13>
<average_rating>3.65</average_rating>
<ratings_count>2284</ratings_count>
<publication_year>2011</publication_year>
<publication_month>4</publication_month>
<publication_day>5</publication_day>
<authors>
<author>
<id>40438</id>
<name>Francisco Goldman</name>
<link><![CDATA[https://www.goodreads.com/author/show/40438.Francisco_Goldman]]></link>
</author>
</authors>
</book>

          <book>
<id>10297826</id>
<title>Northwest Corner</title>
<title_without_series>Northwest Corner</title_without_series>
<link><![CDATA[https://www.goodreads.com/book/show/10297826-northwest-corner]]></link>
<small_image_url><![CDATA[https://s.gr-assets.com/assets/nophoto/book/50x75-a91bf249278a81aabab721ef782c4a74.png]]></small_image_url>
<image_url><![CDATA[https://s.gr-assets.com/assets/nophoto/book/111x148-bcc042a9c91a29c1d680899eff700a03.png]]></image_url>
<num_pages>304</num_pages>
<work>
<id>15199744</id>
</work>
<isbn>1400068452</isbn>
<isbn13>9781400068456</isbn13>
<average_rating>3.52</average_rating>
<ratings_count>605</ratings_count>
<publication_year>2011</publication_year>
<publication_month>7</publication_month>
<publication_day>26</publication_day>
<authors>
<author>
<id>72931</id>
<name>John Burnham Schwartz</name>
<link><![CDATA[https://www.goodreads.com/author/show/72931.John_Burnham_Schwartz]]></link>
</author>
</authors>
</book>

          <book>
<id>13043254</id>
<title>Island of Wings</title>
<title_without_series>Island of Wings</title_without_series>
<link><![CDATA[https://www.goodreads.com/book/show/13043254-island-of-wings]]></link>
<small_image_url><![CDATA[https://images.gr-assets.com/books/1329177895s/13043254.jpg]]></small_image_url>
<image_url><![CDATA[https://images.gr-assets.com/books/1329177895m/13043254.jpg]]></image_url>
<num_pages>304</num_pages>
<work>
<id>16128546</id>
</work>
<isbn>1770890122</isbn>
<isbn13>9781770890121</isbn13>
<average_rating>3.38</average_rating>
<ratings_count>743</ratings_count>
<publication_year>2011</publication_year>
<publication_month>10</publication_month>
<publication_day>8</publication_day>
<authors>
<author>
<id>4811651</id>
<name>Karin Altenberg</name>
<link><![CDATA[https://www.goodreads.com/author/show/4811651.Karin_Altenberg]]></link>
</author>
</authors>
</book>

          <book>
<id>10306358</id>
<title>We the Animals</title>
<title_without_series>We the Animals</title_without_series>
<link><![CDATA[https://www.goodreads.com/book/show/10306358-we-the-animals]]></link>
<small_image_url><![CDATA[https://images.gr-assets.com/books/1327900720s/10306358.jpg]]></small_image_url>
<image_url><![CDATA[https://images.gr-assets.com/books/1327900720m/10306358.jpg]]></image_url>
<num_pages>128</num_pages>
<work>
<id>15208454</id>
</work>
<isbn>0547576722</isbn>
<isbn13>9780547576725</isbn13>
<average_rating>3.61</average_rating>
<ratings_count>11751</ratings_count>
<publication_year></publication_year>
<publication_month></publication_month>
<publication_day></publication_day>
<authors>
<author>
<id>4208219</id>
<name>Justin Torres</name>
<link><![CDATA[https://www.goodreads.com/author/show/4208219.Justin_Torres]]></link>
</author>
</authors>
</book>

          <book>
<id>9680533</id>
<title>Ten Thousand Saints</title>
<title_without_series>Ten Thousand Saints</title_without_series>
<link><![CDATA[https://www.goodreads.com/book/show/9680533-ten-thousand-saints]]></link>
<small_image_url><![CDATA[https://images.gr-assets.com/books/1327935141s/9680533.jpg]]></small_image_url>
<image_url><![CDATA[https://images.gr-assets.com/books/1327935141m/9680533.jpg]]></image_url>
<num_pages>388</num_pages>
<work>
<id>14568454</id>
</work>
<isbn>0062021028</isbn>
<isbn13>9780062021021</isbn13>
<average_rating>3.50</average_rating>
<ratings_count>6161</ratings_count>
<publication_year>2011</publication_year>
<publication_month>6</publication_month>
<publication_day>7</publication_day>
<authors>
<author>
<id>4455701</id>
<name>Eleanor Henderson</name>
<link><![CDATA[https://www.goodreads.com/author/show/4455701.Eleanor_Henderson]]></link>
</author>
</authors>
</book>

          <book>
<id>12168836</id>
<title><![CDATA[Rights Gone Wrong: How Law Corrupts the Struggle for Equality]]></title>
<title_without_series><![CDATA[Rights Gone Wrong: How Law Corrupts the Struggle for Equality]]></title_without_series>
<link><![CDATA[https://www.goodreads.com/book/show/12168836-rights-gone-wrong]]></link>
<small_image_url><![CDATA[https://s.gr-assets.com/assets/nophoto/book/50x75-a91bf249278a81aabab721ef782c4a74.png]]></small_image_url>
<image_url><![CDATA[https://s.gr-assets.com/assets/nophoto/book/111x148-bcc042a9c91a29c1d680899eff700a03.png]]></image_url>
<num_pages></num_pages>
<work>
<id>17140142</id>
</work>
<isbn>0374250359</isbn>
<isbn13>9780374250355</isbn13>
<average_rating>3.54</average_rating>
<ratings_count>65</ratings_count>
<publication_year></publication_year>
<publication_month></publication_month>
<publication_day></publication_day>
<authors>
<author>
<id>1153787</id>
<name>Richard Thompson Ford</name>
<link><![CDATA[https://www.goodreads.com/author/show/1153787.Richard_Thompson_Ford]]></link>
</author>
</authors>
</book>

          <book>
<id>10161190</id>
<title>This Beautiful Life</title>
<title_without_series>This Beautiful Life</title_without_series>
<link><![CDATA[https://www.goodreads.com/book/show/10161190-this-beautiful-life]]></link>
<small_image_url><![CDATA[https://images.gr-assets.com/books/1327935154s/10161190.jpg]]></small_image_url>
<image_url><![CDATA[https://images.gr-assets.com/books/1327935154m/10161190.jpg]]></image_url>
<num_pages>225</num_pages>
<work>
<id>15059731</id>
</work>
<isbn>0062024388</isbn>
<isbn13>9780062024381</isbn13>
<average_rating>3.03</average_rating>
<ratings_count>5627</ratings_count>
<publication_year></publication_year>
<publication_month></publication_month>
<publication_day></publication_day>
<authors>
<author>
<id>81034</id>
<name>Helen Schulman</name>
<link><![CDATA[https://www.goodreads.com/author/show/81034.Helen_Schulman]]></link>
</author>
</authors>
</book>

          <book>
<id>9809455</id>
<title><![CDATA[The Boy in the Moon: A Father's Journey to Understand His Extraordinary Son]]></title>
<title_without_series><![CDATA[The Boy in the Moon: A Father's Journey to Understand His Extraordinary Son]]></title_without_series>
<link><![CDATA[https://www.goodreads.com/book/show/9809455-the-boy-in-the-moon]]></link>
<small_image_url><![CDATA[https://s.gr-assets.com/assets/nophoto/book/50x75-a91bf249278a81aabab721ef782c4a74.png]]></small_image_url>
<image_url><![CDATA[https://s.gr-assets.com/assets/nophoto/book/111x148-bcc042a9c91a29c1d680899eff700a03.png]]></image_url>
<num_pages>304</num_pages>
<work>
<id>5218816</id>
</work>
<isbn>0312671830</isbn>
<isbn13>9780312671839</isbn13>
<average_rating>3.86</average_rating>
<ratings_count>1501</ratings_count>
<publication_year>2011</publication_year>
<publication_month>4</publication_month>
<publication_day>26</publication_day>
<authors>
<author>
<id>127037</id>
<name>Ian Brown</name>
<link><![CDATA[https://www.goodreads.com/author/show/127037.Ian_Brown]]></link>
</author>
</authors>
</book>

          <book>
<id>9501104</id>
<title>The Sojourn</title>
<title_without_series>The Sojourn</title_without_series>
<link><![CDATA[https://www.goodreads.com/book/show/9501104-the-sojourn]]></link>
<small_image_url><![CDATA[https://images.gr-assets.com/books/1344666585s/9501104.jpg]]></small_image_url>
<image_url><![CDATA[https://images.gr-assets.com/books/1344666585m/9501104.jpg]]></image_url>
<num_pages>192</num_pages>
<work>
<id>14386678</id>
</work>
<isbn>1934137340</isbn>
<isbn13>9781934137345</isbn13>
<average_rating>3.76</average_rating>
<ratings_count>2026</ratings_count>
<publication_year>2011</publication_year>
<publication_month>4</publication_month>
<publication_day>19</publication_day>
<authors>
<author>
<id>509654</id>
<name>Andrew Krivak</name>
<link><![CDATA[https://www.goodreads.com/author/show/509654.Andrew_Krivak]]></link>
</author>
</authors>
</book>

          <book>
<id>10733655</id>
<title>The Grief of Others</title>
<title_without_series>The Grief of Others</title_without_series>
<link><![CDATA[https://www.goodreads.com/book/show/10733655-the-grief-of-others]]></link>
<small_image_url><![CDATA[https://images.gr-assets.com/books/1311706022s/10733655.jpg]]></small_image_url>
<image_url><![CDATA[https://images.gr-assets.com/books/1311706022m/10733655.jpg]]></image_url>
<num_pages></num_pages>
<work>
<id>15644535</id>
</work>
<isbn>1594488053</isbn>
<isbn13>9781594488054</isbn13>
<average_rating>3.34</average_rating>
<ratings_count>2497</ratings_count>
<publication_year></publication_year>
<publication_month></publication_month>
<publication_day></publication_day>
<authors>
<author>
<id>180363</id>
<name>Leah Hager Cohen</name>
<link><![CDATA[https://www.goodreads.com/author/show/180363.Leah_Hager_Cohen]]></link>
</author>
</authors>
</book>

          <book>
<id>12528627</id>
<title>The Book of Jonas</title>
<title_without_series>The Book of Jonas</title_without_series>
<link><![CDATA[https://www.goodreads.com/book/show/12528627-the-book-of-jonas]]></link>
<small_image_url><![CDATA[https://images.gr-assets.com/books/1318006911s/12528627.jpg]]></small_image_url>
<image_url><![CDATA[https://images.gr-assets.com/books/1318006911m/12528627.jpg]]></image_url>
<num_pages></num_pages>
<work>
<id>17515143</id>
</work>
<isbn>0399158456</isbn>
<isbn13>9780399158452</isbn13>
<average_rating>3.63</average_rating>
<ratings_count>1486</ratings_count>
<publication_year></publication_year>
<publication_month></publication_month>
<publication_day></publication_day>
<authors>
<author>
<id>5178202</id>
<name>Stephen Dau</name>
<link><![CDATA[https://www.goodreads.com/author/show/5178202.Stephen_Dau]]></link>
</author>
</authors>
</book>

  </similar_books>
</book>

</GoodreadsResponse>