<?xml version="1.0" encoding="UTF-8"?>
<GoodreadsResponse>
  <Request>
    <authentication>true</authentication>
      <key><![CDATA[all_men_must_serve]]></key>
    <method><![CDATA[book_show]]></method>
  </Request>
  <book>
  <id>10365343</id>
  <title>Zone One</title>
  <isbn><![CDATA[0385528078]]></isbn>
  <isbn13><![CDATA[9780385528078]]></isbn13>
  <asin><![CDATA[]]></asin>
  <kindle_asin><![CDATA[B005OYFYW6]]></kindle_asin>
  <marketplace_id><![CDATA[A1F83G8C2ARO7P]]></marketplace_id>
  <country_code><![CDATA[GB]]></country_code>
  <image_url>https://images.gr-assets.com/books/1327888785m/10365343.jpg</image_url>
  <small_image_url>https://images.gr-assets.com/books/1327888785s/10365343.jpg</small_image_url>
  <publication_year>2011</publication_year>
  <publication_month>10</publication_month>
  <publication_day>18</publication_day>
  <publisher>Doubleday</publisher>
  <language_code>eng</language_code>
  <is_ebook>false</is_ebook>
  <description><![CDATA[In this wry take on the post-apocalyptic horror novel, a pandemic has devastated the planet. The plague has sorted humanity into two types: the uninfected and the infected, the living and the living dead. <br /><br />Now the plague is receding, and Americans are busy rebuild­ing civilization under orders from the provisional govern­ment based in Buffalo. Their top mission: the resettlement of Manhattan. Armed forces have successfully reclaimed the island south of Canal Street—aka Zone One—but pockets of plague-ridden squatters remain. While the army has eliminated the most dangerous of the infected, teams of civilian volunteers are tasked with clearing out a more innocuous variety—the “malfunctioning” stragglers, who exist in a catatonic state, transfixed by their former lives. <br /><br />Mark Spitz is a member of one of the civilian teams work­ing in lower Manhattan. Alternating between flashbacks of Spitz’s desperate fight for survival during the worst of the outbreak and his present narrative, the novel unfolds over three surreal days, as it depicts the mundane mission of straggler removal, the rigors of Post-Apocalyptic Stress Disorder, and the impossible job of coming to grips with the fallen world. <br /><br />And then things start to go wrong. <br /><br />Both spine chilling and playfully cerebral, <i>Zone One</i> bril­liantly subverts the genre’s conventions and deconstructs the zombie myth for the twenty-first century.]]></description>
  <work>
  <id type="integer">15268500</id>
  <books_count type="integer">27</books_count>
  <best_book_id type="integer">10365343</best_book_id>
  <reviews_count type="integer">35107</reviews_count>
  <ratings_sum type="integer">45031</ratings_sum>
  <ratings_count type="integer">13855</ratings_count>
  <text_reviews_count type="integer">2517</text_reviews_count>
  <original_publication_year type="integer">2010</original_publication_year>
  <original_publication_month type="integer">10</original_publication_month>
  <original_publication_day type="integer">18</original_publication_day>
  <original_title></original_title>
  <original_language_id type="integer" nil="true"/>
  <media_type>book</media_type>
  <rating_dist>5:1756|4:4288|3:4492|2:2304|1:1015|total:13855</rating_dist>
  <desc_user_id type="integer">-110</desc_user_id>
  <default_chaptering_book_id type="integer" nil="true"/>
  <default_description_language_code nil="true"/>
</work>
  <average_rating>3.25</average_rating>
  <num_pages><![CDATA[259]]></num_pages>
  <format><![CDATA[Hardcover]]></format>
  <edition_information><![CDATA[]]></edition_information>
  <ratings_count><![CDATA[12379]]></ratings_count>
  <text_reviews_count><![CDATA[2254]]></text_reviews_count>
  <url><![CDATA[https://www.goodreads.com/book/show/10365343-zone-one]]></url>
  <link><![CDATA[https://www.goodreads.com/book/show/10365343-zone-one]]></link>
  <authors>
<author>
<id>10029</id>
<name>Colson Whitehead</name>
<role></role>
<image_url nophoto='false'>
<![CDATA[https://images.gr-assets.com/authors/1399317975p5/10029.jpg]]>
</image_url>
<small_image_url nophoto='false'>
<![CDATA[https://images.gr-assets.com/authors/1399317975p2/10029.jpg]]>
</small_image_url>
<link><![CDATA[https://www.goodreads.com/author/show/10029.Colson_Whitehead]]></link>
<average_rating>3.89</average_rating>
<ratings_count>123741</ratings_count>
<text_reviews_count>16063</text_reviews_count>
</author>
</authors>

    <reviews_widget>
      <![CDATA[
        <style>
  #goodreads-widget {
    font-family: georgia, serif;
    padding: 18px 0;
    width:565px;
  }
  #goodreads-widget h1 {
    font-weight:normal;
    font-size: 16px;
    border-bottom: 1px solid #BBB596;
    margin-bottom: 0;
  }
  #goodreads-widget a {
    text-decoration: none;
    color:#660;
  }
  iframe{
    background-color: #fff;
  }
  #goodreads-widget a:hover { text-decoration: underline; }
  #goodreads-widget a:active {
    color:#660;
  }
  #gr_footer {
    width: 100%;
    border-top: 1px solid #BBB596;
    text-align: right;
  }
  #goodreads-widget .gr_branding{
    color: #382110;
    font-size: 11px;
    text-decoration: none;
    font-family: "Helvetica Neue", Helvetica, Arial, sans-serif;
  }
</style>
<div id="goodreads-widget">
  <div id="gr_header"><h1><a rel="nofollow" href="https://www.goodreads.com/book/show/10365343-zone-one">Zone One Reviews</a></h1></div>
  <iframe id="the_iframe" src="https://www.goodreads.com/api/reviews_widget_iframe?did=DEVELOPER_ID&amp;format=html&amp;isbn=0385528078&amp;links=660&amp;min_rating=&amp;review_back=fff&amp;stars=000&amp;text=000" width="565" height="400" frameborder="0"></iframe>
  <div id="gr_footer">
    <a class="gr_branding" target="_blank" rel="nofollow" href="https://www.goodreads.com/book/show/10365343-zone-one?utm_medium=api&amp;utm_source=reviews_widget">Reviews from Goodreads.com</a>
  </div>
</div>

      ]]>
    </reviews_widget>
  <popular_shelves>
      <shelf name="to-read" count="3151"/>
      <shelf name="currently-reading" count="626"/>
      <shelf name="fiction" count="535"/>
      <shelf name="horror" count="460"/>
      <shelf name="zombies" count="424"/>
      <shelf name="science-fiction" count="213"/>
      <shelf name="post-apocalyptic" count="185"/>
      <shelf name="sci-fi" count="130"/>
      <shelf name="dystopia" count="112"/>
      <shelf name="zombie" count="102"/>
      <shelf name="dystopian" count="98"/>
      <shelf name="abandoned" count="83"/>
      <shelf name="apocalyptic" count="71"/>
      <shelf name="library" count="65"/>
      <shelf name="favorites" count="54"/>
      <shelf name="apocalypse" count="53"/>
      <shelf name="kindle" count="50"/>
      <shelf name="fantasy" count="49"/>
      <shelf name="ebook" count="48"/>
      <shelf name="owned" count="48"/>
      <shelf name="did-not-finish" count="46"/>
      <shelf name="scifi" count="44"/>
      <shelf name="novels" count="43"/>
      <shelf name="literary-fiction" count="41"/>
      <shelf name="audiobook" count="35"/>
      <shelf name="literary" count="32"/>
      <shelf name="sci-fi-fantasy" count="32"/>
      <shelf name="audio" count="31"/>
      <shelf name="to-buy" count="31"/>
      <shelf name="didn-t-finish" count="31"/>
      <shelf name="read-in-2012" count="30"/>
      <shelf name="post-apocalypse" count="30"/>
      <shelf name="audiobooks" count="27"/>
      <shelf name="books-i-own" count="27"/>
      <shelf name="unfinished" count="26"/>
      <shelf name="book-club" count="26"/>
      <shelf name="new-york" count="24"/>
      <shelf name="ebooks" count="23"/>
      <shelf name="wish-list" count="22"/>
      <shelf name="dnf" count="21"/>
      <shelf name="gave-up-on" count="20"/>
      <shelf name="gave-up" count="20"/>
      <shelf name="speculative-fiction" count="20"/>
      <shelf name="contemporary-fiction" count="20"/>
      <shelf name="adult-fiction" count="20"/>
      <shelf name="literature" count="19"/>
      <shelf name="sf" count="19"/>
      <shelf name="adult" count="19"/>
      <shelf name="nyc" count="18"/>
      <shelf name="thriller" count="17"/>
      <shelf name="couldn-t-finish" count="17"/>
      <shelf name="read-in-2011" count="17"/>
      <shelf name="read-2012" count="16"/>
      <shelf name="read-in-2013" count="15"/>
      <shelf name="supernatural" count="15"/>
      <shelf name="postapocalyptic" count="15"/>
      <shelf name="owned-books" count="14"/>
      <shelf name="scifi-fantasy" count="14"/>
      <shelf name="audio-book" count="14"/>
      <shelf name="novel" count="14"/>
      <shelf name="survival" count="13"/>
      <shelf name="could-not-finish" count="12"/>
      <shelf name="e-book" count="12"/>
      <shelf name="end-of-the-world" count="12"/>
      <shelf name="science-fiction-fantasy" count="12"/>
      <shelf name="new-york-city" count="12"/>
      <shelf name="paranormal" count="12"/>
      <shelf name="read-in-2015" count="11"/>
      <shelf name="audio-books" count="11"/>
      <shelf name="american" count="11"/>
      <shelf name="want-to-read" count="11"/>
      <shelf name="read-in-2016" count="10"/>
      <shelf name="2012-books" count="10"/>
      <shelf name="dark" count="10"/>
      <shelf name="read-2011" count="10"/>
      <shelf name="nook" count="10"/>
      <shelf name="post-apoc" count="10"/>
      <shelf name="to-read-fiction" count="10"/>
      <shelf name="borrowed" count="10"/>
      <shelf name="read-in-2017" count="9"/>
      <shelf name="stopped-reading" count="9"/>
      <shelf name="apocalyptic-post-apocalyptic" count="9"/>
      <shelf name="contemporary" count="9"/>
      <shelf name="general-fiction" count="9"/>
      <shelf name="school" count="8"/>
      <shelf name="default" count="8"/>
      <shelf name="lit" count="8"/>
      <shelf name="21st-century" count="8"/>
      <shelf name="2010s" count="8"/>
      <shelf name="library-books" count="8"/>
      <shelf name="dystopian-fiction" count="8"/>
      <shelf name="urban-fantasy" count="8"/>
      <shelf name="speculative" count="8"/>
      <shelf name="read-in-2014" count="7"/>
      <shelf name="to-read-sci-fi" count="7"/>
      <shelf name="never-finished" count="7"/>
      <shelf name="books-read-in-2012" count="7"/>
      <shelf name="post-apocalyptic-dystopian" count="7"/>
      <shelf name="overdrive" count="7"/>
      <shelf name="fantasy-sci-fi" count="7"/>
  </popular_shelves>
  <book_links>
    <book_link>
  <id>8</id>
  <name>Libraries</name>
  <link>https://www.goodreads.com/book_link/follow/8</link>
</book_link>

  </book_links>
  <buy_links>
    <buy_link>
<id>1</id>
<name>Amazon</name>
<link>https://www.goodreads.com/book_link/follow/1</link>
</buy_link>
<buy_link>
<id>10</id>
<name>Audible</name>
<link>https://www.goodreads.com/book_link/follow/10</link>
</buy_link>
<buy_link>
<id>3</id>
<name>Barnes &amp; Noble</name>
<link>https://www.goodreads.com/book_link/follow/3</link>
</buy_link>
<buy_link>
<id>1027</id>
<name>Kobo</name>
<link>https://www.goodreads.com/book_link/follow/1027</link>
</buy_link>
<buy_link>
<id>2102</id>
<name>Apple iBooks</name>
<link>https://www.goodreads.com/book_link/follow/2102</link>
</buy_link>
<buy_link>
<id>8036</id>
<name>Google Play</name>
<link>https://www.goodreads.com/book_link/follow/8036</link>
</buy_link>
<buy_link>
<id>4</id>
<name>Abebooks</name>
<link>https://www.goodreads.com/book_link/follow/4</link>
</buy_link>
<buy_link>
<id>882</id>
<name>Book Depository</name>
<link>https://www.goodreads.com/book_link/follow/882</link>
</buy_link>
<buy_link>
<id>9</id>
<name>Indigo</name>
<link>https://www.goodreads.com/book_link/follow/9</link>
</buy_link>
<buy_link>
<id>2</id>
<name>Half.com</name>
<link>https://www.goodreads.com/book_link/follow/2</link>
</buy_link>
<buy_link>
<id>5</id>
<name>Alibris</name>
<link>https://www.goodreads.com/book_link/follow/5</link>
</buy_link>
<buy_link>
<id>107</id>
<name>Better World Books</name>
<link>https://www.goodreads.com/book_link/follow/107</link>
</buy_link>
<buy_link>
<id>7</id>
<name>IndieBound</name>
<link>https://www.goodreads.com/book_link/follow/7</link>
</buy_link>

  </buy_links>
  <series_works>
    
  </series_works>
  <similar_books>
          <book>
<id>11249375</id>
<title>After the Apocalypse</title>
<title_without_series>After the Apocalypse</title_without_series>
<link><![CDATA[https://www.goodreads.com/book/show/11249375-after-the-apocalypse]]></link>
<small_image_url><![CDATA[https://s.gr-assets.com/assets/nophoto/book/50x75-a91bf249278a81aabab721ef782c4a74.png]]></small_image_url>
<image_url><![CDATA[https://s.gr-assets.com/assets/nophoto/book/111x148-bcc042a9c91a29c1d680899eff700a03.png]]></image_url>
<num_pages>188</num_pages>
<work>
<id>16175799</id>
</work>
<isbn>1931520291</isbn>
<isbn13>9781931520294</isbn13>
<average_rating>3.60</average_rating>
<ratings_count>1902</ratings_count>
<publication_year>2011</publication_year>
<publication_month>11</publication_month>
<publication_day>8</publication_day>
<authors>
<author>
<id>110206</id>
<name>Maureen F. McHugh</name>
<link><![CDATA[https://www.goodreads.com/author/show/110206.Maureen_F_McHugh]]></link>
</author>
</authors>
</book>

          <book>
<id>13604637</id>
<title>Exit Kingdom (Reapers, #2)</title>
<title_without_series>Exit Kingdom</title_without_series>
<link><![CDATA[https://www.goodreads.com/book/show/13604637-exit-kingdom]]></link>
<small_image_url><![CDATA[https://images.gr-assets.com/books/1334595734s/13604637.jpg]]></small_image_url>
<image_url><![CDATA[https://images.gr-assets.com/books/1334595734m/13604637.jpg]]></image_url>
<num_pages>306</num_pages>
<work>
<id>19198903</id>
</work>
<isbn>0230766749</isbn>
<isbn13>9780230766747</isbn13>
<average_rating>3.77</average_rating>
<ratings_count>542</ratings_count>
<publication_year>2012</publication_year>
<publication_month>9</publication_month>
<publication_day>13</publication_day>
<authors>
<author>
<id>2956938</id>
<name>Joshua Gaylord</name>
<link><![CDATA[https://www.goodreads.com/author/show/2956938.Joshua_Gaylord]]></link>
</author>
</authors>
</book>

          <book>
<id>9466865</id>
<title>Raising Stony Mayhall</title>
<title_without_series>Raising Stony Mayhall</title_without_series>
<link><![CDATA[https://www.goodreads.com/book/show/9466865-raising-stony-mayhall]]></link>
<small_image_url><![CDATA[https://images.gr-assets.com/books/1326125621s/9466865.jpg]]></small_image_url>
<image_url><![CDATA[https://images.gr-assets.com/books/1326125621m/9466865.jpg]]></image_url>
<num_pages>422</num_pages>
<work>
<id>14351915</id>
</work>
<isbn>0345522370</isbn>
<isbn13>9780345522375</isbn13>
<average_rating>3.83</average_rating>
<ratings_count>2795</ratings_count>
<publication_year>2011</publication_year>
<publication_month>6</publication_month>
<publication_day>28</publication_day>
<authors>
<author>
<id>1343790</id>
<name>Daryl Gregory</name>
<link><![CDATA[https://www.goodreads.com/author/show/1343790.Daryl_Gregory]]></link>
</author>
</authors>
</book>

          <book>
<id>11601984</id>
<title>Seed</title>
<title_without_series>Seed</title_without_series>
<link><![CDATA[https://www.goodreads.com/book/show/11601984-seed]]></link>
<small_image_url><![CDATA[https://images.gr-assets.com/books/1319292435s/11601984.jpg]]></small_image_url>
<image_url><![CDATA[https://images.gr-assets.com/books/1319292435m/11601984.jpg]]></image_url>
<num_pages>341</num_pages>
<work>
<id>16544260</id>
</work>
<isbn>1597803235</isbn>
<isbn13>9781597803236</isbn13>
<average_rating>3.21</average_rating>
<ratings_count>953</ratings_count>
<publication_year>2011</publication_year>
<publication_month>11</publication_month>
<publication_day>8</publication_day>
<authors>
<author>
<id>5016007</id>
<name>Rob Ziegler</name>
<link><![CDATA[https://www.goodreads.com/author/show/5016007.Rob_Ziegler]]></link>
</author>
</authors>
</book>

          <book>
<id>6340838</id>
<title>Zombie Britannica</title>
<title_without_series>Zombie Britannica</title_without_series>
<link><![CDATA[https://www.goodreads.com/book/show/6340838-zombie-britannica]]></link>
<small_image_url><![CDATA[https://images.gr-assets.com/books/1328075245s/6340838.jpg]]></small_image_url>
<image_url><![CDATA[https://images.gr-assets.com/books/1328075245m/6340838.jpg]]></image_url>
<num_pages>350</num_pages>
<work>
<id>6526850</id>
</work>
<isbn>1906727295</isbn>
<isbn13>9781906727291</isbn13>
<average_rating>3.79</average_rating>
<ratings_count>328</ratings_count>
<publication_year>2010</publication_year>
<publication_month>8</publication_month>
<publication_day>1</publication_day>
<authors>
<author>
<id>1388626</id>
<name>Thomas Emson</name>
<link><![CDATA[https://www.goodreads.com/author/show/1388626.Thomas_Emson]]></link>
</author>
</authors>
</book>

          <book>
<id>6856865</id>
<title>The World Is Dead</title>
<title_without_series>The World Is Dead</title_without_series>
<link><![CDATA[https://www.goodreads.com/book/show/6856865-the-world-is-dead]]></link>
<small_image_url><![CDATA[https://s.gr-assets.com/assets/nophoto/book/50x75-a91bf249278a81aabab721ef782c4a74.png]]></small_image_url>
<image_url><![CDATA[https://s.gr-assets.com/assets/nophoto/book/111x148-bcc042a9c91a29c1d680899eff700a03.png]]></image_url>
<num_pages>264</num_pages>
<work>
<id>7071074</id>
</work>
<isbn>1934861251</isbn>
<isbn13>9781934861257</isbn13>
<average_rating>4.00</average_rating>
<ratings_count>286</ratings_count>
<publication_year>2009</publication_year>
<publication_month>9</publication_month>
<publication_day>15</publication_day>
<authors>
<author>
<id>63950</id>
<name>Kim Paffenroth</name>
<link><![CDATA[https://www.goodreads.com/author/show/63950.Kim_Paffenroth]]></link>
</author>
</authors>
</book>

          <book>
<id>8051458</id>
<title><![CDATA[The Reapers are the Angels (Reapers, #1)]]></title>
<title_without_series>The Reapers are the Angels</title_without_series>
<link><![CDATA[https://www.goodreads.com/book/show/8051458-the-reapers-are-the-angels]]></link>
<small_image_url><![CDATA[https://images.gr-assets.com/books/1388716938s/8051458.jpg]]></small_image_url>
<image_url><![CDATA[https://images.gr-assets.com/books/1388716938m/8051458.jpg]]></image_url>
<num_pages>225</num_pages>
<work>
<id>12707063</id>
</work>
<isbn>0805092439</isbn>
<isbn13>9780805092431</isbn13>
<average_rating>3.90</average_rating>
<ratings_count>9646</ratings_count>
<publication_year></publication_year>
<publication_month></publication_month>
<publication_day></publication_day>
<authors>
<author>
<id>3488176</id>
<name>Alden Bell</name>
<link><![CDATA[https://www.goodreads.com/author/show/3488176.Alden_Bell]]></link>
</author>
</authors>
</book>

          <book>
<id>13260168</id>
<title>This Dark Earth</title>
<title_without_series>This Dark Earth</title_without_series>
<link><![CDATA[https://www.goodreads.com/book/show/13260168-this-dark-earth]]></link>
<small_image_url><![CDATA[https://images.gr-assets.com/books/1331143116s/13260168.jpg]]></small_image_url>
<image_url><![CDATA[https://images.gr-assets.com/books/1331143116m/13260168.jpg]]></image_url>
<num_pages>352</num_pages>
<work>
<id>18461671</id>
</work>
<isbn>1451666667</isbn>
<isbn13>9781451666663</isbn13>
<average_rating>3.63</average_rating>
<ratings_count>593</ratings_count>
<publication_year>2012</publication_year>
<publication_month>7</publication_month>
<publication_day>3</publication_day>
<authors>
<author>
<id>4747895</id>
<name>John Hornor Jacobs</name>
<link><![CDATA[https://www.goodreads.com/author/show/4747895.John_Hornor_Jacobs]]></link>
</author>
</authors>
</book>

          <book>
<id>7119624</id>
<title>Resurrection: Zombie Epic</title>
<title_without_series>Resurrection: Zombie Epic</title_without_series>
<link><![CDATA[https://www.goodreads.com/book/show/7119624-resurrection]]></link>
<small_image_url><![CDATA[https://s.gr-assets.com/assets/nophoto/book/50x75-a91bf249278a81aabab721ef782c4a74.png]]></small_image_url>
<image_url><![CDATA[https://s.gr-assets.com/assets/nophoto/book/111x148-bcc042a9c91a29c1d680899eff700a03.png]]></image_url>
<num_pages>666</num_pages>
<work>
<id>7380608</id>
</work>
<isbn>0980606551</isbn>
<isbn13>9780980606553</isbn13>
<average_rating>3.85</average_rating>
<ratings_count>201</ratings_count>
<publication_year>2009</publication_year>
<publication_month>10</publication_month>
<publication_day>31</publication_day>
<authors>
<author>
<id>497865</id>
<name>Tim Curran</name>
<link><![CDATA[https://www.goodreads.com/author/show/497865.Tim_Curran]]></link>
</author>
</authors>
</book>

          <book>
<id>10198374</id>
<title>Outpost (Outpost, #1)</title>
<title_without_series>Outpost</title_without_series>
<link><![CDATA[https://www.goodreads.com/book/show/10198374-outpost]]></link>
<small_image_url><![CDATA[https://images.gr-assets.com/books/1310441884s/10198374.jpg]]></small_image_url>
<image_url><![CDATA[https://images.gr-assets.com/books/1310441884m/10198374.jpg]]></image_url>
<num_pages>388</num_pages>
<work>
<id>15097594</id>
</work>
<isbn>1444709038</isbn>
<isbn13>9781444709032</isbn13>
<average_rating>3.65</average_rating>
<ratings_count>2020</ratings_count>
<publication_year>2011</publication_year>
<publication_month>4</publication_month>
<publication_day>14</publication_day>
<authors>
<author>
<id>3465340</id>
<name>Adam Baker</name>
<link><![CDATA[https://www.goodreads.com/author/show/3465340.Adam_Baker]]></link>
</author>
</authors>
</book>

          <book>
<id>12769525</id>
<title><![CDATA[Devil's Wake (Devil's Wake, #1)]]></title>
<title_without_series>Devil&apos;s Wake</title_without_series>
<link><![CDATA[https://www.goodreads.com/book/show/12769525-devil-s-wake]]></link>
<small_image_url><![CDATA[https://images.gr-assets.com/books/1344401222s/12769525.jpg]]></small_image_url>
<image_url><![CDATA[https://images.gr-assets.com/books/1344401222m/12769525.jpg]]></image_url>
<num_pages>278</num_pages>
<work>
<id>17914042</id>
</work>
<isbn>1451617003</isbn>
<isbn13>9781451617009</isbn13>
<average_rating>3.71</average_rating>
<ratings_count>492</ratings_count>
<publication_year>2012</publication_year>
<publication_month>7</publication_month>
<publication_day>31</publication_day>
<authors>
<author>
<id>20058</id>
<name>Steven Barnes</name>
<link><![CDATA[https://www.goodreads.com/author/show/20058.Steven_Barnes]]></link>
</author>
</authors>
</book>

          <book>
<id>12139894</id>
<title>Immobility</title>
<title_without_series>Immobility</title_without_series>
<link><![CDATA[https://www.goodreads.com/book/show/12139894-immobility]]></link>
<small_image_url><![CDATA[https://images.gr-assets.com/books/1327060278s/12139894.jpg]]></small_image_url>
<image_url><![CDATA[https://images.gr-assets.com/books/1327060278m/12139894.jpg]]></image_url>
<num_pages>256</num_pages>
<work>
<id>17109943</id>
</work>
<isbn>0765330962</isbn>
<isbn13>9780765330963</isbn13>
<average_rating>3.70</average_rating>
<ratings_count>859</ratings_count>
<publication_year>2012</publication_year>
<publication_month>4</publication_month>
<publication_day>10</publication_day>
<authors>
<author>
<id>48355</id>
<name>Brian Evenson</name>
<link><![CDATA[https://www.goodreads.com/author/show/48355.Brian_Evenson]]></link>
</author>
</authors>
</book>

          <book>
<id>10779721</id>
<title><![CDATA[Dead of Night (Dead of Night, #1)]]></title>
<title_without_series>Dead of Night</title_without_series>
<link><![CDATA[https://www.goodreads.com/book/show/10779721-dead-of-night]]></link>
<small_image_url><![CDATA[https://s.gr-assets.com/assets/nophoto/book/50x75-a91bf249278a81aabab721ef782c4a74.png]]></small_image_url>
<image_url><![CDATA[https://s.gr-assets.com/assets/nophoto/book/111x148-bcc042a9c91a29c1d680899eff700a03.png]]></image_url>
<num_pages>358</num_pages>
<work>
<id>15785045</id>
</work>
<isbn>031255219X</isbn>
<isbn13>9780312552190</isbn13>
<average_rating>3.96</average_rating>
<ratings_count>5184</ratings_count>
<publication_year>2011</publication_year>
<publication_month>10</publication_month>
<publication_day>25</publication_day>
<authors>
<author>
<id>72451</id>
<name>Jonathan Maberry</name>
<link><![CDATA[https://www.goodreads.com/author/show/72451.Jonathan_Maberry]]></link>
</author>
</authors>
</book>

          <book>
<id>10127040</id>
<title><![CDATA[The Dewey Decimal System (Dewey Decimal #1)]]></title>
<title_without_series>The Dewey Decimal System</title_without_series>
<link><![CDATA[https://www.goodreads.com/book/show/10127040-the-dewey-decimal-system]]></link>
<small_image_url><![CDATA[https://s.gr-assets.com/assets/nophoto/book/50x75-a91bf249278a81aabab721ef782c4a74.png]]></small_image_url>
<image_url><![CDATA[https://s.gr-assets.com/assets/nophoto/book/111x148-bcc042a9c91a29c1d680899eff700a03.png]]></image_url>
<num_pages>251</num_pages>
<work>
<id>15024863</id>
</work>
<isbn>1617750107</isbn>
<isbn13>9781617750106</isbn13>
<average_rating>3.13</average_rating>
<ratings_count>415</ratings_count>
<publication_year>2011</publication_year>
<publication_month>4</publication_month>
<publication_day>19</publication_day>
<authors>
<author>
<id>4559308</id>
<name>Nathan Larson</name>
<link><![CDATA[https://www.goodreads.com/author/show/4559308.Nathan_Larson]]></link>
</author>
</authors>
</book>

          <book>
<id>215616</id>
<title>Every Sigh, the End</title>
<title_without_series>Every Sigh, the End</title_without_series>
<link><![CDATA[https://www.goodreads.com/book/show/215616.Every_Sigh_the_End]]></link>
<small_image_url><![CDATA[https://s.gr-assets.com/assets/nophoto/book/50x75-a91bf249278a81aabab721ef782c4a74.png]]></small_image_url>
<image_url><![CDATA[https://s.gr-assets.com/assets/nophoto/book/111x148-bcc042a9c91a29c1d680899eff700a03.png]]></image_url>
<num_pages></num_pages>
<work>
<id>208745</id>
</work>
<isbn>059538322X</isbn>
<isbn13>9780595383221</isbn13>
<average_rating>3.74</average_rating>
<ratings_count>202</ratings_count>
<publication_year></publication_year>
<publication_month></publication_month>
<publication_day></publication_day>
<authors>
<author>
<id>126440</id>
<name>Jason S. Hornsby</name>
<link><![CDATA[https://www.goodreads.com/author/show/126440.Jason_S_Hornsby]]></link>
</author>
</authors>
</book>

          <book>
<id>6640238</id>
<title><![CDATA[Domain of the Dead (Domain of the Dead #1)]]></title>
<title_without_series>Domain of the Dead</title_without_series>
<link><![CDATA[https://www.goodreads.com/book/show/6640238-domain-of-the-dead]]></link>
<small_image_url><![CDATA[https://s.gr-assets.com/assets/nophoto/book/50x75-a91bf249278a81aabab721ef782c4a74.png]]></small_image_url>
<image_url><![CDATA[https://s.gr-assets.com/assets/nophoto/book/111x148-bcc042a9c91a29c1d680899eff700a03.png]]></image_url>
<num_pages></num_pages>
<work>
<id>6834693</id>
</work>
<isbn>184426498X</isbn>
<isbn13>9781844264988</isbn13>
<average_rating>3.80</average_rating>
<ratings_count>1025</ratings_count>
<publication_year></publication_year>
<publication_month></publication_month>
<publication_day></publication_day>
<authors>
<author>
<id>2994590</id>
<name>Iain McKinnon</name>
<link><![CDATA[https://www.goodreads.com/author/show/2994590.Iain_McKinnon]]></link>
</author>
</authors>
</book>

          <book>
<id>2590477</id>
<title>Plague Zone</title>
<title_without_series>Plague Zone</title_without_series>
<link><![CDATA[https://www.goodreads.com/book/show/2590477-plague-zone]]></link>
<small_image_url><![CDATA[https://s.gr-assets.com/assets/nophoto/book/50x75-a91bf249278a81aabab721ef782c4a74.png]]></small_image_url>
<image_url><![CDATA[https://s.gr-assets.com/assets/nophoto/book/111x148-bcc042a9c91a29c1d680899eff700a03.png]]></image_url>
<num_pages>239</num_pages>
<work>
<id>2610066</id>
</work>
<isbn></isbn>
<isbn13></isbn13>
<average_rating>3.69</average_rating>
<ratings_count>1048</ratings_count>
<publication_year>2007</publication_year>
<publication_month></publication_month>
<publication_day></publication_day>
<authors>
<author>
<id>24827</id>
<name>David Wellington</name>
<link><![CDATA[https://www.goodreads.com/author/show/24827.David_Wellington]]></link>
</author>
</authors>
</book>

          <book>
<id>6721385</id>
<title><![CDATA[The New Dead: A Zombie Anthology]]></title>
<title_without_series><![CDATA[The New Dead: A Zombie Anthology]]></title_without_series>
<link><![CDATA[https://www.goodreads.com/book/show/6721385-the-new-dead]]></link>
<small_image_url><![CDATA[https://s.gr-assets.com/assets/nophoto/book/50x75-a91bf249278a81aabab721ef782c4a74.png]]></small_image_url>
<image_url><![CDATA[https://s.gr-assets.com/assets/nophoto/book/111x148-bcc042a9c91a29c1d680899eff700a03.png]]></image_url>
<num_pages>384</num_pages>
<work>
<id>6917512</id>
</work>
<isbn>0312559712</isbn>
<isbn13>9780312559717</isbn13>
<average_rating>3.83</average_rating>
<ratings_count>3629</ratings_count>
<publication_year></publication_year>
<publication_month></publication_month>
<publication_day></publication_day>
<authors>
<author>
<id>4522</id>
<name>Christopher Golden</name>
<link><![CDATA[https://www.goodreads.com/author/show/4522.Christopher_Golden]]></link>
</author>
</authors>
</book>

  </similar_books>
</book>

</GoodreadsResponse>