<?xml version="1.0" encoding="UTF-8"?>
<GoodreadsResponse>
  <Request>
    <authentication>true</authentication>
      <key><![CDATA[all_men_must_serve]]></key>
    <method><![CDATA[book_show]]></method>
  </Request>
  <book>
  <id>10378106</id>
  <title><![CDATA[Never Love a Highlander (McCabe Trilogy, #3)]]></title>
  <isbn><![CDATA[0345519515]]></isbn>
  <isbn13><![CDATA[9780345519511]]></isbn13>
  <asin><![CDATA[]]></asin>
  <kindle_asin><![CDATA[B004LROUZ4]]></kindle_asin>
  <marketplace_id><![CDATA[A1F83G8C2ARO7P]]></marketplace_id>
  <country_code><![CDATA[GB]]></country_code>
  <image_url>https://images.gr-assets.com/books/1348707357m/10378106.jpg</image_url>
  <small_image_url>https://images.gr-assets.com/books/1348707357s/10378106.jpg</small_image_url>
  <publication_year>2011</publication_year>
  <publication_month>10</publication_month>
  <publication_day>25</publication_day>
  <publisher>Ballantine Books</publisher>
  <language_code>eng</language_code>
  <is_ebook>false</is_ebook>
  <description><![CDATA[<b>In a tale of strong ties and true love, Maya Banks' trilogy comes to its conclusion, as the youngest McCabe brother uses sword and seduction to save his clan - and seal his heart.</b><br /><br />Caelen McCabe’s young, reckless heart nearly destroyed his clan. Now, putting family loyalty above all else, he steps up to marry his older brother’s jilted bride and salvage the uneasy alliance between two clans. While beautiful Rionna McDonald is a fit wife for any man, Caelen trusts no woman, especially not this sweet temptress who torments him with white-hot longing.<br /><br />As the sacrificial lamb in her father’s power game, Rionna will do her duty but vows to protect her heart and her pride from humiliation. Despite everything, though, the heat in Caelen’s touch melts her defenses, and she craves the sensual delights of a husband who guards his emotions as fiercely as his clan. But when the ultimate battle for the McCabe legacy is upon them, Rionna’s true warrior spirit emerges. She will risk the wrath of her father, the fury of her enemies, and her life to prove to Caelen that his wife’s love is too precious to lose.]]></description>
  <work>
  <id type="integer">15281561</id>
  <books_count type="integer">24</books_count>
  <best_book_id type="integer">10378106</best_book_id>
  <reviews_count type="integer">27906</reviews_count>
  <ratings_sum type="integer">79834</ratings_sum>
  <ratings_count type="integer">18786</ratings_count>
  <text_reviews_count type="integer">1051</text_reviews_count>
  <original_publication_year type="integer">2011</original_publication_year>
  <original_publication_month type="integer">10</original_publication_month>
  <original_publication_day type="integer">25</original_publication_day>
  <original_title>Never Love a Highlander</original_title>
  <original_language_id type="integer" nil="true"/>
  <media_type>book</media_type>
  <rating_dist>5:8808|4:6593|3:2781|2:475|1:129|total:18786</rating_dist>
  <desc_user_id type="integer">5316716</desc_user_id>
  <default_chaptering_book_id type="integer" nil="true"/>
  <default_description_language_code nil="true"/>
</work>
  <average_rating>4.25</average_rating>
  <num_pages><![CDATA[305]]></num_pages>
  <format><![CDATA[Mass Market Paperback]]></format>
  <edition_information><![CDATA[]]></edition_information>
  <ratings_count><![CDATA[17363]]></ratings_count>
  <text_reviews_count><![CDATA[864]]></text_reviews_count>
  <url><![CDATA[https://www.goodreads.com/book/show/10378106-never-love-a-highlander]]></url>
  <link><![CDATA[https://www.goodreads.com/book/show/10378106-never-love-a-highlander]]></link>
  <authors>
<author>
<id>24978</id>
<name>Maya Banks</name>
<role></role>
<image_url nophoto='false'>
<![CDATA[https://images.gr-assets.com/authors/1490067531p5/24978.jpg]]>
</image_url>
<small_image_url nophoto='false'>
<![CDATA[https://images.gr-assets.com/authors/1490067531p2/24978.jpg]]>
</small_image_url>
<link><![CDATA[https://www.goodreads.com/author/show/24978.Maya_Banks]]></link>
<average_rating>4.02</average_rating>
<ratings_count>670736</ratings_count>
<text_reviews_count>38628</text_reviews_count>
</author>
</authors>

    <reviews_widget>
      <![CDATA[
        <style>
  #goodreads-widget {
    font-family: georgia, serif;
    padding: 18px 0;
    width:565px;
  }
  #goodreads-widget h1 {
    font-weight:normal;
    font-size: 16px;
    border-bottom: 1px solid #BBB596;
    margin-bottom: 0;
  }
  #goodreads-widget a {
    text-decoration: none;
    color:#660;
  }
  iframe{
    background-color: #fff;
  }
  #goodreads-widget a:hover { text-decoration: underline; }
  #goodreads-widget a:active {
    color:#660;
  }
  #gr_footer {
    width: 100%;
    border-top: 1px solid #BBB596;
    text-align: right;
  }
  #goodreads-widget .gr_branding{
    color: #382110;
    font-size: 11px;
    text-decoration: none;
    font-family: "Helvetica Neue", Helvetica, Arial, sans-serif;
  }
</style>
<div id="goodreads-widget">
  <div id="gr_header"><h1><a rel="nofollow" href="https://www.goodreads.com/book/show/10378106-never-love-a-highlander">Never Love a Highlander Reviews</a></h1></div>
  <iframe id="the_iframe" src="https://www.goodreads.com/api/reviews_widget_iframe?did=DEVELOPER_ID&amp;format=html&amp;isbn=0345519515&amp;links=660&amp;min_rating=&amp;review_back=fff&amp;stars=000&amp;text=000" width="565" height="400" frameborder="0"></iframe>
  <div id="gr_footer">
    <a class="gr_branding" target="_blank" rel="nofollow" href="https://www.goodreads.com/book/show/10378106-never-love-a-highlander?utm_medium=api&amp;utm_source=reviews_widget">Reviews from Goodreads.com</a>
  </div>
</div>

      ]]>
    </reviews_widget>
  <popular_shelves>
      <shelf name="to-read" count="6150"/>
      <shelf name="historical-romance" count="817"/>
      <shelf name="romance" count="550"/>
      <shelf name="historical" count="477"/>
      <shelf name="favorites" count="280"/>
      <shelf name="maya-banks" count="221"/>
      <shelf name="highlander" count="189"/>
      <shelf name="highlanders" count="145"/>
      <shelf name="currently-reading" count="144"/>
      <shelf name="historical-fiction" count="121"/>
      <shelf name="series" count="119"/>
      <shelf name="adult" count="81"/>
      <shelf name="scotland" count="65"/>
      <shelf name="medieval" count="65"/>
      <shelf name="audiobook" count="64"/>
      <shelf name="ebook" count="62"/>
      <shelf name="erotica" count="51"/>
      <shelf name="kindle" count="47"/>
      <shelf name="fiction" count="45"/>
      <shelf name="romance-historical" count="43"/>
      <shelf name="scottish" count="40"/>
      <shelf name="highland-romance" count="39"/>
      <shelf name="audiobooks" count="38"/>
      <shelf name="library" count="38"/>
      <shelf name="books-i-own" count="37"/>
      <shelf name="audio" count="36"/>
      <shelf name="scottish-romance" count="36"/>
      <shelf name="highlander-romance" count="36"/>
      <shelf name="5-stars" count="31"/>
      <shelf name="marriage-of-convenience" count="30"/>
      <shelf name="owned" count="30"/>
      <shelf name="ebooks" count="30"/>
      <shelf name="part-of-a-series" count="30"/>
      <shelf name="alpha-male" count="28"/>
      <shelf name="virgin-heroine" count="28"/>
      <shelf name="mccabe-trilogy" count="27"/>
      <shelf name="banks-maya" count="26"/>
      <shelf name="medieval-romance" count="25"/>
      <shelf name="audible" count="24"/>
      <shelf name="highlands" count="24"/>
      <shelf name="read-in-2013" count="23"/>
      <shelf name="highland" count="23"/>
      <shelf name="pregnancy" count="23"/>
      <shelf name="favorite" count="23"/>
      <shelf name="e-book" count="22"/>
      <shelf name="favourites" count="22"/>
      <shelf name="erotic-romance" count="21"/>
      <shelf name="read-in-2016" count="17"/>
      <shelf name="read-in-2012" count="17"/>
      <shelf name="steamy" count="17"/>
      <shelf name="e-books" count="16"/>
      <shelf name="arranged-marriage" count="16"/>
      <shelf name="read-in-2011" count="16"/>
      <shelf name="love" count="15"/>
      <shelf name="favorite-series" count="15"/>
      <shelf name="kick-ass-heroine" count="15"/>
      <shelf name="nook" count="15"/>
      <shelf name="default" count="14"/>
      <shelf name="4-stars" count="14"/>
      <shelf name="read-2013" count="13"/>
      <shelf name="re-read" count="13"/>
      <shelf name="strong-heroine" count="13"/>
      <shelf name="2012-reads" count="13"/>
      <shelf name="historical-romances" count="13"/>
      <shelf name="trilogy" count="13"/>
      <shelf name="action" count="13"/>
      <shelf name="scottish-historical-romance" count="13"/>
      <shelf name="5-star" count="12"/>
      <shelf name="erotic" count="12"/>
      <shelf name="read-2012" count="12"/>
      <shelf name="adult-fiction" count="12"/>
      <shelf name="author-maya-banks" count="12"/>
      <shelf name="audio-books" count="11"/>
      <shelf name="chick-lit" count="11"/>
      <shelf name="dnf" count="11"/>
      <shelf name="paperback" count="11"/>
      <shelf name="read-in-2015" count="10"/>
      <shelf name="hr" count="10"/>
      <shelf name="audio-book" count="10"/>
      <shelf name="library-book" count="10"/>
      <shelf name="kickass-heroine" count="10"/>
      <shelf name="alpha-hero" count="10"/>
      <shelf name="banks" count="10"/>
      <shelf name="marriage" count="10"/>
      <shelf name="epub" count="10"/>
      <shelf name="family" count="10"/>
      <shelf name="m-f" count="10"/>
      <shelf name="part-of-series" count="10"/>
      <shelf name="read-2015" count="9"/>
      <shelf name="read-2014" count="9"/>
      <shelf name="read-in-2014" count="9"/>
      <shelf name="hea" count="9"/>
      <shelf name="2013-reads" count="9"/>
      <shelf name="virgin" count="9"/>
      <shelf name="hot" count="9"/>
      <shelf name="loved-it" count="9"/>
      <shelf name="mf" count="9"/>
      <shelf name="adult-romance" count="9"/>
      <shelf name="hot-highlanders" count="9"/>
      <shelf name="historicals" count="9"/>
  </popular_shelves>
  <book_links>
    <book_link>
  <id>8</id>
  <name>Libraries</name>
  <link>https://www.goodreads.com/book_link/follow/8</link>
</book_link>

  </book_links>
  <buy_links>
    <buy_link>
<id>1</id>
<name>Amazon</name>
<link>https://www.goodreads.com/book_link/follow/1</link>
</buy_link>
<buy_link>
<id>10</id>
<name>Audible</name>
<link>https://www.goodreads.com/book_link/follow/10</link>
</buy_link>
<buy_link>
<id>3</id>
<name>Barnes &amp; Noble</name>
<link>https://www.goodreads.com/book_link/follow/3</link>
</buy_link>
<buy_link>
<id>1027</id>
<name>Kobo</name>
<link>https://www.goodreads.com/book_link/follow/1027</link>
</buy_link>
<buy_link>
<id>2102</id>
<name>Apple iBooks</name>
<link>https://www.goodreads.com/book_link/follow/2102</link>
</buy_link>
<buy_link>
<id>8036</id>
<name>Google Play</name>
<link>https://www.goodreads.com/book_link/follow/8036</link>
</buy_link>
<buy_link>
<id>4</id>
<name>Abebooks</name>
<link>https://www.goodreads.com/book_link/follow/4</link>
</buy_link>
<buy_link>
<id>882</id>
<name>Book Depository</name>
<link>https://www.goodreads.com/book_link/follow/882</link>
</buy_link>
<buy_link>
<id>9</id>
<name>Indigo</name>
<link>https://www.goodreads.com/book_link/follow/9</link>
</buy_link>
<buy_link>
<id>2</id>
<name>Half.com</name>
<link>https://www.goodreads.com/book_link/follow/2</link>
</buy_link>
<buy_link>
<id>5</id>
<name>Alibris</name>
<link>https://www.goodreads.com/book_link/follow/5</link>
</buy_link>
<buy_link>
<id>107</id>
<name>Better World Books</name>
<link>https://www.goodreads.com/book_link/follow/107</link>
</buy_link>
<buy_link>
<id>7</id>
<name>IndieBound</name>
<link>https://www.goodreads.com/book_link/follow/7</link>
</buy_link>

  </buy_links>
  <series_works>
    <series_work>
<id>231522</id>
<user_position>3</user_position>
<series>
<id>56752</id>
<title>
<![CDATA[
    McCabe Trilogy
]]>
</title>
<description>
<![CDATA[
]]>
</description>
<note>
<![CDATA[
]]>
</note>
<series_works_count>4</series_works_count>
<primary_work_count>3</primary_work_count>
<numbered>true</numbered>
</series>

</series_work>

  </series_works>
  <similar_books>
          <book>
<id>7989804</id>
<title><![CDATA[The Ranger (Highland Guard, #3)]]></title>
<title_without_series>The Ranger</title_without_series>
<link><![CDATA[https://www.goodreads.com/book/show/7989804-the-ranger]]></link>
<small_image_url><![CDATA[https://images.gr-assets.com/books/1351571167s/7989804.jpg]]></small_image_url>
<image_url><![CDATA[https://images.gr-assets.com/books/1351571167m/7989804.jpg]]></image_url>
<num_pages>398</num_pages>
<work>
<id>12462281</id>
</work>
<isbn>0345518268</isbn>
<isbn13>9780345518262</isbn13>
<average_rating>4.24</average_rating>
<ratings_count>5875</ratings_count>
<publication_year>2010</publication_year>
<publication_month>12</publication_month>
<publication_day>28</publication_day>
<authors>
<author>
<id>589737</id>
<name>Monica McCarty</name>
<link><![CDATA[https://www.goodreads.com/author/show/589737.Monica_McCarty]]></link>
</author>
</authors>
</book>

          <book>
<id>13232682</id>
<title><![CDATA[The Warrior (Return of the Highlanders, #3)]]></title>
<title_without_series>The Warrior</title_without_series>
<link><![CDATA[https://www.goodreads.com/book/show/13232682-the-warrior]]></link>
<small_image_url><![CDATA[https://images.gr-assets.com/books/1335476190s/13232682.jpg]]></small_image_url>
<image_url><![CDATA[https://images.gr-assets.com/books/1335476190m/13232682.jpg]]></image_url>
<num_pages>355</num_pages>
<work>
<id>18427636</id>
</work>
<isbn>044658309X</isbn>
<isbn13>9780446583091</isbn13>
<average_rating>4.12</average_rating>
<ratings_count>1804</ratings_count>
<publication_year>2012</publication_year>
<publication_month>10</publication_month>
<publication_day>30</publication_day>
<authors>
<author>
<id>2858606</id>
<name>Margaret Mallory</name>
<link><![CDATA[https://www.goodreads.com/author/show/2858606.Margaret_Mallory]]></link>
</author>
</authors>
</book>

          <book>
<id>7779348</id>
<title><![CDATA[Seduced by a Highlander (Children of the Mist, #2)]]></title>
<title_without_series>Seduced by a Highlander</title_without_series>
<link><![CDATA[https://www.goodreads.com/book/show/7779348-seduced-by-a-highlander]]></link>
<small_image_url><![CDATA[https://images.gr-assets.com/books/1269734845s/7779348.jpg]]></small_image_url>
<image_url><![CDATA[https://images.gr-assets.com/books/1269734845m/7779348.jpg]]></image_url>
<num_pages>372</num_pages>
<work>
<id>10697567</id>
</work>
<isbn>0446552372</isbn>
<isbn13>9780446552370</isbn13>
<average_rating>4.13</average_rating>
<ratings_count>3039</ratings_count>
<publication_year>2010</publication_year>
<publication_month>9</publication_month>
<publication_day>1</publication_day>
<authors>
<author>
<id>253272</id>
<name>Paula Quinn</name>
<link><![CDATA[https://www.goodreads.com/author/show/253272.Paula_Quinn]]></link>
</author>
</authors>
</book>

          <book>
<id>8563824</id>
<title><![CDATA[The Many Sins of Lord Cameron (MacKenzies & McBrides, #3)]]></title>
<title_without_series>The Many Sins of Lord Cameron</title_without_series>
<link><![CDATA[https://www.goodreads.com/book/show/8563824-the-many-sins-of-lord-cameron]]></link>
<small_image_url><![CDATA[https://images.gr-assets.com/books/1300209650s/8563824.jpg]]></small_image_url>
<image_url><![CDATA[https://images.gr-assets.com/books/1300209650m/8563824.jpg]]></image_url>
<num_pages>298</num_pages>
<work>
<id>13432297</id>
</work>
<isbn>0425240495</isbn>
<isbn13>9780425240496</isbn13>
<average_rating>4.10</average_rating>
<ratings_count>10530</ratings_count>
<publication_year>2011</publication_year>
<publication_month>8</publication_month>
<publication_day>2</publication_day>
<authors>
<author>
<id>28569</id>
<name>Jennifer Ashley</name>
<link><![CDATA[https://www.goodreads.com/author/show/28569.Jennifer_Ashley]]></link>
</author>
</authors>
</book>

          <book>
<id>8764393</id>
<title><![CDATA[Claimed by the Highlander (Highlander, #2)]]></title>
<title_without_series>Claimed by the Highlander</title_without_series>
<link><![CDATA[https://www.goodreads.com/book/show/8764393-claimed-by-the-highlander]]></link>
<small_image_url><![CDATA[https://images.gr-assets.com/books/1463691531s/8764393.jpg]]></small_image_url>
<image_url><![CDATA[https://images.gr-assets.com/books/1463691531m/8764393.jpg]]></image_url>
<num_pages>319</num_pages>
<work>
<id>13637771</id>
</work>
<isbn>0312365322</isbn>
<isbn13>9780312365325</isbn13>
<average_rating>4.08</average_rating>
<ratings_count>3801</ratings_count>
<publication_year>2011</publication_year>
<publication_month>3</publication_month>
<publication_day>29</publication_day>
<authors>
<author>
<id>186987</id>
<name>Julianne MacLean</name>
<link><![CDATA[https://www.goodreads.com/author/show/186987.Julianne_MacLean]]></link>
</author>
</authors>
</book>

          <book>
<id>3711150</id>
<title><![CDATA[Untamed (MacKinnon's Rangers, #2)]]></title>
<title_without_series>Untamed</title_without_series>
<link><![CDATA[https://www.goodreads.com/book/show/3711150-untamed]]></link>
<small_image_url><![CDATA[https://images.gr-assets.com/books/1325216112s/3711150.jpg]]></small_image_url>
<image_url><![CDATA[https://images.gr-assets.com/books/1325216112m/3711150.jpg]]></image_url>
<num_pages>347</num_pages>
<work>
<id>3754715</id>
</work>
<isbn>0843954892</isbn>
<isbn13>9780843954890</isbn13>
<average_rating>4.26</average_rating>
<ratings_count>3196</ratings_count>
<publication_year></publication_year>
<publication_month></publication_month>
<publication_day></publication_day>
<authors>
<author>
<id>92650</id>
<name>Pamela Clare</name>
<link><![CDATA[https://www.goodreads.com/author/show/92650.Pamela_Clare]]></link>
</author>
</authors>
</book>

          <book>
<id>247093</id>
<title><![CDATA[Born in Sin (Brotherhood of the Sword #3/MacAllister, #2)]]></title>
<title_without_series>Born in Sin</title_without_series>
<link><![CDATA[https://www.goodreads.com/book/show/247093.Born_in_Sin]]></link>
<small_image_url><![CDATA[https://images.gr-assets.com/books/1327876212s/247093.jpg]]></small_image_url>
<image_url><![CDATA[https://images.gr-assets.com/books/1327876212m/247093.jpg]]></image_url>
<num_pages>372</num_pages>
<work>
<id>239390</id>
</work>
<isbn>038081790X</isbn>
<isbn13>9780380817900</isbn13>
<average_rating>4.24</average_rating>
<ratings_count>7529</ratings_count>
<publication_year>2003</publication_year>
<publication_month></publication_month>
<publication_day></publication_day>
<authors>
<author>
<id>34820</id>
<name>Kinley MacGregor</name>
<link><![CDATA[https://www.goodreads.com/author/show/34820.Kinley_MacGregor]]></link>
</author>
</authors>
</book>

  </similar_books>
</book>

</GoodreadsResponse>