<?xml version="1.0" encoding="UTF-8"?>
<GoodreadsResponse>
  <Request>
    <authentication>true</authentication>
      <key><![CDATA[all_men_must_serve]]></key>
    <method><![CDATA[book_show]]></method>
  </Request>
  <book>
  <id>10399742</id>
  <title>Private London (Private #4)</title>
  <isbn><![CDATA[1846058317]]></isbn>
  <isbn13><![CDATA[9781846058318]]></isbn13>
  <asin><![CDATA[]]></asin>
  <kindle_asin><![CDATA[B0052CK5SS]]></kindle_asin>
  <marketplace_id><![CDATA[A1F83G8C2ARO7P]]></marketplace_id>
  <country_code><![CDATA[GB]]></country_code>
  <image_url>https://images.gr-assets.com/books/1328415596m/10399742.jpg</image_url>
  <small_image_url>https://images.gr-assets.com/books/1328415596s/10399742.jpg</small_image_url>
  <publication_year>2011</publication_year>
  <publication_month></publication_month>
  <publication_day></publication_day>
  <publisher>Century</publisher>
  <language_code>eng</language_code>
  <is_ebook>false</is_ebook>
  <description><![CDATA[<b>SOMETIMES WHEN THE NIGHTMARE ENDS - THE TERROR IS ONLY JUST BEGINNING</b><br /><br />For Hannah Shapiro, a beautiful young American student, this particular nightmare began eight years ago in Los Angeles, when Jack Morgan, owner of Private - the world's most exclusive detective agency - saved her from a horrific death. She has fled her country, but can't flee her past. The terror has followed her to London, and now it is down to former Royal Military Police Sergeant Dan Carter, head of Private London, to save her all over again.<br /><br />In central London, young women are being abducted off the street. When the bodies are found, some days later, they have been mutilated in a particularly mysterious way. Dan Carter's ex-wife, DI Kirsty Webb, is involved in the investigation and it looks likely that the two cases are gruesomely linked.<br /><br />Dan Carter draws on the whole resources of Private International in a desperate race against the odds. But the clock is ticking... Private may be the largest and most technologically advanced detection agency in the world, but the only thing they don't have is the one thing they need - time.<br /><br />James Patterson's white-knuckle rollercoaster has just reached London. Buckle up, it's one hell of a ride!]]></description>
  <work>
  <id type="integer">15303665</id>
  <books_count type="integer">34</books_count>
  <best_book_id type="integer">10399742</best_book_id>
  <reviews_count type="integer">24120</reviews_count>
  <ratings_sum type="integer">48394</ratings_sum>
  <ratings_count type="integer">12913</ratings_count>
  <text_reviews_count type="integer">892</text_reviews_count>
  <original_publication_year type="integer">2011</original_publication_year>
  <original_publication_month type="integer">6</original_publication_month>
  <original_publication_day type="integer">9</original_publication_day>
  <original_title>Private London</original_title>
  <original_language_id type="integer" nil="true"/>
  <media_type>book</media_type>
  <rating_dist>5:3089|4:4840|3:3830|2:945|1:209|total:12913</rating_dist>
  <desc_user_id type="integer">18844579</desc_user_id>
  <default_chaptering_book_id type="integer" nil="true"/>
  <default_description_language_code nil="true"/>
</work>
  <average_rating>3.75</average_rating>
  <num_pages><![CDATA[357]]></num_pages>
  <format><![CDATA[Paperback]]></format>
  <edition_information><![CDATA[]]></edition_information>
  <ratings_count><![CDATA[9930]]></ratings_count>
  <text_reviews_count><![CDATA[681]]></text_reviews_count>
  <url><![CDATA[https://www.goodreads.com/book/show/10399742-private-london]]></url>
  <link><![CDATA[https://www.goodreads.com/book/show/10399742-private-london]]></link>
  <authors>
<author>
<id>3780</id>
<name>James Patterson</name>
<role></role>
<image_url nophoto='false'>
<![CDATA[https://images.gr-assets.com/authors/1468347205p5/3780.jpg]]>
</image_url>
<small_image_url nophoto='false'>
<![CDATA[https://images.gr-assets.com/authors/1468347205p2/3780.jpg]]>
</small_image_url>
<link><![CDATA[https://www.goodreads.com/author/show/3780.James_Patterson]]></link>
<average_rating>3.97</average_rating>
<ratings_count>4601927</ratings_count>
<text_reviews_count>214831</text_reviews_count>
</author>
<author>
<id>269190</id>
<name>Mark Pearson</name>
<role></role>
<image_url nophoto='true'>
<![CDATA[https://s.gr-assets.com/assets/nophoto/user/u_200x266-e183445fd1a1b5cc7075bb1cf7043306.png]]>
</image_url>
<small_image_url nophoto='true'>
<![CDATA[https://s.gr-assets.com/assets/nophoto/user/u_50x66-632230dc9882b4352d753eedf9396530.png]]>
</small_image_url>
<link><![CDATA[https://www.goodreads.com/author/show/269190.Mark_Pearson]]></link>
<average_rating>3.75</average_rating>
<ratings_count>12936</ratings_count>
<text_reviews_count>925</text_reviews_count>
</author>
</authors>

    <reviews_widget>
      <![CDATA[
        <style>
  #goodreads-widget {
    font-family: georgia, serif;
    padding: 18px 0;
    width:565px;
  }
  #goodreads-widget h1 {
    font-weight:normal;
    font-size: 16px;
    border-bottom: 1px solid #BBB596;
    margin-bottom: 0;
  }
  #goodreads-widget a {
    text-decoration: none;
    color:#660;
  }
  iframe{
    background-color: #fff;
  }
  #goodreads-widget a:hover { text-decoration: underline; }
  #goodreads-widget a:active {
    color:#660;
  }
  #gr_footer {
    width: 100%;
    border-top: 1px solid #BBB596;
    text-align: right;
  }
  #goodreads-widget .gr_branding{
    color: #382110;
    font-size: 11px;
    text-decoration: none;
    font-family: "Helvetica Neue", Helvetica, Arial, sans-serif;
  }
</style>
<div id="goodreads-widget">
  <div id="gr_header"><h1><a rel="nofollow" href="https://www.goodreads.com/book/show/10399742-private-london">Private London Reviews</a></h1></div>
  <iframe id="the_iframe" src="https://www.goodreads.com/api/reviews_widget_iframe?did=DEVELOPER_ID&amp;format=html&amp;isbn=1846058317&amp;links=660&amp;min_rating=&amp;review_back=fff&amp;stars=000&amp;text=000" width="565" height="400" frameborder="0"></iframe>
  <div id="gr_footer">
    <a class="gr_branding" target="_blank" rel="nofollow" href="https://www.goodreads.com/book/show/10399742-private-london?utm_medium=api&amp;utm_source=reviews_widget">Reviews from Goodreads.com</a>
  </div>
</div>

      ]]>
    </reviews_widget>
  <popular_shelves>
      <shelf name="to-read" count="2530"/>
      <shelf name="james-patterson" count="233"/>
      <shelf name="currently-reading" count="150"/>
      <shelf name="mystery" count="113"/>
      <shelf name="thriller" count="85"/>
      <shelf name="default" count="57"/>
      <shelf name="crime" count="55"/>
      <shelf name="private" count="52"/>
      <shelf name="series" count="42"/>
      <shelf name="patterson" count="35"/>
      <shelf name="fiction" count="34"/>
      <shelf name="books-i-own" count="33"/>
      <shelf name="library" count="32"/>
      <shelf name="audio" count="31"/>
      <shelf name="owned" count="29"/>
      <shelf name="james-patterson-private" count="28"/>
      <shelf name="patterson-james" count="27"/>
      <shelf name="audiobook" count="26"/>
      <shelf name="suspense" count="25"/>
      <shelf name="private-series" count="24"/>
      <shelf name="audio-books" count="22"/>
      <shelf name="kindle" count="21"/>
      <shelf name="have" count="19"/>
      <shelf name="mystery-suspense" count="19"/>
      <shelf name="mystery-thriller" count="17"/>
      <shelf name="detective" count="17"/>
      <shelf name="to-buy" count="16"/>
      <shelf name="ebooks" count="15"/>
      <shelf name="murder-mystery" count="14"/>
      <shelf name="thrillers" count="14"/>
      <shelf name="owned-books" count="13"/>
      <shelf name="read-2013" count="13"/>
      <shelf name="jack-morgan" count="13"/>
      <shelf name="patterson-private" count="12"/>
      <shelf name="books-i-have" count="12"/>
      <shelf name="wish-list" count="12"/>
      <shelf name="audible" count="11"/>
      <shelf name="james-patterson-private-series" count="11"/>
      <shelf name="adult" count="11"/>
      <shelf name="2015-reads" count="10"/>
      <shelf name="audiobooks" count="10"/>
      <shelf name="mysteries" count="10"/>
      <shelf name="crime-mystery" count="10"/>
      <shelf name="read-in-2013" count="9"/>
      <shelf name="favorites" count="9"/>
      <shelf name="crime-fiction" count="8"/>
      <shelf name="nook" count="8"/>
      <shelf name="read-in-2015" count="7"/>
      <shelf name="read-in-2014" count="7"/>
      <shelf name="my-books" count="7"/>
      <shelf name="overdrive" count="7"/>
      <shelf name="audio-book" count="7"/>
      <shelf name="jp-private" count="7"/>
      <shelf name="crime-thriller" count="7"/>
      <shelf name="ebook" count="7"/>
      <shelf name="read-2015" count="6"/>
      <shelf name="2013-books" count="6"/>
      <shelf name="kidnapping" count="6"/>
      <shelf name="finished" count="6"/>
      <shelf name="london" count="6"/>
      <shelf name="suspense-thriller" count="6"/>
      <shelf name="read-in-2016" count="5"/>
      <shelf name="p" count="5"/>
      <shelf name="own-to-read" count="5"/>
      <shelf name="thriller-mystery" count="5"/>
      <shelf name="2013-reads" count="5"/>
      <shelf name="paperback" count="5"/>
      <shelf name="need-to-buy" count="5"/>
      <shelf name="library-book" count="5"/>
      <shelf name="private-james-patterson" count="5"/>
      <shelf name="listened-to" count="5"/>
      <shelf name="read-2012" count="5"/>
      <shelf name="library-books" count="5"/>
      <shelf name="2016-books" count="4"/>
      <shelf name="2016-reading-challenge" count="4"/>
      <shelf name="read-2016" count="4"/>
      <shelf name="2015-reading-challenge" count="4"/>
      <shelf name="kobo" count="4"/>
      <shelf name="read-2014" count="4"/>
      <shelf name="calibre" count="4"/>
      <shelf name="borrowed" count="4"/>
      <shelf name="mark-pearson" count="4"/>
      <shelf name="books" count="4"/>
      <shelf name="books-to-buy" count="4"/>
      <shelf name="mysteries-thrillers" count="4"/>
      <shelf name="mystery-crime" count="4"/>
      <shelf name="already-read" count="4"/>
      <shelf name="favorite-authors" count="4"/>
      <shelf name="j-patterson" count="4"/>
      <shelf name="unread" count="4"/>
      <shelf name="private-london" count="4"/>
      <shelf name="i-own" count="4"/>
      <shelf name="need" count="4"/>
      <shelf name="james-patterson-books" count="4"/>
      <shelf name="to-get" count="4"/>
      <shelf name="buy" count="4"/>
      <shelf name="read-in-2011" count="4"/>
      <shelf name="bookshelf" count="3"/>
      <shelf name="4-in-series" count="3"/>
      <shelf name="shelfari-wishlist" count="3"/>
  </popular_shelves>
  <book_links>
    <book_link>
  <id>8</id>
  <name>Libraries</name>
  <link>https://www.goodreads.com/book_link/follow/8</link>
</book_link>

  </book_links>
  <buy_links>
    <buy_link>
<id>1</id>
<name>Amazon</name>
<link>https://www.goodreads.com/book_link/follow/1</link>
</buy_link>
<buy_link>
<id>10</id>
<name>Audible</name>
<link>https://www.goodreads.com/book_link/follow/10</link>
</buy_link>
<buy_link>
<id>3</id>
<name>Barnes &amp; Noble</name>
<link>https://www.goodreads.com/book_link/follow/3</link>
</buy_link>
<buy_link>
<id>1027</id>
<name>Kobo</name>
<link>https://www.goodreads.com/book_link/follow/1027</link>
</buy_link>
<buy_link>
<id>2102</id>
<name>Apple iBooks</name>
<link>https://www.goodreads.com/book_link/follow/2102</link>
</buy_link>
<buy_link>
<id>8036</id>
<name>Google Play</name>
<link>https://www.goodreads.com/book_link/follow/8036</link>
</buy_link>
<buy_link>
<id>4</id>
<name>Abebooks</name>
<link>https://www.goodreads.com/book_link/follow/4</link>
</buy_link>
<buy_link>
<id>882</id>
<name>Book Depository</name>
<link>https://www.goodreads.com/book_link/follow/882</link>
</buy_link>
<buy_link>
<id>9</id>
<name>Indigo</name>
<link>https://www.goodreads.com/book_link/follow/9</link>
</buy_link>
<buy_link>
<id>2</id>
<name>Half.com</name>
<link>https://www.goodreads.com/book_link/follow/2</link>
</buy_link>
<buy_link>
<id>5</id>
<name>Alibris</name>
<link>https://www.goodreads.com/book_link/follow/5</link>
</buy_link>
<buy_link>
<id>107</id>
<name>Better World Books</name>
<link>https://www.goodreads.com/book_link/follow/107</link>
</buy_link>
<buy_link>
<id>7</id>
<name>IndieBound</name>
<link>https://www.goodreads.com/book_link/follow/7</link>
</buy_link>

  </buy_links>
  <series_works>
    <series_work>
<id>657682</id>
<user_position>4</user_position>
<series>
<id>132156</id>
<title>
<![CDATA[
    Private
]]>
</title>
<description>
<![CDATA[
    For an alternative number/order of the books, please see <a href="http://www.jamespatterson.co.uk/private/">the author's UK website</a> 
    *
    Books listed here in chronological order/US publication date.  The Private series as listed on the author's US website is as follows:
    
    PRIVATE
    Private
    Private: #1 Suspect 
    Private L.A. 
    Private Vegas
    Private Paris
    The Games/Private Rio
    *
    <i>Others:</i> (Not part of the main series)
    Private Games
    Private London
    Private Berlin
    Private Oz/Private Down Under 
    Private India: City on Fire 
    Private Sydney/The Missing (US)
    Private Delhi/Count to Ten (US)
    
    http://www.jamespatterson.com/books_checklist.php#jpSeries
]]>
</description>
<note>
<![CDATA[
    ***Please don't change to reflect author's UK website- he is from the US, and this is updated to reflect author's US website, since that's where he's based, not UK.  Listed here in chronological order, since he states on his website that half of them aren't technically part of the main series.
    
    Please create an alternate series listing for ordering in different countries.
]]>
</note>
<series_works_count>16</series_works_count>
<primary_work_count>13</primary_work_count>
<numbered>true</numbered>
</series>

</series_work>

  </series_works>
  <similar_books>
          <book>
<id>12027850</id>
<title>Boys Will Be Boys</title>
<title_without_series>Boys Will Be Boys</title_without_series>
<link><![CDATA[https://www.goodreads.com/book/show/12027850-boys-will-be-boys]]></link>
<small_image_url><![CDATA[https://s.gr-assets.com/assets/nophoto/book/50x75-a91bf249278a81aabab721ef782c4a74.png]]></small_image_url>
<image_url><![CDATA[https://s.gr-assets.com/assets/nophoto/book/111x148-bcc042a9c91a29c1d680899eff700a03.png]]></image_url>
<num_pages></num_pages>
<work>
<id>16993972</id>
</work>
<isbn></isbn>
<isbn13></isbn13>
<average_rating>2.87</average_rating>
<ratings_count>105</ratings_count>
<publication_year></publication_year>
<publication_month></publication_month>
<publication_day></publication_day>
<authors>
<author>
<id>15889427</id>
<name>James    Patterson</name>
<link><![CDATA[https://www.goodreads.com/author/show/15889427.James_Patterson]]></link>
</author>
</authors>
</book>

          <book>
<id>9879867</id>
<title>Bermuda Shorts</title>
<title_without_series>Bermuda Shorts</title_without_series>
<link><![CDATA[https://www.goodreads.com/book/show/9879867-bermuda-shorts]]></link>
<small_image_url><![CDATA[https://images.gr-assets.com/books/1344677491s/9879867.jpg]]></small_image_url>
<image_url><![CDATA[https://images.gr-assets.com/books/1344677491m/9879867.jpg]]></image_url>
<num_pages>0</num_pages>
<work>
<id>14771709</id>
</work>
<isbn>0982625111</isbn>
<isbn13>9780982625118</isbn13>
<average_rating>3.51</average_rating>
<ratings_count>89</ratings_count>
<publication_year>2012</publication_year>
<publication_month>4</publication_month>
<publication_day>1</publication_day>
<authors>
<author>
<id>4103380</id>
<name>James J. Patterson</name>
<link><![CDATA[https://www.goodreads.com/author/show/4103380.James_J_Patterson]]></link>
</author>
</authors>
</book>

          <book>
<id>33669</id>
<title>The Lazarus Pit</title>
<title_without_series>The Lazarus Pit</title_without_series>
<link><![CDATA[https://www.goodreads.com/book/show/33669.The_Lazarus_Pit]]></link>
<small_image_url><![CDATA[https://s.gr-assets.com/assets/nophoto/book/50x75-a91bf249278a81aabab721ef782c4a74.png]]></small_image_url>
<image_url><![CDATA[https://s.gr-assets.com/assets/nophoto/book/111x148-bcc042a9c91a29c1d680899eff700a03.png]]></image_url>
<num_pages>447</num_pages>
<work>
<id>33721</id>
</work>
<isbn>1420816799</isbn>
<isbn13>9781420816792</isbn13>
<average_rating>3.90</average_rating>
<ratings_count>139</ratings_count>
<publication_year>2005</publication_year>
<publication_month>2</publication_month>
<publication_day>9</publication_day>
<authors>
<author>
<id>2730922</id>
<name>James   Patterson</name>
<link><![CDATA[https://www.goodreads.com/author/show/2730922.James_Patterson]]></link>
</author>
</authors>
</book>

          <book>
<id>11890806</id>
<title><![CDATA[D.C. Dead (Stone Barrington, #22)]]></title>
<title_without_series>D.C. Dead</title_without_series>
<link><![CDATA[https://www.goodreads.com/book/show/11890806-d-c-dead]]></link>
<small_image_url><![CDATA[https://images.gr-assets.com/books/1314730445s/11890806.jpg]]></small_image_url>
<image_url><![CDATA[https://images.gr-assets.com/books/1314730445m/11890806.jpg]]></image_url>
<num_pages>290</num_pages>
<work>
<id>16849808</id>
</work>
<isbn>0399157662</isbn>
<isbn13>9780399157660</isbn13>
<average_rating>3.75</average_rating>
<ratings_count>3937</ratings_count>
<publication_year>2011</publication_year>
<publication_month>12</publication_month>
<publication_day>22</publication_day>
<authors>
<author>
<id>3936</id>
<name>Stuart Woods</name>
<link><![CDATA[https://www.goodreads.com/author/show/3936.Stuart_Woods]]></link>
</author>
</authors>
</book>

          <book>
<id>12988640</id>
<title>XO (Kathryn Dance, #3)</title>
<title_without_series>XO</title_without_series>
<link><![CDATA[https://www.goodreads.com/book/show/12988640-xo]]></link>
<small_image_url><![CDATA[https://s.gr-assets.com/assets/nophoto/book/50x75-a91bf249278a81aabab721ef782c4a74.png]]></small_image_url>
<image_url><![CDATA[https://s.gr-assets.com/assets/nophoto/book/111x148-bcc042a9c91a29c1d680899eff700a03.png]]></image_url>
<num_pages>385</num_pages>
<work>
<id>18148447</id>
</work>
<isbn>1439156379</isbn>
<isbn13>9781439156377</isbn13>
<average_rating>3.76</average_rating>
<ratings_count>7318</ratings_count>
<publication_year>2012</publication_year>
<publication_month>6</publication_month>
<publication_day>12</publication_day>
<authors>
<author>
<id>1612</id>
<name>Jeffery Deaver</name>
<link><![CDATA[https://www.goodreads.com/author/show/1612.Jeffery_Deaver]]></link>
</author>
</authors>
</book>

          <book>
<id>268530</id>
<title><![CDATA[The Day America Told the Truth]]></title>
<title_without_series><![CDATA[The Day America Told the Truth]]></title_without_series>
<link><![CDATA[https://www.goodreads.com/book/show/268530.The_Day_America_Told_the_Truth]]></link>
<small_image_url><![CDATA[https://s.gr-assets.com/assets/nophoto/book/50x75-a91bf249278a81aabab721ef782c4a74.png]]></small_image_url>
<image_url><![CDATA[https://s.gr-assets.com/assets/nophoto/book/111x148-bcc042a9c91a29c1d680899eff700a03.png]]></image_url>
<num_pages>288</num_pages>
<work>
<id>389734</id>
</work>
<isbn>0452268087</isbn>
<isbn13>9780452268081</isbn13>
<average_rating>3.58</average_rating>
<ratings_count>64</ratings_count>
<publication_year>1992</publication_year>
<publication_month>6</publication_month>
<publication_day>1</publication_day>
<authors>
<author>
<id>15889427</id>
<name>James    Patterson</name>
<link><![CDATA[https://www.goodreads.com/author/show/15889427.James_Patterson]]></link>
</author>
</authors>
</book>

          <book>
<id>6051785</id>
<title>Fallen Flowers</title>
<title_without_series>Fallen Flowers</title_without_series>
<link><![CDATA[https://www.goodreads.com/book/show/6051785-fallen-flowers]]></link>
<small_image_url><![CDATA[https://s.gr-assets.com/assets/nophoto/book/50x75-a91bf249278a81aabab721ef782c4a74.png]]></small_image_url>
<image_url><![CDATA[https://s.gr-assets.com/assets/nophoto/book/111x148-bcc042a9c91a29c1d680899eff700a03.png]]></image_url>
<num_pages>139</num_pages>
<work>
<id>6227574</id>
</work>
<isbn></isbn>
<isbn13></isbn13>
<average_rating>4.21</average_rating>
<ratings_count>87</ratings_count>
<publication_year>2008</publication_year>
<publication_month></publication_month>
<publication_day></publication_day>
<authors>
<author>
<id>3458231</id>
<name>Michael Corwin</name>
<link><![CDATA[https://www.goodreads.com/author/show/3458231.Michael_Corwin]]></link>
</author>
</authors>
</book>

          <book>
<id>6975850</id>
<title>Reckless (Ty Hauck, #3)</title>
<title_without_series>Reckless</title_without_series>
<link><![CDATA[https://www.goodreads.com/book/show/6975850-reckless]]></link>
<small_image_url><![CDATA[https://s.gr-assets.com/assets/nophoto/book/50x75-a91bf249278a81aabab721ef782c4a74.png]]></small_image_url>
<image_url><![CDATA[https://s.gr-assets.com/assets/nophoto/book/111x148-bcc042a9c91a29c1d680899eff700a03.png]]></image_url>
<num_pages>401</num_pages>
<work>
<id>7362595</id>
</work>
<isbn>0061655953</isbn>
<isbn13>9780061655951</isbn13>
<average_rating>3.77</average_rating>
<ratings_count>2416</ratings_count>
<publication_year>2010</publication_year>
<publication_month>4</publication_month>
<publication_day>27</publication_day>
<authors>
<author>
<id>8214</id>
<name>Andrew Gross</name>
<link><![CDATA[https://www.goodreads.com/author/show/8214.Andrew_Gross]]></link>
</author>
</authors>
</book>

          <book>
<id>2278796</id>
<title><![CDATA[The Crime Trade (Tina Boyd #1)]]></title>
<title_without_series>The Crime Trade</title_without_series>
<link><![CDATA[https://www.goodreads.com/book/show/2278796.The_Crime_Trade]]></link>
<small_image_url><![CDATA[https://images.gr-assets.com/books/1396000367s/2278796.jpg]]></small_image_url>
<image_url><![CDATA[https://images.gr-assets.com/books/1396000367m/2278796.jpg]]></image_url>
<num_pages>464</num_pages>
<work>
<id>1634750</id>
</work>
<isbn>0552150657</isbn>
<isbn13>9780552150651</isbn13>
<average_rating>3.81</average_rating>
<ratings_count>777</ratings_count>
<publication_year>2005</publication_year>
<publication_month>6</publication_month>
<publication_day>1</publication_day>
<authors>
<author>
<id>253943</id>
<name>Simon Kernick</name>
<link><![CDATA[https://www.goodreads.com/author/show/253943.Simon_Kernick]]></link>
</author>
</authors>
</book>

          <book>
<id>14624620</id>
<title>Knockdown</title>
<title_without_series>Knockdown</title_without_series>
<link><![CDATA[https://www.goodreads.com/book/show/14624620-knockdown]]></link>
<small_image_url><![CDATA[https://images.gr-assets.com/books/1338155599s/14624620.jpg]]></small_image_url>
<image_url><![CDATA[https://images.gr-assets.com/books/1338155599m/14624620.jpg]]></image_url>
<num_pages>299</num_pages>
<work>
<id>20268718</id>
</work>
<isbn></isbn>
<isbn13></isbn13>
<average_rating>3.55</average_rating>
<ratings_count>56</ratings_count>
<publication_year>2012</publication_year>
<publication_month>4</publication_month>
<publication_day>3</publication_day>
<authors>
<author>
<id>15295291</id>
<name>Emerson  Doering</name>
<link><![CDATA[https://www.goodreads.com/author/show/15295291.Emerson_Doering]]></link>
</author>
</authors>
</book>

          <book>
<id>16158527</id>
<title><![CDATA[Silken Prey (Lucas Davenport, #23)]]></title>
<title_without_series>Silken Prey</title_without_series>
<link><![CDATA[https://www.goodreads.com/book/show/16158527-silken-prey]]></link>
<small_image_url><![CDATA[https://images.gr-assets.com/books/1355077509s/16158527.jpg]]></small_image_url>
<image_url><![CDATA[https://images.gr-assets.com/books/1355077509m/16158527.jpg]]></image_url>
<num_pages>406</num_pages>
<work>
<id>21998943</id>
</work>
<isbn>0399159312</isbn>
<isbn13>9780399159312</isbn13>
<average_rating>4.16</average_rating>
<ratings_count>13651</ratings_count>
<publication_year>2013</publication_year>
<publication_month>5</publication_month>
<publication_day>7</publication_day>
<authors>
<author>
<id>4610</id>
<name>John Sandford</name>
<link><![CDATA[https://www.goodreads.com/author/show/4610.John_Sandford]]></link>
</author>
</authors>
</book>

          <book>
<id>24606592</id>
<title><![CDATA[Zero Balance (Eviscerating the Snake, #2)]]></title>
<title_without_series>Zero Balance</title_without_series>
<link><![CDATA[https://www.goodreads.com/book/show/24606592-zero-balance]]></link>
<small_image_url><![CDATA[https://images.gr-assets.com/books/1421807597s/24606592.jpg]]></small_image_url>
<image_url><![CDATA[https://images.gr-assets.com/books/1421807597m/24606592.jpg]]></image_url>
<num_pages>222</num_pages>
<work>
<id>18660178</id>
</work>
<isbn></isbn>
<isbn13></isbn13>
<average_rating>4.28</average_rating>
<ratings_count>113</ratings_count>
<publication_year></publication_year>
<publication_month></publication_month>
<publication_day></publication_day>
<authors>
<author>
<id>4958072</id>
<name>Ashley Fontainne</name>
<link><![CDATA[https://www.goodreads.com/author/show/4958072.Ashley_Fontainne]]></link>
</author>
</authors>
</book>

          <book>
<id>507457</id>
<title>Twenty Seven Bones</title>
<title_without_series>Twenty Seven Bones</title_without_series>
<link><![CDATA[https://www.goodreads.com/book/show/507457.Twenty_Seven_Bones]]></link>
<small_image_url><![CDATA[https://s.gr-assets.com/assets/nophoto/book/50x75-a91bf249278a81aabab721ef782c4a74.png]]></small_image_url>
<image_url><![CDATA[https://s.gr-assets.com/assets/nophoto/book/111x148-bcc042a9c91a29c1d680899eff700a03.png]]></image_url>
<num_pages>361</num_pages>
<work>
<id>2709169</id>
</work>
<isbn>0743450639</isbn>
<isbn13>9780743450638</isbn13>
<average_rating>3.62</average_rating>
<ratings_count>724</ratings_count>
<publication_year>2005</publication_year>
<publication_month></publication_month>
<publication_day></publication_day>
<authors>
<author>
<id>282522</id>
<name>Jonathan Nasaw</name>
<link><![CDATA[https://www.goodreads.com/author/show/282522.Jonathan_Nasaw]]></link>
</author>
</authors>
</book>

          <book>
<id>11552166</id>
<title>Need You Now</title>
<title_without_series>Need You Now</title_without_series>
<link><![CDATA[https://www.goodreads.com/book/show/11552166-need-you-now]]></link>
<small_image_url><![CDATA[https://images.gr-assets.com/books/1319761643s/11552166.jpg]]></small_image_url>
<image_url><![CDATA[https://images.gr-assets.com/books/1319761643m/11552166.jpg]]></image_url>
<num_pages>368</num_pages>
<work>
<id>16492178</id>
</work>
<isbn>0061840300</isbn>
<isbn13>9780061840302</isbn13>
<average_rating>3.59</average_rating>
<ratings_count>1113</ratings_count>
<publication_year>2012</publication_year>
<publication_month>1</publication_month>
<publication_day>3</publication_day>
<authors>
<author>
<id>27572</id>
<name>James Grippando</name>
<link><![CDATA[https://www.goodreads.com/author/show/27572.James_Grippando]]></link>
</author>
</authors>
</book>

          <book>
<id>7296992</id>
<title><![CDATA[The Pallbearers (Shane Scully, #9)]]></title>
<title_without_series>The Pallbearers</title_without_series>
<link><![CDATA[https://www.goodreads.com/book/show/7296992-the-pallbearers]]></link>
<small_image_url><![CDATA[https://s.gr-assets.com/assets/nophoto/book/50x75-a91bf249278a81aabab721ef782c4a74.png]]></small_image_url>
<image_url><![CDATA[https://s.gr-assets.com/assets/nophoto/book/111x148-bcc042a9c91a29c1d680899eff700a03.png]]></image_url>
<num_pages>320</num_pages>
<work>
<id>8637193</id>
</work>
<isbn>0312557299</isbn>
<isbn13>9780312557294</isbn13>
<average_rating>3.86</average_rating>
<ratings_count>763</ratings_count>
<publication_year>2010</publication_year>
<publication_month>3</publication_month>
<publication_day>16</publication_day>
<authors>
<author>
<id>12469</id>
<name>Stephen J. Cannell</name>
<link><![CDATA[https://www.goodreads.com/author/show/12469.Stephen_J_Cannell]]></link>
</author>
</authors>
</book>

          <book>
<id>2354961</id>
<title><![CDATA[The Murderers' Club (Sophie Anderson, #2)]]></title>
<title_without_series>The Murderers&apos; Club</title_without_series>
<link><![CDATA[https://www.goodreads.com/book/show/2354961.The_Murderers_Club]]></link>
<small_image_url><![CDATA[https://s.gr-assets.com/assets/nophoto/book/50x75-a91bf249278a81aabab721ef782c4a74.png]]></small_image_url>
<image_url><![CDATA[https://s.gr-assets.com/assets/nophoto/book/111x148-bcc042a9c91a29c1d680899eff700a03.png]]></image_url>
<num_pages>376</num_pages>
<work>
<id>2361686</id>
</work>
<isbn>0778324419</isbn>
<isbn13>9780778324416</isbn13>
<average_rating>3.76</average_rating>
<ratings_count>443</ratings_count>
<publication_year>2007</publication_year>
<publication_month>12</publication_month>
<publication_day>1</publication_day>
<authors>
<author>
<id>329526</id>
<name>P.D. Martin</name>
<link><![CDATA[https://www.goodreads.com/author/show/329526.P_D_Martin]]></link>
</author>
</authors>
</book>

  </similar_books>
</book>

</GoodreadsResponse>