<?xml version="1.0" encoding="UTF-8"?>
<GoodreadsResponse>
  <Request>
    <authentication>true</authentication>
      <key><![CDATA[all_men_must_serve]]></key>
    <method><![CDATA[book_show]]></method>
  </Request>
  <book>
  <id>10407279</id>
  <title><![CDATA[Deadlocked (Sookie Stackhouse, #12)]]></title>
  <isbn><![CDATA[0575096578]]></isbn>
  <isbn13><![CDATA[9780575096578]]></isbn13>
  <asin><![CDATA[]]></asin>
  <kindle_asin><![CDATA[B007N6SUTC]]></kindle_asin>
  <marketplace_id><![CDATA[A1F83G8C2ARO7P]]></marketplace_id>
  <country_code><![CDATA[GB]]></country_code>
  <image_url>https://images.gr-assets.com/books/1357995380m/10407279.jpg</image_url>
  <small_image_url>https://images.gr-assets.com/books/1357995380s/10407279.jpg</small_image_url>
  <publication_year>2012</publication_year>
  <publication_month>5</publication_month>
  <publication_day>1</publication_day>
  <publisher>Gollancz</publisher>
  <language_code>eng</language_code>
  <is_ebook>false</is_ebook>
  <description><![CDATA[Sookie has a murder investigation on her hands.<br /><br />A young girl has died at a vampire party - and it looks as though her lover, Eric, might be responsible. Eric swears he didn't do it, the police don't believe him, and even Sookie isn't so sure. Nor is she inclined to take his word for it, not having caught him enjoying the victim's blood minutes before she was killed.<br /><br />But something strange is going on. Why had Sookie been asked to come to the fateful party a few minutes early - just to catch Eric in the act? And why had the victim spiked her own blood before approaching Eric? Was it simply because she wanted to be irresistable, or was it something more sinister?<br /><br />Sookie will have to find out ... but it's the worst moment to investigate, as her Fae family are having troubles of their own and Sookie is, inevitably, drawn in. And there is one last complication. The cluviel dor her grandmother left her. It will grant her one wish, which could fulfil Sookie's heart's desire. The only problem is, she still doesn't know what - or who - her heart truly desires ...]]></description>
  <work>
  <id type="integer">15311332</id>
  <books_count type="integer">46</books_count>
  <best_book_id type="integer">10407279</best_book_id>
  <reviews_count type="integer">131484</reviews_count>
  <ratings_sum type="integer">301501</ratings_sum>
  <ratings_count type="integer">82626</ratings_count>
  <text_reviews_count type="integer">6858</text_reviews_count>
  <original_publication_year type="integer">2012</original_publication_year>
  <original_publication_month type="integer">5</original_publication_month>
  <original_publication_day type="integer">1</original_publication_day>
  <original_title>Deadlocked</original_title>
  <original_language_id type="integer" nil="true"/>
  <media_type>book</media_type>
  <rating_dist>5:20015|4:26272|3:25765|2:8469|1:2105|total:82626</rating_dist>
  <desc_user_id type="integer">8138275</desc_user_id>
  <default_chaptering_book_id type="integer" nil="true"/>
  <default_description_language_code nil="true"/>
</work>
  <average_rating>3.65</average_rating>
  <num_pages><![CDATA[327]]></num_pages>
  <format><![CDATA[Hardcover]]></format>
  <edition_information><![CDATA[]]></edition_information>
  <ratings_count><![CDATA[65946]]></ratings_count>
  <text_reviews_count><![CDATA[4880]]></text_reviews_count>
  <url><![CDATA[https://www.goodreads.com/book/show/10407279-deadlocked]]></url>
  <link><![CDATA[https://www.goodreads.com/book/show/10407279-deadlocked]]></link>
  <authors>
<author>
<id>17061</id>
<name>Charlaine Harris</name>
<role></role>
<image_url nophoto='false'>
<![CDATA[https://images.gr-assets.com/authors/1399317093p5/17061.jpg]]>
</image_url>
<small_image_url nophoto='false'>
<![CDATA[https://images.gr-assets.com/authors/1399317093p2/17061.jpg]]>
</small_image_url>
<link><![CDATA[https://www.goodreads.com/author/show/17061.Charlaine_Harris]]></link>
<average_rating>3.94</average_rating>
<ratings_count>2916223</ratings_count>
<text_reviews_count>114584</text_reviews_count>
</author>
</authors>

    <reviews_widget>
      <![CDATA[
        <style>
  #goodreads-widget {
    font-family: georgia, serif;
    padding: 18px 0;
    width:565px;
  }
  #goodreads-widget h1 {
    font-weight:normal;
    font-size: 16px;
    border-bottom: 1px solid #BBB596;
    margin-bottom: 0;
  }
  #goodreads-widget a {
    text-decoration: none;
    color:#660;
  }
  iframe{
    background-color: #fff;
  }
  #goodreads-widget a:hover { text-decoration: underline; }
  #goodreads-widget a:active {
    color:#660;
  }
  #gr_footer {
    width: 100%;
    border-top: 1px solid #BBB596;
    text-align: right;
  }
  #goodreads-widget .gr_branding{
    color: #382110;
    font-size: 11px;
    text-decoration: none;
    font-family: "Helvetica Neue", Helvetica, Arial, sans-serif;
  }
</style>
<div id="goodreads-widget">
  <div id="gr_header"><h1><a rel="nofollow" href="https://www.goodreads.com/book/show/10407279-deadlocked">Deadlocked Reviews</a></h1></div>
  <iframe id="the_iframe" src="https://www.goodreads.com/api/reviews_widget_iframe?did=DEVELOPER_ID&amp;format=html&amp;isbn=0575096578&amp;links=660&amp;min_rating=&amp;review_back=fff&amp;stars=000&amp;text=000" width="565" height="400" frameborder="0"></iframe>
  <div id="gr_footer">
    <a class="gr_branding" target="_blank" rel="nofollow" href="https://www.goodreads.com/book/show/10407279-deadlocked?utm_medium=api&amp;utm_source=reviews_widget">Reviews from Goodreads.com</a>
  </div>
</div>

      ]]>
    </reviews_widget>
  <popular_shelves>
      <shelf name="to-read" count="27626"/>
      <shelf name="fantasy" count="1047"/>
      <shelf name="vampires" count="947"/>
      <shelf name="currently-reading" count="892"/>
      <shelf name="paranormal" count="825"/>
      <shelf name="urban-fantasy" count="634"/>
      <shelf name="vampire" count="442"/>
      <shelf name="fiction" count="439"/>
      <shelf name="charlaine-harris" count="436"/>
      <shelf name="series" count="420"/>
      <shelf name="sookie-stackhouse" count="404"/>
      <shelf name="romance" count="397"/>
      <shelf name="mystery" count="381"/>
      <shelf name="paranormal-romance" count="371"/>
      <shelf name="supernatural" count="353"/>
      <shelf name="read-in-2012" count="241"/>
      <shelf name="favorites" count="240"/>
      <shelf name="books-i-own" count="219"/>
      <shelf name="owned" count="184"/>
      <shelf name="werewolves" count="156"/>
      <shelf name="adult" count="156"/>
      <shelf name="kindle" count="151"/>
      <shelf name="sookie" count="127"/>
      <shelf name="audiobook" count="110"/>
      <shelf name="true-blood" count="105"/>
      <shelf name="chick-lit" count="102"/>
      <shelf name="sookie-stackhouse-series" count="99"/>
      <shelf name="fae" count="95"/>
      <shelf name="horror" count="93"/>
      <shelf name="library" count="89"/>
      <shelf name="read-2012" count="87"/>
      <shelf name="magic" count="86"/>
      <shelf name="audiobooks" count="85"/>
      <shelf name="to-buy" count="84"/>
      <shelf name="default" count="83"/>
      <shelf name="shifters" count="83"/>
      <shelf name="adult-fiction" count="74"/>
      <shelf name="vamps" count="74"/>
      <shelf name="read-in-2013" count="73"/>
      <shelf name="owned-books" count="72"/>
      <shelf name="sci-fi-fantasy" count="71"/>
      <shelf name="fairies" count="68"/>
      <shelf name="ebook" count="67"/>
      <shelf name="shapeshifters" count="67"/>
      <shelf name="ebooks" count="66"/>
      <shelf name="audio" count="63"/>
      <shelf name="witches" count="56"/>
      <shelf name="my-books" count="55"/>
      <shelf name="guilty-pleasures" count="55"/>
      <shelf name="audible" count="50"/>
      <shelf name="harris-charlaine" count="49"/>
      <shelf name="pnr" count="45"/>
      <shelf name="faeries" count="45"/>
      <shelf name="contemporary" count="43"/>
      <shelf name="2012-reads" count="43"/>
      <shelf name="wish-list" count="43"/>
      <shelf name="read-2013" count="41"/>
      <shelf name="read-in-2014" count="40"/>
      <shelf name="sci-fi" count="39"/>
      <shelf name="fantasy-sci-fi" count="39"/>
      <shelf name="library-book" count="39"/>
      <shelf name="2012-books" count="38"/>
      <shelf name="paranormal-fantasy" count="38"/>
      <shelf name="audio-books" count="37"/>
      <shelf name="library-books" count="35"/>
      <shelf name="e-books" count="34"/>
      <shelf name="part-of-a-series" count="34"/>
      <shelf name="audio-book" count="32"/>
      <shelf name="fantasy-paranormal" count="32"/>
      <shelf name="my-library" count="31"/>
      <shelf name="nook" count="31"/>
      <shelf name="southern" count="31"/>
      <shelf name="shifter" count="31"/>
      <shelf name="harris" count="30"/>
      <shelf name="need-to-buy" count="30"/>
      <shelf name="books-read-in-2012" count="29"/>
      <shelf name="2012-read" count="29"/>
      <shelf name="vampire-books" count="29"/>
      <shelf name="have" count="28"/>
      <shelf name="werewolf" count="28"/>
      <shelf name="favorite-series" count="27"/>
      <shelf name="humor" count="27"/>
      <shelf name="read-2014" count="26"/>
      <shelf name="demons" count="26"/>
      <shelf name="mysteries" count="26"/>
      <shelf name="e-book" count="25"/>
      <shelf name="i-own" count="25"/>
      <shelf name="mystery-thriller" count="25"/>
      <shelf name="southern-vampire-mysteries" count="25"/>
      <shelf name="scifi-fantasy" count="24"/>
      <shelf name="book-12" count="23"/>
      <shelf name="read-in-2015" count="23"/>
      <shelf name="re-read" count="23"/>
      <shelf name="guilty-pleasure" count="23"/>
      <shelf name="vampire-fiction" count="23"/>
      <shelf name="novels" count="23"/>
      <shelf name="paranormal-fiction" count="23"/>
      <shelf name="paranormal-mystery" count="22"/>
      <shelf name="on-kindle" count="22"/>
      <shelf name="completed-series" count="21"/>
  </popular_shelves>
  <book_links>
    <book_link>
  <id>8</id>
  <name>Libraries</name>
  <link>https://www.goodreads.com/book_link/follow/8</link>
</book_link>

  </book_links>
  <buy_links>
    <buy_link>
<id>1</id>
<name>Amazon</name>
<link>https://www.goodreads.com/book_link/follow/1</link>
</buy_link>
<buy_link>
<id>10</id>
<name>Audible</name>
<link>https://www.goodreads.com/book_link/follow/10</link>
</buy_link>
<buy_link>
<id>3</id>
<name>Barnes &amp; Noble</name>
<link>https://www.goodreads.com/book_link/follow/3</link>
</buy_link>
<buy_link>
<id>1027</id>
<name>Kobo</name>
<link>https://www.goodreads.com/book_link/follow/1027</link>
</buy_link>
<buy_link>
<id>2102</id>
<name>Apple iBooks</name>
<link>https://www.goodreads.com/book_link/follow/2102</link>
</buy_link>
<buy_link>
<id>8036</id>
<name>Google Play</name>
<link>https://www.goodreads.com/book_link/follow/8036</link>
</buy_link>
<buy_link>
<id>4</id>
<name>Abebooks</name>
<link>https://www.goodreads.com/book_link/follow/4</link>
</buy_link>
<buy_link>
<id>882</id>
<name>Book Depository</name>
<link>https://www.goodreads.com/book_link/follow/882</link>
</buy_link>
<buy_link>
<id>9</id>
<name>Indigo</name>
<link>https://www.goodreads.com/book_link/follow/9</link>
</buy_link>
<buy_link>
<id>2</id>
<name>Half.com</name>
<link>https://www.goodreads.com/book_link/follow/2</link>
</buy_link>
<buy_link>
<id>5</id>
<name>Alibris</name>
<link>https://www.goodreads.com/book_link/follow/5</link>
</buy_link>
<buy_link>
<id>107</id>
<name>Better World Books</name>
<link>https://www.goodreads.com/book_link/follow/107</link>
</buy_link>
<buy_link>
<id>7</id>
<name>IndieBound</name>
<link>https://www.goodreads.com/book_link/follow/7</link>
</buy_link>

  </buy_links>
  <series_works>
    <series_work>
<id>281115</id>
<user_position>12</user_position>
<series>
<id>42636</id>
<title>
<![CDATA[
    Sookie Stackhouse
]]>
</title>
<description>
<![CDATA[
    The Southern Vampire Mysteries (short stories and novellas) can be found<a href="https://www.goodreads.com/series/134191-the-southern-vampire-mysteries-short-stories-and-novellas"> here</a>
    
    Also known as:
    * The Sookie Stackhouse Novels
    * The Southern Vampire Mysteries
    * True Blood (TV show's title)
    * La Communauté du Sud (FR)
    
    The Sookie Stackhouse Novels, also known as The Southern Vampire Mysteries, is a series of books written by bestselling author Charlaine Harris that were first published in 2001 and now serve as the source material for the HBO television series True Blood.
    
    The series is narrated in first person perspective by Sookie Stackhouse. She is a waitress and a telepath in the fictional town of Bon Temps, Louisiana. The first book in the series, Dead Until Dark, won the Anthony Award for Best Paperback Mystery in 2001. The recently released thirteenth book, "Dead Ever After", is the final book in the series.
    
    Please note: Each book in this series is a whole story with a beginning and an ending, however the plot of each book relies heavily on the prior books in the series. It is recommended that you read the full length novels in the order they were published.
]]>
</description>
<note>
<![CDATA[
    Short Stories in the order in which they occur in Sookie’s life: 
    
    * “Fairy Dust” (from Powers of Detection) after the events in Dead to the World
    * “Dracula Night” (from Many Bloody Returns) before the action of Dead as a Doornail
    * “One Word Answer” (from Bite) after Dead as a Doornail
    * “Lucky” (from Unusual Suspects ) after All Together Dead
    * “Gift Wrap” (from Wolfsbane and Mistletoe) before Dead and Gone
]]>
</note>
<series_works_count>35</series_works_count>
<primary_work_count>13</primary_work_count>
<numbered>true</numbered>
</series>

</series_work>

  </series_works>
  <similar_books>
          <book>
<id>10863148</id>
<title><![CDATA[Thirteen (Women of the Otherworld, #13)]]></title>
<title_without_series>Thirteen</title_without_series>
<link><![CDATA[https://www.goodreads.com/book/show/10863148-thirteen]]></link>
<small_image_url><![CDATA[https://images.gr-assets.com/books/1328820694s/10863148.jpg]]></small_image_url>
<image_url><![CDATA[https://images.gr-assets.com/books/1328820694m/10863148.jpg]]></image_url>
<num_pages>444</num_pages>
<work>
<id>15778276</id>
</work>
<isbn>1841498033</isbn>
<isbn13>9781841498034</isbn13>
<average_rating>4.28</average_rating>
<ratings_count>10883</ratings_count>
<publication_year>2012</publication_year>
<publication_month>7</publication_month>
<publication_day>26</publication_day>
<authors>
<author>
<id>7581</id>
<name>Kelley Armstrong</name>
<link><![CDATA[https://www.goodreads.com/author/show/7581.Kelley_Armstrong]]></link>
</author>
</authors>
</book>

          <book>
<id>13459547</id>
<title><![CDATA[Into the Woods: Tales from the Hollows and Beyond (The Hollows, #10.1)]]></title>
<title_without_series><![CDATA[Into the Woods: Tales from the Hollows and Beyond]]></title_without_series>
<link><![CDATA[https://www.goodreads.com/book/show/13459547-into-the-woods]]></link>
<small_image_url><![CDATA[https://images.gr-assets.com/books/1331741952s/13459547.jpg]]></small_image_url>
<image_url><![CDATA[https://images.gr-assets.com/books/1331741952m/13459547.jpg]]></image_url>
<num_pages>513</num_pages>
<work>
<id>18989715</id>
</work>
<isbn>0061974323</isbn>
<isbn13>9780061974328</isbn13>
<average_rating>4.03</average_rating>
<ratings_count>5770</ratings_count>
<publication_year>2012</publication_year>
<publication_month>10</publication_month>
<publication_day>12</publication_day>
<authors>
<author>
<id>17054</id>
<name>Kim Harrison</name>
<link><![CDATA[https://www.goodreads.com/author/show/17054.Kim_Harrison]]></link>
</author>
</authors>
</book>

          <book>
<id>13236544</id>
<title><![CDATA[Nice Girls Don't Bite Their Neighbors (Jane Jameson, #4)]]></title>
<title_without_series><![CDATA[Nice Girls Don't Bite Their Neighbors]]></title_without_series>
<link><![CDATA[https://www.goodreads.com/book/show/13236544-nice-girls-don-t-bite-their-neighbors]]></link>
<small_image_url><![CDATA[https://images.gr-assets.com/books/1328298243s/13236544.jpg]]></small_image_url>
<image_url><![CDATA[https://images.gr-assets.com/books/1328298243m/13236544.jpg]]></image_url>
<num_pages>320</num_pages>
<work>
<id>15710600</id>
</work>
<isbn></isbn>
<isbn13></isbn13>
<average_rating>4.22</average_rating>
<ratings_count>8471</ratings_count>
<publication_year>2012</publication_year>
<publication_month>2</publication_month>
<publication_day>28</publication_day>
<authors>
<author>
<id>2503028</id>
<name>Molly Harper</name>
<link><![CDATA[https://www.goodreads.com/author/show/2503028.Molly_Harper]]></link>
</author>
</authors>
</book>

          <book>
<id>10590852</id>
<title><![CDATA[Kitty Steals the Show (Kitty Norville, #10)]]></title>
<title_without_series>Kitty Steals the Show</title_without_series>
<link><![CDATA[https://www.goodreads.com/book/show/10590852-kitty-steals-the-show]]></link>
<small_image_url><![CDATA[https://images.gr-assets.com/books/1333696512s/10590852.jpg]]></small_image_url>
<image_url><![CDATA[https://images.gr-assets.com/books/1333696512m/10590852.jpg]]></image_url>
<num_pages>342</num_pages>
<work>
<id>15498308</id>
</work>
<isbn>0575098708</isbn>
<isbn13>9780575098701</isbn13>
<average_rating>3.97</average_rating>
<ratings_count>5230</ratings_count>
<publication_year>2012</publication_year>
<publication_month>8</publication_month>
<publication_day>1</publication_day>
<authors>
<author>
<id>8988</id>
<name>Carrie Vaughn</name>
<link><![CDATA[https://www.goodreads.com/author/show/8988.Carrie_Vaughn]]></link>
</author>
</authors>
</book>

          <book>
<id>12486238</id>
<title><![CDATA[Ghoul Interrupted (Ghost Hunter Mystery, #6)]]></title>
<title_without_series>Ghoul Interrupted</title_without_series>
<link><![CDATA[https://www.goodreads.com/book/show/12486238-ghoul-interrupted]]></link>
<small_image_url><![CDATA[https://images.gr-assets.com/books/1327955502s/12486238.jpg]]></small_image_url>
<image_url><![CDATA[https://images.gr-assets.com/books/1327955502m/12486238.jpg]]></image_url>
<num_pages></num_pages>
<work>
<id>14982665</id>
</work>
<isbn></isbn>
<isbn13></isbn13>
<average_rating>4.10</average_rating>
<ratings_count>2726</ratings_count>
<publication_year></publication_year>
<publication_month></publication_month>
<publication_day></publication_day>
<authors>
<author>
<id>74488</id>
<name>Victoria Laurie</name>
<link><![CDATA[https://www.goodreads.com/author/show/74488.Victoria_Laurie]]></link>
</author>
</authors>
</book>

          <book>
<id>11746102</id>
<title><![CDATA[Biting Cold (Chicagoland Vampires, #6)]]></title>
<title_without_series>Biting Cold</title_without_series>
<link><![CDATA[https://www.goodreads.com/book/show/11746102-biting-cold]]></link>
<small_image_url><![CDATA[https://images.gr-assets.com/books/1316664429s/11746102.jpg]]></small_image_url>
<image_url><![CDATA[https://images.gr-assets.com/books/1316664429m/11746102.jpg]]></image_url>
<num_pages>352</num_pages>
<work>
<id>16695709</id>
</work>
<isbn>0451237013</isbn>
<isbn13>9780451237019</isbn13>
<average_rating>4.16</average_rating>
<ratings_count>18894</ratings_count>
<publication_year>2012</publication_year>
<publication_month>8</publication_month>
<publication_day>7</publication_day>
<authors>
<author>
<id>1857564</id>
<name>Chloe Neill</name>
<link><![CDATA[https://www.goodreads.com/author/show/1857564.Chloe_Neill]]></link>
</author>
</authors>
</book>

          <book>
<id>12379559</id>
<title><![CDATA[Undead and Unstable (Undead, #11)]]></title>
<title_without_series>Undead and Unstable</title_without_series>
<link><![CDATA[https://www.goodreads.com/book/show/12379559-undead-and-unstable]]></link>
<small_image_url><![CDATA[https://images.gr-assets.com/books/1321881370s/12379559.jpg]]></small_image_url>
<image_url><![CDATA[https://images.gr-assets.com/books/1321881370m/12379559.jpg]]></image_url>
<num_pages>312</num_pages>
<work>
<id>17360158</id>
</work>
<isbn>0425247570</isbn>
<isbn13>9780425247570</isbn13>
<average_rating>3.58</average_rating>
<ratings_count>4527</ratings_count>
<publication_year></publication_year>
<publication_month></publication_month>
<publication_day></publication_day>
<authors>
<author>
<id>1429808</id>
<name>MaryJanice Davidson</name>
<link><![CDATA[https://www.goodreads.com/author/show/1429808.MaryJanice_Davidson]]></link>
</author>
</authors>
</book>

          <book>
<id>12114440</id>
<title><![CDATA[Fury's Kiss (Dorina Basarab, #3)]]></title>
<title_without_series>Fury&apos;s Kiss</title_without_series>
<link><![CDATA[https://www.goodreads.com/book/show/12114440-fury-s-kiss]]></link>
<small_image_url><![CDATA[https://images.gr-assets.com/books/1335403194s/12114440.jpg]]></small_image_url>
<image_url><![CDATA[https://images.gr-assets.com/books/1335403194m/12114440.jpg]]></image_url>
<num_pages>536</num_pages>
<work>
<id>17083622</id>
</work>
<isbn>0451413237</isbn>
<isbn13>9780451413239</isbn13>
<average_rating>4.27</average_rating>
<ratings_count>8989</ratings_count>
<publication_year>2012</publication_year>
<publication_month>10</publication_month>
<publication_day>2</publication_day>
<authors>
<author>
<id>38066</id>
<name>Karen Chance</name>
<link><![CDATA[https://www.goodreads.com/author/show/38066.Karen_Chance]]></link>
</author>
</authors>
</book>

          <book>
<id>10094969</id>
<title><![CDATA[Silver-Tongued Devil (Sabina Kane, #4)]]></title>
<title_without_series>Silver-Tongued Devil</title_without_series>
<link><![CDATA[https://www.goodreads.com/book/show/10094969-silver-tongued-devil]]></link>
<small_image_url><![CDATA[https://images.gr-assets.com/books/1303504697s/10094969.jpg]]></small_image_url>
<image_url><![CDATA[https://images.gr-assets.com/books/1303504697m/10094969.jpg]]></image_url>
<num_pages>405</num_pages>
<work>
<id>14992000</id>
</work>
<isbn></isbn>
<isbn13>9780356500074</isbn13>
<average_rating>4.04</average_rating>
<ratings_count>6141</ratings_count>
<publication_year>2012</publication_year>
<publication_month>1</publication_month>
<publication_day>5</publication_day>
<authors>
<author>
<id>1938234</id>
<name>Jaye Wells</name>
<link><![CDATA[https://www.goodreads.com/author/show/1938234.Jaye_Wells]]></link>
</author>
</authors>
</book>

          <book>
<id>11516315</id>
<title><![CDATA[True Blood, Volume 2: Tainted Love]]></title>
<title_without_series><![CDATA[True Blood, Volume 2: Tainted Love]]></title_without_series>
<link><![CDATA[https://www.goodreads.com/book/show/11516315-true-blood-volume-2]]></link>
<small_image_url><![CDATA[https://s.gr-assets.com/assets/nophoto/book/50x75-a91bf249278a81aabab721ef782c4a74.png]]></small_image_url>
<image_url><![CDATA[https://s.gr-assets.com/assets/nophoto/book/111x148-bcc042a9c91a29c1d680899eff700a03.png]]></image_url>
<num_pages>160</num_pages>
<work>
<id>16452772</id>
</work>
<isbn>1613770197</isbn>
<isbn13>9781613770191</isbn13>
<average_rating>3.76</average_rating>
<ratings_count>408</ratings_count>
<publication_year>2011</publication_year>
<publication_month>10</publication_month>
<publication_day>11</publication_day>
<authors>
<author>
<id>19806</id>
<name>Marc Andreyko</name>
<link><![CDATA[https://www.goodreads.com/author/show/19806.Marc_Andreyko]]></link>
</author>
</authors>
</book>

          <book>
<id>12363978</id>
<title><![CDATA[Darkness Devours (Dark Angels, #3)]]></title>
<title_without_series>Darkness Devours</title_without_series>
<link><![CDATA[https://www.goodreads.com/book/show/12363978-darkness-devours]]></link>
<small_image_url><![CDATA[https://images.gr-assets.com/books/1325978146s/12363978.jpg]]></small_image_url>
<image_url><![CDATA[https://images.gr-assets.com/books/1325978146m/12363978.jpg]]></image_url>
<num_pages>375</num_pages>
<work>
<id>17344100</id>
</work>
<isbn>0451237110</isbn>
<isbn13>9780451237118</isbn13>
<average_rating>4.17</average_rating>
<ratings_count>3863</ratings_count>
<publication_year>2012</publication_year>
<publication_month>6</publication_month>
<publication_day>26</publication_day>
<authors>
<author>
<id>7742</id>
<name>Keri Arthur</name>
<link><![CDATA[https://www.goodreads.com/author/show/7742.Keri_Arthur]]></link>
</author>
</authors>
</book>

          <book>
<id>10223509</id>
<title><![CDATA[Eye of the Tempest (Jane True, #4)]]></title>
<title_without_series>Eye of the Tempest</title_without_series>
<link><![CDATA[https://www.goodreads.com/book/show/10223509-eye-of-the-tempest]]></link>
<small_image_url><![CDATA[https://images.gr-assets.com/books/1311800388s/10223509.jpg]]></small_image_url>
<image_url><![CDATA[https://images.gr-assets.com/books/1311800388m/10223509.jpg]]></image_url>
<num_pages>325</num_pages>
<work>
<id>14144888</id>
</work>
<isbn>0316128082</isbn>
<isbn13>9780316128087</isbn13>
<average_rating>4.05</average_rating>
<ratings_count>2728</ratings_count>
<publication_year>2011</publication_year>
<publication_month>8</publication_month>
<publication_day>1</publication_day>
<authors>
<author>
<id>2895111</id>
<name>Nicole Peeler</name>
<link><![CDATA[https://www.goodreads.com/author/show/2895111.Nicole_Peeler]]></link>
</author>
</authors>
</book>

          <book>
<id>11000229</id>
<title>Shadow Bound (Unbound, #2)</title>
<title_without_series>Shadow Bound</title_without_series>
<link><![CDATA[https://www.goodreads.com/book/show/11000229-shadow-bound]]></link>
<small_image_url><![CDATA[https://images.gr-assets.com/books/1319642300s/11000229.jpg]]></small_image_url>
<image_url><![CDATA[https://images.gr-assets.com/books/1319642300m/11000229.jpg]]></image_url>
<num_pages>439</num_pages>
<work>
<id>15918993</id>
</work>
<isbn>0778313433</isbn>
<isbn13>9780778313434</isbn13>
<average_rating>4.11</average_rating>
<ratings_count>2880</ratings_count>
<publication_year>2012</publication_year>
<publication_month>5</publication_month>
<publication_day>22</publication_day>
<authors>
<author>
<id>415967</id>
<name>Rachel Vincent</name>
<link><![CDATA[https://www.goodreads.com/author/show/415967.Rachel_Vincent]]></link>
</author>
</authors>
</book>

          <book>
<id>10993282</id>
<title><![CDATA[Lover Reborn (Black Dagger Brotherhood, #10)]]></title>
<title_without_series>Lover Reborn</title_without_series>
<link><![CDATA[https://www.goodreads.com/book/show/10993282-lover-reborn]]></link>
<small_image_url><![CDATA[https://images.gr-assets.com/books/1319144072s/10993282.jpg]]></small_image_url>
<image_url><![CDATA[https://images.gr-assets.com/books/1319144072m/10993282.jpg]]></image_url>
<num_pages>592</num_pages>
<work>
<id>15911884</id>
</work>
<isbn>0451235843</isbn>
<isbn13>9780451235848</isbn13>
<average_rating>4.35</average_rating>
<ratings_count>64218</ratings_count>
<publication_year>2012</publication_year>
<publication_month>3</publication_month>
<publication_day>27</publication_day>
<authors>
<author>
<id>20248</id>
<name>J.R. Ward</name>
<link><![CDATA[https://www.goodreads.com/author/show/20248.J_R_Ward]]></link>
</author>
</authors>
</book>

          <book>
<id>5215879</id>
<title><![CDATA[Skin Trade (Anita Blake, Vampire Hunter #17)]]></title>
<title_without_series>Skin Trade</title_without_series>
<link><![CDATA[https://www.goodreads.com/book/show/5215879-skin-trade]]></link>
<small_image_url><![CDATA[https://images.gr-assets.com/books/1310494564s/5215879.jpg]]></small_image_url>
<image_url><![CDATA[https://images.gr-assets.com/books/1310494564m/5215879.jpg]]></image_url>
<num_pages>486</num_pages>
<work>
<id>5283119</id>
</work>
<isbn>0425227723</isbn>
<isbn13>9780425227725</isbn13>
<average_rating>3.90</average_rating>
<ratings_count>31397</ratings_count>
<publication_year></publication_year>
<publication_month></publication_month>
<publication_day></publication_day>
<authors>
<author>
<id>9550</id>
<name>Laurell K. Hamilton</name>
<link><![CDATA[https://www.goodreads.com/author/show/9550.Laurell_K_Hamilton]]></link>
</author>
</authors>
</book>

          <book>
<id>11053874</id>
<title><![CDATA[Raven Cursed (Jane Yellowrock, #4)]]></title>
<title_without_series>Raven Cursed</title_without_series>
<link><![CDATA[https://www.goodreads.com/book/show/11053874-raven-cursed]]></link>
<small_image_url><![CDATA[https://images.gr-assets.com/books/1327191717s/11053874.jpg]]></small_image_url>
<image_url><![CDATA[https://images.gr-assets.com/books/1327191717m/11053874.jpg]]></image_url>
<num_pages>353</num_pages>
<work>
<id>15321609</id>
</work>
<isbn>0451464338</isbn>
<isbn13>9780451464330</isbn13>
<average_rating>4.22</average_rating>
<ratings_count>12894</ratings_count>
<publication_year>2012</publication_year>
<publication_month>1</publication_month>
<publication_day>3</publication_day>
<authors>
<author>
<id>234115</id>
<name>Faith Hunter</name>
<link><![CDATA[https://www.goodreads.com/author/show/234115.Faith_Hunter]]></link>
</author>
</authors>
</book>

  </similar_books>
</book>

</GoodreadsResponse>