<?xml version="1.0" encoding="UTF-8"?>
<GoodreadsResponse>
  <Request>
    <authentication>true</authentication>
      <key><![CDATA[all_men_must_serve]]></key>
    <method><![CDATA[book_show]]></method>
  </Request>
  <book>
  <id>104089</id>
  <title>Tigana</title>
  <isbn><![CDATA[0451457765]]></isbn>
  <isbn13><![CDATA[9780451457769]]></isbn13>
  <asin><![CDATA[]]></asin>
  <kindle_asin><![CDATA[B004L9MFG8]]></kindle_asin>
  <marketplace_id><![CDATA[A1F83G8C2ARO7P]]></marketplace_id>
  <country_code><![CDATA[GB]]></country_code>
  <image_url>https://s.gr-assets.com/assets/nophoto/book/111x148-bcc042a9c91a29c1d680899eff700a03.png</image_url>
  <small_image_url>https://s.gr-assets.com/assets/nophoto/book/50x75-a91bf249278a81aabab721ef782c4a74.png</small_image_url>
  <publication_year>1999</publication_year>
  <publication_month>12</publication_month>
  <publication_day>1</publication_day>
  <publisher>Roc</publisher>
  <language_code>eng</language_code>
  <is_ebook>false</is_ebook>
  <description><![CDATA[<i>Tigana</i> is the magical story of a beleaguered country struggling to be free. It is the tale of a people so cursed by the dark sorceries of the tyrant king Brandlin that even the very name of their once beautiful home cannot be spoken or remembered. But years after their homeland’s devastation, a handful of men and women set in motion a dangerous crusade—to overthrow their conquerors and bring back to the world the lost brightness of an obliterated name: Tigana.<br /><br />Against the magnificently realized background of a world both sensuous and brutal, this masterful epic of a passionate people pursuing their dream is breathtaking in its vision. A spellbinding novel in which myth comes alive and magic reaches out to touch you.<br />]]></description>
  <work>
  <id type="integer">1907200</id>
  <books_count type="integer">53</books_count>
  <best_book_id type="integer">104089</best_book_id>
  <reviews_count type="integer">72377</reviews_count>
  <ratings_sum type="integer">137079</ratings_sum>
  <ratings_count type="integer">33281</ratings_count>
  <text_reviews_count type="integer">1925</text_reviews_count>
  <original_publication_year type="integer">1990</original_publication_year>
  <original_publication_month type="integer" nil="true"/>
  <original_publication_day type="integer" nil="true"/>
  <original_title>Tigana</original_title>
  <original_language_id type="integer" nil="true"/>
  <media_type>book</media_type>
  <rating_dist>5:14752|4:10830|3:5366|2:1568|1:765|total:33281</rating_dist>
  <desc_user_id type="integer">2019769</desc_user_id>
  <default_chaptering_book_id type="integer" nil="true"/>
  <default_description_language_code nil="true"/>
</work>
  <average_rating>4.12</average_rating>
  <num_pages><![CDATA[676]]></num_pages>
  <format><![CDATA[Paperback]]></format>
  <edition_information><![CDATA[]]></edition_information>
  <ratings_count><![CDATA[30846]]></ratings_count>
  <text_reviews_count><![CDATA[1539]]></text_reviews_count>
  <url><![CDATA[https://www.goodreads.com/book/show/104089.Tigana]]></url>
  <link><![CDATA[https://www.goodreads.com/book/show/104089.Tigana]]></link>
  <authors>
<author>
<id>60177</id>
<name>Guy Gavriel Kay</name>
<role></role>
<image_url nophoto='false'>
<![CDATA[https://images.gr-assets.com/authors/1218804723p5/60177.jpg]]>
</image_url>
<small_image_url nophoto='false'>
<![CDATA[https://images.gr-assets.com/authors/1218804723p2/60177.jpg]]>
</small_image_url>
<link><![CDATA[https://www.goodreads.com/author/show/60177.Guy_Gavriel_Kay]]></link>
<average_rating>4.11</average_rating>
<ratings_count>162104</ratings_count>
<text_reviews_count>9738</text_reviews_count>
</author>
</authors>

    <reviews_widget>
      <![CDATA[
        <style>
  #goodreads-widget {
    font-family: georgia, serif;
    padding: 18px 0;
    width:565px;
  }
  #goodreads-widget h1 {
    font-weight:normal;
    font-size: 16px;
    border-bottom: 1px solid #BBB596;
    margin-bottom: 0;
  }
  #goodreads-widget a {
    text-decoration: none;
    color:#660;
  }
  iframe{
    background-color: #fff;
  }
  #goodreads-widget a:hover { text-decoration: underline; }
  #goodreads-widget a:active {
    color:#660;
  }
  #gr_footer {
    width: 100%;
    border-top: 1px solid #BBB596;
    text-align: right;
  }
  #goodreads-widget .gr_branding{
    color: #382110;
    font-size: 11px;
    text-decoration: none;
    font-family: "Helvetica Neue", Helvetica, Arial, sans-serif;
  }
</style>
<div id="goodreads-widget">
  <div id="gr_header"><h1><a rel="nofollow" href="https://www.goodreads.com/book/show/104089.Tigana">Tigana Reviews</a></h1></div>
  <iframe id="the_iframe" src="https://www.goodreads.com/api/reviews_widget_iframe?did=DEVELOPER_ID&amp;format=html&amp;isbn=0451457765&amp;links=660&amp;min_rating=&amp;review_back=fff&amp;stars=000&amp;text=000" width="565" height="400" frameborder="0"></iframe>
  <div id="gr_footer">
    <a class="gr_branding" target="_blank" rel="nofollow" href="https://www.goodreads.com/book/show/104089.Tigana?utm_medium=api&amp;utm_source=reviews_widget">Reviews from Goodreads.com</a>
  </div>
</div>

      ]]>
    </reviews_widget>
  <popular_shelves>
      <shelf name="to-read" count="35542"/>
      <shelf name="fantasy" count="3631"/>
      <shelf name="currently-reading" count="791"/>
      <shelf name="favorites" count="600"/>
      <shelf name="fiction" count="361"/>
      <shelf name="owned" count="182"/>
      <shelf name="high-fantasy" count="136"/>
      <shelf name="epic-fantasy" count="132"/>
      <shelf name="sci-fi-fantasy" count="95"/>
      <shelf name="sword-and-laser" count="93"/>
      <shelf name="fantasy-sci-fi" count="76"/>
      <shelf name="historical-fiction" count="70"/>
      <shelf name="to-buy" count="64"/>
      <shelf name="to-read-fantasy" count="63"/>
      <shelf name="favourites" count="61"/>
      <shelf name="canadian" count="60"/>
      <shelf name="audiobook" count="57"/>
      <shelf name="books-i-own" count="55"/>
      <shelf name="magic" count="52"/>
      <shelf name="library" count="50"/>
      <shelf name="kindle" count="49"/>
      <shelf name="fantasy-to-read" count="47"/>
      <shelf name="historical" count="45"/>
      <shelf name="historical-fantasy" count="43"/>
      <shelf name="epic" count="43"/>
      <shelf name="default" count="42"/>
      <shelf name="audio" count="39"/>
      <shelf name="abandoned" count="38"/>
      <shelf name="adult" count="37"/>
      <shelf name="maybe" count="35"/>
      <shelf name="audiobooks" count="35"/>
      <shelf name="ebook" count="34"/>
      <shelf name="guy-gavriel-kay" count="32"/>
      <shelf name="owned-books" count="32"/>
      <shelf name="stand-alone" count="30"/>
      <shelf name="science-fiction-fantasy" count="30"/>
      <shelf name="book-club" count="30"/>
      <shelf name="standalone" count="29"/>
      <shelf name="ebooks" count="28"/>
      <shelf name="scifi-fantasy" count="28"/>
      <shelf name="fantasy-scifi" count="27"/>
      <shelf name="adventure" count="26"/>
      <shelf name="sff" count="26"/>
      <shelf name="sf-fantasy" count="26"/>
      <shelf name="wish-list" count="25"/>
      <shelf name="romance" count="25"/>
      <shelf name="all-time-favorites" count="24"/>
      <shelf name="fiction-fantasy" count="23"/>
      <shelf name="did-not-finish" count="22"/>
      <shelf name="speculative-fiction" count="22"/>
      <shelf name="sword-laser" count="21"/>
      <shelf name="re-read" count="19"/>
      <shelf name="war" count="19"/>
      <shelf name="recommended" count="18"/>
      <shelf name="dnf" count="18"/>
      <shelf name="on-hold" count="18"/>
      <shelf name="audible" count="18"/>
      <shelf name="genre-fantasy" count="18"/>
      <shelf name="novels" count="18"/>
      <shelf name="must-read" count="17"/>
      <shelf name="fantasy-epic" count="16"/>
      <shelf name="my-library" count="16"/>
      <shelf name="sci-fi" count="16"/>
      <shelf name="reviewed" count="15"/>
      <shelf name="e-book" count="15"/>
      <shelf name="20th-century" count="15"/>
      <shelf name="science-fiction" count="14"/>
      <shelf name="sci-fi-and-fantasy" count="14"/>
      <shelf name="unfinished" count="14"/>
      <shelf name="5-stars" count="14"/>
      <shelf name="favorite" count="14"/>
      <shelf name="sf" count="14"/>
      <shelf name="fantasia" count="13"/>
      <shelf name="fantasía" count="13"/>
      <shelf name="adult-fantasy" count="13"/>
      <shelf name="read-in-2011" count="13"/>
      <shelf name="sf-f" count="13"/>
      <shelf name="e-books" count="13"/>
      <shelf name="own-it" count="13"/>
      <shelf name="to-read-fiction" count="13"/>
      <shelf name="canada" count="13"/>
      <shelf name="1990s" count="12"/>
      <shelf name="reread" count="12"/>
      <shelf name="paperback" count="12"/>
      <shelf name="my-books" count="12"/>
      <shelf name="scifi" count="12"/>
      <shelf name="priority" count="11"/>
      <shelf name="books" count="11"/>
      <shelf name="tbr" count="11"/>
      <shelf name="want-to-read" count="11"/>
      <shelf name="gave-up-on" count="11"/>
      <shelf name="literature" count="11"/>
      <shelf name="fantasy-and-science-fiction" count="11"/>
      <shelf name="read-2016" count="10"/>
      <shelf name="read-in-2013" count="10"/>
      <shelf name="read-in-2012" count="10"/>
      <shelf name="5-star" count="10"/>
      <shelf name="english" count="10"/>
      <shelf name="calibre" count="10"/>
      <shelf name="politics" count="10"/>
  </popular_shelves>
  <book_links>
    <book_link>
  <id>8</id>
  <name>Libraries</name>
  <link>https://www.goodreads.com/book_link/follow/8</link>
</book_link>

  </book_links>
  <buy_links>
    <buy_link>
<id>1</id>
<name>Amazon</name>
<link>https://www.goodreads.com/book_link/follow/1</link>
</buy_link>
<buy_link>
<id>10</id>
<name>Audible</name>
<link>https://www.goodreads.com/book_link/follow/10</link>
</buy_link>
<buy_link>
<id>3</id>
<name>Barnes &amp; Noble</name>
<link>https://www.goodreads.com/book_link/follow/3</link>
</buy_link>
<buy_link>
<id>1027</id>
<name>Kobo</name>
<link>https://www.goodreads.com/book_link/follow/1027</link>
</buy_link>
<buy_link>
<id>2102</id>
<name>Apple iBooks</name>
<link>https://www.goodreads.com/book_link/follow/2102</link>
</buy_link>
<buy_link>
<id>8036</id>
<name>Google Play</name>
<link>https://www.goodreads.com/book_link/follow/8036</link>
</buy_link>
<buy_link>
<id>4</id>
<name>Abebooks</name>
<link>https://www.goodreads.com/book_link/follow/4</link>
</buy_link>
<buy_link>
<id>882</id>
<name>Book Depository</name>
<link>https://www.goodreads.com/book_link/follow/882</link>
</buy_link>
<buy_link>
<id>9</id>
<name>Indigo</name>
<link>https://www.goodreads.com/book_link/follow/9</link>
</buy_link>
<buy_link>
<id>2</id>
<name>Half.com</name>
<link>https://www.goodreads.com/book_link/follow/2</link>
</buy_link>
<buy_link>
<id>5</id>
<name>Alibris</name>
<link>https://www.goodreads.com/book_link/follow/5</link>
</buy_link>
<buy_link>
<id>107</id>
<name>Better World Books</name>
<link>https://www.goodreads.com/book_link/follow/107</link>
</buy_link>
<buy_link>
<id>7</id>
<name>IndieBound</name>
<link>https://www.goodreads.com/book_link/follow/7</link>
</buy_link>

  </buy_links>
  <series_works>
    
  </series_works>
  <similar_books>
          <book>
<id>61886</id>
<title><![CDATA[The Curse of Chalion (World of the Five Gods, #1)]]></title>
<title_without_series>The Curse of Chalion</title_without_series>
<link><![CDATA[https://www.goodreads.com/book/show/61886.The_Curse_of_Chalion]]></link>
<small_image_url><![CDATA[https://images.gr-assets.com/books/1322571773s/61886.jpg]]></small_image_url>
<image_url><![CDATA[https://images.gr-assets.com/books/1322571773m/61886.jpg]]></image_url>
<num_pages>496</num_pages>
<work>
<id>1129349</id>
</work>
<isbn>0007133618</isbn>
<isbn13>9780007133611</isbn13>
<average_rating>4.16</average_rating>
<ratings_count>24160</ratings_count>
<publication_year>2003</publication_year>
<publication_month>2</publication_month>
<publication_day>3</publication_day>
<authors>
<author>
<id>16094</id>
<name>Lois McMaster Bujold</name>
<link><![CDATA[https://www.goodreads.com/author/show/16094.Lois_McMaster_Bujold]]></link>
</author>
</authors>
</book>

          <book>
<id>467457</id>
<title>Illusion</title>
<title_without_series>Illusion</title_without_series>
<link><![CDATA[https://www.goodreads.com/book/show/467457.Illusion]]></link>
<small_image_url><![CDATA[https://images.gr-assets.com/books/1280002585s/467457.jpg]]></small_image_url>
<image_url><![CDATA[https://images.gr-assets.com/books/1280002585m/467457.jpg]]></image_url>
<num_pages>674</num_pages>
<work>
<id>895830</id>
</work>
<isbn>0553560220</isbn>
<isbn13>9780553560220</isbn13>
<average_rating>3.98</average_rating>
<ratings_count>1271</ratings_count>
<publication_year>1993</publication_year>
<publication_month></publication_month>
<publication_day></publication_day>
<authors>
<author>
<id>261937</id>
<name>Paula Volsky</name>
<link><![CDATA[https://www.goodreads.com/author/show/261937.Paula_Volsky]]></link>
</author>
</authors>
</book>

          <book>
<id>208</id>
<title><![CDATA[A Shadow in Summer (Long Price Quartet, #1)]]></title>
<title_without_series>A Shadow in Summer</title_without_series>
<link><![CDATA[https://www.goodreads.com/book/show/208.A_Shadow_in_Summer]]></link>
<small_image_url><![CDATA[https://s.gr-assets.com/assets/nophoto/book/50x75-a91bf249278a81aabab721ef782c4a74.png]]></small_image_url>
<image_url><![CDATA[https://s.gr-assets.com/assets/nophoto/book/111x148-bcc042a9c91a29c1d680899eff700a03.png]]></image_url>
<num_pages></num_pages>
<work>
<id>1711253</id>
</work>
<isbn>0765313405</isbn>
<isbn13>9780765313409</isbn13>
<average_rating>3.59</average_rating>
<ratings_count>9261</ratings_count>
<publication_year></publication_year>
<publication_month></publication_month>
<publication_day></publication_day>
<authors>
<author>
<id>13557729</id>
<name>Daniel Abraham</name>
<link><![CDATA[https://www.goodreads.com/author/show/13557729.Daniel_Abraham]]></link>
</author>
</authors>
</book>

          <book>
<id>15177</id>
<title><![CDATA[Bridge of Birds (The Chronicles of Master Li and Number Ten Ox, #1)]]></title>
<title_without_series>Bridge of Birds</title_without_series>
<link><![CDATA[https://www.goodreads.com/book/show/15177.Bridge_of_Birds]]></link>
<small_image_url><![CDATA[https://images.gr-assets.com/books/1327940289s/15177.jpg]]></small_image_url>
<image_url><![CDATA[https://images.gr-assets.com/books/1327940289m/15177.jpg]]></image_url>
<num_pages>278</num_pages>
<work>
<id>958087</id>
</work>
<isbn>0345321383</isbn>
<isbn13>9780345321381</isbn13>
<average_rating>4.30</average_rating>
<ratings_count>8190</ratings_count>
<publication_year>1985</publication_year>
<publication_month>4</publication_month>
<publication_day>12</publication_day>
<authors>
<author>
<id>9465</id>
<name>Barry Hughart</name>
<link><![CDATA[https://www.goodreads.com/author/show/9465.Barry_Hughart]]></link>
</author>
</authors>
</book>

          <book>
<id>10193060</id>
<title>Miserere: An Autumn Tale</title>
<title_without_series>Miserere: An Autumn Tale</title_without_series>
<link><![CDATA[https://www.goodreads.com/book/show/10193060-miserere]]></link>
<small_image_url><![CDATA[https://images.gr-assets.com/books/1301084223s/10193060.jpg]]></small_image_url>
<image_url><![CDATA[https://images.gr-assets.com/books/1301084223m/10193060.jpg]]></image_url>
<num_pages>280</num_pages>
<work>
<id>15092211</id>
</work>
<isbn>1597802891</isbn>
<isbn13>9781597802895</isbn13>
<average_rating>3.79</average_rating>
<ratings_count>841</ratings_count>
<publication_year>2011</publication_year>
<publication_month>6</publication_month>
<publication_day>21</publication_day>
<authors>
<author>
<id>13611546</id>
<name>Teresa Frohock</name>
<link><![CDATA[https://www.goodreads.com/author/show/13611546.Teresa_Frohock]]></link>
</author>
</authors>
</book>

          <book>
<id>311864</id>
<title><![CDATA[Heroes Die (The Acts of Caine, #1)]]></title>
<title_without_series>Heroes Die</title_without_series>
<link><![CDATA[https://www.goodreads.com/book/show/311864.Heroes_Die]]></link>
<small_image_url><![CDATA[https://images.gr-assets.com/books/1403193753s/311864.jpg]]></small_image_url>
<image_url><![CDATA[https://images.gr-assets.com/books/1403193753m/311864.jpg]]></image_url>
<num_pages>545</num_pages>
<work>
<id>302782</id>
</work>
<isbn>0345421450</isbn>
<isbn13>9780345421456</isbn13>
<average_rating>4.09</average_rating>
<ratings_count>8562</ratings_count>
<publication_year>1999</publication_year>
<publication_month>5</publication_month>
<publication_day>29</publication_day>
<authors>
<author>
<id>1567394</id>
<name>Matthew Woodring Stover</name>
<link><![CDATA[https://www.goodreads.com/author/show/1567394.Matthew_Woodring_Stover]]></link>
</author>
</authors>
</book>

          <book>
<id>11774295</id>
<title><![CDATA[The Shadowed Sun (Dreamblood, #2)]]></title>
<title_without_series>The Shadowed Sun</title_without_series>
<link><![CDATA[https://www.goodreads.com/book/show/11774295-the-shadowed-sun]]></link>
<small_image_url><![CDATA[https://images.gr-assets.com/books/1331143933s/11774295.jpg]]></small_image_url>
<image_url><![CDATA[https://images.gr-assets.com/books/1331143933m/11774295.jpg]]></image_url>
<num_pages>492</num_pages>
<work>
<id>14757897</id>
</work>
<isbn>0356500772</isbn>
<isbn13>9780356500775</isbn13>
<average_rating>4.21</average_rating>
<ratings_count>3645</ratings_count>
<publication_year>2012</publication_year>
<publication_month>6</publication_month>
<publication_day>7</publication_day>
<authors>
<author>
<id>2917917</id>
<name>N.K. Jemisin</name>
<link><![CDATA[https://www.goodreads.com/author/show/2917917.N_K_Jemisin]]></link>
</author>
</authors>
</book>

          <book>
<id>1386012</id>
<title><![CDATA[The Year of Our War (Fourlands, #1)]]></title>
<title_without_series>The Year of Our War</title_without_series>
<link><![CDATA[https://www.goodreads.com/book/show/1386012.The_Year_of_Our_War]]></link>
<small_image_url><![CDATA[https://s.gr-assets.com/assets/nophoto/book/50x75-a91bf249278a81aabab721ef782c4a74.png]]></small_image_url>
<image_url><![CDATA[https://s.gr-assets.com/assets/nophoto/book/111x148-bcc042a9c91a29c1d680899eff700a03.png]]></image_url>
<num_pages>385</num_pages>
<work>
<id>1693774</id>
</work>
<isbn>0060753870</isbn>
<isbn13>9780060753870</isbn13>
<average_rating>3.62</average_rating>
<ratings_count>1119</ratings_count>
<publication_year></publication_year>
<publication_month></publication_month>
<publication_day></publication_day>
<authors>
<author>
<id>124792</id>
<name>Steph Swainston</name>
<link><![CDATA[https://www.goodreads.com/author/show/124792.Steph_Swainston]]></link>
</author>
</authors>
</book>

          <book>
<id>301538</id>
<title><![CDATA[The Darkness That Comes Before (The Prince of Nothing, #1)]]></title>
<title_without_series><![CDATA[The Darkness That Comes Before]]></title_without_series>
<link><![CDATA[https://www.goodreads.com/book/show/301538.The_Darkness_That_Comes_Before]]></link>
<small_image_url><![CDATA[https://images.gr-assets.com/books/1421630062s/301538.jpg]]></small_image_url>
<image_url><![CDATA[https://images.gr-assets.com/books/1421630062m/301538.jpg]]></image_url>
<num_pages>608</num_pages>
<work>
<id>887432</id>
</work>
<isbn>1585676772</isbn>
<isbn13>9781585676774</isbn13>
<average_rating>3.78</average_rating>
<ratings_count>14565</ratings_count>
<publication_year>2005</publication_year>
<publication_month>5</publication_month>
<publication_day>31</publication_day>
<authors>
<author>
<id>8587</id>
<name>R. Scott Bakker</name>
<link><![CDATA[https://www.goodreads.com/author/show/8587.R_Scott_Bakker]]></link>
</author>
</authors>
</book>

          <book>
<id>6616466</id>
<title>The Folding Knife</title>
<title_without_series>The Folding Knife</title_without_series>
<link><![CDATA[https://www.goodreads.com/book/show/6616466-the-folding-knife]]></link>
<small_image_url><![CDATA[https://images.gr-assets.com/books/1327985479s/6616466.jpg]]></small_image_url>
<image_url><![CDATA[https://images.gr-assets.com/books/1327985479m/6616466.jpg]]></image_url>
<num_pages>432</num_pages>
<work>
<id>6810560</id>
</work>
<isbn>0316038504</isbn>
<isbn13>9780316038508</isbn13>
<average_rating>3.92</average_rating>
<ratings_count>1979</ratings_count>
<publication_year>2010</publication_year>
<publication_month>2</publication_month>
<publication_day>22</publication_day>
<authors>
<author>
<id>240708</id>
<name>K.J. Parker</name>
<link><![CDATA[https://www.goodreads.com/author/show/240708.K_J_Parker]]></link>
</author>
</authors>
</book>

          <book>
<id>12074910</id>
<title>The Scar</title>
<title_without_series>The Scar</title_without_series>
<link><![CDATA[https://www.goodreads.com/book/show/12074910-the-scar]]></link>
<small_image_url><![CDATA[https://s.gr-assets.com/assets/nophoto/book/50x75-a91bf249278a81aabab721ef782c4a74.png]]></small_image_url>
<image_url><![CDATA[https://s.gr-assets.com/assets/nophoto/book/111x148-bcc042a9c91a29c1d680899eff700a03.png]]></image_url>
<num_pages></num_pages>
<work>
<id>17042622</id>
</work>
<isbn>076532993X</isbn>
<isbn13>9780765329936</isbn13>
<average_rating>3.90</average_rating>
<ratings_count>1005</ratings_count>
<publication_year></publication_year>
<publication_month></publication_month>
<publication_day></publication_day>
<authors>
<author>
<id>7580817</id>
<name>Marina Dyachenko</name>
<link><![CDATA[https://www.goodreads.com/author/show/7580817.Marina_Dyachenko]]></link>
</author>
</authors>
</book>

          <book>
<id>19821</id>
<title><![CDATA[Riddle-Master (Riddle-Master, #1-3)]]></title>
<title_without_series>Riddle-Master</title_without_series>
<link><![CDATA[https://www.goodreads.com/book/show/19821.Riddle_Master]]></link>
<small_image_url><![CDATA[https://images.gr-assets.com/books/1401387247s/19821.jpg]]></small_image_url>
<image_url><![CDATA[https://images.gr-assets.com/books/1401387247m/19821.jpg]]></image_url>
<num_pages>578</num_pages>
<work>
<id>78273</id>
</work>
<isbn>0441005969</isbn>
<isbn13>9780441005963</isbn13>
<average_rating>4.23</average_rating>
<ratings_count>9055</ratings_count>
<publication_year>1999</publication_year>
<publication_month>3</publication_month>
<publication_day></publication_day>
<authors>
<author>
<id>25</id>
<name>Patricia A. McKillip</name>
<link><![CDATA[https://www.goodreads.com/author/show/25.Patricia_A_McKillip]]></link>
</author>
</authors>
</book>

          <book>
<id>11282970</id>
<title>Blackdog</title>
<title_without_series>Blackdog</title_without_series>
<link><![CDATA[https://www.goodreads.com/book/show/11282970-blackdog]]></link>
<small_image_url><![CDATA[https://images.gr-assets.com/books/1318267619s/11282970.jpg]]></small_image_url>
<image_url><![CDATA[https://images.gr-assets.com/books/1318267619m/11282970.jpg]]></image_url>
<num_pages>547</num_pages>
<work>
<id>16210217</id>
</work>
<isbn>1616145218</isbn>
<isbn13>9781616145217</isbn13>
<average_rating>3.62</average_rating>
<ratings_count>597</ratings_count>
<publication_year>2011</publication_year>
<publication_month>9</publication_month>
<publication_day>20</publication_day>
<authors>
<author>
<id>1008054</id>
<name>K.V. Johansen</name>
<link><![CDATA[https://www.goodreads.com/author/show/1008054.K_V_Johansen]]></link>
</author>
</authors>
</book>

          <book>
<id>547448</id>
<title><![CDATA[In the Cities of Coin and Spice (The Orphan's Tales, #2)]]></title>
<title_without_series><![CDATA[In the Cities of Coin and Spice]]></title_without_series>
<link><![CDATA[https://www.goodreads.com/book/show/547448.In_the_Cities_of_Coin_and_Spice]]></link>
<small_image_url><![CDATA[https://images.gr-assets.com/books/1320495997s/547448.jpg]]></small_image_url>
<image_url><![CDATA[https://images.gr-assets.com/books/1320495997m/547448.jpg]]></image_url>
<num_pages>516</num_pages>
<work>
<id>534712</id>
</work>
<isbn>055338404X</isbn>
<isbn13>9780553384048</isbn13>
<average_rating>4.39</average_rating>
<ratings_count>2173</ratings_count>
<publication_year>2007</publication_year>
<publication_month>10</publication_month>
<publication_day>30</publication_day>
<authors>
<author>
<id>338705</id>
<name>Catherynne M. Valente</name>
<link><![CDATA[https://www.goodreads.com/author/show/338705.Catherynne_M_Valente]]></link>
</author>
</authors>
</book>

          <book>
<id>40992</id>
<title><![CDATA[Shadow & Claw (The Book of the New Sun #1-2)]]></title>
<title_without_series>Shadow &amp; Claw</title_without_series>
<link><![CDATA[https://www.goodreads.com/book/show/40992.Shadow_Claw]]></link>
<small_image_url><![CDATA[https://s.gr-assets.com/assets/nophoto/book/50x75-a91bf249278a81aabab721ef782c4a74.png]]></small_image_url>
<image_url><![CDATA[https://s.gr-assets.com/assets/nophoto/book/111x148-bcc042a9c91a29c1d680899eff700a03.png]]></image_url>
<num_pages>413</num_pages>
<work>
<id>40575</id>
</work>
<isbn>0312890176</isbn>
<isbn13>9780312890179</isbn13>
<average_rating>4.04</average_rating>
<ratings_count>12772</ratings_count>
<publication_year>1994</publication_year>
<publication_month>10</publication_month>
<publication_day>15</publication_day>
<authors>
<author>
<id>23069</id>
<name>Gene Wolfe</name>
<link><![CDATA[https://www.goodreads.com/author/show/23069.Gene_Wolfe]]></link>
</author>
</authors>
</book>

          <book>
<id>11487807</id>
<title><![CDATA[Throne of the Crescent Moon (The Crescent Moon Kingdoms, #1)]]></title>
<title_without_series>Throne of the Crescent Moon</title_without_series>
<link><![CDATA[https://www.goodreads.com/book/show/11487807-throne-of-the-crescent-moon]]></link>
<small_image_url><![CDATA[https://images.gr-assets.com/books/1344256189s/11487807.jpg]]></small_image_url>
<image_url><![CDATA[https://images.gr-assets.com/books/1344256189m/11487807.jpg]]></image_url>
<num_pages>274</num_pages>
<work>
<id>14520797</id>
</work>
<isbn>0756407117</isbn>
<isbn13>9780756407117</isbn13>
<average_rating>3.63</average_rating>
<ratings_count>8470</ratings_count>
<publication_year>2012</publication_year>
<publication_month>2</publication_month>
<publication_day>7</publication_day>
<authors>
<author>
<id>4025591</id>
<name>Saladin Ahmed</name>
<link><![CDATA[https://www.goodreads.com/author/show/4025591.Saladin_Ahmed]]></link>
</author>
</authors>
</book>

          <book>
<id>8420952</id>
<title><![CDATA[Hawkwood and the Kings (Monarchies of God, #1-2)]]></title>
<title_without_series>Hawkwood and the Kings</title_without_series>
<link><![CDATA[https://www.goodreads.com/book/show/8420952-hawkwood-and-the-kings]]></link>
<small_image_url><![CDATA[https://images.gr-assets.com/books/1276009756s/8420952.jpg]]></small_image_url>
<image_url><![CDATA[https://images.gr-assets.com/books/1276009756m/8420952.jpg]]></image_url>
<num_pages>700</num_pages>
<work>
<id>13283821</id>
</work>
<isbn>1906735700</isbn>
<isbn13>9781906735708</isbn13>
<average_rating>3.95</average_rating>
<ratings_count>957</ratings_count>
<publication_year>2010</publication_year>
<publication_month>8</publication_month>
<publication_day>1</publication_day>
<authors>
<author>
<id>387612</id>
<name>Paul Kearney</name>
<link><![CDATA[https://www.goodreads.com/author/show/387612.Paul_Kearney]]></link>
</author>
</authors>
</book>

          <book>
<id>367334</id>
<title><![CDATA[The Element of Fire (Ile-Rien, #1)]]></title>
<title_without_series>The Element of Fire</title_without_series>
<link><![CDATA[https://www.goodreads.com/book/show/367334.The_Element_of_Fire]]></link>
<small_image_url><![CDATA[https://s.gr-assets.com/assets/nophoto/book/50x75-a91bf249278a81aabab721ef782c4a74.png]]></small_image_url>
<image_url><![CDATA[https://s.gr-assets.com/assets/nophoto/book/111x148-bcc042a9c91a29c1d680899eff700a03.png]]></image_url>
<num_pages>314</num_pages>
<work>
<id>357332</id>
</work>
<isbn>0615135714</isbn>
<isbn13>9780615135717</isbn13>
<average_rating>3.97</average_rating>
<ratings_count>1223</ratings_count>
<publication_year>2006</publication_year>
<publication_month>11</publication_month>
<publication_day>13</publication_day>
<authors>
<author>
<id>87305</id>
<name>Martha Wells</name>
<link><![CDATA[https://www.goodreads.com/author/show/87305.Martha_Wells]]></link>
</author>
</authors>
</book>

  </similar_books>
</book>

</GoodreadsResponse>