<?xml version="1.0" encoding="UTF-8"?>
<GoodreadsResponse>
  <Request>
    <authentication>true</authentication>
      <key><![CDATA[all_men_must_serve]]></key>
    <method><![CDATA[book_show]]></method>
  </Request>
  <book>
  <id>10400407</id>
  <title>في ديسمبر تنتهي كل الأحلام</title>
  <isbn><![CDATA[9953716889]]></isbn>
  <isbn13><![CDATA[9789953716886]]></isbn13>
  <asin><![CDATA[]]></asin>
  <kindle_asin><![CDATA[]]></kindle_asin>
  <marketplace_id><![CDATA[]]></marketplace_id>
  <country_code><![CDATA[GB]]></country_code>
  <image_url>https://images.gr-assets.com/books/1304699101m/10400407.jpg</image_url>
  <small_image_url>https://images.gr-assets.com/books/1304699101s/10400407.jpg</small_image_url>
  <publication_year>2011</publication_year>
  <publication_month></publication_month>
  <publication_day></publication_day>
  <publisher>دار الفارابي</publisher>
  <language_code>ara</language_code>
  <is_ebook>false</is_ebook>
  <description><![CDATA[أنا مُكتئب , مُكتئب جداً ! .. وعادة لا تُصيبني الكآبة أثناء كتابتي لأيِ عمل ,أنا رجُل لطالما أحب مرحلة الكتابة .. رجلُ يستمتع بكُلِ ما يُصاحب تلك الفترةِ المُرهقة من أرقِ وألمِ وتضارب في المشاعر , لكنني وما أن يرى كتابي النور حتى أُصاب باكتئابِ مابعد " الكتابة " , فأكره كتابي " الوليد " لدرجةِ أشعر معها بالرغبةِ في أن أوئده وأتلفَ كُل نسخه , لكن حالة الكآبة بدأت مُبكرة هذه المرة , .. استبقتْ كآبتي نوفمبر واستبقت أيضاً روايتي الجديدة .. ولا أدري أن كُنت قادراً على أن أصمدَ حتى يناير القادم أو حتى إصدار الرواية !]]></description>
  <work>
  <id type="integer">18324025</id>
  <books_count type="integer">4</books_count>
  <best_book_id type="integer">10400407</best_book_id>
  <reviews_count type="integer">42394</reviews_count>
  <ratings_sum type="integer">58090</ratings_sum>
  <ratings_count type="integer">17423</ratings_count>
  <text_reviews_count type="integer">2021</text_reviews_count>
  <original_publication_year type="integer">2011</original_publication_year>
  <original_publication_month type="integer">1</original_publication_month>
  <original_publication_day type="integer">1</original_publication_day>
  <original_title>في ديسمبر تنتهي كل الأحلام</original_title>
  <original_language_id type="integer" nil="true"/>
  <media_type>book</media_type>
  <rating_dist>5:3979|4:3964|3:4980|2:2899|1:1601|total:17423</rating_dist>
  <desc_user_id type="integer">2158225</desc_user_id>
  <default_chaptering_book_id type="integer" nil="true"/>
  <default_description_language_code nil="true"/>
</work>
  <average_rating>3.33</average_rating>
  <num_pages><![CDATA[182]]></num_pages>
  <format><![CDATA[Paperback]]></format>
  <edition_information><![CDATA[الطبعة الأولى]]></edition_information>
  <ratings_count><![CDATA[16491]]></ratings_count>
  <text_reviews_count><![CDATA[1916]]></text_reviews_count>
  <url><![CDATA[https://www.goodreads.com/book/show/10400407]]></url>
  <link><![CDATA[https://www.goodreads.com/book/show/10400407]]></link>
  <authors>
<author>
<id>3162181</id>
<name>أثير عبدالله النشمي</name>
<role></role>
<image_url nophoto='false'>
<![CDATA[https://images.gr-assets.com/authors/1258949865p5/3162181.jpg]]>
</image_url>
<small_image_url nophoto='false'>
<![CDATA[https://images.gr-assets.com/authors/1258949865p2/3162181.jpg]]>
</small_image_url>
<link><![CDATA[https://www.goodreads.com/author/show/3162181._]]></link>
<average_rating>3.52</average_rating>
<ratings_count>87527</ratings_count>
<text_reviews_count>10505</text_reviews_count>
</author>
</authors>

    <reviews_widget>
      <![CDATA[
        <style>
  #goodreads-widget {
    font-family: georgia, serif;
    padding: 18px 0;
    width:565px;
  }
  #goodreads-widget h1 {
    font-weight:normal;
    font-size: 16px;
    border-bottom: 1px solid #BBB596;
    margin-bottom: 0;
  }
  #goodreads-widget a {
    text-decoration: none;
    color:#660;
  }
  iframe{
    background-color: #fff;
  }
  #goodreads-widget a:hover { text-decoration: underline; }
  #goodreads-widget a:active {
    color:#660;
  }
  #gr_footer {
    width: 100%;
    border-top: 1px solid #BBB596;
    text-align: right;
  }
  #goodreads-widget .gr_branding{
    color: #382110;
    font-size: 11px;
    text-decoration: none;
    font-family: "Helvetica Neue", Helvetica, Arial, sans-serif;
  }
</style>
<div id="goodreads-widget">
  <div id="gr_header"><h1><a rel="nofollow" href="https://www.goodreads.com/book/show/10400407">في ديسمبر تنتهي كل الأحلام Reviews</a></h1></div>
  <iframe id="the_iframe" src="https://www.goodreads.com/api/reviews_widget_iframe?did=DEVELOPER_ID&amp;format=html&amp;isbn=9953716889&amp;links=660&amp;min_rating=&amp;review_back=fff&amp;stars=000&amp;text=000" width="565" height="400" frameborder="0"></iframe>
  <div id="gr_footer">
    <a class="gr_branding" target="_blank" rel="nofollow" href="https://www.goodreads.com/book/show/10400407?utm_medium=api&amp;utm_source=reviews_widget">Reviews from Goodreads.com</a>
  </div>
</div>

      ]]>
    </reviews_widget>
  <popular_shelves>
      <shelf name="to-read" count="322"/>
      <shelf name="pdf" count="60"/>
      <shelf name="novels" count="57"/>
      <shelf name="arabic" count="26"/>
      <shelf name="روايات-عربية" count="25"/>
      <shelf name="to-buy" count="17"/>
      <shelf name="currently-reading" count="16"/>
      <shelf name="arabic-novels" count="16"/>
      <shelf name="arabic-books" count="16"/>
      <shelf name="أثير-عبدالله-النشمي" count="14"/>
      <shelf name="romance" count="14"/>
      <shelf name="e-book" count="11"/>
      <shelf name="fiction" count="11"/>
      <shelf name="finished" count="11"/>
      <shelf name="رواية" count="11"/>
      <shelf name="novel" count="11"/>
      <shelf name="1" count="10"/>
      <shelf name="e-books" count="10"/>
      <shelf name="أثير-عبدالله" count="10"/>
      <shelf name="my-books" count="9"/>
      <shelf name="owned" count="9"/>
      <shelf name="أدب-عربي" count="8"/>
      <shelf name="أثير-عبد-الله-النشمي" count="7"/>
      <shelf name="ebook" count="7"/>
      <shelf name="في-ديسمبر-تنتهي-كل-الأحلام" count="7"/>
      <shelf name="romantic" count="7"/>
      <shelf name="ebooks" count="7"/>
      <shelf name="my-library" count="6"/>
      <shelf name="اثير-عبدالله" count="6"/>
      <shelf name="books" count="6"/>
      <shelf name="favorite" count="6"/>
      <shelf name="finished-reading" count="6"/>
      <shelf name="في-ديسمبر-تنتهي-كل-الاحلام" count="5"/>
      <shelf name="رواياتي" count="5"/>
      <shelf name="owned-books" count="5"/>
      <shelf name="اثير-عبد-الله-النشمي" count="4"/>
      <shelf name="مكتبتي" count="4"/>
      <shelf name="literature" count="4"/>
      <shelf name="done-reading" count="4"/>
      <shelf name="love" count="4"/>
      <shelf name="أثير-عبدالله-النشمى" count="4"/>
      <shelf name="اثير" count="4"/>
      <shelf name="كتبي" count="4"/>
      <shelf name="favourite" count="4"/>
      <shelf name="in-my-library" count="4"/>
      <shelf name="عربي" count="4"/>
      <shelf name="read-in-2016" count="3"/>
      <shelf name="كتب-عربية" count="3"/>
      <shelf name="borrowed" count="3"/>
      <shelf name="read-in-2015" count="3"/>
      <shelf name="اثير-عبد-الله" count="3"/>
      <shelf name="books-i-own" count="3"/>
      <shelf name="novels-روايات" count="3"/>
      <shelf name="book" count="3"/>
      <shelf name="رومانسي" count="3"/>
      <shelf name="فى-ديسمبر-تنتهى-كل-الاحلام" count="3"/>
      <shelf name="أثير-النشمي" count="3"/>
      <shelf name="2013-challenge" count="3"/>
      <shelf name="2013-books" count="3"/>
      <shelf name="روايات-عربيه" count="3"/>
      <shelf name="facebook" count="3"/>
      <shelf name="أدب" count="3"/>
      <shelf name="2" count="3"/>
      <shelf name="الروايات" count="3"/>
      <shelf name="روايات-وقصص" count="3"/>
      <shelf name="not-completed" count="3"/>
      <shelf name="روآيآت" count="3"/>
      <shelf name="روايات" count="2"/>
      <shelf name="finish" count="2"/>
      <shelf name="نسخ-إلكترونية" count="2"/>
      <shelf name="جديد" count="2"/>
      <shelf name="أثير_عبدالله_النشمي" count="2"/>
      <shelf name="ورقي" count="2"/>
      <shelf name="arab-literature" count="2"/>
      <shelf name="books-i-have" count="2"/>
      <shelf name="الرواية" count="2"/>
      <shelf name="إلكتروني" count="2"/>
      <shelf name="my-book" count="2"/>
      <shelf name="بالعربي" count="2"/>
      <shelf name="contemporary" count="2"/>
      <shelf name="أثير-عبد-الله-النشمى" count="2"/>
      <shelf name="unfinished" count="2"/>
      <shelf name="استعارة" count="2"/>
      <shelf name="روايات-حب" count="2"/>
      <shelf name="arabic-novel" count="2"/>
      <shelf name="bought" count="2"/>
      <shelf name="لا-تستحق-القراءة" count="2"/>
      <shelf name="h" count="2"/>
      <shelf name="arabic-fiction" count="2"/>
      <shelf name="الأدب" count="2"/>
      <shelf name="فلتغفري" count="2"/>
      <shelf name="أثير" count="2"/>
      <shelf name="قصص-وروايات" count="2"/>
      <shelf name="sad" count="2"/>
      <shelf name="ديسمبر" count="2"/>
      <shelf name="ن" count="2"/>
      <shelf name="downloaded" count="2"/>
      <shelf name="my-shelf" count="2"/>
      <shelf name="في-ديسمبر" count="2"/>
      <shelf name="في-مكتبتي" count="2"/>
  </popular_shelves>
  <book_links>
    <book_link>
  <id>8</id>
  <name>Libraries</name>
  <link>https://www.goodreads.com/book_link/follow/8</link>
</book_link>

  </book_links>
  <buy_links>
    <buy_link>
<id>1</id>
<name>Amazon</name>
<link>https://www.goodreads.com/book_link/follow/1</link>
</buy_link>
<buy_link>
<id>10</id>
<name>Audible</name>
<link>https://www.goodreads.com/book_link/follow/10</link>
</buy_link>
<buy_link>
<id>3</id>
<name>Barnes &amp; Noble</name>
<link>https://www.goodreads.com/book_link/follow/3</link>
</buy_link>
<buy_link>
<id>1027</id>
<name>Kobo</name>
<link>https://www.goodreads.com/book_link/follow/1027</link>
</buy_link>
<buy_link>
<id>2102</id>
<name>Apple iBooks</name>
<link>https://www.goodreads.com/book_link/follow/2102</link>
</buy_link>
<buy_link>
<id>8036</id>
<name>Google Play</name>
<link>https://www.goodreads.com/book_link/follow/8036</link>
</buy_link>
<buy_link>
<id>4</id>
<name>Abebooks</name>
<link>https://www.goodreads.com/book_link/follow/4</link>
</buy_link>
<buy_link>
<id>882</id>
<name>Book Depository</name>
<link>https://www.goodreads.com/book_link/follow/882</link>
</buy_link>
<buy_link>
<id>9</id>
<name>Indigo</name>
<link>https://www.goodreads.com/book_link/follow/9</link>
</buy_link>
<buy_link>
<id>2</id>
<name>Half.com</name>
<link>https://www.goodreads.com/book_link/follow/2</link>
</buy_link>
<buy_link>
<id>5</id>
<name>Alibris</name>
<link>https://www.goodreads.com/book_link/follow/5</link>
</buy_link>
<buy_link>
<id>107</id>
<name>Better World Books</name>
<link>https://www.goodreads.com/book_link/follow/107</link>
</buy_link>
<buy_link>
<id>7</id>
<name>IndieBound</name>
<link>https://www.goodreads.com/book_link/follow/7</link>
</buy_link>

  </buy_links>
  <series_works>
    
  </series_works>
  <similar_books>
          <book>
<id>8014052</id>
<title>مشاعر مُرهَقة</title>
<title_without_series>مشاعر مُرهَقة</title_without_series>
<link><![CDATA[https://www.goodreads.com/book/show/8014052]]></link>
<small_image_url><![CDATA[https://images.gr-assets.com/books/1332943510s/8014052.jpg]]></small_image_url>
<image_url><![CDATA[https://images.gr-assets.com/books/1332943510m/8014052.jpg]]></image_url>
<num_pages>49</num_pages>
<work>
<id>12568381</id>
</work>
<isbn></isbn>
<isbn13></isbn13>
<average_rating>3.57</average_rating>
<ratings_count>1831</ratings_count>
<publication_year>2010</publication_year>
<publication_month>2</publication_month>
<publication_day>22</publication_day>
<authors>
<author>
<id>3474687</id>
<name>سارة درويش</name>
<link><![CDATA[https://www.goodreads.com/author/show/3474687._]]></link>
</author>
</authors>
</book>

          <book>
<id>8126204</id>
<title>تحت سماء كوبنهاغن</title>
<title_without_series>تحت سماء كوبنهاغن</title_without_series>
<link><![CDATA[https://www.goodreads.com/book/show/8126204]]></link>
<small_image_url><![CDATA[https://images.gr-assets.com/books/1272861527s/8126204.jpg]]></small_image_url>
<image_url><![CDATA[https://images.gr-assets.com/books/1272861527m/8126204.jpg]]></image_url>
<num_pages>392</num_pages>
<work>
<id>12921882</id>
</work>
<isbn></isbn>
<isbn13>9781855165502</isbn13>
<average_rating>3.60</average_rating>
<ratings_count>2922</ratings_count>
<publication_year>2010</publication_year>
<publication_month></publication_month>
<publication_day></publication_day>
<authors>
<author>
<id>3513843</id>
<name>حوراء النداوي</name>
<link><![CDATA[https://www.goodreads.com/author/show/3513843._]]></link>
</author>
</authors>
</book>

          <book>
<id>3153116</id>
<title>سقف الكفاية</title>
<title_without_series>سقف الكفاية</title_without_series>
<link><![CDATA[https://www.goodreads.com/book/show/3153116]]></link>
<small_image_url><![CDATA[https://s.gr-assets.com/assets/nophoto/book/50x75-a91bf249278a81aabab721ef782c4a74.png]]></small_image_url>
<image_url><![CDATA[https://s.gr-assets.com/assets/nophoto/book/111x148-bcc042a9c91a29c1d680899eff700a03.png]]></image_url>
<num_pages>400</num_pages>
<work>
<id>3184697</id>
</work>
<isbn></isbn>
<isbn13></isbn13>
<average_rating>3.55</average_rating>
<ratings_count>7474</ratings_count>
<publication_year>2002</publication_year>
<publication_month></publication_month>
<publication_day></publication_day>
<authors>
<author>
<id>1344300</id>
<name>محمد حسن علوان</name>
<link><![CDATA[https://www.goodreads.com/author/show/1344300._]]></link>
</author>
</authors>
</book>

          <book>
<id>9780454</id>
<title>لا شيء يشبهني</title>
<title_without_series>لا شيء يشبهني</title_without_series>
<link><![CDATA[https://www.goodreads.com/book/show/9780454]]></link>
<small_image_url><![CDATA[https://images.gr-assets.com/books/1290910242s/9780454.jpg]]></small_image_url>
<image_url><![CDATA[https://images.gr-assets.com/books/1290910242m/9780454.jpg]]></image_url>
<num_pages>86</num_pages>
<work>
<id>14670211</id>
</work>
<isbn></isbn>
<isbn13></isbn13>
<average_rating>3.38</average_rating>
<ratings_count>2147</ratings_count>
<publication_year>2010</publication_year>
<publication_month>11</publication_month>
<publication_day>30</publication_day>
<authors>
<author>
<id>4482196</id>
<name>أسما حسين</name>
<link><![CDATA[https://www.goodreads.com/author/show/4482196._]]></link>
</author>
</authors>
</book>

          <book>
<id>7433963</id>
<title>في معنى أن أكبر</title>
<title_without_series>في معنى أن أكبر</title_without_series>
<link><![CDATA[https://www.goodreads.com/book/show/7433963]]></link>
<small_image_url><![CDATA[https://images.gr-assets.com/books/1262022146s/7433963.jpg]]></small_image_url>
<image_url><![CDATA[https://images.gr-assets.com/books/1262022146m/7433963.jpg]]></image_url>
<num_pages>63</num_pages>
<work>
<id>9422420</id>
</work>
<isbn></isbn>
<isbn13>9789953891354</isbn13>
<average_rating>3.65</average_rating>
<ratings_count>2617</ratings_count>
<publication_year>2009</publication_year>
<publication_month>11</publication_month>
<publication_day>2</publication_day>
<authors>
<author>
<id>1504898</id>
<name>ليلى الجهني</name>
<link><![CDATA[https://www.goodreads.com/author/show/1504898._]]></link>
</author>
</authors>
</book>

          <book>
<id>3322992</id>
<title>أعلنت عليك الحب</title>
<title_without_series>أعلنت عليك الحب</title_without_series>
<link><![CDATA[https://www.goodreads.com/book/show/3322992]]></link>
<small_image_url><![CDATA[https://s.gr-assets.com/assets/nophoto/book/50x75-a91bf249278a81aabab721ef782c4a74.png]]></small_image_url>
<image_url><![CDATA[https://s.gr-assets.com/assets/nophoto/book/111x148-bcc042a9c91a29c1d680899eff700a03.png]]></image_url>
<num_pages>160</num_pages>
<work>
<id>3360821</id>
</work>
<isbn></isbn>
<isbn13></isbn13>
<average_rating>3.64</average_rating>
<ratings_count>5249</ratings_count>
<publication_year>1999</publication_year>
<publication_month></publication_month>
<publication_day></publication_day>
<authors>
<author>
<id>1405181</id>
<name>غادة السمان</name>
<link><![CDATA[https://www.goodreads.com/author/show/1405181._]]></link>
</author>
</authors>
</book>

          <book>
<id>10691701</id>
<title>قيس وليلى والذئب</title>
<title_without_series>قيس وليلى والذئب</title_without_series>
<link><![CDATA[https://www.goodreads.com/book/show/10691701]]></link>
<small_image_url><![CDATA[https://images.gr-assets.com/books/1299345366s/10691701.jpg]]></small_image_url>
<image_url><![CDATA[https://images.gr-assets.com/books/1299345366m/10691701.jpg]]></image_url>
<num_pages>129</num_pages>
<work>
<id>15601684</id>
</work>
<isbn></isbn>
<isbn13>9789953361517</isbn13>
<average_rating>3.53</average_rating>
<ratings_count>3194</ratings_count>
<publication_year>2011</publication_year>
<publication_month>3</publication_month>
<publication_day>5</publication_day>
<authors>
<author>
<id>2750123</id>
<name>بثينة العيسى</name>
<link><![CDATA[https://www.goodreads.com/author/show/2750123._]]></link>
</author>
</authors>
</book>

          <book>
<id>7824768</id>
<title>ليتها تقرأ</title>
<title_without_series>ليتها تقرأ</title_without_series>
<link><![CDATA[https://www.goodreads.com/book/show/7824768]]></link>
<small_image_url><![CDATA[https://s.gr-assets.com/assets/nophoto/book/50x75-a91bf249278a81aabab721ef782c4a74.png]]></small_image_url>
<image_url><![CDATA[https://s.gr-assets.com/assets/nophoto/book/111x148-bcc042a9c91a29c1d680899eff700a03.png]]></image_url>
<num_pages>147</num_pages>
<work>
<id>10871526</id>
</work>
<isbn></isbn>
<isbn13>9789953715100</isbn13>
<average_rating>3.04</average_rating>
<ratings_count>9830</ratings_count>
<publication_year>2010</publication_year>
<publication_month></publication_month>
<publication_day></publication_day>
<authors>
<author>
<id>3407560</id>
<name>خالد الباتلي</name>
<link><![CDATA[https://www.goodreads.com/author/show/3407560._]]></link>
</author>
</authors>
</book>

          <book>
<id>6054132</id>
<title>لا أشبه أحدًا</title>
<title_without_series>لا أشبه أحدًا</title_without_series>
<link><![CDATA[https://www.goodreads.com/book/show/6054132]]></link>
<small_image_url><![CDATA[https://s.gr-assets.com/assets/nophoto/book/50x75-a91bf249278a81aabab721ef782c4a74.png]]></small_image_url>
<image_url><![CDATA[https://s.gr-assets.com/assets/nophoto/book/111x148-bcc042a9c91a29c1d680899eff700a03.png]]></image_url>
<num_pages>58</num_pages>
<work>
<id>6229938</id>
</work>
<isbn></isbn>
<isbn13></isbn13>
<average_rating>3.36</average_rating>
<ratings_count>2217</ratings_count>
<publication_year>1996</publication_year>
<publication_month></publication_month>
<publication_day></publication_day>
<authors>
<author>
<id>2766330</id>
<name>سوزان عليوان</name>
<link><![CDATA[https://www.goodreads.com/author/show/2766330._]]></link>
</author>
</authors>
</book>

          <book>
<id>6489288</id>
<title>طوق الياسمين</title>
<title_without_series>طوق الياسمين</title_without_series>
<link><![CDATA[https://www.goodreads.com/book/show/6489288]]></link>
<small_image_url><![CDATA[https://images.gr-assets.com/books/1304698047s/6489288.jpg]]></small_image_url>
<image_url><![CDATA[https://images.gr-assets.com/books/1304698047m/6489288.jpg]]></image_url>
<num_pages>286</num_pages>
<work>
<id>6680677</id>
</work>
<isbn></isbn>
<isbn13></isbn13>
<average_rating>3.52</average_rating>
<ratings_count>5709</ratings_count>
<publication_year>2003</publication_year>
<publication_month></publication_month>
<publication_day></publication_day>
<authors>
<author>
<id>1021062</id>
<name>واسيني الأعرج</name>
<link><![CDATA[https://www.goodreads.com/author/show/1021062._]]></link>
</author>
</authors>
</book>

          <book>
<id>3437941</id>
<title>ن</title>
<title_without_series>ن</title_without_series>
<link><![CDATA[https://www.goodreads.com/book/show/3437941]]></link>
<small_image_url><![CDATA[https://s.gr-assets.com/assets/nophoto/book/50x75-a91bf249278a81aabab721ef782c4a74.png]]></small_image_url>
<image_url><![CDATA[https://s.gr-assets.com/assets/nophoto/book/111x148-bcc042a9c91a29c1d680899eff700a03.png]]></image_url>
<num_pages>370</num_pages>
<work>
<id>3478950</id>
</work>
<isbn></isbn>
<isbn13>0009770712507</isbn13>
<average_rating>3.36</average_rating>
<ratings_count>1707</ratings_count>
<publication_year>2007</publication_year>
<publication_month></publication_month>
<publication_day></publication_day>
<authors>
<author>
<id>1446223</id>
<name>سحر الموجي</name>
<link><![CDATA[https://www.goodreads.com/author/show/1446223._]]></link>
</author>
</authors>
</book>

          <book>
<id>6114548</id>
<title>الكتابة في لحظة عري</title>
<title_without_series>الكتابة في لحظة عري</title_without_series>
<link><![CDATA[https://www.goodreads.com/book/show/6114548]]></link>
<small_image_url><![CDATA[https://s.gr-assets.com/assets/nophoto/book/50x75-a91bf249278a81aabab721ef782c4a74.png]]></small_image_url>
<image_url><![CDATA[https://s.gr-assets.com/assets/nophoto/book/111x148-bcc042a9c91a29c1d680899eff700a03.png]]></image_url>
<num_pages>52</num_pages>
<work>
<id>6292595</id>
</work>
<isbn></isbn>
<isbn13></isbn13>
<average_rating>3.50</average_rating>
<ratings_count>1924</ratings_count>
<publication_year></publication_year>
<publication_month></publication_month>
<publication_day></publication_day>
<authors>
<author>
<id>1109606</id>
<name>أحلام مستغانمي</name>
<link><![CDATA[https://www.goodreads.com/author/show/1109606._]]></link>
</author>
</authors>
</book>

          <book>
<id>11205152</id>
<title>يوميات كهل صغير السن</title>
<title_without_series>يوميات كهل صغير السن</title_without_series>
<link><![CDATA[https://www.goodreads.com/book/show/11205152]]></link>
<small_image_url><![CDATA[https://s.gr-assets.com/assets/nophoto/book/50x75-a91bf249278a81aabab721ef782c4a74.png]]></small_image_url>
<image_url><![CDATA[https://s.gr-assets.com/assets/nophoto/book/111x148-bcc042a9c91a29c1d680899eff700a03.png]]></image_url>
<num_pages>52</num_pages>
<work>
<id>16130358</id>
</work>
<isbn>1291032452</isbn>
<isbn13>9781291032451</isbn13>
<average_rating>3.42</average_rating>
<ratings_count>5130</ratings_count>
<publication_year>2011</publication_year>
<publication_month>4</publication_month>
<publication_day>24</publication_day>
<authors>
<author>
<id>2896537</id>
<name>عمرو صبحي</name>
<link><![CDATA[https://www.goodreads.com/author/show/2896537._]]></link>
</author>
</authors>
</book>

          <book>
<id>3657262</id>
<title><![CDATA[رسائل غسان كنفاني إلى غادة السمان]]></title>
<title_without_series><![CDATA[رسائل غسان كنفاني إلى غادة السمان]]></title_without_series>
<link><![CDATA[https://www.goodreads.com/book/show/3657262]]></link>
<small_image_url><![CDATA[https://s.gr-assets.com/assets/nophoto/book/50x75-a91bf249278a81aabab721ef782c4a74.png]]></small_image_url>
<image_url><![CDATA[https://s.gr-assets.com/assets/nophoto/book/111x148-bcc042a9c91a29c1d680899eff700a03.png]]></image_url>
<num_pages>176</num_pages>
<work>
<id>3700464</id>
</work>
<isbn></isbn>
<isbn13></isbn13>
<average_rating>3.82</average_rating>
<ratings_count>6355</ratings_count>
<publication_year>1999</publication_year>
<publication_month>1</publication_month>
<publication_day></publication_day>
<authors>
<author>
<id>72154</id>
<name>غسان كنفاني</name>
<link><![CDATA[https://www.goodreads.com/author/show/72154._]]></link>
</author>
</authors>
</book>

          <book>
<id>13516581</id>
<title><![CDATA[الحياة كما لو كانت نزهة ويك إند]]></title>
<title_without_series><![CDATA[الحياة كما لو كانت نزهة ويك إند]]></title_without_series>
<link><![CDATA[https://www.goodreads.com/book/show/13516581]]></link>
<small_image_url><![CDATA[https://images.gr-assets.com/books/1331188228s/13516581.jpg]]></small_image_url>
<image_url><![CDATA[https://images.gr-assets.com/books/1331188228m/13516581.jpg]]></image_url>
<num_pages>135</num_pages>
<work>
<id>19073961</id>
</work>
<isbn></isbn>
<isbn13></isbn13>
<average_rating>3.32</average_rating>
<ratings_count>909</ratings_count>
<publication_year>2012</publication_year>
<publication_month></publication_month>
<publication_day></publication_day>
<authors>
<author>
<id>6419931</id>
<name>نور البواردى</name>
<link><![CDATA[https://www.goodreads.com/author/show/6419931._]]></link>
</author>
</authors>
</book>

          <book>
<id>10796811</id>
<title>النصف المضيء من الباب الموارب</title>
<title_without_series>النصف المضيء من الباب الموارب</title_without_series>
<link><![CDATA[https://www.goodreads.com/book/show/10796811]]></link>
<small_image_url><![CDATA[https://s.gr-assets.com/assets/nophoto/book/50x75-a91bf249278a81aabab721ef782c4a74.png]]></small_image_url>
<image_url><![CDATA[https://s.gr-assets.com/assets/nophoto/book/111x148-bcc042a9c91a29c1d680899eff700a03.png]]></image_url>
<num_pages>127</num_pages>
<work>
<id>15709467</id>
</work>
<isbn></isbn>
<isbn13></isbn13>
<average_rating>3.47</average_rating>
<ratings_count>640</ratings_count>
<publication_year>2012</publication_year>
<publication_month></publication_month>
<publication_day></publication_day>
<authors>
<author>
<id>4719363</id>
<name>Nour Albawardi</name>
<link><![CDATA[https://www.goodreads.com/author/show/4719363.Nour_Albawardi]]></link>
</author>
</authors>
</book>

  </similar_books>
</book>

</GoodreadsResponse>