<?xml version="1.0" encoding="UTF-8"?>
<GoodreadsResponse>
  <Request>
    <authentication>true</authentication>
      <key><![CDATA[all_men_must_serve]]></key>
    <method><![CDATA[book_show]]></method>
  </Request>
  <book>
  <id>10401084</id>
  <title>Storm (Elemental, #1)</title>
  <isbn><![CDATA[0758272812]]></isbn>
  <isbn13><![CDATA[9780758272812]]></isbn13>
  <asin><![CDATA[]]></asin>
  <kindle_asin><![CDATA[]]></kindle_asin>
  <marketplace_id><![CDATA[]]></marketplace_id>
  <country_code><![CDATA[GB]]></country_code>
  <image_url>https://images.gr-assets.com/books/1325995724m/10401084.jpg</image_url>
  <small_image_url>https://images.gr-assets.com/books/1325995724s/10401084.jpg</small_image_url>
  <publication_year>2012</publication_year>
  <publication_month>4</publication_month>
  <publication_day>24</publication_day>
  <publisher>Kensington</publisher>
  <language_code>en-US</language_code>
  <is_ebook>false</is_ebook>
  <description><![CDATA[<b>Earth, Fire, Air, Water – they have more power than you dream.</b><br /><br />Ever since her ex-boyfriend spread those lies about her, Becca Chandler is suddenly getting all the guys—all the ones she <i>doesn't</i> want. Then she saves Chris Merrick from a beating in the school parking lot. Chris is different. <i>Way</i> different: he can control water—just like his brothers can control fire, wind, and earth. They’re powerful. Dangerous. Marked for death.<br /><br />And now that she knows the truth, so is Becca.<br /><br />Secrets are hard to keep when your life’s at stake. When Hunter, the mysterious new kid around school, turns up with a talent for being in the wrong place at the right time, Becca thinks she can trust him. But then Hunter goes head-to-head with Chris, and Becca wonders who’s hiding the most dangerous truth of all.<br /><br /><b>The storm is coming . . .</b>]]></description>
  <work>
  <id type="integer">15305022</id>
  <books_count type="integer">18</books_count>
  <best_book_id type="integer">10401084</best_book_id>
  <reviews_count type="integer">65607</reviews_count>
  <ratings_sum type="integer">90929</ratings_sum>
  <ratings_count type="integer">22956</ratings_count>
  <text_reviews_count type="integer">2281</text_reviews_count>
  <original_publication_year type="integer">2012</original_publication_year>
  <original_publication_month type="integer">4</original_publication_month>
  <original_publication_day type="integer">24</original_publication_day>
  <original_title>Storm</original_title>
  <original_language_id type="integer" nil="true"/>
  <media_type>book</media_type>
  <rating_dist>5:7862|4:8620|3:4722|2:1221|1:531|total:22956</rating_dist>
  <desc_user_id type="integer">3973089</desc_user_id>
  <default_chaptering_book_id type="integer" nil="true"/>
  <default_description_language_code nil="true"/>
</work>
  <average_rating>3.96</average_rating>
  <num_pages><![CDATA[432]]></num_pages>
  <format><![CDATA[Paperback]]></format>
  <edition_information><![CDATA[]]></edition_information>
  <ratings_count><![CDATA[21285]]></ratings_count>
  <text_reviews_count><![CDATA[1931]]></text_reviews_count>
  <url><![CDATA[https://www.goodreads.com/book/show/10401084-storm]]></url>
  <link><![CDATA[https://www.goodreads.com/book/show/10401084-storm]]></link>
  <authors>
<author>
<id>4629194</id>
<name>Brigid Kemmerer</name>
<role></role>
<image_url nophoto='false'>
<![CDATA[https://images.gr-assets.com/authors/1481736021p5/4629194.jpg]]>
</image_url>
<small_image_url nophoto='false'>
<![CDATA[https://images.gr-assets.com/authors/1481736021p2/4629194.jpg]]>
</small_image_url>
<link><![CDATA[https://www.goodreads.com/author/show/4629194.Brigid_Kemmerer]]></link>
<average_rating>4.03</average_rating>
<ratings_count>69751</ratings_count>
<text_reviews_count>8229</text_reviews_count>
</author>
</authors>

    <reviews_widget>
      <![CDATA[
        <style>
  #goodreads-widget {
    font-family: georgia, serif;
    padding: 18px 0;
    width:565px;
  }
  #goodreads-widget h1 {
    font-weight:normal;
    font-size: 16px;
    border-bottom: 1px solid #BBB596;
    margin-bottom: 0;
  }
  #goodreads-widget a {
    text-decoration: none;
    color:#660;
  }
  iframe{
    background-color: #fff;
  }
  #goodreads-widget a:hover { text-decoration: underline; }
  #goodreads-widget a:active {
    color:#660;
  }
  #gr_footer {
    width: 100%;
    border-top: 1px solid #BBB596;
    text-align: right;
  }
  #goodreads-widget .gr_branding{
    color: #382110;
    font-size: 11px;
    text-decoration: none;
    font-family: "Helvetica Neue", Helvetica, Arial, sans-serif;
  }
</style>
<div id="goodreads-widget">
  <div id="gr_header"><h1><a rel="nofollow" href="https://www.goodreads.com/book/show/10401084-storm">Storm Reviews</a></h1></div>
  <iframe id="the_iframe" src="https://www.goodreads.com/api/reviews_widget_iframe?did=DEVELOPER_ID&amp;format=html&amp;isbn=0758272812&amp;links=660&amp;min_rating=&amp;review_back=fff&amp;stars=000&amp;text=000" width="565" height="400" frameborder="0"></iframe>
  <div id="gr_footer">
    <a class="gr_branding" target="_blank" rel="nofollow" href="https://www.goodreads.com/book/show/10401084-storm?utm_medium=api&amp;utm_source=reviews_widget">Reviews from Goodreads.com</a>
  </div>
</div>

      ]]>
    </reviews_widget>
  <popular_shelves>
      <shelf name="to-read" count="975"/>
      <shelf name="currently-reading" count="263"/>
      <shelf name="supernatural" count="154"/>
      <shelf name="love-triangle" count="80"/>
      <shelf name="favourites" count="72"/>
      <shelf name="high-school" count="62"/>
      <shelf name="young-adult" count="61"/>
      <shelf name="read-in-2012" count="60"/>
      <shelf name="fantasy" count="47"/>
      <shelf name="to-buy" count="44"/>
      <shelf name="contemporary" count="42"/>
      <shelf name="elementals" count="40"/>
      <shelf name="wish-list" count="39"/>
      <shelf name="action" count="35"/>
      <shelf name="reviewed" count="32"/>
      <shelf name="ya" count="29"/>
      <shelf name="read-in-2014" count="29"/>
      <shelf name="brigid-kemmerer" count="29"/>
      <shelf name="elements" count="28"/>
      <shelf name="e-books" count="26"/>
      <shelf name="owned-books" count="25"/>
      <shelf name="2012-release" count="24"/>
      <shelf name="dnf" count="23"/>
      <shelf name="fantasy-paranormal" count="23"/>
      <shelf name="read-2012" count="23"/>
      <shelf name="superpowers" count="22"/>
      <shelf name="paranormal-supernatural" count="22"/>
      <shelf name="family" count="22"/>
      <shelf name="ya-fiction" count="22"/>
      <shelf name="2012-releases" count="22"/>
      <shelf name="paranormal" count="21"/>
      <shelf name="book-boyfriends" count="21"/>
      <shelf name="romance" count="20"/>
      <shelf name="read-in-2015" count="20"/>
      <shelf name="favorites" count="19"/>
      <shelf name="kindle-books" count="19"/>
      <shelf name="mystery" count="19"/>
      <shelf name="must-read" count="18"/>
      <shelf name="need-to-buy" count="17"/>
      <shelf name="science-fiction" count="17"/>
      <shelf name="on-kindle" count="17"/>
      <shelf name="2014-reads" count="16"/>
      <shelf name="elemental-series" count="16"/>
      <shelf name="super-powers" count="16"/>
      <shelf name="read-in-english" count="16"/>
      <shelf name="have" count="16"/>
      <shelf name="ya-romance" count="16"/>
      <shelf name="favorite-series" count="15"/>
      <shelf name="did-not-finish" count="15"/>
      <shelf name="book-boyfriend" count="15"/>
      <shelf name="own-kindle" count="14"/>
      <shelf name="loved" count="14"/>
      <shelf name="young-adult-paranormal" count="14"/>
      <shelf name="recommended" count="14"/>
      <shelf name="love-triangles" count="14"/>
      <shelf name="want" count="14"/>
      <shelf name="audiobook" count="13"/>
      <shelf name="brothers" count="13"/>
      <shelf name="favorite" count="13"/>
      <shelf name="4-stars" count="13"/>
      <shelf name="all-time-favorites" count="13"/>
      <shelf name="young-adult-fiction" count="13"/>
      <shelf name="1st-in-series" count="13"/>
      <shelf name="maybe-read" count="13"/>
      <shelf name="loved-it" count="12"/>
      <shelf name="on-my-kindle" count="12"/>
      <shelf name="books-i-have" count="12"/>
      <shelf name="ya-paranormal-romance" count="12"/>
      <shelf name="part-of-a-series" count="12"/>
      <shelf name="signed" count="12"/>
      <shelf name="paperback" count="12"/>
      <shelf name="love" count="12"/>
      <shelf name="first-in-a-series" count="12"/>
      <shelf name="read-in-2017" count="11"/>
      <shelf name="tbr" count="11"/>
      <shelf name="3-stars" count="11"/>
      <shelf name="not-interested" count="11"/>
      <shelf name="re-read" count="11"/>
      <shelf name="favorite-books" count="11"/>
      <shelf name="to-read-ya" count="11"/>
      <shelf name="arc" count="11"/>
      <shelf name="school" count="11"/>
      <shelf name="freebies" count="10"/>
      <shelf name="paranormal-uf" count="10"/>
      <shelf name="4-star" count="10"/>
      <shelf name="own-to-read" count="10"/>
      <shelf name="ya-lit" count="10"/>
      <shelf name="multiple-pov" count="10"/>
      <shelf name="for-review" count="10"/>
      <shelf name="read-2015" count="9"/>
      <shelf name="audible" count="9"/>
      <shelf name="free" count="9"/>
      <shelf name="freebie" count="9"/>
      <shelf name="finished" count="9"/>
      <shelf name="new-series" count="9"/>
      <shelf name="fantasy-sci-fi" count="9"/>
      <shelf name="paranormal-ya" count="9"/>
      <shelf name="elemental-powers" count="9"/>
      <shelf name="fantasy-romance" count="9"/>
      <shelf name="funny" count="9"/>
  </popular_shelves>
  <book_links>
    <book_link>
  <id>8</id>
  <name>Libraries</name>
  <link>https://www.goodreads.com/book_link/follow/8</link>
</book_link>

  </book_links>
  <buy_links>
    <buy_link>
<id>1</id>
<name>Amazon</name>
<link>https://www.goodreads.com/book_link/follow/1</link>
</buy_link>
<buy_link>
<id>10</id>
<name>Audible</name>
<link>https://www.goodreads.com/book_link/follow/10</link>
</buy_link>
<buy_link>
<id>3</id>
<name>Barnes &amp; Noble</name>
<link>https://www.goodreads.com/book_link/follow/3</link>
</buy_link>
<buy_link>
<id>1027</id>
<name>Kobo</name>
<link>https://www.goodreads.com/book_link/follow/1027</link>
</buy_link>
<buy_link>
<id>2102</id>
<name>Apple iBooks</name>
<link>https://www.goodreads.com/book_link/follow/2102</link>
</buy_link>
<buy_link>
<id>8036</id>
<name>Google Play</name>
<link>https://www.goodreads.com/book_link/follow/8036</link>
</buy_link>
<buy_link>
<id>4</id>
<name>Abebooks</name>
<link>https://www.goodreads.com/book_link/follow/4</link>
</buy_link>
<buy_link>
<id>882</id>
<name>Book Depository</name>
<link>https://www.goodreads.com/book_link/follow/882</link>
</buy_link>
<buy_link>
<id>9</id>
<name>Indigo</name>
<link>https://www.goodreads.com/book_link/follow/9</link>
</buy_link>
<buy_link>
<id>2</id>
<name>Half.com</name>
<link>https://www.goodreads.com/book_link/follow/2</link>
</buy_link>
<buy_link>
<id>5</id>
<name>Alibris</name>
<link>https://www.goodreads.com/book_link/follow/5</link>
</buy_link>
<buy_link>
<id>107</id>
<name>Better World Books</name>
<link>https://www.goodreads.com/book_link/follow/107</link>
</buy_link>
<buy_link>
<id>7</id>
<name>IndieBound</name>
<link>https://www.goodreads.com/book_link/follow/7</link>
</buy_link>

  </buy_links>
  <series_works>
    <series_work>
<id>231696</id>
<user_position>1</user_position>
<series>
<id>56771</id>
<title>
<![CDATA[
    Elemental
]]>
</title>
<description>
<![CDATA[
]]>
</description>
<note>
<![CDATA[
]]>
</note>
<series_works_count>9</series_works_count>
<primary_work_count>6</primary_work_count>
<numbered>true</numbered>
</series>

</series_work>

  </series_works>
  <similar_books>
          <book>
<id>16479479</id>
<title><![CDATA[The Liberator (Dante Walker, #2)]]></title>
<title_without_series>The Liberator</title_without_series>
<link><![CDATA[https://www.goodreads.com/book/show/16479479-the-liberator]]></link>
<small_image_url><![CDATA[https://images.gr-assets.com/books/1368800176s/16479479.jpg]]></small_image_url>
<image_url><![CDATA[https://images.gr-assets.com/books/1368800176m/16479479.jpg]]></image_url>
<num_pages>331</num_pages>
<work>
<id>22675805</id>
</work>
<isbn>1622660161</isbn>
<isbn13>9781622660162</isbn13>
<average_rating>3.95</average_rating>
<ratings_count>2092</ratings_count>
<publication_year>2013</publication_year>
<publication_month>8</publication_month>
<publication_day>27</publication_day>
<authors>
<author>
<id>3251728</id>
<name>Victoria Scott</name>
<link><![CDATA[https://www.goodreads.com/author/show/3251728.Victoria_Scott]]></link>
</author>
</authors>
</book>

          <book>
<id>13334934</id>
<title><![CDATA[Awry (The Archers of Avalon, #2)]]></title>
<title_without_series>Awry</title_without_series>
<link><![CDATA[https://www.goodreads.com/book/show/13334934-awry]]></link>
<small_image_url><![CDATA[https://images.gr-assets.com/books/1336363011s/13334934.jpg]]></small_image_url>
<image_url><![CDATA[https://images.gr-assets.com/books/1336363011m/13334934.jpg]]></image_url>
<num_pages>495</num_pages>
<work>
<id>18542985</id>
</work>
<isbn></isbn>
<isbn13>9781452484693</isbn13>
<average_rating>4.19</average_rating>
<ratings_count>10745</ratings_count>
<publication_year>2012</publication_year>
<publication_month>6</publication_month>
<publication_day>12</publication_day>
<authors>
<author>
<id>4984399</id>
<name>Chelsea Fine</name>
<link><![CDATA[https://www.goodreads.com/author/show/4984399.Chelsea_Fine]]></link>
</author>
</authors>
</book>

          <book>
<id>12410324</id>
<title>Losing Lila (Lila, #2)</title>
<title_without_series>Losing Lila</title_without_series>
<link><![CDATA[https://www.goodreads.com/book/show/12410324-losing-lila]]></link>
<small_image_url><![CDATA[https://images.gr-assets.com/books/1334998655s/12410324.jpg]]></small_image_url>
<image_url><![CDATA[https://images.gr-assets.com/books/1334998655m/12410324.jpg]]></image_url>
<num_pages>346</num_pages>
<work>
<id>24172279</id>
</work>
<isbn>0857071971</isbn>
<isbn13>9780857071972</isbn13>
<average_rating>4.09</average_rating>
<ratings_count>6204</ratings_count>
<publication_year>2012</publication_year>
<publication_month>8</publication_month>
<publication_day>2</publication_day>
<authors>
<author>
<id>4573983</id>
<name>Sarah Alderson</name>
<link><![CDATA[https://www.goodreads.com/author/show/4573983.Sarah_Alderson]]></link>
</author>
</authors>
</book>

          <book>
<id>16089245</id>
<title>Undone (Unraveling, #1.5)</title>
<title_without_series>Undone</title_without_series>
<link><![CDATA[https://www.goodreads.com/book/show/16089245-undone]]></link>
<small_image_url><![CDATA[https://images.gr-assets.com/books/1357684750s/16089245.jpg]]></small_image_url>
<image_url><![CDATA[https://images.gr-assets.com/books/1357684750m/16089245.jpg]]></image_url>
<num_pages>120</num_pages>
<work>
<id>21892569</id>
</work>
<isbn>0062268767</isbn>
<isbn13>9780062268761</isbn13>
<average_rating>4.01</average_rating>
<ratings_count>1284</ratings_count>
<publication_year>2013</publication_year>
<publication_month>3</publication_month>
<publication_day>5</publication_day>
<authors>
<author>
<id>5073459</id>
<name>Elizabeth Norris</name>
<link><![CDATA[https://www.goodreads.com/author/show/5073459.Elizabeth_Norris]]></link>
</author>
</authors>
</book>

          <book>
<id>11882171</id>
<title>Touch (Denazen, #1)</title>
<title_without_series>Touch</title_without_series>
<link><![CDATA[https://www.goodreads.com/book/show/11882171-touch]]></link>
<small_image_url><![CDATA[https://images.gr-assets.com/books/1317009934s/11882171.jpg]]></small_image_url>
<image_url><![CDATA[https://images.gr-assets.com/books/1317009934m/11882171.jpg]]></image_url>
<num_pages>284</num_pages>
<work>
<id>16840536</id>
</work>
<isbn>1937044459</isbn>
<isbn13>9781937044459</isbn13>
<average_rating>3.83</average_rating>
<ratings_count>13745</ratings_count>
<publication_year>2011</publication_year>
<publication_month>11</publication_month>
<publication_day>1</publication_day>
<authors>
<author>
<id>4996736</id>
<name>Jus Accardo</name>
<link><![CDATA[https://www.goodreads.com/author/show/4996736.Jus_Accardo]]></link>
</author>
</authors>
</book>

          <book>
<id>12246929</id>
<title><![CDATA[The Vicious Deep (The Vicious Deep #1)]]></title>
<title_without_series>The Vicious Deep</title_without_series>
<link><![CDATA[https://www.goodreads.com/book/show/12246929-the-vicious-deep]]></link>
<small_image_url><![CDATA[https://images.gr-assets.com/books/1348416130s/12246929.jpg]]></small_image_url>
<image_url><![CDATA[https://images.gr-assets.com/books/1348416130m/12246929.jpg]]></image_url>
<num_pages>372</num_pages>
<work>
<id>16181711</id>
</work>
<isbn>1402265107</isbn>
<isbn13>9781402265105</isbn13>
<average_rating>3.71</average_rating>
<ratings_count>2834</ratings_count>
<publication_year>2012</publication_year>
<publication_month>5</publication_month>
<publication_day>1</publication_day>
<authors>
<author>
<id>4824952</id>
<name>Zoraida Córdova</name>
<link><![CDATA[https://www.goodreads.com/author/show/4824952.Zoraida_C_rdova]]></link>
</author>
</authors>
</book>

          <book>
<id>13482750</id>
<title><![CDATA[Sanctum (Guards of the Shadowlands, #1)]]></title>
<title_without_series>Sanctum</title_without_series>
<link><![CDATA[https://www.goodreads.com/book/show/13482750-sanctum]]></link>
<small_image_url><![CDATA[https://images.gr-assets.com/books/1353166271s/13482750.jpg]]></small_image_url>
<image_url><![CDATA[https://images.gr-assets.com/books/1353166271m/13482750.jpg]]></image_url>
<num_pages>417</num_pages>
<work>
<id>19016498</id>
</work>
<isbn>1612184421</isbn>
<isbn13>9781612184425</isbn13>
<average_rating>3.99</average_rating>
<ratings_count>9421</ratings_count>
<publication_year>2012</publication_year>
<publication_month>10</publication_month>
<publication_day>16</publication_day>
<authors>
<author>
<id>5752145</id>
<name>Sarah Fine</name>
<link><![CDATA[https://www.goodreads.com/author/show/5752145.Sarah_Fine]]></link>
</author>
</authors>
</book>

          <book>
<id>10822395</id>
<title>Touched (Sense Thieves, #1)</title>
<title_without_series>Touched</title_without_series>
<link><![CDATA[https://www.goodreads.com/book/show/10822395-touched]]></link>
<small_image_url><![CDATA[https://images.gr-assets.com/books/1338915545s/10822395.jpg]]></small_image_url>
<image_url><![CDATA[https://images.gr-assets.com/books/1338915545m/10822395.jpg]]></image_url>
<num_pages>304</num_pages>
<work>
<id>15736140</id>
</work>
<isbn>0758273339</isbn>
<isbn13>9780758273338</isbn13>
<average_rating>4.00</average_rating>
<ratings_count>5192</ratings_count>
<publication_year>2012</publication_year>
<publication_month>11</publication_month>
<publication_day>27</publication_day>
<authors>
<author>
<id>4668167</id>
<name>Corrine Jackson</name>
<link><![CDATA[https://www.goodreads.com/author/show/4668167.Corrine_Jackson]]></link>
</author>
</authors>
</book>

          <book>
<id>11362198</id>
<title>Auracle</title>
<title_without_series>Auracle</title_without_series>
<link><![CDATA[https://www.goodreads.com/book/show/11362198-auracle]]></link>
<small_image_url><![CDATA[https://images.gr-assets.com/books/1330992053s/11362198.jpg]]></small_image_url>
<image_url><![CDATA[https://images.gr-assets.com/books/1330992053m/11362198.jpg]]></image_url>
<num_pages>304</num_pages>
<work>
<id>16292296</id>
</work>
<isbn>1596437103</isbn>
<isbn13>9781596437104</isbn13>
<average_rating>3.90</average_rating>
<ratings_count>2036</ratings_count>
<publication_year>2012</publication_year>
<publication_month>8</publication_month>
<publication_day>7</publication_day>
<authors>
<author>
<id>4851799</id>
<name>Gina Rosati</name>
<link><![CDATA[https://www.goodreads.com/author/show/4851799.Gina_Rosati]]></link>
</author>
</authors>
</book>

          <book>
<id>13034113</id>
<title><![CDATA[Valkyrie Rising (Valkyrie, #1)]]></title>
<title_without_series>Valkyrie Rising</title_without_series>
<link><![CDATA[https://www.goodreads.com/book/show/13034113-valkyrie-rising]]></link>
<small_image_url><![CDATA[https://images.gr-assets.com/books/1332247199s/13034113.jpg]]></small_image_url>
<image_url><![CDATA[https://images.gr-assets.com/books/1332247199m/13034113.jpg]]></image_url>
<num_pages>352</num_pages>
<work>
<id>18197631</id>
</work>
<isbn>0062025724</isbn>
<isbn13>9780062025722</isbn13>
<average_rating>3.75</average_rating>
<ratings_count>6202</ratings_count>
<publication_year>2012</publication_year>
<publication_month>10</publication_month>
<publication_day>9</publication_day>
<authors>
<author>
<id>5322924</id>
<name>Ingrid  Paulson</name>
<link><![CDATA[https://www.goodreads.com/author/show/5322924.Ingrid_Paulson]]></link>
</author>
</authors>
</book>

          <book>
<id>13047090</id>
<title>Onyx (Lux, #2)</title>
<title_without_series>Onyx</title_without_series>
<link><![CDATA[https://www.goodreads.com/book/show/13047090-onyx]]></link>
<small_image_url><![CDATA[https://images.gr-assets.com/books/1329408511s/13047090.jpg]]></small_image_url>
<image_url><![CDATA[https://images.gr-assets.com/books/1329408511m/13047090.jpg]]></image_url>
<num_pages>366</num_pages>
<work>
<id>18211575</id>
</work>
<isbn>1620610116</isbn>
<isbn13>9781620610114</isbn13>
<average_rating>4.33</average_rating>
<ratings_count>119454</ratings_count>
<publication_year>2012</publication_year>
<publication_month>8</publication_month>
<publication_day>14</publication_day>
<authors>
<author>
<id>4476934</id>
<name>Jennifer L. Armentrout</name>
<link><![CDATA[https://www.goodreads.com/author/show/4476934.Jennifer_L_Armentrout]]></link>
</author>
</authors>
</book>

          <book>
<id>11443325</id>
<title><![CDATA[Immortal City (Immortal City, #1)]]></title>
<title_without_series>Immortal City</title_without_series>
<link><![CDATA[https://www.goodreads.com/book/show/11443325-immortal-city]]></link>
<small_image_url><![CDATA[https://images.gr-assets.com/books/1321559562s/11443325.jpg]]></small_image_url>
<image_url><![CDATA[https://images.gr-assets.com/books/1321559562m/11443325.jpg]]></image_url>
<num_pages>368</num_pages>
<work>
<id>16377085</id>
</work>
<isbn>1595145060</isbn>
<isbn13>9781595145062</isbn13>
<average_rating>4.01</average_rating>
<ratings_count>12206</ratings_count>
<publication_year>2012</publication_year>
<publication_month>4</publication_month>
<publication_day>3</publication_day>
<authors>
<author>
<id>4873609</id>
<name>Scott Speer</name>
<link><![CDATA[https://www.goodreads.com/author/show/4873609.Scott_Speer]]></link>
</author>
</authors>
</book>

          <book>
<id>16067683</id>
<title><![CDATA[Demons at Deadnight (Divinicus Nex Chronicles, #1)]]></title>
<title_without_series>Demons at Deadnight</title_without_series>
<link><![CDATA[https://www.goodreads.com/book/show/16067683-demons-at-deadnight]]></link>
<small_image_url><![CDATA[https://images.gr-assets.com/books/1349395185s/16067683.jpg]]></small_image_url>
<image_url><![CDATA[https://images.gr-assets.com/books/1349395185m/16067683.jpg]]></image_url>
<num_pages>404</num_pages>
<work>
<id>18444693</id>
</work>
<isbn></isbn>
<isbn13></isbn13>
<average_rating>4.15</average_rating>
<ratings_count>6938</ratings_count>
<publication_year>2012</publication_year>
<publication_month>1</publication_month>
<publication_day>7</publication_day>
<authors>
<author>
<id>5393357</id>
<name>A.E.  Kirk</name>
<link><![CDATA[https://www.goodreads.com/author/show/5393357.A_E_Kirk]]></link>
</author>
</authors>
</book>

          <book>
<id>13484226</id>
<title>Taste</title>
<title_without_series>Taste</title_without_series>
<link><![CDATA[https://www.goodreads.com/book/show/13484226-taste]]></link>
<small_image_url><![CDATA[https://images.gr-assets.com/books/1334180145s/13484226.jpg]]></small_image_url>
<image_url><![CDATA[https://images.gr-assets.com/books/1334180145m/13484226.jpg]]></image_url>
<num_pages>259</num_pages>
<work>
<id>19019226</id>
</work>
<isbn>1937254550</isbn>
<isbn13>9781937254551</isbn13>
<average_rating>3.94</average_rating>
<ratings_count>1612</ratings_count>
<publication_year>2012</publication_year>
<publication_month>4</publication_month>
<publication_day>30</publication_day>
<authors>
<author>
<id>5752810</id>
<name>Kate Evangelista</name>
<link><![CDATA[https://www.goodreads.com/author/show/5752810.Kate_Evangelista]]></link>
</author>
</authors>
</book>

          <book>
<id>13446541</id>
<title><![CDATA[Lucid (Brightest Kind of Darkness, #2)]]></title>
<title_without_series>Lucid</title_without_series>
<link><![CDATA[https://www.goodreads.com/book/show/13446541-lucid]]></link>
<small_image_url><![CDATA[https://images.gr-assets.com/books/1348527889s/13446541.jpg]]></small_image_url>
<image_url><![CDATA[https://images.gr-assets.com/books/1348527889m/13446541.jpg]]></image_url>
<num_pages>328</num_pages>
<work>
<id>18959295</id>
</work>
<isbn></isbn>
<isbn13></isbn13>
<average_rating>4.23</average_rating>
<ratings_count>1978</ratings_count>
<publication_year>2012</publication_year>
<publication_month>7</publication_month>
<publication_day>7</publication_day>
<authors>
<author>
<id>4862274</id>
<name>P.T. Michelle</name>
<link><![CDATA[https://www.goodreads.com/author/show/4862274.P_T_Michelle]]></link>
</author>
</authors>
</book>

          <book>
<id>13026804</id>
<title>Perigee Moon</title>
<title_without_series>Perigee Moon</title_without_series>
<link><![CDATA[https://www.goodreads.com/book/show/13026804-perigee-moon]]></link>
<small_image_url><![CDATA[https://images.gr-assets.com/books/1321401408s/13026804.jpg]]></small_image_url>
<image_url><![CDATA[https://images.gr-assets.com/books/1321401408m/13026804.jpg]]></image_url>
<num_pages>264</num_pages>
<work>
<id>18189836</id>
</work>
<isbn></isbn>
<isbn13>9781937254353</isbn13>
<average_rating>3.90</average_rating>
<ratings_count>185</ratings_count>
<publication_year>2012</publication_year>
<publication_month>1</publication_month>
<publication_day>12</publication_day>
<authors>
<author>
<id>3471272</id>
<name>Tara A. Fuller</name>
<link><![CDATA[https://www.goodreads.com/author/show/3471272.Tara_A_Fuller]]></link>
</author>
</authors>
</book>

          <book>
<id>12570845</id>
<title><![CDATA[Blood Warrior (The Alexa Montgomery Saga, #1)]]></title>
<title_without_series>Blood Warrior</title_without_series>
<link><![CDATA[https://www.goodreads.com/book/show/12570845-blood-warrior]]></link>
<small_image_url><![CDATA[https://images.gr-assets.com/books/1352523779s/12570845.jpg]]></small_image_url>
<image_url><![CDATA[https://images.gr-assets.com/books/1352523779m/12570845.jpg]]></image_url>
<num_pages>307</num_pages>
<work>
<id>17581417</id>
</work>
<isbn></isbn>
<isbn13></isbn13>
<average_rating>3.89</average_rating>
<ratings_count>3564</ratings_count>
<publication_year>2011</publication_year>
<publication_month>9</publication_month>
<publication_day>5</publication_day>
<authors>
<author>
<id>5189455</id>
<name>H.D. Gordon</name>
<link><![CDATA[https://www.goodreads.com/author/show/5189455.H_D_Gordon]]></link>
</author>
</authors>
</book>

  </similar_books>
</book>

</GoodreadsResponse>