<?xml version="1.0" encoding="UTF-8"?>
<GoodreadsResponse>
  <Request>
    <authentication>true</authentication>
      <key><![CDATA[all_men_must_serve]]></key>
    <method><![CDATA[book_show]]></method>
  </Request>
  <book>
  <id>10412</id>
  <title><![CDATA[He's Just Not That Into You: The No-Excuses Truth to Understanding Guys]]></title>
  <isbn><![CDATA[141694740X]]></isbn>
  <isbn13><![CDATA[9781416947400]]></isbn13>
  <asin><![CDATA[]]></asin>
  <kindle_asin><![CDATA[B006Y0QBQC]]></kindle_asin>
  <marketplace_id><![CDATA[A1F83G8C2ARO7P]]></marketplace_id>
  <country_code><![CDATA[GB]]></country_code>
  <image_url>https://s.gr-assets.com/assets/nophoto/book/111x148-bcc042a9c91a29c1d680899eff700a03.png</image_url>
  <small_image_url>https://s.gr-assets.com/assets/nophoto/book/50x75-a91bf249278a81aabab721ef782c4a74.png</small_image_url>
  <publication_year>2006</publication_year>
  <publication_month>12</publication_month>
  <publication_day>26</publication_day>
  <publisher>Gallery Books</publisher>
  <language_code>eng</language_code>
  <is_ebook>false</is_ebook>
  <description><![CDATA[Everyone can use a daily wake-up call.<br /><br />Now in bite-size mantras, the abridged empathetic wit and wisdom of the number one <i>New York Times</i> bestseller <i>He's Just Not That Into You</i> will recharge and inspire your dating outlook one wake-up call at a time. <br /><br />For ages women have come together over coffee, cocktails, or late-night phone chats to analyze the puzzling behavior of men. Greg Behrendt and Liz Tuccillo are here to say that despite good intentions you're wasting your time. Men are not complicated, although they'd like you to think they are. And there are no mixed messages. <br /><br /><i>He's Just Not That Into You</i> based on a popular episode of <i>Sex and the City</i> educates otherwise smart women on how to tell when a guy just doesn't like them enough, so they can stop wasting time making excuses for a dead-end relationship. This book knows you're a beautiful, smart, funny woman who deserves better.]]></description>
  <work>
  <id type="integer">822184</id>
  <books_count type="integer">62</books_count>
  <best_book_id type="integer">10412</best_book_id>
  <reviews_count type="integer">89855</reviews_count>
  <ratings_sum type="integer">204185</ratings_sum>
  <ratings_count type="integer">55894</ratings_count>
  <text_reviews_count type="integer">3217</text_reviews_count>
  <original_publication_year type="integer">2004</original_publication_year>
  <original_publication_month type="integer" nil="true"/>
  <original_publication_day type="integer" nil="true"/>
  <original_title>He's Just Not That Into You: The No-Excuses Truth to Understanding Guys</original_title>
  <original_language_id type="integer" nil="true"/>
  <media_type>book</media_type>
  <rating_dist>5:15832|4:16047|3:15405|2:6012|1:2598|total:55894</rating_dist>
  <desc_user_id type="integer">17092697</desc_user_id>
  <default_chaptering_book_id type="integer" nil="true"/>
  <default_description_language_code nil="true"/>
</work>
  <average_rating>3.65</average_rating>
  <num_pages><![CDATA[208]]></num_pages>
  <format><![CDATA[Hardcover]]></format>
  <edition_information><![CDATA[The Newly Expanded Edition]]></edition_information>
  <ratings_count><![CDATA[49037]]></ratings_count>
  <text_reviews_count><![CDATA[2280]]></text_reviews_count>
  <url><![CDATA[https://www.goodreads.com/book/show/10412.He_s_Just_Not_That_Into_You]]></url>
  <link><![CDATA[https://www.goodreads.com/book/show/10412.He_s_Just_Not_That_Into_You]]></link>
  <authors>
<author>
<id>6842</id>
<name>Greg Behrendt</name>
<role></role>
<image_url nophoto='false'>
<![CDATA[https://images.gr-assets.com/authors/1331400965p5/6842.jpg]]>
</image_url>
<small_image_url nophoto='false'>
<![CDATA[https://images.gr-assets.com/authors/1331400965p2/6842.jpg]]>
</small_image_url>
<link><![CDATA[https://www.goodreads.com/author/show/6842.Greg_Behrendt]]></link>
<average_rating>3.70</average_rating>
<ratings_count>65448</ratings_count>
<text_reviews_count>4001</text_reviews_count>
</author>
<author>
<id>6841</id>
<name>Liz Tuccillo</name>
<role></role>
<image_url nophoto='true'>
<![CDATA[https://s.gr-assets.com/assets/nophoto/user/u_200x266-e183445fd1a1b5cc7075bb1cf7043306.png]]>
</image_url>
<small_image_url nophoto='true'>
<![CDATA[https://s.gr-assets.com/assets/nophoto/user/u_50x66-632230dc9882b4352d753eedf9396530.png]]>
</small_image_url>
<link><![CDATA[https://www.goodreads.com/author/show/6841.Liz_Tuccillo]]></link>
<average_rating>3.61</average_rating>
<ratings_count>61750</ratings_count>
<text_reviews_count>4001</text_reviews_count>
</author>
</authors>

    <reviews_widget>
      <![CDATA[
        <style>
  #goodreads-widget {
    font-family: georgia, serif;
    padding: 18px 0;
    width:565px;
  }
  #goodreads-widget h1 {
    font-weight:normal;
    font-size: 16px;
    border-bottom: 1px solid #BBB596;
    margin-bottom: 0;
  }
  #goodreads-widget a {
    text-decoration: none;
    color:#660;
  }
  iframe{
    background-color: #fff;
  }
  #goodreads-widget a:hover { text-decoration: underline; }
  #goodreads-widget a:active {
    color:#660;
  }
  #gr_footer {
    width: 100%;
    border-top: 1px solid #BBB596;
    text-align: right;
  }
  #goodreads-widget .gr_branding{
    color: #382110;
    font-size: 11px;
    text-decoration: none;
    font-family: "Helvetica Neue", Helvetica, Arial, sans-serif;
  }
</style>
<div id="goodreads-widget">
  <div id="gr_header"><h1><a rel="nofollow" href="https://www.goodreads.com/book/show/10412.He_s_Just_Not_That_Into_You">He&#39;s Just Not That Into You Reviews</a></h1></div>
  <iframe id="the_iframe" src="https://www.goodreads.com/api/reviews_widget_iframe?did=DEVELOPER_ID&amp;format=html&amp;isbn=141694740X&amp;links=660&amp;min_rating=&amp;review_back=fff&amp;stars=000&amp;text=000" width="565" height="400" frameborder="0"></iframe>
  <div id="gr_footer">
    <a class="gr_branding" target="_blank" rel="nofollow" href="https://www.goodreads.com/book/show/10412.He_s_Just_Not_That_Into_You?utm_medium=api&amp;utm_source=reviews_widget">Reviews from Goodreads.com</a>
  </div>
</div>

      ]]>
    </reviews_widget>
  <popular_shelves>
      <shelf name="to-read" count="2137"/>
      <shelf name="non-fiction" count="733"/>
      <shelf name="currently-reading" count="636"/>
      <shelf name="self-help" count="385"/>
      <shelf name="nonfiction" count="282"/>
      <shelf name="chick-lit" count="236"/>
      <shelf name="favorites" count="166"/>
      <shelf name="books-i-own" count="154"/>
      <shelf name="relationships" count="148"/>
      <shelf name="humor" count="127"/>
      <shelf name="owned" count="92"/>
      <shelf name="psychology" count="92"/>
      <shelf name="romance" count="92"/>
      <shelf name="self-improvement" count="47"/>
      <shelf name="dating" count="42"/>
      <shelf name="adult" count="38"/>
      <shelf name="funny" count="37"/>
      <shelf name="chicklit" count="34"/>
      <shelf name="default" count="33"/>
      <shelf name="i-own" count="32"/>
      <shelf name="owned-books" count="29"/>
      <shelf name="comedy" count="27"/>
      <shelf name="my-books" count="26"/>
      <shelf name="contemporary" count="25"/>
      <shelf name="fiction" count="24"/>
      <shelf name="humour" count="23"/>
      <shelf name="love" count="20"/>
      <shelf name="to-buy" count="19"/>
      <shelf name="library" count="17"/>
      <shelf name="relationship" count="17"/>
      <shelf name="my-library" count="17"/>
      <shelf name="movies" count="16"/>
      <shelf name="advice" count="16"/>
      <shelf name="kindle" count="15"/>
      <shelf name="borrowed" count="15"/>
      <shelf name="books-to-read-in-your-20s" count="14"/>
      <shelf name="ebooks" count="14"/>
      <shelf name="2005" count="14"/>
      <shelf name="ebook" count="13"/>
      <shelf name="audiobooks" count="13"/>
      <shelf name="65-books-to-read-in-your-20s" count="12"/>
      <shelf name="inspirational" count="12"/>
      <shelf name="english" count="12"/>
      <shelf name="read-in-2009" count="12"/>
      <shelf name="movie" count="12"/>
      <shelf name="book-to-movie" count="12"/>
      <shelf name="life" count="11"/>
      <shelf name="non-fic" count="11"/>
      <shelf name="read-2009" count="11"/>
      <shelf name="how-to" count="11"/>
      <shelf name="women" count="11"/>
      <shelf name="books-to-movies" count="11"/>
      <shelf name="saw-the-movie" count="10"/>
      <shelf name="own-it" count="10"/>
      <shelf name="reference" count="10"/>
      <shelf name="guilty-pleasures" count="10"/>
      <shelf name="audio" count="10"/>
      <shelf name="chic-lit" count="10"/>
      <shelf name="greg-behrendt" count="9"/>
      <shelf name="e-book" count="9"/>
      <shelf name="adult-non-fiction" count="9"/>
      <shelf name="2004" count="9"/>
      <shelf name="book-club" count="9"/>
      <shelf name="personal-development" count="9"/>
      <shelf name="educational" count="9"/>
      <shelf name="self-development" count="9"/>
      <shelf name="dnf" count="8"/>
      <shelf name="girly-books" count="8"/>
      <shelf name="read-in-2011" count="8"/>
      <shelf name="self" count="8"/>
      <shelf name="audio-book" count="8"/>
      <shelf name="on-my-bookshelf" count="8"/>
      <shelf name="have" count="8"/>
      <shelf name="other" count="8"/>
      <shelf name="american" count="8"/>
      <shelf name="on-my-shelf" count="7"/>
      <shelf name="read-in-2014" count="7"/>
      <shelf name="maybe" count="7"/>
      <shelf name="read-in-2013" count="7"/>
      <shelf name="must-read" count="7"/>
      <shelf name="fun" count="7"/>
      <shelf name="read-in-2012" count="7"/>
      <shelf name="truth" count="7"/>
      <shelf name="audiobook" count="7"/>
      <shelf name="home-library" count="7"/>
      <shelf name="bookshelf" count="7"/>
      <shelf name="personal-growth" count="7"/>
      <shelf name="read-in-2010" count="7"/>
      <shelf name="read-in-english" count="7"/>
      <shelf name="made-into-movie" count="7"/>
      <shelf name="wish-list" count="7"/>
      <shelf name="reviewed" count="7"/>
      <shelf name="finished" count="7"/>
      <shelf name="girly" count="7"/>
      <shelf name="selfhelp" count="7"/>
      <shelf name="faves" count="6"/>
      <shelf name="20s" count="6"/>
      <shelf name="65-books-you-need-to-read-in-your-2" count="6"/>
      <shelf name="quarter-life-crisis" count="6"/>
      <shelf name="lifestyle" count="6"/>
  </popular_shelves>
  <book_links>
    <book_link>
  <id>8</id>
  <name>Libraries</name>
  <link>https://www.goodreads.com/book_link/follow/8</link>
</book_link>

  </book_links>
  <buy_links>
    <buy_link>
<id>1</id>
<name>Amazon</name>
<link>https://www.goodreads.com/book_link/follow/1</link>
</buy_link>
<buy_link>
<id>10</id>
<name>Audible</name>
<link>https://www.goodreads.com/book_link/follow/10</link>
</buy_link>
<buy_link>
<id>3</id>
<name>Barnes &amp; Noble</name>
<link>https://www.goodreads.com/book_link/follow/3</link>
</buy_link>
<buy_link>
<id>1027</id>
<name>Kobo</name>
<link>https://www.goodreads.com/book_link/follow/1027</link>
</buy_link>
<buy_link>
<id>2102</id>
<name>Apple iBooks</name>
<link>https://www.goodreads.com/book_link/follow/2102</link>
</buy_link>
<buy_link>
<id>8036</id>
<name>Google Play</name>
<link>https://www.goodreads.com/book_link/follow/8036</link>
</buy_link>
<buy_link>
<id>4</id>
<name>Abebooks</name>
<link>https://www.goodreads.com/book_link/follow/4</link>
</buy_link>
<buy_link>
<id>882</id>
<name>Book Depository</name>
<link>https://www.goodreads.com/book_link/follow/882</link>
</buy_link>
<buy_link>
<id>9</id>
<name>Indigo</name>
<link>https://www.goodreads.com/book_link/follow/9</link>
</buy_link>
<buy_link>
<id>2</id>
<name>Half.com</name>
<link>https://www.goodreads.com/book_link/follow/2</link>
</buy_link>
<buy_link>
<id>5</id>
<name>Alibris</name>
<link>https://www.goodreads.com/book_link/follow/5</link>
</buy_link>
<buy_link>
<id>107</id>
<name>Better World Books</name>
<link>https://www.goodreads.com/book_link/follow/107</link>
</buy_link>
<buy_link>
<id>7</id>
<name>IndieBound</name>
<link>https://www.goodreads.com/book_link/follow/7</link>
</buy_link>

  </buy_links>
  <series_works>
    
  </series_works>
  <similar_books>
          <book>
<id>11737010</id>
<title>Alien vs. Predator</title>
<title_without_series>Alien vs. Predator</title_without_series>
<link><![CDATA[https://www.goodreads.com/book/show/11737010-alien-vs-predator]]></link>
<small_image_url><![CDATA[https://images.gr-assets.com/books/1336000197s/11737010.jpg]]></small_image_url>
<image_url><![CDATA[https://images.gr-assets.com/books/1336000197m/11737010.jpg]]></image_url>
<num_pages>88</num_pages>
<work>
<id>16686193</id>
</work>
<isbn>0143120352</isbn>
<isbn13>9780143120353</isbn13>
<average_rating>3.50</average_rating>
<ratings_count>993</ratings_count>
<publication_year>2012</publication_year>
<publication_month>3</publication_month>
<publication_day>27</publication_day>
<authors>
<author>
<id>4953499</id>
<name>Michael  Robbins</name>
<link><![CDATA[https://www.goodreads.com/author/show/4953499.Michael_Robbins]]></link>
</author>
</authors>
</book>

          <book>
<id>150354</id>
<title>The Collected Poems</title>
<title_without_series>The Collected Poems</title_without_series>
<link><![CDATA[https://www.goodreads.com/book/show/150354.The_Collected_Poems]]></link>
<small_image_url><![CDATA[https://images.gr-assets.com/books/1320392685s/150354.jpg]]></small_image_url>
<image_url><![CDATA[https://images.gr-assets.com/books/1320392685m/150354.jpg]]></image_url>
<num_pages>784</num_pages>
<work>
<id>145117</id>
</work>
<isbn>1400044995</isbn>
<isbn13>9781400044993</isbn13>
<average_rating>3.98</average_rating>
<ratings_count>778</ratings_count>
<publication_year>2005</publication_year>
<publication_month>11</publication_month>
<publication_day>1</publication_day>
<authors>
<author>
<id>71439</id>
<name>Kenneth Koch</name>
<link><![CDATA[https://www.goodreads.com/author/show/71439.Kenneth_Koch]]></link>
</author>
</authors>
</book>

          <book>
<id>1426241</id>
<title><![CDATA[How's Your Drink?: Cocktails, Culture, and the Art of Drinking Well]]></title>
<title_without_series><![CDATA[How's Your Drink?: Cocktails, Culture, and the Art of Drinking Well]]></title_without_series>
<link><![CDATA[https://www.goodreads.com/book/show/1426241.How_s_Your_Drink_]]></link>
<small_image_url><![CDATA[https://images.gr-assets.com/books/1328748077s/1426241.jpg]]></small_image_url>
<image_url><![CDATA[https://images.gr-assets.com/books/1328748077m/1426241.jpg]]></image_url>
<num_pages>200</num_pages>
<work>
<id>1416707</id>
</work>
<isbn>1572840897</isbn>
<isbn13>9781572840898</isbn13>
<average_rating>3.74</average_rating>
<ratings_count>490</ratings_count>
<publication_year>2007</publication_year>
<publication_month>10</publication_month>
<publication_day>28</publication_day>
<authors>
<author>
<id>671456</id>
<name>Eric Felten</name>
<link><![CDATA[https://www.goodreads.com/author/show/671456.Eric_Felten]]></link>
</author>
</authors>
</book>

          <book>
<id>340722</id>
<title><![CDATA[Be Honest--You're Not That Into Him Either: Raise Your Standards and Reach for the Love You Deserve]]></title>
<title_without_series><![CDATA[Be Honest--You're Not That Into Him Either: Raise Your Standards and Reach for the Love You Deserve]]></title_without_series>
<link><![CDATA[https://www.goodreads.com/book/show/340722.Be_Honest_You_re_Not_That_Into_Him_Either]]></link>
<small_image_url><![CDATA[https://s.gr-assets.com/assets/nophoto/book/50x75-a91bf249278a81aabab721ef782c4a74.png]]></small_image_url>
<image_url><![CDATA[https://s.gr-assets.com/assets/nophoto/book/111x148-bcc042a9c91a29c1d680899eff700a03.png]]></image_url>
<num_pages></num_pages>
<work>
<id>331106</id>
</work>
<isbn>0060834064</isbn>
<isbn13>9780060834067</isbn13>
<average_rating>3.47</average_rating>
<ratings_count>1370</ratings_count>
<publication_year></publication_year>
<publication_month></publication_month>
<publication_day></publication_day>
<authors>
<author>
<id>7227</id>
<name>Ian Kerner</name>
<link><![CDATA[https://www.goodreads.com/author/show/7227.Ian_Kerner]]></link>
</author>
</authors>
</book>

          <book>
<id>217207</id>
<title>Dear Diary</title>
<title_without_series>Dear Diary</title_without_series>
<link><![CDATA[https://www.goodreads.com/book/show/217207.Dear_Diary]]></link>
<small_image_url><![CDATA[https://s.gr-assets.com/assets/nophoto/book/50x75-a91bf249278a81aabab721ef782c4a74.png]]></small_image_url>
<image_url><![CDATA[https://s.gr-assets.com/assets/nophoto/book/111x148-bcc042a9c91a29c1d680899eff700a03.png]]></image_url>
<num_pages></num_pages>
<work>
<id>210292</id>
</work>
<isbn>1576873838</isbn>
<isbn13>9781576873830</isbn13>
<average_rating>3.38</average_rating>
<ratings_count>1851</ratings_count>
<publication_year></publication_year>
<publication_month></publication_month>
<publication_day></publication_day>
<authors>
<author>
<id>127301</id>
<name>Lesley Arfin</name>
<link><![CDATA[https://www.goodreads.com/author/show/127301.Lesley_Arfin]]></link>
</author>
</authors>
</book>

          <book>
<id>160653</id>
<title>Actual Air</title>
<title_without_series>Actual Air</title_without_series>
<link><![CDATA[https://www.goodreads.com/book/show/160653.Actual_Air]]></link>
<small_image_url><![CDATA[https://s.gr-assets.com/assets/nophoto/book/50x75-a91bf249278a81aabab721ef782c4a74.png]]></small_image_url>
<image_url><![CDATA[https://s.gr-assets.com/assets/nophoto/book/111x148-bcc042a9c91a29c1d680899eff700a03.png]]></image_url>
<num_pages>106</num_pages>
<work>
<id>1039252</id>
</work>
<isbn>1890447048</isbn>
<isbn13>9781890447045</isbn13>
<average_rating>4.26</average_rating>
<ratings_count>2094</ratings_count>
<publication_year>2000</publication_year>
<publication_month>2</publication_month>
<publication_day>22</publication_day>
<authors>
<author>
<id>93141</id>
<name>David Berman</name>
<link><![CDATA[https://www.goodreads.com/author/show/93141.David_Berman]]></link>
</author>
</authors>
</book>

          <book>
<id>105778</id>
<title>What She Saw...</title>
<title_without_series>What She Saw...</title_without_series>
<link><![CDATA[https://www.goodreads.com/book/show/105778.What_She_Saw_]]></link>
<small_image_url><![CDATA[https://images.gr-assets.com/books/1320548416s/105778.jpg]]></small_image_url>
<image_url><![CDATA[https://images.gr-assets.com/books/1320548416m/105778.jpg]]></image_url>
<num_pages>304</num_pages>
<work>
<id>344098</id>
</work>
<isbn>0385498233</isbn>
<isbn13>9780385498234</isbn13>
<average_rating>3.12</average_rating>
<ratings_count>1272</ratings_count>
<publication_year>2001</publication_year>
<publication_month>9</publication_month>
<publication_day>4</publication_day>
<authors>
<author>
<id>61259</id>
<name>Lucinda Rosenfeld</name>
<link><![CDATA[https://www.goodreads.com/author/show/61259.Lucinda_Rosenfeld]]></link>
</author>
</authors>
</book>

          <book>
<id>389628</id>
<title><![CDATA[The Between Boyfriends Book: A Collection of Cautiously Hopeful Essays]]></title>
<title_without_series><![CDATA[The Between Boyfriends Book: A Collection of Cautiously Hopeful Essays]]></title_without_series>
<link><![CDATA[https://www.goodreads.com/book/show/389628.The_Between_Boyfriends_Book]]></link>
<small_image_url><![CDATA[https://images.gr-assets.com/books/1316129872s/389628.jpg]]></small_image_url>
<image_url><![CDATA[https://images.gr-assets.com/books/1316129872m/389628.jpg]]></image_url>
<num_pages></num_pages>
<work>
<id>379246</id>
</work>
<isbn>031230904X</isbn>
<isbn13>9780312309046</isbn13>
<average_rating>3.65</average_rating>
<ratings_count>810</ratings_count>
<publication_year></publication_year>
<publication_month></publication_month>
<publication_day></publication_day>
<authors>
<author>
<id>221560</id>
<name>Cindy Chupack</name>
<link><![CDATA[https://www.goodreads.com/author/show/221560.Cindy_Chupack]]></link>
</author>
</authors>
</book>

          <book>
<id>127721</id>
<title><![CDATA[The Modern Girl's Guide to Life]]></title>
<title_without_series><![CDATA[The Modern Girl's Guide to Life]]></title_without_series>
<link><![CDATA[https://www.goodreads.com/book/show/127721.The_Modern_Girl_s_Guide_to_Life]]></link>
<small_image_url><![CDATA[https://s.gr-assets.com/assets/nophoto/book/50x75-a91bf249278a81aabab721ef782c4a74.png]]></small_image_url>
<image_url><![CDATA[https://s.gr-assets.com/assets/nophoto/book/111x148-bcc042a9c91a29c1d680899eff700a03.png]]></image_url>
<num_pages></num_pages>
<work>
<id>122997</id>
</work>
<isbn>0060734167</isbn>
<isbn13>9780060734169</isbn13>
<average_rating>4.01</average_rating>
<ratings_count>1397</ratings_count>
<publication_year></publication_year>
<publication_month></publication_month>
<publication_day></publication_day>
<authors>
<author>
<id>73290</id>
<name>Jane Buckingham</name>
<link><![CDATA[https://www.goodreads.com/author/show/73290.Jane_Buckingham]]></link>
</author>
</authors>
</book>

          <book>
<id>55876</id>
<title><![CDATA[How to Lose Friends and Alienate People]]></title>
<title_without_series><![CDATA[How to Lose Friends and Alienate People]]></title_without_series>
<link><![CDATA[https://www.goodreads.com/book/show/55876.How_to_Lose_Friends_and_Alienate_People]]></link>
<small_image_url><![CDATA[https://images.gr-assets.com/books/1327636872s/55876.jpg]]></small_image_url>
<image_url><![CDATA[https://images.gr-assets.com/books/1327636872m/55876.jpg]]></image_url>
<num_pages>368</num_pages>
<work>
<id>1089214</id>
</work>
<isbn>0306812274</isbn>
<isbn13>9780306812279</isbn13>
<average_rating>3.28</average_rating>
<ratings_count>4539</ratings_count>
<publication_year>2003</publication_year>
<publication_month>6</publication_month>
<publication_day>5</publication_day>
<authors>
<author>
<id>31545</id>
<name>Toby Young</name>
<link><![CDATA[https://www.goodreads.com/author/show/31545.Toby_Young]]></link>
</author>
</authors>
</book>

          <book>
<id>2603</id>
<title><![CDATA[How to Cook Everything: The Basics: Simple Recipes Anyone Can Cook]]></title>
<title_without_series><![CDATA[How to Cook Everything: The Basics: Simple Recipes Anyone Can Cook]]></title_without_series>
<link><![CDATA[https://www.goodreads.com/book/show/2603.How_to_Cook_Everything]]></link>
<small_image_url><![CDATA[https://images.gr-assets.com/books/1360569768s/2603.jpg]]></small_image_url>
<image_url><![CDATA[https://images.gr-assets.com/books/1360569768m/2603.jpg]]></image_url>
<num_pages>224</num_pages>
<work>
<id>6566</id>
</work>
<isbn>076456756X</isbn>
<isbn13>9780764567568</isbn13>
<average_rating>4.26</average_rating>
<ratings_count>1055</ratings_count>
<publication_year>2003</publication_year>
<publication_month>3</publication_month>
<publication_day>25</publication_day>
<authors>
<author>
<id>1785</id>
<name>Mark Bittman</name>
<link><![CDATA[https://www.goodreads.com/author/show/1785.Mark_Bittman]]></link>
</author>
</authors>
</book>

          <book>
<id>88965</id>
<title><![CDATA[Mars and Venus on a Date: A Guide for Navigating the 5 Stages of Dating to Create a Loving and Lasting Relationship]]></title>
<title_without_series><![CDATA[Mars and Venus on a Date: A Guide for Navigating the 5 Stages of Dating to Create a Loving and Lasting Relationship]]></title_without_series>
<link><![CDATA[https://www.goodreads.com/book/show/88965.Mars_and_Venus_on_a_Date]]></link>
<small_image_url><![CDATA[https://images.gr-assets.com/books/1394405300s/88965.jpg]]></small_image_url>
<image_url><![CDATA[https://images.gr-assets.com/books/1394405300m/88965.jpg]]></image_url>
<num_pages>400</num_pages>
<work>
<id>1227975</id>
</work>
<isbn>006093221X</isbn>
<isbn13>9780060932213</isbn13>
<average_rating>3.84</average_rating>
<ratings_count>2099</ratings_count>
<publication_year>2005</publication_year>
<publication_month>3</publication_month>
<publication_day>1</publication_day>
<authors>
<author>
<id>848</id>
<name>John Gray</name>
<link><![CDATA[https://www.goodreads.com/author/show/848.John_Gray]]></link>
</author>
</authors>
</book>

          <book>
<id>9201647</id>
<title><![CDATA[Why Men Love Bitches: From Doormat to Dreamgirl—A Woman's Guide to Holding Her Own in a Relationship]]></title>
<title_without_series><![CDATA[Why Men Love Bitches: From Doormat to Dreamgirl—A Woman's Guide to Holding Her Own in a Relationship]]></title_without_series>
<link><![CDATA[https://www.goodreads.com/book/show/9201647-why-men-love-bitches]]></link>
<small_image_url><![CDATA[https://images.gr-assets.com/books/1380495094s/9201647.jpg]]></small_image_url>
<image_url><![CDATA[https://images.gr-assets.com/books/1380495094m/9201647.jpg]]></image_url>
<num_pages>288</num_pages>
<work>
<id>2572759</id>
</work>
<isbn>1605501557</isbn>
<isbn13>9781605501550</isbn13>
<average_rating>3.89</average_rating>
<ratings_count>28642</ratings_count>
<publication_year>2009</publication_year>
<publication_month>10</publication_month>
<publication_day>1</publication_day>
<authors>
<author>
<id>25840</id>
<name>Sherry Argov</name>
<link><![CDATA[https://www.goodreads.com/author/show/25840.Sherry_Argov]]></link>
</author>
</authors>
</book>

          <book>
<id>386192</id>
<title><![CDATA[The Go-Girl Guide : Surviving Your 20s with Savvy, Soul, and Style]]></title>
<title_without_series><![CDATA[The Go-Girl Guide : Surviving Your 20s with Savvy, Soul, and Style]]></title_without_series>
<link><![CDATA[https://www.goodreads.com/book/show/386192.The_Go_Girl_Guide_]]></link>
<small_image_url><![CDATA[https://images.gr-assets.com/books/1477871655s/386192.jpg]]></small_image_url>
<image_url><![CDATA[https://images.gr-assets.com/books/1477871655m/386192.jpg]]></image_url>
<num_pages>340</num_pages>
<work>
<id>375880</id>
</work>
<isbn>0809224763</isbn>
<isbn13>9780809224760</isbn13>
<average_rating>3.62</average_rating>
<ratings_count>298</ratings_count>
<publication_year>2000</publication_year>
<publication_month>6</publication_month>
<publication_day>1</publication_day>
<authors>
<author>
<id>219624</id>
<name>Julia Bourland</name>
<link><![CDATA[https://www.goodreads.com/author/show/219624.Julia_Bourland]]></link>
</author>
</authors>
</book>

          <book>
<id>45398</id>
<title><![CDATA[The Skinny: How to Fit Into Your Little Black Dress Forever]]></title>
<title_without_series><![CDATA[The Skinny: How to Fit Into Your Little Black Dress Forever]]></title_without_series>
<link><![CDATA[https://www.goodreads.com/book/show/45398.The_Skinny]]></link>
<small_image_url><![CDATA[https://s.gr-assets.com/assets/nophoto/book/50x75-a91bf249278a81aabab721ef782c4a74.png]]></small_image_url>
<image_url><![CDATA[https://s.gr-assets.com/assets/nophoto/book/111x148-bcc042a9c91a29c1d680899eff700a03.png]]></image_url>
<num_pages></num_pages>
<work>
<id>44639</id>
</work>
<isbn>0696232421</isbn>
<isbn13>9780696232428</isbn13>
<average_rating>3.50</average_rating>
<ratings_count>157</ratings_count>
<publication_year>2006</publication_year>
<publication_month>12</publication_month>
<publication_day>1</publication_day>
<authors>
<author>
<id>25439</id>
<name>Melissa Clark</name>
<link><![CDATA[https://www.goodreads.com/author/show/25439.Melissa_Clark]]></link>
</author>
</authors>
</book>

          <book>
<id>311993</id>
<title><![CDATA[Why Men Don't Have a Clue and Women Always Need More Shoes: The Ultimate Guide to the Opposite Sex]]></title>
<title_without_series><![CDATA[Why Men Don't Have a Clue and Women Always Need More Shoes: The Ultimate Guide to the Opposite Sex]]></title_without_series>
<link><![CDATA[https://www.goodreads.com/book/show/311993.Why_Men_Don_t_Have_a_Clue_and_Women_Always_Need_More_Shoes]]></link>
<small_image_url><![CDATA[https://images.gr-assets.com/books/1320540610s/311993.jpg]]></small_image_url>
<image_url><![CDATA[https://images.gr-assets.com/books/1320540610m/311993.jpg]]></image_url>
<num_pages>336</num_pages>
<work>
<id>302908</id>
</work>
<isbn>0767916107</isbn>
<isbn13>9780767916103</isbn13>
<average_rating>3.64</average_rating>
<ratings_count>853</ratings_count>
<publication_year>2004</publication_year>
<publication_month>1</publication_month>
<publication_day>13</publication_day>
<authors>
<author>
<id>75844</id>
<name>Allan Pease</name>
<link><![CDATA[https://www.goodreads.com/author/show/75844.Allan_Pease]]></link>
</author>
</authors>
</book>

          <book>
<id>129228</id>
<title>My Misspent Youth: Essays</title>
<title_without_series>My Misspent Youth: Essays</title_without_series>
<link><![CDATA[https://www.goodreads.com/book/show/129228.My_Misspent_Youth]]></link>
<small_image_url><![CDATA[https://s.gr-assets.com/assets/nophoto/book/50x75-a91bf249278a81aabab721ef782c4a74.png]]></small_image_url>
<image_url><![CDATA[https://s.gr-assets.com/assets/nophoto/book/111x148-bcc042a9c91a29c1d680899eff700a03.png]]></image_url>
<num_pages>200</num_pages>
<work>
<id>124462</id>
</work>
<isbn>1890447269</isbn>
<isbn13>9781890447267</isbn13>
<average_rating>3.54</average_rating>
<ratings_count>1888</ratings_count>
<publication_year>2001</publication_year>
<publication_month>3</publication_month>
<publication_day>2</publication_day>
<authors>
<author>
<id>74253</id>
<name>Meghan Daum</name>
<link><![CDATA[https://www.goodreads.com/author/show/74253.Meghan_Daum]]></link>
</author>
</authors>
</book>

          <book>
<id>6692099</id>
<title><![CDATA[Marry Him: The Case for Settling for Mr. Good Enough]]></title>
<title_without_series><![CDATA[Marry Him: The Case for Settling for Mr. Good Enough]]></title_without_series>
<link><![CDATA[https://www.goodreads.com/book/show/6692099-marry-him]]></link>
<small_image_url><![CDATA[https://s.gr-assets.com/assets/nophoto/book/50x75-a91bf249278a81aabab721ef782c4a74.png]]></small_image_url>
<image_url><![CDATA[https://s.gr-assets.com/assets/nophoto/book/111x148-bcc042a9c91a29c1d680899eff700a03.png]]></image_url>
<num_pages></num_pages>
<work>
<id>6887561</id>
</work>
<isbn>0525951512</isbn>
<isbn13>9780525951513</isbn13>
<average_rating>3.64</average_rating>
<ratings_count>1602</ratings_count>
<publication_year></publication_year>
<publication_month></publication_month>
<publication_day></publication_day>
<authors>
<author>
<id>201386</id>
<name>Lori Gottlieb</name>
<link><![CDATA[https://www.goodreads.com/author/show/201386.Lori_Gottlieb]]></link>
</author>
</authors>
</book>

  </similar_books>
</book>

</GoodreadsResponse>