<?xml version="1.0" encoding="UTF-8"?>
<GoodreadsResponse>
  <Request>
    <authentication>true</authentication>
      <key><![CDATA[all_men_must_serve]]></key>
    <method><![CDATA[book_show]]></method>
  </Request>
  <book>
  <id>104159</id>
  <title>Twilight Watch (Watch #3)</title>
  <isbn><![CDATA[1401360211]]></isbn>
  <isbn13><![CDATA[9781401360214]]></isbn13>
  <asin><![CDATA[]]></asin>
  <kindle_asin><![CDATA[B0031RS6S2]]></kindle_asin>
  <marketplace_id><![CDATA[A1F83G8C2ARO7P]]></marketplace_id>
  <country_code><![CDATA[GB]]></country_code>
  <image_url>https://images.gr-assets.com/books/1382426338m/104159.jpg</image_url>
  <small_image_url>https://images.gr-assets.com/books/1382426338s/104159.jpg</small_image_url>
  <publication_year></publication_year>
  <publication_month></publication_month>
  <publication_day></publication_day>
  <publisher></publisher>
  <language_code>eng</language_code>
  <is_ebook>false</is_ebook>
  <description><![CDATA[<i>Night Watch</i> and <i>Day Watch</i>, the first two books in this remarkable series, established Sergei Lukyanenko as a breathtakingly bold talent. Part fantasy, part vampire story, and part detective potboiler, this is the most successful science fiction series of all time in Russia and a true international sensation. In America, Fox Searchlight released the film adaptation of <i>Night Watch</i> to rapturous reviews, and adaptations of the next two books are in production. <p>The world of Lukyanenko is as elaborate and imaginative as Tolkien or the best Asimov: Living among us are the "Others," an ancient race of humans with supernatural powers who swear allegiance to either the Dark or the Light. A thousand-year treaty has maintained the balance of power, and the two sides coexist in an uneasy truce. </p><p>In <i>Dusk Watch</i>, the Others face their greatest threat yet. A renegade Other, his identity as yet unknown, has absconded with a fabled spell-book of untold power and appears bent on attacking the entire earth. Now forces of the Light and the Dark -- the Night Watch and the Day Watch -- must cooperate to stop him. Anton, the hero from <i>Night Watch</i>, is back, but when the culprit turns out to be none other than his partner, the race against time becomes more urgent than ever. In a world where reality and magic commingle, and where different degrees of existence are layered one atop the other, nothing is ever quite what it seems.</p>]]></description>
  <work>
  <id type="integer">1662148</id>
  <books_count type="integer">57</books_count>
  <best_book_id type="integer">104159</best_book_id>
  <reviews_count type="integer">22438</reviews_count>
  <ratings_sum type="integer">60265</ratings_sum>
  <ratings_count type="integer">14651</ratings_count>
  <text_reviews_count type="integer">461</text_reviews_count>
  <original_publication_year type="integer">2004</original_publication_year>
  <original_publication_month type="integer">1</original_publication_month>
  <original_publication_day type="integer">1</original_publication_day>
  <original_title>Сумеречный дозор</original_title>
  <original_language_id type="integer" nil="true"/>
  <media_type>book</media_type>
  <rating_dist>5:5354|4:6186|3:2613|2:414|1:84|total:14651</rating_dist>
  <desc_user_id type="integer">20538609</desc_user_id>
  <default_chaptering_book_id type="integer" nil="true"/>
  <default_description_language_code nil="true"/>
</work>
  <average_rating>4.11</average_rating>
  <num_pages><![CDATA[405]]></num_pages>
  <format><![CDATA[]]></format>
  <edition_information><![CDATA[]]></edition_information>
  <ratings_count><![CDATA[11780]]></ratings_count>
  <text_reviews_count><![CDATA[316]]></text_reviews_count>
  <url><![CDATA[https://www.goodreads.com/book/show/104159.Twilight_Watch]]></url>
  <link><![CDATA[https://www.goodreads.com/book/show/104159.Twilight_Watch]]></link>
  <authors>
<author>
<id>32637</id>
<name>Sergei Lukyanenko</name>
<role></role>
<image_url nophoto='false'>
<![CDATA[https://images.gr-assets.com/authors/1210975765p5/32637.jpg]]>
</image_url>
<small_image_url nophoto='false'>
<![CDATA[https://images.gr-assets.com/authors/1210975765p2/32637.jpg]]>
</small_image_url>
<link><![CDATA[https://www.goodreads.com/author/show/32637.Sergei_Lukyanenko]]></link>
<average_rating>4.01</average_rating>
<ratings_count>111373</ratings_count>
<text_reviews_count>4491</text_reviews_count>
</author>
<author>
<id>56968</id>
<name>Andrew Bromfield</name>
<role>Translator</role>
<image_url nophoto='true'>
<![CDATA[https://s.gr-assets.com/assets/nophoto/user/u_200x266-e183445fd1a1b5cc7075bb1cf7043306.png]]>
</image_url>
<small_image_url nophoto='true'>
<![CDATA[https://s.gr-assets.com/assets/nophoto/user/u_50x66-632230dc9882b4352d753eedf9396530.png]]>
</small_image_url>
<link><![CDATA[https://www.goodreads.com/author/show/56968.Andrew_Bromfield]]></link>
<average_rating>3.99</average_rating>
<ratings_count>103046</ratings_count>
<text_reviews_count>5195</text_reviews_count>
</author>
</authors>

    <reviews_widget>
      <![CDATA[
        <style>
  #goodreads-widget {
    font-family: georgia, serif;
    padding: 18px 0;
    width:565px;
  }
  #goodreads-widget h1 {
    font-weight:normal;
    font-size: 16px;
    border-bottom: 1px solid #BBB596;
    margin-bottom: 0;
  }
  #goodreads-widget a {
    text-decoration: none;
    color:#660;
  }
  iframe{
    background-color: #fff;
  }
  #goodreads-widget a:hover { text-decoration: underline; }
  #goodreads-widget a:active {
    color:#660;
  }
  #gr_footer {
    width: 100%;
    border-top: 1px solid #BBB596;
    text-align: right;
  }
  #goodreads-widget .gr_branding{
    color: #382110;
    font-size: 11px;
    text-decoration: none;
    font-family: "Helvetica Neue", Helvetica, Arial, sans-serif;
  }
</style>
<div id="goodreads-widget">
  <div id="gr_header"><h1><a rel="nofollow" href="https://www.goodreads.com/book/show/104159.Twilight_Watch">Twilight Watch Reviews</a></h1></div>
  <iframe id="the_iframe" src="https://www.goodreads.com/api/reviews_widget_iframe?did=DEVELOPER_ID&amp;format=html&amp;isbn=1401360211&amp;links=660&amp;min_rating=&amp;review_back=fff&amp;stars=000&amp;text=000" width="565" height="400" frameborder="0"></iframe>
  <div id="gr_footer">
    <a class="gr_branding" target="_blank" rel="nofollow" href="https://www.goodreads.com/book/show/104159.Twilight_Watch?utm_medium=api&amp;utm_source=reviews_widget">Reviews from Goodreads.com</a>
  </div>
</div>

      ]]>
    </reviews_widget>
  <popular_shelves>
      <shelf name="urban-fantasy" count="288"/>
      <shelf name="to-read" count="271"/>
      <shelf name="fiction" count="189"/>
      <shelf name="fantasy" count="141"/>
      <shelf name="horror" count="125"/>
      <shelf name="favorites" count="122"/>
      <shelf name="currently-reading" count="106"/>
      <shelf name="russian" count="91"/>
      <shelf name="owned" count="90"/>
      <shelf name="paranormal" count="64"/>
      <shelf name="default" count="61"/>
      <shelf name="books-i-own" count="57"/>
      <shelf name="series" count="53"/>
      <shelf name="sci-fi" count="52"/>
      <shelf name="science-fiction" count="50"/>
      <shelf name="sci-fi-fantasy" count="35"/>
      <shelf name="magic" count="31"/>
      <shelf name="owned-books" count="28"/>
      <shelf name="kindle" count="26"/>
      <shelf name="ebook" count="26"/>
      <shelf name="russian-literature" count="24"/>
      <shelf name="vampire" count="23"/>
      <shelf name="sergei-lukyanenko" count="18"/>
      <shelf name="dark-fantasy" count="18"/>
      <shelf name="mystery" count="16"/>
      <shelf name="scifi" count="16"/>
      <shelf name="favourites" count="16"/>
      <shelf name="my-books" count="15"/>
      <shelf name="modern-fantasy" count="13"/>
      <shelf name="my-library" count="12"/>
      <shelf name="library" count="12"/>
      <shelf name="fantasy-sci-fi" count="12"/>
      <shelf name="russian-lit" count="12"/>
      <shelf name="novels" count="12"/>
      <shelf name="books" count="12"/>
      <shelf name="adult" count="11"/>
      <shelf name="fantasy-and-sci-fi" count="11"/>
      <shelf name="to-buy" count="11"/>
      <shelf name="fantasy-urban" count="11"/>
      <shelf name="novel" count="10"/>
      <shelf name="urban" count="10"/>
      <shelf name="read-in-2016" count="9"/>
      <shelf name="i-own" count="9"/>
      <shelf name="scifi-fantasy" count="9"/>
      <shelf name="watch" count="9"/>
      <shelf name="sf" count="9"/>
      <shelf name="supernatural" count="8"/>
      <shelf name="russia" count="8"/>
      <shelf name="paperback" count="8"/>
      <shelf name="translated" count="8"/>
      <shelf name="german" count="8"/>
      <shelf name="werewolves" count="8"/>
      <shelf name="thriller" count="8"/>
      <shelf name="tbr" count="7"/>
      <shelf name="audiobooks" count="7"/>
      <shelf name="borrowed" count="7"/>
      <shelf name="translation" count="7"/>
      <shelf name="fantasy-sf" count="7"/>
      <shelf name="sf-f" count="7"/>
      <shelf name="home-library" count="7"/>
      <shelf name="ebooks" count="7"/>
      <shelf name="read-in-2009" count="7"/>
      <shelf name="contemporary" count="7"/>
      <shelf name="own-a-copy" count="6"/>
      <shelf name="read-in-russian" count="6"/>
      <shelf name="lukyanenko-sergei" count="6"/>
      <shelf name="have" count="6"/>
      <shelf name="read-in-czech" count="6"/>
      <shelf name="4-stars" count="6"/>
      <shelf name="unread" count="6"/>
      <shelf name="audiobook" count="6"/>
      <shelf name="read-more-than-once" count="6"/>
      <shelf name="audio" count="6"/>
      <shelf name="calibre" count="6"/>
      <shelf name="sci-fi-and-fantasy" count="6"/>
      <shelf name="speculative-fiction" count="6"/>
      <shelf name="in-translation" count="6"/>
      <shelf name="foreign" count="6"/>
      <shelf name="wish-list" count="6"/>
      <shelf name="to-read-owned" count="5"/>
      <shelf name="bookshelf" count="5"/>
      <shelf name="fantasía" count="5"/>
      <shelf name="sff" count="5"/>
      <shelf name="21st-century" count="5"/>
      <shelf name="crime" count="5"/>
      <shelf name="read-in-german" count="5"/>
      <shelf name="ya" count="5"/>
      <shelf name="lukyanenko" count="5"/>
      <shelf name="own-to-read" count="4"/>
      <shelf name="night-watch" count="4"/>
      <shelf name="deutsch" count="4"/>
      <shelf name="read-in-2014" count="4"/>
      <shelf name="fantastika" count="4"/>
      <shelf name="e-books" count="4"/>
      <shelf name="fantasy-paranormal" count="4"/>
      <shelf name="shifters" count="4"/>
      <shelf name="e-book" count="4"/>
      <shelf name="all-time-favourites" count="4"/>
      <shelf name="nook" count="4"/>
      <shelf name="books-i-have" count="4"/>
  </popular_shelves>
  <book_links>
    <book_link>
  <id>8</id>
  <name>Libraries</name>
  <link>https://www.goodreads.com/book_link/follow/8</link>
</book_link>

  </book_links>
  <buy_links>
    <buy_link>
<id>1</id>
<name>Amazon</name>
<link>https://www.goodreads.com/book_link/follow/1</link>
</buy_link>
<buy_link>
<id>10</id>
<name>Audible</name>
<link>https://www.goodreads.com/book_link/follow/10</link>
</buy_link>
<buy_link>
<id>3</id>
<name>Barnes &amp; Noble</name>
<link>https://www.goodreads.com/book_link/follow/3</link>
</buy_link>
<buy_link>
<id>1027</id>
<name>Kobo</name>
<link>https://www.goodreads.com/book_link/follow/1027</link>
</buy_link>
<buy_link>
<id>2102</id>
<name>Apple iBooks</name>
<link>https://www.goodreads.com/book_link/follow/2102</link>
</buy_link>
<buy_link>
<id>8036</id>
<name>Google Play</name>
<link>https://www.goodreads.com/book_link/follow/8036</link>
</buy_link>
<buy_link>
<id>4</id>
<name>Abebooks</name>
<link>https://www.goodreads.com/book_link/follow/4</link>
</buy_link>
<buy_link>
<id>882</id>
<name>Book Depository</name>
<link>https://www.goodreads.com/book_link/follow/882</link>
</buy_link>
<buy_link>
<id>9</id>
<name>Indigo</name>
<link>https://www.goodreads.com/book_link/follow/9</link>
</buy_link>
<buy_link>
<id>2</id>
<name>Half.com</name>
<link>https://www.goodreads.com/book_link/follow/2</link>
</buy_link>
<buy_link>
<id>5</id>
<name>Alibris</name>
<link>https://www.goodreads.com/book_link/follow/5</link>
</buy_link>
<buy_link>
<id>107</id>
<name>Better World Books</name>
<link>https://www.goodreads.com/book_link/follow/107</link>
</buy_link>
<buy_link>
<id>7</id>
<name>IndieBound</name>
<link>https://www.goodreads.com/book_link/follow/7</link>
</buy_link>

  </buy_links>
  <series_works>
    <series_work>
<id>158353</id>
<user_position>3</user_position>
<series>
<id>42178</id>
<title>
<![CDATA[
    Дозоры
]]>
</title>
<description>
<![CDATA[
    Also known as:
    * Watch
    * The Night Watch
    * Wächter-Saga
    * Hlídka
    * Ciclo dei Guardiani
    * Mundo dos Guardiães
    * Guardianes
    * Straža
    * Патрулите
    * Nachtwacht
    * Őrség
    * Les sentinelles
    * Vahtkond
    * Sargyba
    * Sardzes
    
    
    Изначальный канон
    1) Лукьяненко - Ночной Дозор
    2) Лукьяненко, Васильев - Дневной Дозор (в окончательном варианте должен состоять из трёх частей: "Посторонним вход разрешен", "Чужой для Иных" и "Иная Сила", хотя в первых изданиях состоял из двух или различался подзаголовками).
    
    
    Поздний канон
    
    3) Лукьяненко - Сумеречный Дозор
    4) Лукьяненко - Последний Дозор
    5) Лукьяненко - Новый Дозор
    6) Лукьяненко - Шестой Дозор (причём первая треть Шестого была опубликована в сборнике "Обыденный Дозор", который кроме названия и этой части больше никакого отношения не имеет к серии)
    
    Официальные фанфики
    
    Изданы под обложкой "Мелкий Дозор". Это фанфики, очень близкие к канону (куда более близкие, чем дальнейшая франшиза). Кроме того, есть и рассказ Лукьяненко "Мелкий Дозор", включенный как в этот сборник, так и во многие другие, что создало большую путаницу. Действие рассказа происходит между "Ночным" и "Сумеречным". Остальные рассказы сборника разбросаны по времени от начала 90-х до наших дней.
    
    Франшиза
    
    В 2013-м была запущена официальная франшиза под названием "Межавторский цикл Дозоры". Однако читать её следует не с первой книги франшизы, а с книги Васильева "Лик Чёрной Пальмиры", которая вышла сразу после "Ночного Дозора". Фактически, все книги Шушпанова и Васильева в рамках "Дозоров" продолжают сюжетную линию, завязанную ещё в "Ночном", и развёрнутую в "Лике Чёрной Пальмиры". 
    
    Действие цикла не ограничено временем, авторы очень вольно трактуют концепции Сумрака и вообше не читают, что написано в предыдущих книгах. 
    
    Выходили книги в таком порядке:
    
    00) Васильев - Лик черной Пальмиры
    01) Лукьяненко, Шушпанов - Школьный Надзор
    02) Лукьяненко, Кузнецов - Печать Сумрака
    03) Лукьяненко, Клемешье - Участковый
    04) Васильев - Время инверсий (Лик черной Пальмиры - 2)
    05) Шушпанов - Теневой Дозор
    06) сборник Мелкий Дозор - книга выходила во многих сериях, в т.ч. и в серии "Дозоры".
    07) Макарова - Оперативный резерв
    08) Шаинян - Цветной Дозор
    09) Желунов - Дозоры не работают вместе
    10) Гаркушев - Глубокий Сумрак
    11) Недоруб - Севастопольский Дозор
    12) Клемешье - Сын Дога (Участковый-2)
    13) Каплан - Масть
    14) Макарова - Одиночный дозор (Оперативный резерв - 2)
    15) Кузнецов - Время Желаний
    16) Желунов - Тайный дозор
    17) Шушпанов - Книжный дозор
    18) Аверин, Вандурас - Невский дозор [готовится к печати]
]]>
</description>
<note>
<![CDATA[
]]>
</note>
<series_works_count>32</series_works_count>
<primary_work_count>24</primary_work_count>
<numbered>true</numbered>
</series>

</series_work>

  </series_works>
  <similar_books>
          <book>
<id>7838500</id>
<title>Temná hlídka (Hlídka)</title>
<title_without_series>Temná hlídka</title_without_series>
<link><![CDATA[https://www.goodreads.com/book/show/7838500-temn-hl-dka]]></link>
<small_image_url><![CDATA[https://s.gr-assets.com/assets/nophoto/book/50x75-a91bf249278a81aabab721ef782c4a74.png]]></small_image_url>
<image_url><![CDATA[https://s.gr-assets.com/assets/nophoto/book/111x148-bcc042a9c91a29c1d680899eff700a03.png]]></image_url>
<num_pages>304</num_pages>
<work>
<id>4825481</id>
</work>
<isbn>8072548042</isbn>
<isbn13>9788072548040</isbn13>
<average_rating>3.32</average_rating>
<ratings_count>260</ratings_count>
<publication_year>2006</publication_year>
<publication_month>4</publication_month>
<publication_day>14</publication_day>
<authors>
<author>
<id>3206685</id>
<name>Vladimir Vasilev</name>
<link><![CDATA[https://www.goodreads.com/author/show/3206685.Vladimir_Vasilev]]></link>
</author>
</authors>
</book>

          <book>
<id>7818273</id>
<title>Noční klub II</title>
<title_without_series>Noční klub II</title_without_series>
<link><![CDATA[https://www.goodreads.com/book/show/7818273-no-n-klub-ii]]></link>
<small_image_url><![CDATA[https://s.gr-assets.com/assets/nophoto/book/50x75-a91bf249278a81aabab721ef782c4a74.png]]></small_image_url>
<image_url><![CDATA[https://s.gr-assets.com/assets/nophoto/book/111x148-bcc042a9c91a29c1d680899eff700a03.png]]></image_url>
<num_pages>377</num_pages>
<work>
<id>7509547</id>
</work>
<isbn>8085892650</isbn>
<isbn13>9788085892659</isbn13>
<average_rating>4.46</average_rating>
<ratings_count>1049</ratings_count>
<publication_year>2009</publication_year>
<publication_month></publication_month>
<publication_day></publication_day>
<authors>
<author>
<id>1927004</id>
<name>Jiří Kulhánek</name>
<link><![CDATA[https://www.goodreads.com/author/show/1927004.Ji_Kulh_nek]]></link>
</author>
</authors>
</book>

          <book>
<id>3370411</id>
<title><![CDATA[Лабиринт Мёнина (Лабиринты Ехо, #8)]]></title>
<title_without_series>Лабиринт Мёнина</title_without_series>
<link><![CDATA[https://www.goodreads.com/book/show/3370411]]></link>
<small_image_url><![CDATA[https://images.gr-assets.com/books/1340046895s/3370411.jpg]]></small_image_url>
<image_url><![CDATA[https://images.gr-assets.com/books/1340046895m/3370411.jpg]]></image_url>
<num_pages>398</num_pages>
<work>
<id>18895531</id>
</work>
<isbn>5942781850</isbn>
<isbn13>9785942781859</isbn13>
<average_rating>4.43</average_rating>
<ratings_count>1100</ratings_count>
<publication_year>2004</publication_year>
<publication_month></publication_month>
<publication_day></publication_day>
<authors>
<author>
<id>1171746</id>
<name>Max Frei</name>
<link><![CDATA[https://www.goodreads.com/author/show/1171746.Max_Frei]]></link>
</author>
</authors>
</book>

          <book>
<id>7826204</id>
<title>Да пробудиш драконче</title>
<title_without_series>Да пробудиш драконче</title_without_series>
<link><![CDATA[https://www.goodreads.com/book/show/7826204]]></link>
<small_image_url><![CDATA[https://images.gr-assets.com/books/1267906547s/7826204.jpg]]></small_image_url>
<image_url><![CDATA[https://images.gr-assets.com/books/1267906547m/7826204.jpg]]></image_url>
<num_pages>96</num_pages>
<work>
<id>10876774</id>
</work>
<isbn></isbn>
<isbn13>9789549224139</isbn13>
<average_rating>3.94</average_rating>
<ratings_count>270</ratings_count>
<publication_year>2009</publication_year>
<publication_month></publication_month>
<publication_day></publication_day>
<authors>
<author>
<id>3110785</id>
<name>Николай Теллалов</name>
<link><![CDATA[https://www.goodreads.com/author/show/3110785._]]></link>
</author>
</authors>
</book>

          <book>
<id>2036634</id>
<title><![CDATA[Семь подземных королей (Волшебник Изумрудного города, #3)]]></title>
<title_without_series>Семь подземных королей</title_without_series>
<link><![CDATA[https://www.goodreads.com/book/show/2036634._]]></link>
<small_image_url><![CDATA[https://s.gr-assets.com/assets/nophoto/book/50x75-a91bf249278a81aabab721ef782c4a74.png]]></small_image_url>
<image_url><![CDATA[https://s.gr-assets.com/assets/nophoto/book/111x148-bcc042a9c91a29c1d680899eff700a03.png]]></image_url>
<num_pages>224</num_pages>
<work>
<id>1662372</id>
</work>
<isbn></isbn>
<isbn13></isbn13>
<average_rating>4.23</average_rating>
<ratings_count>751</ratings_count>
<publication_year>1964</publication_year>
<publication_month></publication_month>
<publication_day></publication_day>
<authors>
<author>
<id>674125</id>
<name>Alexander Volkov</name>
<link><![CDATA[https://www.goodreads.com/author/show/674125.Alexander_Volkov]]></link>
</author>
</authors>
</book>

          <book>
<id>1303548</id>
<title>Lilith (Uralte Metropole, #2)</title>
<title_without_series>Lilith</title_without_series>
<link><![CDATA[https://www.goodreads.com/book/show/1303548.Lilith]]></link>
<small_image_url><![CDATA[https://images.gr-assets.com/books/1362759993s/1303548.jpg]]></small_image_url>
<image_url><![CDATA[https://images.gr-assets.com/books/1362759993m/1303548.jpg]]></image_url>
<num_pages>688</num_pages>
<work>
<id>1292750</id>
</work>
<isbn>3453521358</isbn>
<isbn13>9783453521353</isbn13>
<average_rating>4.13</average_rating>
<ratings_count>544</ratings_count>
<publication_year>2005</publication_year>
<publication_month>11</publication_month>
<publication_day>7</publication_day>
<authors>
<author>
<id>624389</id>
<name>Christoph Marzi</name>
<link><![CDATA[https://www.goodreads.com/author/show/624389.Christoph_Marzi]]></link>
</author>
</authors>
</book>

          <book>
<id>2795448</id>
<title><![CDATA[Странствия мага. Том 2 (Хранитель Мечей, #2.2)]]></title>
<title_without_series>Странствия мага. Том 2</title_without_series>
<link><![CDATA[https://www.goodreads.com/book/show/2795448-2]]></link>
<small_image_url><![CDATA[https://s.gr-assets.com/assets/nophoto/book/50x75-a91bf249278a81aabab721ef782c4a74.png]]></small_image_url>
<image_url><![CDATA[https://s.gr-assets.com/assets/nophoto/book/111x148-bcc042a9c91a29c1d680899eff700a03.png]]></image_url>
<num_pages>304</num_pages>
<work>
<id>1518102</id>
</work>
<isbn>5699079262</isbn>
<isbn13>9785699079261</isbn13>
<average_rating>3.80</average_rating>
<ratings_count>524</ratings_count>
<publication_year>2007</publication_year>
<publication_month></publication_month>
<publication_day></publication_day>
<authors>
<author>
<id>711906</id>
<name>Nick Perumov</name>
<link><![CDATA[https://www.goodreads.com/author/show/711906.Nick_Perumov]]></link>
</author>
</authors>
</book>

          <book>
<id>6362815</id>
<title><![CDATA[Понедельник начинается в субботу. Сказка о Тройке (2 экз.)]]></title>
<title_without_series><![CDATA[Понедельник начинается в субботу. Сказка о Тройке]]></title_without_series>
<link><![CDATA[https://www.goodreads.com/book/show/6362815]]></link>
<small_image_url><![CDATA[https://images.gr-assets.com/books/1349441013s/6362815.jpg]]></small_image_url>
<image_url><![CDATA[https://images.gr-assets.com/books/1349441013m/6362815.jpg]]></image_url>
<num_pages>608</num_pages>
<work>
<id>5132134</id>
</work>
<isbn>517009065X</isbn>
<isbn13>9785170090655</isbn13>
<average_rating>4.50</average_rating>
<ratings_count>620</ratings_count>
<publication_year>2004</publication_year>
<publication_month></publication_month>
<publication_day></publication_day>
<authors>
<author>
<id>1159886</id>
<name>Arkady Strugatsky</name>
<link><![CDATA[https://www.goodreads.com/author/show/1159886.Arkady_Strugatsky]]></link>
</author>
</authors>
</book>

          <book>
<id>2361437</id>
<title><![CDATA[Право на поединок (Волкодав, #2)]]></title>
<title_without_series>Право на поединок</title_without_series>
<link><![CDATA[https://www.goodreads.com/book/show/2361437._]]></link>
<small_image_url><![CDATA[https://images.gr-assets.com/books/1289409966s/2361437.jpg]]></small_image_url>
<image_url><![CDATA[https://images.gr-assets.com/books/1289409966m/2361437.jpg]]></image_url>
<num_pages>576</num_pages>
<work>
<id>2368204</id>
</work>
<isbn>5170422644</isbn>
<isbn13>9785170422647</isbn13>
<average_rating>4.15</average_rating>
<ratings_count>483</ratings_count>
<publication_year>2007</publication_year>
<publication_month></publication_month>
<publication_day></publication_day>
<authors>
<author>
<id>880518</id>
<name>Мария Семёнова</name>
<link><![CDATA[https://www.goodreads.com/author/show/880518._]]></link>
</author>
</authors>
</book>

          <book>
<id>2952803</id>
<title><![CDATA[Die Ordensburg (Elfenritter, #1)]]></title>
<title_without_series>Die Ordensburg</title_without_series>
<link><![CDATA[https://www.goodreads.com/book/show/2952803-die-ordensburg]]></link>
<small_image_url><![CDATA[https://images.gr-assets.com/books/1327354719s/2952803.jpg]]></small_image_url>
<image_url><![CDATA[https://images.gr-assets.com/books/1327354719m/2952803.jpg]]></image_url>
<num_pages>638</num_pages>
<work>
<id>2982284</id>
</work>
<isbn>3453523334</isbn>
<isbn13>9783453523333</isbn13>
<average_rating>4.07</average_rating>
<ratings_count>676</ratings_count>
<publication_year>2007</publication_year>
<publication_month></publication_month>
<publication_day></publication_day>
<authors>
<author>
<id>55855</id>
<name>Bernhard Hennen</name>
<link><![CDATA[https://www.goodreads.com/author/show/55855.Bernhard_Hennen]]></link>
</author>
</authors>
</book>

          <book>
<id>8583692</id>
<title>Drsný spasitel</title>
<title_without_series>Drsný spasitel</title_without_series>
<link><![CDATA[https://www.goodreads.com/book/show/8583692-drsn-spasitel]]></link>
<small_image_url><![CDATA[https://s.gr-assets.com/assets/nophoto/book/50x75-a91bf249278a81aabab721ef782c4a74.png]]></small_image_url>
<image_url><![CDATA[https://s.gr-assets.com/assets/nophoto/book/111x148-bcc042a9c91a29c1d680899eff700a03.png]]></image_url>
<num_pages>437</num_pages>
<work>
<id>13452956</id>
</work>
<isbn></isbn>
<isbn13>9788072549641</isbn13>
<average_rating>4.12</average_rating>
<ratings_count>276</ratings_count>
<publication_year>2007</publication_year>
<publication_month></publication_month>
<publication_day></publication_day>
<authors>
<author>
<id>1524427</id>
<name>Miroslav Žamboch</name>
<link><![CDATA[https://www.goodreads.com/author/show/1524427.Miroslav_amboch]]></link>
</author>
</authors>
</book>

          <book>
<id>6097660</id>
<title><![CDATA[Wunschkrieg (Die Sturmkönige, #2)]]></title>
<title_without_series>Wunschkrieg</title_without_series>
<link><![CDATA[https://www.goodreads.com/book/show/6097660-wunschkrieg]]></link>
<small_image_url><![CDATA[https://images.gr-assets.com/books/1327925147s/6097660.jpg]]></small_image_url>
<image_url><![CDATA[https://images.gr-assets.com/books/1327925147m/6097660.jpg]]></image_url>
<num_pages>428</num_pages>
<work>
<id>6274794</id>
</work>
<isbn>3785723563</isbn>
<isbn13>9783785723562</isbn13>
<average_rating>3.95</average_rating>
<ratings_count>449</ratings_count>
<publication_year>2009</publication_year>
<publication_month>3</publication_month>
<publication_day>17</publication_day>
<authors>
<author>
<id>54201</id>
<name>Kai Meyer</name>
<link><![CDATA[https://www.goodreads.com/author/show/54201.Kai_Meyer]]></link>
</author>
</authors>
</book>

  </similar_books>
</book>

</GoodreadsResponse>