<?xml version="1.0" encoding="UTF-8"?>
<GoodreadsResponse>
  <Request>
    <authentication>true</authentication>
      <key><![CDATA[all_men_must_serve]]></key>
    <method><![CDATA[book_show]]></method>
  </Request>
  <book>
  <id>10428803</id>
  <title><![CDATA[A Rogue by Any Other Name (The Rules of Scoundrels, #1)]]></title>
  <isbn><![CDATA[0062068520]]></isbn>
  <isbn13><![CDATA[9780062068521]]></isbn13>
  <asin><![CDATA[]]></asin>
  <kindle_asin><![CDATA[B006OUGWK2]]></kindle_asin>
  <marketplace_id><![CDATA[A1F83G8C2ARO7P]]></marketplace_id>
  <country_code><![CDATA[GB]]></country_code>
  <image_url>https://images.gr-assets.com/books/1327928208m/10428803.jpg</image_url>
  <small_image_url>https://images.gr-assets.com/books/1327928208s/10428803.jpg</small_image_url>
  <publication_year>2012</publication_year>
  <publication_month>2</publication_month>
  <publication_day>28</publication_day>
  <publisher>Avon</publisher>
  <language_code>eng</language_code>
  <is_ebook>false</is_ebook>
  <description><![CDATA[<b>What a scoundrel wants, a scoundrel gets...</b><br /><br />A decade ago, the Marquess of Bourne was cast from society with nothing but his title. Now a partner in London’s most exclusive gaming hell, the cold, ruthless Bourne will do whatever it takes to regain his inheritance—including marrying perfect, proper Lady Penelope Marbury.<br /><br />A broken engagement and years of disappointing courtships have left Penelope with little interest in a quiet, comfortable marriage, and a longing for something more. How lucky that her new husband has access to such unexplored pleasures.<br /><br />Bourne may be a prince of London’s underworld, but he vows to keep Penelope untouched by its wickedness—a challenge indeed as the lady discovers her own desires, and her willingness to wager anything for them... even her heart.]]></description>
  <work>
  <id type="integer">15333212</id>
  <books_count type="integer">34</books_count>
  <best_book_id type="integer">10428803</best_book_id>
  <reviews_count type="integer">45674</reviews_count>
  <ratings_sum type="integer">95877</ratings_sum>
  <ratings_count type="integer">24304</ratings_count>
  <text_reviews_count type="integer">1947</text_reviews_count>
  <original_publication_year type="integer">2012</original_publication_year>
  <original_publication_month type="integer">2</original_publication_month>
  <original_publication_day type="integer" nil="true"/>
  <original_title>A Rogue by Any Other Name</original_title>
  <original_language_id type="integer" nil="true"/>
  <media_type>book</media_type>
  <rating_dist>5:7920|4:9371|3:5302|2:1176|1:535|total:24304</rating_dist>
  <desc_user_id type="integer">2650335</desc_user_id>
  <default_chaptering_book_id type="integer" nil="true"/>
  <default_description_language_code nil="true"/>
</work>
  <average_rating>3.94</average_rating>
  <num_pages><![CDATA[386]]></num_pages>
  <format><![CDATA[Mass Market Paperback]]></format>
  <edition_information><![CDATA[]]></edition_information>
  <ratings_count><![CDATA[21581]]></ratings_count>
  <text_reviews_count><![CDATA[1581]]></text_reviews_count>
  <url><![CDATA[https://www.goodreads.com/book/show/10428803-a-rogue-by-any-other-name]]></url>
  <link><![CDATA[https://www.goodreads.com/book/show/10428803-a-rogue-by-any-other-name]]></link>
  <authors>
<author>
<id>1598076</id>
<name>Sarah MacLean</name>
<role></role>
<image_url nophoto='false'>
<![CDATA[https://images.gr-assets.com/authors/1499444204p5/1598076.jpg]]>
</image_url>
<small_image_url nophoto='false'>
<![CDATA[https://images.gr-assets.com/authors/1499444204p2/1598076.jpg]]>
</small_image_url>
<link><![CDATA[https://www.goodreads.com/author/show/1598076.Sarah_MacLean]]></link>
<average_rating>3.97</average_rating>
<ratings_count>148798</ratings_count>
<text_reviews_count>13769</text_reviews_count>
</author>
</authors>

    <reviews_widget>
      <![CDATA[
        <style>
  #goodreads-widget {
    font-family: georgia, serif;
    padding: 18px 0;
    width:565px;
  }
  #goodreads-widget h1 {
    font-weight:normal;
    font-size: 16px;
    border-bottom: 1px solid #BBB596;
    margin-bottom: 0;
  }
  #goodreads-widget a {
    text-decoration: none;
    color:#660;
  }
  iframe{
    background-color: #fff;
  }
  #goodreads-widget a:hover { text-decoration: underline; }
  #goodreads-widget a:active {
    color:#660;
  }
  #gr_footer {
    width: 100%;
    border-top: 1px solid #BBB596;
    text-align: right;
  }
  #goodreads-widget .gr_branding{
    color: #382110;
    font-size: 11px;
    text-decoration: none;
    font-family: "Helvetica Neue", Helvetica, Arial, sans-serif;
  }
</style>
<div id="goodreads-widget">
  <div id="gr_header"><h1><a rel="nofollow" href="https://www.goodreads.com/book/show/10428803-a-rogue-by-any-other-name">A Rogue by Any Other Name Reviews</a></h1></div>
  <iframe id="the_iframe" src="https://www.goodreads.com/api/reviews_widget_iframe?did=DEVELOPER_ID&amp;format=html&amp;isbn=0062068520&amp;links=660&amp;min_rating=&amp;review_back=fff&amp;stars=000&amp;text=000" width="565" height="400" frameborder="0"></iframe>
  <div id="gr_footer">
    <a class="gr_branding" target="_blank" rel="nofollow" href="https://www.goodreads.com/book/show/10428803-a-rogue-by-any-other-name?utm_medium=api&amp;utm_source=reviews_widget">Reviews from Goodreads.com</a>
  </div>
</div>

      ]]>
    </reviews_widget>
  <popular_shelves>
      <shelf name="to-read" count="5665"/>
      <shelf name="historical-romance" count="1504"/>
      <shelf name="romance" count="1438"/>
      <shelf name="historical" count="724"/>
      <shelf name="historical-fiction" count="275"/>
      <shelf name="favorites" count="242"/>
      <shelf name="currently-reading" count="234"/>
      <shelf name="regency" count="193"/>
      <shelf name="series" count="158"/>
      <shelf name="adult" count="155"/>
      <shelf name="fiction" count="150"/>
      <shelf name="kindle" count="146"/>
      <shelf name="regency-romance" count="115"/>
      <shelf name="sarah-maclean" count="106"/>
      <shelf name="romance-historical" count="95"/>
      <shelf name="ebook" count="90"/>
      <shelf name="library" count="86"/>
      <shelf name="audiobook" count="75"/>
      <shelf name="books-i-own" count="55"/>
      <shelf name="marriage-of-convenience" count="52"/>
      <shelf name="friends-to-lovers" count="51"/>
      <shelf name="read-in-2012" count="50"/>
      <shelf name="owned" count="48"/>
      <shelf name="read-in-2014" count="45"/>
      <shelf name="read-in-2013" count="45"/>
      <shelf name="chick-lit" count="40"/>
      <shelf name="revenge" count="37"/>
      <shelf name="adult-fiction" count="37"/>
      <shelf name="ebooks" count="37"/>
      <shelf name="e-book" count="36"/>
      <shelf name="audiobooks" count="35"/>
      <shelf name="england" count="35"/>
      <shelf name="read-in-2016" count="34"/>
      <shelf name="read-in-2015" count="32"/>
      <shelf name="first-in-series" count="30"/>
      <shelf name="audio" count="29"/>
      <shelf name="4-stars" count="29"/>
      <shelf name="read-2014" count="28"/>
      <shelf name="2012-reads" count="28"/>
      <shelf name="historical-romances" count="28"/>
      <shelf name="childhood-friends" count="27"/>
      <shelf name="part-of-a-series" count="27"/>
      <shelf name="virgin-heroine" count="26"/>
      <shelf name="historicals" count="26"/>
      <shelf name="read-2015" count="25"/>
      <shelf name="dnf" count="25"/>
      <shelf name="romance-novels" count="25"/>
      <shelf name="5-stars" count="22"/>
      <shelf name="steamy" count="22"/>
      <shelf name="maybe" count="22"/>
      <shelf name="2013-reads" count="21"/>
      <shelf name="hr" count="21"/>
      <shelf name="library-book" count="21"/>
      <shelf name="nook" count="21"/>
      <shelf name="read-2016" count="20"/>
      <shelf name="guilty-pleasure" count="20"/>
      <shelf name="reviewed" count="20"/>
      <shelf name="e-books" count="20"/>
      <shelf name="alpha-male" count="19"/>
      <shelf name="favorite" count="19"/>
      <shelf name="2016-reads" count="18"/>
      <shelf name="first-in-a-series" count="18"/>
      <shelf name="erotica" count="18"/>
      <shelf name="tortured-hero" count="18"/>
      <shelf name="read-2013" count="17"/>
      <shelf name="re-read" count="17"/>
      <shelf name="bad-boy" count="17"/>
      <shelf name="favourites" count="17"/>
      <shelf name="read-2012" count="17"/>
      <shelf name="to-buy" count="17"/>
      <shelf name="funny" count="16"/>
      <shelf name="book-riot" count="15"/>
      <shelf name="default" count="15"/>
      <shelf name="guilty-pleasures" count="15"/>
      <shelf name="romance-regency" count="15"/>
      <shelf name="maclean-sarah" count="15"/>
      <shelf name="audible" count="14"/>
      <shelf name="paperback" count="14"/>
      <shelf name="m-f" count="14"/>
      <shelf name="author-sarah-maclean" count="14"/>
      <shelf name="reto-rita-la-cantaora" count="13"/>
      <shelf name="2015-reads" count="13"/>
      <shelf name="2014-reads" count="13"/>
      <shelf name="3-stars" count="13"/>
      <shelf name="meh" count="13"/>
      <shelf name="did-not-finish" count="13"/>
      <shelf name="2014-read" count="12"/>
      <shelf name="history" count="12"/>
      <shelf name="the-rules-of-scoundrels" count="12"/>
      <shelf name="forced-marriage" count="12"/>
      <shelf name="gambling" count="12"/>
      <shelf name="historical-regency" count="12"/>
      <shelf name="kindle-books" count="12"/>
      <shelf name="read-in-2017" count="11"/>
      <shelf name="overdrive" count="11"/>
      <shelf name="historical-rom" count="11"/>
      <shelf name="to-read-romance" count="11"/>
      <shelf name="historic-romance" count="11"/>
      <shelf name="audio-book" count="11"/>
      <shelf name="part-of-series" count="11"/>
  </popular_shelves>
  <book_links>
    <book_link>
  <id>8</id>
  <name>Libraries</name>
  <link>https://www.goodreads.com/book_link/follow/8</link>
</book_link>

  </book_links>
  <buy_links>
    <buy_link>
<id>1</id>
<name>Amazon</name>
<link>https://www.goodreads.com/book_link/follow/1</link>
</buy_link>
<buy_link>
<id>10</id>
<name>Audible</name>
<link>https://www.goodreads.com/book_link/follow/10</link>
</buy_link>
<buy_link>
<id>3</id>
<name>Barnes &amp; Noble</name>
<link>https://www.goodreads.com/book_link/follow/3</link>
</buy_link>
<buy_link>
<id>1027</id>
<name>Kobo</name>
<link>https://www.goodreads.com/book_link/follow/1027</link>
</buy_link>
<buy_link>
<id>2102</id>
<name>Apple iBooks</name>
<link>https://www.goodreads.com/book_link/follow/2102</link>
</buy_link>
<buy_link>
<id>8036</id>
<name>Google Play</name>
<link>https://www.goodreads.com/book_link/follow/8036</link>
</buy_link>
<buy_link>
<id>4</id>
<name>Abebooks</name>
<link>https://www.goodreads.com/book_link/follow/4</link>
</buy_link>
<buy_link>
<id>882</id>
<name>Book Depository</name>
<link>https://www.goodreads.com/book_link/follow/882</link>
</buy_link>
<buy_link>
<id>9</id>
<name>Indigo</name>
<link>https://www.goodreads.com/book_link/follow/9</link>
</buy_link>
<buy_link>
<id>2</id>
<name>Half.com</name>
<link>https://www.goodreads.com/book_link/follow/2</link>
</buy_link>
<buy_link>
<id>5</id>
<name>Alibris</name>
<link>https://www.goodreads.com/book_link/follow/5</link>
</buy_link>
<buy_link>
<id>107</id>
<name>Better World Books</name>
<link>https://www.goodreads.com/book_link/follow/107</link>
</buy_link>
<buy_link>
<id>7</id>
<name>IndieBound</name>
<link>https://www.goodreads.com/book_link/follow/7</link>
</buy_link>

  </buy_links>
  <series_works>
    <series_work>
<id>288078</id>
<user_position>1</user_position>
<series>
<id>65529</id>
<title>
<![CDATA[
    The Rules of Scoundrels
]]>
</title>
<description>
<![CDATA[
    Four Scandals, whispered about in ballrooms across Britain.
    Four aristocrats, exiled from society, now royalty in the London underworld.
    Four loves, powerful enough to tame the darkness and return these fallen angels to the light.
    
    Also known as:
    - Pravila lopovov [Slovenian]
]]>
</description>
<note>
<![CDATA[
]]>
</note>
<series_works_count>4</series_works_count>
<primary_work_count>4</primary_work_count>
<numbered>true</numbered>
</series>

</series_work>

  </series_works>
  <similar_books>
          <book>
<id>11738128</id>
<title><![CDATA[A Week to Be Wicked (Spindle Cove, #2)]]></title>
<title_without_series>A Week to Be Wicked</title_without_series>
<link><![CDATA[https://www.goodreads.com/book/show/11738128-a-week-to-be-wicked]]></link>
<small_image_url><![CDATA[https://images.gr-assets.com/books/1321335382s/11738128.jpg]]></small_image_url>
<image_url><![CDATA[https://images.gr-assets.com/books/1321335382m/11738128.jpg]]></image_url>
<num_pages>356</num_pages>
<work>
<id>16687336</id>
</work>
<isbn>0062049879</isbn>
<isbn13>9780062049872</isbn13>
<average_rating>4.12</average_rating>
<ratings_count>16282</ratings_count>
<publication_year>2012</publication_year>
<publication_month>3</publication_month>
<publication_day>27</publication_day>
<authors>
<author>
<id>2752928</id>
<name>Tessa Dare</name>
<link><![CDATA[https://www.goodreads.com/author/show/2752928.Tessa_Dare]]></link>
</author>
</authors>
</book>

          <book>
<id>8563824</id>
<title><![CDATA[The Many Sins of Lord Cameron (MacKenzies & McBrides, #3)]]></title>
<title_without_series>The Many Sins of Lord Cameron</title_without_series>
<link><![CDATA[https://www.goodreads.com/book/show/8563824-the-many-sins-of-lord-cameron]]></link>
<small_image_url><![CDATA[https://images.gr-assets.com/books/1300209650s/8563824.jpg]]></small_image_url>
<image_url><![CDATA[https://images.gr-assets.com/books/1300209650m/8563824.jpg]]></image_url>
<num_pages>298</num_pages>
<work>
<id>13432297</id>
</work>
<isbn>0425240495</isbn>
<isbn13>9780425240496</isbn13>
<average_rating>4.10</average_rating>
<ratings_count>10530</ratings_count>
<publication_year>2011</publication_year>
<publication_month>8</publication_month>
<publication_day>2</publication_day>
<authors>
<author>
<id>28569</id>
<name>Jennifer Ashley</name>
<link><![CDATA[https://www.goodreads.com/author/show/28569.Jennifer_Ashley]]></link>
</author>
</authors>
</book>

          <book>
<id>11374025</id>
<title><![CDATA[Scandalous Desires (Maiden Lane, #3)]]></title>
<title_without_series>Scandalous Desires</title_without_series>
<link><![CDATA[https://www.goodreads.com/book/show/11374025-scandalous-desires]]></link>
<small_image_url><![CDATA[https://s.gr-assets.com/assets/nophoto/book/50x75-a91bf249278a81aabab721ef782c4a74.png]]></small_image_url>
<image_url><![CDATA[https://s.gr-assets.com/assets/nophoto/book/111x148-bcc042a9c91a29c1d680899eff700a03.png]]></image_url>
<num_pages>393</num_pages>
<work>
<id>14090854</id>
</work>
<isbn></isbn>
<isbn13></isbn13>
<average_rating>4.10</average_rating>
<ratings_count>10656</ratings_count>
<publication_year>2011</publication_year>
<publication_month>10</publication_month>
<publication_day>18</publication_day>
<authors>
<author>
<id>16202</id>
<name>Elizabeth Hoyt</name>
<link><![CDATA[https://www.goodreads.com/author/show/16202.Elizabeth_Hoyt]]></link>
</author>
</authors>
</book>

          <book>
<id>13190596</id>
<title><![CDATA[The Governess Affair (Brothers Sinister, #0.5)]]></title>
<title_without_series>The Governess Affair</title_without_series>
<link><![CDATA[https://www.goodreads.com/book/show/13190596-the-governess-affair]]></link>
<small_image_url><![CDATA[https://images.gr-assets.com/books/1363009352s/13190596.jpg]]></small_image_url>
<image_url><![CDATA[https://images.gr-assets.com/books/1363009352m/13190596.jpg]]></image_url>
<num_pages>101</num_pages>
<work>
<id>18371803</id>
</work>
<isbn></isbn>
<isbn13></isbn13>
<average_rating>3.86</average_rating>
<ratings_count>10820</ratings_count>
<publication_year>2012</publication_year>
<publication_month>4</publication_month>
<publication_day>21</publication_day>
<authors>
<author>
<id>2906892</id>
<name>Courtney Milan</name>
<link><![CDATA[https://www.goodreads.com/author/show/2906892.Courtney_Milan]]></link>
</author>
</authors>
</book>

          <book>
<id>6290413</id>
<title><![CDATA[To Wed a Wicked Earl (Devine & Friends, #2)]]></title>
<title_without_series>To Wed a Wicked Earl</title_without_series>
<link><![CDATA[https://www.goodreads.com/book/show/6290413-to-wed-a-wicked-earl]]></link>
<small_image_url><![CDATA[https://images.gr-assets.com/books/1463677854s/6290413.jpg]]></small_image_url>
<image_url><![CDATA[https://images.gr-assets.com/books/1463677854m/6290413.jpg]]></image_url>
<num_pages>371</num_pages>
<work>
<id>6474774</id>
</work>
<isbn>0061712787</isbn>
<isbn13>9780061712784</isbn13>
<average_rating>3.96</average_rating>
<ratings_count>3855</ratings_count>
<publication_year>2009</publication_year>
<publication_month>8</publication_month>
<publication_day>25</publication_day>
<authors>
<author>
<id>1036134</id>
<name>Olivia Parker</name>
<link><![CDATA[https://www.goodreads.com/author/show/1036134.Olivia_Parker]]></link>
</author>
</authors>
</book>

          <book>
<id>5841519</id>
<title><![CDATA[Surrender to the Devil (Scoundrels of St. James, #3)]]></title>
<title_without_series>Surrender to the Devil</title_without_series>
<link><![CDATA[https://www.goodreads.com/book/show/5841519-surrender-to-the-devil]]></link>
<small_image_url><![CDATA[https://images.gr-assets.com/books/1322214177s/5841519.jpg]]></small_image_url>
<image_url><![CDATA[https://images.gr-assets.com/books/1322214177m/5841519.jpg]]></image_url>
<num_pages>384</num_pages>
<work>
<id>6013659</id>
</work>
<isbn>0061733997</isbn>
<isbn13>9780061733994</isbn13>
<average_rating>3.99</average_rating>
<ratings_count>4384</ratings_count>
<publication_year>2009</publication_year>
<publication_month>6</publication_month>
<publication_day>30</publication_day>
<authors>
<author>
<id>104926</id>
<name>Lorraine Heath</name>
<link><![CDATA[https://www.goodreads.com/author/show/104926.Lorraine_Heath]]></link>
</author>
</authors>
</book>

          <book>
<id>8430098</id>
<title><![CDATA[What I Did For a Duke (Pennyroyal Green, #5)]]></title>
<title_without_series>What I Did For a Duke</title_without_series>
<link><![CDATA[https://www.goodreads.com/book/show/8430098-what-i-did-for-a-duke]]></link>
<small_image_url><![CDATA[https://images.gr-assets.com/books/1288788911s/8430098.jpg]]></small_image_url>
<image_url><![CDATA[https://images.gr-assets.com/books/1288788911m/8430098.jpg]]></image_url>
<num_pages>371</num_pages>
<work>
<id>13293409</id>
</work>
<isbn>0061885681</isbn>
<isbn13>9780061885686</isbn13>
<average_rating>4.15</average_rating>
<ratings_count>8945</ratings_count>
<publication_year>2011</publication_year>
<publication_month>2</publication_month>
<publication_day>22</publication_day>
<authors>
<author>
<id>20987</id>
<name>Julie Anne Long</name>
<link><![CDATA[https://www.goodreads.com/author/show/20987.Julie_Anne_Long]]></link>
</author>
</authors>
</book>

          <book>
<id>1032696</id>
<title><![CDATA[London's Perfect Scoundrel (Lessons in Love, #2)]]></title>
<title_without_series>London&apos;s Perfect Scoundrel</title_without_series>
<link><![CDATA[https://www.goodreads.com/book/show/1032696.London_s_Perfect_Scoundrel]]></link>
<small_image_url><![CDATA[https://s.gr-assets.com/assets/nophoto/book/50x75-a91bf249278a81aabab721ef782c4a74.png]]></small_image_url>
<image_url><![CDATA[https://s.gr-assets.com/assets/nophoto/book/111x148-bcc042a9c91a29c1d680899eff700a03.png]]></image_url>
<num_pages>372</num_pages>
<work>
<id>1018976</id>
</work>
<isbn>0380820838</isbn>
<isbn13>9780380820832</isbn13>
<average_rating>4.05</average_rating>
<ratings_count>7018</ratings_count>
<publication_year>2003</publication_year>
<publication_month>4</publication_month>
<publication_day>29</publication_day>
<authors>
<author>
<id>23294</id>
<name>Suzanne Enoch</name>
<link><![CDATA[https://www.goodreads.com/author/show/23294.Suzanne_Enoch]]></link>
</author>
</authors>
</book>

          <book>
<id>11280745</id>
<title><![CDATA[A Lady Never Surrenders (Hellions of Halstead Hall #5)]]></title>
<title_without_series>A Lady Never Surrenders</title_without_series>
<link><![CDATA[https://www.goodreads.com/book/show/11280745-a-lady-never-surrenders]]></link>
<small_image_url><![CDATA[https://images.gr-assets.com/books/1314641194s/11280745.jpg]]></small_image_url>
<image_url><![CDATA[https://images.gr-assets.com/books/1314641194m/11280745.jpg]]></image_url>
<num_pages>388</num_pages>
<work>
<id>16207938</id>
</work>
<isbn>1451642458</isbn>
<isbn13>9781451642452</isbn13>
<average_rating>4.14</average_rating>
<ratings_count>4980</ratings_count>
<publication_year>2012</publication_year>
<publication_month>1</publication_month>
<publication_day>24</publication_day>
<authors>
<author>
<id>50886</id>
<name>Sabrina Jeffries</name>
<link><![CDATA[https://www.goodreads.com/author/show/50886.Sabrina_Jeffries]]></link>
</author>
</authors>
</book>

          <book>
<id>9759853</id>
<title>A Lady&apos;s Lesson in Scandal</title>
<title_without_series>A Lady&apos;s Lesson in Scandal</title_without_series>
<link><![CDATA[https://www.goodreads.com/book/show/9759853-a-lady-s-lesson-in-scandal]]></link>
<small_image_url><![CDATA[https://images.gr-assets.com/books/1322483030s/9759853.jpg]]></small_image_url>
<image_url><![CDATA[https://images.gr-assets.com/books/1322483030m/9759853.jpg]]></image_url>
<num_pages>385</num_pages>
<work>
<id>14649179</id>
</work>
<isbn>1451606931</isbn>
<isbn13>9781451606935</isbn13>
<average_rating>3.86</average_rating>
<ratings_count>3482</ratings_count>
<publication_year>2011</publication_year>
<publication_month>6</publication_month>
<publication_day>28</publication_day>
<authors>
<author>
<id>1330133</id>
<name>Meredith Duran</name>
<link><![CDATA[https://www.goodreads.com/author/show/1330133.Meredith_Duran]]></link>
</author>
</authors>
</book>

          <book>
<id>9466068</id>
<title><![CDATA[Silk Is for Seduction (The Dressmakers, #1)]]></title>
<title_without_series>Silk Is for Seduction</title_without_series>
<link><![CDATA[https://www.goodreads.com/book/show/9466068-silk-is-for-seduction]]></link>
<small_image_url><![CDATA[https://images.gr-assets.com/books/1297794157s/9466068.jpg]]></small_image_url>
<image_url><![CDATA[https://images.gr-assets.com/books/1297794157m/9466068.jpg]]></image_url>
<num_pages>371</num_pages>
<work>
<id>14351097</id>
</work>
<isbn>0061632686</isbn>
<isbn13>9780061632686</isbn13>
<average_rating>3.91</average_rating>
<ratings_count>8482</ratings_count>
<publication_year>2011</publication_year>
<publication_month>6</publication_month>
<publication_day>28</publication_day>
<authors>
<author>
<id>76405</id>
<name>Loretta Chase</name>
<link><![CDATA[https://www.goodreads.com/author/show/76405.Loretta_Chase]]></link>
</author>
</authors>
</book>

  </similar_books>
</book>

</GoodreadsResponse>