<?xml version="1.0" encoding="UTF-8"?>
<GoodreadsResponse>
  <Request>
    <authentication>true</authentication>
      <key><![CDATA[all_men_must_serve]]></key>
    <method><![CDATA[book_show]]></method>
  </Request>
  <book>
  <id>10421530</id>
  <title><![CDATA[Kiss of Frost (Mythos Academy, #2)]]></title>
  <isbn><![CDATA[0758266944]]></isbn>
  <isbn13><![CDATA[9780758266941]]></isbn13>
  <asin><![CDATA[]]></asin>
  <kindle_asin><![CDATA[B005HJQI0K]]></kindle_asin>
  <marketplace_id><![CDATA[A1F83G8C2ARO7P]]></marketplace_id>
  <country_code><![CDATA[GB]]></country_code>
  <image_url>https://images.gr-assets.com/books/1310420615m/10421530.jpg</image_url>
  <small_image_url>https://images.gr-assets.com/books/1310420615s/10421530.jpg</small_image_url>
  <publication_year>2011</publication_year>
  <publication_month>11</publication_month>
  <publication_day>29</publication_day>
  <publisher>K-Teen</publisher>
  <language_code></language_code>
  <is_ebook>false</is_ebook>
  <description><![CDATA[I’m Gwen Frost, a second-year warrior-in-training at Mythos Acad­emy, and I have no idea how I’m going to sur­vive the rest of the semes­ter. One day, I’m get­ting schooled in sword­play by the guy who broke my heart—the drop-dead gor­geous Logan who slays me every time. Then, an invis­i­ble archer in the Library of Antiq­ui­ties decides to use me for tar­get prac­tice. And now, I find out that some­one at the acad­emy is really a Reaper bad guy who wants me dead. I’m afraid if I don’t learn how to live by the sword—with Logan’s help—I just might die by the sword...]]></description>
  <work>
  <id type="integer">15324210</id>
  <books_count type="integer">19</books_count>
  <best_book_id type="integer">10421530</best_book_id>
  <reviews_count type="integer">30832</reviews_count>
  <ratings_sum type="integer">81205</ratings_sum>
  <ratings_count type="integer">20045</ratings_count>
  <text_reviews_count type="integer">1141</text_reviews_count>
  <original_publication_year type="integer">2011</original_publication_year>
  <original_publication_month type="integer">1</original_publication_month>
  <original_publication_day type="integer">1</original_publication_day>
  <original_title>Kiss of Frost</original_title>
  <original_language_id type="integer" nil="true"/>
  <media_type>book</media_type>
  <rating_dist>5:7616|4:7189|3:4123|2:883|1:234|total:20045</rating_dist>
  <desc_user_id type="integer">3594300</desc_user_id>
  <default_chaptering_book_id type="integer" nil="true"/>
  <default_description_language_code nil="true"/>
</work>
  <average_rating>4.05</average_rating>
  <num_pages><![CDATA[337]]></num_pages>
  <format><![CDATA[Paperback]]></format>
  <edition_information><![CDATA[]]></edition_information>
  <ratings_count><![CDATA[18398]]></ratings_count>
  <text_reviews_count><![CDATA[957]]></text_reviews_count>
  <url><![CDATA[https://www.goodreads.com/book/show/10421530-kiss-of-frost]]></url>
  <link><![CDATA[https://www.goodreads.com/book/show/10421530-kiss-of-frost]]></link>
  <authors>
<author>
<id>580315</id>
<name>Jennifer Estep</name>
<role></role>
<image_url nophoto='false'>
<![CDATA[https://images.gr-assets.com/authors/1264385515p5/580315.jpg]]>
</image_url>
<small_image_url nophoto='false'>
<![CDATA[https://images.gr-assets.com/authors/1264385515p2/580315.jpg]]>
</small_image_url>
<link><![CDATA[https://www.goodreads.com/author/show/580315.Jennifer_Estep]]></link>
<average_rating>4.06</average_rating>
<ratings_count>289543</ratings_count>
<text_reviews_count>19185</text_reviews_count>
</author>
</authors>

    <reviews_widget>
      <![CDATA[
        <style>
  #goodreads-widget {
    font-family: georgia, serif;
    padding: 18px 0;
    width:565px;
  }
  #goodreads-widget h1 {
    font-weight:normal;
    font-size: 16px;
    border-bottom: 1px solid #BBB596;
    margin-bottom: 0;
  }
  #goodreads-widget a {
    text-decoration: none;
    color:#660;
  }
  iframe{
    background-color: #fff;
  }
  #goodreads-widget a:hover { text-decoration: underline; }
  #goodreads-widget a:active {
    color:#660;
  }
  #gr_footer {
    width: 100%;
    border-top: 1px solid #BBB596;
    text-align: right;
  }
  #goodreads-widget .gr_branding{
    color: #382110;
    font-size: 11px;
    text-decoration: none;
    font-family: "Helvetica Neue", Helvetica, Arial, sans-serif;
  }
</style>
<div id="goodreads-widget">
  <div id="gr_header"><h1><a rel="nofollow" href="https://www.goodreads.com/book/show/10421530-kiss-of-frost">Kiss of Frost Reviews</a></h1></div>
  <iframe id="the_iframe" src="https://www.goodreads.com/api/reviews_widget_iframe?did=DEVELOPER_ID&amp;format=html&amp;isbn=0758266944&amp;links=660&amp;min_rating=&amp;review_back=fff&amp;stars=000&amp;text=000" width="565" height="400" frameborder="0"></iframe>
  <div id="gr_footer">
    <a class="gr_branding" target="_blank" rel="nofollow" href="https://www.goodreads.com/book/show/10421530-kiss-of-frost?utm_medium=api&amp;utm_source=reviews_widget">Reviews from Goodreads.com</a>
  </div>
</div>

      ]]>
    </reviews_widget>
  <popular_shelves>
      <shelf name="to-read" count="7971"/>
      <shelf name="young-adult" count="463"/>
      <shelf name="mythology" count="405"/>
      <shelf name="fantasy" count="384"/>
      <shelf name="favorites" count="297"/>
      <shelf name="ya" count="272"/>
      <shelf name="paranormal" count="262"/>
      <shelf name="urban-fantasy" count="190"/>
      <shelf name="magic" count="163"/>
      <shelf name="romance" count="148"/>
      <shelf name="currently-reading" count="127"/>
      <shelf name="series" count="109"/>
      <shelf name="mythos-academy" count="76"/>
      <shelf name="supernatural" count="69"/>
      <shelf name="books-i-own" count="65"/>
      <shelf name="paranormal-romance" count="65"/>
      <shelf name="jennifer-estep" count="63"/>
      <shelf name="kindle" count="61"/>
      <shelf name="read-in-2012" count="47"/>
      <shelf name="library" count="44"/>
      <shelf name="owned" count="43"/>
      <shelf name="teen" count="42"/>
      <shelf name="ebook" count="42"/>
      <shelf name="greek-mythology" count="40"/>
      <shelf name="gods" count="37"/>
      <shelf name="mystery" count="35"/>
      <shelf name="fiction" count="34"/>
      <shelf name="boarding-school" count="34"/>
      <shelf name="ya-paranormal" count="30"/>
      <shelf name="read-in-2013" count="28"/>
      <shelf name="ebooks" count="27"/>
      <shelf name="favourites" count="25"/>
      <shelf name="ya-fantasy" count="25"/>
      <shelf name="read-2014" count="21"/>
      <shelf name="default" count="20"/>
      <shelf name="e-book" count="20"/>
      <shelf name="high-school" count="19"/>
      <shelf name="read-in-2014" count="18"/>
      <shelf name="my-books" count="18"/>
      <shelf name="adventure" count="18"/>
      <shelf name="to-buy" count="18"/>
      <shelf name="read-2012" count="17"/>
      <shelf name="audiobook" count="16"/>
      <shelf name="read-2013" count="16"/>
      <shelf name="paranormal-fantasy" count="16"/>
      <shelf name="reviewed" count="16"/>
      <shelf name="ya-books" count="16"/>
      <shelf name="read-in-2015" count="15"/>
      <shelf name="e-books" count="15"/>
      <shelf name="contemporary" count="15"/>
      <shelf name="read-in-2011" count="15"/>
      <shelf name="nook" count="15"/>
      <shelf name="sub" count="14"/>
      <shelf name="mythological" count="14"/>
      <shelf name="3-stars" count="14"/>
      <shelf name="4-stars" count="13"/>
      <shelf name="gods-goddesses" count="13"/>
      <shelf name="part-of-a-series" count="13"/>
      <shelf name="favorite-series" count="13"/>
      <shelf name="read-2016" count="12"/>
      <shelf name="gelesen" count="12"/>
      <shelf name="mythos-academy-series" count="12"/>
      <shelf name="have" count="12"/>
      <shelf name="books-read-in-2012" count="12"/>
      <shelf name="action" count="12"/>
      <shelf name="i-own" count="12"/>
      <shelf name="2014-reads" count="11"/>
      <shelf name="powers" count="11"/>
      <shelf name="gods-and-goddesses" count="11"/>
      <shelf name="finished-series" count="10"/>
      <shelf name="audible" count="10"/>
      <shelf name="books" count="10"/>
      <shelf name="school" count="10"/>
      <shelf name="2012-reads" count="10"/>
      <shelf name="favorite-books" count="10"/>
      <shelf name="myth" count="10"/>
      <shelf name="myths" count="10"/>
      <shelf name="maybe" count="10"/>
      <shelf name="bücherregal" count="9"/>
      <shelf name="audio" count="9"/>
      <shelf name="owned-books" count="9"/>
      <shelf name="estep-jennifer" count="9"/>
      <shelf name="re-read" count="9"/>
      <shelf name="fantasy-paranormal" count="9"/>
      <shelf name="academy" count="9"/>
      <shelf name="favorite" count="9"/>
      <shelf name="own-it" count="9"/>
      <shelf name="next-in-series" count="9"/>
      <shelf name="bookshelf" count="8"/>
      <shelf name="read-2015" count="8"/>
      <shelf name="audiobooks" count="8"/>
      <shelf name="5-stars" count="8"/>
      <shelf name="ya-read" count="8"/>
      <shelf name="5-star" count="8"/>
      <shelf name="warriors" count="8"/>
      <shelf name="ebooks-i-own" count="8"/>
      <shelf name="greek-myth" count="8"/>
      <shelf name="mythology-gods" count="8"/>
      <shelf name="greek" count="8"/>
      <shelf name="paranormal-ya" count="8"/>
  </popular_shelves>
  <book_links>
    <book_link>
  <id>8</id>
  <name>Libraries</name>
  <link>https://www.goodreads.com/book_link/follow/8</link>
</book_link>

  </book_links>
  <buy_links>
    <buy_link>
<id>1</id>
<name>Amazon</name>
<link>https://www.goodreads.com/book_link/follow/1</link>
</buy_link>
<buy_link>
<id>10</id>
<name>Audible</name>
<link>https://www.goodreads.com/book_link/follow/10</link>
</buy_link>
<buy_link>
<id>3</id>
<name>Barnes &amp; Noble</name>
<link>https://www.goodreads.com/book_link/follow/3</link>
</buy_link>
<buy_link>
<id>1027</id>
<name>Kobo</name>
<link>https://www.goodreads.com/book_link/follow/1027</link>
</buy_link>
<buy_link>
<id>2102</id>
<name>Apple iBooks</name>
<link>https://www.goodreads.com/book_link/follow/2102</link>
</buy_link>
<buy_link>
<id>8036</id>
<name>Google Play</name>
<link>https://www.goodreads.com/book_link/follow/8036</link>
</buy_link>
<buy_link>
<id>4</id>
<name>Abebooks</name>
<link>https://www.goodreads.com/book_link/follow/4</link>
</buy_link>
<buy_link>
<id>882</id>
<name>Book Depository</name>
<link>https://www.goodreads.com/book_link/follow/882</link>
</buy_link>
<buy_link>
<id>9</id>
<name>Indigo</name>
<link>https://www.goodreads.com/book_link/follow/9</link>
</buy_link>
<buy_link>
<id>2</id>
<name>Half.com</name>
<link>https://www.goodreads.com/book_link/follow/2</link>
</buy_link>
<buy_link>
<id>5</id>
<name>Alibris</name>
<link>https://www.goodreads.com/book_link/follow/5</link>
</buy_link>
<buy_link>
<id>107</id>
<name>Better World Books</name>
<link>https://www.goodreads.com/book_link/follow/107</link>
</buy_link>
<buy_link>
<id>7</id>
<name>IndieBound</name>
<link>https://www.goodreads.com/book_link/follow/7</link>
</buy_link>

  </buy_links>
  <series_works>
    <series_work>
<id>232414</id>
<user_position>2</user_position>
<series>
<id>51545</id>
<title>
<![CDATA[
    Mythos Academy
]]>
</title>
<description>
<![CDATA[
    The Mythos Academy books focus on Gwen Frost, a 17-year-old Gypsy girl who has the gift of psychometry, or the ability to know an object’s history just by touching it. Gwen’s magic lets her see everyone who has ever touched or used an object as well as feel their emotions — the good, the bad, and the ugly.
    
    After a serious freak-out with her magic, Gwen finds herself shipped off to Mythos Academy, a school for the descendents of ancient warriors like Spartans, Valkyries, and more. The academy is located in the fictional suburb of Cypress Mountain, North Carolina, and the kids there are training how to use their magic and various skills to fight Reapers of Chaos. The Reapers are some seriously bad guys who want to free the evil god Loki from his mystical prison so Loki can take over the world and enslave everyone.
    
    Gwen doesn’t think that she belongs at the academy or that she’s any kind of warrior, but she’s wrong — and she’s a lot stronger than she realizes.
    
    *from www.jenniferestep.com
]]>
</description>
<note>
<![CDATA[
]]>
</note>
<series_works_count>12</series_works_count>
<primary_work_count>6</primary_work_count>
<numbered>true</numbered>
</series>

</series_work>

  </series_works>
  <similar_books>
          <book>
<id>12373508</id>
<title>Entangled</title>
<title_without_series>Entangled</title_without_series>
<link><![CDATA[https://www.goodreads.com/book/show/12373508-entangled]]></link>
<small_image_url><![CDATA[https://s.gr-assets.com/assets/nophoto/book/50x75-a91bf249278a81aabab721ef782c4a74.png]]></small_image_url>
<image_url><![CDATA[https://s.gr-assets.com/assets/nophoto/book/111x148-bcc042a9c91a29c1d680899eff700a03.png]]></image_url>
<num_pages>434</num_pages>
<work>
<id>17353924</id>
</work>
<isbn></isbn>
<isbn13>9781465731388</isbn13>
<average_rating>3.77</average_rating>
<ratings_count>584</ratings_count>
<publication_year>2011</publication_year>
<publication_month>9</publication_month>
<publication_day>7</publication_day>
<authors>
<author>
<id>4308206</id>
<name>Edie Ramer</name>
<link><![CDATA[https://www.goodreads.com/author/show/4308206.Edie_Ramer]]></link>
</author>
</authors>
</book>

          <book>
<id>12488998</id>
<title><![CDATA[Blood Fever (The Watchers, #3)]]></title>
<title_without_series>Blood Fever</title_without_series>
<link><![CDATA[https://www.goodreads.com/book/show/12488998-blood-fever]]></link>
<small_image_url><![CDATA[https://images.gr-assets.com/books/1339722190s/12488998.jpg]]></small_image_url>
<image_url><![CDATA[https://images.gr-assets.com/books/1339722190m/12488998.jpg]]></image_url>
<num_pages>290</num_pages>
<work>
<id>17473958</id>
</work>
<isbn></isbn>
<isbn13></isbn13>
<average_rating>4.10</average_rating>
<ratings_count>1564</ratings_count>
<publication_year>2012</publication_year>
<publication_month>8</publication_month>
<publication_day>7</publication_day>
<authors>
<author>
<id>1140298</id>
<name>Veronica Wolff</name>
<link><![CDATA[https://www.goodreads.com/author/show/1140298.Veronica_Wolff]]></link>
</author>
</authors>
</book>

          <book>
<id>11202715</id>
<title><![CDATA[Deadly Descendant (Nikki Glass, #2)]]></title>
<title_without_series>Deadly Descendant</title_without_series>
<link><![CDATA[https://www.goodreads.com/book/show/11202715-deadly-descendant]]></link>
<small_image_url><![CDATA[https://images.gr-assets.com/books/1319080326s/11202715.jpg]]></small_image_url>
<image_url><![CDATA[https://images.gr-assets.com/books/1319080326m/11202715.jpg]]></image_url>
<num_pages>355</num_pages>
<work>
<id>16127841</id>
</work>
<isbn>145160680X</isbn>
<isbn13>9781451606805</isbn13>
<average_rating>3.94</average_rating>
<ratings_count>4068</ratings_count>
<publication_year>2012</publication_year>
<publication_month>4</publication_month>
<publication_day>24</publication_day>
<authors>
<author>
<id>51118</id>
<name>Jenna Black</name>
<link><![CDATA[https://www.goodreads.com/author/show/51118.Jenna_Black]]></link>
</author>
</authors>
</book>

          <book>
<id>10578952</id>
<title><![CDATA[Surrender  (Haunting Emma, #3)]]></title>
<title_without_series>Surrender</title_without_series>
<link><![CDATA[https://www.goodreads.com/book/show/10578952-surrender]]></link>
<small_image_url><![CDATA[https://images.gr-assets.com/books/1317793855s/10578952.jpg]]></small_image_url>
<image_url><![CDATA[https://images.gr-assets.com/books/1317793855m/10578952.jpg]]></image_url>
<num_pages>258</num_pages>
<work>
<id>15486073</id>
</work>
<isbn>1599904233</isbn>
<isbn13>9781599904238</isbn13>
<average_rating>3.97</average_rating>
<ratings_count>1421</ratings_count>
<publication_year></publication_year>
<publication_month></publication_month>
<publication_day></publication_day>
<authors>
<author>
<id>60577</id>
<name>Lee Nichols</name>
<link><![CDATA[https://www.goodreads.com/author/show/60577.Lee_Nichols]]></link>
</author>
</authors>
</book>

          <book>
<id>12025637</id>
<title><![CDATA[Sweet Shadows (Medusa Girls, #2)]]></title>
<title_without_series>Sweet Shadows</title_without_series>
<link><![CDATA[https://www.goodreads.com/book/show/12025637-sweet-shadows]]></link>
<small_image_url><![CDATA[https://images.gr-assets.com/books/1326125444s/12025637.jpg]]></small_image_url>
<image_url><![CDATA[https://images.gr-assets.com/books/1326125444m/12025637.jpg]]></image_url>
<num_pages>328</num_pages>
<work>
<id>16991624</id>
</work>
<isbn>0062001833</isbn>
<isbn13>9780062001832</isbn13>
<average_rating>4.06</average_rating>
<ratings_count>4586</ratings_count>
<publication_year>2012</publication_year>
<publication_month>9</publication_month>
<publication_day>4</publication_day>
<authors>
<author>
<id>1051591</id>
<name>Tera Lynn Childs</name>
<link><![CDATA[https://www.goodreads.com/author/show/1051591.Tera_Lynn_Childs]]></link>
</author>
</authors>
</book>

          <book>
<id>13162861</id>
<title><![CDATA[Half Black Soul (The Alexa Montgomery Saga, #2)]]></title>
<title_without_series>Half Black Soul</title_without_series>
<link><![CDATA[https://www.goodreads.com/book/show/13162861-half-black-soul]]></link>
<small_image_url><![CDATA[https://images.gr-assets.com/books/1329337745s/13162861.jpg]]></small_image_url>
<image_url><![CDATA[https://images.gr-assets.com/books/1329337745m/13162861.jpg]]></image_url>
<num_pages>272</num_pages>
<work>
<id>18341788</id>
</work>
<isbn></isbn>
<isbn13></isbn13>
<average_rating>4.03</average_rating>
<ratings_count>1721</ratings_count>
<publication_year>2012</publication_year>
<publication_month>1</publication_month>
<publication_day>31</publication_day>
<authors>
<author>
<id>5189455</id>
<name>H.D. Gordon</name>
<link><![CDATA[https://www.goodreads.com/author/show/5189455.H_D_Gordon]]></link>
</author>
</authors>
</book>

          <book>
<id>10800916</id>
<title><![CDATA[Awake at Dawn (Shadow Falls, #2)]]></title>
<title_without_series>Awake at Dawn</title_without_series>
<link><![CDATA[https://www.goodreads.com/book/show/10800916-awake-at-dawn]]></link>
<small_image_url><![CDATA[https://s.gr-assets.com/assets/nophoto/book/50x75-a91bf249278a81aabab721ef782c4a74.png]]></small_image_url>
<image_url><![CDATA[https://s.gr-assets.com/assets/nophoto/book/111x148-bcc042a9c91a29c1d680899eff700a03.png]]></image_url>
<num_pages>383</num_pages>
<work>
<id>14442368</id>
</work>
<isbn>0312624689</isbn>
<isbn13>9780312624682</isbn13>
<average_rating>4.29</average_rating>
<ratings_count>47990</ratings_count>
<publication_year>2011</publication_year>
<publication_month>10</publication_month>
<publication_day>11</publication_day>
<authors>
<author>
<id>4154802</id>
<name>C.C. Hunter</name>
<link><![CDATA[https://www.goodreads.com/author/show/4154802.C_C_Hunter]]></link>
</author>
</authors>
</book>

          <book>
<id>11382317</id>
<title><![CDATA[Shades of Blood (Warriors of Ankh, #3)]]></title>
<title_without_series>Shades of Blood</title_without_series>
<link><![CDATA[https://www.goodreads.com/book/show/11382317-shades-of-blood]]></link>
<small_image_url><![CDATA[https://images.gr-assets.com/books/1326332785s/11382317.jpg]]></small_image_url>
<image_url><![CDATA[https://images.gr-assets.com/books/1326332785m/11382317.jpg]]></image_url>
<num_pages>342</num_pages>
<work>
<id>16313841</id>
</work>
<isbn>1468009575</isbn>
<isbn13>9781468009576</isbn13>
<average_rating>4.15</average_rating>
<ratings_count>3342</ratings_count>
<publication_year>2011</publication_year>
<publication_month>12</publication_month>
<publication_day>12</publication_day>
<authors>
<author>
<id>4167378</id>
<name>Samantha Young</name>
<link><![CDATA[https://www.goodreads.com/author/show/4167378.Samantha_Young]]></link>
</author>
</authors>
</book>

          <book>
<id>13547956</id>
<title><![CDATA[The Iron Legends (The Iron Fey, #1.5, 3.5, 4.5)]]></title>
<title_without_series>The Iron Legends</title_without_series>
<link><![CDATA[https://www.goodreads.com/book/show/13547956-the-iron-legends]]></link>
<small_image_url><![CDATA[https://images.gr-assets.com/books/1335457599s/13547956.jpg]]></small_image_url>
<image_url><![CDATA[https://images.gr-assets.com/books/1335457599m/13547956.jpg]]></image_url>
<num_pages>304</num_pages>
<work>
<id>19113117</id>
</work>
<isbn>0373210744</isbn>
<isbn13>9780373210749</isbn13>
<average_rating>4.28</average_rating>
<ratings_count>7577</ratings_count>
<publication_year>2012</publication_year>
<publication_month>8</publication_month>
<publication_day>28</publication_day>
<authors>
<author>
<id>2995873</id>
<name>Julie Kagawa</name>
<link><![CDATA[https://www.goodreads.com/author/show/2995873.Julie_Kagawa]]></link>
</author>
</authors>
</book>

          <book>
<id>13233726</id>
<title><![CDATA[Mortal Defiance (Dark Betrayal Trilogy, #2)]]></title>
<title_without_series>Mortal Defiance</title_without_series>
<link><![CDATA[https://www.goodreads.com/book/show/13233726-mortal-defiance]]></link>
<small_image_url><![CDATA[https://images.gr-assets.com/books/1323874548s/13233726.jpg]]></small_image_url>
<image_url><![CDATA[https://images.gr-assets.com/books/1323874548m/13233726.jpg]]></image_url>
<num_pages>326</num_pages>
<work>
<id>18430370</id>
</work>
<isbn></isbn>
<isbn13></isbn13>
<average_rating>4.12</average_rating>
<ratings_count>1765</ratings_count>
<publication_year>2011</publication_year>
<publication_month>12</publication_month>
<publication_day></publication_day>
<authors>
<author>
<id>5074162</id>
<name>Nichole Chase</name>
<link><![CDATA[https://www.goodreads.com/author/show/5074162.Nichole_Chase]]></link>
</author>
</authors>
</book>

          <book>
<id>10308452</id>
<title><![CDATA[Forbidden (The Demon Trappers, #2)]]></title>
<title_without_series>Forbidden</title_without_series>
<link><![CDATA[https://www.goodreads.com/book/show/10308452-forbidden]]></link>
<small_image_url><![CDATA[https://images.gr-assets.com/books/1307459509s/10308452.jpg]]></small_image_url>
<image_url><![CDATA[https://images.gr-assets.com/books/1307459509m/10308452.jpg]]></image_url>
<num_pages>418</num_pages>
<work>
<id>21902147</id>
</work>
<isbn>0330519484</isbn>
<isbn13>9780330519489</isbn13>
<average_rating>4.19</average_rating>
<ratings_count>9387</ratings_count>
<publication_year>2011</publication_year>
<publication_month>8</publication_month>
<publication_day>5</publication_day>
<authors>
<author>
<id>4105961</id>
<name>Jana Oliver</name>
<link><![CDATA[https://www.goodreads.com/author/show/4105961.Jana_Oliver]]></link>
</author>
</authors>
</book>

          <book>
<id>8542996</id>
<title>Shift (Shade, #2)</title>
<title_without_series>Shift</title_without_series>
<link><![CDATA[https://www.goodreads.com/book/show/8542996-shift]]></link>
<small_image_url><![CDATA[https://images.gr-assets.com/books/1327938912s/8542996.jpg]]></small_image_url>
<image_url><![CDATA[https://images.gr-assets.com/books/1327938912m/8542996.jpg]]></image_url>
<num_pages>367</num_pages>
<work>
<id>18157137</id>
</work>
<isbn>1416994084</isbn>
<isbn13>9781416994084</isbn13>
<average_rating>4.12</average_rating>
<ratings_count>6286</ratings_count>
<publication_year>2011</publication_year>
<publication_month>5</publication_month>
<publication_day>3</publication_day>
<authors>
<author>
<id>56019</id>
<name>Jeri Smith-Ready</name>
<link><![CDATA[https://www.goodreads.com/author/show/56019.Jeri_Smith_Ready]]></link>
</author>
</authors>
</book>

          <book>
<id>8109141</id>
<title><![CDATA[A Beautiful Evil (Gods & Monsters, #2)]]></title>
<title_without_series>A Beautiful Evil</title_without_series>
<link><![CDATA[https://www.goodreads.com/book/show/8109141-a-beautiful-evil]]></link>
<small_image_url><![CDATA[https://images.gr-assets.com/books/1328028788s/8109141.jpg]]></small_image_url>
<image_url><![CDATA[https://images.gr-assets.com/books/1328028788m/8109141.jpg]]></image_url>
<num_pages>285</num_pages>
<work>
<id>12903791</id>
</work>
<isbn>1442409274</isbn>
<isbn13>9781442409279</isbn13>
<average_rating>4.16</average_rating>
<ratings_count>6314</ratings_count>
<publication_year>2012</publication_year>
<publication_month>2</publication_month>
<publication_day>21</publication_day>
<authors>
<author>
<id>3508354</id>
<name>Kelly Keaton</name>
<link><![CDATA[https://www.goodreads.com/author/show/3508354.Kelly_Keaton]]></link>
</author>
</authors>
</book>

          <book>
<id>8803932</id>
<title>If I Die (Soul Screamers, #5)</title>
<title_without_series>If I Die</title_without_series>
<link><![CDATA[https://www.goodreads.com/book/show/8803932-if-i-die]]></link>
<small_image_url><![CDATA[https://images.gr-assets.com/books/1304024127s/8803932.jpg]]></small_image_url>
<image_url><![CDATA[https://images.gr-assets.com/books/1304024127m/8803932.jpg]]></image_url>
<num_pages>342</num_pages>
<work>
<id>13678080</id>
</work>
<isbn>0373210329</isbn>
<isbn13>9780373210329</isbn13>
<average_rating>4.32</average_rating>
<ratings_count>14817</ratings_count>
<publication_year>2011</publication_year>
<publication_month>9</publication_month>
<publication_day>27</publication_day>
<authors>
<author>
<id>415967</id>
<name>Rachel Vincent</name>
<link><![CDATA[https://www.goodreads.com/author/show/415967.Rachel_Vincent]]></link>
</author>
</authors>
</book>

          <book>
<id>10722553</id>
<title>Frost (Stork, #2)</title>
<title_without_series>Frost</title_without_series>
<link><![CDATA[https://www.goodreads.com/book/show/10722553-frost]]></link>
<small_image_url><![CDATA[https://images.gr-assets.com/books/1320556391s/10722553.jpg]]></small_image_url>
<image_url><![CDATA[https://images.gr-assets.com/books/1320556391m/10722553.jpg]]></image_url>
<num_pages>384</num_pages>
<work>
<id>15633232</id>
</work>
<isbn>0763653861</isbn>
<isbn13>9780763653866</isbn13>
<average_rating>3.64</average_rating>
<ratings_count>1281</ratings_count>
<publication_year>2011</publication_year>
<publication_month>10</publication_month>
<publication_day>11</publication_day>
<authors>
<author>
<id>3342342</id>
<name>Wendy Delsol</name>
<link><![CDATA[https://www.goodreads.com/author/show/3342342.Wendy_Delsol]]></link>
</author>
</authors>
</book>

          <book>
<id>12986169</id>
<title><![CDATA[Embers and Echoes (Wildefire, #2)]]></title>
<title_without_series>Embers and Echoes</title_without_series>
<link><![CDATA[https://www.goodreads.com/book/show/12986169-embers-and-echoes]]></link>
<small_image_url><![CDATA[https://images.gr-assets.com/books/1358195430s/12986169.jpg]]></small_image_url>
<image_url><![CDATA[https://images.gr-assets.com/books/1358195430m/12986169.jpg]]></image_url>
<num_pages>461</num_pages>
<work>
<id>17048855</id>
</work>
<isbn>1442450304</isbn>
<isbn13>9781442450301</isbn13>
<average_rating>4.07</average_rating>
<ratings_count>1855</ratings_count>
<publication_year>2012</publication_year>
<publication_month>8</publication_month>
<publication_day>28</publication_day>
<authors>
<author>
<id>4074044</id>
<name>Karsten Knight</name>
<link><![CDATA[https://www.goodreads.com/author/show/4074044.Karsten_Knight]]></link>
</author>
</authors>
</book>

  </similar_books>
</book>

</GoodreadsResponse>