<?xml version="1.0" encoding="UTF-8"?>
<GoodreadsResponse>
  <Request>
    <authentication>true</authentication>
      <key><![CDATA[all_men_must_serve]]></key>
    <method><![CDATA[book_show]]></method>
  </Request>
  <book>
  <id>10444</id>
  <title>Ballet Shoes (Shoes, #1)</title>
  <isbn><![CDATA[0679847596]]></isbn>
  <isbn13><![CDATA[9780679847595]]></isbn13>
  <asin><![CDATA[]]></asin>
  <kindle_asin><![CDATA[B002XHNOJM]]></kindle_asin>
  <marketplace_id><![CDATA[A1F83G8C2ARO7P]]></marketplace_id>
  <country_code><![CDATA[GB]]></country_code>
  <image_url>https://s.gr-assets.com/assets/nophoto/book/111x148-bcc042a9c91a29c1d680899eff700a03.png</image_url>
  <small_image_url>https://s.gr-assets.com/assets/nophoto/book/50x75-a91bf249278a81aabab721ef782c4a74.png</small_image_url>
  <publication_year>2003</publication_year>
  <publication_month>9</publication_month>
  <publication_day></publication_day>
  <publisher>Yearling</publisher>
  <language_code>en-US</language_code>
  <is_ebook>false</is_ebook>
  <description><![CDATA[Pauline, Petrova and Posy are orphans determined to help out their new family by joining the Children's Academy of Dancing and Stage Training. But when they vow to make a name for themselves, they have no idea it's going to be such hard work! They launch themselves into the world of show business, complete with working papers, the glare of the spotlight, and practice, practice, practice! Pauline is destined for the movies. Posy is a born dancer. But practical Petrova finds she'd rather pilot a plane than perform a pirouette. Each girl must find the courage to follow her dream.]]></description>
  <work>
  <id type="integer">1505465</id>
  <books_count type="integer">68</books_count>
  <best_book_id type="integer">10444</best_book_id>
  <reviews_count type="integer">46350</reviews_count>
  <ratings_sum type="integer">114639</ratings_sum>
  <ratings_count type="integer">28224</ratings_count>
  <text_reviews_count type="integer">1037</text_reviews_count>
  <original_publication_year type="integer">1936</original_publication_year>
  <original_publication_month type="integer" nil="true"/>
  <original_publication_day type="integer" nil="true"/>
  <original_title>Ballet Shoes</original_title>
  <original_language_id type="integer" nil="true"/>
  <media_type>book</media_type>
  <rating_dist>5:11359|4:9506|3:5636|2:1189|1:534|total:28224</rating_dist>
  <desc_user_id type="integer">2268493</desc_user_id>
  <default_chaptering_book_id type="integer" nil="true"/>
  <default_description_language_code nil="true"/>
</work>
  <average_rating>4.06</average_rating>
  <num_pages><![CDATA[233]]></num_pages>
  <format><![CDATA[Paperback]]></format>
  <edition_information><![CDATA[]]></edition_information>
  <ratings_count><![CDATA[26224]]></ratings_count>
  <text_reviews_count><![CDATA[819]]></text_reviews_count>
  <url><![CDATA[https://www.goodreads.com/book/show/10444.Ballet_Shoes]]></url>
  <link><![CDATA[https://www.goodreads.com/book/show/10444.Ballet_Shoes]]></link>
  <authors>
<author>
<id>2951738</id>
<name>Noel Streatfeild</name>
<role></role>
<image_url nophoto='false'>
<![CDATA[https://images.gr-assets.com/authors/1291700168p5/2951738.jpg]]>
</image_url>
<small_image_url nophoto='false'>
<![CDATA[https://images.gr-assets.com/authors/1291700168p2/2951738.jpg]]>
</small_image_url>
<link><![CDATA[https://www.goodreads.com/author/show/2951738.Noel_Streatfeild]]></link>
<average_rating>4.02</average_rating>
<ratings_count>48339</ratings_count>
<text_reviews_count>2207</text_reviews_count>
</author>
<author>
<id>6877</id>
<name>Diane Goode</name>
<role>Illustrator</role>
<image_url nophoto='false'>
<![CDATA[https://images.gr-assets.com/authors/1303860832p5/6877.jpg]]>
</image_url>
<small_image_url nophoto='false'>
<![CDATA[https://images.gr-assets.com/authors/1303860832p2/6877.jpg]]>
</small_image_url>
<link><![CDATA[https://www.goodreads.com/author/show/6877.Diane_Goode]]></link>
<average_rating>4.05</average_rating>
<ratings_count>40096</ratings_count>
<text_reviews_count>2063</text_reviews_count>
</author>
</authors>

    <reviews_widget>
      <![CDATA[
        <style>
  #goodreads-widget {
    font-family: georgia, serif;
    padding: 18px 0;
    width:565px;
  }
  #goodreads-widget h1 {
    font-weight:normal;
    font-size: 16px;
    border-bottom: 1px solid #BBB596;
    margin-bottom: 0;
  }
  #goodreads-widget a {
    text-decoration: none;
    color:#660;
  }
  iframe{
    background-color: #fff;
  }
  #goodreads-widget a:hover { text-decoration: underline; }
  #goodreads-widget a:active {
    color:#660;
  }
  #gr_footer {
    width: 100%;
    border-top: 1px solid #BBB596;
    text-align: right;
  }
  #goodreads-widget .gr_branding{
    color: #382110;
    font-size: 11px;
    text-decoration: none;
    font-family: "Helvetica Neue", Helvetica, Arial, sans-serif;
  }
</style>
<div id="goodreads-widget">
  <div id="gr_header"><h1><a rel="nofollow" href="https://www.goodreads.com/book/show/10444.Ballet_Shoes">Ballet Shoes Reviews</a></h1></div>
  <iframe id="the_iframe" src="https://www.goodreads.com/api/reviews_widget_iframe?did=DEVELOPER_ID&amp;format=html&amp;isbn=0679847596&amp;links=660&amp;min_rating=&amp;review_back=fff&amp;stars=000&amp;text=000" width="565" height="400" frameborder="0"></iframe>
  <div id="gr_footer">
    <a class="gr_branding" target="_blank" rel="nofollow" href="https://www.goodreads.com/book/show/10444.Ballet_Shoes?utm_medium=api&amp;utm_source=reviews_widget">Reviews from Goodreads.com</a>
  </div>
</div>

      ]]>
    </reviews_widget>
  <popular_shelves>
      <shelf name="to-read" count="15390"/>
      <shelf name="childrens" count="367"/>
      <shelf name="classics" count="296"/>
      <shelf name="favorites" count="289"/>
      <shelf name="children-s" count="227"/>
      <shelf name="fiction" count="221"/>
      <shelf name="children" count="206"/>
      <shelf name="currently-reading" count="161"/>
      <shelf name="children-s-books" count="140"/>
      <shelf name="books-i-own" count="119"/>
      <shelf name="young-adult" count="113"/>
      <shelf name="childhood" count="105"/>
      <shelf name="kids" count="95"/>
      <shelf name="favourites" count="76"/>
      <shelf name="historical-fiction" count="76"/>
      <shelf name="middle-grade" count="75"/>
      <shelf name="childhood-favorites" count="73"/>
      <shelf name="classic" count="72"/>
      <shelf name="childrens-books" count="69"/>
      <shelf name="ballet" count="68"/>
      <shelf name="dance" count="66"/>
      <shelf name="owned" count="65"/>
      <shelf name="ya" count="56"/>
      <shelf name="children-s-literature" count="48"/>
      <shelf name="series" count="45"/>
      <shelf name="childhood-favourites" count="42"/>
      <shelf name="kids-books" count="36"/>
      <shelf name="realistic-fiction" count="34"/>
      <shelf name="children-s-lit" count="34"/>
      <shelf name="juvenile" count="33"/>
      <shelf name="children-s-classics" count="32"/>
      <shelf name="british" count="29"/>
      <shelf name="juvenile-fiction" count="28"/>
      <shelf name="library" count="27"/>
      <shelf name="childrens-literature" count="26"/>
      <shelf name="england" count="25"/>
      <shelf name="childrens-classics" count="25"/>
      <shelf name="20th-century" count="24"/>
      <shelf name="family" count="24"/>
      <shelf name="historical" count="24"/>
      <shelf name="childrens-lit" count="23"/>
      <shelf name="owned-books" count="22"/>
      <shelf name="children-s-fiction" count="21"/>
      <shelf name="childhood-books" count="21"/>
      <shelf name="re-read" count="19"/>
      <shelf name="childhood-reads" count="18"/>
      <shelf name="audiobook" count="18"/>
      <shelf name="orphans" count="17"/>
      <shelf name="to-buy" count="15"/>
      <shelf name="audiobooks" count="15"/>
      <shelf name="childrens-fiction" count="15"/>
      <shelf name="coming-of-age" count="14"/>
      <shelf name="1930s" count="14"/>
      <shelf name="my-books" count="13"/>
      <shelf name="british-literature" count="13"/>
      <shelf name="audio" count="13"/>
      <shelf name="youth" count="13"/>
      <shelf name="default" count="12"/>
      <shelf name="i-own" count="12"/>
      <shelf name="kidlit" count="12"/>
      <shelf name="read-as-a-child" count="12"/>
      <shelf name="read-in-2015" count="11"/>
      <shelf name="wish-list" count="11"/>
      <shelf name="kid-lit" count="11"/>
      <shelf name="to-re-read" count="11"/>
      <shelf name="noel-streatfeild" count="11"/>
      <shelf name="nostalgia" count="10"/>
      <shelf name="uk" count="10"/>
      <shelf name="read-aloud" count="10"/>
      <shelf name="english" count="10"/>
      <shelf name="chapter-books" count="10"/>
      <shelf name="have" count="10"/>
      <shelf name="children-ya" count="10"/>
      <shelf name="all-time-favorites" count="10"/>
      <shelf name="read-in-2016" count="9"/>
      <shelf name="junior-fiction" count="9"/>
      <shelf name="read-in-2012" count="9"/>
      <shelf name="contemporary" count="9"/>
      <shelf name="childhood-classics" count="9"/>
      <shelf name="realistic" count="9"/>
      <shelf name="children-young-adult" count="9"/>
      <shelf name="all-time-favourites" count="9"/>
      <shelf name="novels" count="9"/>
      <shelf name="young-readers" count="9"/>
      <shelf name="reread" count="9"/>
      <shelf name="girls" count="9"/>
      <shelf name="novel" count="9"/>
      <shelf name="1" count="8"/>
      <shelf name="london" count="8"/>
      <shelf name="children-s-chapter-books" count="8"/>
      <shelf name="sisters" count="8"/>
      <shelf name="read-as-a-kid" count="8"/>
      <shelf name="literature" count="8"/>
      <shelf name="books-from-my-childhood" count="8"/>
      <shelf name="book-club" count="8"/>
      <shelf name="childrens-ya" count="8"/>
      <shelf name="childhood-faves" count="8"/>
      <shelf name="chick-lit" count="8"/>
      <shelf name="favorite" count="8"/>
      <shelf name="guardian-1000" count="7"/>
  </popular_shelves>
  <book_links>
    <book_link>
  <id>8</id>
  <name>Libraries</name>
  <link>https://www.goodreads.com/book_link/follow/8</link>
</book_link>

  </book_links>
  <buy_links>
    <buy_link>
<id>1</id>
<name>Amazon</name>
<link>https://www.goodreads.com/book_link/follow/1</link>
</buy_link>
<buy_link>
<id>10</id>
<name>Audible</name>
<link>https://www.goodreads.com/book_link/follow/10</link>
</buy_link>
<buy_link>
<id>3</id>
<name>Barnes &amp; Noble</name>
<link>https://www.goodreads.com/book_link/follow/3</link>
</buy_link>
<buy_link>
<id>1027</id>
<name>Kobo</name>
<link>https://www.goodreads.com/book_link/follow/1027</link>
</buy_link>
<buy_link>
<id>2102</id>
<name>Apple iBooks</name>
<link>https://www.goodreads.com/book_link/follow/2102</link>
</buy_link>
<buy_link>
<id>8036</id>
<name>Google Play</name>
<link>https://www.goodreads.com/book_link/follow/8036</link>
</buy_link>
<buy_link>
<id>4</id>
<name>Abebooks</name>
<link>https://www.goodreads.com/book_link/follow/4</link>
</buy_link>
<buy_link>
<id>882</id>
<name>Book Depository</name>
<link>https://www.goodreads.com/book_link/follow/882</link>
</buy_link>
<buy_link>
<id>9</id>
<name>Indigo</name>
<link>https://www.goodreads.com/book_link/follow/9</link>
</buy_link>
<buy_link>
<id>2</id>
<name>Half.com</name>
<link>https://www.goodreads.com/book_link/follow/2</link>
</buy_link>
<buy_link>
<id>5</id>
<name>Alibris</name>
<link>https://www.goodreads.com/book_link/follow/5</link>
</buy_link>
<buy_link>
<id>107</id>
<name>Better World Books</name>
<link>https://www.goodreads.com/book_link/follow/107</link>
</buy_link>
<buy_link>
<id>7</id>
<name>IndieBound</name>
<link>https://www.goodreads.com/book_link/follow/7</link>
</buy_link>

  </buy_links>
  <series_works>
    <series_work>
<id>463393</id>
<user_position>1</user_position>
<series>
<id>95934</id>
<title>
<![CDATA[
    Shoes
]]>
</title>
<description>
<![CDATA[
    Noel Streatfeild's "Shoes" novels in order of publication.  This is not actually a series, as most have very little or no connection to the others.
]]>
</description>
<note>
<![CDATA[
]]>
</note>
<series_works_count>11</series_works_count>
<primary_work_count>11</primary_work_count>
<numbered>true</numbered>
</series>

</series_work>

  </series_works>
  <similar_books>
          <book>
<id>1379125</id>
<title>Autumn Term (The Marlows, #1)</title>
<title_without_series>Autumn Term</title_without_series>
<link><![CDATA[https://www.goodreads.com/book/show/1379125.Autumn_Term]]></link>
<small_image_url><![CDATA[https://images.gr-assets.com/books/1477785027s/1379125.jpg]]></small_image_url>
<image_url><![CDATA[https://images.gr-assets.com/books/1477785027m/1379125.jpg]]></image_url>
<num_pages>295</num_pages>
<work>
<id>1369066</id>
</work>
<isbn>0571206409</isbn>
<isbn13>9780571206407</isbn13>
<average_rating>4.11</average_rating>
<ratings_count>594</ratings_count>
<publication_year>2000</publication_year>
<publication_month>10</publication_month>
<publication_day>16</publication_day>
<authors>
<author>
<id>652132</id>
<name>Antonia Forest</name>
<link><![CDATA[https://www.goodreads.com/author/show/652132.Antonia_Forest]]></link>
</author>
</authors>
</book>

          <book>
<id>1151568</id>
<title>Ballet for Drina (Drina, #1)</title>
<title_without_series>Ballet for Drina</title_without_series>
<link><![CDATA[https://www.goodreads.com/book/show/1151568.Ballet_for_Drina]]></link>
<small_image_url><![CDATA[https://images.gr-assets.com/books/1326125793s/1151568.jpg]]></small_image_url>
<image_url><![CDATA[https://images.gr-assets.com/books/1326125793m/1151568.jpg]]></image_url>
<num_pages></num_pages>
<work>
<id>6990</id>
</work>
<isbn>0590421905</isbn>
<isbn13>9780590421904</isbn13>
<average_rating>4.02</average_rating>
<ratings_count>716</ratings_count>
<publication_year></publication_year>
<publication_month></publication_month>
<publication_day></publication_day>
<authors>
<author>
<id>227840</id>
<name>Jean Estoril</name>
<link><![CDATA[https://www.goodreads.com/author/show/227840.Jean_Estoril]]></link>
</author>
</authors>
</book>

          <book>
<id>421642</id>
<title><![CDATA[The Four-Story Mistake (The Melendy Family, #2)]]></title>
<title_without_series>The Four-Story Mistake</title_without_series>
<link><![CDATA[https://www.goodreads.com/book/show/421642.The_Four_Story_Mistake]]></link>
<small_image_url><![CDATA[https://images.gr-assets.com/books/1312232230s/421642.jpg]]></small_image_url>
<image_url><![CDATA[https://images.gr-assets.com/books/1312232230m/421642.jpg]]></image_url>
<num_pages>208</num_pages>
<work>
<id>2666431</id>
</work>
<isbn>0805070613</isbn>
<isbn13>9780805070613</isbn13>
<average_rating>4.26</average_rating>
<ratings_count>3536</ratings_count>
<publication_year>2002</publication_year>
<publication_month>9</publication_month>
<publication_day>1</publication_day>
<authors>
<author>
<id>3420</id>
<name>Elizabeth Enright</name>
<link><![CDATA[https://www.goodreads.com/author/show/3420.Elizabeth_Enright]]></link>
</author>
</authors>
</book>

          <book>
<id>7907</id>
<title><![CDATA[Heaven to Betsy (Betsy-Tacy, #5)]]></title>
<title_without_series>Heaven to Betsy</title_without_series>
<link><![CDATA[https://www.goodreads.com/book/show/7907.Heaven_to_Betsy]]></link>
<small_image_url><![CDATA[https://s.gr-assets.com/assets/nophoto/book/50x75-a91bf249278a81aabab721ef782c4a74.png]]></small_image_url>
<image_url><![CDATA[https://s.gr-assets.com/assets/nophoto/book/111x148-bcc042a9c91a29c1d680899eff700a03.png]]></image_url>
<num_pages>368</num_pages>
<work>
<id>2395673</id>
</work>
<isbn>0064401103</isbn>
<isbn13>9780064401104</isbn13>
<average_rating>4.29</average_rating>
<ratings_count>4850</ratings_count>
<publication_year>1945</publication_year>
<publication_month>1</publication_month>
<publication_day>1</publication_day>
<authors>
<author>
<id>5306</id>
<name>Maud Hart Lovelace</name>
<link><![CDATA[https://www.goodreads.com/author/show/5306.Maud_Hart_Lovelace]]></link>
</author>
</authors>
</book>

          <book>
<id>842452</id>
<title>A Very Young Dancer</title>
<title_without_series>A Very Young Dancer</title_without_series>
<link><![CDATA[https://www.goodreads.com/book/show/842452.A_Very_Young_Dancer]]></link>
<small_image_url><![CDATA[https://images.gr-assets.com/books/1304741275s/842452.jpg]]></small_image_url>
<image_url><![CDATA[https://images.gr-assets.com/books/1304741275m/842452.jpg]]></image_url>
<num_pages>128</num_pages>
<work>
<id>2244493</id>
</work>
<isbn>0394408853</isbn>
<isbn13>9780394408859</isbn13>
<average_rating>4.22</average_rating>
<ratings_count>526</ratings_count>
<publication_year>1976</publication_year>
<publication_month>10</publication_month>
<publication_day>12</publication_day>
<authors>
<author>
<id>104436</id>
<name>Jill Krementz</name>
<link><![CDATA[https://www.goodreads.com/author/show/104436.Jill_Krementz]]></link>
</author>
</authors>
</book>

          <book>
<id>717843</id>
<title>The Swish of the Curtain</title>
<title_without_series>The Swish of the Curtain</title_without_series>
<link><![CDATA[https://www.goodreads.com/book/show/717843.The_Swish_of_the_Curtain]]></link>
<small_image_url><![CDATA[https://images.gr-assets.com/books/1477785431s/717843.jpg]]></small_image_url>
<image_url><![CDATA[https://images.gr-assets.com/books/1477785431m/717843.jpg]]></image_url>
<num_pages>293</num_pages>
<work>
<id>704093</id>
</work>
<isbn>0340727071</isbn>
<isbn13>9780340727072</isbn13>
<average_rating>4.19</average_rating>
<ratings_count>351</ratings_count>
<publication_year>1998</publication_year>
<publication_month></publication_month>
<publication_day></publication_day>
<authors>
<author>
<id>207299</id>
<name>Pamela Brown</name>
<link><![CDATA[https://www.goodreads.com/author/show/207299.Pamela_Brown]]></link>
</author>
</authors>
</book>

          <book>
<id>594970</id>
<title><![CDATA[The Family from One End Street: And Some of Their Adventures]]></title>
<title_without_series><![CDATA[The Family from One End Street: And Some of Their Adventures]]></title_without_series>
<link><![CDATA[https://www.goodreads.com/book/show/594970.The_Family_from_One_End_Street]]></link>
<small_image_url><![CDATA[https://images.gr-assets.com/books/1304106195s/594970.jpg]]></small_image_url>
<image_url><![CDATA[https://images.gr-assets.com/books/1304106195m/594970.jpg]]></image_url>
<num_pages>308</num_pages>
<work>
<id>735001</id>
</work>
<isbn>0141317167</isbn>
<isbn13>9780141317168</isbn13>
<average_rating>4.03</average_rating>
<ratings_count>1523</ratings_count>
<publication_year>2004</publication_year>
<publication_month>4</publication_month>
<publication_day>27</publication_day>
<authors>
<author>
<id>323751</id>
<name>Eve Garnett</name>
<link><![CDATA[https://www.goodreads.com/author/show/323751.Eve_Garnett]]></link>
</author>
</authors>
</book>

          <book>
<id>1965832</id>
<title><![CDATA[A Dream of Sadler's Wells (Sadler's Wells, #1)]]></title>
<title_without_series>A Dream of Sadler&apos;s Wells</title_without_series>
<link><![CDATA[https://www.goodreads.com/book/show/1965832.A_Dream_of_Sadler_s_Wells]]></link>
<small_image_url><![CDATA[https://images.gr-assets.com/books/1322760976s/1965832.jpg]]></small_image_url>
<image_url><![CDATA[https://images.gr-assets.com/books/1322760976m/1965832.jpg]]></image_url>
<num_pages>242</num_pages>
<work>
<id>1968968</id>
</work>
<isbn>0859976777</isbn>
<isbn13>9780859976770</isbn13>
<average_rating>4.14</average_rating>
<ratings_count>700</ratings_count>
<publication_year></publication_year>
<publication_month></publication_month>
<publication_day></publication_day>
<authors>
<author>
<id>282773</id>
<name>Lorna Hill</name>
<link><![CDATA[https://www.goodreads.com/author/show/282773.Lorna_Hill]]></link>
</author>
</authors>
</book>

          <book>
<id>7926</id>
<title><![CDATA[All-of-a-Kind Family (All-of-a-Kind Family, #1)]]></title>
<title_without_series>All-of-a-Kind Family</title_without_series>
<link><![CDATA[https://www.goodreads.com/book/show/7926.All_of_a_Kind_Family]]></link>
<small_image_url><![CDATA[https://s.gr-assets.com/assets/nophoto/book/50x75-a91bf249278a81aabab721ef782c4a74.png]]></small_image_url>
<image_url><![CDATA[https://s.gr-assets.com/assets/nophoto/book/111x148-bcc042a9c91a29c1d680899eff700a03.png]]></image_url>
<num_pages>188</num_pages>
<work>
<id>361114</id>
</work>
<isbn>0385732953</isbn>
<isbn13>9780385732956</isbn13>
<average_rating>4.23</average_rating>
<ratings_count>19131</ratings_count>
<publication_year>2005</publication_year>
<publication_month>8</publication_month>
<publication_day>23</publication_day>
<authors>
<author>
<id>5323</id>
<name>Sydney Taylor</name>
<link><![CDATA[https://www.goodreads.com/author/show/5323.Sydney_Taylor]]></link>
</author>
</authors>
</book>

          <book>
<id>979766</id>
<title><![CDATA[We Didn't Mean to Go to Sea (Swallows and Amazons, #7)]]></title>
<title_without_series>We Didn&apos;t Mean to Go to Sea</title_without_series>
<link><![CDATA[https://www.goodreads.com/book/show/979766.We_Didn_t_Mean_to_Go_to_Sea]]></link>
<small_image_url><![CDATA[https://s.gr-assets.com/assets/nophoto/book/50x75-a91bf249278a81aabab721ef782c4a74.png]]></small_image_url>
<image_url><![CDATA[https://s.gr-assets.com/assets/nophoto/book/111x148-bcc042a9c91a29c1d680899eff700a03.png]]></image_url>
<num_pages>352</num_pages>
<work>
<id>1080244</id>
</work>
<isbn>0879239913</isbn>
<isbn13>9780879239916</isbn13>
<average_rating>4.20</average_rating>
<ratings_count>1513</ratings_count>
<publication_year>1994</publication_year>
<publication_month>5</publication_month>
<publication_day>1</publication_day>
<authors>
<author>
<id>72120</id>
<name>Arthur Ransome</name>
<link><![CDATA[https://www.goodreads.com/author/show/72120.Arthur_Ransome]]></link>
</author>
</authors>
</book>

          <book>
<id>730501</id>
<title><![CDATA[What Katy Did (Carr Family, #1)]]></title>
<title_without_series>What Katy Did</title_without_series>
<link><![CDATA[https://www.goodreads.com/book/show/730501.What_Katy_Did]]></link>
<small_image_url><![CDATA[https://images.gr-assets.com/books/1327538133s/730501.jpg]]></small_image_url>
<image_url><![CDATA[https://images.gr-assets.com/books/1327538133m/730501.jpg]]></image_url>
<num_pages>136</num_pages>
<work>
<id>1401152</id>
</work>
<isbn>0543904709</isbn>
<isbn13>9780543904706</isbn13>
<average_rating>3.89</average_rating>
<ratings_count>15502</ratings_count>
<publication_year>2000</publication_year>
<publication_month>12</publication_month>
<publication_day>22</publication_day>
<authors>
<author>
<id>387955</id>
<name>Susan Coolidge</name>
<link><![CDATA[https://www.goodreads.com/author/show/387955.Susan_Coolidge]]></link>
</author>
</authors>
</book>

          <book>
<id>36638</id>
<title><![CDATA[The Wolves of Willoughby Chase (The Wolves Chronicles, #1)]]></title>
<title_without_series><![CDATA[The Wolves of Willoughby Chase]]></title_without_series>
<link><![CDATA[https://www.goodreads.com/book/show/36638.The_Wolves_of_Willoughby_Chase]]></link>
<small_image_url><![CDATA[https://images.gr-assets.com/books/1441688212s/36638.jpg]]></small_image_url>
<image_url><![CDATA[https://images.gr-assets.com/books/1441688212m/36638.jpg]]></image_url>
<num_pages>181</num_pages>
<work>
<id>856203</id>
</work>
<isbn>0385327900</isbn>
<isbn13>9780385327909</isbn13>
<average_rating>4.08</average_rating>
<ratings_count>14751</ratings_count>
<publication_year>2000</publication_year>
<publication_month>11</publication_month>
<publication_day>14</publication_day>
<authors>
<author>
<id>12075</id>
<name>Joan Aiken</name>
<link><![CDATA[https://www.goodreads.com/author/show/12075.Joan_Aiken]]></link>
</author>
</authors>
</book>

  </similar_books>
</book>

</GoodreadsResponse>