<?xml version="1.0" encoding="UTF-8"?>
<GoodreadsResponse>
  <Request>
    <authentication>true</authentication>
      <key><![CDATA[all_men_must_serve]]></key>
    <method><![CDATA[book_show]]></method>
  </Request>
  <book>
  <id>1044355</id>
  <title><![CDATA[When You Are Engulfed in Flames]]></title>
  <isbn><![CDATA[0316143472]]></isbn>
  <isbn13><![CDATA[9780316143479]]></isbn13>
  <asin><![CDATA[]]></asin>
  <kindle_asin><![CDATA[B0049MPHH6]]></kindle_asin>
  <marketplace_id><![CDATA[A1F83G8C2ARO7P]]></marketplace_id>
  <country_code><![CDATA[GB]]></country_code>
  <image_url>https://s.gr-assets.com/assets/nophoto/book/111x148-bcc042a9c91a29c1d680899eff700a03.png</image_url>
  <small_image_url>https://s.gr-assets.com/assets/nophoto/book/50x75-a91bf249278a81aabab721ef782c4a74.png</small_image_url>
  <publication_year>2008</publication_year>
  <publication_month>6</publication_month>
  <publication_day>3</publication_day>
  <publisher>Little Brown and Company</publisher>
  <language_code>en-US</language_code>
  <is_ebook>false</is_ebook>
  <description><![CDATA[It's early autumn 1964. Two straight-A students head off to school, and when only one of them returns home Chesney Yelverton is coaxed from retirement and assigned to what proves to be the most difficult and deadly - case of his career. From the shining notorious East Side, <i>When You Are Engulfed in Flames</i> confirms once again that David Sedaris is a master of mystery and suspense.<br /><br />Or how about...<br /><br />when set on fire, most of us either fumble for our wallets or waste valuable time feeling sorry for ourselves. David Sedaris has studied this phenomenon, and his resulting insights may very well save your life. Author of the national bestsellers <i>Should You Be Attacked By Snakes</i> and <i>If You Are Surrounded by Mean Ghosts</i>, David Sedaris, with <i>When You Are Engulfed in Flames</i>, is clearly at the top of his game.<br /><br />Oh, all right...<br /><br />David Sedaris has written yet another book of essays (his sixth). Subjects include a parasitic worm that once lived in his mother-in-law's leg, an encounter with a dingo, and the recreational use of an external catheter. Also recounted is the buying of a human skeleton and the author's attempt to quit smoking In Tokyo.<br /><br />Master of nothing, at the dead center of his game, Sedaris proves that when you play with matches, you sometimes light the whole pack on fire.]]></description>
  <work>
  <id type="integer">3255908</id>
  <books_count type="integer">47</books_count>
  <best_book_id type="integer">1044355</best_book_id>
  <reviews_count type="integer">236820</reviews_count>
  <ratings_sum type="integer">634865</ratings_sum>
  <ratings_count type="integer">157039</ratings_count>
  <text_reviews_count type="integer">9015</text_reviews_count>
  <original_publication_year type="integer">2008</original_publication_year>
  <original_publication_month type="integer">6</original_publication_month>
  <original_publication_day type="integer">3</original_publication_day>
  <original_title>When You Are Engulfed in Flames</original_title>
  <original_language_id type="integer" nil="true"/>
  <media_type>book</media_type>
  <rating_dist>5:54595|4:63955|3:30941|2:5699|1:1849|total:157039</rating_dist>
  <desc_user_id type="integer">2263532</desc_user_id>
  <default_chaptering_book_id type="integer">1044355</default_chaptering_book_id>
  <default_description_language_code nil="true"/>
</work>
  <average_rating>4.04</average_rating>
  <num_pages><![CDATA[323]]></num_pages>
  <format><![CDATA[]]></format>
  <edition_information><![CDATA[US]]></edition_information>
  <ratings_count><![CDATA[150957]]></ratings_count>
  <text_reviews_count><![CDATA[8243]]></text_reviews_count>
  <url><![CDATA[https://www.goodreads.com/book/show/1044355.When_You_Are_Engulfed_in_Flames]]></url>
  <link><![CDATA[https://www.goodreads.com/book/show/1044355.When_You_Are_Engulfed_in_Flames]]></link>
  <authors>
<author>
<id>2849</id>
<name>David Sedaris</name>
<role></role>
<image_url nophoto='false'>
<![CDATA[https://images.gr-assets.com/authors/1213737698p5/2849.jpg]]>
</image_url>
<small_image_url nophoto='false'>
<![CDATA[https://images.gr-assets.com/authors/1213737698p2/2849.jpg]]>
</small_image_url>
<link><![CDATA[https://www.goodreads.com/author/show/2849.David_Sedaris]]></link>
<average_rating>3.98</average_rating>
<ratings_count>1422835</ratings_count>
<text_reviews_count>56960</text_reviews_count>
</author>
</authors>

    <reviews_widget>
      <![CDATA[
        <style>
  #goodreads-widget {
    font-family: georgia, serif;
    padding: 18px 0;
    width:565px;
  }
  #goodreads-widget h1 {
    font-weight:normal;
    font-size: 16px;
    border-bottom: 1px solid #BBB596;
    margin-bottom: 0;
  }
  #goodreads-widget a {
    text-decoration: none;
    color:#660;
  }
  iframe{
    background-color: #fff;
  }
  #goodreads-widget a:hover { text-decoration: underline; }
  #goodreads-widget a:active {
    color:#660;
  }
  #gr_footer {
    width: 100%;
    border-top: 1px solid #BBB596;
    text-align: right;
  }
  #goodreads-widget .gr_branding{
    color: #382110;
    font-size: 11px;
    text-decoration: none;
    font-family: "Helvetica Neue", Helvetica, Arial, sans-serif;
  }
</style>
<div id="goodreads-widget">
  <div id="gr_header"><h1><a rel="nofollow" href="https://www.goodreads.com/book/show/1044355.When_You_Are_Engulfed_in_Flames">When You Are Engulfed in Flames Reviews</a></h1></div>
  <iframe id="the_iframe" src="https://www.goodreads.com/api/reviews_widget_iframe?did=DEVELOPER_ID&amp;format=html&amp;isbn=0316143472&amp;links=660&amp;min_rating=&amp;review_back=fff&amp;stars=000&amp;text=000" width="565" height="400" frameborder="0"></iframe>
  <div id="gr_footer">
    <a class="gr_branding" target="_blank" rel="nofollow" href="https://www.goodreads.com/book/show/1044355.When_You_Are_Engulfed_in_Flames?utm_medium=api&amp;utm_source=reviews_widget">Reviews from Goodreads.com</a>
  </div>
</div>

      ]]>
    </reviews_widget>
  <popular_shelves>
      <shelf name="to-read" count="23070"/>
      <shelf name="currently-reading" count="3150"/>
      <shelf name="humor" count="2041"/>
      <shelf name="non-fiction" count="1672"/>
      <shelf name="memoir" count="951"/>
      <shelf name="favorites" count="788"/>
      <shelf name="nonfiction" count="773"/>
      <shelf name="essays" count="759"/>
      <shelf name="short-stories" count="489"/>
      <shelf name="memoirs" count="329"/>
      <shelf name="comedy" count="326"/>
      <shelf name="fiction" count="303"/>
      <shelf name="audiobook" count="278"/>
      <shelf name="humour" count="255"/>
      <shelf name="funny" count="250"/>
      <shelf name="audiobooks" count="245"/>
      <shelf name="owned" count="210"/>
      <shelf name="books-i-own" count="207"/>
      <shelf name="audio" count="199"/>
      <shelf name="biography" count="189"/>
      <shelf name="book-club" count="121"/>
      <shelf name="biography-memoir" count="107"/>
      <shelf name="library" count="107"/>
      <shelf name="audio-book" count="89"/>
      <shelf name="david-sedaris" count="82"/>
      <shelf name="audio-books" count="82"/>
      <shelf name="autobiography" count="79"/>
      <shelf name="owned-books" count="77"/>
      <shelf name="adult" count="75"/>
      <shelf name="memoir-biography" count="69"/>
      <shelf name="contemporary" count="68"/>
      <shelf name="lgbt" count="63"/>
      <shelf name="essay" count="62"/>
      <shelf name="default" count="58"/>
      <shelf name="humorous" count="58"/>
      <shelf name="audible" count="50"/>
      <shelf name="read-in-2010" count="48"/>
      <shelf name="kindle" count="48"/>
      <shelf name="american" count="48"/>
      <shelf name="read-in-2008" count="46"/>
      <shelf name="my-library" count="44"/>
      <shelf name="to-buy" count="44"/>
      <shelf name="abandoned" count="43"/>
      <shelf name="hilarious" count="41"/>
      <shelf name="queer" count="39"/>
      <shelf name="lgbtq" count="38"/>
      <shelf name="sedaris" count="37"/>
      <shelf name="read-in-2009" count="37"/>
      <shelf name="ebook" count="36"/>
      <shelf name="listened-to" count="36"/>
      <shelf name="satire" count="35"/>
      <shelf name="adult-non-fiction" count="34"/>
      <shelf name="literature" count="33"/>
      <shelf name="my-books" count="33"/>
      <shelf name="favourites" count="32"/>
      <shelf name="bio-memoir" count="32"/>
      <shelf name="own-it" count="31"/>
      <shelf name="read-2008" count="30"/>
      <shelf name="read-in-2011" count="29"/>
      <shelf name="favorite-authors" count="28"/>
      <shelf name="biographies" count="28"/>
      <shelf name="short-story" count="27"/>
      <shelf name="unfinished" count="27"/>
      <shelf name="wish-list" count="27"/>
      <shelf name="read-in-2013" count="26"/>
      <shelf name="bio" count="26"/>
      <shelf name="stories" count="25"/>
      <shelf name="japan" count="25"/>
      <shelf name="gay" count="25"/>
      <shelf name="listened" count="25"/>
      <shelf name="travel" count="25"/>
      <shelf name="read-in-2015" count="24"/>
      <shelf name="adult-nonfiction" count="24"/>
      <shelf name="borrowed" count="23"/>
      <shelf name="didn-t-finish" count="23"/>
      <shelf name="glbt" count="23"/>
      <shelf name="france" count="23"/>
      <shelf name="i-own" count="23"/>
      <shelf name="read-in-2014" count="22"/>
      <shelf name="did-not-finish" count="22"/>
      <shelf name="short-stories-essays" count="22"/>
      <shelf name="fun" count="22"/>
      <shelf name="non-fic" count="22"/>
      <shelf name="shelfari-favorites" count="21"/>
      <shelf name="home-library" count="21"/>
      <shelf name="2000s" count="21"/>
      <shelf name="family" count="21"/>
      <shelf name="never-finished" count="21"/>
      <shelf name="biographical" count="21"/>
      <shelf name="autobiography-memoir" count="21"/>
      <shelf name="memoir-autobiography" count="20"/>
      <shelf name="bookclub" count="20"/>
      <shelf name="novels" count="19"/>
      <shelf name="read-in-2012" count="18"/>
      <shelf name="ebooks" count="18"/>
      <shelf name="library-books" count="18"/>
      <shelf name="funny-stuff" count="18"/>
      <shelf name="for-fun" count="18"/>
      <shelf name="shorts" count="18"/>
      <shelf name="21st-century" count="17"/>
  </popular_shelves>
  <book_links>
    <book_link>
  <id>8</id>
  <name>Libraries</name>
  <link>https://www.goodreads.com/book_link/follow/8</link>
</book_link>

  </book_links>
  <buy_links>
    <buy_link>
<id>1</id>
<name>Amazon</name>
<link>https://www.goodreads.com/book_link/follow/1</link>
</buy_link>
<buy_link>
<id>10</id>
<name>Audible</name>
<link>https://www.goodreads.com/book_link/follow/10</link>
</buy_link>
<buy_link>
<id>3</id>
<name>Barnes &amp; Noble</name>
<link>https://www.goodreads.com/book_link/follow/3</link>
</buy_link>
<buy_link>
<id>1027</id>
<name>Kobo</name>
<link>https://www.goodreads.com/book_link/follow/1027</link>
</buy_link>
<buy_link>
<id>2102</id>
<name>Apple iBooks</name>
<link>https://www.goodreads.com/book_link/follow/2102</link>
</buy_link>
<buy_link>
<id>8036</id>
<name>Google Play</name>
<link>https://www.goodreads.com/book_link/follow/8036</link>
</buy_link>
<buy_link>
<id>4</id>
<name>Abebooks</name>
<link>https://www.goodreads.com/book_link/follow/4</link>
</buy_link>
<buy_link>
<id>882</id>
<name>Book Depository</name>
<link>https://www.goodreads.com/book_link/follow/882</link>
</buy_link>
<buy_link>
<id>9</id>
<name>Indigo</name>
<link>https://www.goodreads.com/book_link/follow/9</link>
</buy_link>
<buy_link>
<id>2</id>
<name>Half.com</name>
<link>https://www.goodreads.com/book_link/follow/2</link>
</buy_link>
<buy_link>
<id>5</id>
<name>Alibris</name>
<link>https://www.goodreads.com/book_link/follow/5</link>
</buy_link>
<buy_link>
<id>107</id>
<name>Better World Books</name>
<link>https://www.goodreads.com/book_link/follow/107</link>
</buy_link>
<buy_link>
<id>7</id>
<name>IndieBound</name>
<link>https://www.goodreads.com/book_link/follow/7</link>
</buy_link>

  </buy_links>
  <series_works>
    
  </series_works>
  <similar_books>
          <book>
<id>12358</id>
<title>The Partly Cloudy Patriot</title>
<title_without_series>The Partly Cloudy Patriot</title_without_series>
<link><![CDATA[https://www.goodreads.com/book/show/12358.The_Partly_Cloudy_Patriot]]></link>
<small_image_url><![CDATA[https://images.gr-assets.com/books/1430720573s/12358.jpg]]></small_image_url>
<image_url><![CDATA[https://images.gr-assets.com/books/1430720573m/12358.jpg]]></image_url>
<num_pages>197</num_pages>
<work>
<id>229722</id>
</work>
<isbn>0743243803</isbn>
<isbn13>9780743243803</isbn13>
<average_rating>3.90</average_rating>
<ratings_count>23827</ratings_count>
<publication_year>2003</publication_year>
<publication_month>10</publication_month>
<publication_day>1</publication_day>
<authors>
<author>
<id>2122</id>
<name>Sarah Vowell</name>
<link><![CDATA[https://www.goodreads.com/author/show/2122.Sarah_Vowell]]></link>
</author>
</authors>
</book>

          <book>
<id>61115</id>
<title>Possible Side Effects</title>
<title_without_series>Possible Side Effects</title_without_series>
<link><![CDATA[https://www.goodreads.com/book/show/61115.Possible_Side_Effects]]></link>
<small_image_url><![CDATA[https://images.gr-assets.com/books/1412064839s/61115.jpg]]></small_image_url>
<image_url><![CDATA[https://images.gr-assets.com/books/1412064839m/61115.jpg]]></image_url>
<num_pages>291</num_pages>
<work>
<id>904703</id>
</work>
<isbn>031242681X</isbn>
<isbn13>9780312426811</isbn13>
<average_rating>3.97</average_rating>
<ratings_count>39674</ratings_count>
<publication_year></publication_year>
<publication_month></publication_month>
<publication_day></publication_day>
<authors>
<author>
<id>3058</id>
<name>Augusten Burroughs</name>
<link><![CDATA[https://www.goodreads.com/author/show/3058.Augusten_Burroughs]]></link>
</author>
</authors>
</book>

          <book>
<id>24475</id>
<title><![CDATA[Chuck Klosterman IV: A Decade of Curious People and Dangerous Ideas]]></title>
<title_without_series><![CDATA[Chuck Klosterman IV: A Decade of Curious People and Dangerous Ideas]]></title_without_series>
<link><![CDATA[https://www.goodreads.com/book/show/24475.Chuck_Klosterman_IV]]></link>
<small_image_url><![CDATA[https://s.gr-assets.com/assets/nophoto/book/50x75-a91bf249278a81aabab721ef782c4a74.png]]></small_image_url>
<image_url><![CDATA[https://s.gr-assets.com/assets/nophoto/book/111x148-bcc042a9c91a29c1d680899eff700a03.png]]></image_url>
<num_pages>374</num_pages>
<work>
<id>6518120</id>
</work>
<isbn>0743284887</isbn>
<isbn13>9780743284882</isbn13>
<average_rating>3.85</average_rating>
<ratings_count>15449</ratings_count>
<publication_year>2006</publication_year>
<publication_month>9</publication_month>
<publication_day>5</publication_day>
<authors>
<author>
<id>375</id>
<name>Chuck Klosterman</name>
<link><![CDATA[https://www.goodreads.com/author/show/375.Chuck_Klosterman]]></link>
</author>
</authors>
</book>

          <book>
<id>7936233</id>
<title><![CDATA[Simple Times: Crafts for Poor People]]></title>
<title_without_series><![CDATA[Simple Times: Crafts for Poor People]]></title_without_series>
<link><![CDATA[https://www.goodreads.com/book/show/7936233-simple-times]]></link>
<small_image_url><![CDATA[https://s.gr-assets.com/assets/nophoto/book/50x75-a91bf249278a81aabab721ef782c4a74.png]]></small_image_url>
<image_url><![CDATA[https://s.gr-assets.com/assets/nophoto/book/111x148-bcc042a9c91a29c1d680899eff700a03.png]]></image_url>
<num_pages></num_pages>
<work>
<id>11339612</id>
</work>
<isbn>044655703X</isbn>
<isbn13>9780446557030</isbn13>
<average_rating>3.76</average_rating>
<ratings_count>3196</ratings_count>
<publication_year></publication_year>
<publication_month></publication_month>
<publication_day></publication_day>
<authors>
<author>
<id>2848</id>
<name>Amy Sedaris</name>
<link><![CDATA[https://www.goodreads.com/author/show/2848.Amy_Sedaris]]></link>
</author>
</authors>
</book>

          <book>
<id>473576</id>
<title>The New Kings of Nonfiction</title>
<title_without_series>The New Kings of Nonfiction</title_without_series>
<link><![CDATA[https://www.goodreads.com/book/show/473576.The_New_Kings_of_Nonfiction]]></link>
<small_image_url><![CDATA[https://s.gr-assets.com/assets/nophoto/book/50x75-a91bf249278a81aabab721ef782c4a74.png]]></small_image_url>
<image_url><![CDATA[https://s.gr-assets.com/assets/nophoto/book/111x148-bcc042a9c91a29c1d680899eff700a03.png]]></image_url>
<num_pages></num_pages>
<work>
<id>461841</id>
</work>
<isbn>1594482675</isbn>
<isbn13>9781594482670</isbn13>
<average_rating>3.99</average_rating>
<ratings_count>4913</ratings_count>
<publication_year></publication_year>
<publication_month></publication_month>
<publication_day></publication_day>
<authors>
<author>
<id>113989</id>
<name>Ira Glass</name>
<link><![CDATA[https://www.goodreads.com/author/show/113989.Ira_Glass]]></link>
</author>
</authors>
</book>

          <book>
<id>113326</id>
<title><![CDATA[The Kid: What Happened After My Boyfriend and I Decided to Go Get Pregnant]]></title>
<title_without_series><![CDATA[The Kid: What Happened After My Boyfriend and I Decided to Go Get Pregnant]]></title_without_series>
<link><![CDATA[https://www.goodreads.com/book/show/113326.The_Kid]]></link>
<small_image_url><![CDATA[https://images.gr-assets.com/books/1309284329s/113326.jpg]]></small_image_url>
<image_url><![CDATA[https://images.gr-assets.com/books/1309284329m/113326.jpg]]></image_url>
<num_pages>246</num_pages>
<work>
<id>109107</id>
</work>
<isbn>0452281768</isbn>
<isbn13>9780452281769</isbn13>
<average_rating>4.03</average_rating>
<ratings_count>7861</ratings_count>
<publication_year></publication_year>
<publication_month></publication_month>
<publication_day></publication_day>
<authors>
<author>
<id>14085</id>
<name>Dan Savage</name>
<link><![CDATA[https://www.goodreads.com/author/show/14085.Dan_Savage]]></link>
</author>
</authors>
</book>

          <book>
<id>7957361</id>
<title>Half Empty</title>
<title_without_series>Half Empty</title_without_series>
<link><![CDATA[https://www.goodreads.com/book/show/7957361-half-empty]]></link>
<small_image_url><![CDATA[https://s.gr-assets.com/assets/nophoto/book/50x75-a91bf249278a81aabab721ef782c4a74.png]]></small_image_url>
<image_url><![CDATA[https://s.gr-assets.com/assets/nophoto/book/111x148-bcc042a9c91a29c1d680899eff700a03.png]]></image_url>
<num_pages></num_pages>
<work>
<id>11689137</id>
</work>
<isbn>0385525249</isbn>
<isbn13>9780385525244</isbn13>
<average_rating>3.79</average_rating>
<ratings_count>5200</ratings_count>
<publication_year></publication_year>
<publication_month></publication_month>
<publication_day></publication_day>
<authors>
<author>
<id>5855</id>
<name>David Rakoff</name>
<link><![CDATA[https://www.goodreads.com/author/show/5855.David_Rakoff]]></link>
</author>
</authors>
</book>

          <book>
<id>3205065</id>
<title><![CDATA[Swish: My Quest to Become the Gayest Person Ever]]></title>
<title_without_series><![CDATA[Swish: My Quest to Become the Gayest Person Ever]]></title_without_series>
<link><![CDATA[https://www.goodreads.com/book/show/3205065-swish]]></link>
<small_image_url><![CDATA[https://images.gr-assets.com/books/1320414722s/3205065.jpg]]></small_image_url>
<image_url><![CDATA[https://images.gr-assets.com/books/1320414722m/3205065.jpg]]></image_url>
<num_pages>255</num_pages>
<work>
<id>3238414</id>
</work>
<isbn>0767924304</isbn>
<isbn13>9780767924306</isbn13>
<average_rating>3.77</average_rating>
<ratings_count>731</ratings_count>
<publication_year>2008</publication_year>
<publication_month>5</publication_month>
<publication_day>13</publication_day>
<authors>
<author>
<id>123839</id>
<name>Joel Derfner</name>
<link><![CDATA[https://www.goodreads.com/author/show/123839.Joel_Derfner]]></link>
</author>
</authors>
</book>

          <book>
<id>7529</id>
<title><![CDATA[I Love Everybody (and Other Atrocious Lies)]]></title>
<title_without_series>I Love Everybody</title_without_series>
<link><![CDATA[https://www.goodreads.com/book/show/7529.I_Love_Everybody]]></link>
<small_image_url><![CDATA[https://s.gr-assets.com/assets/nophoto/book/50x75-a91bf249278a81aabab721ef782c4a74.png]]></small_image_url>
<image_url><![CDATA[https://s.gr-assets.com/assets/nophoto/book/111x148-bcc042a9c91a29c1d680899eff700a03.png]]></image_url>
<num_pages>228</num_pages>
<work>
<id>10643</id>
</work>
<isbn>0812969006</isbn>
<isbn13>9780812969009</isbn13>
<average_rating>3.97</average_rating>
<ratings_count>9408</ratings_count>
<publication_year></publication_year>
<publication_month></publication_month>
<publication_day></publication_day>
<authors>
<author>
<id>5098</id>
<name>Laurie Notaro</name>
<link><![CDATA[https://www.goodreads.com/author/show/5098.Laurie_Notaro]]></link>
</author>
</authors>
</book>

          <book>
<id>3119451</id>
<title><![CDATA[More Information Than You Require]]></title>
<title_without_series><![CDATA[More Information Than You Require]]></title_without_series>
<link><![CDATA[https://www.goodreads.com/book/show/3119451-more-information-than-you-require]]></link>
<small_image_url><![CDATA[https://s.gr-assets.com/assets/nophoto/book/50x75-a91bf249278a81aabab721ef782c4a74.png]]></small_image_url>
<image_url><![CDATA[https://s.gr-assets.com/assets/nophoto/book/111x148-bcc042a9c91a29c1d680899eff700a03.png]]></image_url>
<num_pages>368</num_pages>
<work>
<id>3150778</id>
</work>
<isbn>0525950346</isbn>
<isbn13>9780525950349</isbn13>
<average_rating>3.83</average_rating>
<ratings_count>5428</ratings_count>
<publication_year></publication_year>
<publication_month></publication_month>
<publication_day></publication_day>
<authors>
<author>
<id>13982</id>
<name>John Hodgman</name>
<link><![CDATA[https://www.goodreads.com/author/show/13982.John_Hodgman]]></link>
</author>
</authors>
</book>

          <book>
<id>2714071</id>
<title>Free-Range Chickens</title>
<title_without_series>Free-Range Chickens</title_without_series>
<link><![CDATA[https://www.goodreads.com/book/show/2714071-free-range-chickens]]></link>
<small_image_url><![CDATA[https://images.gr-assets.com/books/1320415242s/2714071.jpg]]></small_image_url>
<image_url><![CDATA[https://images.gr-assets.com/books/1320415242m/2714071.jpg]]></image_url>
<num_pages></num_pages>
<work>
<id>2739617</id>
</work>
<isbn>1400065895</isbn>
<isbn13>9781400065899</isbn13>
<average_rating>3.77</average_rating>
<ratings_count>1740</ratings_count>
<publication_year></publication_year>
<publication_month></publication_month>
<publication_day></publication_day>
<authors>
<author>
<id>158635</id>
<name>Simon Rich</name>
<link><![CDATA[https://www.goodreads.com/author/show/158635.Simon_Rich]]></link>
</author>
</authors>
</book>

          <book>
<id>72995</id>
<title>My Life and Hard Times</title>
<title_without_series>My Life and Hard Times</title_without_series>
<link><![CDATA[https://www.goodreads.com/book/show/72995.My_Life_and_Hard_Times]]></link>
<small_image_url><![CDATA[https://s.gr-assets.com/assets/nophoto/book/50x75-a91bf249278a81aabab721ef782c4a74.png]]></small_image_url>
<image_url><![CDATA[https://s.gr-assets.com/assets/nophoto/book/111x148-bcc042a9c91a29c1d680899eff700a03.png]]></image_url>
<num_pages>106</num_pages>
<work>
<id>1442017</id>
</work>
<isbn>0060933089</isbn>
<isbn13>9780060933081</isbn13>
<average_rating>4.15</average_rating>
<ratings_count>2536</ratings_count>
<publication_year></publication_year>
<publication_month></publication_month>
<publication_day></publication_day>
<authors>
<author>
<id>16839</id>
<name>James Thurber</name>
<link><![CDATA[https://www.goodreads.com/author/show/16839.James_Thurber]]></link>
</author>
</authors>
</book>

          <book>
<id>95532</id>
<title><![CDATA[Kick Me: Adventures in Adolescence]]></title>
<title_without_series><![CDATA[Kick Me: Adventures in Adolescence]]></title_without_series>
<link><![CDATA[https://www.goodreads.com/book/show/95532.Kick_Me]]></link>
<small_image_url><![CDATA[https://s.gr-assets.com/assets/nophoto/book/50x75-a91bf249278a81aabab721ef782c4a74.png]]></small_image_url>
<image_url><![CDATA[https://s.gr-assets.com/assets/nophoto/book/111x148-bcc042a9c91a29c1d680899eff700a03.png]]></image_url>
<num_pages>288</num_pages>
<work>
<id>92077</id>
</work>
<isbn>0609809431</isbn>
<isbn13>9780609809433</isbn13>
<average_rating>3.79</average_rating>
<ratings_count>3695</ratings_count>
<publication_year>2002</publication_year>
<publication_month>9</publication_month>
<publication_day>24</publication_day>
<authors>
<author>
<id>54970</id>
<name>Paul Feig</name>
<link><![CDATA[https://www.goodreads.com/author/show/54970.Paul_Feig]]></link>
</author>
</authors>
</book>

          <book>
<id>7775841</id>
<title><![CDATA[Sleepwalk With Me and Other Painfully True Stories]]></title>
<title_without_series><![CDATA[Sleepwalk With Me and Other Painfully True Stories]]></title_without_series>
<link><![CDATA[https://www.goodreads.com/book/show/7775841-sleepwalk-with-me-and-other-painfully-true-stories]]></link>
<small_image_url><![CDATA[https://s.gr-assets.com/assets/nophoto/book/50x75-a91bf249278a81aabab721ef782c4a74.png]]></small_image_url>
<image_url><![CDATA[https://s.gr-assets.com/assets/nophoto/book/111x148-bcc042a9c91a29c1d680899eff700a03.png]]></image_url>
<num_pages>191</num_pages>
<work>
<id>10682678</id>
</work>
<isbn>1439157995</isbn>
<isbn13>9781439157992</isbn13>
<average_rating>3.85</average_rating>
<ratings_count>11507</ratings_count>
<publication_year>2010</publication_year>
<publication_month>10</publication_month>
<publication_day>12</publication_day>
<authors>
<author>
<id>3390625</id>
<name>Mike Birbiglia</name>
<link><![CDATA[https://www.goodreads.com/author/show/3390625.Mike_Birbiglia]]></link>
</author>
</authors>
</book>

          <book>
<id>7067336</id>
<title><![CDATA[The Bucolic Plague: How Two Manhattanites Became Gentlemen Farmers: An Unconventional Memoir]]></title>
<title_without_series><![CDATA[The Bucolic Plague: How Two Manhattanites Became Gentlemen Farmers: An Unconventional Memoir]]></title_without_series>
<link><![CDATA[https://www.goodreads.com/book/show/7067336-the-bucolic-plague]]></link>
<small_image_url><![CDATA[https://images.gr-assets.com/books/1274295190s/7067336.jpg]]></small_image_url>
<image_url><![CDATA[https://images.gr-assets.com/books/1274295190m/7067336.jpg]]></image_url>
<num_pages>304</num_pages>
<work>
<id>7320034</id>
</work>
<isbn>006133698X</isbn>
<isbn13>9780061336980</isbn13>
<average_rating>4.05</average_rating>
<ratings_count>4835</ratings_count>
<publication_year>2010</publication_year>
<publication_month>6</publication_month>
<publication_day>1</publication_day>
<authors>
<author>
<id>63356</id>
<name>Josh Kilmer-Purcell</name>
<link><![CDATA[https://www.goodreads.com/author/show/63356.Josh_Kilmer_Purcell]]></link>
</author>
</authors>
</book>

  </similar_books>
</book>

</GoodreadsResponse>