<?xml version="1.0" encoding="UTF-8"?>
<GoodreadsResponse>
  <Request>
    <authentication>true</authentication>
      <key><![CDATA[all_men_must_serve]]></key>
    <method><![CDATA[book_show]]></method>
  </Request>
  <book>
  <id>1045757</id>
  <title>Once (Once, #1)</title>
  <isbn><![CDATA[014132063X]]></isbn>
  <isbn13><![CDATA[9780141320632]]></isbn13>
  <asin><![CDATA[]]></asin>
  <kindle_asin><![CDATA[]]></kindle_asin>
  <marketplace_id><![CDATA[]]></marketplace_id>
  <country_code><![CDATA[GB]]></country_code>
  <image_url>https://s.gr-assets.com/assets/nophoto/book/111x148-bcc042a9c91a29c1d680899eff700a03.png</image_url>
  <small_image_url>https://s.gr-assets.com/assets/nophoto/book/50x75-a91bf249278a81aabab721ef782c4a74.png</small_image_url>
  <publication_year>2006</publication_year>
  <publication_month>2</publication_month>
  <publication_day>23</publication_day>
  <publisher>Puffin</publisher>
  <language_code></language_code>
  <is_ebook>false</is_ebook>
  <description><![CDATA[<i>Once</i> by Morris Gleitzman is the story of a young Jewish boy who is determined to escape the orphanage he lives in to save his Jewish parents from the Nazis in the occupied Poland of the Second World War.<br /><br /><b>Everybody deserves to have something good in their life. At least Once.</b><br /><b></b><br />Once I escaped from am orphanage to find Mum and Dad.<br /><br />Once I saved a girl called Zelda from a burning house.<br /><br />Once I made a Nazi with a toothache laugh.<br /><br />My name is Felix. This is my story.<br /><br /><i>Once</i> is the first in a series of children's novels about Felix, a Jewish orphan caught in the middle of the Holocaust, from Australian author Morris Gleitzman - author of <i>Bumface</i> and <i>Boy Overboard</i>. The next books in the series <i>Then</i>, <i>Now</i> and <i>After</i> are also available from Puffin.]]></description>
  <work>
  <id type="integer">1032183</id>
  <books_count type="integer">31</books_count>
  <best_book_id type="integer">1045757</best_book_id>
  <reviews_count type="integer">29972</reviews_count>
  <ratings_sum type="integer">51802</ratings_sum>
  <ratings_count type="integer">12349</ratings_count>
  <text_reviews_count type="integer">1404</text_reviews_count>
  <original_publication_year type="integer">2005</original_publication_year>
  <original_publication_month type="integer" nil="true"/>
  <original_publication_day type="integer" nil="true"/>
  <original_title>Once</original_title>
  <original_language_id type="integer" nil="true"/>
  <media_type>book</media_type>
  <rating_dist>5:5308|4:4740|3:1831|2:339|1:131|total:12349</rating_dist>
  <desc_user_id type="integer">906848</desc_user_id>
  <default_chaptering_book_id type="integer" nil="true"/>
  <default_description_language_code nil="true"/>
</work>
  <average_rating>4.19</average_rating>
  <num_pages><![CDATA[149]]></num_pages>
  <format><![CDATA[Paperback]]></format>
  <edition_information><![CDATA[]]></edition_information>
  <ratings_count><![CDATA[11052]]></ratings_count>
  <text_reviews_count><![CDATA[1156]]></text_reviews_count>
  <url><![CDATA[https://www.goodreads.com/book/show/1045757.Once]]></url>
  <link><![CDATA[https://www.goodreads.com/book/show/1045757.Once]]></link>
  <authors>
<author>
<id>47260</id>
<name>Morris Gleitzman</name>
<role></role>
<image_url nophoto='false'>
<![CDATA[https://images.gr-assets.com/authors/1324128377p5/47260.jpg]]>
</image_url>
<small_image_url nophoto='false'>
<![CDATA[https://images.gr-assets.com/authors/1324128377p2/47260.jpg]]>
</small_image_url>
<link><![CDATA[https://www.goodreads.com/author/show/47260.Morris_Gleitzman]]></link>
<average_rating>4.02</average_rating>
<ratings_count>41659</ratings_count>
<text_reviews_count>3682</text_reviews_count>
</author>
</authors>

    <reviews_widget>
      <![CDATA[
        <style>
  #goodreads-widget {
    font-family: georgia, serif;
    padding: 18px 0;
    width:565px;
  }
  #goodreads-widget h1 {
    font-weight:normal;
    font-size: 16px;
    border-bottom: 1px solid #BBB596;
    margin-bottom: 0;
  }
  #goodreads-widget a {
    text-decoration: none;
    color:#660;
  }
  iframe{
    background-color: #fff;
  }
  #goodreads-widget a:hover { text-decoration: underline; }
  #goodreads-widget a:active {
    color:#660;
  }
  #gr_footer {
    width: 100%;
    border-top: 1px solid #BBB596;
    text-align: right;
  }
  #goodreads-widget .gr_branding{
    color: #382110;
    font-size: 11px;
    text-decoration: none;
    font-family: "Helvetica Neue", Helvetica, Arial, sans-serif;
  }
</style>
<div id="goodreads-widget">
  <div id="gr_header"><h1><a rel="nofollow" href="https://www.goodreads.com/book/show/1045757.Once">Once Reviews</a></h1></div>
  <iframe id="the_iframe" src="https://www.goodreads.com/api/reviews_widget_iframe?did=DEVELOPER_ID&amp;format=html&amp;isbn=014132063X&amp;links=660&amp;min_rating=&amp;review_back=fff&amp;stars=000&amp;text=000" width="565" height="400" frameborder="0"></iframe>
  <div id="gr_footer">
    <a class="gr_branding" target="_blank" rel="nofollow" href="https://www.goodreads.com/book/show/1045757.Once?utm_medium=api&amp;utm_source=reviews_widget">Reviews from Goodreads.com</a>
  </div>
</div>

      ]]>
    </reviews_widget>
  <popular_shelves>
      <shelf name="to-read" count="15266"/>
      <shelf name="historical-fiction" count="335"/>
      <shelf name="currently-reading" count="331"/>
      <shelf name="young-adult" count="153"/>
      <shelf name="holocaust" count="127"/>
      <shelf name="favorites" count="121"/>
      <shelf name="historical" count="91"/>
      <shelf name="ya" count="86"/>
      <shelf name="fiction" count="70"/>
      <shelf name="war" count="63"/>
      <shelf name="childrens" count="54"/>
      <shelf name="series" count="52"/>
      <shelf name="wwii" count="48"/>
      <shelf name="history" count="42"/>
      <shelf name="favourites" count="42"/>
      <shelf name="once" count="39"/>
      <shelf name="middle-grade" count="38"/>
      <shelf name="books-i-own" count="34"/>
      <shelf name="children" count="32"/>
      <shelf name="world-war-ii" count="28"/>
      <shelf name="audiobook" count="26"/>
      <shelf name="teen" count="26"/>
      <shelf name="children-s" count="26"/>
      <shelf name="ww2" count="25"/>
      <shelf name="owned" count="25"/>
      <shelf name="australian" count="23"/>
      <shelf name="poland" count="23"/>
      <shelf name="library" count="22"/>
      <shelf name="audio" count="22"/>
      <shelf name="audiobooks" count="21"/>
      <shelf name="morris-gleitzman" count="20"/>
      <shelf name="to-buy" count="19"/>
      <shelf name="school" count="18"/>
      <shelf name="wish-list" count="17"/>
      <shelf name="children-s-books" count="16"/>
      <shelf name="survival" count="16"/>
      <shelf name="i-own" count="15"/>
      <shelf name="kids" count="15"/>
      <shelf name="world-war-2" count="14"/>
      <shelf name="audio-book" count="12"/>
      <shelf name="childhood-favourites" count="12"/>
      <shelf name="owned-books" count="12"/>
      <shelf name="death" count="12"/>
      <shelf name="ya-fiction" count="12"/>
      <shelf name="nazis" count="11"/>
      <shelf name="orphans" count="11"/>
      <shelf name="jewish" count="11"/>
      <shelf name="childhood" count="11"/>
      <shelf name="ya-historical-fiction" count="10"/>
      <shelf name="chapter-books-4" count="9"/>
      <shelf name="read-in-2016" count="9"/>
      <shelf name="second-world-war" count="9"/>
      <shelf name="read-in-2014" count="9"/>
      <shelf name="read-in-2013" count="9"/>
      <shelf name="sad" count="9"/>
      <shelf name="childrens-books" count="9"/>
      <shelf name="young-adult-fiction" count="9"/>
      <shelf name="realistic-fiction" count="9"/>
      <shelf name="chapter-books" count="8"/>
      <shelf name="borrowed" count="8"/>
      <shelf name="my-books" count="8"/>
      <shelf name="ya-lit" count="8"/>
      <shelf name="children-s-literature" count="8"/>
      <shelf name="kids-books" count="8"/>
      <shelf name="adventure" count="8"/>
      <shelf name="maybe" count="7"/>
      <shelf name="youth" count="7"/>
      <shelf name="books" count="7"/>
      <shelf name="childrens-fiction" count="7"/>
      <shelf name="library-books" count="7"/>
      <shelf name="jewish-people" count="7"/>
      <shelf name="middle-school" count="7"/>
      <shelf name="5-stars" count="7"/>
      <shelf name="english" count="7"/>
      <shelf name="school-books" count="7"/>
      <shelf name="children-s-fiction" count="7"/>
      <shelf name="junior-fiction" count="7"/>
      <shelf name="read-in-2017" count="6"/>
      <shelf name="re-read" count="6"/>
      <shelf name="teen-fiction" count="6"/>
      <shelf name="friendship" count="6"/>
      <shelf name="holocaust-fiction" count="6"/>
      <shelf name="4-stars" count="6"/>
      <shelf name="novels" count="6"/>
      <shelf name="need-to-buy" count="5"/>
      <shelf name="grade-7" count="5"/>
      <shelf name="europe" count="5"/>
      <shelf name="summer-reading" count="5"/>
      <shelf name="part-of-a-series" count="5"/>
      <shelf name="novel" count="5"/>
      <shelf name="holocaust-wwii" count="5"/>
      <shelf name="aussie-authors" count="5"/>
      <shelf name="favourite-books" count="5"/>
      <shelf name="ya-books" count="5"/>
      <shelf name="read-for-school" count="5"/>
      <shelf name="made-me-cry" count="5"/>
      <shelf name="read-aloud" count="5"/>
      <shelf name="realistic" count="5"/>
      <shelf name="historical-fic" count="5"/>
      <shelf name="1940s" count="5"/>
  </popular_shelves>
  <book_links>
    <book_link>
  <id>8</id>
  <name>Libraries</name>
  <link>https://www.goodreads.com/book_link/follow/8</link>
</book_link>

  </book_links>
  <buy_links>
    <buy_link>
<id>1</id>
<name>Amazon</name>
<link>https://www.goodreads.com/book_link/follow/1</link>
</buy_link>
<buy_link>
<id>10</id>
<name>Audible</name>
<link>https://www.goodreads.com/book_link/follow/10</link>
</buy_link>
<buy_link>
<id>3</id>
<name>Barnes &amp; Noble</name>
<link>https://www.goodreads.com/book_link/follow/3</link>
</buy_link>
<buy_link>
<id>1027</id>
<name>Kobo</name>
<link>https://www.goodreads.com/book_link/follow/1027</link>
</buy_link>
<buy_link>
<id>2102</id>
<name>Apple iBooks</name>
<link>https://www.goodreads.com/book_link/follow/2102</link>
</buy_link>
<buy_link>
<id>8036</id>
<name>Google Play</name>
<link>https://www.goodreads.com/book_link/follow/8036</link>
</buy_link>
<buy_link>
<id>4</id>
<name>Abebooks</name>
<link>https://www.goodreads.com/book_link/follow/4</link>
</buy_link>
<buy_link>
<id>882</id>
<name>Book Depository</name>
<link>https://www.goodreads.com/book_link/follow/882</link>
</buy_link>
<buy_link>
<id>9</id>
<name>Indigo</name>
<link>https://www.goodreads.com/book_link/follow/9</link>
</buy_link>
<buy_link>
<id>2</id>
<name>Half.com</name>
<link>https://www.goodreads.com/book_link/follow/2</link>
</buy_link>
<buy_link>
<id>5</id>
<name>Alibris</name>
<link>https://www.goodreads.com/book_link/follow/5</link>
</buy_link>
<buy_link>
<id>107</id>
<name>Better World Books</name>
<link>https://www.goodreads.com/book_link/follow/107</link>
</buy_link>
<buy_link>
<id>7</id>
<name>IndieBound</name>
<link>https://www.goodreads.com/book_link/follow/7</link>
</buy_link>

  </buy_links>
  <series_works>
    <series_work>
<id>274241</id>
<user_position>1</user_position>
<series>
<id>63394</id>
<title>
<![CDATA[
    Once
]]>
</title>
<description>
<![CDATA[
]]>
</description>
<note>
<![CDATA[
]]>
</note>
<series_works_count>6</series_works_count>
<primary_work_count>5</primary_work_count>
<numbered>true</numbered>
</series>

</series_work>

  </series_works>
  <similar_books>
          <book>
<id>7549694</id>
<title>The Year of Goodbyes</title>
<title_without_series>The Year of Goodbyes</title_without_series>
<link><![CDATA[https://www.goodreads.com/book/show/7549694-the-year-of-goodbyes]]></link>
<small_image_url><![CDATA[https://images.gr-assets.com/books/1360571443s/7549694.jpg]]></small_image_url>
<image_url><![CDATA[https://images.gr-assets.com/books/1360571443m/7549694.jpg]]></image_url>
<num_pages>144</num_pages>
<work>
<id>9842314</id>
</work>
<isbn>1423129016</isbn>
<isbn13>9781423129011</isbn13>
<average_rating>3.90</average_rating>
<ratings_count>401</ratings_count>
<publication_year>2010</publication_year>
<publication_month>3</publication_month>
<publication_day>16</publication_day>
<authors>
<author>
<id>182269</id>
<name>Debbie Levy</name>
<link><![CDATA[https://www.goodreads.com/author/show/182269.Debbie_Levy]]></link>
</author>
</authors>
</book>

          <book>
<id>7163925</id>
<title>Is It Night or Day?</title>
<title_without_series>Is It Night or Day?</title_without_series>
<link><![CDATA[https://www.goodreads.com/book/show/7163925-is-it-night-or-day]]></link>
<small_image_url><![CDATA[https://images.gr-assets.com/books/1317792679s/7163925.jpg]]></small_image_url>
<image_url><![CDATA[https://images.gr-assets.com/books/1317792679m/7163925.jpg]]></image_url>
<num_pages>224</num_pages>
<work>
<id>7515445</id>
</work>
<isbn>0374177449</isbn>
<isbn13>9780374177447</isbn13>
<average_rating>3.94</average_rating>
<ratings_count>796</ratings_count>
<publication_year>2010</publication_year>
<publication_month>3</publication_month>
<publication_day>16</publication_day>
<authors>
<author>
<id>220991</id>
<name>Fern Schumer Chapman</name>
<link><![CDATA[https://www.goodreads.com/author/show/220991.Fern_Schumer_Chapman]]></link>
</author>
</authors>
</book>

          <book>
<id>13609403</id>
<title>Pennies for Hitler</title>
<title_without_series>Pennies for Hitler</title_without_series>
<link><![CDATA[https://www.goodreads.com/book/show/13609403-pennies-for-hitler]]></link>
<small_image_url><![CDATA[https://images.gr-assets.com/books/1347702518s/13609403.jpg]]></small_image_url>
<image_url><![CDATA[https://images.gr-assets.com/books/1347702518m/13609403.jpg]]></image_url>
<num_pages>336</num_pages>
<work>
<id>19206620</id>
</work>
<isbn>0732292093</isbn>
<isbn13>9780732292096</isbn13>
<average_rating>4.18</average_rating>
<ratings_count>1028</ratings_count>
<publication_year>2012</publication_year>
<publication_month>6</publication_month>
<publication_day>1</publication_day>
<authors>
<author>
<id>221556</id>
<name>Jackie French</name>
<link><![CDATA[https://www.goodreads.com/author/show/221556.Jackie_French]]></link>
</author>
</authors>
</book>

          <book>
<id>2205204</id>
<title>The Mozart Question</title>
<title_without_series>The Mozart Question</title_without_series>
<link><![CDATA[https://www.goodreads.com/book/show/2205204.The_Mozart_Question]]></link>
<small_image_url><![CDATA[https://s.gr-assets.com/assets/nophoto/book/50x75-a91bf249278a81aabab721ef782c4a74.png]]></small_image_url>
<image_url><![CDATA[https://s.gr-assets.com/assets/nophoto/book/111x148-bcc042a9c91a29c1d680899eff700a03.png]]></image_url>
<num_pages>80</num_pages>
<work>
<id>2237764</id>
</work>
<isbn>1406306487</isbn>
<isbn13>9781406306484</isbn13>
<average_rating>4.02</average_rating>
<ratings_count>1146</ratings_count>
<publication_year>2007</publication_year>
<publication_month>11</publication_month>
<publication_day>5</publication_day>
<authors>
<author>
<id>8080</id>
<name>Michael Morpurgo</name>
<link><![CDATA[https://www.goodreads.com/author/show/8080.Michael_Morpurgo]]></link>
</author>
</authors>
</book>

          <book>
<id>1142145</id>
<title>Hiding Edith: A True Story</title>
<title_without_series>Hiding Edith: A True Story</title_without_series>
<link><![CDATA[https://www.goodreads.com/book/show/1142145.Hiding_Edith]]></link>
<small_image_url><![CDATA[https://s.gr-assets.com/assets/nophoto/book/50x75-a91bf249278a81aabab721ef782c4a74.png]]></small_image_url>
<image_url><![CDATA[https://s.gr-assets.com/assets/nophoto/book/111x148-bcc042a9c91a29c1d680899eff700a03.png]]></image_url>
<num_pages>152</num_pages>
<work>
<id>1129484</id>
</work>
<isbn>1897187068</isbn>
<isbn13>9781897187067</isbn13>
<average_rating>4.07</average_rating>
<ratings_count>405</ratings_count>
<publication_year>2006</publication_year>
<publication_month>9</publication_month>
<publication_day>1</publication_day>
<authors>
<author>
<id>33154</id>
<name>Kathy Kacer</name>
<link><![CDATA[https://www.goodreads.com/author/show/33154.Kathy_Kacer]]></link>
</author>
</authors>
</book>

          <book>
<id>6376428</id>
<title>Warriors in the Crossfire</title>
<title_without_series>Warriors in the Crossfire</title_without_series>
<link><![CDATA[https://www.goodreads.com/book/show/6376428-warriors-in-the-crossfire]]></link>
<small_image_url><![CDATA[https://s.gr-assets.com/assets/nophoto/book/50x75-a91bf249278a81aabab721ef782c4a74.png]]></small_image_url>
<image_url><![CDATA[https://s.gr-assets.com/assets/nophoto/book/111x148-bcc042a9c91a29c1d680899eff700a03.png]]></image_url>
<num_pages>144</num_pages>
<work>
<id>6564115</id>
</work>
<isbn>1590786610</isbn>
<isbn13>9781590786611</isbn13>
<average_rating>3.68</average_rating>
<ratings_count>183</ratings_count>
<publication_year>2010</publication_year>
<publication_month>3</publication_month>
<publication_day>1</publication_day>
<authors>
<author>
<id>651022</id>
<name>Nancy Bo Flood</name>
<link><![CDATA[https://www.goodreads.com/author/show/651022.Nancy_Bo_Flood]]></link>
</author>
</authors>
</book>

          <book>
<id>6151004</id>
<title><![CDATA[Tropical Secrets: Holocaust Refugees in Cuba]]></title>
<title_without_series><![CDATA[Tropical Secrets: Holocaust Refugees in Cuba]]></title_without_series>
<link><![CDATA[https://www.goodreads.com/book/show/6151004-tropical-secrets]]></link>
<small_image_url><![CDATA[https://images.gr-assets.com/books/1312036098s/6151004.jpg]]></small_image_url>
<image_url><![CDATA[https://images.gr-assets.com/books/1312036098m/6151004.jpg]]></image_url>
<num_pages>208</num_pages>
<work>
<id>6330166</id>
</work>
<isbn>0805089365</isbn>
<isbn13>9780805089363</isbn13>
<average_rating>3.68</average_rating>
<ratings_count>337</ratings_count>
<publication_year>2009</publication_year>
<publication_month>3</publication_month>
<publication_day>31</publication_day>
<authors>
<author>
<id>103963</id>
<name>Margarita Engle</name>
<link><![CDATA[https://www.goodreads.com/author/show/103963.Margarita_Engle]]></link>
</author>
</authors>
</book>

          <book>
<id>7863081</id>
<title><![CDATA[Black Radishes (Black Radishes, #1)]]></title>
<title_without_series>Black Radishes</title_without_series>
<link><![CDATA[https://www.goodreads.com/book/show/7863081-black-radishes]]></link>
<small_image_url><![CDATA[https://images.gr-assets.com/books/1320392557s/7863081.jpg]]></small_image_url>
<image_url><![CDATA[https://images.gr-assets.com/books/1320392557m/7863081.jpg]]></image_url>
<num_pages>240</num_pages>
<work>
<id>11017602</id>
</work>
<isbn>0385738811</isbn>
<isbn13>9780385738811</isbn13>
<average_rating>3.89</average_rating>
<ratings_count>906</ratings_count>
<publication_year>2010</publication_year>
<publication_month>11</publication_month>
<publication_day>9</publication_day>
<authors>
<author>
<id>3420809</id>
<name>Susan Lynn Meyer</name>
<link><![CDATA[https://www.goodreads.com/author/show/3420809.Susan_Lynn_Meyer]]></link>
</author>
</authors>
</book>

          <book>
<id>1161387</id>
<title><![CDATA[Daniel Half Human: And the Good Nazi]]></title>
<title_without_series><![CDATA[Daniel Half Human: And the Good Nazi]]></title_without_series>
<link><![CDATA[https://www.goodreads.com/book/show/1161387.Daniel_Half_Human]]></link>
<small_image_url><![CDATA[https://s.gr-assets.com/assets/nophoto/book/50x75-a91bf249278a81aabab721ef782c4a74.png]]></small_image_url>
<image_url><![CDATA[https://s.gr-assets.com/assets/nophoto/book/111x148-bcc042a9c91a29c1d680899eff700a03.png]]></image_url>
<num_pages>298</num_pages>
<work>
<id>1149005</id>
</work>
<isbn>0689857470</isbn>
<isbn13>9780689857478</isbn13>
<average_rating>3.83</average_rating>
<ratings_count>870</ratings_count>
<publication_year>2004</publication_year>
<publication_month>10</publication_month>
<publication_day>12</publication_day>
<authors>
<author>
<id>567810</id>
<name>David Chotjewitz</name>
<link><![CDATA[https://www.goodreads.com/author/show/567810.David_Chotjewitz]]></link>
</author>
</authors>
</book>

          <book>
<id>67266</id>
<title>Emil and Karl</title>
<title_without_series>Emil and Karl</title_without_series>
<link><![CDATA[https://www.goodreads.com/book/show/67266.Emil_and_Karl]]></link>
<small_image_url><![CDATA[https://images.gr-assets.com/books/1312049428s/67266.jpg]]></small_image_url>
<image_url><![CDATA[https://images.gr-assets.com/books/1312049428m/67266.jpg]]></image_url>
<num_pages></num_pages>
<work>
<id>65230</id>
</work>
<isbn>1596431199</isbn>
<isbn13>9781596431195</isbn13>
<average_rating>3.75</average_rating>
<ratings_count>409</ratings_count>
<publication_year></publication_year>
<publication_month></publication_month>
<publication_day></publication_day>
<authors>
<author>
<id>37908</id>
<name>Yankev Glatshteyn</name>
<link><![CDATA[https://www.goodreads.com/author/show/37908.Yankev_Glatshteyn]]></link>
</author>
</authors>
</book>

          <book>
<id>13504127</id>
<title><![CDATA[Beyond Courage: The Untold Story of Jewish Resistance During the Holocaust]]></title>
<title_without_series><![CDATA[Beyond Courage: The Untold Story of Jewish Resistance During the Holocaust]]></title_without_series>
<link><![CDATA[https://www.goodreads.com/book/show/13504127-beyond-courage]]></link>
<small_image_url><![CDATA[https://images.gr-assets.com/books/1344619129s/13504127.jpg]]></small_image_url>
<image_url><![CDATA[https://images.gr-assets.com/books/1344619129m/13504127.jpg]]></image_url>
<num_pages>240</num_pages>
<work>
<id>19053705</id>
</work>
<isbn>0763629766</isbn>
<isbn13>9780763629762</isbn13>
<average_rating>4.11</average_rating>
<ratings_count>723</ratings_count>
<publication_year>2012</publication_year>
<publication_month>9</publication_month>
<publication_day></publication_day>
<authors>
<author>
<id>33156</id>
<name>Doreen Rappaport</name>
<link><![CDATA[https://www.goodreads.com/author/show/33156.Doreen_Rappaport]]></link>
</author>
</authors>
</book>

          <book>
<id>6558237</id>
<title><![CDATA[A Faraway Island (A Faraway Island #1)]]></title>
<title_without_series>A Faraway Island</title_without_series>
<link><![CDATA[https://www.goodreads.com/book/show/6558237-a-faraway-island]]></link>
<small_image_url><![CDATA[https://s.gr-assets.com/assets/nophoto/book/50x75-a91bf249278a81aabab721ef782c4a74.png]]></small_image_url>
<image_url><![CDATA[https://s.gr-assets.com/assets/nophoto/book/111x148-bcc042a9c91a29c1d680899eff700a03.png]]></image_url>
<num_pages>256</num_pages>
<work>
<id>6750890</id>
</work>
<isbn>0385736177</isbn>
<isbn13>9780385736176</isbn13>
<average_rating>3.91</average_rating>
<ratings_count>1602</ratings_count>
<publication_year>2009</publication_year>
<publication_month>11</publication_month>
<publication_day>10</publication_day>
<authors>
<author>
<id>697709</id>
<name>Annika Thor</name>
<link><![CDATA[https://www.goodreads.com/author/show/697709.Annika_Thor]]></link>
</author>
</authors>
</book>

          <book>
<id>7898618</id>
<title>Annexed</title>
<title_without_series>Annexed</title_without_series>
<link><![CDATA[https://www.goodreads.com/book/show/7898618-annexed]]></link>
<small_image_url><![CDATA[https://images.gr-assets.com/books/1293852235s/7898618.jpg]]></small_image_url>
<image_url><![CDATA[https://images.gr-assets.com/books/1293852235m/7898618.jpg]]></image_url>
<num_pages></num_pages>
<work>
<id>12338874</id>
</work>
<isbn>0547501951</isbn>
<isbn13>9780547501956</isbn13>
<average_rating>3.78</average_rating>
<ratings_count>4109</ratings_count>
<publication_year></publication_year>
<publication_month></publication_month>
<publication_day></publication_day>
<authors>
<author>
<id>401544</id>
<name>Sharon Dogar</name>
<link><![CDATA[https://www.goodreads.com/author/show/401544.Sharon_Dogar]]></link>
</author>
</authors>
</book>

          <book>
<id>6783157</id>
<title>Sources of Light</title>
<title_without_series>Sources of Light</title_without_series>
<link><![CDATA[https://www.goodreads.com/book/show/6783157-sources-of-light]]></link>
<small_image_url><![CDATA[https://s.gr-assets.com/assets/nophoto/book/50x75-a91bf249278a81aabab721ef782c4a74.png]]></small_image_url>
<image_url><![CDATA[https://s.gr-assets.com/assets/nophoto/book/111x148-bcc042a9c91a29c1d680899eff700a03.png]]></image_url>
<num_pages>240</num_pages>
<work>
<id>6985366</id>
</work>
<isbn>0547076592</isbn>
<isbn13>9780547076591</isbn13>
<average_rating>3.76</average_rating>
<ratings_count>496</ratings_count>
<publication_year>2010</publication_year>
<publication_month>4</publication_month>
<publication_day>12</publication_day>
<authors>
<author>
<id>297819</id>
<name>Margaret McMullan</name>
<link><![CDATA[https://www.goodreads.com/author/show/297819.Margaret_McMullan]]></link>
</author>
</authors>
</book>

          <book>
<id>1327836</id>
<title>The Silver Donkey</title>
<title_without_series>The Silver Donkey</title_without_series>
<link><![CDATA[https://www.goodreads.com/book/show/1327836.The_Silver_Donkey]]></link>
<small_image_url><![CDATA[https://images.gr-assets.com/books/1320490100s/1327836.jpg]]></small_image_url>
<image_url><![CDATA[https://images.gr-assets.com/books/1320490100m/1327836.jpg]]></image_url>
<num_pages></num_pages>
<work>
<id>229642</id>
</work>
<isbn>0763629375</isbn>
<isbn13>9780763629373</isbn13>
<average_rating>3.77</average_rating>
<ratings_count>1327</ratings_count>
<publication_year></publication_year>
<publication_month></publication_month>
<publication_day></publication_day>
<authors>
<author>
<id>138742</id>
<name>Sonya Hartnett</name>
<link><![CDATA[https://www.goodreads.com/author/show/138742.Sonya_Hartnett]]></link>
</author>
</authors>
</book>

          <book>
<id>217008</id>
<title>Yellow Star</title>
<title_without_series>Yellow Star</title_without_series>
<link><![CDATA[https://www.goodreads.com/book/show/217008.Yellow_Star]]></link>
<small_image_url><![CDATA[https://s.gr-assets.com/assets/nophoto/book/50x75-a91bf249278a81aabab721ef782c4a74.png]]></small_image_url>
<image_url><![CDATA[https://s.gr-assets.com/assets/nophoto/book/111x148-bcc042a9c91a29c1d680899eff700a03.png]]></image_url>
<num_pages>227</num_pages>
<work>
<id>1647701</id>
</work>
<isbn>076145277X</isbn>
<isbn13>9780761452775</isbn13>
<average_rating>4.20</average_rating>
<ratings_count>10404</ratings_count>
<publication_year>2006</publication_year>
<publication_month>4</publication_month>
<publication_day>1</publication_day>
<authors>
<author>
<id>127176</id>
<name>Jennifer Roy</name>
<link><![CDATA[https://www.goodreads.com/author/show/127176.Jennifer_Roy]]></link>
</author>
</authors>
</book>

          <book>
<id>1166705</id>
<title>Run, Boy, Run</title>
<title_without_series>Run, Boy, Run</title_without_series>
<link><![CDATA[https://www.goodreads.com/book/show/1166705.Run_Boy_Run]]></link>
<small_image_url><![CDATA[https://s.gr-assets.com/assets/nophoto/book/50x75-a91bf249278a81aabab721ef782c4a74.png]]></small_image_url>
<image_url><![CDATA[https://s.gr-assets.com/assets/nophoto/book/111x148-bcc042a9c91a29c1d680899eff700a03.png]]></image_url>
<num_pages>192</num_pages>
<work>
<id>1154398</id>
</work>
<isbn>0618164650</isbn>
<isbn13>9780618164653</isbn13>
<average_rating>4.07</average_rating>
<ratings_count>1037</ratings_count>
<publication_year>2003</publication_year>
<publication_month>10</publication_month>
<publication_day>27</publication_day>
<authors>
<author>
<id>57473</id>
<name>Uri Orlev</name>
<link><![CDATA[https://www.goodreads.com/author/show/57473.Uri_Orlev]]></link>
</author>
</authors>
</book>

          <book>
<id>809134</id>
<title>Hitler&apos;s Canary</title>
<title_without_series>Hitler&apos;s Canary</title_without_series>
<link><![CDATA[https://www.goodreads.com/book/show/809134.Hitler_s_Canary]]></link>
<small_image_url><![CDATA[https://images.gr-assets.com/books/1316727443s/809134.jpg]]></small_image_url>
<image_url><![CDATA[https://images.gr-assets.com/books/1316727443m/809134.jpg]]></image_url>
<num_pages>192</num_pages>
<work>
<id>795075</id>
</work>
<isbn>1596432470</isbn>
<isbn13>9781596432475</isbn13>
<average_rating>3.91</average_rating>
<ratings_count>1013</ratings_count>
<publication_year>2007</publication_year>
<publication_month>3</publication_month>
<publication_day>6</publication_day>
<authors>
<author>
<id>337554</id>
<name>Sandi Toksvig</name>
<link><![CDATA[https://www.goodreads.com/author/show/337554.Sandi_Toksvig]]></link>
</author>
</authors>
</book>

  </similar_books>
</book>

</GoodreadsResponse>