<?xml version="1.0" encoding="UTF-8"?>
<GoodreadsResponse>
  <Request>
    <authentication>true</authentication>
      <key><![CDATA[all_men_must_serve]]></key>
    <method><![CDATA[book_show]]></method>
  </Request>
  <book>
  <id>104734</id>
  <title>The Vagina Monologues</title>
  <isbn><![CDATA[1860499260]]></isbn>
  <isbn13><![CDATA[9781860499265]]></isbn13>
  <asin><![CDATA[]]></asin>
  <kindle_asin><![CDATA[B003O86FHM]]></kindle_asin>
  <marketplace_id><![CDATA[A1F83G8C2ARO7P]]></marketplace_id>
  <country_code><![CDATA[GB]]></country_code>
  <image_url>https://images.gr-assets.com/books/1327243997m/104734.jpg</image_url>
  <small_image_url>https://images.gr-assets.com/books/1327243997s/104734.jpg</small_image_url>
  <publication_year>2001</publication_year>
  <publication_month>5</publication_month>
  <publication_day>3</publication_day>
  <publisher>Virago Press Ltd.</publisher>
  <language_code></language_code>
  <is_ebook>false</is_ebook>
  <description><![CDATA[I decided to talk to women about their vaginas, to do vagina interviews, which became vagina monologues...At first women were reluctant to talk. They were a little shy. But once they got going, you couldn't stop them. Women secretly love to talk about their vaginas. They get very excited, mainly because no one's ever asked them before.]]></description>
  <work>
  <id type="integer">1146102</id>
  <books_count type="integer">68</books_count>
  <best_book_id type="integer">104734</best_book_id>
  <reviews_count type="integer">44639</reviews_count>
  <ratings_sum type="integer">82499</ratings_sum>
  <ratings_count type="integer">21370</ratings_count>
  <text_reviews_count type="integer">1455</text_reviews_count>
  <original_publication_year type="integer">1996</original_publication_year>
  <original_publication_month type="integer" nil="true"/>
  <original_publication_day type="integer" nil="true"/>
  <original_title>The Vagina Monologues</original_title>
  <original_language_id type="integer" nil="true"/>
  <media_type>book</media_type>
  <rating_dist>5:6605|4:7691|3:5064|2:1508|1:502|total:21370</rating_dist>
  <desc_user_id type="integer" nil="true"/>
  <default_chaptering_book_id type="integer" nil="true"/>
  <default_description_language_code nil="true"/>
</work>
  <average_rating>3.86</average_rating>
  <num_pages><![CDATA[185]]></num_pages>
  <format><![CDATA[Paperback]]></format>
  <edition_information><![CDATA[]]></edition_information>
  <ratings_count><![CDATA[17943]]></ratings_count>
  <text_reviews_count><![CDATA[1127]]></text_reviews_count>
  <url><![CDATA[https://www.goodreads.com/book/show/104734.The_Vagina_Monologues]]></url>
  <link><![CDATA[https://www.goodreads.com/book/show/104734.The_Vagina_Monologues]]></link>
  <authors>
<author>
<id>60609</id>
<name>Eve Ensler</name>
<role></role>
<image_url nophoto='false'>
<![CDATA[https://images.gr-assets.com/authors/1365789365p5/60609.jpg]]>
</image_url>
<small_image_url nophoto='false'>
<![CDATA[https://images.gr-assets.com/authors/1365789365p2/60609.jpg]]>
</small_image_url>
<link><![CDATA[https://www.goodreads.com/author/show/60609.Eve_Ensler]]></link>
<average_rating>3.89</average_rating>
<ratings_count>29144</ratings_count>
<text_reviews_count>2454</text_reviews_count>
</author>
<author>
<id>57108</id>
<name>Gloria Steinem</name>
<role>Foreword</role>
<image_url nophoto='false'>
<![CDATA[https://images.gr-assets.com/authors/1206803134p5/57108.jpg]]>
</image_url>
<small_image_url nophoto='false'>
<![CDATA[https://images.gr-assets.com/authors/1206803134p2/57108.jpg]]>
</small_image_url>
<link><![CDATA[https://www.goodreads.com/author/show/57108.Gloria_Steinem]]></link>
<average_rating>3.97</average_rating>
<ratings_count>46583</ratings_count>
<text_reviews_count>4712</text_reviews_count>
</author>
</authors>

    <reviews_widget>
      <![CDATA[
        <style>
  #goodreads-widget {
    font-family: georgia, serif;
    padding: 18px 0;
    width:565px;
  }
  #goodreads-widget h1 {
    font-weight:normal;
    font-size: 16px;
    border-bottom: 1px solid #BBB596;
    margin-bottom: 0;
  }
  #goodreads-widget a {
    text-decoration: none;
    color:#660;
  }
  iframe{
    background-color: #fff;
  }
  #goodreads-widget a:hover { text-decoration: underline; }
  #goodreads-widget a:active {
    color:#660;
  }
  #gr_footer {
    width: 100%;
    border-top: 1px solid #BBB596;
    text-align: right;
  }
  #goodreads-widget .gr_branding{
    color: #382110;
    font-size: 11px;
    text-decoration: none;
    font-family: "Helvetica Neue", Helvetica, Arial, sans-serif;
  }
</style>
<div id="goodreads-widget">
  <div id="gr_header"><h1><a rel="nofollow" href="https://www.goodreads.com/book/show/104734.The_Vagina_Monologues">The Vagina Monologues Reviews</a></h1></div>
  <iframe id="the_iframe" src="https://www.goodreads.com/api/reviews_widget_iframe?did=DEVELOPER_ID&amp;format=html&amp;isbn=1860499260&amp;links=660&amp;min_rating=&amp;review_back=fff&amp;stars=000&amp;text=000" width="565" height="400" frameborder="0"></iframe>
  <div id="gr_footer">
    <a class="gr_branding" target="_blank" rel="nofollow" href="https://www.goodreads.com/book/show/104734.The_Vagina_Monologues?utm_medium=api&amp;utm_source=reviews_widget">Reviews from Goodreads.com</a>
  </div>
</div>

      ]]>
    </reviews_widget>
  <popular_shelves>
      <shelf name="to-read" count="7826"/>
      <shelf name="feminism" count="785"/>
      <shelf name="non-fiction" count="602"/>
      <shelf name="plays" count="553"/>
      <shelf name="currently-reading" count="501"/>
      <shelf name="favorites" count="220"/>
      <shelf name="nonfiction" count="212"/>
      <shelf name="our-shared-shelf" count="201"/>
      <shelf name="drama" count="149"/>
      <shelf name="feminist" count="142"/>
      <shelf name="owned" count="97"/>
      <shelf name="play" count="93"/>
      <shelf name="books-i-own" count="92"/>
      <shelf name="women" count="90"/>
      <shelf name="fiction" count="68"/>
      <shelf name="gender-studies" count="53"/>
      <shelf name="gender" count="53"/>
      <shelf name="sexuality" count="53"/>
      <shelf name="theater" count="45"/>
      <shelf name="théâtre" count="43"/>
      <shelf name="contemporary" count="43"/>
      <shelf name="theatre" count="43"/>
      <shelf name="to-buy" count="38"/>
      <shelf name="short-stories" count="34"/>
      <shelf name="classics" count="34"/>
      <shelf name="book-club" count="33"/>
      <shelf name="essays" count="33"/>
      <shelf name="women-s-studies" count="31"/>
      <shelf name="default" count="29"/>
      <shelf name="adult" count="28"/>
      <shelf name="poetry" count="27"/>
      <shelf name="humor" count="26"/>
      <shelf name="read-in-2017" count="25"/>
      <shelf name="memoir" count="25"/>
      <shelf name="feminist-lit" count="23"/>
      <shelf name="chick-lit" count="23"/>
      <shelf name="female-authors" count="22"/>
      <shelf name="lgbt" count="20"/>
      <shelf name="queer" count="20"/>
      <shelf name="biography" count="19"/>
      <shelf name="womens-studies" count="19"/>
      <shelf name="wish-list" count="19"/>
      <shelf name="library" count="18"/>
      <shelf name="feminist-books" count="17"/>
      <shelf name="feminist-literature" count="17"/>
      <shelf name="memoirs" count="17"/>
      <shelf name="read-in-2016" count="16"/>
      <shelf name="girl-power" count="16"/>
      <shelf name="politics" count="16"/>
      <shelf name="sex" count="16"/>
      <shelf name="social-justice" count="16"/>
      <shelf name="favourites" count="16"/>
      <shelf name="owned-books" count="15"/>
      <shelf name="english" count="15"/>
      <shelf name="american" count="15"/>
      <shelf name="philosophy" count="14"/>
      <shelf name="read-2017" count="13"/>
      <shelf name="feminismo" count="13"/>
      <shelf name="banned-books" count="13"/>
      <shelf name="feminist-reads" count="13"/>
      <shelf name="feminism-gender" count="13"/>
      <shelf name="audiobook" count="12"/>
      <shelf name="women-writers" count="12"/>
      <shelf name="scripts" count="12"/>
      <shelf name="college" count="12"/>
      <shelf name="non-fic" count="12"/>
      <shelf name="womens-issues" count="12"/>
      <shelf name="literature" count="12"/>
      <shelf name="oursharedshelf" count="11"/>
      <shelf name="read-in-english" count="11"/>
      <shelf name="school" count="11"/>
      <shelf name="my-library" count="11"/>
      <shelf name="ebook" count="11"/>
      <shelf name="audiobooks" count="11"/>
      <shelf name="women-authors" count="11"/>
      <shelf name="audio" count="11"/>
      <shelf name="20th-century" count="11"/>
      <shelf name="glbt" count="11"/>
      <shelf name="female-author" count="11"/>
      <shelf name="lgbtq" count="11"/>
      <shelf name="2017-reads" count="10"/>
      <shelf name="banging-book-club" count="10"/>
      <shelf name="feminist-book-club" count="10"/>
      <shelf name="american-literature" count="10"/>
      <shelf name="to-read-non-fiction" count="10"/>
      <shelf name="kindle" count="10"/>
      <shelf name="female-writers" count="10"/>
      <shelf name="own-it" count="10"/>
      <shelf name="oss" count="9"/>
      <shelf name="read-in-2015" count="9"/>
      <shelf name="ebooks" count="9"/>
      <shelf name="personal-library" count="9"/>
      <shelf name="eve-ensler" count="9"/>
      <shelf name="women-studies" count="9"/>
      <shelf name="sociology" count="9"/>
      <shelf name="my-books" count="9"/>
      <shelf name="our-shared-shelf-book-club" count="8"/>
      <shelf name="anthology" count="8"/>
      <shelf name="women-s-issues" count="8"/>
      <shelf name="usa" count="8"/>
  </popular_shelves>
  <book_links>
    <book_link>
  <id>8</id>
  <name>Libraries</name>
  <link>https://www.goodreads.com/book_link/follow/8</link>
</book_link>

  </book_links>
  <buy_links>
    <buy_link>
<id>1</id>
<name>Amazon</name>
<link>https://www.goodreads.com/book_link/follow/1</link>
</buy_link>
<buy_link>
<id>10</id>
<name>Audible</name>
<link>https://www.goodreads.com/book_link/follow/10</link>
</buy_link>
<buy_link>
<id>3</id>
<name>Barnes &amp; Noble</name>
<link>https://www.goodreads.com/book_link/follow/3</link>
</buy_link>
<buy_link>
<id>1027</id>
<name>Kobo</name>
<link>https://www.goodreads.com/book_link/follow/1027</link>
</buy_link>
<buy_link>
<id>2102</id>
<name>Apple iBooks</name>
<link>https://www.goodreads.com/book_link/follow/2102</link>
</buy_link>
<buy_link>
<id>8036</id>
<name>Google Play</name>
<link>https://www.goodreads.com/book_link/follow/8036</link>
</buy_link>
<buy_link>
<id>4</id>
<name>Abebooks</name>
<link>https://www.goodreads.com/book_link/follow/4</link>
</buy_link>
<buy_link>
<id>882</id>
<name>Book Depository</name>
<link>https://www.goodreads.com/book_link/follow/882</link>
</buy_link>
<buy_link>
<id>9</id>
<name>Indigo</name>
<link>https://www.goodreads.com/book_link/follow/9</link>
</buy_link>
<buy_link>
<id>2</id>
<name>Half.com</name>
<link>https://www.goodreads.com/book_link/follow/2</link>
</buy_link>
<buy_link>
<id>5</id>
<name>Alibris</name>
<link>https://www.goodreads.com/book_link/follow/5</link>
</buy_link>
<buy_link>
<id>107</id>
<name>Better World Books</name>
<link>https://www.goodreads.com/book_link/follow/107</link>
</buy_link>
<buy_link>
<id>7</id>
<name>IndieBound</name>
<link>https://www.goodreads.com/book_link/follow/7</link>
</buy_link>

  </buy_links>
  <series_works>
    
  </series_works>
  <similar_books>
          <book>
<id>52588</id>
<title><![CDATA[Cunt: A Declaration of Independence]]></title>
<title_without_series><![CDATA[Cunt: A Declaration of Independence]]></title_without_series>
<link><![CDATA[https://www.goodreads.com/book/show/52588.Cunt]]></link>
<small_image_url><![CDATA[https://s.gr-assets.com/assets/nophoto/book/50x75-a91bf249278a81aabab721ef782c4a74.png]]></small_image_url>
<image_url><![CDATA[https://s.gr-assets.com/assets/nophoto/book/111x148-bcc042a9c91a29c1d680899eff700a03.png]]></image_url>
<num_pages>373</num_pages>
<work>
<id>1135362</id>
</work>
<isbn>1580050751</isbn>
<isbn13>9781580050753</isbn13>
<average_rating>3.88</average_rating>
<ratings_count>8627</ratings_count>
<publication_year>2002</publication_year>
<publication_month>10</publication_month>
<publication_day>15</publication_day>
<authors>
<author>
<id>29673</id>
<name>Inga Muscio</name>
<link><![CDATA[https://www.goodreads.com/author/show/29673.Inga_Muscio]]></link>
</author>
</authors>
</book>

          <book>
<id>139657</id>
<title><![CDATA[BITCHfest: Ten Years of Cultural Criticism from the Pages of Bitch Magazine]]></title>
<title_without_series><![CDATA[BITCHfest: Ten Years of Cultural Criticism from the Pages of Bitch Magazine]]></title_without_series>
<link><![CDATA[https://www.goodreads.com/book/show/139657.BITCHfest]]></link>
<small_image_url><![CDATA[https://s.gr-assets.com/assets/nophoto/book/50x75-a91bf249278a81aabab721ef782c4a74.png]]></small_image_url>
<image_url><![CDATA[https://s.gr-assets.com/assets/nophoto/book/111x148-bcc042a9c91a29c1d680899eff700a03.png]]></image_url>
<num_pages></num_pages>
<work>
<id>134623</id>
</work>
<isbn>0374113432</isbn>
<isbn13>9780374113438</isbn13>
<average_rating>4.04</average_rating>
<ratings_count>3063</ratings_count>
<publication_year></publication_year>
<publication_month></publication_month>
<publication_day></publication_day>
<authors>
<author>
<id>1166430</id>
<name>Lisa Jervis</name>
<link><![CDATA[https://www.goodreads.com/author/show/1166430.Lisa_Jervis]]></link>
</author>
</authors>
</book>

          <book>
<id>98521</id>
<title><![CDATA[Manifesta: Young Women, Feminism, and the Future]]></title>
<title_without_series><![CDATA[Manifesta: Young Women, Feminism, and the Future]]></title_without_series>
<link><![CDATA[https://www.goodreads.com/book/show/98521.Manifesta]]></link>
<small_image_url><![CDATA[https://images.gr-assets.com/books/1311983118s/98521.jpg]]></small_image_url>
<image_url><![CDATA[https://images.gr-assets.com/books/1311983118m/98521.jpg]]></image_url>
<num_pages>448</num_pages>
<work>
<id>94974</id>
</work>
<isbn>0374526222</isbn>
<isbn13>9780374526221</isbn13>
<average_rating>3.70</average_rating>
<ratings_count>2835</ratings_count>
<publication_year>2000</publication_year>
<publication_month>10</publication_month>
<publication_day>4</publication_day>
<authors>
<author>
<id>56655</id>
<name>Jennifer Baumgardner</name>
<link><![CDATA[https://www.goodreads.com/author/show/56655.Jennifer_Baumgardner]]></link>
</author>
</authors>
</book>

          <book>
<id>370113</id>
<title><![CDATA[Bitches, Bimbos, and Ballbreakers: The Guerrilla Girls' Illustrated Guide to Female Stereotypes]]></title>
<title_without_series><![CDATA[Bitches, Bimbos, and Ballbreakers: The Guerrilla Girls' Illustrated Guide to Female Stereotypes]]></title_without_series>
<link><![CDATA[https://www.goodreads.com/book/show/370113.Bitches_Bimbos_and_Ballbreakers]]></link>
<small_image_url><![CDATA[https://s.gr-assets.com/assets/nophoto/book/50x75-a91bf249278a81aabab721ef782c4a74.png]]></small_image_url>
<image_url><![CDATA[https://s.gr-assets.com/assets/nophoto/book/111x148-bcc042a9c91a29c1d680899eff700a03.png]]></image_url>
<num_pages>96</num_pages>
<work>
<id>360087</id>
</work>
<isbn>0142001015</isbn>
<isbn13>9780142001011</isbn13>
<average_rating>3.92</average_rating>
<ratings_count>689</ratings_count>
<publication_year>2003</publication_year>
<publication_month>8</publication_month>
<publication_day>26</publication_day>
<authors>
<author>
<id>211264</id>
<name>Guerrilla Girls</name>
<link><![CDATA[https://www.goodreads.com/author/show/211264.Guerrilla_Girls]]></link>
</author>
</authors>
</book>

          <book>
<id>7201148</id>
<title><![CDATA[Enlightened Sexism: The Seductive Message That Feminism's Work Is Done]]></title>
<title_without_series><![CDATA[Enlightened Sexism: The Seductive Message That Feminism's Work Is Done]]></title_without_series>
<link><![CDATA[https://www.goodreads.com/book/show/7201148-enlightened-sexism]]></link>
<small_image_url><![CDATA[https://s.gr-assets.com/assets/nophoto/book/50x75-a91bf249278a81aabab721ef782c4a74.png]]></small_image_url>
<image_url><![CDATA[https://s.gr-assets.com/assets/nophoto/book/111x148-bcc042a9c91a29c1d680899eff700a03.png]]></image_url>
<num_pages>355</num_pages>
<work>
<id>7881775</id>
</work>
<isbn>080508326X</isbn>
<isbn13>9780805083262</isbn13>
<average_rating>3.85</average_rating>
<ratings_count>1986</ratings_count>
<publication_year></publication_year>
<publication_month></publication_month>
<publication_day></publication_day>
<authors>
<author>
<id>45048</id>
<name>Susan J. Douglas</name>
<link><![CDATA[https://www.goodreads.com/author/show/45048.Susan_J_Douglas]]></link>
</author>
</authors>
</book>

          <book>
<id>390778</id>
<title>Full Frontal Feminism</title>
<title_without_series>Full Frontal Feminism</title_without_series>
<link><![CDATA[https://www.goodreads.com/book/show/390778.Full_Frontal_Feminism]]></link>
<small_image_url><![CDATA[https://images.gr-assets.com/books/1372984021s/390778.jpg]]></small_image_url>
<image_url><![CDATA[https://images.gr-assets.com/books/1372984021m/390778.jpg]]></image_url>
<num_pages>271</num_pages>
<work>
<id>380389</id>
</work>
<isbn>1580052010</isbn>
<isbn13>9781580052016</isbn13>
<average_rating>3.85</average_rating>
<ratings_count>6907</ratings_count>
<publication_year>2007</publication_year>
<publication_month>4</publication_month>
<publication_day>17</publication_day>
<authors>
<author>
<id>222118</id>
<name>Jessica Valenti</name>
<link><![CDATA[https://www.goodreads.com/author/show/222118.Jessica_Valenti]]></link>
</author>
</authors>
</book>

          <book>
<id>4054212</id>
<title><![CDATA[Yes Means Yes!: Visions of Female Sexual Power and A World Without Rape]]></title>
<title_without_series><![CDATA[Yes Means Yes!: Visions of Female Sexual Power and A World Without Rape]]></title_without_series>
<link><![CDATA[https://www.goodreads.com/book/show/4054212-yes-means-yes]]></link>
<small_image_url><![CDATA[https://images.gr-assets.com/books/1328746842s/4054212.jpg]]></small_image_url>
<image_url><![CDATA[https://images.gr-assets.com/books/1328746842m/4054212.jpg]]></image_url>
<num_pages>361</num_pages>
<work>
<id>4101228</id>
</work>
<isbn>1580052576</isbn>
<isbn13>9781580052573</isbn13>
<average_rating>4.16</average_rating>
<ratings_count>4054</ratings_count>
<publication_year>2008</publication_year>
<publication_month>12</publication_month>
<publication_day>2</publication_day>
<authors>
<author>
<id>1727682</id>
<name>Jaclyn Friedman</name>
<link><![CDATA[https://www.goodreads.com/author/show/1727682.Jaclyn_Friedman]]></link>
</author>
</authors>
</book>

          <book>
<id>676543</id>
<title><![CDATA[The Story of Jane: The Legendary Underground Feminist Abortion Service]]></title>
<title_without_series><![CDATA[The Story of Jane: The Legendary Underground Feminist Abortion Service]]></title_without_series>
<link><![CDATA[https://www.goodreads.com/book/show/676543.The_Story_of_Jane]]></link>
<small_image_url><![CDATA[https://s.gr-assets.com/assets/nophoto/book/50x75-a91bf249278a81aabab721ef782c4a74.png]]></small_image_url>
<image_url><![CDATA[https://s.gr-assets.com/assets/nophoto/book/111x148-bcc042a9c91a29c1d680899eff700a03.png]]></image_url>
<num_pages>334</num_pages>
<work>
<id>662544</id>
</work>
<isbn>0226424219</isbn>
<isbn13>9780226424217</isbn13>
<average_rating>4.11</average_rating>
<ratings_count>710</ratings_count>
<publication_year>1997</publication_year>
<publication_month>6</publication_month>
<publication_day>9</publication_day>
<authors>
<author>
<id>362292</id>
<name>Laura Kaplan</name>
<link><![CDATA[https://www.goodreads.com/author/show/362292.Laura_Kaplan]]></link>
</author>
</authors>
</book>

          <book>
<id>114944</id>
<title>Whores and Other Feminists</title>
<title_without_series>Whores and Other Feminists</title_without_series>
<link><![CDATA[https://www.goodreads.com/book/show/114944.Whores_and_Other_Feminists]]></link>
<small_image_url><![CDATA[https://s.gr-assets.com/assets/nophoto/book/50x75-a91bf249278a81aabab721ef782c4a74.png]]></small_image_url>
<image_url><![CDATA[https://s.gr-assets.com/assets/nophoto/book/111x148-bcc042a9c91a29c1d680899eff700a03.png]]></image_url>
<num_pages>312</num_pages>
<work>
<id>487991</id>
</work>
<isbn>0415918227</isbn>
<isbn13>9780415918220</isbn13>
<average_rating>4.16</average_rating>
<ratings_count>458</ratings_count>
<publication_year>1997</publication_year>
<publication_month>8</publication_month>
<publication_day>14</publication_day>
<authors>
<author>
<id>66546</id>
<name>Jill Nagle</name>
<link><![CDATA[https://www.goodreads.com/author/show/66546.Jill_Nagle]]></link>
</author>
</authors>
</book>

          <book>
<id>303558</id>
<title>Transforming a Rape Culture</title>
<title_without_series>Transforming a Rape Culture</title_without_series>
<link><![CDATA[https://www.goodreads.com/book/show/303558.Transforming_a_Rape_Culture]]></link>
<small_image_url><![CDATA[https://images.gr-assets.com/books/1328750804s/303558.jpg]]></small_image_url>
<image_url><![CDATA[https://images.gr-assets.com/books/1328750804m/303558.jpg]]></image_url>
<num_pages>400</num_pages>
<work>
<id>294598</id>
</work>
<isbn>1571312692</isbn>
<isbn13>9781571312693</isbn13>
<average_rating>4.30</average_rating>
<ratings_count>561</ratings_count>
<publication_year>2005</publication_year>
<publication_month>2</publication_month>
<publication_day>8</publication_day>
<authors>
<author>
<id>207160</id>
<name>Emilie Buchwald</name>
<link><![CDATA[https://www.goodreads.com/author/show/207160.Emilie_Buchwald]]></link>
</author>
</authors>
</book>

          <book>
<id>1164849</id>
<title><![CDATA[Listen Up: Voices From the Next Feminist Generation]]></title>
<title_without_series><![CDATA[Listen Up: Voices From the Next Feminist Generation]]></title_without_series>
<link><![CDATA[https://www.goodreads.com/book/show/1164849.Listen_Up]]></link>
<small_image_url><![CDATA[https://s.gr-assets.com/assets/nophoto/book/50x75-a91bf249278a81aabab721ef782c4a74.png]]></small_image_url>
<image_url><![CDATA[https://s.gr-assets.com/assets/nophoto/book/111x148-bcc042a9c91a29c1d680899eff700a03.png]]></image_url>
<num_pages>264</num_pages>
<work>
<id>1152523</id>
</work>
<isbn>1878067613</isbn>
<isbn13>9781878067616</isbn13>
<average_rating>3.95</average_rating>
<ratings_count>1337</ratings_count>
<publication_year>1995</publication_year>
<publication_month>5</publication_month>
<publication_day>4</publication_day>
<authors>
<author>
<id>120141</id>
<name>Barbara Findlen</name>
<link><![CDATA[https://www.goodreads.com/author/show/120141.Barbara_Findlen]]></link>
</author>
</authors>
</book>

          <book>
<id>117649</id>
<title><![CDATA[Jane Sexes It Up: True Confessions of Feminist Desire]]></title>
<title_without_series><![CDATA[Jane Sexes It Up: True Confessions of Feminist Desire]]></title_without_series>
<link><![CDATA[https://www.goodreads.com/book/show/117649.Jane_Sexes_It_Up]]></link>
<small_image_url><![CDATA[https://s.gr-assets.com/assets/nophoto/book/50x75-a91bf249278a81aabab721ef782c4a74.png]]></small_image_url>
<image_url><![CDATA[https://s.gr-assets.com/assets/nophoto/book/111x148-bcc042a9c91a29c1d680899eff700a03.png]]></image_url>
<num_pages>416</num_pages>
<work>
<id>113263</id>
</work>
<isbn>1568581807</isbn>
<isbn13>9781568581804</isbn13>
<average_rating>3.98</average_rating>
<ratings_count>620</ratings_count>
<publication_year>2002</publication_year>
<publication_month>4</publication_month>
<publication_day>10</publication_day>
<authors>
<author>
<id>38057</id>
<name>Merri Lisa Johnson</name>
<link><![CDATA[https://www.goodreads.com/author/show/38057.Merri_Lisa_Johnson]]></link>
</author>
</authors>
</book>

          <book>
<id>151272</id>
<title><![CDATA[No Turning Back: The History of Feminism and the Future of Women]]></title>
<title_without_series><![CDATA[No Turning Back: The History of Feminism and the Future of Women]]></title_without_series>
<link><![CDATA[https://www.goodreads.com/book/show/151272.No_Turning_Back]]></link>
<small_image_url><![CDATA[https://images.gr-assets.com/books/1320423641s/151272.jpg]]></small_image_url>
<image_url><![CDATA[https://images.gr-assets.com/books/1320423641m/151272.jpg]]></image_url>
<num_pages>464</num_pages>
<work>
<id>145998</id>
</work>
<isbn>0345450531</isbn>
<isbn13>9780345450531</isbn13>
<average_rating>3.93</average_rating>
<ratings_count>626</ratings_count>
<publication_year>2003</publication_year>
<publication_month>1</publication_month>
<publication_day>1</publication_day>
<authors>
<author>
<id>3850458</id>
<name>Estelle B. Freedman</name>
<link><![CDATA[https://www.goodreads.com/author/show/3850458.Estelle_B_Freedman]]></link>
</author>
</authors>
</book>

          <book>
<id>97869</id>
<title><![CDATA[Our Bodies, Ourselves for the New Century]]></title>
<title_without_series><![CDATA[Our Bodies, Ourselves for the New Century]]></title_without_series>
<link><![CDATA[https://www.goodreads.com/book/show/97869.Our_Bodies_Ourselves_for_the_New_Century]]></link>
<small_image_url><![CDATA[https://s.gr-assets.com/assets/nophoto/book/50x75-a91bf249278a81aabab721ef782c4a74.png]]></small_image_url>
<image_url><![CDATA[https://s.gr-assets.com/assets/nophoto/book/111x148-bcc042a9c91a29c1d680899eff700a03.png]]></image_url>
<num_pages></num_pages>
<work>
<id>2411579</id>
</work>
<isbn>0684842319</isbn>
<isbn13>9780684842318</isbn13>
<average_rating>4.34</average_rating>
<ratings_count>6598</ratings_count>
<publication_year>1998</publication_year>
<publication_month>5</publication_month>
<publication_day>4</publication_day>
<authors>
<author>
<id>56262</id>
<name><![CDATA[Boston Women's Health Book Collective]]></name>
<link><![CDATA[https://www.goodreads.com/author/show/56262.Boston_Women_s_Health_Book_Collective]]></link>
</author>
</authors>
</book>

          <book>
<id>61442</id>
<title><![CDATA[Colonize This!: Young Women of Color on Today's Feminism (Live Girls)]]></title>
<title_without_series><![CDATA[Colonize This!: Young Women of Color on Today's Feminism]]></title_without_series>
<link><![CDATA[https://www.goodreads.com/book/show/61442.Colonize_This_]]></link>
<small_image_url><![CDATA[https://images.gr-assets.com/books/1388300601s/61442.jpg]]></small_image_url>
<image_url><![CDATA[https://images.gr-assets.com/books/1388300601m/61442.jpg]]></image_url>
<num_pages></num_pages>
<work>
<id>59762</id>
</work>
<isbn>1580050670</isbn>
<isbn13>9781580050678</isbn13>
<average_rating>4.10</average_rating>
<ratings_count>2397</ratings_count>
<publication_year></publication_year>
<publication_month></publication_month>
<publication_day></publication_day>
<authors>
<author>
<id>1271021</id>
<name>Daisy Hernandez</name>
<link><![CDATA[https://www.goodreads.com/author/show/1271021.Daisy_Hernandez]]></link>
</author>
</authors>
</book>

          <book>
<id>622683</id>
<title>Promiscuities</title>
<title_without_series>Promiscuities</title_without_series>
<link><![CDATA[https://www.goodreads.com/book/show/622683.Promiscuities]]></link>
<small_image_url><![CDATA[https://images.gr-assets.com/books/1374332328s/622683.jpg]]></small_image_url>
<image_url><![CDATA[https://images.gr-assets.com/books/1374332328m/622683.jpg]]></image_url>
<num_pages>318</num_pages>
<work>
<id>1909603</id>
</work>
<isbn>0449907643</isbn>
<isbn13>9780449907641</isbn13>
<average_rating>3.74</average_rating>
<ratings_count>1520</ratings_count>
<publication_year>1998</publication_year>
<publication_month>7</publication_month>
<publication_day>21</publication_day>
<authors>
<author>
<id>22393</id>
<name>Naomi Wolf</name>
<link><![CDATA[https://www.goodreads.com/author/show/22393.Naomi_Wolf]]></link>
</author>
</authors>
</book>

          <book>
<id>340704</id>
<title><![CDATA[How the Pro-Choice Movement Saved America: Freedom, Politics, and the War on Sex]]></title>
<title_without_series><![CDATA[How the Pro-Choice Movement Saved America: Freedom, Politics, and the War on Sex]]></title_without_series>
<link><![CDATA[https://www.goodreads.com/book/show/340704.How_the_Pro_Choice_Movement_Saved_America]]></link>
<small_image_url><![CDATA[https://s.gr-assets.com/assets/nophoto/book/50x75-a91bf249278a81aabab721ef782c4a74.png]]></small_image_url>
<image_url><![CDATA[https://s.gr-assets.com/assets/nophoto/book/111x148-bcc042a9c91a29c1d680899eff700a03.png]]></image_url>
<num_pages>256</num_pages>
<work>
<id>331088</id>
</work>
<isbn>0465054900</isbn>
<isbn13>9780465054909</isbn13>
<average_rating>3.99</average_rating>
<ratings_count>763</ratings_count>
<publication_year>2006</publication_year>
<publication_month>12</publication_month>
<publication_day>26</publication_day>
<authors>
<author>
<id>168179</id>
<name>Cristina Page</name>
<link><![CDATA[https://www.goodreads.com/author/show/168179.Cristina_Page]]></link>
</author>
</authors>
</book>

          <book>
<id>86489</id>
<title><![CDATA[To Be Real: Telling the Truth and Changing the Face of Feminism]]></title>
<title_without_series><![CDATA[To Be Real: Telling the Truth and Changing the Face of Feminism]]></title_without_series>
<link><![CDATA[https://www.goodreads.com/book/show/86489.To_Be_Real]]></link>
<small_image_url><![CDATA[https://images.gr-assets.com/books/1403183396s/86489.jpg]]></small_image_url>
<image_url><![CDATA[https://images.gr-assets.com/books/1403183396m/86489.jpg]]></image_url>
<num_pages>336</num_pages>
<work>
<id>83472</id>
</work>
<isbn>0385472625</isbn>
<isbn13>9780385472623</isbn13>
<average_rating>3.81</average_rating>
<ratings_count>609</ratings_count>
<publication_year>1995</publication_year>
<publication_month>10</publication_month>
<publication_day>1</publication_day>
<authors>
<author>
<id>49532</id>
<name>Rebecca Walker</name>
<link><![CDATA[https://www.goodreads.com/author/show/49532.Rebecca_Walker]]></link>
</author>
</authors>
</book>

  </similar_books>
</book>

</GoodreadsResponse>