<?xml version="1.0" encoding="UTF-8"?>
<GoodreadsResponse>
  <Request>
    <authentication>true</authentication>
      <key><![CDATA[all_men_must_serve]]></key>
    <method><![CDATA[book_show]]></method>
  </Request>
  <book>
  <id>10507293</id>
  <title><![CDATA[The Selection (The Selection, #1)]]></title>
  <isbn><![CDATA[0062059939]]></isbn>
  <isbn13><![CDATA[9780062059932]]></isbn13>
  <asin><![CDATA[]]></asin>
  <kindle_asin><![CDATA[B006KWAKDE]]></kindle_asin>
  <marketplace_id><![CDATA[A1F83G8C2ARO7P]]></marketplace_id>
  <country_code><![CDATA[GB]]></country_code>
  <image_url>https://images.gr-assets.com/books/1322103400m/10507293.jpg</image_url>
  <small_image_url>https://images.gr-assets.com/books/1322103400s/10507293.jpg</small_image_url>
  <publication_year>2012</publication_year>
  <publication_month>4</publication_month>
  <publication_day>24</publication_day>
  <publisher>HarperTeen</publisher>
  <language_code>en-US</language_code>
  <is_ebook>false</is_ebook>
  <description><![CDATA[For thirty-five girls, the Selection is the chance of a lifetime. The opportunity to escape the life laid out for them since birth. To be swept up in a world of glittering gowns and priceless jewels. To live in a palace and compete for the heart of gorgeous Prince Maxon.<br /><br />But for America Singer, being Selected is a nightmare. It means turning her back on her secret love with Aspen, who is a caste below her. Leaving her home to enter a fierce competition for a crown she doesn't want. Living in a palace that is constantly threatened by violent rebel attacks.<br /><br />Then America meets Prince Maxon. Gradually, she starts to question all the plans she's made for herself—and realizes that the life she's always dreamed of may not compare to a future she never imagined.]]></description>
  <work>
  <id type="integer">15413183</id>
  <books_count type="integer">93</books_count>
  <best_book_id type="integer">10507293</best_book_id>
  <reviews_count type="integer">925196</reviews_count>
  <ratings_sum type="integer">2241519</ratings_sum>
  <ratings_count type="integer">539957</ratings_count>
  <text_reviews_count type="integer">35714</text_reviews_count>
  <original_publication_year type="integer">2012</original_publication_year>
  <original_publication_month type="integer">4</original_publication_month>
  <original_publication_day type="integer">24</original_publication_day>
  <original_title>The Selection</original_title>
  <original_language_id type="integer" nil="true"/>
  <media_type>book</media_type>
  <rating_dist>5:257941|4:158907|3:83837|2:25403|1:13869|total:539957</rating_dist>
  <desc_user_id type="integer">4736859</desc_user_id>
  <default_chaptering_book_id type="integer" nil="true"/>
  <default_description_language_code nil="true"/>
</work>
  <average_rating>4.15</average_rating>
  <num_pages><![CDATA[336]]></num_pages>
  <format><![CDATA[]]></format>
  <edition_information><![CDATA[]]></edition_information>
  <ratings_count><![CDATA[506159]]></ratings_count>
  <text_reviews_count><![CDATA[30949]]></text_reviews_count>
  <url><![CDATA[https://www.goodreads.com/book/show/10507293-the-selection]]></url>
  <link><![CDATA[https://www.goodreads.com/book/show/10507293-the-selection]]></link>
  <authors>
<author>
<id>2987125</id>
<name>Kiera Cass</name>
<role></role>
<image_url nophoto='false'>
<![CDATA[https://images.gr-assets.com/authors/1318605410p5/2987125.jpg]]>
</image_url>
<small_image_url nophoto='false'>
<![CDATA[https://images.gr-assets.com/authors/1318605410p2/2987125.jpg]]>
</small_image_url>
<link><![CDATA[https://www.goodreads.com/author/show/2987125.Kiera_Cass]]></link>
<average_rating>4.06</average_rating>
<ratings_count>1467949</ratings_count>
<text_reviews_count>120532</text_reviews_count>
</author>
</authors>

    <reviews_widget>
      <![CDATA[
        <style>
  #goodreads-widget {
    font-family: georgia, serif;
    padding: 18px 0;
    width:565px;
  }
  #goodreads-widget h1 {
    font-weight:normal;
    font-size: 16px;
    border-bottom: 1px solid #BBB596;
    margin-bottom: 0;
  }
  #goodreads-widget a {
    text-decoration: none;
    color:#660;
  }
  iframe{
    background-color: #fff;
  }
  #goodreads-widget a:hover { text-decoration: underline; }
  #goodreads-widget a:active {
    color:#660;
  }
  #gr_footer {
    width: 100%;
    border-top: 1px solid #BBB596;
    text-align: right;
  }
  #goodreads-widget .gr_branding{
    color: #382110;
    font-size: 11px;
    text-decoration: none;
    font-family: "Helvetica Neue", Helvetica, Arial, sans-serif;
  }
</style>
<div id="goodreads-widget">
  <div id="gr_header"><h1><a rel="nofollow" href="https://www.goodreads.com/book/show/10507293-the-selection">The Selection Reviews</a></h1></div>
  <iframe id="the_iframe" src="https://www.goodreads.com/api/reviews_widget_iframe?did=DEVELOPER_ID&amp;format=html&amp;isbn=0062059939&amp;links=660&amp;min_rating=&amp;review_back=fff&amp;stars=000&amp;text=000" width="565" height="400" frameborder="0"></iframe>
  <div id="gr_footer">
    <a class="gr_branding" target="_blank" rel="nofollow" href="https://www.goodreads.com/book/show/10507293-the-selection?utm_medium=api&amp;utm_source=reviews_widget">Reviews from Goodreads.com</a>
  </div>
</div>

      ]]>
    </reviews_widget>
  <popular_shelves>
      <shelf name="to-read" count="47005"/>
      <shelf name="favorites" count="8956"/>
      <shelf name="young-adult" count="5878"/>
      <shelf name="romance" count="4161"/>
      <shelf name="dystopian" count="4129"/>
      <shelf name="dystopia" count="2731"/>
      <shelf name="books-i-own" count="1909"/>
      <shelf name="fantasy" count="1745"/>
      <shelf name="series" count="1367"/>
      <shelf name="currently-reading" count="1354"/>
      <shelf name="fiction" count="1007"/>
      <shelf name="favourites" count="604"/>
      <shelf name="ya" count="598"/>
      <shelf name="science-fiction" count="548"/>
      <shelf name="owned-books" count="522"/>
      <shelf name="the-selection" count="507"/>
      <shelf name="read-in-2014" count="503"/>
      <shelf name="love-triangle" count="475"/>
      <shelf name="read-in-2015" count="463"/>
      <shelf name="kindle" count="436"/>
      <shelf name="teen" count="406"/>
      <shelf name="to-buy" count="396"/>
      <shelf name="library" count="390"/>
      <shelf name="ebook" count="366"/>
      <shelf name="read-in-2013" count="349"/>
      <shelf name="audiobook" count="314"/>
      <shelf name="my-books" count="311"/>
      <shelf name="royalty" count="310"/>
      <shelf name="sci-fi" count="307"/>
      <shelf name="read-in-2016" count="306"/>
      <shelf name="ebooks" count="287"/>
      <shelf name="séries" count="272"/>
      <shelf name="favorite-books" count="272"/>
      <shelf name="ya-fiction" count="263"/>
      <shelf name="audiobooks" count="248"/>
      <shelf name="favorite" count="244"/>
      <shelf name="i-own" count="224"/>
      <shelf name="read-in-2012" count="221"/>
      <shelf name="read-2014" count="214"/>
      <shelf name="5-stars" count="211"/>
      <shelf name="cover-love" count="210"/>
      <shelf name="love" count="198"/>
      <shelf name="read-2015" count="191"/>
      <shelf name="ya-dystopian" count="191"/>
      <shelf name="reviewed" count="190"/>
      <shelf name="owned" count="186"/>
      <shelf name="audio" count="185"/>
      <shelf name="e-book" count="179"/>
      <shelf name="dnf" count="169"/>
      <shelf name="young-adult-fiction" count="167"/>
      <shelf name="ya-books" count="165"/>
      <shelf name="ya-romance" count="163"/>
      <shelf name="ya-fantasy" count="162"/>
      <shelf name="beautiful-covers" count="156"/>
      <shelf name="2014-reads" count="152"/>
      <shelf name="4-stars" count="150"/>
      <shelf name="futuristic" count="149"/>
      <shelf name="read-2013" count="144"/>
      <shelf name="favorite-series" count="143"/>
      <shelf name="2015-reads" count="140"/>
      <shelf name="book-boyfriends" count="139"/>
      <shelf name="all-time-favorites" count="138"/>
      <shelf name="books" count="137"/>
      <shelf name="maybe" count="136"/>
      <shelf name="faves" count="135"/>
      <shelf name="read-in-english" count="133"/>
      <shelf name="book-club" count="130"/>
      <shelf name="ya-lit" count="129"/>
      <shelf name="the-selection-series" count="127"/>
      <shelf name="on-my-shelf" count="125"/>
      <shelf name="read-in-2017" count="124"/>
      <shelf name="favs" count="122"/>
      <shelf name="finished" count="117"/>
      <shelf name="ya-dystopia" count="117"/>
      <shelf name="post-apocalyptic" count="117"/>
      <shelf name="my-favorites" count="115"/>
      <shelf name="future" count="115"/>
      <shelf name="3-stars" count="114"/>
      <shelf name="e-books" count="114"/>
      <shelf name="2013-reads" count="113"/>
      <shelf name="meh" count="109"/>
      <shelf name="love-triangles" count="108"/>
      <shelf name="first-in-series" count="107"/>
      <shelf name="books-i-have" count="106"/>
      <shelf name="loved" count="106"/>
      <shelf name="my-bookshelf" count="106"/>
      <shelf name="teen-fiction" count="105"/>
      <shelf name="completed-series" count="103"/>
      <shelf name="own-it" count="103"/>
      <shelf name="want-to-read" count="103"/>
      <shelf name="tbr" count="103"/>
      <shelf name="english" count="103"/>
      <shelf name="distopian" count="99"/>
      <shelf name="audio-book" count="98"/>
      <shelf name="2015-reading-challenge" count="97"/>
      <shelf name="reread" count="97"/>
      <shelf name="selection" count="97"/>
      <shelf name="have" count="97"/>
      <shelf name="finished-series" count="96"/>
      <shelf name="did-not-finish" count="96"/>
  </popular_shelves>
  <book_links>
    <book_link>
  <id>8</id>
  <name>Libraries</name>
  <link>https://www.goodreads.com/book_link/follow/8</link>
</book_link>

  </book_links>
  <buy_links>
    <buy_link>
<id>1</id>
<name>Amazon</name>
<link>https://www.goodreads.com/book_link/follow/1</link>
</buy_link>
<buy_link>
<id>10</id>
<name>Audible</name>
<link>https://www.goodreads.com/book_link/follow/10</link>
</buy_link>
<buy_link>
<id>3</id>
<name>Barnes &amp; Noble</name>
<link>https://www.goodreads.com/book_link/follow/3</link>
</buy_link>
<buy_link>
<id>1027</id>
<name>Kobo</name>
<link>https://www.goodreads.com/book_link/follow/1027</link>
</buy_link>
<buy_link>
<id>2102</id>
<name>Apple iBooks</name>
<link>https://www.goodreads.com/book_link/follow/2102</link>
</buy_link>
<buy_link>
<id>8036</id>
<name>Google Play</name>
<link>https://www.goodreads.com/book_link/follow/8036</link>
</buy_link>
<buy_link>
<id>4</id>
<name>Abebooks</name>
<link>https://www.goodreads.com/book_link/follow/4</link>
</buy_link>
<buy_link>
<id>882</id>
<name>Book Depository</name>
<link>https://www.goodreads.com/book_link/follow/882</link>
</buy_link>
<buy_link>
<id>9</id>
<name>Indigo</name>
<link>https://www.goodreads.com/book_link/follow/9</link>
</buy_link>
<buy_link>
<id>2</id>
<name>Half.com</name>
<link>https://www.goodreads.com/book_link/follow/2</link>
</buy_link>
<buy_link>
<id>5</id>
<name>Alibris</name>
<link>https://www.goodreads.com/book_link/follow/5</link>
</buy_link>
<buy_link>
<id>107</id>
<name>Better World Books</name>
<link>https://www.goodreads.com/book_link/follow/107</link>
</buy_link>
<buy_link>
<id>7</id>
<name>IndieBound</name>
<link>https://www.goodreads.com/book_link/follow/7</link>
</buy_link>

  </buy_links>
  <series_works>
    <series_work>
<id>489909</id>
<user_position>1</user_position>
<series>
<id>57517</id>
<title>
<![CDATA[
    The Selection
]]>
</title>
<description>
<![CDATA[
    Also known as:
    - Izbira [Slovenian]
    - Rywalki [Poland]
    - La Sélection [France]
    - A Seleção [Portugal]
    - La Selección [Spain]
    - A Párválasztó [Hungarian]
]]>
</description>
<note>
<![CDATA[
]]>
</note>
<series_works_count>19</series_works_count>
<primary_work_count>5</primary_work_count>
<numbered>true</numbered>
</series>

</series_work>

  </series_works>
  <similar_books>
          <book>
<id>12924253</id>
<title>Once (Eve, #2)</title>
<title_without_series>Once</title_without_series>
<link><![CDATA[https://www.goodreads.com/book/show/12924253-once]]></link>
<small_image_url><![CDATA[https://images.gr-assets.com/books/1321127130s/12924253.jpg]]></small_image_url>
<image_url><![CDATA[https://images.gr-assets.com/books/1321127130m/12924253.jpg]]></image_url>
<num_pages>354</num_pages>
<work>
<id>18079694</id>
</work>
<isbn>0062048546</isbn>
<isbn13>9780062048547</isbn13>
<average_rating>3.90</average_rating>
<ratings_count>16386</ratings_count>
<publication_year>2012</publication_year>
<publication_month>7</publication_month>
<publication_day>3</publication_day>
<authors>
<author>
<id>1792350</id>
<name>Anna Carey</name>
<link><![CDATA[https://www.goodreads.com/author/show/1792350.Anna_Carey]]></link>
</author>
</authors>
</book>

          <book>
<id>11112619</id>
<title><![CDATA[Fever (The Chemical Garden, #2)]]></title>
<title_without_series>Fever</title_without_series>
<link><![CDATA[https://www.goodreads.com/book/show/11112619-fever]]></link>
<small_image_url><![CDATA[https://images.gr-assets.com/books/1324955449s/11112619.jpg]]></small_image_url>
<image_url><![CDATA[https://images.gr-assets.com/books/1324955449m/11112619.jpg]]></image_url>
<num_pages>341</num_pages>
<work>
<id>16035084</id>
</work>
<isbn>144240907X</isbn>
<isbn13>9781442409071</isbn13>
<average_rating>3.79</average_rating>
<ratings_count>39016</ratings_count>
<publication_year>2012</publication_year>
<publication_month>2</publication_month>
<publication_day>21</publication_day>
<authors>
<author>
<id>4103366</id>
<name>Lauren DeStefano</name>
<link><![CDATA[https://www.goodreads.com/author/show/4103366.Lauren_DeStefano]]></link>
</author>
</authors>
</book>

          <book>
<id>13104080</id>
<title>Unravel Me (Shatter Me, #2)</title>
<title_without_series>Unravel Me</title_without_series>
<link><![CDATA[https://www.goodreads.com/book/show/13104080-unravel-me]]></link>
<small_image_url><![CDATA[https://images.gr-assets.com/books/1340287622s/13104080.jpg]]></small_image_url>
<image_url><![CDATA[https://images.gr-assets.com/books/1340287622m/13104080.jpg]]></image_url>
<num_pages>461</num_pages>
<work>
<id>18276967</id>
</work>
<isbn>0062085530</isbn>
<isbn13>9780062085535</isbn13>
<average_rating>4.28</average_rating>
<ratings_count>116976</ratings_count>
<publication_year>2013</publication_year>
<publication_month>2</publication_month>
<publication_day>5</publication_day>
<authors>
<author>
<id>4637539</id>
<name>Tahereh Mafi</name>
<link><![CDATA[https://www.goodreads.com/author/show/4637539.Tahereh_Mafi]]></link>
</author>
</authors>
</book>

          <book>
<id>6056287</id>
<title>Allegiance (Legacy, #2)</title>
<title_without_series>Allegiance</title_without_series>
<link><![CDATA[https://www.goodreads.com/book/show/6056287-allegiance]]></link>
<small_image_url><![CDATA[https://images.gr-assets.com/books/1314413942s/6056287.jpg]]></small_image_url>
<image_url><![CDATA[https://images.gr-assets.com/books/1314413942m/6056287.jpg]]></image_url>
<num_pages>494</num_pages>
<work>
<id>6232304</id>
</work>
<isbn>0373210434</isbn>
<isbn13>9780373210435</isbn13>
<average_rating>3.98</average_rating>
<ratings_count>3392</ratings_count>
<publication_year>2012</publication_year>
<publication_month>2</publication_month>
<publication_day>28</publication_day>
<authors>
<author>
<id>1248068</id>
<name>Cayla Kluver</name>
<link><![CDATA[https://www.goodreads.com/author/show/1248068.Cayla_Kluver]]></link>
</author>
</authors>
</book>

          <book>
<id>11706625</id>
<title>Truth (XVI, #2)</title>
<title_without_series>Truth</title_without_series>
<link><![CDATA[https://www.goodreads.com/book/show/11706625-truth]]></link>
<small_image_url><![CDATA[https://images.gr-assets.com/books/1327954411s/11706625.jpg]]></small_image_url>
<image_url><![CDATA[https://images.gr-assets.com/books/1327954411m/11706625.jpg]]></image_url>
<num_pages>299</num_pages>
<work>
<id>15751878</id>
</work>
<isbn>0142417726</isbn>
<isbn13>9780142417720</isbn13>
<average_rating>3.72</average_rating>
<ratings_count>1587</ratings_count>
<publication_year>2012</publication_year>
<publication_month>1</publication_month>
<publication_day>19</publication_day>
<authors>
<author>
<id>3100203</id>
<name>Julia Karr</name>
<link><![CDATA[https://www.goodreads.com/author/show/3100203.Julia_Karr]]></link>
</author>
</authors>
</book>

          <book>
<id>9554790</id>
<title><![CDATA[The Other Life (The Other Life, #1)]]></title>
<title_without_series>The Other Life</title_without_series>
<link><![CDATA[https://www.goodreads.com/book/show/9554790-the-other-life]]></link>
<small_image_url><![CDATA[https://images.gr-assets.com/books/1312798029s/9554790.jpg]]></small_image_url>
<image_url><![CDATA[https://images.gr-assets.com/books/1312798029m/9554790.jpg]]></image_url>
<num_pages>315</num_pages>
<work>
<id>14441337</id>
</work>
<isbn>1409536084</isbn>
<isbn13>9781409536086</isbn13>
<average_rating>3.66</average_rating>
<ratings_count>2728</ratings_count>
<publication_year>2012</publication_year>
<publication_month>2</publication_month>
<publication_day>1</publication_day>
<authors>
<author>
<id>91168</id>
<name>Susanne Winnacker</name>
<link><![CDATA[https://www.goodreads.com/author/show/91168.Susanne_Winnacker]]></link>
</author>
</authors>
</book>

          <book>
<id>10193062</id>
<title>Outpost (Razorland, #2)</title>
<title_without_series>Outpost</title_without_series>
<link><![CDATA[https://www.goodreads.com/book/show/10193062-outpost]]></link>
<small_image_url><![CDATA[https://images.gr-assets.com/books/1343084394s/10193062.jpg]]></small_image_url>
<image_url><![CDATA[https://images.gr-assets.com/books/1343084394m/10193062.jpg]]></image_url>
<num_pages>317</num_pages>
<work>
<id>15092213</id>
</work>
<isbn>0312650094</isbn>
<isbn13>9780312650094</isbn13>
<average_rating>4.12</average_rating>
<ratings_count>27506</ratings_count>
<publication_year>2012</publication_year>
<publication_month>9</publication_month>
<publication_day>4</publication_day>
<authors>
<author>
<id>835348</id>
<name>Ann Aguirre</name>
<link><![CDATA[https://www.goodreads.com/author/show/835348.Ann_Aguirre]]></link>
</author>
</authors>
</book>

          <book>
<id>12908877</id>
<title>Until I Die (Revenants, #2)</title>
<title_without_series>Until I Die</title_without_series>
<link><![CDATA[https://www.goodreads.com/book/show/12908877-until-i-die]]></link>
<small_image_url><![CDATA[https://images.gr-assets.com/books/1335240840s/12908877.jpg]]></small_image_url>
<image_url><![CDATA[https://images.gr-assets.com/books/1335240840m/12908877.jpg]]></image_url>
<num_pages>353</num_pages>
<work>
<id>14612013</id>
</work>
<isbn>0062004042</isbn>
<isbn13>9780062004048</isbn13>
<average_rating>4.17</average_rating>
<ratings_count>25375</ratings_count>
<publication_year>2012</publication_year>
<publication_month>5</publication_month>
<publication_day>8</publication_day>
<authors>
<author>
<id>3353516</id>
<name>Amy Plum</name>
<link><![CDATA[https://www.goodreads.com/author/show/3353516.Amy_Plum]]></link>
</author>
</authors>
</book>

          <book>
<id>12367267</id>
<title>The Glimpse (The Glimpse, #1)</title>
<title_without_series>The Glimpse</title_without_series>
<link><![CDATA[https://www.goodreads.com/book/show/12367267-the-glimpse]]></link>
<small_image_url><![CDATA[https://images.gr-assets.com/books/1331650611s/12367267.jpg]]></small_image_url>
<image_url><![CDATA[https://images.gr-assets.com/books/1331650611m/12367267.jpg]]></image_url>
<num_pages>411</num_pages>
<work>
<id>17347490</id>
</work>
<isbn>0571280536</isbn>
<isbn13>9780571280537</isbn13>
<average_rating>3.49</average_rating>
<ratings_count>2030</ratings_count>
<publication_year>2012</publication_year>
<publication_month>6</publication_month>
<publication_day>7</publication_day>
<authors>
<author>
<id>5130544</id>
<name>Claire Merle</name>
<link><![CDATA[https://www.goodreads.com/author/show/5130544.Claire_Merle]]></link>
</author>
</authors>
</book>

          <book>
<id>10637748</id>
<title>The Pledge (The Pledge, #1)</title>
<title_without_series>The Pledge</title_without_series>
<link><![CDATA[https://www.goodreads.com/book/show/10637748-the-pledge]]></link>
<small_image_url><![CDATA[https://images.gr-assets.com/books/1327878861s/10637748.jpg]]></small_image_url>
<image_url><![CDATA[https://images.gr-assets.com/books/1327878861m/10637748.jpg]]></image_url>
<num_pages>323</num_pages>
<work>
<id>15367524</id>
</work>
<isbn>1442422017</isbn>
<isbn13>9781442422018</isbn13>
<average_rating>3.80</average_rating>
<ratings_count>26656</ratings_count>
<publication_year>2011</publication_year>
<publication_month>11</publication_month>
<publication_day>15</publication_day>
<authors>
<author>
<id>2755160</id>
<name>Kimberly Derting</name>
<link><![CDATA[https://www.goodreads.com/author/show/2755160.Kimberly_Derting]]></link>
</author>
</authors>
</book>

          <book>
<id>9659607</id>
<title><![CDATA[The Iron Knight (The Iron Fey, #4)]]></title>
<title_without_series>The Iron Knight</title_without_series>
<link><![CDATA[https://www.goodreads.com/book/show/9659607-the-iron-knight]]></link>
<small_image_url><![CDATA[https://images.gr-assets.com/books/1375920888s/9659607.jpg]]></small_image_url>
<image_url><![CDATA[https://images.gr-assets.com/books/1375920888m/9659607.jpg]]></image_url>
<num_pages>400</num_pages>
<work>
<id>14547221</id>
</work>
<isbn>0373210361</isbn>
<isbn13>9780373210367</isbn13>
<average_rating>4.23</average_rating>
<ratings_count>66353</ratings_count>
<publication_year>2011</publication_year>
<publication_month>10</publication_month>
<publication_day>26</publication_day>
<authors>
<author>
<id>2995873</id>
<name>Julie Kagawa</name>
<link><![CDATA[https://www.goodreads.com/author/show/2995873.Julie_Kagawa]]></link>
</author>
</authors>
</book>

          <book>
<id>12146993</id>
<title>The Vanishing</title>
<title_without_series>The Vanishing</title_without_series>
<link><![CDATA[https://www.goodreads.com/book/show/12146993-the-vanishing]]></link>
<small_image_url><![CDATA[https://s.gr-assets.com/assets/nophoto/book/50x75-a91bf249278a81aabab721ef782c4a74.png]]></small_image_url>
<image_url><![CDATA[https://s.gr-assets.com/assets/nophoto/book/111x148-bcc042a9c91a29c1d680899eff700a03.png]]></image_url>
<num_pages>50</num_pages>
<work>
<id>17117509</id>
</work>
<isbn></isbn>
<isbn13></isbn13>
<average_rating>2.70</average_rating>
<ratings_count>66</ratings_count>
<publication_year></publication_year>
<publication_month></publication_month>
<publication_day></publication_day>
<authors>
<author>
<id>4902841</id>
<name>Melissa Douthit</name>
<link><![CDATA[https://www.goodreads.com/author/show/4902841.Melissa_Douthit]]></link>
</author>
</authors>
</book>

          <book>
<id>20759641</id>
<title><![CDATA[Endless Knight (The Arcana Chronicles, #2)]]></title>
<title_without_series>Endless Knight</title_without_series>
<link><![CDATA[https://www.goodreads.com/book/show/20759641-endless-knight]]></link>
<small_image_url><![CDATA[https://images.gr-assets.com/books/1394990510s/20759641.jpg]]></small_image_url>
<image_url><![CDATA[https://images.gr-assets.com/books/1394990510m/20759641.jpg]]></image_url>
<num_pages>320</num_pages>
<work>
<id>22024655</id>
</work>
<isbn>1442436689</isbn>
<isbn13>9781442436688</isbn13>
<average_rating>4.39</average_rating>
<ratings_count>18074</ratings_count>
<publication_year>2014</publication_year>
<publication_month>9</publication_month>
<publication_day>2</publication_day>
<authors>
<author>
<id>4428</id>
<name>Kresley Cole</name>
<link><![CDATA[https://www.goodreads.com/author/show/4428.Kresley_Cole]]></link>
</author>
</authors>
</book>

          <book>
<id>15513156</id>
<title><![CDATA[Of Triton (The Syrena Legacy, #2)]]></title>
<title_without_series>Of Triton</title_without_series>
<link><![CDATA[https://www.goodreads.com/book/show/15513156-of-triton]]></link>
<small_image_url><![CDATA[https://images.gr-assets.com/books/1355733528s/15513156.jpg]]></small_image_url>
<image_url><![CDATA[https://images.gr-assets.com/books/1355733528m/15513156.jpg]]></image_url>
<num_pages>246</num_pages>
<work>
<id>21169646</id>
</work>
<isbn>1250003334</isbn>
<isbn13>9781250003331</isbn13>
<average_rating>4.00</average_rating>
<ratings_count>20379</ratings_count>
<publication_year>2013</publication_year>
<publication_month>5</publication_month>
<publication_day>28</publication_day>
<authors>
<author>
<id>504038</id>
<name>Anna Banks</name>
<link><![CDATA[https://www.goodreads.com/author/show/504038.Anna_Banks]]></link>
</author>
</authors>
</book>

          <book>
<id>12663646</id>
<title>Hana (Delirium, #1.5)</title>
<title_without_series>Hana</title_without_series>
<link><![CDATA[https://www.goodreads.com/book/show/12663646-hana]]></link>
<small_image_url><![CDATA[https://images.gr-assets.com/books/1324106918s/12663646.jpg]]></small_image_url>
<image_url><![CDATA[https://images.gr-assets.com/books/1324106918m/12663646.jpg]]></image_url>
<num_pages>64</num_pages>
<work>
<id>17778132</id>
</work>
<isbn>0062124366</isbn>
<isbn13>9780062124364</isbn13>
<average_rating>3.63</average_rating>
<ratings_count>21361</ratings_count>
<publication_year>2012</publication_year>
<publication_month>2</publication_month>
<publication_day>28</publication_day>
<authors>
<author>
<id>2936493</id>
<name>Lauren Oliver</name>
<link><![CDATA[https://www.goodreads.com/author/show/2936493.Lauren_Oliver]]></link>
</author>
</authors>
</book>

          <book>
<id>12677913</id>
<title><![CDATA[Tiger's Destiny (The Tiger Saga, #4)]]></title>
<title_without_series>Tiger&apos;s Destiny</title_without_series>
<link><![CDATA[https://www.goodreads.com/book/show/12677913-tiger-s-destiny]]></link>
<small_image_url><![CDATA[https://images.gr-assets.com/books/1340738756s/12677913.jpg]]></small_image_url>
<image_url><![CDATA[https://images.gr-assets.com/books/1340738756m/12677913.jpg]]></image_url>
<num_pages></num_pages>
<work>
<id>16766265</id>
</work>
<isbn>1402798431</isbn>
<isbn13>9781402798436</isbn13>
<average_rating>4.41</average_rating>
<ratings_count>19397</ratings_count>
<publication_year>2012</publication_year>
<publication_month>9</publication_month>
<publication_day>4</publication_day>
<authors>
<author>
<id>3097905</id>
<name>Colleen Houck</name>
<link><![CDATA[https://www.goodreads.com/author/show/3097905.Colleen_Houck]]></link>
</author>
</authors>
</book>

          <book>
<id>10345927</id>
<title><![CDATA[A Million Suns (Across the Universe, #2)]]></title>
<title_without_series>A Million Suns</title_without_series>
<link><![CDATA[https://www.goodreads.com/book/show/10345927-a-million-suns]]></link>
<small_image_url><![CDATA[https://images.gr-assets.com/books/1330214586s/10345927.jpg]]></small_image_url>
<image_url><![CDATA[https://images.gr-assets.com/books/1330214586m/10345927.jpg]]></image_url>
<num_pages>386</num_pages>
<work>
<id>15248718</id>
</work>
<isbn>159514398X</isbn>
<isbn13>9781595143983</isbn13>
<average_rating>4.04</average_rating>
<ratings_count>45498</ratings_count>
<publication_year>2012</publication_year>
<publication_month>1</publication_month>
<publication_day>10</publication_day>
<authors>
<author>
<id>4018722</id>
<name>Beth Revis</name>
<link><![CDATA[https://www.goodreads.com/author/show/4018722.Beth_Revis]]></link>
</author>
</authors>
</book>

          <book>
<id>11594257</id>
<title><![CDATA[Under the Never Sky (Under the Never Sky, #1)]]></title>
<title_without_series>Under the Never Sky</title_without_series>
<link><![CDATA[https://www.goodreads.com/book/show/11594257-under-the-never-sky]]></link>
<small_image_url><![CDATA[https://images.gr-assets.com/books/1356591725s/11594257.jpg]]></small_image_url>
<image_url><![CDATA[https://images.gr-assets.com/books/1356591725m/11594257.jpg]]></image_url>
<num_pages>374</num_pages>
<work>
<id>15093785</id>
</work>
<isbn>1907411054</isbn>
<isbn13>9781907411052</isbn13>
<average_rating>4.01</average_rating>
<ratings_count>94375</ratings_count>
<publication_year>2012</publication_year>
<publication_month>2</publication_month>
<publication_day>7</publication_day>
<authors>
<author>
<id>4637369</id>
<name>Veronica Rossi</name>
<link><![CDATA[https://www.goodreads.com/author/show/4637369.Veronica_Rossi]]></link>
</author>
</authors>
</book>

  </similar_books>
</book>

</GoodreadsResponse>