<?xml version="1.0" encoding="UTF-8"?>
<GoodreadsResponse>
  <Request>
    <authentication>true</authentication>
      <key><![CDATA[all_men_must_serve]]></key>
    <method><![CDATA[book_show]]></method>
  </Request>
  <book>
  <id>10503124</id>
  <title><![CDATA[The Jefferson Key (Cotton Malone, #7)]]></title>
  <isbn><![CDATA[0345505514]]></isbn>
  <isbn13><![CDATA[9780345505514]]></isbn13>
  <asin><![CDATA[]]></asin>
  <kindle_asin><![CDATA[B00550NYEO]]></kindle_asin>
  <marketplace_id><![CDATA[A1F83G8C2ARO7P]]></marketplace_id>
  <country_code><![CDATA[GB]]></country_code>
  <image_url>https://s.gr-assets.com/assets/nophoto/book/111x148-bcc042a9c91a29c1d680899eff700a03.png</image_url>
  <small_image_url>https://s.gr-assets.com/assets/nophoto/book/50x75-a91bf249278a81aabab721ef782c4a74.png</small_image_url>
  <publication_year>2011</publication_year>
  <publication_month>5</publication_month>
  <publication_day>17</publication_day>
  <publisher>Ballantine Books</publisher>
  <language_code>en-US</language_code>
  <is_ebook>false</is_ebook>
  <description><![CDATA[Four United States presidents have been assassinated -- in 1865, 1881, 1901, and 1963 -- each murder seemingly unrelated and separated by time.<p>But what if those presidents were all killed for the same reason: a clause in the United States Constitution -- contained within Article 1, Section 8 -- that would shock Americans?</p><p>This question is what faces former Justice Department operative Cotton Malone in his latest adventure. When a bold assassination attempt is made against President Danny Daniels in the heart of Manhattan, Malone risks his life to foil the killing -- only to find himself at dangerous odds with the Commonwealth, a secret society of pirates first assembled during the American Revolution. In their most perilous exploit yet, Malone and Cassiopeia Vitt race across the nation and take to the high seas. Along the way they break a secret cipher originally possessed by Thomas Jefferson, unravel a mystery concocted by Andrew Jackson, and unearth a centuries-old document forged by the Founding Fathers themselves, one powerful enough -- thanks to that clause in the Constitution -- to make the Commonwealth unstoppable.</p>]]></description>
  <work>
  <id type="integer">15408919</id>
  <books_count type="integer">48</books_count>
  <best_book_id type="integer">10503124</best_book_id>
  <reviews_count type="integer">24308</reviews_count>
  <ratings_sum type="integer">60430</ratings_sum>
  <ratings_count type="integer">15580</ratings_count>
  <text_reviews_count type="integer">1138</text_reviews_count>
  <original_publication_year type="integer">2011</original_publication_year>
  <original_publication_month type="integer">5</original_publication_month>
  <original_publication_day type="integer">17</original_publication_day>
  <original_title>The Jefferson Key</original_title>
  <original_language_id type="integer" nil="true"/>
  <media_type>book</media_type>
  <rating_dist>5:4336|4:6251|3:3967|2:819|1:207|total:15580</rating_dist>
  <desc_user_id type="integer">27032447</desc_user_id>
  <default_chaptering_book_id type="integer" nil="true"/>
  <default_description_language_code nil="true"/>
</work>
  <average_rating>3.88</average_rating>
  <num_pages><![CDATA[456]]></num_pages>
  <format><![CDATA[Hardcover]]></format>
  <edition_information><![CDATA[]]></edition_information>
  <ratings_count><![CDATA[13476]]></ratings_count>
  <text_reviews_count><![CDATA[997]]></text_reviews_count>
  <url><![CDATA[https://www.goodreads.com/book/show/10503124-the-jefferson-key]]></url>
  <link><![CDATA[https://www.goodreads.com/book/show/10503124-the-jefferson-key]]></link>
  <authors>
<author>
<id>3621</id>
<name>Steve Berry</name>
<role></role>
<image_url nophoto='false'>
<![CDATA[https://images.gr-assets.com/authors/1447948635p5/3621.jpg]]>
</image_url>
<small_image_url nophoto='false'>
<![CDATA[https://images.gr-assets.com/authors/1447948635p2/3621.jpg]]>
</small_image_url>
<link><![CDATA[https://www.goodreads.com/author/show/3621.Steve_Berry]]></link>
<average_rating>3.87</average_rating>
<ratings_count>261313</ratings_count>
<text_reviews_count>15664</text_reviews_count>
</author>
</authors>

    <reviews_widget>
      <![CDATA[
        <style>
  #goodreads-widget {
    font-family: georgia, serif;
    padding: 18px 0;
    width:565px;
  }
  #goodreads-widget h1 {
    font-weight:normal;
    font-size: 16px;
    border-bottom: 1px solid #BBB596;
    margin-bottom: 0;
  }
  #goodreads-widget a {
    text-decoration: none;
    color:#660;
  }
  iframe{
    background-color: #fff;
  }
  #goodreads-widget a:hover { text-decoration: underline; }
  #goodreads-widget a:active {
    color:#660;
  }
  #gr_footer {
    width: 100%;
    border-top: 1px solid #BBB596;
    text-align: right;
  }
  #goodreads-widget .gr_branding{
    color: #382110;
    font-size: 11px;
    text-decoration: none;
    font-family: "Helvetica Neue", Helvetica, Arial, sans-serif;
  }
</style>
<div id="goodreads-widget">
  <div id="gr_header"><h1><a rel="nofollow" href="https://www.goodreads.com/book/show/10503124-the-jefferson-key">The Jefferson Key Reviews</a></h1></div>
  <iframe id="the_iframe" src="https://www.goodreads.com/api/reviews_widget_iframe?did=DEVELOPER_ID&amp;format=html&amp;isbn=0345505514&amp;links=660&amp;min_rating=&amp;review_back=fff&amp;stars=000&amp;text=000" width="565" height="400" frameborder="0"></iframe>
  <div id="gr_footer">
    <a class="gr_branding" target="_blank" rel="nofollow" href="https://www.goodreads.com/book/show/10503124-the-jefferson-key?utm_medium=api&amp;utm_source=reviews_widget">Reviews from Goodreads.com</a>
  </div>
</div>

      ]]>
    </reviews_widget>
  <popular_shelves>
      <shelf name="to-read" count="842"/>
      <shelf name="thriller" count="199"/>
      <shelf name="fiction" count="182"/>
      <shelf name="steve-berry" count="161"/>
      <shelf name="mystery" count="123"/>
      <shelf name="historical-fiction" count="101"/>
      <shelf name="default" count="62"/>
      <shelf name="cotton-malone" count="61"/>
      <shelf name="adventure" count="58"/>
      <shelf name="currently-reading" count="55"/>
      <shelf name="series" count="47"/>
      <shelf name="suspense" count="45"/>
      <shelf name="thrillers" count="44"/>
      <shelf name="owned" count="42"/>
      <shelf name="mystery-thriller" count="41"/>
      <shelf name="berry-steve" count="33"/>
      <shelf name="kindle" count="32"/>
      <shelf name="cotton-malone-series" count="29"/>
      <shelf name="berry" count="27"/>
      <shelf name="audio" count="27"/>
      <shelf name="action" count="24"/>
      <shelf name="action-adventure" count="24"/>
      <shelf name="american-history" count="23"/>
      <shelf name="books-i-own" count="23"/>
      <shelf name="audiobook" count="23"/>
      <shelf name="ebooks" count="22"/>
      <shelf name="library" count="21"/>
      <shelf name="historical" count="17"/>
      <shelf name="audiobooks" count="17"/>
      <shelf name="favorites" count="16"/>
      <shelf name="history" count="16"/>
      <shelf name="crime" count="14"/>
      <shelf name="audio-books" count="13"/>
      <shelf name="read-2011" count="13"/>
      <shelf name="ebook" count="13"/>
      <shelf name="mystery-suspense" count="13"/>
      <shelf name="action-thriller" count="12"/>
      <shelf name="mysteries" count="12"/>
      <shelf name="owned-books" count="11"/>
      <shelf name="read-in-2011" count="11"/>
      <shelf name="audio-book" count="11"/>
      <shelf name="to-buy" count="11"/>
      <shelf name="audible" count="10"/>
      <shelf name="historical-thriller" count="10"/>
      <shelf name="adult-fiction" count="10"/>
      <shelf name="my-books" count="9"/>
      <shelf name="conspiracy" count="9"/>
      <shelf name="political-thriller" count="9"/>
      <shelf name="wish-list" count="9"/>
      <shelf name="cotton" count="8"/>
      <shelf name="espionage" count="8"/>
      <shelf name="have" count="7"/>
      <shelf name="read-2012" count="7"/>
      <shelf name="malone" count="7"/>
      <shelf name="read-in-2012" count="7"/>
      <shelf name="historical-mystery" count="7"/>
      <shelf name="adult" count="7"/>
      <shelf name="2011-books" count="7"/>
      <shelf name="novels" count="7"/>
      <shelf name="first-reads" count="7"/>
      <shelf name="read-in-2016" count="6"/>
      <shelf name="read-in-2013" count="6"/>
      <shelf name="pirates" count="6"/>
      <shelf name="book-club" count="6"/>
      <shelf name="e-book" count="6"/>
      <shelf name="e-books" count="6"/>
      <shelf name="thriller-suspense" count="6"/>
      <shelf name="read-in-2015" count="5"/>
      <shelf name="own-it" count="5"/>
      <shelf name="books-owned" count="5"/>
      <shelf name="abandoned" count="5"/>
      <shelf name="did-not-finish" count="5"/>
      <shelf name="nook" count="5"/>
      <shelf name="contemporary-fiction" count="5"/>
      <shelf name="calibre" count="5"/>
      <shelf name="contemporary" count="5"/>
      <shelf name="suspense-thriller" count="5"/>
      <shelf name="i-own" count="5"/>
      <shelf name="adventure-thriller" count="5"/>
      <shelf name="privateers" count="4"/>
      <shelf name="in-my-library" count="4"/>
      <shelf name="read-2013" count="4"/>
      <shelf name="books-i-have" count="4"/>
      <shelf name="steve-berry-cotton-malone" count="4"/>
      <shelf name="finished" count="4"/>
      <shelf name="mystery-crime" count="4"/>
      <shelf name="steve" count="4"/>
      <shelf name="fiction-read" count="4"/>
      <shelf name="epub" count="4"/>
      <shelf name="mystery-thrillers" count="4"/>
      <shelf name="general-fiction" count="4"/>
      <shelf name="government" count="4"/>
      <shelf name="spy-thriller" count="4"/>
      <shelf name="epubs" count="4"/>
      <shelf name="reviewed" count="4"/>
      <shelf name="thriller-mystery" count="4"/>
      <shelf name="letter-of-marque" count="3"/>
      <shelf name="shelfari-wishlist" count="3"/>
      <shelf name="overdrive" count="3"/>
      <shelf name="books-on-tape" count="3"/>
  </popular_shelves>
  <book_links>
    <book_link>
  <id>8</id>
  <name>Libraries</name>
  <link>https://www.goodreads.com/book_link/follow/8</link>
</book_link>

  </book_links>
  <buy_links>
    <buy_link>
<id>1</id>
<name>Amazon</name>
<link>https://www.goodreads.com/book_link/follow/1</link>
</buy_link>
<buy_link>
<id>10</id>
<name>Audible</name>
<link>https://www.goodreads.com/book_link/follow/10</link>
</buy_link>
<buy_link>
<id>3</id>
<name>Barnes &amp; Noble</name>
<link>https://www.goodreads.com/book_link/follow/3</link>
</buy_link>
<buy_link>
<id>1027</id>
<name>Kobo</name>
<link>https://www.goodreads.com/book_link/follow/1027</link>
</buy_link>
<buy_link>
<id>2102</id>
<name>Apple iBooks</name>
<link>https://www.goodreads.com/book_link/follow/2102</link>
</buy_link>
<buy_link>
<id>8036</id>
<name>Google Play</name>
<link>https://www.goodreads.com/book_link/follow/8036</link>
</buy_link>
<buy_link>
<id>4</id>
<name>Abebooks</name>
<link>https://www.goodreads.com/book_link/follow/4</link>
</buy_link>
<buy_link>
<id>882</id>
<name>Book Depository</name>
<link>https://www.goodreads.com/book_link/follow/882</link>
</buy_link>
<buy_link>
<id>9</id>
<name>Indigo</name>
<link>https://www.goodreads.com/book_link/follow/9</link>
</buy_link>
<buy_link>
<id>2</id>
<name>Half.com</name>
<link>https://www.goodreads.com/book_link/follow/2</link>
</buy_link>
<buy_link>
<id>5</id>
<name>Alibris</name>
<link>https://www.goodreads.com/book_link/follow/5</link>
</buy_link>
<buy_link>
<id>107</id>
<name>Better World Books</name>
<link>https://www.goodreads.com/book_link/follow/107</link>
</buy_link>
<buy_link>
<id>7</id>
<name>IndieBound</name>
<link>https://www.goodreads.com/book_link/follow/7</link>
</buy_link>

  </buy_links>
  <series_works>
    <series_work>
<id>240432</id>
<user_position>7</user_position>
<series>
<id>44279</id>
<title>
<![CDATA[
    Cotton Malone
]]>
</title>
<description>
<![CDATA[
    Cotton Malone is an agent with the Magellan Billet.
           The Billet is a division inside the Justice Department that concentrates on international investigations.
]]>
</description>
<note>
<![CDATA[
    "The Columbus Affair" is not officially part of the Cotton Malone series, so please don't not number it as such.
]]>
</note>
<series_works_count>22</series_works_count>
<primary_work_count>13</primary_work_count>
<numbered>true</numbered>
</series>

</series_work>

  </series_works>
  <similar_books>
          <book>
<id>7202829</id>
<title><![CDATA[The Devil Colony (Sigma Force, #7)]]></title>
<title_without_series>The Devil Colony</title_without_series>
<link><![CDATA[https://www.goodreads.com/book/show/7202829-the-devil-colony]]></link>
<small_image_url><![CDATA[https://images.gr-assets.com/books/1264522557s/7202829.jpg]]></small_image_url>
<image_url><![CDATA[https://images.gr-assets.com/books/1264522557m/7202829.jpg]]></image_url>
<num_pages>496</num_pages>
<work>
<id>7897971</id>
</work>
<isbn>0061784788</isbn>
<isbn13>9780061784781</isbn13>
<average_rating>4.17</average_rating>
<ratings_count>18595</ratings_count>
<publication_year>2011</publication_year>
<publication_month>6</publication_month>
<publication_day>21</publication_day>
<authors>
<author>
<id>38809</id>
<name>James Rollins</name>
<link><![CDATA[https://www.goodreads.com/author/show/38809.James_Rollins]]></link>
</author>
</authors>
</book>

          <book>
<id>7831076</id>
<title><![CDATA[The Templar Salvation (Templar, #2)]]></title>
<title_without_series>The Templar Salvation</title_without_series>
<link><![CDATA[https://www.goodreads.com/book/show/7831076-the-templar-salvation]]></link>
<small_image_url><![CDATA[https://s.gr-assets.com/assets/nophoto/book/50x75-a91bf249278a81aabab721ef782c4a74.png]]></small_image_url>
<image_url><![CDATA[https://s.gr-assets.com/assets/nophoto/book/111x148-bcc042a9c91a29c1d680899eff700a03.png]]></image_url>
<num_pages>405</num_pages>
<work>
<id>10894116</id>
</work>
<isbn>0525951849</isbn>
<isbn13>9780525951841</isbn13>
<average_rating>3.85</average_rating>
<ratings_count>9472</ratings_count>
<publication_year>2010</publication_year>
<publication_month>10</publication_month>
<publication_day>19</publication_day>
<authors>
<author>
<id>26011</id>
<name>Raymond Khoury</name>
<link><![CDATA[https://www.goodreads.com/author/show/26011.Raymond_Khoury]]></link>
</author>
</authors>
</book>

          <book>
<id>9408417</id>
<title><![CDATA[The Kingdom (Fargo Adventure, #3)]]></title>
<title_without_series>The Kingdom</title_without_series>
<link><![CDATA[https://www.goodreads.com/book/show/9408417-the-kingdom]]></link>
<small_image_url><![CDATA[https://s.gr-assets.com/assets/nophoto/book/50x75-a91bf249278a81aabab721ef782c4a74.png]]></small_image_url>
<image_url><![CDATA[https://s.gr-assets.com/assets/nophoto/book/111x148-bcc042a9c91a29c1d680899eff700a03.png]]></image_url>
<num_pages>392</num_pages>
<work>
<id>14292440</id>
</work>
<isbn>0399157425</isbn>
<isbn13>9780399157424</isbn13>
<average_rating>3.96</average_rating>
<ratings_count>6208</ratings_count>
<publication_year>2011</publication_year>
<publication_month>6</publication_month>
<publication_day>6</publication_day>
<authors>
<author>
<id>18411</id>
<name>Clive Cussler</name>
<link><![CDATA[https://www.goodreads.com/author/show/18411.Clive_Cussler]]></link>
</author>
</authors>
</book>

          <book>
<id>8111305</id>
<title><![CDATA[The Mask Of Troy (Jack Howard, #5)]]></title>
<title_without_series>The Mask Of Troy</title_without_series>
<link><![CDATA[https://www.goodreads.com/book/show/8111305-the-mask-of-troy]]></link>
<small_image_url><![CDATA[https://images.gr-assets.com/books/1330713212s/8111305.jpg]]></small_image_url>
<image_url><![CDATA[https://images.gr-assets.com/books/1330713212m/8111305.jpg]]></image_url>
<num_pages>466</num_pages>
<work>
<id>12906316</id>
</work>
<isbn>0755353978</isbn>
<isbn13>9780755353972</isbn13>
<average_rating>3.78</average_rating>
<ratings_count>1658</ratings_count>
<publication_year>2010</publication_year>
<publication_month></publication_month>
<publication_day></publication_day>
<authors>
<author>
<id>133505</id>
<name>David Gibbins</name>
<link><![CDATA[https://www.goodreads.com/author/show/133505.David_Gibbins]]></link>
</author>
</authors>
</book>

          <book>
<id>8713217</id>
<title><![CDATA[The Eden Legacy (Daniel Knox, #4)]]></title>
<title_without_series>The Eden Legacy</title_without_series>
<link><![CDATA[https://www.goodreads.com/book/show/8713217-the-eden-legacy]]></link>
<small_image_url><![CDATA[https://images.gr-assets.com/books/1356454549s/8713217.jpg]]></small_image_url>
<image_url><![CDATA[https://images.gr-assets.com/books/1356454549m/8713217.jpg]]></image_url>
<num_pages>470</num_pages>
<work>
<id>13586091</id>
</work>
<isbn>0007349416</isbn>
<isbn13>9780007349418</isbn13>
<average_rating>3.68</average_rating>
<ratings_count>712</ratings_count>
<publication_year>2010</publication_year>
<publication_month>10</publication_month>
<publication_day>1</publication_day>
<authors>
<author>
<id>562621</id>
<name>Will Adams</name>
<link><![CDATA[https://www.goodreads.com/author/show/562621.Will_Adams]]></link>
</author>
</authors>
</book>

          <book>
<id>8527542</id>
<title><![CDATA[The Messiah Secret (Chris Bronson, #3)]]></title>
<title_without_series>The Messiah Secret</title_without_series>
<link><![CDATA[https://www.goodreads.com/book/show/8527542-the-messiah-secret]]></link>
<small_image_url><![CDATA[https://s.gr-assets.com/assets/nophoto/book/50x75-a91bf249278a81aabab721ef782c4a74.png]]></small_image_url>
<image_url><![CDATA[https://s.gr-assets.com/assets/nophoto/book/111x148-bcc042a9c91a29c1d680899eff700a03.png]]></image_url>
<num_pages>462</num_pages>
<work>
<id>13394577</id>
</work>
<isbn>0451412982</isbn>
<isbn13>9780451412980</isbn13>
<average_rating>3.75</average_rating>
<ratings_count>1020</ratings_count>
<publication_year>2010</publication_year>
<publication_month>12</publication_month>
<publication_day>7</publication_day>
<authors>
<author>
<id>1043785</id>
<name>James Becker</name>
<link><![CDATA[https://www.goodreads.com/author/show/1043785.James_Becker]]></link>
</author>
</authors>
</book>

          <book>
<id>13358110</id>
<title>The Babylon Rite</title>
<title_without_series>The Babylon Rite</title_without_series>
<link><![CDATA[https://www.goodreads.com/book/show/13358110-the-babylon-rite]]></link>
<small_image_url><![CDATA[https://images.gr-assets.com/books/1340904471s/13358110.jpg]]></small_image_url>
<image_url><![CDATA[https://images.gr-assets.com/books/1340904471m/13358110.jpg]]></image_url>
<num_pages></num_pages>
<work>
<id>18586307</id>
</work>
<isbn></isbn>
<isbn13></isbn13>
<average_rating>3.55</average_rating>
<ratings_count>744</ratings_count>
<publication_year></publication_year>
<publication_month></publication_month>
<publication_day></publication_day>
<authors>
<author>
<id>598941</id>
<name>Tom Knox</name>
<link><![CDATA[https://www.goodreads.com/author/show/598941.Tom_Knox]]></link>
</author>
</authors>
</book>

          <book>
<id>11991631</id>
<title><![CDATA[Temple Of The Gods (Nina Wilde & Eddie Chase, #8)]]></title>
<title_without_series>Temple Of The Gods</title_without_series>
<link><![CDATA[https://www.goodreads.com/book/show/11991631-temple-of-the-gods]]></link>
<small_image_url><![CDATA[https://images.gr-assets.com/books/1444821206s/11991631.jpg]]></small_image_url>
<image_url><![CDATA[https://images.gr-assets.com/books/1444821206m/11991631.jpg]]></image_url>
<num_pages>503</num_pages>
<work>
<id>16955599</id>
</work>
<isbn>0755354710</isbn>
<isbn13>9780755354719</isbn13>
<average_rating>4.14</average_rating>
<ratings_count>2648</ratings_count>
<publication_year>2012</publication_year>
<publication_month>1</publication_month>
<publication_day>5</publication_day>
<authors>
<author>
<id>1088355</id>
<name>Andy McDermott</name>
<link><![CDATA[https://www.goodreads.com/author/show/1088355.Andy_McDermott]]></link>
</author>
</authors>
</book>

          <book>
<id>1117016</id>
<title><![CDATA[The Gilded Seal (Tom Kirk, #3)]]></title>
<title_without_series>The Gilded Seal</title_without_series>
<link><![CDATA[https://www.goodreads.com/book/show/1117016.The_Gilded_Seal]]></link>
<small_image_url><![CDATA[https://images.gr-assets.com/books/1332869544s/1117016.jpg]]></small_image_url>
<image_url><![CDATA[https://images.gr-assets.com/books/1332869544m/1117016.jpg]]></image_url>
<num_pages>438</num_pages>
<work>
<id>1104039</id>
</work>
<isbn>0007230400</isbn>
<isbn13>9780007230402</isbn13>
<average_rating>3.80</average_rating>
<ratings_count>678</ratings_count>
<publication_year></publication_year>
<publication_month></publication_month>
<publication_day></publication_day>
<authors>
<author>
<id>148425</id>
<name>James Twining</name>
<link><![CDATA[https://www.goodreads.com/author/show/148425.James_Twining]]></link>
</author>
</authors>
</book>

          <book>
<id>4264432</id>
<title><![CDATA[The Dakota Cipher (Ethan Gage, #3)]]></title>
<title_without_series>The Dakota Cipher</title_without_series>
<link><![CDATA[https://www.goodreads.com/book/show/4264432-the-dakota-cipher]]></link>
<small_image_url><![CDATA[https://s.gr-assets.com/assets/nophoto/book/50x75-a91bf249278a81aabab721ef782c4a74.png]]></small_image_url>
<image_url><![CDATA[https://s.gr-assets.com/assets/nophoto/book/111x148-bcc042a9c91a29c1d680899eff700a03.png]]></image_url>
<num_pages></num_pages>
<work>
<id>4311911</id>
</work>
<isbn>0061568007</isbn>
<isbn13>9780061568008</isbn13>
<average_rating>3.70</average_rating>
<ratings_count>1244</ratings_count>
<publication_year></publication_year>
<publication_month></publication_month>
<publication_day></publication_day>
<authors>
<author>
<id>59608</id>
<name>William  Dietrich</name>
<link><![CDATA[https://www.goodreads.com/author/show/59608.William_Dietrich]]></link>
</author>
</authors>
</book>

          <book>
<id>8733507</id>
<title><![CDATA[The Secret Soldier  (John Wells, #5)]]></title>
<title_without_series>The Secret Soldier</title_without_series>
<link><![CDATA[https://www.goodreads.com/book/show/8733507-the-secret-soldier]]></link>
<small_image_url><![CDATA[https://s.gr-assets.com/assets/nophoto/book/50x75-a91bf249278a81aabab721ef782c4a74.png]]></small_image_url>
<image_url><![CDATA[https://s.gr-assets.com/assets/nophoto/book/111x148-bcc042a9c91a29c1d680899eff700a03.png]]></image_url>
<num_pages>401</num_pages>
<work>
<id>13606557</id>
</work>
<isbn>0399157085</isbn>
<isbn13>9780399157080</isbn13>
<average_rating>4.14</average_rating>
<ratings_count>6638</ratings_count>
<publication_year>2011</publication_year>
<publication_month>2</publication_month>
<publication_day>8</publication_day>
<authors>
<author>
<id>195905</id>
<name>Alex Berenson</name>
<link><![CDATA[https://www.goodreads.com/author/show/195905.Alex_Berenson]]></link>
</author>
</authors>
</book>

  </similar_books>
</book>

</GoodreadsResponse>