<?xml version="1.0" encoding="UTF-8"?>
<GoodreadsResponse>
  <Request>
    <authentication>true</authentication>
      <key><![CDATA[all_men_must_serve]]></key>
    <method><![CDATA[book_show]]></method>
  </Request>
  <book>
  <id>10505</id>
  <title>History of Beauty</title>
  <isbn><![CDATA[0847826465]]></isbn>
  <isbn13><![CDATA[9780847826469]]></isbn13>
  <asin><![CDATA[]]></asin>
  <kindle_asin><![CDATA[]]></kindle_asin>
  <marketplace_id><![CDATA[]]></marketplace_id>
  <country_code><![CDATA[GB]]></country_code>
  <image_url>https://s.gr-assets.com/assets/nophoto/book/111x148-bcc042a9c91a29c1d680899eff700a03.png</image_url>
  <small_image_url>https://s.gr-assets.com/assets/nophoto/book/50x75-a91bf249278a81aabab721ef782c4a74.png</small_image_url>
  <publication_year>2004</publication_year>
  <publication_month>11</publication_month>
  <publication_day>13</publication_day>
  <publisher>Rizzoli</publisher>
  <language_code>eng</language_code>
  <is_ebook>false</is_ebook>
  <description><![CDATA[Now in paperback, Umberto Eco’s groundbreaking and much-acclaimed first illustrated book has been a critical success since its first publication in 2004. What is beauty? Umberto Eco, among Italy’s finest and most important contemporary thinkers, explores the nature, the meaning, and the very history of the idea of beauty in Western culture. The profound and subtle text is lavishly illustrated with abundant examples of sublime painting and sculpture and lengthy quotations from writers and philosophers. This is the first paperback edition of <i>History of Beauty</i>, making this intellectual and philosophical journey with one of the world’s most acclaimed thinkers available in a more compact and affordable format.<br /><br />From the Trade Paperback edition]]></description>
  <work>
  <id type="integer">2094829</id>
  <books_count type="integer">50</books_count>
  <best_book_id type="integer">10505</best_book_id>
  <reviews_count type="integer">105389</reviews_count>
  <ratings_sum type="integer">130156</ratings_sum>
  <ratings_count type="integer">34500</ratings_count>
  <text_reviews_count type="integer">169</text_reviews_count>
  <original_publication_year type="integer">2004</original_publication_year>
  <original_publication_month type="integer">1</original_publication_month>
  <original_publication_day type="integer" nil="true"/>
  <original_title>Storia della bellezza</original_title>
  <original_language_id type="integer" nil="true"/>
  <media_type>book</media_type>
  <rating_dist>5:12935|4:9327|3:6659|2:2617|1:2962|total:34500</rating_dist>
  <desc_user_id type="integer">7138041</desc_user_id>
  <default_chaptering_book_id type="integer" nil="true"/>
  <default_description_language_code nil="true"/>
</work>
  <average_rating>3.77</average_rating>
  <num_pages><![CDATA[432]]></num_pages>
  <format><![CDATA[Hardcover]]></format>
  <edition_information><![CDATA[]]></edition_information>
  <ratings_count><![CDATA[33946]]></ratings_count>
  <text_reviews_count><![CDATA[124]]></text_reviews_count>
  <url><![CDATA[https://www.goodreads.com/book/show/10505.History_of_Beauty]]></url>
  <link><![CDATA[https://www.goodreads.com/book/show/10505.History_of_Beauty]]></link>
  <authors>
<author>
<id>1730</id>
<name>Umberto Eco</name>
<role></role>
<image_url nophoto='false'>
<![CDATA[https://images.gr-assets.com/authors/1455915753p5/1730.jpg]]>
</image_url>
<small_image_url nophoto='false'>
<![CDATA[https://images.gr-assets.com/authors/1455915753p2/1730.jpg]]>
</small_image_url>
<link><![CDATA[https://www.goodreads.com/author/show/1730.Umberto_Eco]]></link>
<average_rating>3.94</average_rating>
<ratings_count>417974</ratings_count>
<text_reviews_count>16806</text_reviews_count>
</author>
<author>
<id>619471</id>
<name>Girolamo De Michele</name>
<role></role>
<image_url nophoto='true'>
<![CDATA[https://s.gr-assets.com/assets/nophoto/user/u_200x266-e183445fd1a1b5cc7075bb1cf7043306.png]]>
</image_url>
<small_image_url nophoto='true'>
<![CDATA[https://s.gr-assets.com/assets/nophoto/user/u_50x66-632230dc9882b4352d753eedf9396530.png]]>
</small_image_url>
<link><![CDATA[https://www.goodreads.com/author/show/619471.Girolamo_De_Michele]]></link>
<average_rating>3.77</average_rating>
<ratings_count>34196</ratings_count>
<text_reviews_count>155</text_reviews_count>
</author>
<author>
<id>33795</id>
<name>Alastair McEwen</name>
<role>Translator</role>
<image_url nophoto='true'>
<![CDATA[https://s.gr-assets.com/assets/nophoto/user/u_200x266-e183445fd1a1b5cc7075bb1cf7043306.png]]>
</image_url>
<small_image_url nophoto='true'>
<![CDATA[https://s.gr-assets.com/assets/nophoto/user/u_50x66-632230dc9882b4352d753eedf9396530.png]]>
</small_image_url>
<link><![CDATA[https://www.goodreads.com/author/show/33795.Alastair_McEwen]]></link>
<average_rating>3.83</average_rating>
<ratings_count>43340</ratings_count>
<text_reviews_count>727</text_reviews_count>
</author>
</authors>

    <reviews_widget>
      <![CDATA[
        <style>
  #goodreads-widget {
    font-family: georgia, serif;
    padding: 18px 0;
    width:565px;
  }
  #goodreads-widget h1 {
    font-weight:normal;
    font-size: 16px;
    border-bottom: 1px solid #BBB596;
    margin-bottom: 0;
  }
  #goodreads-widget a {
    text-decoration: none;
    color:#660;
  }
  iframe{
    background-color: #fff;
  }
  #goodreads-widget a:hover { text-decoration: underline; }
  #goodreads-widget a:active {
    color:#660;
  }
  #gr_footer {
    width: 100%;
    border-top: 1px solid #BBB596;
    text-align: right;
  }
  #goodreads-widget .gr_branding{
    color: #382110;
    font-size: 11px;
    text-decoration: none;
    font-family: "Helvetica Neue", Helvetica, Arial, sans-serif;
  }
</style>
<div id="goodreads-widget">
  <div id="gr_header"><h1><a rel="nofollow" href="https://www.goodreads.com/book/show/10505.History_of_Beauty">History of Beauty Reviews</a></h1></div>
  <iframe id="the_iframe" src="https://www.goodreads.com/api/reviews_widget_iframe?did=DEVELOPER_ID&amp;format=html&amp;isbn=0847826465&amp;links=660&amp;min_rating=&amp;review_back=fff&amp;stars=000&amp;text=000" width="565" height="400" frameborder="0"></iframe>
  <div id="gr_footer">
    <a class="gr_branding" target="_blank" rel="nofollow" href="https://www.goodreads.com/book/show/10505.History_of_Beauty?utm_medium=api&amp;utm_source=reviews_widget">Reviews from Goodreads.com</a>
  </div>
</div>

      ]]>
    </reviews_widget>
  <popular_shelves>
      <shelf name="to-read" count="72273"/>
      <shelf name="currently-reading" count="467"/>
      <shelf name="art" count="384"/>
      <shelf name="non-fiction" count="252"/>
      <shelf name="history" count="189"/>
      <shelf name="philosophy" count="111"/>
      <shelf name="art-history" count="70"/>
      <shelf name="nonfiction" count="61"/>
      <shelf name="owned" count="34"/>
      <shelf name="favorites" count="32"/>
      <shelf name="to-buy" count="29"/>
      <shelf name="arte" count="27"/>
      <shelf name="aesthetics" count="25"/>
      <shelf name="italian" count="25"/>
      <shelf name="default" count="21"/>
      <shelf name="italy" count="16"/>
      <shelf name="wish-list" count="16"/>
      <shelf name="reference" count="15"/>
      <shelf name="umberto-eco" count="15"/>
      <shelf name="owned-books" count="15"/>
      <shelf name="art-books" count="14"/>
      <shelf name="beauty" count="14"/>
      <shelf name="essays" count="12"/>
      <shelf name="historical" count="12"/>
      <shelf name="arts" count="11"/>
      <shelf name="essay" count="11"/>
      <shelf name="italian-literature" count="11"/>
      <shelf name="library" count="10"/>
      <shelf name="eco" count="9"/>
      <shelf name="to-read-non-fiction" count="8"/>
      <shelf name="shelfari-wishlist" count="7"/>
      <shelf name="to-read-history" count="7"/>
      <shelf name="art-theory" count="7"/>
      <shelf name="classics" count="7"/>
      <shelf name="fiction" count="7"/>
      <shelf name="art-architecture" count="6"/>
      <shelf name="theory" count="6"/>
      <shelf name="art-and-aesthetics" count="6"/>
      <shelf name="sociology" count="6"/>
      <shelf name="books-i-own" count="6"/>
      <shelf name="want-to-read" count="5"/>
      <shelf name="italiano" count="5"/>
      <shelf name="want-to-buy" count="5"/>
      <shelf name="to-get" count="5"/>
      <shelf name="culture" count="5"/>
      <shelf name="literature" count="5"/>
      <shelf name="kunst" count="5"/>
      <shelf name="21st-century" count="5"/>
      <shelf name="art-design" count="5"/>
      <shelf name="criticism" count="5"/>
      <shelf name="design" count="5"/>
      <shelf name="maybe" count="4"/>
      <shelf name="non-fic" count="4"/>
      <shelf name="história" count="4"/>
      <shelf name="semiotics" count="4"/>
      <shelf name="to-find" count="4"/>
      <shelf name="tbr" count="4"/>
      <shelf name="psychology" count="4"/>
      <shelf name="to-read-nonfiction" count="4"/>
      <shelf name="fashion" count="4"/>
      <shelf name="non-fictie" count="4"/>
      <shelf name="unfinished" count="4"/>
      <shelf name="2000s" count="4"/>
      <shelf name="filosofía" count="4"/>
      <shelf name="on-hold" count="4"/>
      <shelf name="nonfic" count="3"/>
      <shelf name="academic" count="3"/>
      <shelf name="not-read" count="3"/>
      <shelf name="women" count="3"/>
      <shelf name="critical-theory" count="3"/>
      <shelf name="visual-art" count="3"/>
      <shelf name="history-to-read" count="3"/>
      <shelf name="my-library" count="3"/>
      <shelf name="nonfiction-essays" count="3"/>
      <shelf name="a" count="3"/>
      <shelf name="home" count="3"/>
      <shelf name="art-books-to-read" count="3"/>
      <shelf name="philosophy-theory" count="3"/>
      <shelf name="favorite-authors" count="3"/>
      <shelf name="summer" count="3"/>
      <shelf name="translated" count="3"/>
      <shelf name="historical-fiction" count="3"/>
      <shelf name="microhistory" count="3"/>
      <shelf name="e-book" count="3"/>
      <shelf name="must-read" count="3"/>
      <shelf name="my-books" count="3"/>
      <shelf name="art-and-architecture" count="3"/>
      <shelf name="art-art-history" count="3"/>
      <shelf name="literary-criticism" count="3"/>
      <shelf name="translations" count="3"/>
      <shelf name="art-to-read" count="3"/>
      <shelf name="europe" count="3"/>
      <shelf name="abandoned" count="3"/>
      <shelf name="i-own" count="3"/>
      <shelf name="interesting" count="3"/>
      <shelf name="in-my-library" count="3"/>
      <shelf name="ideas" count="3"/>
      <shelf name="aesthetic" count="2"/>
      <shelf name="italiani" count="2"/>
      <shelf name="saggi" count="2"/>
  </popular_shelves>
  <book_links>
    <book_link>
  <id>8</id>
  <name>Libraries</name>
  <link>https://www.goodreads.com/book_link/follow/8</link>
</book_link>

  </book_links>
  <buy_links>
    <buy_link>
<id>1</id>
<name>Amazon</name>
<link>https://www.goodreads.com/book_link/follow/1</link>
</buy_link>
<buy_link>
<id>10</id>
<name>Audible</name>
<link>https://www.goodreads.com/book_link/follow/10</link>
</buy_link>
<buy_link>
<id>3</id>
<name>Barnes &amp; Noble</name>
<link>https://www.goodreads.com/book_link/follow/3</link>
</buy_link>
<buy_link>
<id>1027</id>
<name>Kobo</name>
<link>https://www.goodreads.com/book_link/follow/1027</link>
</buy_link>
<buy_link>
<id>2102</id>
<name>Apple iBooks</name>
<link>https://www.goodreads.com/book_link/follow/2102</link>
</buy_link>
<buy_link>
<id>8036</id>
<name>Google Play</name>
<link>https://www.goodreads.com/book_link/follow/8036</link>
</buy_link>
<buy_link>
<id>4</id>
<name>Abebooks</name>
<link>https://www.goodreads.com/book_link/follow/4</link>
</buy_link>
<buy_link>
<id>882</id>
<name>Book Depository</name>
<link>https://www.goodreads.com/book_link/follow/882</link>
</buy_link>
<buy_link>
<id>9</id>
<name>Indigo</name>
<link>https://www.goodreads.com/book_link/follow/9</link>
</buy_link>
<buy_link>
<id>2</id>
<name>Half.com</name>
<link>https://www.goodreads.com/book_link/follow/2</link>
</buy_link>
<buy_link>
<id>5</id>
<name>Alibris</name>
<link>https://www.goodreads.com/book_link/follow/5</link>
</buy_link>
<buy_link>
<id>107</id>
<name>Better World Books</name>
<link>https://www.goodreads.com/book_link/follow/107</link>
</buy_link>
<buy_link>
<id>7</id>
<name>IndieBound</name>
<link>https://www.goodreads.com/book_link/follow/7</link>
</buy_link>

  </buy_links>
  <series_works>
    
  </series_works>
  <similar_books>
          <book>
<id>11996019</id>
<title>The King&apos;s Agent</title>
<title_without_series>The King&apos;s Agent</title_without_series>
<link><![CDATA[https://www.goodreads.com/book/show/11996019-the-king-s-agent]]></link>
<small_image_url><![CDATA[https://images.gr-assets.com/books/1313276211s/11996019.jpg]]></small_image_url>
<image_url><![CDATA[https://images.gr-assets.com/books/1313276211m/11996019.jpg]]></image_url>
<num_pages>411</num_pages>
<work>
<id>16960201</id>
</work>
<isbn>075824682X</isbn>
<isbn13>9780758246820</isbn13>
<average_rating>3.81</average_rating>
<ratings_count>8261</ratings_count>
<publication_year></publication_year>
<publication_month></publication_month>
<publication_day></publication_day>
<authors>
<author>
<id>2729597</id>
<name>Donna Russo Morin</name>
<link><![CDATA[https://www.goodreads.com/author/show/2729597.Donna_Russo_Morin]]></link>
</author>
</authors>
</book>

          <book>
<id>32525</id>
<title>Art Through the Ages </title>
<title_without_series>Art Through the Ages</title_without_series>
<link><![CDATA[https://www.goodreads.com/book/show/32525.Art_Through_the_Ages]]></link>
<small_image_url><![CDATA[https://s.gr-assets.com/assets/nophoto/book/50x75-a91bf249278a81aabab721ef782c4a74.png]]></small_image_url>
<image_url><![CDATA[https://s.gr-assets.com/assets/nophoto/book/111x148-bcc042a9c91a29c1d680899eff700a03.png]]></image_url>
<num_pages></num_pages>
<work>
<id>1166071</id>
</work>
<isbn>0155050907</isbn>
<isbn13>9780155050907</isbn13>
<average_rating>3.84</average_rating>
<ratings_count>26208</ratings_count>
<publication_year></publication_year>
<publication_month></publication_month>
<publication_day></publication_day>
<authors>
<author>
<id>3927056</id>
<name>Helen Gardner</name>
<link><![CDATA[https://www.goodreads.com/author/show/3927056.Helen_Gardner]]></link>
</author>
</authors>
</book>

          <book>
<id>10836810</id>
<title>The Last Nude</title>
<title_without_series>The Last Nude</title_without_series>
<link><![CDATA[https://www.goodreads.com/book/show/10836810-the-last-nude]]></link>
<small_image_url><![CDATA[https://images.gr-assets.com/books/1305496356s/10836810.jpg]]></small_image_url>
<image_url><![CDATA[https://images.gr-assets.com/books/1305496356m/10836810.jpg]]></image_url>
<num_pages>320</num_pages>
<work>
<id>15467346</id>
</work>
<isbn>1594488134</isbn>
<isbn13>9781594488139</isbn13>
<average_rating>3.77</average_rating>
<ratings_count>13425</ratings_count>
<publication_year>2012</publication_year>
<publication_month>1</publication_month>
<publication_day>5</publication_day>
<authors>
<author>
<id>26770</id>
<name>Ellis Avery</name>
<link><![CDATA[https://www.goodreads.com/author/show/26770.Ellis_Avery]]></link>
</author>
</authors>
</book>

          <book>
<id>557668</id>
<title><![CDATA[Rembrandt, 1606-1669: The Mystery of the Revealed Form]]></title>
<title_without_series><![CDATA[Rembrandt, 1606-1669: The Mystery of the Revealed Form]]></title_without_series>
<link><![CDATA[https://www.goodreads.com/book/show/557668.Rembrandt_1606_1669]]></link>
<small_image_url><![CDATA[https://s.gr-assets.com/assets/nophoto/book/50x75-a91bf249278a81aabab721ef782c4a74.png]]></small_image_url>
<image_url><![CDATA[https://s.gr-assets.com/assets/nophoto/book/111x148-bcc042a9c91a29c1d680899eff700a03.png]]></image_url>
<num_pages>96</num_pages>
<work>
<id>544849</id>
</work>
<isbn>3822863203</isbn>
<isbn13>9783822863206</isbn13>
<average_rating>3.96</average_rating>
<ratings_count>3497</ratings_count>
<publication_year>2000</publication_year>
<publication_month>4</publication_month>
<publication_day>1</publication_day>
<authors>
<author>
<id>187384</id>
<name>Michael Bockemühl</name>
<link><![CDATA[https://www.goodreads.com/author/show/187384.Michael_Bockem_hl]]></link>
</author>
</authors>
</book>

          <book>
<id>10508526</id>
<title><![CDATA[The Chronicles of Harris Burdick: 14 Amazing Authors Tell the Tales]]></title>
<title_without_series><![CDATA[The Chronicles of Harris Burdick: 14 Amazing Authors Tell the Tales]]></title_without_series>
<link><![CDATA[https://www.goodreads.com/book/show/10508526-the-chronicles-of-harris-burdick]]></link>
<small_image_url><![CDATA[https://images.gr-assets.com/books/1327949098s/10508526.jpg]]></small_image_url>
<image_url><![CDATA[https://images.gr-assets.com/books/1327949098m/10508526.jpg]]></image_url>
<num_pages>221</num_pages>
<work>
<id>15414441</id>
</work>
<isbn>0547548109</isbn>
<isbn13>9780547548104</isbn13>
<average_rating>3.91</average_rating>
<ratings_count>13354</ratings_count>
<publication_year></publication_year>
<publication_month></publication_month>
<publication_day></publication_day>
<authors>
<author>
<id>9685</id>
<name>Chris Van Allsburg</name>
<link><![CDATA[https://www.goodreads.com/author/show/9685.Chris_Van_Allsburg]]></link>
</author>
</authors>
</book>

          <book>
<id>857502</id>
<title><![CDATA[Concerning the Spiritual in Art]]></title>
<title_without_series><![CDATA[Concerning the Spiritual in Art]]></title_without_series>
<link><![CDATA[https://www.goodreads.com/book/show/857502.Concerning_the_Spiritual_in_Art]]></link>
<small_image_url><![CDATA[https://images.gr-assets.com/books/1405982387s/857502.jpg]]></small_image_url>
<image_url><![CDATA[https://images.gr-assets.com/books/1405982387m/857502.jpg]]></image_url>
<num_pages>80</num_pages>
<work>
<id>1117836</id>
</work>
<isbn>0486234118</isbn>
<isbn13>9780486234113</isbn13>
<average_rating>3.81</average_rating>
<ratings_count>57167</ratings_count>
<publication_year>1977</publication_year>
<publication_month>6</publication_month>
<publication_day>1</publication_day>
<authors>
<author>
<id>155176</id>
<name>Wassily Kandinsky</name>
<link><![CDATA[https://www.goodreads.com/author/show/155176.Wassily_Kandinsky]]></link>
</author>
</authors>
</book>

          <book>
<id>2693801</id>
<title>History of Art</title>
<title_without_series>History of Art</title_without_series>
<link><![CDATA[https://www.goodreads.com/book/show/2693801-history-of-art]]></link>
<small_image_url><![CDATA[https://images.gr-assets.com/books/1330064588s/2693801.jpg]]></small_image_url>
<image_url><![CDATA[https://images.gr-assets.com/books/1330064588m/2693801.jpg]]></image_url>
<num_pages>1000</num_pages>
<work>
<id>2719129</id>
</work>
<isbn>0500237514</isbn>
<isbn13>9780500237519</isbn13>
<average_rating>3.80</average_rating>
<ratings_count>22554</ratings_count>
<publication_year>1997</publication_year>
<publication_month>9</publication_month>
<publication_day>22</publication_day>
<authors>
<author>
<id>4906445</id>
<name>H.W. Janson</name>
<link><![CDATA[https://www.goodreads.com/author/show/4906445.H_W_Janson]]></link>
</author>
</authors>
</book>

          <book>
<id>3359595</id>
<title><![CDATA[The Man Who Made Vermeers: Unvarnishing the Legend of Master Forger Han van Meegeren]]></title>
<title_without_series><![CDATA[The Man Who Made Vermeers: Unvarnishing the Legend of Master Forger Han van Meegeren]]></title_without_series>
<link><![CDATA[https://www.goodreads.com/book/show/3359595-the-man-who-made-vermeers]]></link>
<small_image_url><![CDATA[https://images.gr-assets.com/books/1328834298s/3359595.jpg]]></small_image_url>
<image_url><![CDATA[https://images.gr-assets.com/books/1328834298m/3359595.jpg]]></image_url>
<num_pages>352</num_pages>
<work>
<id>3398780</id>
</work>
<isbn>0151013411</isbn>
<isbn13>9780151013418</isbn13>
<average_rating>3.77</average_rating>
<ratings_count>6198</ratings_count>
<publication_year>2008</publication_year>
<publication_month>9</publication_month>
<publication_day>8</publication_day>
<authors>
<author>
<id>1418486</id>
<name>Jonathan Lopez</name>
<link><![CDATA[https://www.goodreads.com/author/show/1418486.Jonathan_Lopez]]></link>
</author>
</authors>
</book>

          <book>
<id>8296140</id>
<title>Clara and Mr. Tiffany</title>
<title_without_series>Clara and Mr. Tiffany</title_without_series>
<link><![CDATA[https://www.goodreads.com/book/show/8296140-clara-and-mr-tiffany]]></link>
<small_image_url><![CDATA[https://images.gr-assets.com/books/1320562282s/8296140.jpg]]></small_image_url>
<image_url><![CDATA[https://images.gr-assets.com/books/1320562282m/8296140.jpg]]></image_url>
<num_pages>432</num_pages>
<work>
<id>13144758</id>
</work>
<isbn>1400068169</isbn>
<isbn13>9781400068166</isbn13>
<average_rating>3.71</average_rating>
<ratings_count>24732</ratings_count>
<publication_year>2011</publication_year>
<publication_month>1</publication_month>
<publication_day>11</publication_day>
<authors>
<author>
<id>11075</id>
<name>Susan Vreeland</name>
<link><![CDATA[https://www.goodreads.com/author/show/11075.Susan_Vreeland]]></link>
</author>
</authors>
</book>

          <book>
<id>52372</id>
<title>On Photography</title>
<title_without_series>On Photography</title_without_series>
<link><![CDATA[https://www.goodreads.com/book/show/52372.On_Photography]]></link>
<small_image_url><![CDATA[https://images.gr-assets.com/books/1328061531s/52372.jpg]]></small_image_url>
<image_url><![CDATA[https://images.gr-assets.com/books/1328061531m/52372.jpg]]></image_url>
<num_pages>224</num_pages>
<work>
<id>768174</id>
</work>
<isbn>0141187166</isbn>
<isbn13>9780141187167</isbn13>
<average_rating>3.84</average_rating>
<ratings_count>24522</ratings_count>
<publication_year>1979</publication_year>
<publication_month></publication_month>
<publication_day></publication_day>
<authors>
<author>
<id>7907</id>
<name>Susan Sontag</name>
<link><![CDATA[https://www.goodreads.com/author/show/7907.Susan_Sontag]]></link>
</author>
</authors>
</book>

          <book>
<id>56912</id>
<title><![CDATA[The Judgment of Paris: The Revolutionary Decade That Gave the World Impressionism]]></title>
<title_without_series><![CDATA[The Judgment of Paris: The Revolutionary Decade That Gave the World Impressionism]]></title_without_series>
<link><![CDATA[https://www.goodreads.com/book/show/56912.The_Judgment_of_Paris]]></link>
<small_image_url><![CDATA[https://s.gr-assets.com/assets/nophoto/book/50x75-a91bf249278a81aabab721ef782c4a74.png]]></small_image_url>
<image_url><![CDATA[https://s.gr-assets.com/assets/nophoto/book/111x148-bcc042a9c91a29c1d680899eff700a03.png]]></image_url>
<num_pages></num_pages>
<work>
<id>1283019</id>
</work>
<isbn>0802715168</isbn>
<isbn13>9780802715166</isbn13>
<average_rating>3.81</average_rating>
<ratings_count>10843</ratings_count>
<publication_year></publication_year>
<publication_month></publication_month>
<publication_day></publication_day>
<authors>
<author>
<id>26293</id>
<name>Ross King</name>
<link><![CDATA[https://www.goodreads.com/author/show/26293.Ross_King]]></link>
</author>
</authors>
</book>

          <book>
<id>3253215</id>
<title><![CDATA[An Illustrated Life: Drawing Inspiration From The Private Sketchbooks Of Artists, Illustrators And Designers]]></title>
<title_without_series><![CDATA[An Illustrated Life: Drawing Inspiration From The Private Sketchbooks Of Artists, Illustrators And Designers]]></title_without_series>
<link><![CDATA[https://www.goodreads.com/book/show/3253215-an-illustrated-life]]></link>
<small_image_url><![CDATA[https://s.gr-assets.com/assets/nophoto/book/50x75-a91bf249278a81aabab721ef782c4a74.png]]></small_image_url>
<image_url><![CDATA[https://s.gr-assets.com/assets/nophoto/book/111x148-bcc042a9c91a29c1d680899eff700a03.png]]></image_url>
<num_pages>266</num_pages>
<work>
<id>3288384</id>
</work>
<isbn>1600610862</isbn>
<isbn13>9781600610868</isbn13>
<average_rating>3.72</average_rating>
<ratings_count>15607</ratings_count>
<publication_year>2008</publication_year>
<publication_month>12</publication_month>
<publication_day>16</publication_day>
<authors>
<author>
<id>18678</id>
<name>Danny Gregory</name>
<link><![CDATA[https://www.goodreads.com/author/show/18678.Danny_Gregory]]></link>
</author>
</authors>
</book>

          <book>
<id>321125</id>
<title>Blue: The History of a Color</title>
<title_without_series>Blue: The History of a Color</title_without_series>
<link><![CDATA[https://www.goodreads.com/book/show/321125.Blue]]></link>
<small_image_url><![CDATA[https://images.gr-assets.com/books/1367260840s/321125.jpg]]></small_image_url>
<image_url><![CDATA[https://images.gr-assets.com/books/1367260840m/321125.jpg]]></image_url>
<num_pages>216</num_pages>
<work>
<id>311858</id>
</work>
<isbn>0691090505</isbn>
<isbn13>9780691090504</isbn13>
<average_rating>3.97</average_rating>
<ratings_count>686</ratings_count>
<publication_year>2001</publication_year>
<publication_month>10</publication_month>
<publication_day>7</publication_day>
<authors>
<author>
<id>184463</id>
<name>Michel Pastoureau</name>
<link><![CDATA[https://www.goodreads.com/author/show/184463.Michel_Pastoureau]]></link>
</author>
</authors>
</book>

          <book>
<id>60431</id>
<title><![CDATA[Andy Goldsworthy: A Collaboration with Nature]]></title>
<title_without_series><![CDATA[Andy Goldsworthy: A Collaboration with Nature]]></title_without_series>
<link><![CDATA[https://www.goodreads.com/book/show/60431.Andy_Goldsworthy]]></link>
<small_image_url><![CDATA[https://s.gr-assets.com/assets/nophoto/book/50x75-a91bf249278a81aabab721ef782c4a74.png]]></small_image_url>
<image_url><![CDATA[https://s.gr-assets.com/assets/nophoto/book/111x148-bcc042a9c91a29c1d680899eff700a03.png]]></image_url>
<num_pages>120</num_pages>
<work>
<id>58792</id>
</work>
<isbn>0810933519</isbn>
<isbn13>9780810933514</isbn13>
<average_rating>3.95</average_rating>
<ratings_count>20762</ratings_count>
<publication_year>1990</publication_year>
<publication_month>9</publication_month>
<publication_day>1</publication_day>
<authors>
<author>
<id>34070</id>
<name>Andy Goldsworthy</name>
<link><![CDATA[https://www.goodreads.com/author/show/34070.Andy_Goldsworthy]]></link>
</author>
</authors>
</book>

          <book>
<id>542639</id>
<title>The Shock of the New</title>
<title_without_series>The Shock of the New</title_without_series>
<link><![CDATA[https://www.goodreads.com/book/show/542639.The_Shock_of_the_New]]></link>
<small_image_url><![CDATA[https://s.gr-assets.com/assets/nophoto/book/50x75-a91bf249278a81aabab721ef782c4a74.png]]></small_image_url>
<image_url><![CDATA[https://s.gr-assets.com/assets/nophoto/book/111x148-bcc042a9c91a29c1d680899eff700a03.png]]></image_url>
<num_pages>444</num_pages>
<work>
<id>1666984</id>
</work>
<isbn>0500275823</isbn>
<isbn13>9780500275825</isbn13>
<average_rating>3.73</average_rating>
<ratings_count>21630</ratings_count>
<publication_year>2004</publication_year>
<publication_month>4</publication_month>
<publication_day>1</publication_day>
<authors>
<author>
<id>48890</id>
<name>Robert Hughes</name>
<link><![CDATA[https://www.goodreads.com/author/show/48890.Robert_Hughes]]></link>
</author>
</authors>
</book>

          <book>
<id>27398</id>
<title>The Lost Painting</title>
<title_without_series>The Lost Painting</title_without_series>
<link><![CDATA[https://www.goodreads.com/book/show/27398.The_Lost_Painting]]></link>
<small_image_url><![CDATA[https://s.gr-assets.com/assets/nophoto/book/50x75-a91bf249278a81aabab721ef782c4a74.png]]></small_image_url>
<image_url><![CDATA[https://s.gr-assets.com/assets/nophoto/book/111x148-bcc042a9c91a29c1d680899eff700a03.png]]></image_url>
<num_pages>320</num_pages>
<work>
<id>1054249</id>
</work>
<isbn>0375759867</isbn>
<isbn13>9780375759864</isbn13>
<average_rating>3.71</average_rating>
<ratings_count>19570</ratings_count>
<publication_year>2006</publication_year>
<publication_month>11</publication_month>
<publication_day>7</publication_day>
<authors>
<author>
<id>7519</id>
<name>Jonathan Harr</name>
<link><![CDATA[https://www.goodreads.com/author/show/7519.Jonathan_Harr]]></link>
</author>
</authors>
</book>

          <book>
<id>179101</id>
<title><![CDATA[Vitamin D: New Perspectives in Drawing]]></title>
<title_without_series><![CDATA[Vitamin D: New Perspectives in Drawing]]></title_without_series>
<link><![CDATA[https://www.goodreads.com/book/show/179101.Vitamin_D]]></link>
<small_image_url><![CDATA[https://images.gr-assets.com/books/1411775719s/179101.jpg]]></small_image_url>
<image_url><![CDATA[https://images.gr-assets.com/books/1411775719m/179101.jpg]]></image_url>
<num_pages>352</num_pages>
<work>
<id>173028</id>
</work>
<isbn>0714845450</isbn>
<isbn13>9780714845456</isbn13>
<average_rating>3.96</average_rating>
<ratings_count>4678</ratings_count>
<publication_year>2005</publication_year>
<publication_month>12</publication_month>
<publication_day>1</publication_day>
<authors>
<author>
<id>104353</id>
<name>Emma Dexter</name>
<link><![CDATA[https://www.goodreads.com/author/show/104353.Emma_Dexter]]></link>
</author>
</authors>
</book>

          <book>
<id>1347239</id>
<title><![CDATA[Arcimboldo (Taschen Basic Art)]]></title>
<title_without_series>Arcimboldo</title_without_series>
<link><![CDATA[https://www.goodreads.com/book/show/1347239.Arcimboldo]]></link>
<small_image_url><![CDATA[https://s.gr-assets.com/assets/nophoto/book/50x75-a91bf249278a81aabab721ef782c4a74.png]]></small_image_url>
<image_url><![CDATA[https://s.gr-assets.com/assets/nophoto/book/111x148-bcc042a9c91a29c1d680899eff700a03.png]]></image_url>
<num_pages>96</num_pages>
<work>
<id>1336888</id>
</work>
<isbn>3822896381</isbn>
<isbn13>9783822896389</isbn13>
<average_rating>3.88</average_rating>
<ratings_count>1738</ratings_count>
<publication_year>1994</publication_year>
<publication_month>9</publication_month>
<publication_day>1</publication_day>
<authors>
<author>
<id>326369</id>
<name>Werner Kriegeskorte</name>
<link><![CDATA[https://www.goodreads.com/author/show/326369.Werner_Kriegeskorte]]></link>
</author>
</authors>
</book>

  </similar_books>
</book>

</GoodreadsResponse>