<?xml version="1.0" encoding="UTF-8"?>
<GoodreadsResponse>
  <Request>
    <authentication>true</authentication>
      <key><![CDATA[all_men_must_serve]]></key>
    <method><![CDATA[book_show]]></method>
  </Request>
  <book>
  <id>10507</id>
  <title>Baudolino</title>
  <isbn><![CDATA[0156029065]]></isbn>
  <isbn13><![CDATA[9780156029063]]></isbn13>
  <asin><![CDATA[]]></asin>
  <kindle_asin><![CDATA[B00MHQBEY6]]></kindle_asin>
  <marketplace_id><![CDATA[A1F83G8C2ARO7P]]></marketplace_id>
  <country_code><![CDATA[GB]]></country_code>
  <image_url>https://images.gr-assets.com/books/1479698120m/10507.jpg</image_url>
  <small_image_url>https://images.gr-assets.com/books/1479698120s/10507.jpg</small_image_url>
  <publication_year>2003</publication_year>
  <publication_month>10</publication_month>
  <publication_day>6</publication_day>
  <publisher>Harcourt</publisher>
  <language_code>en-US</language_code>
  <is_ebook>false</is_ebook>
  <description><![CDATA[It is April 1204, and Constantinople, the splendid capital of the Byzantine Empire, is being sacked and burned by the knights of the Fourth Crusade. Amid the carnage and confusion, one Baudolino saves a historian and high court official from certain death at the hands of the crusading warriors and proceeds to tell his own fantastical story.<br /><br />Born a simple peasant in northern Italy, Baudolino has two major gifts-a talent for learning languages and a skill in telling lies. When still a boy he meets a foreign commander in the woods, charming him with his quick wit and lively mind. The commander-who proves to be Emperor Frederick Barbarossa-adopts Baudolino and sends him to the university in Paris, where he makes a number of fearless, adventurous friends.<br /><br />Spurred on by myths and their own reveries, this merry band sets out in search of Prester John, a legendary priest-king said to rule over a vast kingdom in the East-a phantasmagorical land of strange creatures with eyes on their shoulders and mouths on their stomachs, of eunuchs, unicorns, and lovely maidens. <br /><br />With dazzling digressions, outrageous tricks, extraordinary feeling, and vicarious reflections on our postmodern age, this is Eco the storyteller at his brilliant best.]]></description>
  <work>
  <id type="integer">234717</id>
  <books_count type="integer">119</books_count>
  <best_book_id type="integer">10507</best_book_id>
  <reviews_count type="integer">28012</reviews_count>
  <ratings_sum type="integer">60054</ratings_sum>
  <ratings_count type="integer">16189</ratings_count>
  <text_reviews_count type="integer">760</text_reviews_count>
  <original_publication_year type="integer">2000</original_publication_year>
  <original_publication_month type="integer">11</original_publication_month>
  <original_publication_day type="integer" nil="true"/>
  <original_title>Baudolino</original_title>
  <original_language_id type="integer" nil="true"/>
  <media_type>book</media_type>
  <rating_dist>5:3935|4:5851|3:4574|2:1424|1:405|total:16189</rating_dist>
  <desc_user_id type="integer">4792415</desc_user_id>
  <default_chaptering_book_id type="integer" nil="true"/>
  <default_description_language_code nil="true"/>
</work>
  <average_rating>3.71</average_rating>
  <num_pages><![CDATA[527]]></num_pages>
  <format><![CDATA[]]></format>
  <edition_information><![CDATA[]]></edition_information>
  <ratings_count><![CDATA[13943]]></ratings_count>
  <text_reviews_count><![CDATA[594]]></text_reviews_count>
  <url><![CDATA[https://www.goodreads.com/book/show/10507.Baudolino]]></url>
  <link><![CDATA[https://www.goodreads.com/book/show/10507.Baudolino]]></link>
  <authors>
<author>
<id>1730</id>
<name>Umberto Eco</name>
<role></role>
<image_url nophoto='false'>
<![CDATA[https://images.gr-assets.com/authors/1455915753p5/1730.jpg]]>
</image_url>
<small_image_url nophoto='false'>
<![CDATA[https://images.gr-assets.com/authors/1455915753p2/1730.jpg]]>
</small_image_url>
<link><![CDATA[https://www.goodreads.com/author/show/1730.Umberto_Eco]]></link>
<average_rating>3.94</average_rating>
<ratings_count>417983</ratings_count>
<text_reviews_count>16807</text_reviews_count>
</author>
<author>
<id>6921</id>
<name>William Weaver</name>
<role>Translator</role>
<image_url nophoto='false'>
<![CDATA[https://images.gr-assets.com/authors/1414127047p5/6921.jpg]]>
</image_url>
<small_image_url nophoto='false'>
<![CDATA[https://images.gr-assets.com/authors/1414127047p2/6921.jpg]]>
</small_image_url>
<link><![CDATA[https://www.goodreads.com/author/show/6921.William_Weaver]]></link>
<average_rating>4.06</average_rating>
<ratings_count>389906</ratings_count>
<text_reviews_count>15515</text_reviews_count>
</author>
<author>
<id>5776997</id>
<name>R.C.S. Libri</name>
<role>Idea</role>
<image_url nophoto='true'>
<![CDATA[https://s.gr-assets.com/assets/nophoto/user/u_200x266-e183445fd1a1b5cc7075bb1cf7043306.png]]>
</image_url>
<small_image_url nophoto='true'>
<![CDATA[https://s.gr-assets.com/assets/nophoto/user/u_50x66-632230dc9882b4352d753eedf9396530.png]]>
</small_image_url>
<link><![CDATA[https://www.goodreads.com/author/show/5776997.R_C_S_Libri]]></link>
<average_rating>3.71</average_rating>
<ratings_count>13999</ratings_count>
<text_reviews_count>604</text_reviews_count>
</author>
</authors>

    <reviews_widget>
      <![CDATA[
        <style>
  #goodreads-widget {
    font-family: georgia, serif;
    padding: 18px 0;
    width:565px;
  }
  #goodreads-widget h1 {
    font-weight:normal;
    font-size: 16px;
    border-bottom: 1px solid #BBB596;
    margin-bottom: 0;
  }
  #goodreads-widget a {
    text-decoration: none;
    color:#660;
  }
  iframe{
    background-color: #fff;
  }
  #goodreads-widget a:hover { text-decoration: underline; }
  #goodreads-widget a:active {
    color:#660;
  }
  #gr_footer {
    width: 100%;
    border-top: 1px solid #BBB596;
    text-align: right;
  }
  #goodreads-widget .gr_branding{
    color: #382110;
    font-size: 11px;
    text-decoration: none;
    font-family: "Helvetica Neue", Helvetica, Arial, sans-serif;
  }
</style>
<div id="goodreads-widget">
  <div id="gr_header"><h1><a rel="nofollow" href="https://www.goodreads.com/book/show/10507.Baudolino">Baudolino Reviews</a></h1></div>
  <iframe id="the_iframe" src="https://www.goodreads.com/api/reviews_widget_iframe?did=DEVELOPER_ID&amp;format=html&amp;isbn=0156029065&amp;links=660&amp;min_rating=&amp;review_back=fff&amp;stars=000&amp;text=000" width="565" height="400" frameborder="0"></iframe>
  <div id="gr_footer">
    <a class="gr_branding" target="_blank" rel="nofollow" href="https://www.goodreads.com/book/show/10507.Baudolino?utm_medium=api&amp;utm_source=reviews_widget">Reviews from Goodreads.com</a>
  </div>
</div>

      ]]>
    </reviews_widget>
  <popular_shelves>
      <shelf name="to-read" count="607"/>
      <shelf name="fiction" count="559"/>
      <shelf name="historical-fiction" count="436"/>
      <shelf name="favorites" count="148"/>
      <shelf name="owned" count="144"/>
      <shelf name="literature" count="121"/>
      <shelf name="fantasy" count="118"/>
      <shelf name="historical" count="88"/>
      <shelf name="italian" count="81"/>
      <shelf name="default" count="79"/>
      <shelf name="history" count="78"/>
      <shelf name="medieval" count="56"/>
      <shelf name="books-i-own" count="54"/>
      <shelf name="italy" count="52"/>
      <shelf name="novels" count="52"/>
      <shelf name="novel" count="46"/>
      <shelf name="currently-reading" count="44"/>
      <shelf name="umberto-eco" count="41"/>
      <shelf name="italian-literature" count="36"/>
      <shelf name="adventure" count="33"/>
      <shelf name="owned-books" count="32"/>
      <shelf name="classics" count="29"/>
      <shelf name="abandoned" count="28"/>
      <shelf name="contemporary" count="25"/>
      <shelf name="literary-fiction" count="21"/>
      <shelf name="eco" count="21"/>
      <shelf name="narrativa" count="20"/>
      <shelf name="library" count="20"/>
      <shelf name="audiobook" count="20"/>
      <shelf name="my-library" count="19"/>
      <shelf name="finished" count="18"/>
      <shelf name="audiobooks" count="18"/>
      <shelf name="middle-ages" count="17"/>
      <shelf name="unfinished" count="15"/>
      <shelf name="religion" count="15"/>
      <shelf name="to-buy" count="14"/>
      <shelf name="audio" count="13"/>
      <shelf name="translated" count="13"/>
      <shelf name="mystery" count="13"/>
      <shelf name="magical-realism" count="13"/>
      <shelf name="italian-lit" count="13"/>
      <shelf name="contemporary-fiction" count="13"/>
      <shelf name="21st-century" count="13"/>
      <shelf name="lit" count="13"/>
      <shelf name="humble-bundle" count="12"/>
      <shelf name="ebook" count="12"/>
      <shelf name="crusades" count="12"/>
      <shelf name="europe" count="12"/>
      <shelf name="ebooks" count="11"/>
      <shelf name="favourites" count="11"/>
      <shelf name="letteratura-italiana" count="11"/>
      <shelf name="my-books" count="11"/>
      <shelf name="italiano" count="11"/>
      <shelf name="literary" count="11"/>
      <shelf name="general-fiction" count="11"/>
      <shelf name="translation" count="10"/>
      <shelf name="fiction-historical" count="10"/>
      <shelf name="gave-up" count="10"/>
      <shelf name="modern-fiction" count="10"/>
      <shelf name="italiana" count="9"/>
      <shelf name="italiani" count="9"/>
      <shelf name="2000s" count="9"/>
      <shelf name="unread" count="9"/>
      <shelf name="shelfari-favorites" count="8"/>
      <shelf name="dnf" count="8"/>
      <shelf name="books" count="8"/>
      <shelf name="gave-up-on" count="8"/>
      <shelf name="not-finished" count="8"/>
      <shelf name="historical-novel" count="8"/>
      <shelf name="mythology" count="8"/>
      <shelf name="2005" count="8"/>
      <shelf name="home-library" count="7"/>
      <shelf name="italian-authors" count="7"/>
      <shelf name="war" count="7"/>
      <shelf name="roman" count="7"/>
      <shelf name="magic-realism" count="7"/>
      <shelf name="started" count="7"/>
      <shelf name="kindle" count="7"/>
      <shelf name="2000" count="7"/>
      <shelf name="romanzi" count="7"/>
      <shelf name="historic-fiction" count="7"/>
      <shelf name="i-own" count="7"/>
      <shelf name="novela" count="7"/>
      <shelf name="philosophy" count="7"/>
      <shelf name="italia" count="7"/>
      <shelf name="belletristik" count="7"/>
      <shelf name="european-literature" count="7"/>
      <shelf name="bookshelf" count="7"/>
      <shelf name="own-it" count="7"/>
      <shelf name="maybe" count="6"/>
      <shelf name="biblioteca" count="6"/>
      <shelf name="historique" count="6"/>
      <shelf name="modern-literature" count="6"/>
      <shelf name="english" count="6"/>
      <shelf name="postmodernism" count="6"/>
      <shelf name="hardcover" count="6"/>
      <shelf name="modern" count="6"/>
      <shelf name="storico" count="6"/>
      <shelf name="humor" count="6"/>
      <shelf name="wish-list" count="6"/>
  </popular_shelves>
  <book_links>
    <book_link>
  <id>8</id>
  <name>Libraries</name>
  <link>https://www.goodreads.com/book_link/follow/8</link>
</book_link>

  </book_links>
  <buy_links>
    <buy_link>
<id>1</id>
<name>Amazon</name>
<link>https://www.goodreads.com/book_link/follow/1</link>
</buy_link>
<buy_link>
<id>10</id>
<name>Audible</name>
<link>https://www.goodreads.com/book_link/follow/10</link>
</buy_link>
<buy_link>
<id>3</id>
<name>Barnes &amp; Noble</name>
<link>https://www.goodreads.com/book_link/follow/3</link>
</buy_link>
<buy_link>
<id>1027</id>
<name>Kobo</name>
<link>https://www.goodreads.com/book_link/follow/1027</link>
</buy_link>
<buy_link>
<id>2102</id>
<name>Apple iBooks</name>
<link>https://www.goodreads.com/book_link/follow/2102</link>
</buy_link>
<buy_link>
<id>8036</id>
<name>Google Play</name>
<link>https://www.goodreads.com/book_link/follow/8036</link>
</buy_link>
<buy_link>
<id>4</id>
<name>Abebooks</name>
<link>https://www.goodreads.com/book_link/follow/4</link>
</buy_link>
<buy_link>
<id>882</id>
<name>Book Depository</name>
<link>https://www.goodreads.com/book_link/follow/882</link>
</buy_link>
<buy_link>
<id>9</id>
<name>Indigo</name>
<link>https://www.goodreads.com/book_link/follow/9</link>
</buy_link>
<buy_link>
<id>2</id>
<name>Half.com</name>
<link>https://www.goodreads.com/book_link/follow/2</link>
</buy_link>
<buy_link>
<id>5</id>
<name>Alibris</name>
<link>https://www.goodreads.com/book_link/follow/5</link>
</buy_link>
<buy_link>
<id>107</id>
<name>Better World Books</name>
<link>https://www.goodreads.com/book_link/follow/107</link>
</buy_link>
<buy_link>
<id>7</id>
<name>IndieBound</name>
<link>https://www.goodreads.com/book_link/follow/7</link>
</buy_link>

  </buy_links>
  <series_works>
    
  </series_works>
  <similar_books>
          <book>
<id>3414289</id>
<title>La chimera</title>
<title_without_series>La chimera</title_without_series>
<link><![CDATA[https://www.goodreads.com/book/show/3414289-la-chimera]]></link>
<small_image_url><![CDATA[https://images.gr-assets.com/books/1438891544s/3414289.jpg]]></small_image_url>
<image_url><![CDATA[https://images.gr-assets.com/books/1438891544m/3414289.jpg]]></image_url>
<num_pages></num_pages>
<work>
<id>2281439</id>
</work>
<isbn>8806129376</isbn>
<isbn13>9788806129378</isbn13>
<average_rating>3.54</average_rating>
<ratings_count>1480</ratings_count>
<publication_year>1992</publication_year>
<publication_month>6</publication_month>
<publication_day>30</publication_day>
<authors>
<author>
<id>68658</id>
<name>Sebastiano Vassalli</name>
<link><![CDATA[https://www.goodreads.com/author/show/68658.Sebastiano_Vassalli]]></link>
</author>
</authors>
</book>

          <book>
<id>118438</id>
<title><![CDATA[The Missing Head of Damasceno Monteiro]]></title>
<title_without_series><![CDATA[The Missing Head of Damasceno Monteiro]]></title_without_series>
<link><![CDATA[https://www.goodreads.com/book/show/118438.The_Missing_Head_of_Damasceno_Monteiro]]></link>
<small_image_url><![CDATA[https://s.gr-assets.com/assets/nophoto/book/50x75-a91bf249278a81aabab721ef782c4a74.png]]></small_image_url>
<image_url><![CDATA[https://s.gr-assets.com/assets/nophoto/book/111x148-bcc042a9c91a29c1d680899eff700a03.png]]></image_url>
<num_pages>192</num_pages>
<work>
<id>1403556</id>
</work>
<isbn>0811216047</isbn>
<isbn13>9780811216043</isbn13>
<average_rating>3.63</average_rating>
<ratings_count>837</ratings_count>
<publication_year>2005</publication_year>
<publication_month>1</publication_month>
<publication_day>17</publication_day>
<authors>
<author>
<id>64456</id>
<name>Antonio Tabucchi</name>
<link><![CDATA[https://www.goodreads.com/author/show/64456.Antonio_Tabucchi]]></link>
</author>
</authors>
</book>

          <book>
<id>67877</id>
<title><![CDATA[Die Kinder des Gral (Grail Cycle, #1)]]></title>
<title_without_series>Die Kinder des Gral</title_without_series>
<link><![CDATA[https://www.goodreads.com/book/show/67877.Die_Kinder_des_Gral]]></link>
<small_image_url><![CDATA[https://s.gr-assets.com/assets/nophoto/book/50x75-a91bf249278a81aabab721ef782c4a74.png]]></small_image_url>
<image_url><![CDATA[https://s.gr-assets.com/assets/nophoto/book/111x148-bcc042a9c91a29c1d680899eff700a03.png]]></image_url>
<num_pages></num_pages>
<work>
<id>65824</id>
</work>
<isbn>3404120604</isbn>
<isbn13>9783404120604</isbn13>
<average_rating>3.53</average_rating>
<ratings_count>289</ratings_count>
<publication_year>1994</publication_year>
<publication_month>4</publication_month>
<publication_day></publication_day>
<authors>
<author>
<id>38267</id>
<name>Peter Berling</name>
<link><![CDATA[https://www.goodreads.com/author/show/38267.Peter_Berling]]></link>
</author>
</authors>
</book>

          <book>
<id>1978260</id>
<title>A Voz dos Deuses</title>
<title_without_series>A Voz dos Deuses</title_without_series>
<link><![CDATA[https://www.goodreads.com/book/show/1978260.A_Voz_dos_Deuses]]></link>
<small_image_url><![CDATA[https://images.gr-assets.com/books/1490807841s/1978260.jpg]]></small_image_url>
<image_url><![CDATA[https://images.gr-assets.com/books/1490807841m/1978260.jpg]]></image_url>
<num_pages>366</num_pages>
<work>
<id>1981627</id>
</work>
<isbn>9724110729</isbn>
<isbn13>9789724110721</isbn13>
<average_rating>4.10</average_rating>
<ratings_count>443</ratings_count>
<publication_year>1984</publication_year>
<publication_month></publication_month>
<publication_day></publication_day>
<authors>
<author>
<id>794111</id>
<name>João Aguiar</name>
<link><![CDATA[https://www.goodreads.com/author/show/794111.Jo_o_Aguiar]]></link>
</author>
</authors>
</book>

          <book>
<id>9806</id>
<title><![CDATA[Our Ancestors: The Cloven Viscount, The Baron in the Trees, The Non-Existent Knight ]]></title>
<title_without_series><![CDATA[Our Ancestors: The Cloven Viscount, The Baron in the Trees, The Non-Existent Knight]]></title_without_series>
<link><![CDATA[https://www.goodreads.com/book/show/9806.Our_Ancestors]]></link>
<small_image_url><![CDATA[https://images.gr-assets.com/books/1330832524s/9806.jpg]]></small_image_url>
<image_url><![CDATA[https://images.gr-assets.com/books/1330832524m/9806.jpg]]></image_url>
<num_pages>393</num_pages>
<work>
<id>1388277</id>
</work>
<isbn>0330261568</isbn>
<isbn13>9780330261562</isbn13>
<average_rating>4.27</average_rating>
<ratings_count>1561</ratings_count>
<publication_year>1980</publication_year>
<publication_month>12</publication_month>
<publication_day>31</publication_day>
<authors>
<author>
<id>155517</id>
<name>Italo Calvino</name>
<link><![CDATA[https://www.goodreads.com/author/show/155517.Italo_Calvino]]></link>
</author>
</authors>
</book>

          <book>
<id>13323733</id>
<title>The Brothers</title>
<title_without_series>The Brothers</title_without_series>
<link><![CDATA[https://www.goodreads.com/book/show/13323733-the-brothers]]></link>
<small_image_url><![CDATA[https://images.gr-assets.com/books/1328575086s/13323733.jpg]]></small_image_url>
<image_url><![CDATA[https://images.gr-assets.com/books/1328575086m/13323733.jpg]]></image_url>
<num_pages>128</num_pages>
<work>
<id>18530443</id>
</work>
<isbn>095628406X</isbn>
<isbn13>9780956284068</isbn13>
<average_rating>3.67</average_rating>
<ratings_count>169</ratings_count>
<publication_year>2012</publication_year>
<publication_month>2</publication_month>
<publication_day>18</publication_day>
<authors>
<author>
<id>992323</id>
<name>Asko Sahlberg</name>
<link><![CDATA[https://www.goodreads.com/author/show/992323.Asko_Sahlberg]]></link>
</author>
</authors>
</book>

          <book>
<id>94034</id>
<title>Q</title>
<title_without_series>Q</title_without_series>
<link><![CDATA[https://www.goodreads.com/book/show/94034.Q]]></link>
<small_image_url><![CDATA[https://images.gr-assets.com/books/1328874969s/94034.jpg]]></small_image_url>
<image_url><![CDATA[https://images.gr-assets.com/books/1328874969m/94034.jpg]]></image_url>
<num_pages></num_pages>
<work>
<id>414</id>
</work>
<isbn>0156031965</isbn>
<isbn13>9780156031967</isbn13>
<average_rating>4.13</average_rating>
<ratings_count>4696</ratings_count>
<publication_year></publication_year>
<publication_month></publication_month>
<publication_day></publication_day>
<authors>
<author>
<id>36686</id>
<name>Luther Blissett</name>
<link><![CDATA[https://www.goodreads.com/author/show/36686.Luther_Blissett]]></link>
</author>
</authors>
</book>

          <book>
<id>218319</id>
<title>The Siege of Isfahan</title>
<title_without_series>The Siege of Isfahan</title_without_series>
<link><![CDATA[https://www.goodreads.com/book/show/218319.The_Siege_of_Isfahan]]></link>
<small_image_url><![CDATA[https://s.gr-assets.com/assets/nophoto/book/50x75-a91bf249278a81aabab721ef782c4a74.png]]></small_image_url>
<image_url><![CDATA[https://s.gr-assets.com/assets/nophoto/book/111x148-bcc042a9c91a29c1d680899eff700a03.png]]></image_url>
<num_pages>384</num_pages>
<work>
<id>1317415</id>
</work>
<isbn>0393049884</isbn>
<isbn13>9780393049886</isbn13>
<average_rating>3.85</average_rating>
<ratings_count>200</ratings_count>
<publication_year>2001</publication_year>
<publication_month>3</publication_month>
<publication_day>17</publication_day>
<authors>
<author>
<id>44677</id>
<name>Jean-Christophe Rufin</name>
<link><![CDATA[https://www.goodreads.com/author/show/44677.Jean_Christophe_Rufin]]></link>
</author>
</authors>
</book>

          <book>
<id>355789</id>
<title><![CDATA[The Garden of the Finzi-Continis]]></title>
<title_without_series><![CDATA[The Garden of the Finzi-Continis]]></title_without_series>
<link><![CDATA[https://www.goodreads.com/book/show/355789.The_Garden_of_the_Finzi_Continis]]></link>
<small_image_url><![CDATA[https://s.gr-assets.com/assets/nophoto/book/50x75-a91bf249278a81aabab721ef782c4a74.png]]></small_image_url>
<image_url><![CDATA[https://s.gr-assets.com/assets/nophoto/book/111x148-bcc042a9c91a29c1d680899eff700a03.png]]></image_url>
<num_pages>246</num_pages>
<work>
<id>345967</id>
</work>
<isbn>1400044227</isbn>
<isbn13>9781400044221</isbn13>
<average_rating>3.77</average_rating>
<ratings_count>4159</ratings_count>
<publication_year>2005</publication_year>
<publication_month>7</publication_month>
<publication_day>19</publication_day>
<authors>
<author>
<id>203870</id>
<name>Giorgio Bassani</name>
<link><![CDATA[https://www.goodreads.com/author/show/203870.Giorgio_Bassani]]></link>
</author>
</authors>
</book>

          <book>
<id>93180</id>
<title><![CDATA[The Manuscript Found in Saragossa]]></title>
<title_without_series><![CDATA[The Manuscript Found in Saragossa]]></title_without_series>
<link><![CDATA[https://www.goodreads.com/book/show/93180.The_Manuscript_Found_in_Saragossa]]></link>
<small_image_url><![CDATA[https://s.gr-assets.com/assets/nophoto/book/50x75-a91bf249278a81aabab721ef782c4a74.png]]></small_image_url>
<image_url><![CDATA[https://s.gr-assets.com/assets/nophoto/book/111x148-bcc042a9c91a29c1d680899eff700a03.png]]></image_url>
<num_pages>631</num_pages>
<work>
<id>89842</id>
</work>
<isbn>0140445803</isbn>
<isbn13>9780140445800</isbn13>
<average_rating>4.17</average_rating>
<ratings_count>1923</ratings_count>
<publication_year>1996</publication_year>
<publication_month>3</publication_month>
<publication_day>7</publication_day>
<authors>
<author>
<id>53464</id>
<name>Jan Potocki</name>
<link><![CDATA[https://www.goodreads.com/author/show/53464.Jan_Potocki]]></link>
</author>
</authors>
</book>

          <book>
<id>333785</id>
<title>54</title>
<title_without_series>54</title_without_series>
<link><![CDATA[https://www.goodreads.com/book/show/333785.54]]></link>
<small_image_url><![CDATA[https://images.gr-assets.com/books/1328876838s/333785.jpg]]></small_image_url>
<image_url><![CDATA[https://images.gr-assets.com/books/1328876838m/333785.jpg]]></image_url>
<num_pages>560</num_pages>
<work>
<id>324287</id>
</work>
<isbn>0151013802</isbn>
<isbn13>9780151013807</isbn13>
<average_rating>3.89</average_rating>
<ratings_count>1226</ratings_count>
<publication_year>2006</publication_year>
<publication_month>7</publication_month>
<publication_day>3</publication_day>
<authors>
<author>
<id>191397</id>
<name>Wu  Ming</name>
<link><![CDATA[https://www.goodreads.com/author/show/191397.Wu_Ming]]></link>
</author>
</authors>
</book>

          <book>
<id>6598072</id>
<title>Menzogna e sortilegio</title>
<title_without_series>Menzogna e sortilegio</title_without_series>
<link><![CDATA[https://www.goodreads.com/book/show/6598072-menzogna-e-sortilegio]]></link>
<small_image_url><![CDATA[https://images.gr-assets.com/books/1265811641s/6598072.jpg]]></small_image_url>
<image_url><![CDATA[https://images.gr-assets.com/books/1265811641m/6598072.jpg]]></image_url>
<num_pages>723</num_pages>
<work>
<id>6507863</id>
</work>
<isbn>880613602X</isbn>
<isbn13>9788806136024</isbn13>
<average_rating>4.17</average_rating>
<ratings_count>206</ratings_count>
<publication_year>1994</publication_year>
<publication_month></publication_month>
<publication_day></publication_day>
<authors>
<author>
<id>292578</id>
<name>Elsa Morante</name>
<link><![CDATA[https://www.goodreads.com/author/show/292578.Elsa_Morante]]></link>
</author>
</authors>
</book>

          <book>
<id>67721</id>
<title>The Clerkenwell Tales</title>
<title_without_series>The Clerkenwell Tales</title_without_series>
<link><![CDATA[https://www.goodreads.com/book/show/67721.The_Clerkenwell_Tales]]></link>
<small_image_url><![CDATA[https://s.gr-assets.com/assets/nophoto/book/50x75-a91bf249278a81aabab721ef782c4a74.png]]></small_image_url>
<image_url><![CDATA[https://s.gr-assets.com/assets/nophoto/book/111x148-bcc042a9c91a29c1d680899eff700a03.png]]></image_url>
<num_pages>213</num_pages>
<work>
<id>1137819</id>
</work>
<isbn>1400075955</isbn>
<isbn13>9781400075959</isbn13>
<average_rating>3.24</average_rating>
<ratings_count>582</ratings_count>
<publication_year>2005</publication_year>
<publication_month>11</publication_month>
<publication_day>8</publication_day>
<authors>
<author>
<id>16881</id>
<name>Peter Ackroyd</name>
<link><![CDATA[https://www.goodreads.com/author/show/16881.Peter_Ackroyd]]></link>
</author>
</authors>
</book>

          <book>
<id>62353</id>
<title><![CDATA[The Ends of the Earth (Aléxandros, #3)]]></title>
<title_without_series>The Ends of the Earth</title_without_series>
<link><![CDATA[https://www.goodreads.com/book/show/62353.The_Ends_of_the_Earth]]></link>
<small_image_url><![CDATA[https://s.gr-assets.com/assets/nophoto/book/50x75-a91bf249278a81aabab721ef782c4a74.png]]></small_image_url>
<image_url><![CDATA[https://s.gr-assets.com/assets/nophoto/book/111x148-bcc042a9c91a29c1d680899eff700a03.png]]></image_url>
<num_pages>464</num_pages>
<work>
<id>16147856</id>
</work>
<isbn>0743434382</isbn>
<isbn13>9780743434386</isbn13>
<average_rating>4.07</average_rating>
<ratings_count>3317</ratings_count>
<publication_year>2002</publication_year>
<publication_month>8</publication_month>
<publication_day>27</publication_day>
<authors>
<author>
<id>33451</id>
<name>Valerio Massimo Manfredi</name>
<link><![CDATA[https://www.goodreads.com/author/show/33451.Valerio_Massimo_Manfredi]]></link>
</author>
</authors>
</book>

          <book>
<id>12172</id>
<title>Memoirs of Hadrian</title>
<title_without_series>Memoirs of Hadrian</title_without_series>
<link><![CDATA[https://www.goodreads.com/book/show/12172.Memoirs_of_Hadrian]]></link>
<small_image_url><![CDATA[https://images.gr-assets.com/books/1416448158s/12172.jpg]]></small_image_url>
<image_url><![CDATA[https://images.gr-assets.com/books/1416448158m/12172.jpg]]></image_url>
<num_pages>347</num_pages>
<work>
<id>1064574</id>
</work>
<isbn>0374529264</isbn>
<isbn13>9780374529260</isbn13>
<average_rating>4.25</average_rating>
<ratings_count>11681</ratings_count>
<publication_year>2005</publication_year>
<publication_month>5</publication_month>
<publication_day>18</publication_day>
<authors>
<author>
<id>7732</id>
<name>Marguerite Yourcenar</name>
<link><![CDATA[https://www.goodreads.com/author/show/7732.Marguerite_Yourcenar]]></link>
</author>
</authors>
</book>

          <book>
<id>212936</id>
<title>Balthasar&apos;s Odyssey</title>
<title_without_series>Balthasar&apos;s Odyssey</title_without_series>
<link><![CDATA[https://www.goodreads.com/book/show/212936.Balthasar_s_Odyssey]]></link>
<small_image_url><![CDATA[https://s.gr-assets.com/assets/nophoto/book/50x75-a91bf249278a81aabab721ef782c4a74.png]]></small_image_url>
<image_url><![CDATA[https://s.gr-assets.com/assets/nophoto/book/111x148-bcc042a9c91a29c1d680899eff700a03.png]]></image_url>
<num_pages>391</num_pages>
<work>
<id>2593317</id>
</work>
<isbn>155970702X</isbn>
<isbn13>9781559707022</isbn13>
<average_rating>3.81</average_rating>
<ratings_count>3069</ratings_count>
<publication_year>2003</publication_year>
<publication_month>11</publication_month>
<publication_day>14</publication_day>
<authors>
<author>
<id>36378</id>
<name>Amin Maalouf</name>
<link><![CDATA[https://www.goodreads.com/author/show/36378.Amin_Maalouf]]></link>
</author>
</authors>
</book>

          <book>
<id>90414</id>
<title><![CDATA[El caballero del jubón amarillo (Las aventuras del capitán Alatriste, #5)]]></title>
<title_without_series><![CDATA[El caballero del jubón amarillo]]></title_without_series>
<link><![CDATA[https://www.goodreads.com/book/show/90414.El_caballero_del_jub_n_amarillo]]></link>
<small_image_url><![CDATA[https://s.gr-assets.com/assets/nophoto/book/50x75-a91bf249278a81aabab721ef782c4a74.png]]></small_image_url>
<image_url><![CDATA[https://s.gr-assets.com/assets/nophoto/book/111x148-bcc042a9c91a29c1d680899eff700a03.png]]></image_url>
<num_pages>624</num_pages>
<work>
<id>2302997</id>
</work>
<isbn>8466315896</isbn>
<isbn13>9788466315890</isbn13>
<average_rating>3.85</average_rating>
<ratings_count>1846</ratings_count>
<publication_year>2005</publication_year>
<publication_month>4</publication_month>
<publication_day>1</publication_day>
<authors>
<author>
<id>40398</id>
<name>Arturo Pérez-Reverte</name>
<link><![CDATA[https://www.goodreads.com/author/show/40398.Arturo_P_rez_Reverte]]></link>
</author>
</authors>
</book>

          <book>
<id>275570</id>
<title>The Royal Physician&apos;s Visit</title>
<title_without_series>The Royal Physician&apos;s Visit</title_without_series>
<link><![CDATA[https://www.goodreads.com/book/show/275570.The_Royal_Physician_s_Visit]]></link>
<small_image_url><![CDATA[https://s.gr-assets.com/assets/nophoto/book/50x75-a91bf249278a81aabab721ef782c4a74.png]]></small_image_url>
<image_url><![CDATA[https://s.gr-assets.com/assets/nophoto/book/111x148-bcc042a9c91a29c1d680899eff700a03.png]]></image_url>
<num_pages>312</num_pages>
<work>
<id>267228</id>
</work>
<isbn>0743458036</isbn>
<isbn13>9780743458030</isbn13>
<average_rating>3.79</average_rating>
<ratings_count>2127</ratings_count>
<publication_year>2002</publication_year>
<publication_month>11</publication_month>
<publication_day>1</publication_day>
<authors>
<author>
<id>144306</id>
<name>Per Olov Enquist</name>
<link><![CDATA[https://www.goodreads.com/author/show/144306.Per_Olov_Enquist]]></link>
</author>
</authors>
</book>

  </similar_books>
</book>

</GoodreadsResponse>