<?xml version="1.0" encoding="UTF-8"?>
<GoodreadsResponse>
  <Request>
    <authentication>true</authentication>
      <key><![CDATA[all_men_must_serve]]></key>
    <method><![CDATA[book_show]]></method>
  </Request>
  <book>
  <id>10508526</id>
  <title><![CDATA[The Chronicles of Harris Burdick: 14 Amazing Authors Tell the Tales]]></title>
  <isbn><![CDATA[0547548109]]></isbn>
  <isbn13><![CDATA[9780547548104]]></isbn13>
  <asin><![CDATA[]]></asin>
  <kindle_asin><![CDATA[]]></kindle_asin>
  <marketplace_id><![CDATA[]]></marketplace_id>
  <country_code><![CDATA[GB]]></country_code>
  <image_url>https://images.gr-assets.com/books/1327949098m/10508526.jpg</image_url>
  <small_image_url>https://images.gr-assets.com/books/1327949098s/10508526.jpg</small_image_url>
  <publication_year></publication_year>
  <publication_month></publication_month>
  <publication_day></publication_day>
  <publisher></publisher>
  <language_code>en-US</language_code>
  <is_ebook>false</is_ebook>
  <description><![CDATA[An inspired collection of short stories by an all-star cast of best-selling storytellers based on the thought-provoking illustrations in Chris Van Allsburg’s <i>The Mysteries of Harris Burdick</i>.<br /> <br />For more than twenty-five years, the illustrations in the extraordinary <i>Mysteries of Harris Burdick</i> by Chris Van Allsburg have intrigued and entertained readers of all ages. Thousands of children have been inspired to weave their own stories to go with these enigmatic pictures. Now we’ve asked some of our very best storytellers to spin the tales. Enter <i>The Chronicles of Harris Burdick</i> to gather this incredible compendium of stories: mysterious, funny, creepy, poignant, these are tales you won’t soon forget.<br /> <br />This inspired collection of short stories features many remarkable, best-selling authors in the worlds of both adult and children's literature: Sherman Alexie, M.T. Anderson, Kate DiCamillo, Cory Doctorow, Jules Feiffer, Stephen King, Tabitha King, Lois Lowry, Gregory Maguire, Walter Dean Myers, Linda Sue Park, Louis Sachar, Jon Scieszka, Lemony Snicket, and Chris Van Allsburg himself.<br /><br /><br />     Van Allsburg's Harris Burdick illustrations have evoked such wonderment and imagination since <i>Harris Burdick</i>'s original publication in 1984; many have speculated or have woven their own stories to go with his images. More than ever, the illustrations send off their eerie call for text and continue to compel and pick at the reader's brain for a backstory—a threaded tale behind the image. In this book, we've collected some of the best storytellers to spin them.]]></description>
  <work>
  <id type="integer">15414441</id>
  <books_count type="integer">19</books_count>
  <best_book_id type="integer">10508526</best_book_id>
  <reviews_count type="integer">22724</reviews_count>
  <ratings_sum type="integer">52178</ratings_sum>
  <ratings_count type="integer">13355</ratings_count>
  <text_reviews_count type="integer">561</text_reviews_count>
  <original_publication_year type="integer">2011</original_publication_year>
  <original_publication_month type="integer">1</original_publication_month>
  <original_publication_day type="integer">1</original_publication_day>
  <original_title></original_title>
  <original_language_id type="integer" nil="true"/>
  <media_type>book</media_type>
  <rating_dist>5:5359|4:3481|3:2973|2:998|1:544|total:13355</rating_dist>
  <desc_user_id type="integer">1356784</desc_user_id>
  <default_chaptering_book_id type="integer" nil="true"/>
  <default_description_language_code nil="true"/>
</work>
  <average_rating>3.91</average_rating>
  <num_pages><![CDATA[221]]></num_pages>
  <format><![CDATA[]]></format>
  <edition_information><![CDATA[]]></edition_information>
  <ratings_count><![CDATA[13228]]></ratings_count>
  <text_reviews_count><![CDATA[536]]></text_reviews_count>
  <url><![CDATA[https://www.goodreads.com/book/show/10508526-the-chronicles-of-harris-burdick]]></url>
  <link><![CDATA[https://www.goodreads.com/book/show/10508526-the-chronicles-of-harris-burdick]]></link>
  <authors>
<author>
<id>9685</id>
<name>Chris Van Allsburg</name>
<role>Illustrator / Contributor</role>
<image_url nophoto='false'>
<![CDATA[https://images.gr-assets.com/authors/1264399536p5/9685.jpg]]>
</image_url>
<small_image_url nophoto='false'>
<![CDATA[https://images.gr-assets.com/authors/1264399536p2/9685.jpg]]>
</small_image_url>
<link><![CDATA[https://www.goodreads.com/author/show/9685.Chris_Van_Allsburg]]></link>
<average_rating>4.22</average_rating>
<ratings_count>242213</ratings_count>
<text_reviews_count>8558</text_reviews_count>
</author>
<author>
<id>2493</id>
<name>Lois Lowry</name>
<role>Contributor</role>
<image_url nophoto='false'>
<![CDATA[https://images.gr-assets.com/authors/1348162077p5/2493.jpg]]>
</image_url>
<small_image_url nophoto='false'>
<![CDATA[https://images.gr-assets.com/authors/1348162077p2/2493.jpg]]>
</small_image_url>
<link><![CDATA[https://www.goodreads.com/author/show/2493.Lois_Lowry]]></link>
<average_rating>4.07</average_rating>
<ratings_count>2068574</ratings_count>
<text_reviews_count>96516</text_reviews_count>
</author>
<author>
<id>13663</id>
<name>Kate DiCamillo</name>
<role>Contributor</role>
<image_url nophoto='false'>
<![CDATA[https://images.gr-assets.com/authors/1402414985p5/13663.jpg]]>
</image_url>
<small_image_url nophoto='false'>
<![CDATA[https://images.gr-assets.com/authors/1402414985p2/13663.jpg]]>
</small_image_url>
<link><![CDATA[https://www.goodreads.com/author/show/13663.Kate_DiCamillo]]></link>
<average_rating>4.03</average_rating>
<ratings_count>468556</ratings_count>
<text_reviews_count>38860</text_reviews_count>
</author>
<author>
<id>31688</id>
<name>M.T. Anderson</name>
<role>Contributor</role>
<image_url nophoto='false'>
<![CDATA[https://images.gr-assets.com/authors/1247706514p5/31688.jpg]]>
</image_url>
<small_image_url nophoto='false'>
<![CDATA[https://images.gr-assets.com/authors/1247706514p2/31688.jpg]]>
</small_image_url>
<link><![CDATA[https://www.goodreads.com/author/show/31688.M_T_Anderson]]></link>
<average_rating>3.62</average_rating>
<ratings_count>103479</ratings_count>
<text_reviews_count>13031</text_reviews_count>
</author>
<author>
<id>6569</id>
<name>Louis Sachar</name>
<role>Contributor</role>
<image_url nophoto='false'>
<![CDATA[https://images.gr-assets.com/authors/1215290291p5/6569.jpg]]>
</image_url>
<small_image_url nophoto='false'>
<![CDATA[https://images.gr-assets.com/authors/1215290291p2/6569.jpg]]>
</small_image_url>
<link><![CDATA[https://www.goodreads.com/author/show/6569.Louis_Sachar]]></link>
<average_rating>3.96</average_rating>
<ratings_count>980216</ratings_count>
<text_reviews_count>25959</text_reviews_count>
</author>
<author>
<id>3389</id>
<name>Stephen King</name>
<role>Contributor</role>
<image_url nophoto='false'>
<![CDATA[https://images.gr-assets.com/authors/1362814142p5/3389.jpg]]>
</image_url>
<small_image_url nophoto='false'>
<![CDATA[https://images.gr-assets.com/authors/1362814142p2/3389.jpg]]>
</small_image_url>
<link><![CDATA[https://www.goodreads.com/author/show/3389.Stephen_King]]></link>
<average_rating>4.01</average_rating>
<ratings_count>10357792</ratings_count>
<text_reviews_count>349210</text_reviews_count>
</author>
<author>
<id>89986</id>
<name>Tabitha King</name>
<role>Contributor</role>
<image_url nophoto='false'>
<![CDATA[https://images.gr-assets.com/authors/1209496026p5/89986.jpg]]>
</image_url>
<small_image_url nophoto='false'>
<![CDATA[https://images.gr-assets.com/authors/1209496026p2/89986.jpg]]>
</small_image_url>
<link><![CDATA[https://www.goodreads.com/author/show/89986.Tabitha_King]]></link>
<average_rating>3.86</average_rating>
<ratings_count>18821</ratings_count>
<text_reviews_count>995</text_reviews_count>
</author>
<author>
<id>27318</id>
<name>Jon Scieszka</name>
<role>Contributor</role>
<image_url nophoto='false'>
<![CDATA[https://images.gr-assets.com/authors/1201028327p5/27318.jpg]]>
</image_url>
<small_image_url nophoto='false'>
<![CDATA[https://images.gr-assets.com/authors/1201028327p2/27318.jpg]]>
</small_image_url>
<link><![CDATA[https://www.goodreads.com/author/show/27318.Jon_Scieszka]]></link>
<average_rating>4.18</average_rating>
<ratings_count>290504</ratings_count>
<text_reviews_count>12474</text_reviews_count>
</author>
<author>
<id>4174</id>
<name>Sherman Alexie</name>
<role>Contributor</role>
<image_url nophoto='false'>
<![CDATA[https://images.gr-assets.com/authors/1333515890p5/4174.jpg]]>
</image_url>
<small_image_url nophoto='false'>
<![CDATA[https://images.gr-assets.com/authors/1333515890p2/4174.jpg]]>
</small_image_url>
<link><![CDATA[https://www.goodreads.com/author/show/4174.Sherman_Alexie]]></link>
<average_rating>4.06</average_rating>
<ratings_count>284811</ratings_count>
<text_reviews_count>29672</text_reviews_count>
</author>
<author>
<id>7025</id>
<name>Gregory Maguire</name>
<role>Contributor</role>
<image_url nophoto='false'>
<![CDATA[https://images.gr-assets.com/authors/1319068553p5/7025.jpg]]>
</image_url>
<small_image_url nophoto='false'>
<![CDATA[https://images.gr-assets.com/authors/1319068553p2/7025.jpg]]>
</small_image_url>
<link><![CDATA[https://www.goodreads.com/author/show/7025.Gregory_Maguire]]></link>
<average_rating>3.51</average_rating>
<ratings_count>792916</ratings_count>
<text_reviews_count>43277</text_reviews_count>
</author>
<author>
<id>12581</id>
<name>Cory Doctorow</name>
<role>Contributor</role>
<image_url nophoto='false'>
<![CDATA[https://images.gr-assets.com/authors/1361468756p5/12581.jpg]]>
</image_url>
<small_image_url nophoto='false'>
<![CDATA[https://images.gr-assets.com/authors/1361468756p2/12581.jpg]]>
</small_image_url>
<link><![CDATA[https://www.goodreads.com/author/show/12581.Cory_Doctorow]]></link>
<average_rating>3.81</average_rating>
<ratings_count>148676</ratings_count>
<text_reviews_count>17352</text_reviews_count>
</author>
<author>
<id>5116</id>
<name>Jules Feiffer</name>
<role>Contributor</role>
<image_url nophoto='false'>
<![CDATA[https://images.gr-assets.com/authors/1208540516p5/5116.jpg]]>
</image_url>
<small_image_url nophoto='false'>
<![CDATA[https://images.gr-assets.com/authors/1208540516p2/5116.jpg]]>
</small_image_url>
<link><![CDATA[https://www.goodreads.com/author/show/5116.Jules_Feiffer]]></link>
<average_rating>4.18</average_rating>
<ratings_count>218798</ratings_count>
<text_reviews_count>10657</text_reviews_count>
</author>
<author>
<id>61707</id>
<name>Linda Sue Park</name>
<role>Contributor</role>
<image_url nophoto='false'>
<![CDATA[https://images.gr-assets.com/authors/1309149852p5/61707.jpg]]>
</image_url>
<small_image_url nophoto='false'>
<![CDATA[https://images.gr-assets.com/authors/1309149852p2/61707.jpg]]>
</small_image_url>
<link><![CDATA[https://www.goodreads.com/author/show/61707.Linda_Sue_Park]]></link>
<average_rating>4.00</average_rating>
<ratings_count>134853</ratings_count>
<text_reviews_count>9980</text_reviews_count>
</author>
<author>
<id>13291</id>
<name>Walter Dean Myers</name>
<role>Contributor</role>
<image_url nophoto='false'>
<![CDATA[https://images.gr-assets.com/authors/1230178601p5/13291.jpg]]>
</image_url>
<small_image_url nophoto='false'>
<![CDATA[https://images.gr-assets.com/authors/1230178601p2/13291.jpg]]>
</small_image_url>
<link><![CDATA[https://www.goodreads.com/author/show/13291.Walter_Dean_Myers]]></link>
<average_rating>3.77</average_rating>
<ratings_count>114740</ratings_count>
<text_reviews_count>14849</text_reviews_count>
</author>
<author>
<id>36746</id>
<name>Lemony Snicket</name>
<role>Contributor</role>
<image_url nophoto='false'>
<![CDATA[https://images.gr-assets.com/authors/1199734355p5/36746.jpg]]>
</image_url>
<small_image_url nophoto='false'>
<![CDATA[https://images.gr-assets.com/authors/1199734355p2/36746.jpg]]>
</small_image_url>
<link><![CDATA[https://www.goodreads.com/author/show/36746.Lemony_Snicket]]></link>
<average_rating>3.94</average_rating>
<ratings_count>1548609</ratings_count>
<text_reviews_count>53400</text_reviews_count>
</author>
</authors>

    <reviews_widget>
      <![CDATA[
        <style>
  #goodreads-widget {
    font-family: georgia, serif;
    padding: 18px 0;
    width:565px;
  }
  #goodreads-widget h1 {
    font-weight:normal;
    font-size: 16px;
    border-bottom: 1px solid #BBB596;
    margin-bottom: 0;
  }
  #goodreads-widget a {
    text-decoration: none;
    color:#660;
  }
  iframe{
    background-color: #fff;
  }
  #goodreads-widget a:hover { text-decoration: underline; }
  #goodreads-widget a:active {
    color:#660;
  }
  #gr_footer {
    width: 100%;
    border-top: 1px solid #BBB596;
    text-align: right;
  }
  #goodreads-widget .gr_branding{
    color: #382110;
    font-size: 11px;
    text-decoration: none;
    font-family: "Helvetica Neue", Helvetica, Arial, sans-serif;
  }
</style>
<div id="goodreads-widget">
  <div id="gr_header"><h1><a rel="nofollow" href="https://www.goodreads.com/book/show/10508526-the-chronicles-of-harris-burdick">The Chronicles of Harris Burdick Reviews</a></h1></div>
  <iframe id="the_iframe" src="https://www.goodreads.com/api/reviews_widget_iframe?did=DEVELOPER_ID&amp;format=html&amp;isbn=0547548109&amp;links=660&amp;min_rating=&amp;review_back=fff&amp;stars=000&amp;text=000" width="565" height="400" frameborder="0"></iframe>
  <div id="gr_footer">
    <a class="gr_branding" target="_blank" rel="nofollow" href="https://www.goodreads.com/book/show/10508526-the-chronicles-of-harris-burdick?utm_medium=api&amp;utm_source=reviews_widget">Reviews from Goodreads.com</a>
  </div>
</div>

      ]]>
    </reviews_widget>
  <popular_shelves>
      <shelf name="to-read" count="2242"/>
      <shelf name="short-stories" count="159"/>
      <shelf name="fantasy" count="107"/>
      <shelf name="fiction" count="73"/>
      <shelf name="childrens" count="67"/>
      <shelf name="young-adult" count="37"/>
      <shelf name="picture-books" count="35"/>
      <shelf name="middle-grade" count="35"/>
      <shelf name="children-s" count="29"/>
      <shelf name="favorites" count="28"/>
      <shelf name="ya" count="28"/>
      <shelf name="mystery" count="27"/>
      <shelf name="children-s-books" count="26"/>
      <shelf name="children" count="25"/>
      <shelf name="anthology" count="21"/>
      <shelf name="children-s-literature" count="21"/>
      <shelf name="writing" count="19"/>
      <shelf name="juvenile-fiction" count="19"/>
      <shelf name="art" count="19"/>
      <shelf name="juvenile" count="18"/>
      <shelf name="currently-reading" count="17"/>
      <shelf name="kids" count="17"/>
      <shelf name="short-story" count="13"/>
      <shelf name="middle-school" count="12"/>
      <shelf name="books-i-own" count="12"/>
      <shelf name="picture-book" count="12"/>
      <shelf name="library" count="12"/>
      <shelf name="adventure" count="10"/>
      <shelf name="children-s-lit" count="10"/>
      <shelf name="anthology-of-short-stories-by-famou" count="9"/>
      <shelf name="to-buy" count="9"/>
      <shelf name="illustrated" count="9"/>
      <shelf name="kids-books" count="9"/>
      <shelf name="owned" count="8"/>
      <shelf name="magic" count="8"/>
      <shelf name="j-fiction" count="8"/>
      <shelf name="chris-van-allsburg" count="7"/>
      <shelf name="speculative-fiction" count="7"/>
      <shelf name="abandoned" count="7"/>
      <shelf name="horror" count="7"/>
      <shelf name="childrens-books" count="7"/>
      <shelf name="anthologies" count="6"/>
      <shelf name="read-2012" count="6"/>
      <shelf name="borrowed" count="6"/>
      <shelf name="short-story-collection" count="6"/>
      <shelf name="children-s-fiction" count="6"/>
      <shelf name="classroom-library" count="5"/>
      <shelf name="middle-grades" count="5"/>
      <shelf name="didn-t-finish" count="5"/>
      <shelf name="book-club" count="5"/>
      <shelf name="read-in-2012" count="5"/>
      <shelf name="supernatural" count="5"/>
      <shelf name="ebook" count="5"/>
      <shelf name="shortstories" count="5"/>
      <shelf name="science-fiction" count="5"/>
      <shelf name="did-not-finish" count="5"/>
      <shelf name="kid-lit" count="5"/>
      <shelf name="read-in-2011" count="5"/>
      <shelf name="young-adult-fiction" count="5"/>
      <shelf name="e-book" count="5"/>
      <shelf name="favorite" count="4"/>
      <shelf name="owned-books" count="4"/>
      <shelf name="elementary" count="4"/>
      <shelf name="scifi-fantasy" count="4"/>
      <shelf name="sci-fi" count="4"/>
      <shelf name="childrens-lit" count="4"/>
      <shelf name="school" count="4"/>
      <shelf name="collections" count="4"/>
      <shelf name="teen" count="4"/>
      <shelf name="i-own" count="4"/>
      <shelf name="humor" count="4"/>
      <shelf name="short-story-collections" count="4"/>
      <shelf name="juv" count="4"/>
      <shelf name="wish-list" count="4"/>
      <shelf name="suspense" count="3"/>
      <shelf name="children-s-picture-books" count="3"/>
      <shelf name="buy" count="3"/>
      <shelf name="other" count="3"/>
      <shelf name="child-lit" count="3"/>
      <shelf name="gave-up-on" count="3"/>
      <shelf name="surrealism" count="3"/>
      <shelf name="5th-grade" count="3"/>
      <shelf name="read-2013" count="3"/>
      <shelf name="audiobook" count="3"/>
      <shelf name="paranormal" count="3"/>
      <shelf name="novels" count="3"/>
      <shelf name="youth" count="3"/>
      <shelf name="story-collections" count="3"/>
      <shelf name="own-it" count="3"/>
      <shelf name="library-book" count="3"/>
      <shelf name="children-s-book" count="3"/>
      <shelf name="ya-lit" count="3"/>
      <shelf name="quirky" count="3"/>
      <shelf name="e-books" count="3"/>
      <shelf name="shorts" count="3"/>
      <shelf name="eerie" count="3"/>
      <shelf name="creepy" count="3"/>
      <shelf name="visual" count="3"/>
      <shelf name="unfinished" count="3"/>
      <shelf name="kindle" count="3"/>
  </popular_shelves>
  <book_links>
    <book_link>
  <id>8</id>
  <name>Libraries</name>
  <link>https://www.goodreads.com/book_link/follow/8</link>
</book_link>

  </book_links>
  <buy_links>
    <buy_link>
<id>1</id>
<name>Amazon</name>
<link>https://www.goodreads.com/book_link/follow/1</link>
</buy_link>
<buy_link>
<id>10</id>
<name>Audible</name>
<link>https://www.goodreads.com/book_link/follow/10</link>
</buy_link>
<buy_link>
<id>3</id>
<name>Barnes &amp; Noble</name>
<link>https://www.goodreads.com/book_link/follow/3</link>
</buy_link>
<buy_link>
<id>1027</id>
<name>Kobo</name>
<link>https://www.goodreads.com/book_link/follow/1027</link>
</buy_link>
<buy_link>
<id>2102</id>
<name>Apple iBooks</name>
<link>https://www.goodreads.com/book_link/follow/2102</link>
</buy_link>
<buy_link>
<id>8036</id>
<name>Google Play</name>
<link>https://www.goodreads.com/book_link/follow/8036</link>
</buy_link>
<buy_link>
<id>4</id>
<name>Abebooks</name>
<link>https://www.goodreads.com/book_link/follow/4</link>
</buy_link>
<buy_link>
<id>882</id>
<name>Book Depository</name>
<link>https://www.goodreads.com/book_link/follow/882</link>
</buy_link>
<buy_link>
<id>9</id>
<name>Indigo</name>
<link>https://www.goodreads.com/book_link/follow/9</link>
</buy_link>
<buy_link>
<id>2</id>
<name>Half.com</name>
<link>https://www.goodreads.com/book_link/follow/2</link>
</buy_link>
<buy_link>
<id>5</id>
<name>Alibris</name>
<link>https://www.goodreads.com/book_link/follow/5</link>
</buy_link>
<buy_link>
<id>107</id>
<name>Better World Books</name>
<link>https://www.goodreads.com/book_link/follow/107</link>
</buy_link>
<buy_link>
<id>7</id>
<name>IndieBound</name>
<link>https://www.goodreads.com/book_link/follow/7</link>
</buy_link>

  </buy_links>
  <series_works>
    
  </series_works>
  <similar_books>
          <book>
<id>9539092</id>
<title>Lost &amp; Found</title>
<title_without_series>Lost &amp; Found</title_without_series>
<link><![CDATA[https://www.goodreads.com/book/show/9539092-lost-found]]></link>
<small_image_url><![CDATA[https://s.gr-assets.com/assets/nophoto/book/50x75-a91bf249278a81aabab721ef782c4a74.png]]></small_image_url>
<image_url><![CDATA[https://s.gr-assets.com/assets/nophoto/book/111x148-bcc042a9c91a29c1d680899eff700a03.png]]></image_url>
<num_pages>128</num_pages>
<work>
<id>14425313</id>
</work>
<isbn>0545229243</isbn>
<isbn13>9780545229241</isbn13>
<average_rating>4.18</average_rating>
<ratings_count>6371</ratings_count>
<publication_year>2011</publication_year>
<publication_month>3</publication_month>
<publication_day>1</publication_day>
<authors>
<author>
<id>38954</id>
<name>Shaun Tan</name>
<link><![CDATA[https://www.goodreads.com/author/show/38954.Shaun_Tan]]></link>
</author>
</authors>
</book>

          <book>
<id>11996019</id>
<title>The King&apos;s Agent</title>
<title_without_series>The King&apos;s Agent</title_without_series>
<link><![CDATA[https://www.goodreads.com/book/show/11996019-the-king-s-agent]]></link>
<small_image_url><![CDATA[https://images.gr-assets.com/books/1313276211s/11996019.jpg]]></small_image_url>
<image_url><![CDATA[https://images.gr-assets.com/books/1313276211m/11996019.jpg]]></image_url>
<num_pages>411</num_pages>
<work>
<id>16960201</id>
</work>
<isbn>075824682X</isbn>
<isbn13>9780758246820</isbn13>
<average_rating>3.81</average_rating>
<ratings_count>8261</ratings_count>
<publication_year></publication_year>
<publication_month></publication_month>
<publication_day></publication_day>
<authors>
<author>
<id>2729597</id>
<name>Donna Russo Morin</name>
<link><![CDATA[https://www.goodreads.com/author/show/2729597.Donna_Russo_Morin]]></link>
</author>
</authors>
</book>

          <book>
<id>12065943</id>
<title><![CDATA[Extra Yarn (E. B. White Read-Aloud Award. Picture Books)]]></title>
<title_without_series>Extra Yarn</title_without_series>
<link><![CDATA[https://www.goodreads.com/book/show/12065943-extra-yarn]]></link>
<small_image_url><![CDATA[https://images.gr-assets.com/books/1424982446s/12065943.jpg]]></small_image_url>
<image_url><![CDATA[https://images.gr-assets.com/books/1424982446m/12065943.jpg]]></image_url>
<num_pages></num_pages>
<work>
<id>17033359</id>
</work>
<isbn>0061953385</isbn>
<isbn13>9780061953385</isbn13>
<average_rating>4.07</average_rating>
<ratings_count>12714</ratings_count>
<publication_year></publication_year>
<publication_month></publication_month>
<publication_day></publication_day>
<authors>
<author>
<id>2855221</id>
<name>Mac Barnett</name>
<link><![CDATA[https://www.goodreads.com/author/show/2855221.Mac_Barnett]]></link>
</author>
</authors>
</book>

          <book>
<id>9371035</id>
<title><![CDATA[Lemonade: and Other Poems Squeezed from a Single Word]]></title>
<title_without_series><![CDATA[Lemonade: and Other Poems Squeezed from a Single Word]]></title_without_series>
<link><![CDATA[https://www.goodreads.com/book/show/9371035-lemonade]]></link>
<small_image_url><![CDATA[https://images.gr-assets.com/books/1316131791s/9371035.jpg]]></small_image_url>
<image_url><![CDATA[https://images.gr-assets.com/books/1316131791m/9371035.jpg]]></image_url>
<num_pages>48</num_pages>
<work>
<id>14254584</id>
</work>
<isbn>1596435410</isbn>
<isbn13>9781596435414</isbn13>
<average_rating>4.04</average_rating>
<ratings_count>606</ratings_count>
<publication_year>2011</publication_year>
<publication_month>3</publication_month>
<publication_day>15</publication_day>
<authors>
<author>
<id>117128</id>
<name>Bob Raczka</name>
<link><![CDATA[https://www.goodreads.com/author/show/117128.Bob_Raczka]]></link>
</author>
</authors>
</book>

          <book>
<id>11266880</id>
<title>It Chooses You</title>
<title_without_series>It Chooses You</title_without_series>
<link><![CDATA[https://www.goodreads.com/book/show/11266880-it-chooses-you]]></link>
<small_image_url><![CDATA[https://images.gr-assets.com/books/1328693226s/11266880.jpg]]></small_image_url>
<image_url><![CDATA[https://images.gr-assets.com/books/1328693226m/11266880.jpg]]></image_url>
<num_pages>218</num_pages>
<work>
<id>16193779</id>
</work>
<isbn>1936365014</isbn>
<isbn13>9781936365012</isbn13>
<average_rating>3.88</average_rating>
<ratings_count>16400</ratings_count>
<publication_year>2011</publication_year>
<publication_month>11</publication_month>
<publication_day>15</publication_day>
<authors>
<author>
<id>65678</id>
<name>Miranda July</name>
<link><![CDATA[https://www.goodreads.com/author/show/65678.Miranda_July]]></link>
</author>
</authors>
</book>

          <book>
<id>10836810</id>
<title>The Last Nude</title>
<title_without_series>The Last Nude</title_without_series>
<link><![CDATA[https://www.goodreads.com/book/show/10836810-the-last-nude]]></link>
<small_image_url><![CDATA[https://images.gr-assets.com/books/1305496356s/10836810.jpg]]></small_image_url>
<image_url><![CDATA[https://images.gr-assets.com/books/1305496356m/10836810.jpg]]></image_url>
<num_pages>320</num_pages>
<work>
<id>15467346</id>
</work>
<isbn>1594488134</isbn>
<isbn13>9781594488139</isbn13>
<average_rating>3.77</average_rating>
<ratings_count>13426</ratings_count>
<publication_year>2012</publication_year>
<publication_month>1</publication_month>
<publication_day>5</publication_day>
<authors>
<author>
<id>26770</id>
<name>Ellis Avery</name>
<link><![CDATA[https://www.goodreads.com/author/show/26770.Ellis_Avery]]></link>
</author>
</authors>
</book>

          <book>
<id>11391817</id>
<title>Drawing from Memory</title>
<title_without_series>Drawing from Memory</title_without_series>
<link><![CDATA[https://www.goodreads.com/book/show/11391817-drawing-from-memory]]></link>
<small_image_url><![CDATA[https://images.gr-assets.com/books/1328837508s/11391817.jpg]]></small_image_url>
<image_url><![CDATA[https://images.gr-assets.com/books/1328837508m/11391817.jpg]]></image_url>
<num_pages>64</num_pages>
<work>
<id>16323867</id>
</work>
<isbn>0545176867</isbn>
<isbn13>9780545176866</isbn13>
<average_rating>3.82</average_rating>
<ratings_count>21195</ratings_count>
<publication_year>2011</publication_year>
<publication_month>9</publication_month>
<publication_day>1</publication_day>
<authors>
<author>
<id>121814</id>
<name>Allen Say</name>
<link><![CDATA[https://www.goodreads.com/author/show/121814.Allen_Say]]></link>
</author>
</authors>
</book>

          <book>
<id>11101772</id>
<title><![CDATA[The Scrapbook of Frankie Pratt]]></title>
<title_without_series><![CDATA[The Scrapbook of Frankie Pratt]]></title_without_series>
<link><![CDATA[https://www.goodreads.com/book/show/11101772-the-scrapbook-of-frankie-pratt]]></link>
<small_image_url><![CDATA[https://s.gr-assets.com/assets/nophoto/book/50x75-a91bf249278a81aabab721ef782c4a74.png]]></small_image_url>
<image_url><![CDATA[https://s.gr-assets.com/assets/nophoto/book/111x148-bcc042a9c91a29c1d680899eff700a03.png]]></image_url>
<num_pages>233</num_pages>
<work>
<id>16023890</id>
</work>
<isbn>0061966908</isbn>
<isbn13>9780061966903</isbn13>
<average_rating>3.72</average_rating>
<ratings_count>20573</ratings_count>
<publication_year>2011</publication_year>
<publication_month></publication_month>
<publication_day></publication_day>
<authors>
<author>
<id>7086</id>
<name>Caroline Preston</name>
<link><![CDATA[https://www.goodreads.com/author/show/7086.Caroline_Preston]]></link>
</author>
</authors>
</book>

          <book>
<id>878180</id>
<title>How Loathsome</title>
<title_without_series>How Loathsome</title_without_series>
<link><![CDATA[https://www.goodreads.com/book/show/878180.How_Loathsome]]></link>
<small_image_url><![CDATA[https://s.gr-assets.com/assets/nophoto/book/50x75-a91bf249278a81aabab721ef782c4a74.png]]></small_image_url>
<image_url><![CDATA[https://s.gr-assets.com/assets/nophoto/book/111x148-bcc042a9c91a29c1d680899eff700a03.png]]></image_url>
<num_pages>109</num_pages>
<work>
<id>863508</id>
</work>
<isbn>1561633860</isbn>
<isbn13>9781561633869</isbn13>
<average_rating>3.81</average_rating>
<ratings_count>274</ratings_count>
<publication_year>2004</publication_year>
<publication_month>4</publication_month>
<publication_day>1</publication_day>
<authors>
<author>
<id>105776</id>
<name>Ted Naifeh</name>
<link><![CDATA[https://www.goodreads.com/author/show/105776.Ted_Naifeh]]></link>
</author>
</authors>
</book>

          <book>
<id>10545071</id>
<title><![CDATA[The Cheshire Cheese Cat: A Dickens of a Tale]]></title>
<title_without_series><![CDATA[The Cheshire Cheese Cat: A Dickens of a Tale]]></title_without_series>
<link><![CDATA[https://www.goodreads.com/book/show/10545071-the-cheshire-cheese-cat]]></link>
<small_image_url><![CDATA[https://s.gr-assets.com/assets/nophoto/book/50x75-a91bf249278a81aabab721ef782c4a74.png]]></small_image_url>
<image_url><![CDATA[https://s.gr-assets.com/assets/nophoto/book/111x148-bcc042a9c91a29c1d680899eff700a03.png]]></image_url>
<num_pages>228</num_pages>
<work>
<id>15451519</id>
</work>
<isbn>1561455954</isbn>
<isbn13>9781561455959</isbn13>
<average_rating>3.87</average_rating>
<ratings_count>2809</ratings_count>
<publication_year>2011</publication_year>
<publication_month>10</publication_month>
<publication_day></publication_day>
<authors>
<author>
<id>41557</id>
<name>Carmen Agra Deedy</name>
<link><![CDATA[https://www.goodreads.com/author/show/41557.Carmen_Agra_Deedy]]></link>
</author>
</authors>
</book>

          <book>
<id>10788968</id>
<title>The Flint Heart</title>
<title_without_series>The Flint Heart</title_without_series>
<link><![CDATA[https://www.goodreads.com/book/show/10788968-the-flint-heart]]></link>
<small_image_url><![CDATA[https://s.gr-assets.com/assets/nophoto/book/50x75-a91bf249278a81aabab721ef782c4a74.png]]></small_image_url>
<image_url><![CDATA[https://s.gr-assets.com/assets/nophoto/book/111x148-bcc042a9c91a29c1d680899eff700a03.png]]></image_url>
<num_pages></num_pages>
<work>
<id>15701208</id>
</work>
<isbn>0763647128</isbn>
<isbn13>9780763647124</isbn13>
<average_rating>3.51</average_rating>
<ratings_count>1230</ratings_count>
<publication_year>2011</publication_year>
<publication_month>9</publication_month>
<publication_day>27</publication_day>
<authors>
<author>
<id>1949</id>
<name>Katherine Paterson</name>
<link><![CDATA[https://www.goodreads.com/author/show/1949.Katherine_Paterson]]></link>
</author>
</authors>
</book>

          <book>
<id>15894052</id>
<title><![CDATA[Grandville Bête Noire (Grandville, #3)]]></title>
<title_without_series>Grandville Bête Noire</title_without_series>
<link><![CDATA[https://www.goodreads.com/book/show/15894052-grandville-b-te-noire]]></link>
<small_image_url><![CDATA[https://images.gr-assets.com/books/1347412778s/15894052.jpg]]></small_image_url>
<image_url><![CDATA[https://images.gr-assets.com/books/1347412778m/15894052.jpg]]></image_url>
<num_pages>96</num_pages>
<work>
<id>21644816</id>
</work>
<isbn>1595828907</isbn>
<isbn13>9781595828903</isbn13>
<average_rating>3.97</average_rating>
<ratings_count>422</ratings_count>
<publication_year>2012</publication_year>
<publication_month>12</publication_month>
<publication_day>11</publication_day>
<authors>
<author>
<id>264213</id>
<name>Bryan Talbot</name>
<link><![CDATA[https://www.goodreads.com/author/show/264213.Bryan_Talbot]]></link>
</author>
</authors>
</book>

          <book>
<id>11043410</id>
<title><![CDATA[Heart and Soul: The Story of America and African Americans]]></title>
<title_without_series><![CDATA[Heart and Soul: The Story of America and African Americans]]></title_without_series>
<link><![CDATA[https://www.goodreads.com/book/show/11043410-heart-and-soul]]></link>
<small_image_url><![CDATA[https://s.gr-assets.com/assets/nophoto/book/50x75-a91bf249278a81aabab721ef782c4a74.png]]></small_image_url>
<image_url><![CDATA[https://s.gr-assets.com/assets/nophoto/book/111x148-bcc042a9c91a29c1d680899eff700a03.png]]></image_url>
<num_pages>108</num_pages>
<work>
<id>15964016</id>
</work>
<isbn>0061730742</isbn>
<isbn13>9780061730740</isbn13>
<average_rating>4.03</average_rating>
<ratings_count>4016</ratings_count>
<publication_year>2011</publication_year>
<publication_month>9</publication_month>
<publication_day>27</publication_day>
<authors>
<author>
<id>21345</id>
<name>Kadir Nelson</name>
<link><![CDATA[https://www.goodreads.com/author/show/21345.Kadir_Nelson]]></link>
</author>
</authors>
</book>

          <book>
<id>9504209</id>
<title>Vanished</title>
<title_without_series>Vanished</title_without_series>
<link><![CDATA[https://www.goodreads.com/book/show/9504209-vanished]]></link>
<small_image_url><![CDATA[https://images.gr-assets.com/books/1360566361s/9504209.jpg]]></small_image_url>
<image_url><![CDATA[https://images.gr-assets.com/books/1360566361m/9504209.jpg]]></image_url>
<num_pages>336</num_pages>
<work>
<id>13464170</id>
</work>
<isbn>1423131630</isbn>
<isbn13>9781423131632</isbn13>
<average_rating>3.72</average_rating>
<ratings_count>362</ratings_count>
<publication_year>2011</publication_year>
<publication_month>7</publication_month>
<publication_day>26</publication_day>
<authors>
<author>
<id>919801</id>
<name>Sheela Chari</name>
<link><![CDATA[https://www.goodreads.com/author/show/919801.Sheela_Chari]]></link>
</author>
</authors>
</book>

          <book>
<id>10397757</id>
<title>Nursery Rhyme Comics</title>
<title_without_series>Nursery Rhyme Comics</title_without_series>
<link><![CDATA[https://www.goodreads.com/book/show/10397757-nursery-rhyme-comics]]></link>
<small_image_url><![CDATA[https://images.gr-assets.com/books/1312078116s/10397757.jpg]]></small_image_url>
<image_url><![CDATA[https://images.gr-assets.com/books/1312078116m/10397757.jpg]]></image_url>
<num_pages>103</num_pages>
<work>
<id>15301655</id>
</work>
<isbn>159643600X</isbn>
<isbn13>9781596436008</isbn13>
<average_rating>4.06</average_rating>
<ratings_count>2535</ratings_count>
<publication_year></publication_year>
<publication_month></publication_month>
<publication_day></publication_day>
<authors>
<author>
<id>197203</id>
<name>Chris Duffy</name>
<link><![CDATA[https://www.goodreads.com/author/show/197203.Chris_Duffy]]></link>
</author>
</authors>
</book>

          <book>
<id>2693801</id>
<title>History of Art</title>
<title_without_series>History of Art</title_without_series>
<link><![CDATA[https://www.goodreads.com/book/show/2693801-history-of-art]]></link>
<small_image_url><![CDATA[https://images.gr-assets.com/books/1330064588s/2693801.jpg]]></small_image_url>
<image_url><![CDATA[https://images.gr-assets.com/books/1330064588m/2693801.jpg]]></image_url>
<num_pages>1000</num_pages>
<work>
<id>2719129</id>
</work>
<isbn>0500237514</isbn>
<isbn13>9780500237519</isbn13>
<average_rating>3.80</average_rating>
<ratings_count>22555</ratings_count>
<publication_year>1997</publication_year>
<publication_month>9</publication_month>
<publication_day>22</publication_day>
<authors>
<author>
<id>4906445</id>
<name>H.W. Janson</name>
<link><![CDATA[https://www.goodreads.com/author/show/4906445.H_W_Janson]]></link>
</author>
</authors>
</book>

          <book>
<id>8103702</id>
<title><![CDATA[The Extraordinary Adventures of Adèle Blanc-Sec 1: Pterror Over Paris/The Eiffel Tower Demon]]></title>
<title_without_series><![CDATA[The Extraordinary Adventures of Adèle Blanc-Sec 1: Pterror Over Paris/The Eiffel Tower Demon]]></title_without_series>
<link><![CDATA[https://www.goodreads.com/book/show/8103702-the-extraordinary-adventures-of-ad-le-blanc-sec-1]]></link>
<small_image_url><![CDATA[https://images.gr-assets.com/books/1327881847s/8103702.jpg]]></small_image_url>
<image_url><![CDATA[https://images.gr-assets.com/books/1327881847m/8103702.jpg]]></image_url>
<num_pages>96</num_pages>
<work>
<id>12889801</id>
</work>
<isbn>1606993828</isbn>
<isbn13>9781606993828</isbn13>
<average_rating>3.43</average_rating>
<ratings_count>632</ratings_count>
<publication_year>2010</publication_year>
<publication_month>12</publication_month>
<publication_day>6</publication_day>
<authors>
<author>
<id>214879</id>
<name>Jacques Tardi</name>
<link><![CDATA[https://www.goodreads.com/author/show/214879.Jacques_Tardi]]></link>
</author>
</authors>
</book>

          <book>
<id>80171</id>
<title>Fairy Tales</title>
<title_without_series>Fairy Tales</title_without_series>
<link><![CDATA[https://www.goodreads.com/book/show/80171.Fairy_Tales]]></link>
<small_image_url><![CDATA[https://s.gr-assets.com/assets/nophoto/book/50x75-a91bf249278a81aabab721ef782c4a74.png]]></small_image_url>
<image_url><![CDATA[https://s.gr-assets.com/assets/nophoto/book/111x148-bcc042a9c91a29c1d680899eff700a03.png]]></image_url>
<num_pages>64</num_pages>
<work>
<id>77418</id>
</work>
<isbn>0871406586</isbn>
<isbn13>9780871406583</isbn13>
<average_rating>4.10</average_rating>
<ratings_count>347</ratings_count>
<publication_year>2004</publication_year>
<publication_month>11</publication_month>
<publication_day>17</publication_day>
<authors>
<author>
<id>10547</id>
<name>E.E. Cummings</name>
<link><![CDATA[https://www.goodreads.com/author/show/10547.E_E_Cummings]]></link>
</author>
</authors>
</book>

  </similar_books>
</book>

</GoodreadsResponse>