<?xml version="1.0" encoding="UTF-8"?>
<GoodreadsResponse>
  <Request>
    <authentication>true</authentication>
      <key><![CDATA[all_men_must_serve]]></key>
    <method><![CDATA[book_show]]></method>
  </Request>
  <book>
  <id>1051620</id>
  <title><![CDATA[The Innocent Mage (Kingmaker, Kingbreaker, #1)]]></title>
  <isbn><![CDATA[1841496049]]></isbn>
  <isbn13><![CDATA[9781841496047]]></isbn13>
  <asin><![CDATA[]]></asin>
  <kindle_asin><![CDATA[B0053YQN3Q]]></kindle_asin>
  <marketplace_id><![CDATA[A1F83G8C2ARO7P]]></marketplace_id>
  <country_code><![CDATA[GB]]></country_code>
  <image_url>https://images.gr-assets.com/books/1327918882m/1051620.jpg</image_url>
  <small_image_url>https://images.gr-assets.com/books/1327918882s/1051620.jpg</small_image_url>
  <publication_year>2007</publication_year>
  <publication_month>9</publication_month>
  <publication_day></publication_day>
  <publisher>Orbit</publisher>
  <language_code>eng</language_code>
  <is_ebook>false</is_ebook>
  <description><![CDATA[Enter the kingdom of Lur, where to use magic unlawfully means death. The Doranen have ruled Lur with magic since arriving as refugees centuries ago. Theirs was a desperate flight to escape the wrath of a powerful mage who started a bitter war in their homeland. To keep Lur safe, the native Olken inhabitants agreed to abandon their own magic. Magic is now forbidden to them, and any who break this law are executed. <br /><br />Asher left his coastal village to make his fortune. Employed in the royal stables, he soon finds himself befriended by Prince Gar and given more money and power than he'd ever dreamed possible. But the Olken have a secret; a prophecy. The Innocent Mage will save Lur from destruction and members of The Circle have dedicated themselves to preserving Olken magic until this day arrives. Unbeknownst to Asher, he has been watched closely. As the Final Days approach, his life takes a new and unexpected turn ...]]></description>
  <work>
  <id type="integer">1561779</id>
  <books_count type="integer">28</books_count>
  <best_book_id type="integer">1051620</best_book_id>
  <reviews_count type="integer">29738</reviews_count>
  <ratings_sum type="integer">60388</ratings_sum>
  <ratings_count type="integer">16532</ratings_count>
  <text_reviews_count type="integer">767</text_reviews_count>
  <original_publication_year type="integer">2005</original_publication_year>
  <original_publication_month type="integer">1</original_publication_month>
  <original_publication_day type="integer">1</original_publication_day>
  <original_title>The Innocent Mage (Kingmaker, Kingbreaker, #1)</original_title>
  <original_language_id type="integer" nil="true"/>
  <media_type>book</media_type>
  <rating_dist>5:3800|4:5815|3:4849|2:1513|1:555|total:16532</rating_dist>
  <desc_user_id type="integer">4027979</desc_user_id>
  <default_chaptering_book_id type="integer" nil="true"/>
  <default_description_language_code nil="true"/>
</work>
  <average_rating>3.65</average_rating>
  <num_pages><![CDATA[642]]></num_pages>
  <format><![CDATA[Mass Market Paperback]]></format>
  <edition_information><![CDATA[]]></edition_information>
  <ratings_count><![CDATA[15424]]></ratings_count>
  <text_reviews_count><![CDATA[664]]></text_reviews_count>
  <url><![CDATA[https://www.goodreads.com/book/show/1051620.The_Innocent_Mage]]></url>
  <link><![CDATA[https://www.goodreads.com/book/show/1051620.The_Innocent_Mage]]></link>
  <authors>
<author>
<id>87306</id>
<name>Karen Miller</name>
<role></role>
<image_url nophoto='false'>
<![CDATA[https://images.gr-assets.com/authors/1263471699p5/87306.jpg]]>
</image_url>
<small_image_url nophoto='false'>
<![CDATA[https://images.gr-assets.com/authors/1263471699p2/87306.jpg]]>
</small_image_url>
<link><![CDATA[https://www.goodreads.com/author/show/87306.Karen_Miller]]></link>
<average_rating>3.72</average_rating>
<ratings_count>56317</ratings_count>
<text_reviews_count>2694</text_reviews_count>
</author>
</authors>

    <reviews_widget>
      <![CDATA[
        <style>
  #goodreads-widget {
    font-family: georgia, serif;
    padding: 18px 0;
    width:565px;
  }
  #goodreads-widget h1 {
    font-weight:normal;
    font-size: 16px;
    border-bottom: 1px solid #BBB596;
    margin-bottom: 0;
  }
  #goodreads-widget a {
    text-decoration: none;
    color:#660;
  }
  iframe{
    background-color: #fff;
  }
  #goodreads-widget a:hover { text-decoration: underline; }
  #goodreads-widget a:active {
    color:#660;
  }
  #gr_footer {
    width: 100%;
    border-top: 1px solid #BBB596;
    text-align: right;
  }
  #goodreads-widget .gr_branding{
    color: #382110;
    font-size: 11px;
    text-decoration: none;
    font-family: "Helvetica Neue", Helvetica, Arial, sans-serif;
  }
</style>
<div id="goodreads-widget">
  <div id="gr_header"><h1><a rel="nofollow" href="https://www.goodreads.com/book/show/1051620.The_Innocent_Mage">The Innocent Mage Reviews</a></h1></div>
  <iframe id="the_iframe" src="https://www.goodreads.com/api/reviews_widget_iframe?did=DEVELOPER_ID&amp;format=html&amp;isbn=1841496049&amp;links=660&amp;min_rating=&amp;review_back=fff&amp;stars=000&amp;text=000" width="565" height="400" frameborder="0"></iframe>
  <div id="gr_footer">
    <a class="gr_branding" target="_blank" rel="nofollow" href="https://www.goodreads.com/book/show/1051620.The_Innocent_Mage?utm_medium=api&amp;utm_source=reviews_widget">Reviews from Goodreads.com</a>
  </div>
</div>

      ]]>
    </reviews_widget>
  <popular_shelves>
      <shelf name="to-read" count="10499"/>
      <shelf name="fantasy" count="1328"/>
      <shelf name="currently-reading" count="335"/>
      <shelf name="owned" count="140"/>
      <shelf name="magic" count="89"/>
      <shelf name="default" count="84"/>
      <shelf name="fiction" count="83"/>
      <shelf name="favorites" count="82"/>
      <shelf name="high-fantasy" count="74"/>
      <shelf name="books-i-own" count="59"/>
      <shelf name="epic-fantasy" count="55"/>
      <shelf name="sci-fi-fantasy" count="32"/>
      <shelf name="karen-miller" count="32"/>
      <shelf name="series" count="32"/>
      <shelf name="scifi-fantasy" count="26"/>
      <shelf name="owned-books" count="24"/>
      <shelf name="library" count="22"/>
      <shelf name="fantasy-sci-fi" count="21"/>
      <shelf name="adventure" count="20"/>
      <shelf name="my-books" count="18"/>
      <shelf name="my-library" count="16"/>
      <shelf name="adult" count="16"/>
      <shelf name="audiobook" count="14"/>
      <shelf name="first-in-series" count="14"/>
      <shelf name="abandoned" count="13"/>
      <shelf name="did-not-finish" count="12"/>
      <shelf name="young-adult" count="12"/>
      <shelf name="fantasy-scifi" count="12"/>
      <shelf name="audio" count="11"/>
      <shelf name="maybe" count="11"/>
      <shelf name="paperback" count="11"/>
      <shelf name="ebooks" count="11"/>
      <shelf name="to-read-fantasy" count="11"/>
      <shelf name="kingmaker-kingbreaker" count="11"/>
      <shelf name="favourites" count="11"/>
      <shelf name="kindle" count="11"/>
      <shelf name="dropped" count="10"/>
      <shelf name="audiobooks" count="10"/>
      <shelf name="science-fiction" count="10"/>
      <shelf name="to-buy" count="10"/>
      <shelf name="scanned" count="9"/>
      <shelf name="on-my-shelf" count="9"/>
      <shelf name="sff" count="9"/>
      <shelf name="dnf" count="8"/>
      <shelf name="female-author" count="8"/>
      <shelf name="fantasy-magic" count="8"/>
      <shelf name="sci-fi" count="8"/>
      <shelf name="i-own" count="8"/>
      <shelf name="english" count="8"/>
      <shelf name="tbr" count="7"/>
      <shelf name="books" count="7"/>
      <shelf name="male-protagonist" count="7"/>
      <shelf name="fantasy-to-read" count="7"/>
      <shelf name="epic" count="7"/>
      <shelf name="fantasy-fiction" count="7"/>
      <shelf name="paper" count="7"/>
      <shelf name="wish-list" count="7"/>
      <shelf name="sf-f" count="7"/>
      <shelf name="ebook" count="7"/>
      <shelf name="novel" count="7"/>
      <shelf name="physical" count="6"/>
      <shelf name="read-fantasy" count="6"/>
      <shelf name="fantasy-epic" count="6"/>
      <shelf name="audio-book" count="6"/>
      <shelf name="to-read-owned" count="6"/>
      <shelf name="read-in-2012" count="6"/>
      <shelf name="maybe-read" count="6"/>
      <shelf name="e-books" count="6"/>
      <shelf name="have" count="6"/>
      <shelf name="read-in-2011" count="6"/>
      <shelf name="new-series" count="6"/>
      <shelf name="want-to-read" count="6"/>
      <shelf name="novels" count="6"/>
      <shelf name="miller" count="6"/>
      <shelf name="borrowed" count="6"/>
      <shelf name="science-fiction-fantasy" count="6"/>
      <shelf name="unfinished" count="6"/>
      <shelf name="sci-fi-and-fantasy" count="6"/>
      <shelf name="sf-fantasy" count="6"/>
      <shelf name="own-it" count="6"/>
      <shelf name="miller-karen" count="6"/>
      <shelf name="genre-fantasy" count="6"/>
      <shelf name="fantasy-high" count="5"/>
      <shelf name="home-library" count="5"/>
      <shelf name="dark-fantasy" count="5"/>
      <shelf name="paranormal" count="5"/>
      <shelf name="fantasy-series" count="5"/>
      <shelf name="gave-up-on" count="5"/>
      <shelf name="tbr-pile" count="5"/>
      <shelf name="adult-fantasy" count="5"/>
      <shelf name="action-adventure" count="5"/>
      <shelf name="never-finished" count="5"/>
      <shelf name="fantasy-and-sci-fi" count="5"/>
      <shelf name="own-to-read" count="5"/>
      <shelf name="fantasy-books" count="5"/>
      <shelf name="read-in-2015" count="4"/>
      <shelf name="on-hold" count="4"/>
      <shelf name="owned-to-read" count="4"/>
      <shelf name="to-sort" count="4"/>
      <shelf name="collection" count="4"/>
  </popular_shelves>
  <book_links>
    <book_link>
  <id>8</id>
  <name>Libraries</name>
  <link>https://www.goodreads.com/book_link/follow/8</link>
</book_link>

  </book_links>
  <buy_links>
    <buy_link>
<id>1</id>
<name>Amazon</name>
<link>https://www.goodreads.com/book_link/follow/1</link>
</buy_link>
<buy_link>
<id>10</id>
<name>Audible</name>
<link>https://www.goodreads.com/book_link/follow/10</link>
</buy_link>
<buy_link>
<id>3</id>
<name>Barnes &amp; Noble</name>
<link>https://www.goodreads.com/book_link/follow/3</link>
</buy_link>
<buy_link>
<id>1027</id>
<name>Kobo</name>
<link>https://www.goodreads.com/book_link/follow/1027</link>
</buy_link>
<buy_link>
<id>2102</id>
<name>Apple iBooks</name>
<link>https://www.goodreads.com/book_link/follow/2102</link>
</buy_link>
<buy_link>
<id>8036</id>
<name>Google Play</name>
<link>https://www.goodreads.com/book_link/follow/8036</link>
</buy_link>
<buy_link>
<id>4</id>
<name>Abebooks</name>
<link>https://www.goodreads.com/book_link/follow/4</link>
</buy_link>
<buy_link>
<id>882</id>
<name>Book Depository</name>
<link>https://www.goodreads.com/book_link/follow/882</link>
</buy_link>
<buy_link>
<id>9</id>
<name>Indigo</name>
<link>https://www.goodreads.com/book_link/follow/9</link>
</buy_link>
<buy_link>
<id>2</id>
<name>Half.com</name>
<link>https://www.goodreads.com/book_link/follow/2</link>
</buy_link>
<buy_link>
<id>5</id>
<name>Alibris</name>
<link>https://www.goodreads.com/book_link/follow/5</link>
</buy_link>
<buy_link>
<id>107</id>
<name>Better World Books</name>
<link>https://www.goodreads.com/book_link/follow/107</link>
</buy_link>
<buy_link>
<id>7</id>
<name>IndieBound</name>
<link>https://www.goodreads.com/book_link/follow/7</link>
</buy_link>

  </buy_links>
  <series_works>
    <series_work>
<id>222336</id>
<user_position>1</user_position>
<series>
<id>55452</id>
<title>
<![CDATA[
    Kingmaker, Kingbreaker
]]>
</title>
<description>
<![CDATA[
]]>
</description>
<note>
<![CDATA[
    "A Blight of Mages" is a novel-length prequel, so should have integer (i.e. #0) as series number.
]]>
</note>
<series_works_count>4</series_works_count>
<primary_work_count>2</primary_work_count>
<numbered>true</numbered>
</series>

</series_work>

  </series_works>
  <similar_books>
          <book>
<id>6287972</id>
<title><![CDATA[Wizard Squared (Rogue Agent, #3)]]></title>
<title_without_series>Wizard Squared</title_without_series>
<link><![CDATA[https://www.goodreads.com/book/show/6287972-wizard-squared]]></link>
<small_image_url><![CDATA[https://images.gr-assets.com/books/1328017637s/6287972.jpg]]></small_image_url>
<image_url><![CDATA[https://images.gr-assets.com/books/1328017637m/6287972.jpg]]></image_url>
<num_pages>531</num_pages>
<work>
<id>6472266</id>
</work>
<isbn>1841497290</isbn>
<isbn13>9781841497297</isbn13>
<average_rating>3.78</average_rating>
<ratings_count>1481</ratings_count>
<publication_year>2010</publication_year>
<publication_month>7</publication_month>
<publication_day>1</publication_day>
<authors>
<author>
<id>1267027</id>
<name>K.E. Mills</name>
<link><![CDATA[https://www.goodreads.com/author/show/1267027.K_E_Mills]]></link>
</author>
</authors>
</book>

          <book>
<id>321353</id>
<title><![CDATA[The Summoner (Chronicles of the Necromancer, #1)]]></title>
<title_without_series>The Summoner</title_without_series>
<link><![CDATA[https://www.goodreads.com/book/show/321353.The_Summoner]]></link>
<small_image_url><![CDATA[https://images.gr-assets.com/books/1332154724s/321353.jpg]]></small_image_url>
<image_url><![CDATA[https://images.gr-assets.com/books/1332154724m/321353.jpg]]></image_url>
<num_pages>637</num_pages>
<work>
<id>312085</id>
</work>
<isbn>1844164683</isbn>
<isbn13>9781844164684</isbn13>
<average_rating>3.71</average_rating>
<ratings_count>10344</ratings_count>
<publication_year>2007</publication_year>
<publication_month>1</publication_month>
<publication_day>30</publication_day>
<authors>
<author>
<id>1637418</id>
<name>Gail Z. Martin</name>
<link><![CDATA[https://www.goodreads.com/author/show/1637418.Gail_Z_Martin]]></link>
</author>
</authors>
</book>

          <book>
<id>7812372</id>
<title><![CDATA[Stormlord Rising (Watergivers, #2)]]></title>
<title_without_series>Stormlord Rising</title_without_series>
<link><![CDATA[https://www.goodreads.com/book/show/7812372-stormlord-rising]]></link>
<small_image_url><![CDATA[https://s.gr-assets.com/assets/nophoto/book/50x75-a91bf249278a81aabab721ef782c4a74.png]]></small_image_url>
<image_url><![CDATA[https://s.gr-assets.com/assets/nophoto/book/111x148-bcc042a9c91a29c1d680899eff700a03.png]]></image_url>
<num_pages>619</num_pages>
<work>
<id>10828360</id>
</work>
<isbn>0732289300</isbn>
<isbn13>9780732289300</isbn13>
<average_rating>3.88</average_rating>
<ratings_count>2639</ratings_count>
<publication_year>2010</publication_year>
<publication_month>3</publication_month>
<publication_day>1</publication_day>
<authors>
<author>
<id>3857639</id>
<name>Glenda Larke</name>
<link><![CDATA[https://www.goodreads.com/author/show/3857639.Glenda_Larke]]></link>
</author>
</authors>
</book>

          <book>
<id>4914044</id>
<title>Royal Exile (Valisar, #1)</title>
<title_without_series>Royal Exile</title_without_series>
<link><![CDATA[https://www.goodreads.com/book/show/4914044-royal-exile]]></link>
<small_image_url><![CDATA[https://images.gr-assets.com/books/1404589206s/4914044.jpg]]></small_image_url>
<image_url><![CDATA[https://images.gr-assets.com/books/1404589206m/4914044.jpg]]></image_url>
<num_pages>441</num_pages>
<work>
<id>4979588</id>
</work>
<isbn>0061582689</isbn>
<isbn13>9780061582684</isbn13>
<average_rating>3.74</average_rating>
<ratings_count>1813</ratings_count>
<publication_year>2008</publication_year>
<publication_month>12</publication_month>
<publication_day>30</publication_day>
<authors>
<author>
<id>47792</id>
<name>Fiona McIntosh</name>
<link><![CDATA[https://www.goodreads.com/author/show/47792.Fiona_McIntosh]]></link>
</author>
</authors>
</book>

          <book>
<id>7165405</id>
<title><![CDATA[The Ambassador's Mission (Traitor Spy Trilogy, #1)]]></title>
<title_without_series>The Ambassador&apos;s Mission</title_without_series>
<link><![CDATA[https://www.goodreads.com/book/show/7165405-the-ambassador-s-mission]]></link>
<small_image_url><![CDATA[https://s.gr-assets.com/assets/nophoto/book/50x75-a91bf249278a81aabab721ef782c4a74.png]]></small_image_url>
<image_url><![CDATA[https://s.gr-assets.com/assets/nophoto/book/111x148-bcc042a9c91a29c1d680899eff700a03.png]]></image_url>
<num_pages></num_pages>
<work>
<id>6799328</id>
</work>
<isbn>0316037834</isbn>
<isbn13>9780316037839</isbn13>
<average_rating>3.90</average_rating>
<ratings_count>14745</ratings_count>
<publication_year></publication_year>
<publication_month></publication_month>
<publication_day></publication_day>
<authors>
<author>
<id>15890</id>
<name>Trudi Canavan</name>
<link><![CDATA[https://www.goodreads.com/author/show/15890.Trudi_Canavan]]></link>
</author>
</authors>
</book>

          <book>
<id>30650036</id>
<title><![CDATA[The King's Bastard (King Rolen's Kin, #1)]]></title>
<title_without_series>The King&apos;s Bastard</title_without_series>
<link><![CDATA[https://www.goodreads.com/book/show/30650036-the-king-s-bastard]]></link>
<small_image_url><![CDATA[https://images.gr-assets.com/books/1468787080s/30650036.jpg]]></small_image_url>
<image_url><![CDATA[https://images.gr-assets.com/books/1468787080m/30650036.jpg]]></image_url>
<num_pages>400</num_pages>
<work>
<id>10247228</id>
</work>
<isbn>1781085323</isbn>
<isbn13>9781781085325</isbn13>
<average_rating>3.63</average_rating>
<ratings_count>2672</ratings_count>
<publication_year>2016</publication_year>
<publication_month>9</publication_month>
<publication_day>13</publication_day>
<authors>
<author>
<id>2847542</id>
<name>Rowena Cory Daniells</name>
<link><![CDATA[https://www.goodreads.com/author/show/2847542.Rowena_Cory_Daniells]]></link>
</author>
</authors>
</book>

          <book>
<id>1462020</id>
<title><![CDATA[Winterbirth (The Godless World, #1)]]></title>
<title_without_series>Winterbirth</title_without_series>
<link><![CDATA[https://www.goodreads.com/book/show/1462020.Winterbirth]]></link>
<small_image_url><![CDATA[https://images.gr-assets.com/books/1338619453s/1462020.jpg]]></small_image_url>
<image_url><![CDATA[https://images.gr-assets.com/books/1338619453m/1462020.jpg]]></image_url>
<num_pages>541</num_pages>
<work>
<id>1452879</id>
</work>
<isbn>0316067695</isbn>
<isbn13>9780316067690</isbn13>
<average_rating>3.35</average_rating>
<ratings_count>2890</ratings_count>
<publication_year></publication_year>
<publication_month></publication_month>
<publication_day></publication_day>
<authors>
<author>
<id>685776</id>
<name>Brian Ruckley</name>
<link><![CDATA[https://www.goodreads.com/author/show/685776.Brian_Ruckley]]></link>
</author>
</authors>
</book>

          <book>
<id>1057502</id>
<title><![CDATA[Across the Face of the World (Fire of Heaven, #1)]]></title>
<title_without_series>Across the Face of the World</title_without_series>
<link><![CDATA[https://www.goodreads.com/book/show/1057502.Across_the_Face_of_the_World]]></link>
<small_image_url><![CDATA[https://images.gr-assets.com/books/1415589524s/1057502.jpg]]></small_image_url>
<image_url><![CDATA[https://images.gr-assets.com/books/1415589524m/1057502.jpg]]></image_url>
<num_pages>576</num_pages>
<work>
<id>3023237</id>
</work>
<isbn>1841494631</isbn>
<isbn13>9781841494630</isbn13>
<average_rating>3.23</average_rating>
<ratings_count>1131</ratings_count>
<publication_year></publication_year>
<publication_month></publication_month>
<publication_day></publication_day>
<authors>
<author>
<id>75750</id>
<name>Russell Kirkpatrick</name>
<link><![CDATA[https://www.goodreads.com/author/show/75750.Russell_Kirkpatrick]]></link>
</author>
</authors>
</book>

          <book>
<id>4039512</id>
<title><![CDATA[Traitors' Gate (Crossroads, #3)]]></title>
<title_without_series>Traitors&apos; Gate</title_without_series>
<link><![CDATA[https://www.goodreads.com/book/show/4039512-traitors-gate]]></link>
<small_image_url><![CDATA[https://s.gr-assets.com/assets/nophoto/book/50x75-a91bf249278a81aabab721ef782c4a74.png]]></small_image_url>
<image_url><![CDATA[https://s.gr-assets.com/assets/nophoto/book/111x148-bcc042a9c91a29c1d680899eff700a03.png]]></image_url>
<num_pages>654</num_pages>
<work>
<id>4086467</id>
</work>
<isbn>0765310570</isbn>
<isbn13>9780765310576</isbn13>
<average_rating>3.95</average_rating>
<ratings_count>1518</ratings_count>
<publication_year>2009</publication_year>
<publication_month>8</publication_month>
<publication_day>18</publication_day>
<authors>
<author>
<id>8660</id>
<name>Kate Elliott</name>
<link><![CDATA[https://www.goodreads.com/author/show/8660.Kate_Elliott]]></link>
</author>
</authors>
</book>

          <book>
<id>8612889</id>
<title><![CDATA[The Sentinel Mage (The Cursed Kingdoms, #1)]]></title>
<title_without_series>The Sentinel Mage</title_without_series>
<link><![CDATA[https://www.goodreads.com/book/show/8612889-the-sentinel-mage]]></link>
<small_image_url><![CDATA[https://images.gr-assets.com/books/1331392774s/8612889.jpg]]></small_image_url>
<image_url><![CDATA[https://images.gr-assets.com/books/1331392774m/8612889.jpg]]></image_url>
<num_pages>509</num_pages>
<work>
<id>13483318</id>
</work>
<isbn>1907519505</isbn>
<isbn13>9781907519505</isbn13>
<average_rating>3.72</average_rating>
<ratings_count>1648</ratings_count>
<publication_year>2011</publication_year>
<publication_month>1</publication_month>
<publication_day>25</publication_day>
<authors>
<author>
<id>429197</id>
<name>Emily Gee</name>
<link><![CDATA[https://www.goodreads.com/author/show/429197.Emily_Gee]]></link>
</author>
</authors>
</book>

  </similar_books>
</book>

</GoodreadsResponse>