<?xml version="1.0" encoding="UTF-8"?>
<GoodreadsResponse>
  <Request>
    <authentication>true</authentication>
      <key><![CDATA[all_men_must_serve]]></key>
    <method><![CDATA[book_show]]></method>
  </Request>
  <book>
  <id>10518423</id>
  <title>The Soldier&apos;s Wife</title>
  <isbn><![CDATA[1401341705]]></isbn>
  <isbn13><![CDATA[9781401341701]]></isbn13>
  <asin><![CDATA[]]></asin>
  <kindle_asin><![CDATA[B004ZM073Y]]></kindle_asin>
  <marketplace_id><![CDATA[A1F83G8C2ARO7P]]></marketplace_id>
  <country_code><![CDATA[GB]]></country_code>
  <image_url>https://s.gr-assets.com/assets/nophoto/book/111x148-bcc042a9c91a29c1d680899eff700a03.png</image_url>
  <small_image_url>https://s.gr-assets.com/assets/nophoto/book/50x75-a91bf249278a81aabab721ef782c4a74.png</small_image_url>
  <publication_year></publication_year>
  <publication_month></publication_month>
  <publication_day></publication_day>
  <publisher></publisher>
  <language_code>en-US</language_code>
  <is_ebook>false</is_ebook>
  <description><![CDATA[As World War II draws closer and closer to Guernsey, Vivienne de la Mare knows that there will be sacrifices to be made. Not just for herself, but for her two young daughters and for her mother-in-law, for whom she cares while her husband is away fighting. What she does not expect is that she will fall in love with one of the enigmatic German soldiers who take up residence in the house next door to her home. As their relationship intensifies, so do the pressures on Vivienne. Food and resources grow scant, and the restrictions placed upon the residents of the island grow with each passing week. Though Vivienne knows the perils of her love affair with Gunther, she believes that she can keep their relationship and her family safe. But when she becomes aware of the full brutality of the Occupation, she must decide if she is willing to risk her personal happiness for the life of a stranger.]]></description>
  <work>
  <id type="integer">15424477</id>
  <books_count type="integer">23</books_count>
  <best_book_id type="integer">10518423</best_book_id>
  <reviews_count type="integer">33081</reviews_count>
  <ratings_sum type="integer">47756</ratings_sum>
  <ratings_count type="integer">12312</ratings_count>
  <text_reviews_count type="integer">1387</text_reviews_count>
  <original_publication_year type="integer">2011</original_publication_year>
  <original_publication_month type="integer">1</original_publication_month>
  <original_publication_day type="integer">1</original_publication_day>
  <original_title>The Collaborator</original_title>
  <original_language_id type="integer" nil="true"/>
  <media_type>book</media_type>
  <rating_dist>5:3203|4:5387|3:2939|2:593|1:190|total:12312</rating_dist>
  <desc_user_id type="integer">1090898</desc_user_id>
  <default_chaptering_book_id type="integer" nil="true"/>
  <default_description_language_code nil="true"/>
</work>
  <average_rating>3.88</average_rating>
  <num_pages><![CDATA[]]></num_pages>
  <format><![CDATA[]]></format>
  <edition_information><![CDATA[]]></edition_information>
  <ratings_count><![CDATA[11425]]></ratings_count>
  <text_reviews_count><![CDATA[1266]]></text_reviews_count>
  <url><![CDATA[https://www.goodreads.com/book/show/10518423-the-soldier-s-wife]]></url>
  <link><![CDATA[https://www.goodreads.com/book/show/10518423-the-soldier-s-wife]]></link>
  <authors>
<author>
<id>501929</id>
<name>Margaret Leroy</name>
<role></role>
<image_url nophoto='false'>
<![CDATA[https://images.gr-assets.com/authors/1408793364p5/501929.jpg]]>
</image_url>
<small_image_url nophoto='false'>
<![CDATA[https://images.gr-assets.com/authors/1408793364p2/501929.jpg]]>
</small_image_url>
<link><![CDATA[https://www.goodreads.com/author/show/501929.Margaret_Leroy]]></link>
<average_rating>3.82</average_rating>
<ratings_count>14652</ratings_count>
<text_reviews_count>1804</text_reviews_count>
</author>
</authors>

    <reviews_widget>
      <![CDATA[
        <style>
  #goodreads-widget {
    font-family: georgia, serif;
    padding: 18px 0;
    width:565px;
  }
  #goodreads-widget h1 {
    font-weight:normal;
    font-size: 16px;
    border-bottom: 1px solid #BBB596;
    margin-bottom: 0;
  }
  #goodreads-widget a {
    text-decoration: none;
    color:#660;
  }
  iframe{
    background-color: #fff;
  }
  #goodreads-widget a:hover { text-decoration: underline; }
  #goodreads-widget a:active {
    color:#660;
  }
  #gr_footer {
    width: 100%;
    border-top: 1px solid #BBB596;
    text-align: right;
  }
  #goodreads-widget .gr_branding{
    color: #382110;
    font-size: 11px;
    text-decoration: none;
    font-family: "Helvetica Neue", Helvetica, Arial, sans-serif;
  }
</style>
<div id="goodreads-widget">
  <div id="gr_header"><h1><a rel="nofollow" href="https://www.goodreads.com/book/show/10518423-the-soldier-s-wife">The Soldier&#39;s Wife Reviews</a></h1></div>
  <iframe id="the_iframe" src="https://www.goodreads.com/api/reviews_widget_iframe?did=DEVELOPER_ID&amp;format=html&amp;isbn=1401341705&amp;links=660&amp;min_rating=&amp;review_back=fff&amp;stars=000&amp;text=000" width="565" height="400" frameborder="0"></iframe>
  <div id="gr_footer">
    <a class="gr_branding" target="_blank" rel="nofollow" href="https://www.goodreads.com/book/show/10518423-the-soldier-s-wife?utm_medium=api&amp;utm_source=reviews_widget">Reviews from Goodreads.com</a>
  </div>
</div>

      ]]>
    </reviews_widget>
  <popular_shelves>
      <shelf name="to-read" count="7335"/>
      <shelf name="historical-fiction" count="480"/>
      <shelf name="wwii" count="88"/>
      <shelf name="historical" count="74"/>
      <shelf name="romance" count="69"/>
      <shelf name="favorites" count="59"/>
      <shelf name="world-war-ii" count="53"/>
      <shelf name="kindle" count="52"/>
      <shelf name="book-club" count="49"/>
      <shelf name="fiction" count="41"/>
      <shelf name="war" count="39"/>
      <shelf name="ww2" count="35"/>
      <shelf name="books-i-own" count="34"/>
      <shelf name="currently-reading" count="29"/>
      <shelf name="adult-fiction" count="28"/>
      <shelf name="library" count="24"/>
      <shelf name="history" count="24"/>
      <shelf name="chick-lit" count="20"/>
      <shelf name="read-in-2012" count="19"/>
      <shelf name="ebooks" count="18"/>
      <shelf name="arc" count="17"/>
      <shelf name="adult" count="16"/>
      <shelf name="guernsey" count="16"/>
      <shelf name="owned" count="15"/>
      <shelf name="wish-list" count="15"/>
      <shelf name="read-in-2011" count="15"/>
      <shelf name="england" count="14"/>
      <shelf name="world-war-2" count="14"/>
      <shelf name="ebook" count="12"/>
      <shelf name="first-reads" count="12"/>
      <shelf name="want-to-read" count="11"/>
      <shelf name="owned-books" count="11"/>
      <shelf name="read-in-2013" count="10"/>
      <shelf name="historical-romance" count="10"/>
      <shelf name="europe" count="10"/>
      <shelf name="family-relationships" count="8"/>
      <shelf name="novels" count="8"/>
      <shelf name="ww-ii" count="8"/>
      <shelf name="nook" count="7"/>
      <shelf name="nook-books" count="7"/>
      <shelf name="relationships" count="7"/>
      <shelf name="i-own" count="7"/>
      <shelf name="to-buy" count="7"/>
      <shelf name="default" count="6"/>
      <shelf name="overdrive" count="6"/>
      <shelf name="e-books" count="6"/>
      <shelf name="recommended" count="6"/>
      <shelf name="women" count="6"/>
      <shelf name="channel-islands" count="6"/>
      <shelf name="world-war-two" count="6"/>
      <shelf name="book-group" count="6"/>
      <shelf name="france" count="6"/>
      <shelf name="read-2016" count="5"/>
      <shelf name="read-in-2015" count="5"/>
      <shelf name="women-s-fiction" count="5"/>
      <shelf name="kindle-books" count="5"/>
      <shelf name="bookclub" count="5"/>
      <shelf name="drama" count="5"/>
      <shelf name="read-2012" count="5"/>
      <shelf name="maybe" count="5"/>
      <shelf name="my-ebooks" count="5"/>
      <shelf name="british" count="5"/>
      <shelf name="my-library" count="5"/>
      <shelf name="wwii-fiction" count="5"/>
      <shelf name="library-book" count="5"/>
      <shelf name="own-it" count="5"/>
      <shelf name="library-books" count="5"/>
      <shelf name="womens-fiction" count="5"/>
      <shelf name="read-2011" count="5"/>
      <shelf name="literature" count="5"/>
      <shelf name="forbidden-love-affair" count="4"/>
      <shelf name="read-2015" count="4"/>
      <shelf name="read-2013" count="4"/>
      <shelf name="to-read-fiction" count="4"/>
      <shelf name="at-library" count="4"/>
      <shelf name="kobo" count="4"/>
      <shelf name="need" count="4"/>
      <shelf name="2012-reads" count="4"/>
      <shelf name="own-kindle" count="4"/>
      <shelf name="2012-books" count="4"/>
      <shelf name="didn-t-finish" count="4"/>
      <shelf name="historic-fiction" count="4"/>
      <shelf name="holocaust" count="4"/>
      <shelf name="couldn-t-finish" count="4"/>
      <shelf name="wwii-historical-fiction" count="4"/>
      <shelf name="book-club-reads" count="4"/>
      <shelf name="historical-fiction-wwii" count="4"/>
      <shelf name="maybe-read" count="4"/>
      <shelf name="2011-reads" count="4"/>
      <shelf name="historical-fic" count="4"/>
      <shelf name="leroy" count="3"/>
      <shelf name="mother-daughter-relationship" count="3"/>
      <shelf name="scanned" count="3"/>
      <shelf name="to-read-next" count="3"/>
      <shelf name="home-library" count="3"/>
      <shelf name="paperback" count="3"/>
      <shelf name="my-books" count="3"/>
      <shelf name="need-to-buy" count="3"/>
      <shelf name="read-in-2014" count="3"/>
      <shelf name="world-war-ii-books" count="3"/>
  </popular_shelves>
  <book_links>
    <book_link>
  <id>8</id>
  <name>Libraries</name>
  <link>https://www.goodreads.com/book_link/follow/8</link>
</book_link>

  </book_links>
  <buy_links>
    <buy_link>
<id>1</id>
<name>Amazon</name>
<link>https://www.goodreads.com/book_link/follow/1</link>
</buy_link>
<buy_link>
<id>10</id>
<name>Audible</name>
<link>https://www.goodreads.com/book_link/follow/10</link>
</buy_link>
<buy_link>
<id>3</id>
<name>Barnes &amp; Noble</name>
<link>https://www.goodreads.com/book_link/follow/3</link>
</buy_link>
<buy_link>
<id>1027</id>
<name>Kobo</name>
<link>https://www.goodreads.com/book_link/follow/1027</link>
</buy_link>
<buy_link>
<id>2102</id>
<name>Apple iBooks</name>
<link>https://www.goodreads.com/book_link/follow/2102</link>
</buy_link>
<buy_link>
<id>8036</id>
<name>Google Play</name>
<link>https://www.goodreads.com/book_link/follow/8036</link>
</buy_link>
<buy_link>
<id>4</id>
<name>Abebooks</name>
<link>https://www.goodreads.com/book_link/follow/4</link>
</buy_link>
<buy_link>
<id>882</id>
<name>Book Depository</name>
<link>https://www.goodreads.com/book_link/follow/882</link>
</buy_link>
<buy_link>
<id>9</id>
<name>Indigo</name>
<link>https://www.goodreads.com/book_link/follow/9</link>
</buy_link>
<buy_link>
<id>2</id>
<name>Half.com</name>
<link>https://www.goodreads.com/book_link/follow/2</link>
</buy_link>
<buy_link>
<id>5</id>
<name>Alibris</name>
<link>https://www.goodreads.com/book_link/follow/5</link>
</buy_link>
<buy_link>
<id>107</id>
<name>Better World Books</name>
<link>https://www.goodreads.com/book_link/follow/107</link>
</buy_link>
<buy_link>
<id>7</id>
<name>IndieBound</name>
<link>https://www.goodreads.com/book_link/follow/7</link>
</buy_link>

  </buy_links>
  <series_works>
    
  </series_works>
  <similar_books>
          <book>
<id>9678825</id>
<title>The Last Time I Saw Paris</title>
<title_without_series>The Last Time I Saw Paris</title_without_series>
<link><![CDATA[https://www.goodreads.com/book/show/9678825-the-last-time-i-saw-paris]]></link>
<small_image_url><![CDATA[https://images.gr-assets.com/books/1311703220s/9678825.jpg]]></small_image_url>
<image_url><![CDATA[https://images.gr-assets.com/books/1311703220m/9678825.jpg]]></image_url>
<num_pages>354</num_pages>
<work>
<id>14566724</id>
</work>
<isbn>0425240843</isbn>
<isbn13>9780425240847</isbn13>
<average_rating>3.77</average_rating>
<ratings_count>3068</ratings_count>
<publication_year></publication_year>
<publication_month></publication_month>
<publication_day></publication_day>
<authors>
<author>
<id>4455250</id>
<name>Lynn Sheene</name>
<link><![CDATA[https://www.goodreads.com/author/show/4455250.Lynn_Sheene]]></link>
</author>
</authors>
</book>

          <book>
<id>9413657</id>
<title>Letters From Home</title>
<title_without_series>Letters From Home</title_without_series>
<link><![CDATA[https://www.goodreads.com/book/show/9413657-letters-from-home]]></link>
<small_image_url><![CDATA[https://s.gr-assets.com/assets/nophoto/book/50x75-a91bf249278a81aabab721ef782c4a74.png]]></small_image_url>
<image_url><![CDATA[https://s.gr-assets.com/assets/nophoto/book/111x148-bcc042a9c91a29c1d680899eff700a03.png]]></image_url>
<num_pages>364</num_pages>
<work>
<id>14297764</id>
</work>
<isbn>0758246846</isbn>
<isbn13>9780758246844</isbn13>
<average_rating>3.81</average_rating>
<ratings_count>2311</ratings_count>
<publication_year>2011</publication_year>
<publication_month>2</publication_month>
<publication_day>22</publication_day>
<authors>
<author>
<id>4384611</id>
<name>Kristina McMorris</name>
<link><![CDATA[https://www.goodreads.com/author/show/4384611.Kristina_McMorris]]></link>
</author>
</authors>
</book>

          <book>
<id>9746256</id>
<title>The Things We Cherished</title>
<title_without_series>The Things We Cherished</title_without_series>
<link><![CDATA[https://www.goodreads.com/book/show/9746256-the-things-we-cherished]]></link>
<small_image_url><![CDATA[https://images.gr-assets.com/books/1320561508s/9746256.jpg]]></small_image_url>
<image_url><![CDATA[https://images.gr-assets.com/books/1320561508m/9746256.jpg]]></image_url>
<num_pages>288</num_pages>
<work>
<id>14635419</id>
</work>
<isbn>0385534205</isbn>
<isbn13>9780385534208</isbn13>
<average_rating>3.73</average_rating>
<ratings_count>3722</ratings_count>
<publication_year></publication_year>
<publication_month></publication_month>
<publication_day></publication_day>
<authors>
<author>
<id>213562</id>
<name>Pam Jenoff</name>
<link><![CDATA[https://www.goodreads.com/author/show/213562.Pam_Jenoff]]></link>
</author>
</authors>
</book>

          <book>
<id>10158656</id>
<title>22 Britannia Road</title>
<title_without_series>22 Britannia Road</title_without_series>
<link><![CDATA[https://www.goodreads.com/book/show/10158656-22-britannia-road]]></link>
<small_image_url><![CDATA[https://images.gr-assets.com/books/1354984677s/10158656.jpg]]></small_image_url>
<image_url><![CDATA[https://images.gr-assets.com/books/1354984677m/10158656.jpg]]></image_url>
<num_pages>12</num_pages>
<work>
<id>15057137</id>
</work>
<isbn>1611760038</isbn>
<isbn13>9781611760033</isbn13>
<average_rating>3.62</average_rating>
<ratings_count>9832</ratings_count>
<publication_year></publication_year>
<publication_month></publication_month>
<publication_day></publication_day>
<authors>
<author>
<id>4567126</id>
<name>Amanda Hodgkinson</name>
<link><![CDATA[https://www.goodreads.com/author/show/4567126.Amanda_Hodgkinson]]></link>
</author>
</authors>
</book>

          <book>
<id>1998880</id>
<title>My Enemy&apos;s Cradle</title>
<title_without_series>My Enemy&apos;s Cradle</title_without_series>
<link><![CDATA[https://www.goodreads.com/book/show/1998880.My_Enemy_s_Cradle]]></link>
<small_image_url><![CDATA[https://s.gr-assets.com/assets/nophoto/book/50x75-a91bf249278a81aabab721ef782c4a74.png]]></small_image_url>
<image_url><![CDATA[https://s.gr-assets.com/assets/nophoto/book/111x148-bcc042a9c91a29c1d680899eff700a03.png]]></image_url>
<num_pages>365</num_pages>
<work>
<id>2002687</id>
</work>
<isbn>0151015376</isbn>
<isbn13>9780151015375</isbn13>
<average_rating>4.05</average_rating>
<ratings_count>5608</ratings_count>
<publication_year></publication_year>
<publication_month></publication_month>
<publication_day></publication_day>
<authors>
<author>
<id>908182</id>
<name>Sara Young</name>
<link><![CDATA[https://www.goodreads.com/author/show/908182.Sara_Young]]></link>
</author>
</authors>
</book>

          <book>
<id>10837217</id>
<title>Next to Love</title>
<title_without_series>Next to Love</title_without_series>
<link><![CDATA[https://www.goodreads.com/book/show/10837217-next-to-love]]></link>
<small_image_url><![CDATA[https://images.gr-assets.com/books/1325548868s/10837217.jpg]]></small_image_url>
<image_url><![CDATA[https://images.gr-assets.com/books/1325548868m/10837217.jpg]]></image_url>
<num_pages>304</num_pages>
<work>
<id>13917287</id>
</work>
<isbn>0812992717</isbn>
<isbn13>9780812992717</isbn13>
<average_rating>3.54</average_rating>
<ratings_count>3390</ratings_count>
<publication_year>2011</publication_year>
<publication_month>7</publication_month>
<publication_day>26</publication_day>
<authors>
<author>
<id>3727</id>
<name>Ellen Feldman</name>
<link><![CDATA[https://www.goodreads.com/author/show/3727.Ellen_Feldman]]></link>
</author>
</authors>
</book>

          <book>
<id>323136</id>
<title>Anya</title>
<title_without_series>Anya</title_without_series>
<link><![CDATA[https://www.goodreads.com/book/show/323136.Anya]]></link>
<small_image_url><![CDATA[https://s.gr-assets.com/assets/nophoto/book/50x75-a91bf249278a81aabab721ef782c4a74.png]]></small_image_url>
<image_url><![CDATA[https://s.gr-assets.com/assets/nophoto/book/111x148-bcc042a9c91a29c1d680899eff700a03.png]]></image_url>
<num_pages>512</num_pages>
<work>
<id>927926</id>
</work>
<isbn>0393325210</isbn>
<isbn13>9780393325218</isbn13>
<average_rating>3.99</average_rating>
<ratings_count>1179</ratings_count>
<publication_year>2004</publication_year>
<publication_month>2</publication_month>
<publication_day>17</publication_day>
<authors>
<author>
<id>93456</id>
<name>Susan Fromberg Schaeffer</name>
<link><![CDATA[https://www.goodreads.com/author/show/93456.Susan_Fromberg_Schaeffer]]></link>
</author>
</authors>
</book>

          <book>
<id>11010251</id>
<title>The Lost Wife</title>
<title_without_series>The Lost Wife</title_without_series>
<link><![CDATA[https://www.goodreads.com/book/show/11010251-the-lost-wife]]></link>
<small_image_url><![CDATA[https://images.gr-assets.com/books/1394994929s/11010251.jpg]]></small_image_url>
<image_url><![CDATA[https://images.gr-assets.com/books/1394994929m/11010251.jpg]]></image_url>
<num_pages></num_pages>
<work>
<id>15929266</id>
</work>
<isbn>042524413X</isbn>
<isbn13>9780425244135</isbn13>
<average_rating>4.20</average_rating>
<ratings_count>35960</ratings_count>
<publication_year></publication_year>
<publication_month></publication_month>
<publication_day></publication_day>
<authors>
<author>
<id>57239</id>
<name>Alyson Richman</name>
<link><![CDATA[https://www.goodreads.com/author/show/57239.Alyson_Richman]]></link>
</author>
</authors>
</book>

          <book>
<id>15018649</id>
<title>Villa Triste</title>
<title_without_series>Villa Triste</title_without_series>
<link><![CDATA[https://www.goodreads.com/book/show/15018649-villa-triste]]></link>
<small_image_url><![CDATA[https://images.gr-assets.com/books/1352368502s/15018649.jpg]]></small_image_url>
<image_url><![CDATA[https://images.gr-assets.com/books/1352368502m/15018649.jpg]]></image_url>
<num_pages>629</num_pages>
<work>
<id>10402784</id>
</work>
<isbn>1455505374</isbn>
<isbn13>9781455505371</isbn13>
<average_rating>4.17</average_rating>
<ratings_count>1782</ratings_count>
<publication_year>2013</publication_year>
<publication_month>1</publication_month>
<publication_day>22</publication_day>
<authors>
<author>
<id>827521</id>
<name>Lucretia Grindle</name>
<link><![CDATA[https://www.goodreads.com/author/show/827521.Lucretia_Grindle]]></link>
</author>
</authors>
</book>

          <book>
<id>9367969</id>
<title>When We Were Strangers</title>
<title_without_series>When We Were Strangers</title_without_series>
<link><![CDATA[https://www.goodreads.com/book/show/9367969-when-we-were-strangers]]></link>
<small_image_url><![CDATA[https://s.gr-assets.com/assets/nophoto/book/50x75-a91bf249278a81aabab721ef782c4a74.png]]></small_image_url>
<image_url><![CDATA[https://s.gr-assets.com/assets/nophoto/book/111x148-bcc042a9c91a29c1d680899eff700a03.png]]></image_url>
<num_pages>328</num_pages>
<work>
<id>14251493</id>
</work>
<isbn>0062003992</isbn>
<isbn13>9780062003997</isbn13>
<average_rating>3.82</average_rating>
<ratings_count>4652</ratings_count>
<publication_year>2011</publication_year>
<publication_month>1</publication_month>
<publication_day>25</publication_day>
<authors>
<author>
<id>4372306</id>
<name>Pamela Schoenewaldt</name>
<link><![CDATA[https://www.goodreads.com/author/show/4372306.Pamela_Schoenewaldt]]></link>
</author>
</authors>
</book>

          <book>
<id>10286085</id>
<title>A Young Wife</title>
<title_without_series>A Young Wife</title_without_series>
<link><![CDATA[https://www.goodreads.com/book/show/10286085-a-young-wife]]></link>
<small_image_url><![CDATA[https://s.gr-assets.com/assets/nophoto/book/50x75-a91bf249278a81aabab721ef782c4a74.png]]></small_image_url>
<image_url><![CDATA[https://s.gr-assets.com/assets/nophoto/book/111x148-bcc042a9c91a29c1d680899eff700a03.png]]></image_url>
<num_pages>289</num_pages>
<work>
<id>15130258</id>
</work>
<isbn>1451612729</isbn>
<isbn13>9781451612721</isbn13>
<average_rating>3.57</average_rating>
<ratings_count>826</ratings_count>
<publication_year></publication_year>
<publication_month></publication_month>
<publication_day></publication_day>
<authors>
<author>
<id>45876</id>
<name>Pam Lewis</name>
<link><![CDATA[https://www.goodreads.com/author/show/45876.Pam_Lewis]]></link>
</author>
</authors>
</book>

          <book>
<id>7545202</id>
<title>The Sandalwood Tree</title>
<title_without_series>The Sandalwood Tree</title_without_series>
<link><![CDATA[https://www.goodreads.com/book/show/7545202-the-sandalwood-tree]]></link>
<small_image_url><![CDATA[https://images.gr-assets.com/books/1327977413s/7545202.jpg]]></small_image_url>
<image_url><![CDATA[https://images.gr-assets.com/books/1327977413m/7545202.jpg]]></image_url>
<num_pages></num_pages>
<work>
<id>9825530</id>
</work>
<isbn>1416590595</isbn>
<isbn13>9781416590590</isbn13>
<average_rating>3.83</average_rating>
<ratings_count>2685</ratings_count>
<publication_year></publication_year>
<publication_month></publication_month>
<publication_day></publication_day>
<authors>
<author>
<id>904960</id>
<name>Elle Newmark</name>
<link><![CDATA[https://www.goodreads.com/author/show/904960.Elle_Newmark]]></link>
</author>
</authors>
</book>

          <book>
<id>6521868</id>
<title>The Yellow House</title>
<title_without_series>The Yellow House</title_without_series>
<link><![CDATA[https://www.goodreads.com/book/show/6521868-the-yellow-house]]></link>
<small_image_url><![CDATA[https://s.gr-assets.com/assets/nophoto/book/50x75-a91bf249278a81aabab721ef782c4a74.png]]></small_image_url>
<image_url><![CDATA[https://s.gr-assets.com/assets/nophoto/book/111x148-bcc042a9c91a29c1d680899eff700a03.png]]></image_url>
<num_pages>337</num_pages>
<work>
<id>6713772</id>
</work>
<isbn>1599952017</isbn>
<isbn13>9781599952017</isbn13>
<average_rating>3.80</average_rating>
<ratings_count>5665</ratings_count>
<publication_year></publication_year>
<publication_month></publication_month>
<publication_day></publication_day>
<authors>
<author>
<id>2951648</id>
<name>Patricia Falvey</name>
<link><![CDATA[https://www.goodreads.com/author/show/2951648.Patricia_Falvey]]></link>
</author>
</authors>
</book>

          <book>
<id>12104810</id>
<title>The Golden Hour</title>
<title_without_series>The Golden Hour</title_without_series>
<link><![CDATA[https://www.goodreads.com/book/show/12104810-the-golden-hour]]></link>
<small_image_url><![CDATA[https://images.gr-assets.com/books/1323357593s/12104810.jpg]]></small_image_url>
<image_url><![CDATA[https://images.gr-assets.com/books/1323357593m/12104810.jpg]]></image_url>
<num_pages></num_pages>
<work>
<id>17073752</id>
</work>
<isbn>0451237080</isbn>
<isbn13>9780451237088</isbn13>
<average_rating>3.62</average_rating>
<ratings_count>815</ratings_count>
<publication_year></publication_year>
<publication_month></publication_month>
<publication_day></publication_day>
<authors>
<author>
<id>1286707</id>
<name>Margaret Wurtele</name>
<link><![CDATA[https://www.goodreads.com/author/show/1286707.Margaret_Wurtele]]></link>
</author>
</authors>
</book>

          <book>
<id>11720964</id>
<title>The Bungalow</title>
<title_without_series>The Bungalow</title_without_series>
<link><![CDATA[https://www.goodreads.com/book/show/11720964-the-bungalow]]></link>
<small_image_url><![CDATA[https://images.gr-assets.com/books/1311141458s/11720964.jpg]]></small_image_url>
<image_url><![CDATA[https://images.gr-assets.com/books/1311141458m/11720964.jpg]]></image_url>
<num_pages>290</num_pages>
<work>
<id>16669172</id>
</work>
<isbn>0452297672</isbn>
<isbn13>9780452297678</isbn13>
<average_rating>3.95</average_rating>
<ratings_count>9469</ratings_count>
<publication_year>2011</publication_year>
<publication_month>12</publication_month>
<publication_day>27</publication_day>
<authors>
<author>
<id>4467375</id>
<name>Sarah Jio</name>
<link><![CDATA[https://www.goodreads.com/author/show/4467375.Sarah_Jio]]></link>
</author>
</authors>
</book>

          <book>
<id>7493133</id>
<title>A Fierce Radiance</title>
<title_without_series>A Fierce Radiance</title_without_series>
<link><![CDATA[https://www.goodreads.com/book/show/7493133-a-fierce-radiance]]></link>
<small_image_url><![CDATA[https://images.gr-assets.com/books/1264522024s/7493133.jpg]]></small_image_url>
<image_url><![CDATA[https://images.gr-assets.com/books/1264522024m/7493133.jpg]]></image_url>
<num_pages>530</num_pages>
<work>
<id>9639546</id>
</work>
<isbn>0061252514</isbn>
<isbn13>9780061252518</isbn13>
<average_rating>3.61</average_rating>
<ratings_count>2419</ratings_count>
<publication_year></publication_year>
<publication_month></publication_month>
<publication_day></publication_day>
<authors>
<author>
<id>236702</id>
<name>Lauren Belfer</name>
<link><![CDATA[https://www.goodreads.com/author/show/236702.Lauren_Belfer]]></link>
</author>
</authors>
</book>

          <book>
<id>10178343</id>
<title>The Girl in the Blue Beret</title>
<title_without_series>The Girl in the Blue Beret</title_without_series>
<link><![CDATA[https://www.goodreads.com/book/show/10178343-the-girl-in-the-blue-beret]]></link>
<small_image_url><![CDATA[https://s.gr-assets.com/assets/nophoto/book/50x75-a91bf249278a81aabab721ef782c4a74.png]]></small_image_url>
<image_url><![CDATA[https://s.gr-assets.com/assets/nophoto/book/111x148-bcc042a9c91a29c1d680899eff700a03.png]]></image_url>
<num_pages>345</num_pages>
<work>
<id>15077231</id>
</work>
<isbn>1400067189</isbn>
<isbn13>9781400067183</isbn13>
<average_rating>3.33</average_rating>
<ratings_count>2461</ratings_count>
<publication_year>2011</publication_year>
<publication_month>6</publication_month>
<publication_day>28</publication_day>
<authors>
<author>
<id>43848</id>
<name>Bobbie Ann Mason</name>
<link><![CDATA[https://www.goodreads.com/author/show/43848.Bobbie_Ann_Mason]]></link>
</author>
</authors>
</book>

          <book>
<id>9780676</id>
<title>Far to Go</title>
<title_without_series>Far to Go</title_without_series>
<link><![CDATA[https://www.goodreads.com/book/show/9780676-far-to-go]]></link>
<small_image_url><![CDATA[https://s.gr-assets.com/assets/nophoto/book/50x75-a91bf249278a81aabab721ef782c4a74.png]]></small_image_url>
<image_url><![CDATA[https://s.gr-assets.com/assets/nophoto/book/111x148-bcc042a9c91a29c1d680899eff700a03.png]]></image_url>
<num_pages></num_pages>
<work>
<id>13538148</id>
</work>
<isbn>0062034626</isbn>
<isbn13>9780062034625</isbn13>
<average_rating>3.78</average_rating>
<ratings_count>2416</ratings_count>
<publication_year></publication_year>
<publication_month></publication_month>
<publication_day></publication_day>
<authors>
<author>
<id>291125</id>
<name>Alison Pick</name>
<link><![CDATA[https://www.goodreads.com/author/show/291125.Alison_Pick]]></link>
</author>
</authors>
</book>

  </similar_books>
</book>

</GoodreadsResponse>