<?xml version="1.0" encoding="UTF-8"?>
<GoodreadsResponse>
  <Request>
    <authentication>true</authentication>
      <key><![CDATA[all_men_must_serve]]></key>
    <method><![CDATA[book_show]]></method>
  </Request>
  <book>
  <id>105189</id>
  <title><![CDATA[The Story of a Shipwrecked Sailor]]></title>
  <isbn><![CDATA[]]></isbn>
  <isbn13><![CDATA[9780140157550]]></isbn13>
  <asin><![CDATA[]]></asin>
  <kindle_asin><![CDATA[B00HVPSXLK]]></kindle_asin>
  <marketplace_id><![CDATA[A1F83G8C2ARO7P]]></marketplace_id>
  <country_code><![CDATA[GB]]></country_code>
  <image_url>https://images.gr-assets.com/books/1450711004m/105189.jpg</image_url>
  <small_image_url>https://images.gr-assets.com/books/1450711004s/105189.jpg</small_image_url>
  <publication_year>1996</publication_year>
  <publication_month>2</publication_month>
  <publication_day>29</publication_day>
  <publisher>Penguin Books Ltd</publisher>
  <language_code>eng</language_code>
  <is_ebook>false</is_ebook>
  <description><![CDATA[This is Marquez's account of a real-life event. In 1955, eight crew members of the destroyer Caldas, were swept into the Caribbean Sea. The sole survivor, Luis Alejandro Belasco, told the true version of the events to Marquez, causing great scandal at the time.]]></description>
  <work>
  <id type="integer">7893082</id>
  <books_count type="integer">115</books_count>
  <best_book_id type="integer">105189</best_book_id>
  <reviews_count type="integer">17414</reviews_count>
  <ratings_sum type="integer">42067</ratings_sum>
  <ratings_count type="integer">11284</ratings_count>
  <text_reviews_count type="integer">662</text_reviews_count>
  <original_publication_year type="integer">1970</original_publication_year>
  <original_publication_month type="integer" nil="true"/>
  <original_publication_day type="integer" nil="true"/>
  <original_title>Relato de un náufrago</original_title>
  <original_language_id type="integer" nil="true"/>
  <media_type>book</media_type>
  <rating_dist>5:2429|4:4506|3:3399|2:751|1:199|total:11284</rating_dist>
  <desc_user_id type="integer">16371504</desc_user_id>
  <default_chaptering_book_id type="integer" nil="true"/>
  <default_description_language_code nil="true"/>
</work>
  <average_rating>3.73</average_rating>
  <num_pages><![CDATA[106]]></num_pages>
  <format><![CDATA[Paperback]]></format>
  <edition_information><![CDATA[]]></edition_information>
  <ratings_count><![CDATA[5356]]></ratings_count>
  <text_reviews_count><![CDATA[251]]></text_reviews_count>
  <url><![CDATA[https://www.goodreads.com/book/show/105189.The_Story_of_a_Shipwrecked_Sailor]]></url>
  <link><![CDATA[https://www.goodreads.com/book/show/105189.The_Story_of_a_Shipwrecked_Sailor]]></link>
  <authors>
<author>
<id>13450</id>
<name>Gabriel García Márquez</name>
<role></role>
<image_url nophoto='false'>
<![CDATA[https://images.gr-assets.com/authors/1502310670p5/13450.jpg]]>
</image_url>
<small_image_url nophoto='false'>
<![CDATA[https://images.gr-assets.com/authors/1502310670p2/13450.jpg]]>
</small_image_url>
<link><![CDATA[https://www.goodreads.com/author/show/13450.Gabriel_Garc_a_M_rquez]]></link>
<average_rating>3.95</average_rating>
<ratings_count>1224123</ratings_count>
<text_reviews_count>54190</text_reviews_count>
</author>
<author>
<id>4380194</id>
<name>Randolph Hogan</name>
<role>Translator</role>
<image_url nophoto='true'>
<![CDATA[https://s.gr-assets.com/assets/nophoto/user/u_200x266-e183445fd1a1b5cc7075bb1cf7043306.png]]>
</image_url>
<small_image_url nophoto='true'>
<![CDATA[https://s.gr-assets.com/assets/nophoto/user/u_50x66-632230dc9882b4352d753eedf9396530.png]]>
</small_image_url>
<link><![CDATA[https://www.goodreads.com/author/show/4380194.Randolph_Hogan]]></link>
<average_rating>3.77</average_rating>
<ratings_count>5529</ratings_count>
<text_reviews_count>280</text_reviews_count>
</author>
</authors>

    <reviews_widget>
      <![CDATA[
        <style>
  #goodreads-widget {
    font-family: georgia, serif;
    padding: 18px 0;
    width:565px;
  }
  #goodreads-widget h1 {
    font-weight:normal;
    font-size: 16px;
    border-bottom: 1px solid #BBB596;
    margin-bottom: 0;
  }
  #goodreads-widget a {
    text-decoration: none;
    color:#660;
  }
  iframe{
    background-color: #fff;
  }
  #goodreads-widget a:hover { text-decoration: underline; }
  #goodreads-widget a:active {
    color:#660;
  }
  #gr_footer {
    width: 100%;
    border-top: 1px solid #BBB596;
    text-align: right;
  }
  #goodreads-widget .gr_branding{
    color: #382110;
    font-size: 11px;
    text-decoration: none;
    font-family: "Helvetica Neue", Helvetica, Arial, sans-serif;
  }
</style>
<div id="goodreads-widget">
  <div id="gr_header"><h1><a rel="nofollow" href="https://www.goodreads.com/book/show/105189.The_Story_of_a_Shipwrecked_Sailor">The Story of a Shipwrecked Sailor Reviews</a></h1></div>
  <iframe id="the_iframe" src="https://www.goodreads.com/api/reviews_widget_iframe?did=DEVELOPER_ID&amp;format=html&amp;isbn=9780140157550&amp;links=660&amp;min_rating=&amp;review_back=fff&amp;stars=000&amp;text=000" width="565" height="400" frameborder="0"></iframe>
  <div id="gr_footer">
    <a class="gr_branding" target="_blank" rel="nofollow" href="https://www.goodreads.com/book/show/105189.The_Story_of_a_Shipwrecked_Sailor?utm_medium=api&amp;utm_source=reviews_widget">Reviews from Goodreads.com</a>
  </div>
</div>

      ]]>
    </reviews_widget>
  <popular_shelves>
      <shelf name="to-read" count="1692"/>
      <shelf name="currently-reading" count="68"/>
      <shelf name="fiction" count="57"/>
      <shelf name="classics" count="45"/>
      <shelf name="books-i-own" count="38"/>
      <shelf name="owned" count="37"/>
      <shelf name="non-fiction" count="36"/>
      <shelf name="spanish" count="33"/>
      <shelf name="latin-america" count="33"/>
      <shelf name="literature" count="29"/>
      <shelf name="default" count="28"/>
      <shelf name="favorites" count="26"/>
      <shelf name="school" count="23"/>
      <shelf name="colombia" count="22"/>
      <shelf name="novela" count="22"/>
      <shelf name="gabriel-garcia-marquez" count="21"/>
      <shelf name="latin-american" count="21"/>
      <shelf name="adventure" count="20"/>
      <shelf name="latin-american-literature" count="19"/>
      <shelf name="novels" count="19"/>
      <shelf name="owned-books" count="15"/>
      <shelf name="biography" count="14"/>
      <shelf name="novel" count="14"/>
      <shelf name="español" count="13"/>
      <shelf name="library" count="13"/>
      <shelf name="survival" count="12"/>
      <shelf name="espanol" count="12"/>
      <shelf name="marquez" count="11"/>
      <shelf name="south-america" count="10"/>
      <shelf name="my-books" count="10"/>
      <shelf name="latinoamericanos" count="10"/>
      <shelf name="latin-american-lit" count="9"/>
      <shelf name="i-own" count="9"/>
      <shelf name="literatura-latinoamericana" count="9"/>
      <shelf name="short-stories" count="9"/>
      <shelf name="read-in-spanish" count="9"/>
      <shelf name="my-library" count="9"/>
      <shelf name="biblioteca" count="9"/>
      <shelf name="latinoamerica" count="8"/>
      <shelf name="history" count="8"/>
      <shelf name="to-buy" count="8"/>
      <shelf name="classic" count="8"/>
      <shelf name="world-literature" count="8"/>
      <shelf name="20th-century" count="8"/>
      <shelf name="read-2016" count="7"/>
      <shelf name="nobel" count="7"/>
      <shelf name="in-spanish" count="7"/>
      <shelf name="memoir" count="7"/>
      <shelf name="spanish-literature" count="7"/>
      <shelf name="garcía-márquez" count="7"/>
      <shelf name="drama" count="7"/>
      <shelf name="no-ficción" count="6"/>
      <shelf name="latinoamericano" count="6"/>
      <shelf name="translation" count="6"/>
      <shelf name="espa-ol" count="6"/>
      <shelf name="colegio" count="6"/>
      <shelf name="narrativa" count="6"/>
      <shelf name="clásicos" count="6"/>
      <shelf name="sea" count="6"/>
      <shelf name="nonfiction" count="5"/>
      <shelf name="read-in-2017" count="5"/>
      <shelf name="read-2015" count="5"/>
      <shelf name="home" count="5"/>
      <shelf name="روايات" count="5"/>
      <shelf name="school-books" count="5"/>
      <shelf name="historical-fiction" count="5"/>
      <shelf name="home-library" count="5"/>
      <shelf name="contemporary" count="5"/>
      <shelf name="clasicos" count="5"/>
      <shelf name="gabo" count="5"/>
      <shelf name="latinoamericana" count="5"/>
      <shelf name="en-español" count="5"/>
      <shelf name="read-in-2016" count="4"/>
      <shelf name="literatura" count="4"/>
      <shelf name="on-my-shelf" count="4"/>
      <shelf name="favourites" count="4"/>
      <shelf name="مكتبتي" count="4"/>
      <shelf name="maritime" count="4"/>
      <shelf name="literatura-colombiana" count="4"/>
      <shelf name="kindle" count="4"/>
      <shelf name="autores-latinoamericanos" count="4"/>
      <shelf name="books" count="4"/>
      <shelf name="g-g-marquez" count="4"/>
      <shelf name="siglo-xx" count="4"/>
      <shelf name="short-story" count="4"/>
      <shelf name="my-bookshelf" count="4"/>
      <shelf name="for-school" count="4"/>
      <shelf name="colombianos" count="4"/>
      <shelf name="columbia" count="4"/>
      <shelf name="spanish-language" count="4"/>
      <shelf name="ficción" count="4"/>
      <shelf name="lit-latinoamericana" count="4"/>
      <shelf name="childhood" count="4"/>
      <shelf name="mine" count="4"/>
      <shelf name="latino" count="4"/>
      <shelf name="historical" count="4"/>
      <shelf name="leido" count="4"/>
      <shelf name="latin" count="4"/>
      <shelf name="ebook" count="3"/>
      <shelf name="magical-realism" count="3"/>
  </popular_shelves>
  <book_links>
    <book_link>
  <id>8</id>
  <name>Libraries</name>
  <link>https://www.goodreads.com/book_link/follow/8</link>
</book_link>

  </book_links>
  <buy_links>
    <buy_link>
<id>1</id>
<name>Amazon</name>
<link>https://www.goodreads.com/book_link/follow/1</link>
</buy_link>
<buy_link>
<id>10</id>
<name>Audible</name>
<link>https://www.goodreads.com/book_link/follow/10</link>
</buy_link>
<buy_link>
<id>3</id>
<name>Barnes &amp; Noble</name>
<link>https://www.goodreads.com/book_link/follow/3</link>
</buy_link>
<buy_link>
<id>1027</id>
<name>Kobo</name>
<link>https://www.goodreads.com/book_link/follow/1027</link>
</buy_link>
<buy_link>
<id>2102</id>
<name>Apple iBooks</name>
<link>https://www.goodreads.com/book_link/follow/2102</link>
</buy_link>
<buy_link>
<id>8036</id>
<name>Google Play</name>
<link>https://www.goodreads.com/book_link/follow/8036</link>
</buy_link>
<buy_link>
<id>4</id>
<name>Abebooks</name>
<link>https://www.goodreads.com/book_link/follow/4</link>
</buy_link>
<buy_link>
<id>882</id>
<name>Book Depository</name>
<link>https://www.goodreads.com/book_link/follow/882</link>
</buy_link>
<buy_link>
<id>9</id>
<name>Indigo</name>
<link>https://www.goodreads.com/book_link/follow/9</link>
</buy_link>
<buy_link>
<id>2</id>
<name>Half.com</name>
<link>https://www.goodreads.com/book_link/follow/2</link>
</buy_link>
<buy_link>
<id>5</id>
<name>Alibris</name>
<link>https://www.goodreads.com/book_link/follow/5</link>
</buy_link>
<buy_link>
<id>107</id>
<name>Better World Books</name>
<link>https://www.goodreads.com/book_link/follow/107</link>
</buy_link>
<buy_link>
<id>7</id>
<name>IndieBound</name>
<link>https://www.goodreads.com/book_link/follow/7</link>
</buy_link>

  </buy_links>
  <series_works>
    
  </series_works>
  <similar_books>
          <book>
<id>59504</id>
<title>El siglo de las luces</title>
<title_without_series>El siglo de las luces</title_without_series>
<link><![CDATA[https://www.goodreads.com/book/show/59504.El_siglo_de_las_luces]]></link>
<small_image_url><![CDATA[https://images.gr-assets.com/books/1354467957s/59504.jpg]]></small_image_url>
<image_url><![CDATA[https://images.gr-assets.com/books/1354467957m/59504.jpg]]></image_url>
<num_pages></num_pages>
<work>
<id>416</id>
</work>
<isbn>8432216976</isbn>
<isbn13>9788432216978</isbn13>
<average_rating>4.12</average_rating>
<ratings_count>1615</ratings_count>
<publication_year>2006</publication_year>
<publication_month>1</publication_month>
<publication_day>1</publication_day>
<authors>
<author>
<id>12551</id>
<name>Alejo Carpentier</name>
<link><![CDATA[https://www.goodreads.com/author/show/12551.Alejo_Carpentier]]></link>
</author>
</authors>
</book>

          <book>
<id>2713124</id>
<title>La Carreta</title>
<title_without_series>La Carreta</title_without_series>
<link><![CDATA[https://www.goodreads.com/book/show/2713124-la-carreta]]></link>
<small_image_url><![CDATA[https://s.gr-assets.com/assets/nophoto/book/50x75-a91bf249278a81aabab721ef782c4a74.png]]></small_image_url>
<image_url><![CDATA[https://s.gr-assets.com/assets/nophoto/book/111x148-bcc042a9c91a29c1d680899eff700a03.png]]></image_url>
<num_pages></num_pages>
<work>
<id>2738670</id>
</work>
<isbn></isbn>
<isbn13></isbn13>
<average_rating>3.89</average_rating>
<ratings_count>566</ratings_count>
<publication_year>2008</publication_year>
<publication_month></publication_month>
<publication_day></publication_day>
<authors>
<author>
<id>155373</id>
<name>René Marqués</name>
<link><![CDATA[https://www.goodreads.com/author/show/155373.Ren_Marqu_s]]></link>
</author>
</authors>
</book>

          <book>
<id>796004</id>
<title>A Russian Doll  Other Stories</title>
<title_without_series>A Russian Doll  Other Stories</title_without_series>
<link><![CDATA[https://www.goodreads.com/book/show/796004.A_Russian_Doll_Other_Stories]]></link>
<small_image_url><![CDATA[https://images.gr-assets.com/books/1367780101s/796004.jpg]]></small_image_url>
<image_url><![CDATA[https://images.gr-assets.com/books/1367780101m/796004.jpg]]></image_url>
<num_pages>131</num_pages>
<work>
<id>781982</id>
</work>
<isbn>0811212122</isbn>
<isbn13>9780811212120</isbn13>
<average_rating>3.77</average_rating>
<ratings_count>265</ratings_count>
<publication_year>1992</publication_year>
<publication_month>9</publication_month>
<publication_day>17</publication_day>
<authors>
<author>
<id>3424060</id>
<name>Adolfo Bioy Casares</name>
<link><![CDATA[https://www.goodreads.com/author/show/3424060.Adolfo_Bioy_Casares]]></link>
</author>
</authors>
</book>

          <book>
<id>1304200</id>
<title>El vuelo de la reina</title>
<title_without_series>El vuelo de la reina</title_without_series>
<link><![CDATA[https://www.goodreads.com/book/show/1304200.El_vuelo_de_la_reina]]></link>
<small_image_url><![CDATA[https://s.gr-assets.com/assets/nophoto/book/50x75-a91bf249278a81aabab721ef782c4a74.png]]></small_image_url>
<image_url><![CDATA[https://s.gr-assets.com/assets/nophoto/book/111x148-bcc042a9c91a29c1d680899eff700a03.png]]></image_url>
<num_pages>296</num_pages>
<work>
<id>1293432</id>
</work>
<isbn>8420464236</isbn>
<isbn13>9788420464237</isbn13>
<average_rating>3.60</average_rating>
<ratings_count>452</ratings_count>
<publication_year>2002</publication_year>
<publication_month>4</publication_month>
<publication_day>1</publication_day>
<authors>
<author>
<id>68303</id>
<name>Tomás Eloy Martínez</name>
<link><![CDATA[https://www.goodreads.com/author/show/68303.Tom_s_Eloy_Mart_nez]]></link>
</author>
</authors>
</book>

          <book>
<id>200326</id>
<title>Una sombra ya pronto serás</title>
<title_without_series>Una sombra ya pronto serás</title_without_series>
<link><![CDATA[https://www.goodreads.com/book/show/200326.Una_sombra_ya_pronto_ser_s]]></link>
<small_image_url><![CDATA[https://images.gr-assets.com/books/1423411685s/200326.jpg]]></small_image_url>
<image_url><![CDATA[https://images.gr-assets.com/books/1423411685m/200326.jpg]]></image_url>
<num_pages>224</num_pages>
<work>
<id>193808</id>
</work>
<isbn>9507313974</isbn>
<isbn13>9789507313974</isbn13>
<average_rating>3.89</average_rating>
<ratings_count>291</ratings_count>
<publication_year></publication_year>
<publication_month></publication_month>
<publication_day></publication_day>
<authors>
<author>
<id>116833</id>
<name>Osvaldo Soriano</name>
<link><![CDATA[https://www.goodreads.com/author/show/116833.Osvaldo_Soriano]]></link>
</author>
</authors>
</book>

          <book>
<id>214703</id>
<title>El juguete rabioso</title>
<title_without_series>El juguete rabioso</title_without_series>
<link><![CDATA[https://www.goodreads.com/book/show/214703.El_juguete_rabioso]]></link>
<small_image_url><![CDATA[https://s.gr-assets.com/assets/nophoto/book/50x75-a91bf249278a81aabab721ef782c4a74.png]]></small_image_url>
<image_url><![CDATA[https://s.gr-assets.com/assets/nophoto/book/111x148-bcc042a9c91a29c1d680899eff700a03.png]]></image_url>
<num_pages>155</num_pages>
<work>
<id>207855</id>
</work>
<isbn>8495311801</isbn>
<isbn13>9788495311801</isbn13>
<average_rating>3.74</average_rating>
<ratings_count>2710</ratings_count>
<publication_year>2006</publication_year>
<publication_month>4</publication_month>
<publication_day>7</publication_day>
<authors>
<author>
<id>111215</id>
<name>Roberto Arlt</name>
<link><![CDATA[https://www.goodreads.com/author/show/111215.Roberto_Arlt]]></link>
</author>
</authors>
</book>

          <book>
<id>1878122</id>
<title><![CDATA[El niño que enloqueció de amor]]></title>
<title_without_series><![CDATA[El niño que enloqueció de amor]]></title_without_series>
<link><![CDATA[https://www.goodreads.com/book/show/1878122.El_ni_o_que_enloqueci_de_amor]]></link>
<small_image_url><![CDATA[https://s.gr-assets.com/assets/nophoto/book/50x75-a91bf249278a81aabab721ef782c4a74.png]]></small_image_url>
<image_url><![CDATA[https://s.gr-assets.com/assets/nophoto/book/111x148-bcc042a9c91a29c1d680899eff700a03.png]]></image_url>
<num_pages>93</num_pages>
<work>
<id>1879123</id>
</work>
<isbn>9561317907</isbn>
<isbn13>9789561317901</isbn13>
<average_rating>3.38</average_rating>
<ratings_count>1057</ratings_count>
<publication_year>2006</publication_year>
<publication_month>5</publication_month>
<publication_day>28</publication_day>
<authors>
<author>
<id>856133</id>
<name>Eduardo Barrios</name>
<link><![CDATA[https://www.goodreads.com/author/show/856133.Eduardo_Barrios]]></link>
</author>
</authors>
</book>

          <book>
<id>460006</id>
<title>Paradiso</title>
<title_without_series>Paradiso</title_without_series>
<link><![CDATA[https://www.goodreads.com/book/show/460006.Paradiso]]></link>
<small_image_url><![CDATA[https://images.gr-assets.com/books/1463852136s/460006.jpg]]></small_image_url>
<image_url><![CDATA[https://images.gr-assets.com/books/1463852136m/460006.jpg]]></image_url>
<num_pages>466</num_pages>
<work>
<id>448478</id>
</work>
<isbn>156478228X</isbn>
<isbn13>9781564782281</isbn13>
<average_rating>4.13</average_rating>
<ratings_count>493</ratings_count>
<publication_year>2000</publication_year>
<publication_month>1</publication_month>
<publication_day>1</publication_day>
<authors>
<author>
<id>119762</id>
<name>José Lezama Lima</name>
<link><![CDATA[https://www.goodreads.com/author/show/119762.Jos_Lezama_Lima]]></link>
</author>
</authors>
</book>

          <book>
<id>6150922</id>
<title>El país de la canela</title>
<title_without_series>El país de la canela</title_without_series>
<link><![CDATA[https://www.goodreads.com/book/show/6150922-el-pa-s-de-la-canela]]></link>
<small_image_url><![CDATA[https://s.gr-assets.com/assets/nophoto/book/50x75-a91bf249278a81aabab721ef782c4a74.png]]></small_image_url>
<image_url><![CDATA[https://s.gr-assets.com/assets/nophoto/book/111x148-bcc042a9c91a29c1d680899eff700a03.png]]></image_url>
<num_pages>368</num_pages>
<work>
<id>6330083</id>
</work>
<isbn>958451511X</isbn>
<isbn13>9789584515117</isbn13>
<average_rating>4.04</average_rating>
<ratings_count>327</ratings_count>
<publication_year>2008</publication_year>
<publication_month>12</publication_month>
<publication_day>1</publication_day>
<authors>
<author>
<id>96554</id>
<name>William Ospina</name>
<link><![CDATA[https://www.goodreads.com/author/show/96554.William_Ospina]]></link>
</author>
</authors>
</book>

          <book>
<id>9550623</id>
<title><![CDATA[Between Parentheses: Essays, Articles, and Speeches, 1998-2003]]></title>
<title_without_series><![CDATA[Between Parentheses: Essays, Articles, and Speeches, 1998-2003]]></title_without_series>
<link><![CDATA[https://www.goodreads.com/book/show/9550623-between-parentheses]]></link>
<small_image_url><![CDATA[https://s.gr-assets.com/assets/nophoto/book/50x75-a91bf249278a81aabab721ef782c4a74.png]]></small_image_url>
<image_url><![CDATA[https://s.gr-assets.com/assets/nophoto/book/111x148-bcc042a9c91a29c1d680899eff700a03.png]]></image_url>
<num_pages>390</num_pages>
<work>
<id>1332036</id>
</work>
<isbn>0811218147</isbn>
<isbn13>9780811218146</isbn13>
<average_rating>4.14</average_rating>
<ratings_count>820</ratings_count>
<publication_year>2011</publication_year>
<publication_month>5</publication_month>
<publication_day>30</publication_day>
<authors>
<author>
<id>72039</id>
<name>Roberto Bolaño</name>
<link><![CDATA[https://www.goodreads.com/author/show/72039.Roberto_Bola_o]]></link>
</author>
</authors>
</book>

          <book>
<id>771941</id>
<title>Delirio</title>
<title_without_series>Delirio</title_without_series>
<link><![CDATA[https://www.goodreads.com/book/show/771941.Delirio]]></link>
<small_image_url><![CDATA[https://images.gr-assets.com/books/1288186488s/771941.jpg]]></small_image_url>
<image_url><![CDATA[https://images.gr-assets.com/books/1288186488m/771941.jpg]]></image_url>
<num_pages>342</num_pages>
<work>
<id>757994</id>
</work>
<isbn>9587041453</isbn>
<isbn13>9789587041453</isbn13>
<average_rating>3.85</average_rating>
<ratings_count>3634</ratings_count>
<publication_year>2004</publication_year>
<publication_month>4</publication_month>
<publication_day>1</publication_day>
<authors>
<author>
<id>33407</id>
<name>Laura Restrepo</name>
<link><![CDATA[https://www.goodreads.com/author/show/33407.Laura_Restrepo]]></link>
</author>
</authors>
</book>

          <book>
<id>53979</id>
<title>Who Killed Palomino Molero?</title>
<title_without_series>Who Killed Palomino Molero?</title_without_series>
<link><![CDATA[https://www.goodreads.com/book/show/53979.Who_Killed_Palomino_Molero_]]></link>
<small_image_url><![CDATA[https://s.gr-assets.com/assets/nophoto/book/50x75-a91bf249278a81aabab721ef782c4a74.png]]></small_image_url>
<image_url><![CDATA[https://s.gr-assets.com/assets/nophoto/book/111x148-bcc042a9c91a29c1d680899eff700a03.png]]></image_url>
<num_pages>160</num_pages>
<work>
<id>1508430</id>
</work>
<isbn>0374525560</isbn>
<isbn13>9780374525569</isbn13>
<average_rating>3.51</average_rating>
<ratings_count>3254</ratings_count>
<publication_year>1998</publication_year>
<publication_month>6</publication_month>
<publication_day>24</publication_day>
<authors>
<author>
<id>22515</id>
<name>Mario Vargas Llosa</name>
<link><![CDATA[https://www.goodreads.com/author/show/22515.Mario_Vargas_Llosa]]></link>
</author>
</authors>
</book>

          <book>
<id>1131364</id>
<title>Albina y los hombres-perro</title>
<title_without_series>Albina y los hombres-perro</title_without_series>
<link><![CDATA[https://www.goodreads.com/book/show/1131364.Albina_y_los_hombres_perro]]></link>
<small_image_url><![CDATA[https://images.gr-assets.com/books/1328392332s/1131364.jpg]]></small_image_url>
<image_url><![CDATA[https://images.gr-assets.com/books/1328392332m/1131364.jpg]]></image_url>
<num_pages>140</num_pages>
<work>
<id>54845</id>
</work>
<isbn>8497937996</isbn>
<isbn13>9788497937993</isbn13>
<average_rating>3.54</average_rating>
<ratings_count>321</ratings_count>
<publication_year></publication_year>
<publication_month></publication_month>
<publication_day></publication_day>
<authors>
<author>
<id>31779</id>
<name>Alejandro Jodorowsky</name>
<link><![CDATA[https://www.goodreads.com/author/show/31779.Alejandro_Jodorowsky]]></link>
</author>
</authors>
</book>

          <book>
<id>348244</id>
<title>The Witness</title>
<title_without_series>The Witness</title_without_series>
<link><![CDATA[https://www.goodreads.com/book/show/348244.The_Witness]]></link>
<small_image_url><![CDATA[https://s.gr-assets.com/assets/nophoto/book/50x75-a91bf249278a81aabab721ef782c4a74.png]]></small_image_url>
<image_url><![CDATA[https://s.gr-assets.com/assets/nophoto/book/111x148-bcc042a9c91a29c1d680899eff700a03.png]]></image_url>
<num_pages>167</num_pages>
<work>
<id>338531</id>
</work>
<isbn>1852421843</isbn>
<isbn13>9781852421847</isbn13>
<average_rating>3.97</average_rating>
<ratings_count>625</ratings_count>
<publication_year>1991</publication_year>
<publication_month>7</publication_month>
<publication_day>1</publication_day>
<authors>
<author>
<id>199815</id>
<name>Juan José Saer</name>
<link><![CDATA[https://www.goodreads.com/author/show/199815.Juan_Jos_Saer]]></link>
</author>
</authors>
</book>

          <book>
<id>59412</id>
<title>The Eagle&apos;s Throne</title>
<title_without_series>The Eagle&apos;s Throne</title_without_series>
<link><![CDATA[https://www.goodreads.com/book/show/59412.The_Eagle_s_Throne]]></link>
<small_image_url><![CDATA[https://images.gr-assets.com/books/1320408395s/59412.jpg]]></small_image_url>
<image_url><![CDATA[https://images.gr-assets.com/books/1320408395m/59412.jpg]]></image_url>
<num_pages>352</num_pages>
<work>
<id>16160</id>
</work>
<isbn>0812972554</isbn>
<isbn13>9780812972559</isbn13>
<average_rating>3.83</average_rating>
<ratings_count>917</ratings_count>
<publication_year>2007</publication_year>
<publication_month>3</publication_month>
<publication_day>13</publication_day>
<authors>
<author>
<id>1367127</id>
<name>Carlos Fuentes</name>
<link><![CDATA[https://www.goodreads.com/author/show/1367127.Carlos_Fuentes]]></link>
</author>
</authors>
</book>

          <book>
<id>1292907</id>
<title>Boquitas pintadas</title>
<title_without_series>Boquitas pintadas</title_without_series>
<link><![CDATA[https://www.goodreads.com/book/show/1292907.Boquitas_pintadas]]></link>
<small_image_url><![CDATA[https://s.gr-assets.com/assets/nophoto/book/50x75-a91bf249278a81aabab721ef782c4a74.png]]></small_image_url>
<image_url><![CDATA[https://s.gr-assets.com/assets/nophoto/book/111x148-bcc042a9c91a29c1d680899eff700a03.png]]></image_url>
<num_pages>240</num_pages>
<work>
<id>957471</id>
</work>
<isbn>0140255796</isbn>
<isbn13>9780140255799</isbn13>
<average_rating>3.85</average_rating>
<ratings_count>2866</ratings_count>
<publication_year>1996</publication_year>
<publication_month>3</publication_month>
<publication_day>1</publication_day>
<authors>
<author>
<id>35548</id>
<name>Manuel Puig</name>
<link><![CDATA[https://www.goodreads.com/author/show/35548.Manuel_Puig]]></link>
</author>
</authors>
</book>

          <book>
<id>1660957</id>
<title>Las muertas</title>
<title_without_series>Las muertas</title_without_series>
<link><![CDATA[https://www.goodreads.com/book/show/1660957.Las_muertas]]></link>
<small_image_url><![CDATA[https://images.gr-assets.com/books/1339616338s/1660957.jpg]]></small_image_url>
<image_url><![CDATA[https://images.gr-assets.com/books/1339616338m/1660957.jpg]]></image_url>
<num_pages>187</num_pages>
<work>
<id>1655734</id>
</work>
<isbn>8425328187</isbn>
<isbn13>9788490061787</isbn13>
<average_rating>4.12</average_rating>
<ratings_count>1319</ratings_count>
<publication_year>2012</publication_year>
<publication_month>2</publication_month>
<publication_day></publication_day>
<authors>
<author>
<id>49325</id>
<name>Jorge Ibargüengoitia</name>
<link><![CDATA[https://www.goodreads.com/author/show/49325.Jorge_Ibarg_engoitia]]></link>
</author>
</authors>
</book>

          <book>
<id>257191</id>
<title>Los ríos profundos</title>
<title_without_series>Los ríos profundos</title_without_series>
<link><![CDATA[https://www.goodreads.com/book/show/257191.Los_r_os_profundos]]></link>
<small_image_url><![CDATA[https://images.gr-assets.com/books/1332119080s/257191.jpg]]></small_image_url>
<image_url><![CDATA[https://images.gr-assets.com/books/1332119080m/257191.jpg]]></image_url>
<num_pages></num_pages>
<work>
<id>249256</id>
</work>
<isbn>9500393271</isbn>
<isbn13>9789500393270</isbn13>
<average_rating>3.79</average_rating>
<ratings_count>794</ratings_count>
<publication_year>2004</publication_year>
<publication_month>1</publication_month>
<publication_day>1</publication_day>
<authors>
<author>
<id>4609862</id>
<name>José María Arguedas</name>
<link><![CDATA[https://www.goodreads.com/author/show/4609862.Jos_Mar_a_Arguedas]]></link>
</author>
</authors>
</book>

  </similar_books>
</book>

</GoodreadsResponse>