<?xml version="1.0" encoding="UTF-8"?>
<GoodreadsResponse>
  <Request>
    <authentication>true</authentication>
      <key><![CDATA[all_men_must_serve]]></key>
    <method><![CDATA[book_show]]></method>
  </Request>
  <book>
  <id>10518110</id>
  <title><![CDATA[The Bite Before Christmas (Argeneau, #15.5; Night Huntress, #6.5)]]></title>
  <isbn><![CDATA[0062101315]]></isbn>
  <isbn13><![CDATA[9780062101310]]></isbn13>
  <asin><![CDATA[]]></asin>
  <kindle_asin><![CDATA[]]></kindle_asin>
  <marketplace_id><![CDATA[]]></marketplace_id>
  <country_code><![CDATA[GB]]></country_code>
  <image_url>https://images.gr-assets.com/books/1328313295m/10518110.jpg</image_url>
  <small_image_url>https://images.gr-assets.com/books/1328313295s/10518110.jpg</small_image_url>
  <publication_year>2011</publication_year>
  <publication_month>10</publication_month>
  <publication_day>25</publication_day>
  <publisher>William Morrow</publisher>
  <language_code>eng</language_code>
  <is_ebook>true</is_ebook>
  <description><![CDATA[In Lynsay Sands' "The Gift," Katricia Argeneau knows grey-eyed cop Teddy Brunswick is her life mate. She just needs to convince him they belong together, and being snowbound in a secluded cabin will make this a Christmas neither will forget. <br /><br />It's "Home for the Holidays" in Jeaniene Frost's Night Huntress series. Cat and Bones may long to wrap presents and set up a tree, but this Christmas, an evil vampire and long-buried family secrets will threaten to take a bite out of their holiday cheer.]]></description>
  <work>
  <id type="integer">15424160</id>
  <books_count type="integer">15</books_count>
  <best_book_id type="integer">10518110</best_book_id>
  <reviews_count type="integer">23943</reviews_count>
  <ratings_sum type="integer">64345</ratings_sum>
  <ratings_count type="integer">15450</ratings_count>
  <text_reviews_count type="integer">839</text_reviews_count>
  <original_publication_year type="integer">2011</original_publication_year>
  <original_publication_month type="integer">10</original_publication_month>
  <original_publication_day type="integer">25</original_publication_day>
  <original_title>The Bite Before Christmas</original_title>
  <original_language_id type="integer" nil="true"/>
  <media_type>book</media_type>
  <rating_dist>5:6766|4:5162|3:2937|2:471|1:114|total:15450</rating_dist>
  <desc_user_id type="integer">2168965</desc_user_id>
  <default_chaptering_book_id type="integer" nil="true"/>
  <default_description_language_code nil="true"/>
</work>
  <average_rating>4.16</average_rating>
  <num_pages><![CDATA[225]]></num_pages>
  <format><![CDATA[ebook]]></format>
  <edition_information><![CDATA[]]></edition_information>
  <ratings_count><![CDATA[14210]]></ratings_count>
  <text_reviews_count><![CDATA[699]]></text_reviews_count>
  <url><![CDATA[https://www.goodreads.com/book/show/10518110-the-bite-before-christmas]]></url>
  <link><![CDATA[https://www.goodreads.com/book/show/10518110-the-bite-before-christmas]]></link>
  <authors>
<author>
<id>17059</id>
<name>Lynsay Sands</name>
<role></role>
<image_url nophoto='false'>
<![CDATA[https://images.gr-assets.com/authors/1194362953p5/17059.jpg]]>
</image_url>
<small_image_url nophoto='false'>
<![CDATA[https://images.gr-assets.com/authors/1194362953p2/17059.jpg]]>
</small_image_url>
<link><![CDATA[https://www.goodreads.com/author/show/17059.Lynsay_Sands]]></link>
<average_rating>4.12</average_rating>
<ratings_count>436855</ratings_count>
<text_reviews_count>18713</text_reviews_count>
</author>
<author>
<id>669810</id>
<name>Jeaniene Frost</name>
<role></role>
<image_url nophoto='false'>
<![CDATA[https://images.gr-assets.com/authors/1310062695p5/669810.jpg]]>
</image_url>
<small_image_url nophoto='false'>
<![CDATA[https://images.gr-assets.com/authors/1310062695p2/669810.jpg]]>
</small_image_url>
<link><![CDATA[https://www.goodreads.com/author/show/669810.Jeaniene_Frost]]></link>
<average_rating>4.22</average_rating>
<ratings_count>724444</ratings_count>
<text_reviews_count>38808</text_reviews_count>
</author>
</authors>

    <reviews_widget>
      <![CDATA[
        <style>
  #goodreads-widget {
    font-family: georgia, serif;
    padding: 18px 0;
    width:565px;
  }
  #goodreads-widget h1 {
    font-weight:normal;
    font-size: 16px;
    border-bottom: 1px solid #BBB596;
    margin-bottom: 0;
  }
  #goodreads-widget a {
    text-decoration: none;
    color:#660;
  }
  iframe{
    background-color: #fff;
  }
  #goodreads-widget a:hover { text-decoration: underline; }
  #goodreads-widget a:active {
    color:#660;
  }
  #gr_footer {
    width: 100%;
    border-top: 1px solid #BBB596;
    text-align: right;
  }
  #goodreads-widget .gr_branding{
    color: #382110;
    font-size: 11px;
    text-decoration: none;
    font-family: "Helvetica Neue", Helvetica, Arial, sans-serif;
  }
</style>
<div id="goodreads-widget">
  <div id="gr_header"><h1><a rel="nofollow" href="https://www.goodreads.com/book/show/10518110-the-bite-before-christmas">The Bite Before Christmas Reviews</a></h1></div>
  <iframe id="the_iframe" src="https://www.goodreads.com/api/reviews_widget_iframe?did=DEVELOPER_ID&amp;format=html&amp;isbn=0062101315&amp;links=660&amp;min_rating=&amp;review_back=fff&amp;stars=000&amp;text=000" width="565" height="400" frameborder="0"></iframe>
  <div id="gr_footer">
    <a class="gr_branding" target="_blank" rel="nofollow" href="https://www.goodreads.com/book/show/10518110-the-bite-before-christmas?utm_medium=api&amp;utm_source=reviews_widget">Reviews from Goodreads.com</a>
  </div>
</div>

      ]]>
    </reviews_widget>
  <popular_shelves>
      <shelf name="to-read" count="328"/>
      <shelf name="paranormal-romance" count="315"/>
      <shelf name="paranormal" count="304"/>
      <shelf name="vampires" count="302"/>
      <shelf name="romance" count="235"/>
      <shelf name="vampire" count="155"/>
      <shelf name="anthology" count="139"/>
      <shelf name="lynsay-sands" count="135"/>
      <shelf name="urban-fantasy" count="132"/>
      <shelf name="currently-reading" count="104"/>
      <shelf name="favorites" count="97"/>
      <shelf name="fantasy" count="94"/>
      <shelf name="jeaniene-frost" count="85"/>
      <shelf name="anthologies" count="72"/>
      <shelf name="night-huntress" count="66"/>
      <shelf name="adult" count="64"/>
      <shelf name="argeneau" count="64"/>
      <shelf name="christmas" count="63"/>
      <shelf name="series" count="63"/>
      <shelf name="kindle" count="53"/>
      <shelf name="ebook" count="49"/>
      <shelf name="demons" count="43"/>
      <shelf name="pnr" count="41"/>
      <shelf name="short-stories" count="40"/>
      <shelf name="fiction" count="36"/>
      <shelf name="books-i-own" count="35"/>
      <shelf name="library" count="35"/>
      <shelf name="default" count="32"/>
      <shelf name="owned" count="32"/>
      <shelf name="novella" count="31"/>
      <shelf name="argeneau-series" count="28"/>
      <shelf name="supernatural" count="26"/>
      <shelf name="vamps" count="26"/>
      <shelf name="holiday" count="23"/>
      <shelf name="contemporary" count="22"/>
      <shelf name="ghosts" count="22"/>
      <shelf name="read-in-2012" count="21"/>
      <shelf name="sands-lynsay" count="21"/>
      <shelf name="audiobook" count="21"/>
      <shelf name="read-in-2011" count="18"/>
      <shelf name="ebooks" count="18"/>
      <shelf name="vampire-romance" count="18"/>
      <shelf name="romance-paranormal" count="17"/>
      <shelf name="magic" count="16"/>
      <shelf name="e-book" count="16"/>
      <shelf name="to-buy" count="15"/>
      <shelf name="read-in-2013" count="15"/>
      <shelf name="audible" count="15"/>
      <shelf name="favorite-series" count="14"/>
      <shelf name="audio" count="14"/>
      <shelf name="nook" count="14"/>
      <shelf name="humor" count="14"/>
      <shelf name="wish-list" count="13"/>
      <shelf name="read-2012" count="13"/>
      <shelf name="e-books" count="13"/>
      <shelf name="owned-books" count="12"/>
      <shelf name="frost-jeaniene" count="11"/>
      <shelf name="audiobooks" count="11"/>
      <shelf name="novellas" count="11"/>
      <shelf name="fantasy-paranormal" count="11"/>
      <shelf name="read-2011" count="11"/>
      <shelf name="night-huntress-series" count="11"/>
      <shelf name="part-of-a-series" count="10"/>
      <shelf name="2012-reads" count="10"/>
      <shelf name="short-story" count="10"/>
      <shelf name="frost" count="9"/>
      <shelf name="i-own" count="9"/>
      <shelf name="audio-book" count="8"/>
      <shelf name="paranormal-fantasy" count="8"/>
      <shelf name="demon" count="8"/>
      <shelf name="sands" count="8"/>
      <shelf name="re-read" count="7"/>
      <shelf name="paperback" count="7"/>
      <shelf name="holidays" count="7"/>
      <shelf name="lyndsay-sands" count="7"/>
      <shelf name="funny" count="7"/>
      <shelf name="2012-read" count="7"/>
      <shelf name="4-stars" count="7"/>
      <shelf name="adult-paranormal" count="7"/>
      <shelf name="paranormal-urban-fantasy" count="7"/>
      <shelf name="pnr-uf" count="7"/>
      <shelf name="mine" count="7"/>
      <shelf name="contemporary-romance" count="7"/>
      <shelf name="m-f" count="7"/>
      <shelf name="series-night-huntress" count="6"/>
      <shelf name="maybe" count="6"/>
      <shelf name="have" count="6"/>
      <shelf name="favourites" count="6"/>
      <shelf name="author-jeaniene-frost" count="6"/>
      <shelf name="library-book" count="6"/>
      <shelf name="5-stars" count="6"/>
      <shelf name="paranormal-vampires" count="6"/>
      <shelf name="need-to-buy" count="6"/>
      <shelf name="vampire-books" count="6"/>
      <shelf name="steamy" count="5"/>
      <shelf name="read-in-2015" count="5"/>
      <shelf name="paranormal-series" count="5"/>
      <shelf name="read-in-2014" count="5"/>
      <shelf name="audio-books" count="5"/>
      <shelf name="books" count="5"/>
  </popular_shelves>
  <book_links>
    <book_link>
  <id>8</id>
  <name>Libraries</name>
  <link>https://www.goodreads.com/book_link/follow/8</link>
</book_link>

  </book_links>
  <buy_links>
    <buy_link>
<id>1</id>
<name>Amazon</name>
<link>https://www.goodreads.com/book_link/follow/1</link>
</buy_link>
<buy_link>
<id>10</id>
<name>Audible</name>
<link>https://www.goodreads.com/book_link/follow/10</link>
</buy_link>
<buy_link>
<id>3</id>
<name>Barnes &amp; Noble</name>
<link>https://www.goodreads.com/book_link/follow/3</link>
</buy_link>
<buy_link>
<id>1027</id>
<name>Kobo</name>
<link>https://www.goodreads.com/book_link/follow/1027</link>
</buy_link>
<buy_link>
<id>2102</id>
<name>Apple iBooks</name>
<link>https://www.goodreads.com/book_link/follow/2102</link>
</buy_link>
<buy_link>
<id>8036</id>
<name>Google Play</name>
<link>https://www.goodreads.com/book_link/follow/8036</link>
</buy_link>
<buy_link>
<id>4</id>
<name>Abebooks</name>
<link>https://www.goodreads.com/book_link/follow/4</link>
</buy_link>
<buy_link>
<id>882</id>
<name>Book Depository</name>
<link>https://www.goodreads.com/book_link/follow/882</link>
</buy_link>
<buy_link>
<id>9</id>
<name>Indigo</name>
<link>https://www.goodreads.com/book_link/follow/9</link>
</buy_link>
<buy_link>
<id>2</id>
<name>Half.com</name>
<link>https://www.goodreads.com/book_link/follow/2</link>
</buy_link>
<buy_link>
<id>5</id>
<name>Alibris</name>
<link>https://www.goodreads.com/book_link/follow/5</link>
</buy_link>
<buy_link>
<id>107</id>
<name>Better World Books</name>
<link>https://www.goodreads.com/book_link/follow/107</link>
</buy_link>
<buy_link>
<id>7</id>
<name>IndieBound</name>
<link>https://www.goodreads.com/book_link/follow/7</link>
</buy_link>

  </buy_links>
  <series_works>
    <series_work>
<id>264624</id>
<user_position>15.5</user_position>
<series>
<id>40687</id>
<title>
<![CDATA[
    Argeneau
]]>
</title>
<description>
<![CDATA[
    http://www.lynsaysands.net/books/index.html#argeneau
]]>
</description>
<note>
<![CDATA[
]]>
</note>
<series_works_count>31</series_works_count>
<primary_work_count>26</primary_work_count>
<numbered>true</numbered>
</series>

</series_work>
<series_work>
<id>320501</id>
<user_position>6.5</user_position>
<series>
<id>67946</id>
<title>
<![CDATA[
    Night Huntress
]]>
</title>
<description>
<![CDATA[
    <i>Author recommended reading order:</i> 
    
    There is a specific reading order for the Night Huntress series, including all other Night Huntress World series books, and some novellas. If you do not read them in the Author's suggested reading order (below), other than 'Reckoning', the books will not make sense, or you will read spoilers. The author's recommended reading order is:
    
    RECKONING (eBook prequel novella set in Bones’s point of view before he meets Cat*) <I>though I would recommend reading this after Book 1 so that you know the characters...</i>
    HALFWAY TO THE GRAVE (Book 1: Night Huntress Series)
    HAPPILY NEVER AFTER (eBook novella*)
    ONE FOOT IN THE GRAVE (Book 2: Night Huntress Series)
    AT GRAVE’S END (Book 3: Night Huntress Series)
    DEVIL TO PAY (eBook novella*)
    DESTINED FOR AN EARLY GRAVE (Book 4: Night Huntress Series)
    MAGIC GRAVES (eBook anthology featuring a Cat and Bones story*)
    FIRST DROP OF CRIMSON (Night Huntress World novel)
    ETERNAL KISS OF DARKNESS Night Huntress World novel)
    THIS SIDE OF THE GRAVE (Book 5: Night Huntress Series)
    ONE GRAVE AT A TIME (Book 6: Night Huntress Series)
    THE BITE BEFORE CHRISTMAS (contains a long Cat and Bones novella, “Home for the Holidays”)
    ONCE BURNED (Book 1: Night Prince Series)
    TWICE TEMPTED (Book 2: Night Prince Series)
    UP FROM THE GRAVE (Book 7: Night Huntress Series)
    BOUND BY FLAMES (Book 3: Night Prince Series)
    
    See link: <a href="http://jeanienefrost.com/reading-order/">Jeaniene Frost: Reading Order</a>
    
    
    See also:
    *<a href=http://www.goodreads.com/series/44283-night-huntress---complete-world>Night Huntress Universe</a>
    *<a href=http://www.goodreads.com/series/46907-night-huntress-world>Night Huntress World</a>
    *<a href=http://www.goodreads.com/series/61826-night-prince>Night Prince</a>
]]>
</description>
<note>
<![CDATA[
    Up From the Grave, book 7, will be the last book in the Night Huntress series as you can read on Jeaniene Frosts' site: http://jeanienefrost.com/2013/08/the-grave-stops-here/
]]>
</note>
<series_works_count>19</series_works_count>
<primary_work_count>7</primary_work_count>
<numbered>true</numbered>
</series>

</series_work>
<series_work>
<id>942741</id>
<user_position>8.5</user_position>
<series>
<id>44283</id>
<title>
<![CDATA[
    Night Huntress Universe
]]>
</title>
<description>
<![CDATA[
    Paranormal romance. This is  a complete list with the Night Huntress, Night Huntress World and the Night Prince series in correct reading order.  All series contain spoilers for each other, so it's recommended to read all the books in order of publication.
    http://jeanienefrost.com/reading-order/
    
    *<a href=http://www.goodreads.com/series/67946-night-huntress>Night Huntress</a>
    *<a href=http://www.goodreads.com/series/46907-night-huntress-world>Night Huntress World</a>
    *<a href=http://www.goodreads.com/series/61826-night-prince>Night Prince</a>
]]>
</description>
<note>
<![CDATA[
]]>
</note>
<series_works_count>24</series_works_count>
<primary_work_count>13</primary_work_count>
<numbered>true</numbered>
</series>

</series_work>

  </series_works>
  <similar_books>
          <book>
<id>10822857</id>
<title><![CDATA[Reckoning (Night Huntress, #0.5)]]></title>
<title_without_series>Reckoning</title_without_series>
<link><![CDATA[https://www.goodreads.com/book/show/10822857-reckoning]]></link>
<small_image_url><![CDATA[https://images.gr-assets.com/books/1320272804s/10822857.jpg]]></small_image_url>
<image_url><![CDATA[https://images.gr-assets.com/books/1320272804m/10822857.jpg]]></image_url>
<num_pages>100</num_pages>
<work>
<id>15736615</id>
</work>
<isbn>0062106325</isbn>
<isbn13>9780062106322</isbn13>
<average_rating>3.92</average_rating>
<ratings_count>8834</ratings_count>
<publication_year>2011</publication_year>
<publication_month>11</publication_month>
<publication_day>29</publication_day>
<authors>
<author>
<id>669810</id>
<name>Jeaniene Frost</name>
<link><![CDATA[https://www.goodreads.com/author/show/669810.Jeaniene_Frost]]></link>
</author>
</authors>
</book>

          <book>
<id>2168861</id>
<title>Weddings from Hell</title>
<title_without_series>Weddings from Hell</title_without_series>
<link><![CDATA[https://www.goodreads.com/book/show/2168861.Weddings_from_Hell]]></link>
<small_image_url><![CDATA[https://s.gr-assets.com/assets/nophoto/book/50x75-a91bf249278a81aabab721ef782c4a74.png]]></small_image_url>
<image_url><![CDATA[https://s.gr-assets.com/assets/nophoto/book/111x148-bcc042a9c91a29c1d680899eff700a03.png]]></image_url>
<num_pages>375</num_pages>
<work>
<id>2174437</id>
</work>
<isbn>0061472689</isbn>
<isbn13>9780061472688</isbn13>
<average_rating>3.90</average_rating>
<ratings_count>3377</ratings_count>
<publication_year></publication_year>
<publication_month></publication_month>
<publication_day></publication_day>
<authors>
<author>
<id>17064</id>
<name>Maggie Shayne</name>
<link><![CDATA[https://www.goodreads.com/author/show/17064.Maggie_Shayne]]></link>
</author>
</authors>
</book>

          <book>
<id>5416415</id>
<title><![CDATA[Four Dukes and a Devil (The Byrons of Braebourne #1.5)]]></title>
<title_without_series>Four Dukes and a Devil</title_without_series>
<link><![CDATA[https://www.goodreads.com/book/show/5416415-four-dukes-and-a-devil]]></link>
<small_image_url><![CDATA[https://s.gr-assets.com/assets/nophoto/book/50x75-a91bf249278a81aabab721ef782c4a74.png]]></small_image_url>
<image_url><![CDATA[https://s.gr-assets.com/assets/nophoto/book/111x148-bcc042a9c91a29c1d680899eff700a03.png]]></image_url>
<num_pages>389</num_pages>
<work>
<id>5483956</id>
</work>
<isbn>0061787361</isbn>
<isbn13>9780061787362</isbn13>
<average_rating>3.78</average_rating>
<ratings_count>2198</ratings_count>
<publication_year>2009</publication_year>
<publication_month>6</publication_month>
<publication_day>30</publication_day>
<authors>
<author>
<id>67037</id>
<name>Cathy Maxwell</name>
<link><![CDATA[https://www.goodreads.com/author/show/67037.Cathy_Maxwell]]></link>
</author>
</authors>
</book>

          <book>
<id>6244315</id>
<title><![CDATA[Unbound (The Hollows, #7.5; Night Huntress, #0.5; Sign of the Zodiac, #4.5; Dark Days, #0.6)]]></title>
<title_without_series>Unbound</title_without_series>
<link><![CDATA[https://www.goodreads.com/book/show/6244315-unbound]]></link>
<small_image_url><![CDATA[https://images.gr-assets.com/books/1327889819s/6244315.jpg]]></small_image_url>
<image_url><![CDATA[https://images.gr-assets.com/books/1327889819m/6244315.jpg]]></image_url>
<num_pages>358</num_pages>
<work>
<id>6427121</id>
</work>
<isbn>0061699934</isbn>
<isbn13>9780061699931</isbn13>
<average_rating>3.91</average_rating>
<ratings_count>6077</ratings_count>
<publication_year>2009</publication_year>
<publication_month>9</publication_month>
<publication_day></publication_day>
<authors>
<author>
<id>17054</id>
<name>Kim Harrison</name>
<link><![CDATA[https://www.goodreads.com/author/show/17054.Kim_Harrison]]></link>
</author>
</authors>
</book>

          <book>
<id>10428848</id>
<title><![CDATA[Sexiest Vampire Alive (Love at Stake, #11)]]></title>
<title_without_series>Sexiest Vampire Alive</title_without_series>
<link><![CDATA[https://www.goodreads.com/book/show/10428848-sexiest-vampire-alive]]></link>
<small_image_url><![CDATA[https://images.gr-assets.com/books/1358730555s/10428848.jpg]]></small_image_url>
<image_url><![CDATA[https://images.gr-assets.com/books/1358730555m/10428848.jpg]]></image_url>
<num_pages>370</num_pages>
<work>
<id>15333257</id>
</work>
<isbn>0061958050</isbn>
<isbn13>9780061958052</isbn13>
<average_rating>4.23</average_rating>
<ratings_count>8593</ratings_count>
<publication_year>2011</publication_year>
<publication_month>9</publication_month>
<publication_day>27</publication_day>
<authors>
<author>
<id>2357</id>
<name>Kerrelyn Sparks</name>
<link><![CDATA[https://www.goodreads.com/author/show/2357.Kerrelyn_Sparks]]></link>
</author>
</authors>
</book>

          <book>
<id>7102544</id>
<title><![CDATA[Death's Excellent Vacation (Sookie Stackhouse #9.5, Night Huntress, #4.5, Sept Dragons #7.5)]]></title>
<title_without_series>Death&apos;s Excellent Vacation</title_without_series>
<link><![CDATA[https://www.goodreads.com/book/show/7102544-death-s-excellent-vacation]]></link>
<small_image_url><![CDATA[https://images.gr-assets.com/books/1261410663s/7102544.jpg]]></small_image_url>
<image_url><![CDATA[https://images.gr-assets.com/books/1261410663m/7102544.jpg]]></image_url>
<num_pages>339</num_pages>
<work>
<id>7136853</id>
</work>
<isbn>0441018688</isbn>
<isbn13>9780441018680</isbn13>
<average_rating>3.70</average_rating>
<ratings_count>9484</ratings_count>
<publication_year>2010</publication_year>
<publication_month>8</publication_month>
<publication_day>3</publication_day>
<authors>
<author>
<id>17061</id>
<name>Charlaine Harris</name>
<link><![CDATA[https://www.goodreads.com/author/show/17061.Charlaine_Harris]]></link>
</author>
</authors>
</book>

          <book>
<id>11194502</id>
<title><![CDATA[Wild & Steamy (Includes: Iron Seas #0.4; The Disillusionists Trilogy #2.5)]]></title>
<title_without_series>Wild &amp; Steamy</title_without_series>
<link><![CDATA[https://www.goodreads.com/book/show/11194502-wild-steamy]]></link>
<small_image_url><![CDATA[https://images.gr-assets.com/books/1396937658s/11194502.jpg]]></small_image_url>
<image_url><![CDATA[https://images.gr-assets.com/books/1396937658m/11194502.jpg]]></image_url>
<num_pages>119</num_pages>
<work>
<id>16119392</id>
</work>
<isbn></isbn>
<isbn13>9781466136762</isbn13>
<average_rating>3.64</average_rating>
<ratings_count>1531</ratings_count>
<publication_year>2011</publication_year>
<publication_month>8</publication_month>
<publication_day>3</publication_day>
<authors>
<author>
<id>24009</id>
<name>Meljean Brook</name>
<link><![CDATA[https://www.goodreads.com/author/show/24009.Meljean_Brook]]></link>
</author>
</authors>
</book>

          <book>
<id>9738582</id>
<title><![CDATA[Angels' Flight (Guild Hunter, #0.4, 0.5, 0.6, 3.5)]]></title>
<title_without_series>Angels&apos; Flight</title_without_series>
<link><![CDATA[https://www.goodreads.com/book/show/9738582-angels-flight]]></link>
<small_image_url><![CDATA[https://images.gr-assets.com/books/1311894951s/9738582.jpg]]></small_image_url>
<image_url><![CDATA[https://images.gr-assets.com/books/1311894951m/9738582.jpg]]></image_url>
<num_pages>368</num_pages>
<work>
<id>14627662</id>
</work>
<isbn>1101560398</isbn>
<isbn13>9781101560396</isbn13>
<average_rating>4.31</average_rating>
<ratings_count>10938</ratings_count>
<publication_year>2012</publication_year>
<publication_month>2</publication_month>
<publication_day>28</publication_day>
<authors>
<author>
<id>71688</id>
<name>Nalini Singh</name>
<link><![CDATA[https://www.goodreads.com/author/show/71688.Nalini_Singh]]></link>
</author>
</authors>
</book>

  </similar_books>
</book>

</GoodreadsResponse>