<?xml version="1.0" encoding="UTF-8"?>
<GoodreadsResponse>
  <Request>
    <authentication>true</authentication>
      <key><![CDATA[all_men_must_serve]]></key>
    <method><![CDATA[book_show]]></method>
  </Request>
  <book>
  <id>10537195</id>
  <title>The Last Council (Amulet, #4)</title>
  <isbn><![CDATA[0545208874]]></isbn>
  <isbn13><![CDATA[9780545208871]]></isbn13>
  <asin><![CDATA[]]></asin>
  <kindle_asin><![CDATA[B00FFF7QS4]]></kindle_asin>
  <marketplace_id><![CDATA[A1F83G8C2ARO7P]]></marketplace_id>
  <country_code><![CDATA[GB]]></country_code>
  <image_url>https://images.gr-assets.com/books/1422047373m/10537195.jpg</image_url>
  <small_image_url>https://images.gr-assets.com/books/1422047373s/10537195.jpg</small_image_url>
  <publication_year>2011</publication_year>
  <publication_month>9</publication_month>
  <publication_day>1</publication_day>
  <publisher>Graphix</publisher>
  <language_code>eng</language_code>
  <is_ebook>false</is_ebook>
  <description><![CDATA[Kazu Kibuishi's thrilling, NEW YORK TIMES bestselling series continues!<br /><br />Emily and her friends think they'll find the help they need in Cielis, but something isn't right. Streets that were once busy are deserted, and the townspeople who are left live in crippling fear. Emily is escorted to the Academy where she's expected to compete for a spot on the Guardian Council, the most powerful Stonekeepers. But as the number of competitors gets smaller and smaller, a terrible secret is slowly uncovered--a secret that, if left buried, means certain destruction of everything Emily fights for.]]></description>
  <work>
  <id type="integer">15443551</id>
  <books_count type="integer">13</books_count>
  <best_book_id type="integer">10537195</best_book_id>
  <reviews_count type="integer">19928</reviews_count>
  <ratings_sum type="integer">53786</ratings_sum>
  <ratings_count type="integer">12254</ratings_count>
  <text_reviews_count type="integer">798</text_reviews_count>
  <original_publication_year type="integer">2011</original_publication_year>
  <original_publication_month type="integer">9</original_publication_month>
  <original_publication_day type="integer">1</original_publication_day>
  <original_title></original_title>
  <original_language_id type="integer" nil="true"/>
  <media_type>book</media_type>
  <rating_dist>5:6836|4:3735|3:1380|2:223|1:80|total:12254</rating_dist>
  <desc_user_id type="integer">1153657</desc_user_id>
  <default_chaptering_book_id type="integer" nil="true"/>
  <default_description_language_code nil="true"/>
</work>
  <average_rating>4.39</average_rating>
  <num_pages><![CDATA[219]]></num_pages>
  <format><![CDATA[Paperback]]></format>
  <edition_information><![CDATA[]]></edition_information>
  <ratings_count><![CDATA[11974]]></ratings_count>
  <text_reviews_count><![CDATA[771]]></text_reviews_count>
  <url><![CDATA[https://www.goodreads.com/book/show/10537195-the-last-council]]></url>
  <link><![CDATA[https://www.goodreads.com/book/show/10537195-the-last-council]]></link>
  <authors>
<author>
<id>27372</id>
<name>Kazu Kibuishi</name>
<role></role>
<image_url nophoto='false'>
<![CDATA[https://images.gr-assets.com/authors/1311988001p5/27372.jpg]]>
</image_url>
<small_image_url nophoto='false'>
<![CDATA[https://images.gr-assets.com/authors/1311988001p2/27372.jpg]]>
</small_image_url>
<link><![CDATA[https://www.goodreads.com/author/show/27372.Kazu_Kibuishi]]></link>
<average_rating>4.27</average_rating>
<ratings_count>150567</ratings_count>
<text_reviews_count>13196</text_reviews_count>
</author>
</authors>

    <reviews_widget>
      <![CDATA[
        <style>
  #goodreads-widget {
    font-family: georgia, serif;
    padding: 18px 0;
    width:565px;
  }
  #goodreads-widget h1 {
    font-weight:normal;
    font-size: 16px;
    border-bottom: 1px solid #BBB596;
    margin-bottom: 0;
  }
  #goodreads-widget a {
    text-decoration: none;
    color:#660;
  }
  iframe{
    background-color: #fff;
  }
  #goodreads-widget a:hover { text-decoration: underline; }
  #goodreads-widget a:active {
    color:#660;
  }
  #gr_footer {
    width: 100%;
    border-top: 1px solid #BBB596;
    text-align: right;
  }
  #goodreads-widget .gr_branding{
    color: #382110;
    font-size: 11px;
    text-decoration: none;
    font-family: "Helvetica Neue", Helvetica, Arial, sans-serif;
  }
</style>
<div id="goodreads-widget">
  <div id="gr_header"><h1><a rel="nofollow" href="https://www.goodreads.com/book/show/10537195-the-last-council">The Last Council Reviews</a></h1></div>
  <iframe id="the_iframe" src="https://www.goodreads.com/api/reviews_widget_iframe?did=DEVELOPER_ID&amp;format=html&amp;isbn=0545208874&amp;links=660&amp;min_rating=&amp;review_back=fff&amp;stars=000&amp;text=000" width="565" height="400" frameborder="0"></iframe>
  <div id="gr_footer">
    <a class="gr_branding" target="_blank" rel="nofollow" href="https://www.goodreads.com/book/show/10537195-the-last-council?utm_medium=api&amp;utm_source=reviews_widget">Reviews from Goodreads.com</a>
  </div>
</div>

      ]]>
    </reviews_widget>
  <popular_shelves>
      <shelf name="to-read" count="1244"/>
      <shelf name="fantasy" count="380"/>
      <shelf name="graphic-novel" count="351"/>
      <shelf name="currently-reading" count="296"/>
      <shelf name="comics" count="159"/>
      <shelf name="graphic-novels" count="152"/>
      <shelf name="favorites" count="106"/>
      <shelf name="middle-grade" count="98"/>
      <shelf name="amulet" count="88"/>
      <shelf name="adventure" count="79"/>
      <shelf name="series" count="50"/>
      <shelf name="fiction" count="49"/>
      <shelf name="books-i-own" count="48"/>
      <shelf name="childrens" count="48"/>
      <shelf name="young-adult" count="48"/>
      <shelf name="graphic-novels-comics" count="36"/>
      <shelf name="magic" count="36"/>
      <shelf name="kids" count="33"/>
      <shelf name="ya" count="33"/>
      <shelf name="graphic" count="32"/>
      <shelf name="read-in-2015" count="29"/>
      <shelf name="comics-graphic-novels" count="28"/>
      <shelf name="children-s" count="28"/>
      <shelf name="read-in-2016" count="27"/>
      <shelf name="library" count="27"/>
      <shelf name="owned" count="21"/>
      <shelf name="children" count="21"/>
      <shelf name="comics-and-graphic-novels" count="20"/>
      <shelf name="read-2016" count="18"/>
      <shelf name="comic" count="18"/>
      <shelf name="children-s-books" count="18"/>
      <shelf name="read-2015" count="16"/>
      <shelf name="library-books" count="15"/>
      <shelf name="science-fiction" count="15"/>
      <shelf name="childrens-books" count="15"/>
      <shelf name="sci-fi" count="15"/>
      <shelf name="owned-books" count="14"/>
      <shelf name="juvenile" count="14"/>
      <shelf name="read-in-2014" count="13"/>
      <shelf name="manga" count="13"/>
      <shelf name="kids-books" count="12"/>
      <shelf name="steampunk" count="12"/>
      <shelf name="manga-graphic-novels" count="12"/>
      <shelf name="read-2014" count="11"/>
      <shelf name="amulet-series" count="11"/>
      <shelf name="mystery" count="11"/>
      <shelf name="childrens-lit" count="11"/>
      <shelf name="2015-reads" count="10"/>
      <shelf name="graphic-novels-and-comics" count="10"/>
      <shelf name="comic-books" count="10"/>
      <shelf name="action-adventure" count="10"/>
      <shelf name="2016-reads" count="9"/>
      <shelf name="classroom-library" count="9"/>
      <shelf name="graphic-novels-manga" count="9"/>
      <shelf name="family" count="9"/>
      <shelf name="juvenile-fiction" count="9"/>
      <shelf name="middle-school" count="9"/>
      <shelf name="tween" count="9"/>
      <shelf name="to-buy" count="9"/>
      <shelf name="favourites" count="8"/>
      <shelf name="youth" count="8"/>
      <shelf name="read-in-2012" count="8"/>
      <shelf name="action" count="8"/>
      <shelf name="library-book" count="8"/>
      <shelf name="graphic-novel-comics" count="8"/>
      <shelf name="2017-reads" count="7"/>
      <shelf name="read-in-2017" count="7"/>
      <shelf name="2014-reads" count="7"/>
      <shelf name="coming-of-age" count="7"/>
      <shelf name="my-books" count="7"/>
      <shelf name="sci-fi-fantasy" count="7"/>
      <shelf name="graphicnovels" count="7"/>
      <shelf name="comic-graphic-novel" count="6"/>
      <shelf name="bd" count="6"/>
      <shelf name="graphic-novel-manga" count="6"/>
      <shelf name="1" count="6"/>
      <shelf name="default" count="6"/>
      <shelf name="amulet-4" count="6"/>
      <shelf name="elementary" count="6"/>
      <shelf name="manga-and-graphic-novels" count="6"/>
      <shelf name="4-stars" count="6"/>
      <shelf name="5-stars" count="6"/>
      <shelf name="children-s-literature" count="6"/>
      <shelf name="read-2011" count="6"/>
      <shelf name="middlegrade" count="6"/>
      <shelf name="2016-books" count="5"/>
      <shelf name="english" count="5"/>
      <shelf name="graphic-novels-read" count="5"/>
      <shelf name="supernatural" count="5"/>
      <shelf name="graphic-novels-comic-books" count="5"/>
      <shelf name="books-to-buy" count="5"/>
      <shelf name="books" count="5"/>
      <shelf name="comic-manga" count="5"/>
      <shelf name="kazu-kibuishi" count="5"/>
      <shelf name="junior" count="5"/>
      <shelf name="j-fic" count="5"/>
      <shelf name="animals" count="5"/>
      <shelf name="graphics" count="5"/>
      <shelf name="books-of-2016" count="4"/>
      <shelf name="graphics-comics" count="4"/>
  </popular_shelves>
  <book_links>
    <book_link>
  <id>8</id>
  <name>Libraries</name>
  <link>https://www.goodreads.com/book_link/follow/8</link>
</book_link>

  </book_links>
  <buy_links>
    <buy_link>
<id>1</id>
<name>Amazon</name>
<link>https://www.goodreads.com/book_link/follow/1</link>
</buy_link>
<buy_link>
<id>10</id>
<name>Audible</name>
<link>https://www.goodreads.com/book_link/follow/10</link>
</buy_link>
<buy_link>
<id>3</id>
<name>Barnes &amp; Noble</name>
<link>https://www.goodreads.com/book_link/follow/3</link>
</buy_link>
<buy_link>
<id>1027</id>
<name>Kobo</name>
<link>https://www.goodreads.com/book_link/follow/1027</link>
</buy_link>
<buy_link>
<id>2102</id>
<name>Apple iBooks</name>
<link>https://www.goodreads.com/book_link/follow/2102</link>
</buy_link>
<buy_link>
<id>8036</id>
<name>Google Play</name>
<link>https://www.goodreads.com/book_link/follow/8036</link>
</buy_link>
<buy_link>
<id>4</id>
<name>Abebooks</name>
<link>https://www.goodreads.com/book_link/follow/4</link>
</buy_link>
<buy_link>
<id>882</id>
<name>Book Depository</name>
<link>https://www.goodreads.com/book_link/follow/882</link>
</buy_link>
<buy_link>
<id>9</id>
<name>Indigo</name>
<link>https://www.goodreads.com/book_link/follow/9</link>
</buy_link>
<buy_link>
<id>2</id>
<name>Half.com</name>
<link>https://www.goodreads.com/book_link/follow/2</link>
</buy_link>
<buy_link>
<id>5</id>
<name>Alibris</name>
<link>https://www.goodreads.com/book_link/follow/5</link>
</buy_link>
<buy_link>
<id>107</id>
<name>Better World Books</name>
<link>https://www.goodreads.com/book_link/follow/107</link>
</buy_link>
<buy_link>
<id>7</id>
<name>IndieBound</name>
<link>https://www.goodreads.com/book_link/follow/7</link>
</buy_link>

  </buy_links>
  <series_works>
    <series_work>
<id>250245</id>
<user_position>4</user_position>
<series>
<id>52042</id>
<title>
<![CDATA[
    Amulet
]]>
</title>
<description>
<![CDATA[
]]>
</description>
<note>
<![CDATA[
]]>
</note>
<series_works_count>11</series_works_count>
<primary_work_count>9</primary_work_count>
<numbered>true</numbered>
</series>

</series_work>

  </series_works>
  <similar_books>
          <book>
<id>18465632</id>
<title><![CDATA[The Return of Zita the Spacegirl (Zita the Spacegirl, #3)]]></title>
<title_without_series><![CDATA[The Return of Zita the Spacegirl]]></title_without_series>
<link><![CDATA[https://www.goodreads.com/book/show/18465632-the-return-of-zita-the-spacegirl]]></link>
<small_image_url><![CDATA[https://s.gr-assets.com/assets/nophoto/book/50x75-a91bf249278a81aabab721ef782c4a74.png]]></small_image_url>
<image_url><![CDATA[https://s.gr-assets.com/assets/nophoto/book/111x148-bcc042a9c91a29c1d680899eff700a03.png]]></image_url>
<num_pages>240</num_pages>
<work>
<id>26123540</id>
</work>
<isbn>1596438762</isbn>
<isbn13>9781596438767</isbn13>
<average_rating>4.27</average_rating>
<ratings_count>3811</ratings_count>
<publication_year>2014</publication_year>
<publication_month>5</publication_month>
<publication_day>13</publication_day>
<authors>
<author>
<id>3212743</id>
<name>Ben Hatke</name>
<link><![CDATA[https://www.goodreads.com/author/show/3212743.Ben_Hatke]]></link>
</author>
</authors>
</book>

          <book>
<id>22596647</id>
<title><![CDATA[The Thief and the Sword (Cleopatra in Space, #2)]]></title>
<title_without_series>The Thief and the Sword</title_without_series>
<link><![CDATA[https://www.goodreads.com/book/show/22596647-the-thief-and-the-sword]]></link>
<small_image_url><![CDATA[https://images.gr-assets.com/books/1422901377s/22596647.jpg]]></small_image_url>
<image_url><![CDATA[https://images.gr-assets.com/books/1422901377m/22596647.jpg]]></image_url>
<num_pages>192</num_pages>
<work>
<id>42079853</id>
</work>
<isbn>0606370250</isbn>
<isbn13>9780606370257</isbn13>
<average_rating>4.11</average_rating>
<ratings_count>982</ratings_count>
<publication_year>2015</publication_year>
<publication_month>4</publication_month>
<publication_day>28</publication_day>
<authors>
<author>
<id>4660045</id>
<name>Mike Maihack</name>
<link><![CDATA[https://www.goodreads.com/author/show/4660045.Mike_Maihack]]></link>
</author>
</authors>
</book>

          <book>
<id>22718678</id>
<title><![CDATA[Dragons Beware! (Chronicles of Claudette, #2)]]></title>
<title_without_series>Dragons Beware!</title_without_series>
<link><![CDATA[https://www.goodreads.com/book/show/22718678-dragons-beware]]></link>
<small_image_url><![CDATA[https://images.gr-assets.com/books/1410982362s/22718678.jpg]]></small_image_url>
<image_url><![CDATA[https://images.gr-assets.com/books/1410982362m/22718678.jpg]]></image_url>
<num_pages>160</num_pages>
<work>
<id>42246976</id>
</work>
<isbn>1596438789</isbn>
<isbn13>9781596438781</isbn13>
<average_rating>4.22</average_rating>
<ratings_count>692</ratings_count>
<publication_year>2015</publication_year>
<publication_month>5</publication_month>
<publication_day>12</publication_day>
<authors>
<author>
<id>3033809</id>
<name>Jorge Aguirre</name>
<link><![CDATA[https://www.goodreads.com/author/show/3033809.Jorge_Aguirre]]></link>
</author>
</authors>
</book>

          <book>
<id>17264824</id>
<title><![CDATA[Princeless, Vol. 2: Get Over Yourself]]></title>
<title_without_series><![CDATA[Princeless, Vol. 2: Get Over Yourself]]></title_without_series>
<link><![CDATA[https://www.goodreads.com/book/show/17264824-princeless-vol-2]]></link>
<small_image_url><![CDATA[https://images.gr-assets.com/books/1361784597s/17264824.jpg]]></small_image_url>
<image_url><![CDATA[https://images.gr-assets.com/books/1361784597m/17264824.jpg]]></image_url>
<num_pages>122</num_pages>
<work>
<id>23862780</id>
</work>
<isbn>098596524X</isbn>
<isbn13>9780985965242</isbn13>
<average_rating>4.14</average_rating>
<ratings_count>2249</ratings_count>
<publication_year>2013</publication_year>
<publication_month>6</publication_month>
<publication_day>26</publication_day>
<authors>
<author>
<id>5248114</id>
<name>Jeremy Whitley</name>
<link><![CDATA[https://www.goodreads.com/author/show/5248114.Jeremy_Whitley]]></link>
</author>
</authors>
</book>

          <book>
<id>16057353</id>
<title>Hilda and the Bird Parade</title>
<title_without_series>Hilda and the Bird Parade</title_without_series>
<link><![CDATA[https://www.goodreads.com/book/show/16057353-hilda-and-the-bird-parade]]></link>
<small_image_url><![CDATA[https://images.gr-assets.com/books/1379392943s/16057353.jpg]]></small_image_url>
<image_url><![CDATA[https://images.gr-assets.com/books/1379392943m/16057353.jpg]]></image_url>
<num_pages>44</num_pages>
<work>
<id>21843265</id>
</work>
<isbn>1909263060</isbn>
<isbn13>9781909263062</isbn13>
<average_rating>4.19</average_rating>
<ratings_count>1938</ratings_count>
<publication_year>2013</publication_year>
<publication_month>4</publication_month>
<publication_day>2</publication_day>
<authors>
<author>
<id>4461106</id>
<name>Luke Pearson</name>
<link><![CDATA[https://www.goodreads.com/author/show/4461106.Luke_Pearson]]></link>
</author>
</authors>
</book>

          <book>
<id>106130</id>
<title><![CDATA[Bone, Vol. 6: Old Man's Cave (Bone, #6)]]></title>
<title_without_series>Bone, Vol. 6: Old Man&apos;s Cave</title_without_series>
<link><![CDATA[https://www.goodreads.com/book/show/106130.Bone_Vol_6]]></link>
<small_image_url><![CDATA[https://s.gr-assets.com/assets/nophoto/book/50x75-a91bf249278a81aabab721ef782c4a74.png]]></small_image_url>
<image_url><![CDATA[https://s.gr-assets.com/assets/nophoto/book/111x148-bcc042a9c91a29c1d680899eff700a03.png]]></image_url>
<num_pages>128</num_pages>
<work>
<id>2469813</id>
</work>
<isbn>1888963050</isbn>
<isbn13>9781888963052</isbn13>
<average_rating>4.35</average_rating>
<ratings_count>7683</ratings_count>
<publication_year>1999</publication_year>
<publication_month>7</publication_month>
<publication_day>15</publication_day>
<authors>
<author>
<id>5951</id>
<name>Jeff Smith</name>
<link><![CDATA[https://www.goodreads.com/author/show/5951.Jeff_Smith]]></link>
</author>
</authors>
</book>

          <book>
<id>10368294</id>
<title>Brave New Pond (Squish, #2)</title>
<title_without_series>Brave New Pond</title_without_series>
<link><![CDATA[https://www.goodreads.com/book/show/10368294-brave-new-pond]]></link>
<small_image_url><![CDATA[https://images.gr-assets.com/books/1320537647s/10368294.jpg]]></small_image_url>
<image_url><![CDATA[https://images.gr-assets.com/books/1320537647m/10368294.jpg]]></image_url>
<num_pages>96</num_pages>
<work>
<id>15271565</id>
</work>
<isbn>0375843906</isbn>
<isbn13>9780375843907</isbn13>
<average_rating>4.14</average_rating>
<ratings_count>2202</ratings_count>
<publication_year>2011</publication_year>
<publication_month>9</publication_month>
<publication_day>27</publication_day>
<authors>
<author>
<id>137561</id>
<name>Jennifer L. Holm</name>
<link><![CDATA[https://www.goodreads.com/author/show/137561.Jennifer_L_Holm]]></link>
</author>
</authors>
</book>

          <book>
<id>6283949</id>
<title><![CDATA[Jellaby: Monster in the City (Jellaby, #2)]]></title>
<title_without_series>Jellaby: Monster in the City</title_without_series>
<link><![CDATA[https://www.goodreads.com/book/show/6283949-jellaby]]></link>
<small_image_url><![CDATA[https://s.gr-assets.com/assets/nophoto/book/50x75-a91bf249278a81aabab721ef782c4a74.png]]></small_image_url>
<image_url><![CDATA[https://s.gr-assets.com/assets/nophoto/book/111x148-bcc042a9c91a29c1d680899eff700a03.png]]></image_url>
<num_pages></num_pages>
<work>
<id>6467968</id>
</work>
<isbn>1423105656</isbn>
<isbn13>9781423105657</isbn13>
<average_rating>4.02</average_rating>
<ratings_count>1259</ratings_count>
<publication_year></publication_year>
<publication_month></publication_month>
<publication_day></publication_day>
<authors>
<author>
<id>970677</id>
<name>Kean Soo</name>
<link><![CDATA[https://www.goodreads.com/author/show/970677.Kean_Soo]]></link>
</author>
</authors>
</book>

          <book>
<id>12075523</id>
<title>Pandemonium</title>
<title_without_series>Pandemonium</title_without_series>
<link><![CDATA[https://www.goodreads.com/book/show/12075523-pandemonium]]></link>
<small_image_url><![CDATA[https://images.gr-assets.com/books/1327900697s/12075523.jpg]]></small_image_url>
<image_url><![CDATA[https://images.gr-assets.com/books/1327900697m/12075523.jpg]]></image_url>
<num_pages>176</num_pages>
<work>
<id>17043251</id>
</work>
<isbn>0545252210</isbn>
<isbn13>9780545252218</isbn13>
<average_rating>4.01</average_rating>
<ratings_count>988</ratings_count>
<publication_year>2012</publication_year>
<publication_month>2</publication_month>
<publication_day>1</publication_day>
<authors>
<author>
<id>81096</id>
<name>Chris Wooding</name>
<link><![CDATA[https://www.goodreads.com/author/show/81096.Chris_Wooding]]></link>
</author>
</authors>
</book>

          <book>
<id>196925</id>
<title><![CDATA[Owly, Vol. 2: Just a Little Blue (Owly, #2)]]></title>
<title_without_series><![CDATA[Owly, Vol. 2: Just a Little Blue]]></title_without_series>
<link><![CDATA[https://www.goodreads.com/book/show/196925.Owly_Vol_2]]></link>
<small_image_url><![CDATA[https://s.gr-assets.com/assets/nophoto/book/50x75-a91bf249278a81aabab721ef782c4a74.png]]></small_image_url>
<image_url><![CDATA[https://s.gr-assets.com/assets/nophoto/book/111x148-bcc042a9c91a29c1d680899eff700a03.png]]></image_url>
<num_pages>120</num_pages>
<work>
<id>190471</id>
</work>
<isbn>1891830643</isbn>
<isbn13>9781891830648</isbn13>
<average_rating>4.17</average_rating>
<ratings_count>2471</ratings_count>
<publication_year>2005</publication_year>
<publication_month>3</publication_month>
<publication_day>31</publication_day>
<authors>
<author>
<id>114752</id>
<name>Andy Runton</name>
<link><![CDATA[https://www.goodreads.com/author/show/114752.Andy_Runton]]></link>
</author>
</authors>
</book>

          <book>
<id>10989841</id>
<title>Binky Under Pressure</title>
<title_without_series>Binky Under Pressure</title_without_series>
<link><![CDATA[https://www.goodreads.com/book/show/10989841-binky-under-pressure]]></link>
<small_image_url><![CDATA[https://images.gr-assets.com/books/1316005019s/10989841.jpg]]></small_image_url>
<image_url><![CDATA[https://images.gr-assets.com/books/1316005019m/10989841.jpg]]></image_url>
<num_pages>64</num_pages>
<work>
<id>15908377</id>
</work>
<isbn>1554537673</isbn>
<isbn13>9781554537679</isbn13>
<average_rating>4.08</average_rating>
<ratings_count>1089</ratings_count>
<publication_year>2011</publication_year>
<publication_month>9</publication_month>
<publication_day>1</publication_day>
<authors>
<author>
<id>755882</id>
<name>Ashley Spires</name>
<link><![CDATA[https://www.goodreads.com/author/show/755882.Ashley_Spires]]></link>
</author>
</authors>
</book>

          <book>
<id>13591174</id>
<title><![CDATA[How Mirka Met a Meteorite (Hereville #2)]]></title>
<title_without_series>How Mirka Met a Meteorite</title_without_series>
<link><![CDATA[https://www.goodreads.com/book/show/13591174-how-mirka-met-a-meteorite]]></link>
<small_image_url><![CDATA[https://images.gr-assets.com/books/1424413410s/13591174.jpg]]></small_image_url>
<image_url><![CDATA[https://images.gr-assets.com/books/1424413410m/13591174.jpg]]></image_url>
<num_pages></num_pages>
<work>
<id>19179208</id>
</work>
<isbn>1419703986</isbn>
<isbn13>9781419703980</isbn13>
<average_rating>3.84</average_rating>
<ratings_count>2527</ratings_count>
<publication_year>2012</publication_year>
<publication_month>10</publication_month>
<publication_day>31</publication_day>
<authors>
<author>
<id>4192028</id>
<name>Barry  Deutsch</name>
<link><![CDATA[https://www.goodreads.com/author/show/4192028.Barry_Deutsch]]></link>
</author>
</authors>
</book>

          <book>
<id>10254690</id>
<title>Bad Island</title>
<title_without_series>Bad Island</title_without_series>
<link><![CDATA[https://www.goodreads.com/book/show/10254690-bad-island]]></link>
<small_image_url><![CDATA[https://images.gr-assets.com/books/1328836244s/10254690.jpg]]></small_image_url>
<image_url><![CDATA[https://images.gr-assets.com/books/1328836244m/10254690.jpg]]></image_url>
<num_pages>224</num_pages>
<work>
<id>15154901</id>
</work>
<isbn>0545314798</isbn>
<isbn13>9780545314794</isbn13>
<average_rating>3.95</average_rating>
<ratings_count>4547</ratings_count>
<publication_year>2011</publication_year>
<publication_month>8</publication_month>
<publication_day>1</publication_day>
<authors>
<author>
<id>45687</id>
<name>Doug TenNapel</name>
<link><![CDATA[https://www.goodreads.com/author/show/45687.Doug_TenNapel]]></link>
</author>
</authors>
</book>

          <book>
<id>15792851</id>
<title><![CDATA[Curses! Foiled Again (Foiled, #2)]]></title>
<title_without_series>Curses! Foiled Again</title_without_series>
<link><![CDATA[https://www.goodreads.com/book/show/15792851-curses-foiled-again]]></link>
<small_image_url><![CDATA[https://images.gr-assets.com/books/1345686527s/15792851.jpg]]></small_image_url>
<image_url><![CDATA[https://images.gr-assets.com/books/1345686527m/15792851.jpg]]></image_url>
<num_pages>160</num_pages>
<work>
<id>16220480</id>
</work>
<isbn>1596436190</isbn>
<isbn13>9781596436190</isbn13>
<average_rating>3.64</average_rating>
<ratings_count>798</ratings_count>
<publication_year>2013</publication_year>
<publication_month>1</publication_month>
<publication_day>8</publication_day>
<authors>
<author>
<id>5989</id>
<name>Jane Yolen</name>
<link><![CDATA[https://www.goodreads.com/author/show/5989.Jane_Yolen]]></link>
</author>
</authors>
</book>

          <book>
<id>9571719</id>
<title><![CDATA[Hera: The Goddess and Her Glory (Olympians, #3)]]></title>
<title_without_series><![CDATA[Hera: The Goddess and Her Glory]]></title_without_series>
<link><![CDATA[https://www.goodreads.com/book/show/9571719-hera]]></link>
<small_image_url><![CDATA[https://images.gr-assets.com/books/1471979056s/9571719.jpg]]></small_image_url>
<image_url><![CDATA[https://images.gr-assets.com/books/1471979056m/9571719.jpg]]></image_url>
<num_pages>77</num_pages>
<work>
<id>14458549</id>
</work>
<isbn>1596434333</isbn>
<isbn13>9781596434332</isbn13>
<average_rating>4.07</average_rating>
<ratings_count>1578</ratings_count>
<publication_year>2011</publication_year>
<publication_month>7</publication_month>
<publication_day>19</publication_day>
<authors>
<author>
<id>97199</id>
<name>George O&apos;Connor</name>
<link><![CDATA[https://www.goodreads.com/author/show/97199.George_O_Connor]]></link>
</author>
</authors>
</book>

          <book>
<id>23735609</id>
<title><![CDATA[The Boy Who Crashed to Earth (HiLo #1)]]></title>
<title_without_series>The Boy Who Crashed to Earth</title_without_series>
<link><![CDATA[https://www.goodreads.com/book/show/23735609-the-boy-who-crashed-to-earth]]></link>
<small_image_url><![CDATA[https://images.gr-assets.com/books/1419180089s/23735609.jpg]]></small_image_url>
<image_url><![CDATA[https://images.gr-assets.com/books/1419180089m/23735609.jpg]]></image_url>
<num_pages>193</num_pages>
<work>
<id>43347673</id>
</work>
<isbn>0385386176</isbn>
<isbn13>9780385386173</isbn13>
<average_rating>4.14</average_rating>
<ratings_count>1798</ratings_count>
<publication_year>2015</publication_year>
<publication_month>9</publication_month>
<publication_day>1</publication_day>
<authors>
<author>
<id>4822</id>
<name>Judd Winick</name>
<link><![CDATA[https://www.goodreads.com/author/show/4822.Judd_Winick]]></link>
</author>
</authors>
</book>

          <book>
<id>11994975</id>
<title><![CDATA[Rust Vol. 1: Visitor in the Field]]></title>
<title_without_series><![CDATA[Rust Vol. 1: Visitor in the Field]]></title_without_series>
<link><![CDATA[https://www.goodreads.com/book/show/11994975-rust-vol-1]]></link>
<small_image_url><![CDATA[https://images.gr-assets.com/books/1392574738s/11994975.jpg]]></small_image_url>
<image_url><![CDATA[https://images.gr-assets.com/books/1392574738m/11994975.jpg]]></image_url>
<num_pages>192</num_pages>
<work>
<id>16959104</id>
</work>
<isbn>1936393271</isbn>
<isbn13>9781936393275</isbn13>
<average_rating>3.95</average_rating>
<ratings_count>771</ratings_count>
<publication_year>2011</publication_year>
<publication_month>12</publication_month>
<publication_day>13</publication_day>
<authors>
<author>
<id>383657</id>
<name>Royden Lepp</name>
<link><![CDATA[https://www.goodreads.com/author/show/383657.Royden_Lepp]]></link>
</author>
</authors>
</book>

  </similar_books>
</book>

</GoodreadsResponse>