<?xml version="1.0" encoding="UTF-8"?>
<GoodreadsResponse>
  <Request>
    <authentication>true</authentication>
      <key><![CDATA[all_men_must_serve]]></key>
    <method><![CDATA[book_show]]></method>
  </Request>
  <book>
  <id>10534</id>
  <title>The Art of War</title>
  <isbn><![CDATA[1590302257]]></isbn>
  <isbn13><![CDATA[9781590302255]]></isbn13>
  <asin><![CDATA[]]></asin>
  <kindle_asin><![CDATA[B0199LTIKI]]></kindle_asin>
  <marketplace_id><![CDATA[A1F83G8C2ARO7P]]></marketplace_id>
  <country_code><![CDATA[GB]]></country_code>
  <image_url>https://images.gr-assets.com/books/1453417993m/10534.jpg</image_url>
  <small_image_url>https://images.gr-assets.com/books/1453417993s/10534.jpg</small_image_url>
  <publication_year>2005</publication_year>
  <publication_month>1</publication_month>
  <publication_day>11</publication_day>
  <publisher>Shambhala</publisher>
  <language_code>eng</language_code>
  <is_ebook>false</is_ebook>
  <description><![CDATA[Conflict is an inevitable part of life, according to this ancient Chinese classic of strategy, but everything necessary to deal with conflict wisely, honorably, victoriously, is already present within us. Compiled more than two thousand years ago by a mysterious warrior-philosopher, <i>The Art of War </i> is still perhaps the most prestigious and influential book of strategy in the world, as eagerly studied in Asia by modern politicians and executives as it has been by military leaders since ancient times. As a study of the anatomy of organizations in conflict, <i>The Art of War </i> applies to competition and conflict in general, on every level from the interpersonal to the international. Its aim is invincibility, victory without battle, and unassailable strength through understanding the physics, politics, and psychology of conflict.<br /><br />(Original publication date was circa 500 BCE.)<br /><br />For an outstanding Kindle edition, please refer to The Art of War by Sun Tzu - Classic Collector's Edition (Shawn Conners, Barton Williams, Lionel Giles, Sian Kim)]]></description>
  <work>
  <id type="integer">3200649</id>
  <books_count type="integer">1871</books_count>
  <best_book_id type="integer">10534</best_book_id>
  <reviews_count type="integer">448962</reviews_count>
  <ratings_sum type="integer">807852</ratings_sum>
  <ratings_count type="integer">204395</ratings_count>
  <text_reviews_count type="integer">6361</text_reviews_count>
  <original_publication_year type="integer">-500</original_publication_year>
  <original_publication_month type="integer" nil="true"/>
  <original_publication_day type="integer" nil="true"/>
  <original_title>孫子兵法 [Sūnzi bīngfǎ]</original_title>
  <original_language_id type="integer" nil="true"/>
  <media_type>book</media_type>
  <rating_dist>5:70681|4:70798|3:48362|2:11615|1:2939|total:204395</rating_dist>
  <desc_user_id type="integer">30822115</desc_user_id>
  <default_chaptering_book_id type="integer" nil="true"/>
  <default_description_language_code nil="true"/>
</work>
  <average_rating>3.95</average_rating>
  <num_pages><![CDATA[273]]></num_pages>
  <format><![CDATA[Paperback]]></format>
  <edition_information><![CDATA[]]></edition_information>
  <ratings_count><![CDATA[167564]]></ratings_count>
  <text_reviews_count><![CDATA[4016]]></text_reviews_count>
  <url><![CDATA[https://www.goodreads.com/book/show/10534.The_Art_of_War]]></url>
  <link><![CDATA[https://www.goodreads.com/book/show/10534.The_Art_of_War]]></link>
  <authors>
<author>
<id>1771</id>
<name>Sun Tzu</name>
<role></role>
<image_url nophoto='false'>
<![CDATA[https://images.gr-assets.com/authors/1185211202p5/1771.jpg]]>
</image_url>
<small_image_url nophoto='false'>
<![CDATA[https://images.gr-assets.com/authors/1185211202p2/1771.jpg]]>
</small_image_url>
<link><![CDATA[https://www.goodreads.com/author/show/1771.Sun_Tzu]]></link>
<average_rating>3.95</average_rating>
<ratings_count>209522</ratings_count>
<text_reviews_count>6609</text_reviews_count>
</author>
<author>
<id>155021</id>
<name>Thomas Cleary</name>
<role>Translator</role>
<image_url nophoto='true'>
<![CDATA[https://s.gr-assets.com/assets/nophoto/user/m_200x266-d279b33f8eec0f27b7272477f09806be.png]]>
</image_url>
<small_image_url nophoto='true'>
<![CDATA[https://s.gr-assets.com/assets/nophoto/user/m_50x66-82093808bca726cb3249a493fbd3bd0f.png]]>
</small_image_url>
<link><![CDATA[https://www.goodreads.com/author/show/155021.Thomas_Cleary]]></link>
<average_rating>3.97</average_rating>
<ratings_count>177632</ratings_count>
<text_reviews_count>4693</text_reviews_count>
</author>
</authors>

    <reviews_widget>
      <![CDATA[
        <style>
  #goodreads-widget {
    font-family: georgia, serif;
    padding: 18px 0;
    width:565px;
  }
  #goodreads-widget h1 {
    font-weight:normal;
    font-size: 16px;
    border-bottom: 1px solid #BBB596;
    margin-bottom: 0;
  }
  #goodreads-widget a {
    text-decoration: none;
    color:#660;
  }
  iframe{
    background-color: #fff;
  }
  #goodreads-widget a:hover { text-decoration: underline; }
  #goodreads-widget a:active {
    color:#660;
  }
  #gr_footer {
    width: 100%;
    border-top: 1px solid #BBB596;
    text-align: right;
  }
  #goodreads-widget .gr_branding{
    color: #382110;
    font-size: 11px;
    text-decoration: none;
    font-family: "Helvetica Neue", Helvetica, Arial, sans-serif;
  }
</style>
<div id="goodreads-widget">
  <div id="gr_header"><h1><a rel="nofollow" href="https://www.goodreads.com/book/show/10534.The_Art_of_War">The Art of War Reviews</a></h1></div>
  <iframe id="the_iframe" src="https://www.goodreads.com/api/reviews_widget_iframe?did=DEVELOPER_ID&amp;format=html&amp;isbn=1590302257&amp;links=660&amp;min_rating=&amp;review_back=fff&amp;stars=000&amp;text=000" width="565" height="400" frameborder="0"></iframe>
  <div id="gr_footer">
    <a class="gr_branding" target="_blank" rel="nofollow" href="https://www.goodreads.com/book/show/10534.The_Art_of_War?utm_medium=api&amp;utm_source=reviews_widget">Reviews from Goodreads.com</a>
  </div>
</div>

      ]]>
    </reviews_widget>
  <popular_shelves>
      <shelf name="non-fiction" count="2954"/>
      <shelf name="philosophy" count="2348"/>
      <shelf name="nonfiction" count="815"/>
      <shelf name="owned" count="717"/>
      <shelf name="politics" count="562"/>
      <shelf name="business" count="536"/>
      <shelf name="military" count="517"/>
      <shelf name="classic" count="492"/>
      <shelf name="strategy" count="348"/>
      <shelf name="books-i-own" count="323"/>
      <shelf name="kindle" count="291"/>
      <shelf name="to-read" count="280"/>
      <shelf name="leadership" count="232"/>
      <shelf name="rory-gilmore-reading-challenge" count="229"/>
      <shelf name="my-ebooks" count="206"/>
      <shelf name="self-help" count="150"/>
      <shelf name="to-buy" count="148"/>
      <shelf name="historical" count="148"/>
      <shelf name="literature" count="147"/>
      <shelf name="ebook" count="130"/>
      <shelf name="audiobook" count="129"/>
      <shelf name="chinese" count="128"/>
      <shelf name="library" count="126"/>
      <shelf name="reference" count="123"/>
      <shelf name="my-library" count="123"/>
      <shelf name="ebooks" count="122"/>
      <shelf name="my-books" count="116"/>
      <shelf name="martial-arts" count="115"/>
      <shelf name="rory-gilmore-challenge" count="115"/>
      <shelf name="military-history" count="112"/>
      <shelf name="management" count="105"/>
      <shelf name="political" count="97"/>
      <shelf name="asia" count="90"/>
      <shelf name="rory-gilmore-reading-list" count="83"/>
      <shelf name="rory-gilmore" count="79"/>
      <shelf name="books" count="73"/>
      <shelf name="warfare" count="72"/>
      <shelf name="other" count="69"/>
      <shelf name="fiction" count="69"/>
      <shelf name="self-improvement" count="69"/>
      <shelf name="gilmore-girls" count="69"/>
      <shelf name="classic-literature" count="67"/>
      <shelf name="political-science" count="63"/>
      <shelf name="chinese-literature" count="55"/>
      <shelf name="audible" count="55"/>
      <shelf name="classics-to-read" count="54"/>
      <shelf name="currently-reading" count="53"/>
      <shelf name="ancient" count="53"/>
      <shelf name="personal-development" count="52"/>
      <shelf name="asian" count="51"/>
      <shelf name="e-books" count="48"/>
      <shelf name="favourites" count="47"/>
      <shelf name="audio-books" count="47"/>
      <shelf name="sun-tzu" count="46"/>
      <shelf name="abandoned" count="46"/>
      <shelf name="finished" count="44"/>
      <shelf name="translated" count="41"/>
      <shelf name="e-book" count="41"/>
      <shelf name="to-read-classics" count="41"/>
      <shelf name="science" count="40"/>
      <shelf name="military-strategy" count="40"/>
      <shelf name="must-read" count="39"/>
      <shelf name="re-read" count="38"/>
      <shelf name="filosofia" count="38"/>
      <shelf name="eastern-philosophy" count="38"/>
      <shelf name="to-read-non-fiction" count="38"/>
      <shelf name="personal-library" count="37"/>
      <shelf name="self-development" count="37"/>
      <shelf name="rory-gilmore-book-challenge" count="37"/>
      <shelf name="english" count="37"/>
      <shelf name="unfinished" count="37"/>
      <shelf name="read-in-2016" count="36"/>
      <shelf name="on-hold" count="36"/>
      <shelf name="read-in-2015" count="35"/>
      <shelf name="adult" count="34"/>
      <shelf name="read-2017" count="34"/>
      <shelf name="i-own" count="34"/>
      <shelf name="educational" count="33"/>
      <shelf name="novels" count="33"/>
      <shelf name="spiritual" count="32"/>
      <shelf name="have" count="32"/>
      <shelf name="to-read-nonfiction" count="32"/>
      <shelf name="philosophy-religion" count="31"/>
      <shelf name="bookshelf" count="31"/>
      <shelf name="home-library" count="31"/>
      <shelf name="kindle-books" count="31"/>
      <shelf name="knowledge" count="31"/>
      <shelf name="business-books" count="30"/>
      <shelf name="spirituality" count="30"/>
      <shelf name="classical" count="30"/>
      <shelf name="research" count="30"/>
      <shelf name="own-it" count="29"/>
      <shelf name="culture" count="28"/>
      <shelf name="the-classics" count="28"/>
      <shelf name="owned-to-read" count="28"/>
      <shelf name="non-fic" count="27"/>
      <shelf name="the-rory-gilmore-reading-challenge" count="27"/>
      <shelf name="gilmore-girls-reading-list" count="27"/>
      <shelf name="asian-literature" count="27"/>
      <shelf name="misc" count="27"/>
  </popular_shelves>
  <book_links>
    <book_link>
  <id>8</id>
  <name>Libraries</name>
  <link>https://www.goodreads.com/book_link/follow/8</link>
</book_link>

  </book_links>
  <buy_links>
    <buy_link>
<id>1</id>
<name>Amazon</name>
<link>https://www.goodreads.com/book_link/follow/1</link>
</buy_link>
<buy_link>
<id>10</id>
<name>Audible</name>
<link>https://www.goodreads.com/book_link/follow/10</link>
</buy_link>
<buy_link>
<id>3</id>
<name>Barnes &amp; Noble</name>
<link>https://www.goodreads.com/book_link/follow/3</link>
</buy_link>
<buy_link>
<id>1027</id>
<name>Kobo</name>
<link>https://www.goodreads.com/book_link/follow/1027</link>
</buy_link>
<buy_link>
<id>2102</id>
<name>Apple iBooks</name>
<link>https://www.goodreads.com/book_link/follow/2102</link>
</buy_link>
<buy_link>
<id>8036</id>
<name>Google Play</name>
<link>https://www.goodreads.com/book_link/follow/8036</link>
</buy_link>
<buy_link>
<id>4</id>
<name>Abebooks</name>
<link>https://www.goodreads.com/book_link/follow/4</link>
</buy_link>
<buy_link>
<id>882</id>
<name>Book Depository</name>
<link>https://www.goodreads.com/book_link/follow/882</link>
</buy_link>
<buy_link>
<id>9</id>
<name>Indigo</name>
<link>https://www.goodreads.com/book_link/follow/9</link>
</buy_link>
<buy_link>
<id>2</id>
<name>Half.com</name>
<link>https://www.goodreads.com/book_link/follow/2</link>
</buy_link>
<buy_link>
<id>5</id>
<name>Alibris</name>
<link>https://www.goodreads.com/book_link/follow/5</link>
</buy_link>
<buy_link>
<id>107</id>
<name>Better World Books</name>
<link>https://www.goodreads.com/book_link/follow/107</link>
</buy_link>
<buy_link>
<id>7</id>
<name>IndieBound</name>
<link>https://www.goodreads.com/book_link/follow/7</link>
</buy_link>

  </buy_links>
  <series_works>
    
  </series_works>
      <public_document>
        <id>670</id>
        <document_url>
          http://feedbooks.com/book/168.epub
        </document_url>
      </public_document>
  <similar_books>
          <book>
<id>117031</id>
<title>On War</title>
<title_without_series>On War</title_without_series>
<link><![CDATA[https://www.goodreads.com/book/show/117031.On_War]]></link>
<small_image_url><![CDATA[https://s.gr-assets.com/assets/nophoto/book/50x75-a91bf249278a81aabab721ef782c4a74.png]]></small_image_url>
<image_url><![CDATA[https://s.gr-assets.com/assets/nophoto/book/111x148-bcc042a9c91a29c1d680899eff700a03.png]]></image_url>
<num_pages></num_pages>
<work>
<id>2048326</id>
</work>
<isbn>0691018545</isbn>
<isbn13>9780691018546</isbn13>
<average_rating>3.95</average_rating>
<ratings_count>8786</ratings_count>
<publication_year></publication_year>
<publication_month></publication_month>
<publication_day></publication_day>
<authors>
<author>
<id>67848</id>
<name>Carl von Clausewitz</name>
<link><![CDATA[https://www.goodreads.com/author/show/67848.Carl_von_Clausewitz]]></link>
</author>
</authors>
</book>

          <book>
<id>867247</id>
<title><![CDATA[A Book of Five Rings: The Classic Guide to Strategy]]></title>
<title_without_series><![CDATA[A Book of Five Rings: The Classic Guide to Strategy]]></title_without_series>
<link><![CDATA[https://www.goodreads.com/book/show/867247.A_Book_of_Five_Rings]]></link>
<small_image_url><![CDATA[https://s.gr-assets.com/assets/nophoto/book/50x75-a91bf249278a81aabab721ef782c4a74.png]]></small_image_url>
<image_url><![CDATA[https://s.gr-assets.com/assets/nophoto/book/111x148-bcc042a9c91a29c1d680899eff700a03.png]]></image_url>
<num_pages></num_pages>
<work>
<id>1318780</id>
</work>
<isbn>0517415283</isbn>
<isbn13>9780517415283</isbn13>
<average_rating>4.09</average_rating>
<ratings_count>24729</ratings_count>
<publication_year></publication_year>
<publication_month></publication_month>
<publication_day></publication_day>
<authors>
<author>
<id>8330589</id>
<name>Miyamoto Musashi</name>
<link><![CDATA[https://www.goodreads.com/author/show/8330589.Miyamoto_Musashi]]></link>
</author>
</authors>
</book>

          <book>
<id>177523</id>
<title>Rights of Man</title>
<title_without_series>Rights of Man</title_without_series>
<link><![CDATA[https://www.goodreads.com/book/show/177523.Rights_of_Man]]></link>
<small_image_url><![CDATA[https://images.gr-assets.com/books/1330098998s/177523.jpg]]></small_image_url>
<image_url><![CDATA[https://images.gr-assets.com/books/1330098998m/177523.jpg]]></image_url>
<num_pages>229</num_pages>
<work>
<id>1667726</id>
</work>
<isbn>0543954617</isbn>
<isbn13>9780543954619</isbn13>
<average_rating>4.02</average_rating>
<ratings_count>7761</ratings_count>
<publication_year>2000</publication_year>
<publication_month>11</publication_month>
<publication_day>29</publication_day>
<authors>
<author>
<id>57639</id>
<name>Thomas Paine</name>
<link><![CDATA[https://www.goodreads.com/author/show/57639.Thomas_Paine]]></link>
</author>
</authors>
</book>

          <book>
<id>833962</id>
<title><![CDATA[Makers of Modern Strategy from Machiavelli to the Nuclear Age]]></title>
<title_without_series><![CDATA[Makers of Modern Strategy from Machiavelli to the Nuclear Age]]></title_without_series>
<link><![CDATA[https://www.goodreads.com/book/show/833962.Makers_of_Modern_Strategy_from_Machiavelli_to_the_Nuclear_Age]]></link>
<small_image_url><![CDATA[https://s.gr-assets.com/assets/nophoto/book/50x75-a91bf249278a81aabab721ef782c4a74.png]]></small_image_url>
<image_url><![CDATA[https://s.gr-assets.com/assets/nophoto/book/111x148-bcc042a9c91a29c1d680899eff700a03.png]]></image_url>
<num_pages>952</num_pages>
<work>
<id>1404128</id>
</work>
<isbn>0691027641</isbn>
<isbn13>9780691027647</isbn13>
<average_rating>4.03</average_rating>
<ratings_count>1146</ratings_count>
<publication_year>1986</publication_year>
<publication_month>3</publication_month>
<publication_day>21</publication_day>
<authors>
<author>
<id>146646</id>
<name>Peter Paret</name>
<link><![CDATA[https://www.goodreads.com/author/show/146646.Peter_Paret]]></link>
</author>
</authors>
</book>

          <book>
<id>479740</id>
<title>The Archidamian War</title>
<title_without_series>The Archidamian War</title_without_series>
<link><![CDATA[https://www.goodreads.com/book/show/479740.The_Archidamian_War]]></link>
<small_image_url><![CDATA[https://s.gr-assets.com/assets/nophoto/book/50x75-a91bf249278a81aabab721ef782c4a74.png]]></small_image_url>
<image_url><![CDATA[https://s.gr-assets.com/assets/nophoto/book/111x148-bcc042a9c91a29c1d680899eff700a03.png]]></image_url>
<num_pages>400</num_pages>
<work>
<id>468146</id>
</work>
<isbn>0801497140</isbn>
<isbn13>9780801497148</isbn13>
<average_rating>3.62</average_rating>
<ratings_count>479</ratings_count>
<publication_year>1990</publication_year>
<publication_month>1</publication_month>
<publication_day>18</publication_day>
<authors>
<author>
<id>12805</id>
<name>Donald Kagan</name>
<link><![CDATA[https://www.goodreads.com/author/show/12805.Donald_Kagan]]></link>
</author>
</authors>
</book>

          <book>
<id>10387214</id>
<title>The Art of Fiction</title>
<title_without_series>The Art of Fiction</title_without_series>
<link><![CDATA[https://www.goodreads.com/book/show/10387214-the-art-of-fiction]]></link>
<small_image_url><![CDATA[https://s.gr-assets.com/assets/nophoto/book/50x75-a91bf249278a81aabab721ef782c4a74.png]]></small_image_url>
<image_url><![CDATA[https://s.gr-assets.com/assets/nophoto/book/111x148-bcc042a9c91a29c1d680899eff700a03.png]]></image_url>
<num_pages></num_pages>
<work>
<id>15290891</id>
</work>
<isbn>1172438099</isbn>
<isbn13>9781172438099</isbn13>
<average_rating>3.74</average_rating>
<ratings_count>645</ratings_count>
<publication_year></publication_year>
<publication_month></publication_month>
<publication_day></publication_day>
<authors>
<author>
<id>159</id>
<name>Henry James</name>
<link><![CDATA[https://www.goodreads.com/author/show/159.Henry_James]]></link>
</author>
</authors>
</book>

          <book>
<id>913719</id>
<title><![CDATA[The Book of Deeds of Arms and of Chivalry]]></title>
<title_without_series><![CDATA[The Book of Deeds of Arms and of Chivalry]]></title_without_series>
<link><![CDATA[https://www.goodreads.com/book/show/913719.The_Book_of_Deeds_of_Arms_and_of_Chivalry]]></link>
<small_image_url><![CDATA[https://images.gr-assets.com/books/1369161706s/913719.jpg]]></small_image_url>
<image_url><![CDATA[https://images.gr-assets.com/books/1369161706m/913719.jpg]]></image_url>
<num_pages>232</num_pages>
<work>
<id>898817</id>
</work>
<isbn>027101881X</isbn>
<isbn13>9780271018812</isbn13>
<average_rating>3.55</average_rating>
<ratings_count>419</ratings_count>
<publication_year>1999</publication_year>
<publication_month>4</publication_month>
<publication_day>22</publication_day>
<authors>
<author>
<id>51133</id>
<name>Christine de Pizan</name>
<link><![CDATA[https://www.goodreads.com/author/show/51133.Christine_de_Pizan]]></link>
</author>
</authors>
</book>

          <book>
<id>666656</id>
<title><![CDATA[The Seven Military Classics of Ancient China]]></title>
<title_without_series><![CDATA[The Seven Military Classics of Ancient China]]></title_without_series>
<link><![CDATA[https://www.goodreads.com/book/show/666656.The_Seven_Military_Classics_of_Ancient_China]]></link>
<small_image_url><![CDATA[https://s.gr-assets.com/assets/nophoto/book/50x75-a91bf249278a81aabab721ef782c4a74.png]]></small_image_url>
<image_url><![CDATA[https://s.gr-assets.com/assets/nophoto/book/111x148-bcc042a9c91a29c1d680899eff700a03.png]]></image_url>
<num_pages>592</num_pages>
<work>
<id>308042</id>
</work>
<isbn>0465003044</isbn>
<isbn13>9780465003044</isbn13>
<average_rating>4.25</average_rating>
<ratings_count>357</ratings_count>
<publication_year>2007</publication_year>
<publication_month>11</publication_month>
<publication_day>6</publication_day>
<authors>
<author>
<id>13617</id>
<name>Ralph D. Sawyer</name>
<link><![CDATA[https://www.goodreads.com/author/show/13617.Ralph_D_Sawyer]]></link>
</author>
</authors>
</book>

          <book>
<id>696917</id>
<title><![CDATA[The Lost Art of War: Recently Discovered Companion to the Bestselling The Art of War]]></title>
<title_without_series><![CDATA[The Lost Art of War: Recently Discovered Companion to the Bestselling The Art of War]]></title_without_series>
<link><![CDATA[https://www.goodreads.com/book/show/696917.The_Lost_Art_of_War]]></link>
<small_image_url><![CDATA[https://s.gr-assets.com/assets/nophoto/book/50x75-a91bf249278a81aabab721ef782c4a74.png]]></small_image_url>
<image_url><![CDATA[https://s.gr-assets.com/assets/nophoto/book/111x148-bcc042a9c91a29c1d680899eff700a03.png]]></image_url>
<num_pages>160</num_pages>
<work>
<id>683236</id>
</work>
<isbn>0062514059</isbn>
<isbn13>9780062514059</isbn13>
<average_rating>3.92</average_rating>
<ratings_count>287</ratings_count>
<publication_year>1997</publication_year>
<publication_month>5</publication_month>
<publication_day>21</publication_day>
<authors>
<author>
<id>1769</id>
<name>Sun Bin</name>
<link><![CDATA[https://www.goodreads.com/author/show/1769.Sun_Bin]]></link>
</author>
</authors>
</book>

          <book>
<id>762763</id>
<title>Karate-Do: My Way of Life</title>
<title_without_series>Karate-Do: My Way of Life</title_without_series>
<link><![CDATA[https://www.goodreads.com/book/show/762763.Karate_Do]]></link>
<small_image_url><![CDATA[https://s.gr-assets.com/assets/nophoto/book/50x75-a91bf249278a81aabab721ef782c4a74.png]]></small_image_url>
<image_url><![CDATA[https://s.gr-assets.com/assets/nophoto/book/111x148-bcc042a9c91a29c1d680899eff700a03.png]]></image_url>
<num_pages></num_pages>
<work>
<id>748852</id>
</work>
<isbn>0870114638</isbn>
<isbn13>9780870114632</isbn13>
<average_rating>4.18</average_rating>
<ratings_count>1439</ratings_count>
<publication_year></publication_year>
<publication_month></publication_month>
<publication_day></publication_day>
<authors>
<author>
<id>72846</id>
<name>Gichin Funakoshi</name>
<link><![CDATA[https://www.goodreads.com/author/show/72846.Gichin_Funakoshi]]></link>
</author>
</authors>
</book>

          <book>
<id>277950</id>
<title><![CDATA[Hagakure: The Book of the Samurai]]></title>
<title_without_series><![CDATA[Hagakure: The Book of the Samurai]]></title_without_series>
<link><![CDATA[https://www.goodreads.com/book/show/277950.Hagakure]]></link>
<small_image_url><![CDATA[https://s.gr-assets.com/assets/nophoto/book/50x75-a91bf249278a81aabab721ef782c4a74.png]]></small_image_url>
<image_url><![CDATA[https://s.gr-assets.com/assets/nophoto/book/111x148-bcc042a9c91a29c1d680899eff700a03.png]]></image_url>
<num_pages>179</num_pages>
<work>
<id>275268</id>
</work>
<isbn>4770029160</isbn>
<isbn13>9784770029164</isbn13>
<average_rating>4.08</average_rating>
<ratings_count>9456</ratings_count>
<publication_year>2002</publication_year>
<publication_month>8</publication_month>
<publication_day>30</publication_day>
<authors>
<author>
<id>79642</id>
<name>Tsunetomo Yamamoto</name>
<link><![CDATA[https://www.goodreads.com/author/show/79642.Tsunetomo_Yamamoto]]></link>
</author>
</authors>
</book>

          <book>
<id>110331</id>
<title>The Federalist Papers</title>
<title_without_series>The Federalist Papers</title_without_series>
<link><![CDATA[https://www.goodreads.com/book/show/110331.The_Federalist_Papers]]></link>
<small_image_url><![CDATA[https://images.gr-assets.com/books/1327865541s/110331.jpg]]></small_image_url>
<image_url><![CDATA[https://images.gr-assets.com/books/1327865541m/110331.jpg]]></image_url>
<num_pages>688</num_pages>
<work>
<id>707252</id>
</work>
<isbn>0451528816</isbn>
<isbn13>9780451528810</isbn13>
<average_rating>4.05</average_rating>
<ratings_count>28040</ratings_count>
<publication_year></publication_year>
<publication_month></publication_month>
<publication_day></publication_day>
<authors>
<author>
<id>51287</id>
<name>Alexander Hamilton</name>
<link><![CDATA[https://www.goodreads.com/author/show/51287.Alexander_Hamilton]]></link>
</author>
</authors>
</book>

          <book>
<id>99324</id>
<title>The Art of War</title>
<title_without_series>The Art of War</title_without_series>
<link><![CDATA[https://www.goodreads.com/book/show/99324.The_Art_of_War]]></link>
<small_image_url><![CDATA[https://images.gr-assets.com/books/1366570851s/99324.jpg]]></small_image_url>
<image_url><![CDATA[https://images.gr-assets.com/books/1366570851m/99324.jpg]]></image_url>
<num_pages>336</num_pages>
<work>
<id>95753</id>
</work>
<isbn>030681076X</isbn>
<isbn13>9780306810763</isbn13>
<average_rating>4.04</average_rating>
<ratings_count>5574</ratings_count>
<publication_year>2001</publication_year>
<publication_month>7</publication_month>
<publication_day>5</publication_day>
<authors>
<author>
<id>16201</id>
<name>Niccolò Machiavelli</name>
<link><![CDATA[https://www.goodreads.com/author/show/16201.Niccol_Machiavelli]]></link>
</author>
</authors>
</book>

          <book>
<id>614121</id>
<title>Mencius</title>
<title_without_series>Mencius</title_without_series>
<link><![CDATA[https://www.goodreads.com/book/show/614121.Mencius]]></link>
<small_image_url><![CDATA[https://images.gr-assets.com/books/1309210801s/614121.jpg]]></small_image_url>
<image_url><![CDATA[https://images.gr-assets.com/books/1309210801m/614121.jpg]]></image_url>
<num_pages>246</num_pages>
<work>
<id>600570</id>
</work>
<isbn>014044971X</isbn>
<isbn13>9780140449716</isbn13>
<average_rating>3.82</average_rating>
<ratings_count>1053</ratings_count>
<publication_year>2004</publication_year>
<publication_month></publication_month>
<publication_day></publication_day>
<authors>
<author>
<id>406382</id>
<name>Mencius</name>
<link><![CDATA[https://www.goodreads.com/author/show/406382.Mencius]]></link>
</author>
</authors>
</book>

          <book>
<id>57858</id>
<title>Tao of Jeet Kune Do</title>
<title_without_series>Tao of Jeet Kune Do</title_without_series>
<link><![CDATA[https://www.goodreads.com/book/show/57858.Tao_of_Jeet_Kune_Do]]></link>
<small_image_url><![CDATA[https://s.gr-assets.com/assets/nophoto/book/50x75-a91bf249278a81aabab721ef782c4a74.png]]></small_image_url>
<image_url><![CDATA[https://s.gr-assets.com/assets/nophoto/book/111x148-bcc042a9c91a29c1d680899eff700a03.png]]></image_url>
<num_pages></num_pages>
<work>
<id>56367</id>
</work>
<isbn>0897500482</isbn>
<isbn13>9780897500487</isbn13>
<average_rating>4.34</average_rating>
<ratings_count>6079</ratings_count>
<publication_year></publication_year>
<publication_month></publication_month>
<publication_day></publication_day>
<authors>
<author>
<id>32579</id>
<name>Bruce Lee</name>
<link><![CDATA[https://www.goodreads.com/author/show/32579.Bruce_Lee]]></link>
</author>
</authors>
</book>

          <book>
<id>305909</id>
<title><![CDATA[Strategy (Second Revised Edition)]]></title>
<title_without_series>Strategy</title_without_series>
<link><![CDATA[https://www.goodreads.com/book/show/305909.Strategy]]></link>
<small_image_url><![CDATA[https://s.gr-assets.com/assets/nophoto/book/50x75-a91bf249278a81aabab721ef782c4a74.png]]></small_image_url>
<image_url><![CDATA[https://s.gr-assets.com/assets/nophoto/book/111x148-bcc042a9c91a29c1d680899eff700a03.png]]></image_url>
<num_pages>448</num_pages>
<work>
<id>3081541</id>
</work>
<isbn>0452010713</isbn>
<isbn13>9780452010710</isbn13>
<average_rating>4.07</average_rating>
<ratings_count>1958</ratings_count>
<publication_year>1991</publication_year>
<publication_month>3</publication_month>
<publication_day>30</publication_day>
<authors>
<author>
<id>176217</id>
<name>B.H. Liddell Hart</name>
<link><![CDATA[https://www.goodreads.com/author/show/176217.B_H_Liddell_Hart]]></link>
</author>
</authors>
</book>

          <book>
<id>83169</id>
<title><![CDATA[Boy Scouts of America : The Official Handbook for Boys (Reprint of Original 1911 Edition)]]></title>
<title_without_series><![CDATA[Boy Scouts of America : The Official Handbook for Boys]]></title_without_series>
<link><![CDATA[https://www.goodreads.com/book/show/83169.Boy_Scouts_of_America_]]></link>
<small_image_url><![CDATA[https://images.gr-assets.com/books/1328756846s/83169.jpg]]></small_image_url>
<image_url><![CDATA[https://images.gr-assets.com/books/1328756846m/83169.jpg]]></image_url>
<num_pages>416</num_pages>
<work>
<id>51613052</id>
</work>
<isbn>1557094411</isbn>
<isbn13>9781557094414</isbn13>
<average_rating>4.12</average_rating>
<ratings_count>290</ratings_count>
<publication_year>1997</publication_year>
<publication_month>8</publication_month>
<publication_day>1</publication_day>
<authors>
<author>
<id>47515</id>
<name>Boy Scouts of America</name>
<link><![CDATA[https://www.goodreads.com/author/show/47515.Boy_Scouts_of_America]]></link>
</author>
</authors>
</book>

          <book>
<id>27297</id>
<title>The Analects</title>
<title_without_series>The Analects</title_without_series>
<link><![CDATA[https://www.goodreads.com/book/show/27297.The_Analects]]></link>
<small_image_url><![CDATA[https://images.gr-assets.com/books/1309201523s/27297.jpg]]></small_image_url>
<image_url><![CDATA[https://images.gr-assets.com/books/1309201523m/27297.jpg]]></image_url>
<num_pages>249</num_pages>
<work>
<id>3320969</id>
</work>
<isbn>0140443487</isbn>
<isbn13>9780140443486</isbn13>
<average_rating>3.82</average_rating>
<ratings_count>13237</ratings_count>
<publication_year></publication_year>
<publication_month></publication_month>
<publication_day></publication_day>
<authors>
<author>
<id>15321</id>
<name>Confucius</name>
<link><![CDATA[https://www.goodreads.com/author/show/15321.Confucius]]></link>
</author>
</authors>
</book>

  </similar_books>
</book>

</GoodreadsResponse>