<?xml version="1.0" encoding="UTF-8"?>
<GoodreadsResponse>
  <Request>
    <authentication>true</authentication>
      <key><![CDATA[all_men_must_serve]]></key>
    <method><![CDATA[book_show]]></method>
  </Request>
  <book>
  <id>10541</id>
  <title><![CDATA[Made in America: An Informal History of the English Language in the United States]]></title>
  <isbn><![CDATA[0380713810]]></isbn>
  <isbn13><![CDATA[9780380713813]]></isbn13>
  <asin><![CDATA[]]></asin>
  <kindle_asin><![CDATA[B0035OC7JU]]></kindle_asin>
  <marketplace_id><![CDATA[A1F83G8C2ARO7P]]></marketplace_id>
  <country_code><![CDATA[GB]]></country_code>
  <image_url>https://images.gr-assets.com/books/1388209927m/10541.jpg</image_url>
  <small_image_url>https://images.gr-assets.com/books/1388209927s/10541.jpg</small_image_url>
  <publication_year>2001</publication_year>
  <publication_month>10</publication_month>
  <publication_day>23</publication_day>
  <publisher>Avon Books</publisher>
  <language_code>en-US</language_code>
  <is_ebook>false</is_ebook>
  <description><![CDATA[In Made in America, Bryson de-mythologizes his native land, explaining how a dusty hamlet with neither woods nor holly became Hollywood, how the Wild West wasn't won, why Americans say 'lootenant' and 'Toosday', how Americans were eating junk food long before the word itself was cooked up, as well as exposing the true origins of the G-string, the original $64,000 question, and Dr Kellogg of cornflakes fame]]></description>
  <work>
  <id type="integer">412584</id>
  <books_count type="integer">28</books_count>
  <best_book_id type="integer">10541</best_book_id>
  <reviews_count type="integer">22188</reviews_count>
  <ratings_sum type="integer">42308</ratings_sum>
  <ratings_count type="integer">10872</ratings_count>
  <text_reviews_count type="integer">655</text_reviews_count>
  <original_publication_year type="integer">1994</original_publication_year>
  <original_publication_month type="integer" nil="true"/>
  <original_publication_day type="integer" nil="true"/>
  <original_title>Made in America: An Informal History of the English Language in the United States</original_title>
  <original_language_id type="integer" nil="true"/>
  <media_type>book</media_type>
  <rating_dist>5:2874|4:4594|3:2845|2:468|1:91|total:10872</rating_dist>
  <desc_user_id type="integer">7006637</desc_user_id>
  <default_chaptering_book_id type="integer" nil="true"/>
  <default_description_language_code nil="true"/>
</work>
  <average_rating>3.89</average_rating>
  <num_pages><![CDATA[415]]></num_pages>
  <format><![CDATA[Paperback]]></format>
  <edition_information><![CDATA[]]></edition_information>
  <ratings_count><![CDATA[9645]]></ratings_count>
  <text_reviews_count><![CDATA[532]]></text_reviews_count>
  <url><![CDATA[https://www.goodreads.com/book/show/10541.Made_in_America]]></url>
  <link><![CDATA[https://www.goodreads.com/book/show/10541.Made_in_America]]></link>
  <authors>
<author>
<id>7</id>
<name>Bill Bryson</name>
<role></role>
<image_url nophoto='false'>
<![CDATA[https://images.gr-assets.com/authors/1189096502p5/7.jpg]]>
</image_url>
<small_image_url nophoto='false'>
<![CDATA[https://images.gr-assets.com/authors/1189096502p2/7.jpg]]>
</small_image_url>
<link><![CDATA[https://www.goodreads.com/author/show/7.Bill_Bryson]]></link>
<average_rating>4.01</average_rating>
<ratings_count>992448</ratings_count>
<text_reviews_count>60558</text_reviews_count>
</author>
</authors>

    <reviews_widget>
      <![CDATA[
        <style>
  #goodreads-widget {
    font-family: georgia, serif;
    padding: 18px 0;
    width:565px;
  }
  #goodreads-widget h1 {
    font-weight:normal;
    font-size: 16px;
    border-bottom: 1px solid #BBB596;
    margin-bottom: 0;
  }
  #goodreads-widget a {
    text-decoration: none;
    color:#660;
  }
  iframe{
    background-color: #fff;
  }
  #goodreads-widget a:hover { text-decoration: underline; }
  #goodreads-widget a:active {
    color:#660;
  }
  #gr_footer {
    width: 100%;
    border-top: 1px solid #BBB596;
    text-align: right;
  }
  #goodreads-widget .gr_branding{
    color: #382110;
    font-size: 11px;
    text-decoration: none;
    font-family: "Helvetica Neue", Helvetica, Arial, sans-serif;
  }
</style>
<div id="goodreads-widget">
  <div id="gr_header"><h1><a rel="nofollow" href="https://www.goodreads.com/book/show/10541.Made_in_America">Made in America Reviews</a></h1></div>
  <iframe id="the_iframe" src="https://www.goodreads.com/api/reviews_widget_iframe?did=DEVELOPER_ID&amp;format=html&amp;isbn=0380713810&amp;links=660&amp;min_rating=&amp;review_back=fff&amp;stars=000&amp;text=000" width="565" height="400" frameborder="0"></iframe>
  <div id="gr_footer">
    <a class="gr_branding" target="_blank" rel="nofollow" href="https://www.goodreads.com/book/show/10541.Made_in_America?utm_medium=api&amp;utm_source=reviews_widget">Reviews from Goodreads.com</a>
  </div>
</div>

      ]]>
    </reviews_widget>
  <popular_shelves>
      <shelf name="to-read" count="8733"/>
      <shelf name="non-fiction" count="598"/>
      <shelf name="currently-reading" count="537"/>
      <shelf name="history" count="288"/>
      <shelf name="nonfiction" count="235"/>
      <shelf name="language" count="179"/>
      <shelf name="travel" count="150"/>
      <shelf name="humor" count="96"/>
      <shelf name="owned" count="72"/>
      <shelf name="linguistics" count="70"/>
      <shelf name="bill-bryson" count="51"/>
      <shelf name="humour" count="50"/>
      <shelf name="favorites" count="49"/>
      <shelf name="default" count="40"/>
      <shelf name="books-i-own" count="32"/>
      <shelf name="kindle" count="30"/>
      <shelf name="library" count="25"/>
      <shelf name="america" count="22"/>
      <shelf name="english" count="22"/>
      <shelf name="audiobook" count="22"/>
      <shelf name="audiobooks" count="21"/>
      <shelf name="reference" count="21"/>
      <shelf name="audible" count="18"/>
      <shelf name="owned-books" count="17"/>
      <shelf name="culture" count="17"/>
      <shelf name="ebook" count="15"/>
      <shelf name="historical" count="15"/>
      <shelf name="american" count="15"/>
      <shelf name="american-history" count="14"/>
      <shelf name="my-library" count="14"/>
      <shelf name="usa" count="14"/>
      <shelf name="abandoned" count="13"/>
      <shelf name="english-language" count="13"/>
      <shelf name="adult" count="12"/>
      <shelf name="audio" count="11"/>
      <shelf name="ebooks" count="11"/>
      <shelf name="languages" count="11"/>
      <shelf name="essays" count="11"/>
      <shelf name="sociology" count="11"/>
      <shelf name="1990s" count="10"/>
      <shelf name="to-buy" count="9"/>
      <shelf name="etymology" count="9"/>
      <shelf name="memoir" count="9"/>
      <shelf name="audio-books" count="8"/>
      <shelf name="united-states" count="8"/>
      <shelf name="words" count="8"/>
      <shelf name="bryson" count="8"/>
      <shelf name="to-read-nonfiction" count="7"/>
      <shelf name="paperback" count="7"/>
      <shelf name="general-non-fiction" count="7"/>
      <shelf name="americana" count="7"/>
      <shelf name="wish-list" count="7"/>
      <shelf name="i-own" count="7"/>
      <shelf name="anthropology" count="7"/>
      <shelf name="us-history" count="7"/>
      <shelf name="unfinished" count="7"/>
      <shelf name="fiction" count="7"/>
      <shelf name="shelfari-favorites" count="6"/>
      <shelf name="favorite-authors" count="6"/>
      <shelf name="re-read" count="6"/>
      <shelf name="travel-writing" count="6"/>
      <shelf name="other-non-fiction" count="6"/>
      <shelf name="nonfic" count="6"/>
      <shelf name="non-fic" count="6"/>
      <shelf name="language-linguistics" count="6"/>
      <shelf name="comedy" count="6"/>
      <shelf name="borrowed" count="6"/>
      <shelf name="book-club" count="6"/>
      <shelf name="read-in-2015" count="5"/>
      <shelf name="did-not-finish" count="5"/>
      <shelf name="to-read-non-fiction" count="5"/>
      <shelf name="my-bookshelf" count="5"/>
      <shelf name="e-book" count="5"/>
      <shelf name="social-sciences" count="5"/>
      <shelf name="calibre" count="5"/>
      <shelf name="educational" count="5"/>
      <shelf name="writing" count="5"/>
      <shelf name="read-non-fiction" count="5"/>
      <shelf name="favourites" count="5"/>
      <shelf name="read-in-2011" count="5"/>
      <shelf name="nf" count="5"/>
      <shelf name="north-america" count="5"/>
      <shelf name="my-books" count="5"/>
      <shelf name="writing-language" count="5"/>
      <shelf name="unread" count="5"/>
      <shelf name="language-and-linguistics" count="5"/>
      <shelf name="funny" count="5"/>
      <shelf name="home-library" count="5"/>
      <shelf name="maybe" count="4"/>
      <shelf name="own-but-have-not-read" count="4"/>
      <shelf name="gave-up" count="4"/>
      <shelf name="have" count="4"/>
      <shelf name="in-english" count="4"/>
      <shelf name="want-to-buy" count="4"/>
      <shelf name="non-fiction-general" count="4"/>
      <shelf name="social-history" count="4"/>
      <shelf name="owned-to-read" count="4"/>
      <shelf name="owned-not-read" count="4"/>
      <shelf name="society" count="4"/>
      <shelf name="biographies" count="4"/>
  </popular_shelves>
  <book_links>
    <book_link>
  <id>8</id>
  <name>Libraries</name>
  <link>https://www.goodreads.com/book_link/follow/8</link>
</book_link>

  </book_links>
  <buy_links>
    <buy_link>
<id>1</id>
<name>Amazon</name>
<link>https://www.goodreads.com/book_link/follow/1</link>
</buy_link>
<buy_link>
<id>10</id>
<name>Audible</name>
<link>https://www.goodreads.com/book_link/follow/10</link>
</buy_link>
<buy_link>
<id>3</id>
<name>Barnes &amp; Noble</name>
<link>https://www.goodreads.com/book_link/follow/3</link>
</buy_link>
<buy_link>
<id>1027</id>
<name>Kobo</name>
<link>https://www.goodreads.com/book_link/follow/1027</link>
</buy_link>
<buy_link>
<id>2102</id>
<name>Apple iBooks</name>
<link>https://www.goodreads.com/book_link/follow/2102</link>
</buy_link>
<buy_link>
<id>8036</id>
<name>Google Play</name>
<link>https://www.goodreads.com/book_link/follow/8036</link>
</buy_link>
<buy_link>
<id>4</id>
<name>Abebooks</name>
<link>https://www.goodreads.com/book_link/follow/4</link>
</buy_link>
<buy_link>
<id>882</id>
<name>Book Depository</name>
<link>https://www.goodreads.com/book_link/follow/882</link>
</buy_link>
<buy_link>
<id>9</id>
<name>Indigo</name>
<link>https://www.goodreads.com/book_link/follow/9</link>
</buy_link>
<buy_link>
<id>2</id>
<name>Half.com</name>
<link>https://www.goodreads.com/book_link/follow/2</link>
</buy_link>
<buy_link>
<id>5</id>
<name>Alibris</name>
<link>https://www.goodreads.com/book_link/follow/5</link>
</buy_link>
<buy_link>
<id>107</id>
<name>Better World Books</name>
<link>https://www.goodreads.com/book_link/follow/107</link>
</buy_link>
<buy_link>
<id>7</id>
<name>IndieBound</name>
<link>https://www.goodreads.com/book_link/follow/7</link>
</buy_link>

  </buy_links>
  <series_works>
    
  </series_works>
  <similar_books>
          <book>
<id>901145</id>
<title><![CDATA[The Cambridge Encyclopedia of the English Language]]></title>
<title_without_series><![CDATA[The Cambridge Encyclopedia of the English Language]]></title_without_series>
<link><![CDATA[https://www.goodreads.com/book/show/901145.The_Cambridge_Encyclopedia_of_the_English_Language]]></link>
<small_image_url><![CDATA[https://s.gr-assets.com/assets/nophoto/book/50x75-a91bf249278a81aabab721ef782c4a74.png]]></small_image_url>
<image_url><![CDATA[https://s.gr-assets.com/assets/nophoto/book/111x148-bcc042a9c91a29c1d680899eff700a03.png]]></image_url>
<num_pages>499</num_pages>
<work>
<id>1836906</id>
</work>
<isbn>0521530334</isbn>
<isbn13>9780521530330</isbn13>
<average_rating>4.33</average_rating>
<ratings_count>647</ratings_count>
<publication_year>2003</publication_year>
<publication_month>8</publication_month>
<publication_day>4</publication_day>
<authors>
<author>
<id>18265</id>
<name>David Crystal</name>
<link><![CDATA[https://www.goodreads.com/author/show/18265.David_Crystal]]></link>
</author>
</authors>
</book>

          <book>
<id>138270</id>
<title><![CDATA[When You Catch an Adjective, Kill It: The Parts of Speech, for Better And/Or Worse]]></title>
<title_without_series><![CDATA[When You Catch an Adjective, Kill It: The Parts of Speech, for Better And/Or Worse]]></title_without_series>
<link><![CDATA[https://www.goodreads.com/book/show/138270.When_You_Catch_an_Adjective_Kill_It]]></link>
<small_image_url><![CDATA[https://images.gr-assets.com/books/1320477895s/138270.jpg]]></small_image_url>
<image_url><![CDATA[https://images.gr-assets.com/books/1320477895m/138270.jpg]]></image_url>
<num_pages>241</num_pages>
<work>
<id>1229233</id>
</work>
<isbn>0767920775</isbn>
<isbn13>9780767920773</isbn13>
<average_rating>3.77</average_rating>
<ratings_count>330</ratings_count>
<publication_year>2007</publication_year>
<publication_month>2</publication_month>
<publication_day>13</publication_day>
<authors>
<author>
<id>79955</id>
<name>Ben Yagoda</name>
<link><![CDATA[https://www.goodreads.com/author/show/79955.Ben_Yagoda]]></link>
</author>
</authors>
</book>

          <book>
<id>534304</id>
<title><![CDATA[The Power of Babel: A Natural History of Language]]></title>
<title_without_series><![CDATA[The Power of Babel: A Natural History of Language]]></title_without_series>
<link><![CDATA[https://www.goodreads.com/book/show/534304.The_Power_of_Babel]]></link>
<small_image_url><![CDATA[https://s.gr-assets.com/assets/nophoto/book/50x75-a91bf249278a81aabab721ef782c4a74.png]]></small_image_url>
<image_url><![CDATA[https://s.gr-assets.com/assets/nophoto/book/111x148-bcc042a9c91a29c1d680899eff700a03.png]]></image_url>
<num_pages>352</num_pages>
<work>
<id>521812</id>
</work>
<isbn>006052085X</isbn>
<isbn13>9780060520854</isbn13>
<average_rating>3.97</average_rating>
<ratings_count>1847</ratings_count>
<publication_year>2003</publication_year>
<publication_month>1</publication_month>
<publication_day>7</publication_day>
<authors>
<author>
<id>34053</id>
<name>John McWhorter</name>
<link><![CDATA[https://www.goodreads.com/author/show/34053.John_McWhorter]]></link>
</author>
</authors>
</book>

          <book>
<id>207742</id>
<title>The Story of English</title>
<title_without_series>The Story of English</title_without_series>
<link><![CDATA[https://www.goodreads.com/book/show/207742.The_Story_of_English]]></link>
<small_image_url><![CDATA[https://s.gr-assets.com/assets/nophoto/book/50x75-a91bf249278a81aabab721ef782c4a74.png]]></small_image_url>
<image_url><![CDATA[https://s.gr-assets.com/assets/nophoto/book/111x148-bcc042a9c91a29c1d680899eff700a03.png]]></image_url>
<num_pages>496</num_pages>
<work>
<id>2696859</id>
</work>
<isbn>0142002313</isbn>
<isbn13>9780142002315</isbn13>
<average_rating>4.08</average_rating>
<ratings_count>1850</ratings_count>
<publication_year>2002</publication_year>
<publication_month>12</publication_month>
<publication_day>31</publication_day>
<authors>
<author>
<id>86394</id>
<name>Robert McCrum</name>
<link><![CDATA[https://www.goodreads.com/author/show/86394.Robert_McCrum]]></link>
</author>
</authors>
</book>

          <book>
<id>336341</id>
<title><![CDATA[The First Word: The Search for the Origins of Language]]></title>
<title_without_series><![CDATA[The First Word: The Search for the Origins of Language]]></title_without_series>
<link><![CDATA[https://www.goodreads.com/book/show/336341.The_First_Word]]></link>
<small_image_url><![CDATA[https://s.gr-assets.com/assets/nophoto/book/50x75-a91bf249278a81aabab721ef782c4a74.png]]></small_image_url>
<image_url><![CDATA[https://s.gr-assets.com/assets/nophoto/book/111x148-bcc042a9c91a29c1d680899eff700a03.png]]></image_url>
<num_pages></num_pages>
<work>
<id>326799</id>
</work>
<isbn>0670034908</isbn>
<isbn13>9780670034901</isbn13>
<average_rating>3.69</average_rating>
<ratings_count>776</ratings_count>
<publication_year></publication_year>
<publication_month></publication_month>
<publication_day></publication_day>
<authors>
<author>
<id>192902</id>
<name>Christine Kenneally</name>
<link><![CDATA[https://www.goodreads.com/author/show/192902.Christine_Kenneally]]></link>
</author>
</authors>
</book>

          <book>
<id>3392794</id>
<title><![CDATA[Righting the Mother Tongue: From Olde English to Email, the Tangled Story of English Spelling]]></title>
<title_without_series><![CDATA[Righting the Mother Tongue: From Olde English to Email, the Tangled Story of English Spelling]]></title_without_series>
<link><![CDATA[https://www.goodreads.com/book/show/3392794-righting-the-mother-tongue]]></link>
<small_image_url><![CDATA[https://s.gr-assets.com/assets/nophoto/book/50x75-a91bf249278a81aabab721ef782c4a74.png]]></small_image_url>
<image_url><![CDATA[https://s.gr-assets.com/assets/nophoto/book/111x148-bcc042a9c91a29c1d680899eff700a03.png]]></image_url>
<num_pages>189</num_pages>
<work>
<id>3432668</id>
</work>
<isbn>006136925X</isbn>
<isbn13>9780061369254</isbn13>
<average_rating>3.54</average_rating>
<ratings_count>219</ratings_count>
<publication_year></publication_year>
<publication_month></publication_month>
<publication_day></publication_day>
<authors>
<author>
<id>10555</id>
<name>David Wolman</name>
<link><![CDATA[https://www.goodreads.com/author/show/10555.David_Wolman]]></link>
</author>
</authors>
</book>

          <book>
<id>219164</id>
<title><![CDATA[Anguished English: An Anthology of Accidental Assaults Upon Our Language]]></title>
<title_without_series><![CDATA[Anguished English: An Anthology of Accidental Assaults Upon Our Language]]></title_without_series>
<link><![CDATA[https://www.goodreads.com/book/show/219164.Anguished_English]]></link>
<small_image_url><![CDATA[https://images.gr-assets.com/books/1403183175s/219164.jpg]]></small_image_url>
<image_url><![CDATA[https://images.gr-assets.com/books/1403183175m/219164.jpg]]></image_url>
<num_pages>192</num_pages>
<work>
<id>212202</id>
</work>
<isbn>044020352X</isbn>
<isbn13>9780440203520</isbn13>
<average_rating>4.09</average_rating>
<ratings_count>1547</ratings_count>
<publication_year>1989</publication_year>
<publication_month>8</publication_month>
<publication_day>5</publication_day>
<authors>
<author>
<id>28981</id>
<name>Richard Lederer</name>
<link><![CDATA[https://www.goodreads.com/author/show/28981.Richard_Lederer]]></link>
</author>
</authors>
</book>

          <book>
<id>8440917</id>
<title><![CDATA[The Last Speakers: The Quest to Save the World's Most Endangered Languages]]></title>
<title_without_series><![CDATA[The Last Speakers: The Quest to Save the World's Most Endangered Languages]]></title_without_series>
<link><![CDATA[https://www.goodreads.com/book/show/8440917-the-last-speakers]]></link>
<small_image_url><![CDATA[https://s.gr-assets.com/assets/nophoto/book/50x75-a91bf249278a81aabab721ef782c4a74.png]]></small_image_url>
<image_url><![CDATA[https://s.gr-assets.com/assets/nophoto/book/111x148-bcc042a9c91a29c1d680899eff700a03.png]]></image_url>
<num_pages>304</num_pages>
<work>
<id>13304621</id>
</work>
<isbn>1426204612</isbn>
<isbn13>9781426204616</isbn13>
<average_rating>3.77</average_rating>
<ratings_count>297</ratings_count>
<publication_year>2010</publication_year>
<publication_month>9</publication_month>
<publication_day>21</publication_day>
<authors>
<author>
<id>184346</id>
<name>K. David Harrison</name>
<link><![CDATA[https://www.goodreads.com/author/show/184346.K_David_Harrison]]></link>
</author>
</authors>
</book>

          <book>
<id>3284730</id>
<title><![CDATA[The Secret Life of Words: How English Became English]]></title>
<title_without_series><![CDATA[The Secret Life of Words: How English Became English]]></title_without_series>
<link><![CDATA[https://www.goodreads.com/book/show/3284730-the-secret-life-of-words]]></link>
<small_image_url><![CDATA[https://s.gr-assets.com/assets/nophoto/book/50x75-a91bf249278a81aabab721ef782c4a74.png]]></small_image_url>
<image_url><![CDATA[https://s.gr-assets.com/assets/nophoto/book/111x148-bcc042a9c91a29c1d680899eff700a03.png]]></image_url>
<num_pages>448</num_pages>
<work>
<id>3321079</id>
</work>
<isbn>0374254109</isbn>
<isbn13>9780374254100</isbn13>
<average_rating>3.66</average_rating>
<ratings_count>426</ratings_count>
<publication_year>2008</publication_year>
<publication_month>9</publication_month>
<publication_day>16</publication_day>
<authors>
<author>
<id>42972</id>
<name>Henry Hitchings</name>
<link><![CDATA[https://www.goodreads.com/author/show/42972.Henry_Hitchings]]></link>
</author>
</authors>
</book>

          <book>
<id>6314749</id>
<title>The State of Jones</title>
<title_without_series>The State of Jones</title_without_series>
<link><![CDATA[https://www.goodreads.com/book/show/6314749-the-state-of-jones]]></link>
<small_image_url><![CDATA[https://images.gr-assets.com/books/1320485973s/6314749.jpg]]></small_image_url>
<image_url><![CDATA[https://images.gr-assets.com/books/1320485973m/6314749.jpg]]></image_url>
<num_pages>416</num_pages>
<work>
<id>6499981</id>
</work>
<isbn>0385525931</isbn>
<isbn13>9780385525930</isbn13>
<average_rating>3.76</average_rating>
<ratings_count>785</ratings_count>
<publication_year>2009</publication_year>
<publication_month>6</publication_month>
<publication_day>23</publication_day>
<authors>
<author>
<id>1543</id>
<name>Sally Jenkins</name>
<link><![CDATA[https://www.goodreads.com/author/show/1543.Sally_Jenkins]]></link>
</author>
</authors>
</book>

          <book>
<id>126026</id>
<title><![CDATA[Dave Barry's Only Travel Guide You'll Ever Need]]></title>
<title_without_series><![CDATA[Dave Barry's Only Travel Guide You'll Ever Need]]></title_without_series>
<link><![CDATA[https://www.goodreads.com/book/show/126026.Dave_Barry_s_Only_Travel_Guide_You_ll_Ever_Need]]></link>
<small_image_url><![CDATA[https://images.gr-assets.com/books/1320433298s/126026.jpg]]></small_image_url>
<image_url><![CDATA[https://images.gr-assets.com/books/1320433298m/126026.jpg]]></image_url>
<num_pages>192</num_pages>
<work>
<id>121378</id>
</work>
<isbn>0345431138</isbn>
<isbn13>9780345431134</isbn13>
<average_rating>3.77</average_rating>
<ratings_count>3648</ratings_count>
<publication_year>1999</publication_year>
<publication_month>3</publication_month>
<publication_day>1</publication_day>
<authors>
<author>
<id>6245</id>
<name>Dave Barry</name>
<link><![CDATA[https://www.goodreads.com/author/show/6245.Dave_Barry]]></link>
</author>
</authors>
</book>

          <book>
<id>117114</id>
<title>Do You Speak American?</title>
<title_without_series>Do You Speak American?</title_without_series>
<link><![CDATA[https://www.goodreads.com/book/show/117114.Do_You_Speak_American_]]></link>
<small_image_url><![CDATA[https://images.gr-assets.com/books/1328875026s/117114.jpg]]></small_image_url>
<image_url><![CDATA[https://images.gr-assets.com/books/1328875026m/117114.jpg]]></image_url>
<num_pages>240</num_pages>
<work>
<id>112778</id>
</work>
<isbn>0156032880</isbn>
<isbn13>9780156032889</isbn13>
<average_rating>3.71</average_rating>
<ratings_count>249</ratings_count>
<publication_year>2005</publication_year>
<publication_month>11</publication_month>
<publication_day>14</publication_day>
<authors>
<author>
<id>67916</id>
<name>William Cran</name>
<link><![CDATA[https://www.goodreads.com/author/show/67916.William_Cran]]></link>
</author>
</authors>
</book>

          <book>
<id>3730120</id>
<title><![CDATA[In the Land of Invented Languages: Esperanto Rock Stars, Klingon Poets, Loglan Lovers, and the Mad Dreamers Who Tried to Build a Perfect Language]]></title>
<title_without_series><![CDATA[In the Land of Invented Languages: Esperanto Rock Stars, Klingon Poets, Loglan Lovers, and the Mad Dreamers Who Tried to Build a Perfect Language]]></title_without_series>
<link><![CDATA[https://www.goodreads.com/book/show/3730120-in-the-land-of-invented-languages]]></link>
<small_image_url><![CDATA[https://images.gr-assets.com/books/1320533029s/3730120.jpg]]></small_image_url>
<image_url><![CDATA[https://images.gr-assets.com/books/1320533029m/3730120.jpg]]></image_url>
<num_pages></num_pages>
<work>
<id>3773893</id>
</work>
<isbn>0385527888</isbn>
<isbn13>9780385527880</isbn13>
<average_rating>4.07</average_rating>
<ratings_count>1877</ratings_count>
<publication_year></publication_year>
<publication_month></publication_month>
<publication_day></publication_day>
<authors>
<author>
<id>1587890</id>
<name>Arika Okrent</name>
<link><![CDATA[https://www.goodreads.com/author/show/1587890.Arika_Okrent]]></link>
</author>
</authors>
</book>

          <book>
<id>933793</id>
<title>Alistair Cooke&apos;s America</title>
<title_without_series>Alistair Cooke&apos;s America</title_without_series>
<link><![CDATA[https://www.goodreads.com/book/show/933793.Alistair_Cooke_s_America]]></link>
<small_image_url><![CDATA[https://s.gr-assets.com/assets/nophoto/book/50x75-a91bf249278a81aabab721ef782c4a74.png]]></small_image_url>
<image_url><![CDATA[https://s.gr-assets.com/assets/nophoto/book/111x148-bcc042a9c91a29c1d680899eff700a03.png]]></image_url>
<num_pages>400</num_pages>
<work>
<id>370734</id>
</work>
<isbn>0394487265</isbn>
<isbn13>9780394487267</isbn13>
<average_rating>4.09</average_rating>
<ratings_count>328</ratings_count>
<publication_year>1973</publication_year>
<publication_month>9</publication_month>
<publication_day>12</publication_day>
<authors>
<author>
<id>76103</id>
<name>Alistair Cooke</name>
<link><![CDATA[https://www.goodreads.com/author/show/76103.Alistair_Cooke]]></link>
</author>
</authors>
</book>

          <book>
<id>7755264</id>
<title><![CDATA[A Certain "Je Ne Sais Quoi": The Origin of Foreign Words Used in English]]></title>
<title_without_series><![CDATA[A Certain "Je Ne Sais Quoi": The Origin of Foreign Words Used in English]]></title_without_series>
<link><![CDATA[https://www.goodreads.com/book/show/7755264-a-certain-je-ne-sais-quoi]]></link>
<small_image_url><![CDATA[https://images.gr-assets.com/books/1388340814s/7755264.jpg]]></small_image_url>
<image_url><![CDATA[https://images.gr-assets.com/books/1388340814m/7755264.jpg]]></image_url>
<num_pages></num_pages>
<work>
<id>10608854</id>
</work>
<isbn>1606520571</isbn>
<isbn13>9781606520574</isbn13>
<average_rating>3.53</average_rating>
<ratings_count>154</ratings_count>
<publication_year></publication_year>
<publication_month></publication_month>
<publication_day></publication_day>
<authors>
<author>
<id>1974340</id>
<name>Chloe Rhodes</name>
<link><![CDATA[https://www.goodreads.com/author/show/1974340.Chloe_Rhodes]]></link>
</author>
</authors>
</book>

          <book>
<id>6599315</id>
<title><![CDATA[The Lexicographer's Dilemma: The Evolution of "Proper" English, from Shakespeare to South Park]]></title>
<title_without_series><![CDATA[The Lexicographer's Dilemma: The Evolution of "Proper" English, from Shakespeare to South Park]]></title_without_series>
<link><![CDATA[https://www.goodreads.com/book/show/6599315-the-lexicographer-s-dilemma]]></link>
<small_image_url><![CDATA[https://images.gr-assets.com/books/1312019698s/6599315.jpg]]></small_image_url>
<image_url><![CDATA[https://images.gr-assets.com/books/1312019698m/6599315.jpg]]></image_url>
<num_pages>326</num_pages>
<work>
<id>6793156</id>
</work>
<isbn>0802717004</isbn>
<isbn13>9780802717009</isbn13>
<average_rating>4.00</average_rating>
<ratings_count>523</ratings_count>
<publication_year>2009</publication_year>
<publication_month>11</publication_month>
<publication_day>3</publication_day>
<authors>
<author>
<id>165902</id>
<name>Jack Lynch</name>
<link><![CDATA[https://www.goodreads.com/author/show/165902.Jack_Lynch]]></link>
</author>
</authors>
</book>

          <book>
<id>117103</id>
<title>Thereby Hangs a Tale</title>
<title_without_series>Thereby Hangs a Tale</title_without_series>
<link><![CDATA[https://www.goodreads.com/book/show/117103.Thereby_Hangs_a_Tale]]></link>
<small_image_url><![CDATA[https://s.gr-assets.com/assets/nophoto/book/50x75-a91bf249278a81aabab721ef782c4a74.png]]></small_image_url>
<image_url><![CDATA[https://s.gr-assets.com/assets/nophoto/book/111x148-bcc042a9c91a29c1d680899eff700a03.png]]></image_url>
<num_pages>320</num_pages>
<work>
<id>112767</id>
</work>
<isbn>006272049X</isbn>
<isbn13>9780062720498</isbn13>
<average_rating>3.72</average_rating>
<ratings_count>88</ratings_count>
<publication_year>1993</publication_year>
<publication_month>11</publication_month>
<publication_day>18</publication_day>
<authors>
<author>
<id>12800</id>
<name>Charles Earle Funk</name>
<link><![CDATA[https://www.goodreads.com/author/show/12800.Charles_Earle_Funk]]></link>
</author>
</authors>
</book>

          <book>
<id>201133</id>
<title><![CDATA[Spoken Here: Travels Among Threatened Languages]]></title>
<title_without_series><![CDATA[Spoken Here: Travels Among Threatened Languages]]></title_without_series>
<link><![CDATA[https://www.goodreads.com/book/show/201133.Spoken_Here]]></link>
<small_image_url><![CDATA[https://images.gr-assets.com/books/1382937686s/201133.jpg]]></small_image_url>
<image_url><![CDATA[https://images.gr-assets.com/books/1382937686m/201133.jpg]]></image_url>
<num_pages>336</num_pages>
<work>
<id>194607</id>
</work>
<isbn>0618565833</isbn>
<isbn13>9780618565832</isbn13>
<average_rating>3.84</average_rating>
<ratings_count>535</ratings_count>
<publication_year>2005</publication_year>
<publication_month>4</publication_month>
<publication_day>4</publication_day>
<authors>
<author>
<id>18689</id>
<name>Mark Abley</name>
<link><![CDATA[https://www.goodreads.com/author/show/18689.Mark_Abley]]></link>
</author>
</authors>
</book>

  </similar_books>
</book>

</GoodreadsResponse>