<?xml version="1.0" encoding="UTF-8"?>
<GoodreadsResponse>
  <Request>
    <authentication>true</authentication>
      <key><![CDATA[all_men_must_serve]]></key>
    <method><![CDATA[book_show]]></method>
  </Request>
  <book>
  <id>105552</id>
  <title>Mr. Brown Can Moo! Can You?</title>
  <isbn><![CDATA[0007169914]]></isbn>
  <isbn13><![CDATA[9780007169917]]></isbn13>
  <asin><![CDATA[]]></asin>
  <kindle_asin><![CDATA[]]></kindle_asin>
  <marketplace_id><![CDATA[]]></marketplace_id>
  <country_code><![CDATA[GB]]></country_code>
  <image_url>https://s.gr-assets.com/assets/nophoto/book/111x148-bcc042a9c91a29c1d680899eff700a03.png</image_url>
  <small_image_url>https://s.gr-assets.com/assets/nophoto/book/50x75-a91bf249278a81aabab721ef782c4a74.png</small_image_url>
  <publication_year>2003</publication_year>
  <publication_month>8</publication_month>
  <publication_day>4</publication_day>
  <publisher>Harpercollins Childs</publisher>
  <language_code>en-US</language_code>
  <is_ebook>false</is_ebook>
  <description><![CDATA[Moo moo! Hoo hoo! Cock-a-doodle-doo! Oh, the wonderful sounds Mr. Brown can do. Now see if you can do them too! This fabulous book is ideal for teaching young children all about noises!<br /><br /><br />This delightful book forms part of the second stage in HarperCollins’ major Dr. Seuss rebrand programme. With the relaunch of 10 more titles in August 2003, such all-time favourites as How the Grinch Stole Christmas!, Mr. Brown Can Moo! Can You? and Dr. Seuss’ Sleep Book boast bright new covers that incorporate much needed guidance on reading levels: Blue Back Books are for parents to share with young children, Green Back Books are for budding readers to tackle on their own, and Yellow Back Books are for older, more fluent readers to enjoy. Mr. Brown Can Moo! Can You? belongs to the Blue Back Book range.]]></description>
  <work>
  <id type="integer">2363835</id>
  <books_count type="integer">25</books_count>
  <best_book_id type="integer">105552</best_book_id>
  <reviews_count type="integer">54869</reviews_count>
  <ratings_sum type="integer">178062</ratings_sum>
  <ratings_count type="integer">43275</ratings_count>
  <text_reviews_count type="integer">626</text_reviews_count>
  <original_publication_year type="integer">1970</original_publication_year>
  <original_publication_month type="integer">1</original_publication_month>
  <original_publication_day type="integer">1</original_publication_day>
  <original_title>Mr. Brown Can Moo! Can You?</original_title>
  <original_language_id type="integer" nil="true"/>
  <media_type>book</media_type>
  <rating_dist>5:20171|4:11246|3:9068|2:2229|1:561|total:43275</rating_dist>
  <desc_user_id type="integer" nil="true"/>
  <default_chaptering_book_id type="integer" nil="true"/>
  <default_description_language_code nil="true"/>
</work>
  <average_rating>4.11</average_rating>
  <num_pages><![CDATA[32]]></num_pages>
  <format><![CDATA[Paperback]]></format>
  <edition_information><![CDATA[]]></edition_information>
  <ratings_count><![CDATA[41441]]></ratings_count>
  <text_reviews_count><![CDATA[476]]></text_reviews_count>
  <url><![CDATA[https://www.goodreads.com/book/show/105552.Mr_Brown_Can_Moo_Can_You_]]></url>
  <link><![CDATA[https://www.goodreads.com/book/show/105552.Mr_Brown_Can_Moo_Can_You_]]></link>
  <authors>
<author>
<id>61105</id>
<name>Dr. Seuss</name>
<role></role>
<image_url nophoto='false'>
<![CDATA[https://images.gr-assets.com/authors/1193930952p5/61105.jpg]]>
</image_url>
<small_image_url nophoto='false'>
<![CDATA[https://images.gr-assets.com/authors/1193930952p2/61105.jpg]]>
</small_image_url>
<link><![CDATA[https://www.goodreads.com/author/show/61105.Dr_Seuss]]></link>
<average_rating>4.24</average_rating>
<ratings_count>2462795</ratings_count>
<text_reviews_count>42352</text_reviews_count>
</author>
</authors>

    <reviews_widget>
      <![CDATA[
        <style>
  #goodreads-widget {
    font-family: georgia, serif;
    padding: 18px 0;
    width:565px;
  }
  #goodreads-widget h1 {
    font-weight:normal;
    font-size: 16px;
    border-bottom: 1px solid #BBB596;
    margin-bottom: 0;
  }
  #goodreads-widget a {
    text-decoration: none;
    color:#660;
  }
  iframe{
    background-color: #fff;
  }
  #goodreads-widget a:hover { text-decoration: underline; }
  #goodreads-widget a:active {
    color:#660;
  }
  #gr_footer {
    width: 100%;
    border-top: 1px solid #BBB596;
    text-align: right;
  }
  #goodreads-widget .gr_branding{
    color: #382110;
    font-size: 11px;
    text-decoration: none;
    font-family: "Helvetica Neue", Helvetica, Arial, sans-serif;
  }
</style>
<div id="goodreads-widget">
  <div id="gr_header"><h1><a rel="nofollow" href="https://www.goodreads.com/book/show/105552.Mr_Brown_Can_Moo_Can_You_">Mr. Brown Can Moo! Can You? Reviews</a></h1></div>
  <iframe id="the_iframe" src="https://www.goodreads.com/api/reviews_widget_iframe?did=DEVELOPER_ID&amp;format=html&amp;isbn=0007169914&amp;links=660&amp;min_rating=&amp;review_back=fff&amp;stars=000&amp;text=000" width="565" height="400" frameborder="0"></iframe>
  <div id="gr_footer">
    <a class="gr_branding" target="_blank" rel="nofollow" href="https://www.goodreads.com/book/show/105552.Mr_Brown_Can_Moo_Can_You_?utm_medium=api&amp;utm_source=reviews_widget">Reviews from Goodreads.com</a>
  </div>
</div>

      ]]>
    </reviews_widget>
  <popular_shelves>
      <shelf name="to-read" count="3267"/>
      <shelf name="picture-books" count="154"/>
      <shelf name="children-s-books" count="114"/>
      <shelf name="childrens" count="106"/>
      <shelf name="children" count="89"/>
      <shelf name="dr-seuss" count="84"/>
      <shelf name="children-s" count="81"/>
      <shelf name="kids" count="70"/>
      <shelf name="kids-books" count="68"/>
      <shelf name="childrens-books" count="55"/>
      <shelf name="currently-reading" count="53"/>
      <shelf name="board-books" count="43"/>
      <shelf name="default" count="36"/>
      <shelf name="children-s-literature" count="35"/>
      <shelf name="fiction" count="34"/>
      <shelf name="owned" count="30"/>
      <shelf name="childhood-books" count="29"/>
      <shelf name="picture-book" count="28"/>
      <shelf name="classics" count="27"/>
      <shelf name="childhood" count="25"/>
      <shelf name="poetry" count="24"/>
      <shelf name="fantasy" count="24"/>
      <shelf name="rhyming" count="21"/>
      <shelf name="childhood-favorites" count="21"/>
      <shelf name="classic" count="21"/>
      <shelf name="owned-books" count="18"/>
      <shelf name="baby-books" count="18"/>
      <shelf name="sounds" count="17"/>
      <shelf name="board-book" count="17"/>
      <shelf name="preschool" count="17"/>
      <shelf name="picture" count="17"/>
      <shelf name="kid-s-books" count="17"/>
      <shelf name="storytime" count="17"/>
      <shelf name="animals" count="16"/>
      <shelf name="onomatopoeia" count="16"/>
      <shelf name="my-childhood" count="15"/>
      <shelf name="own-it" count="14"/>
      <shelf name="kiddos" count="14"/>
      <shelf name="kid-books" count="13"/>
      <shelf name="picturebooks" count="13"/>
      <shelf name="children-books" count="12"/>
      <shelf name="library" count="12"/>
      <shelf name="for-the-kids" count="12"/>
      <shelf name="read-as-a-kid" count="12"/>
      <shelf name="children-s-picture-books" count="11"/>
      <shelf name="illustrated" count="11"/>
      <shelf name="children-ya" count="11"/>
      <shelf name="seuss" count="10"/>
      <shelf name="humor" count="10"/>
      <shelf name="children-s-lit" count="10"/>
      <shelf name="childhood-memories" count="10"/>
      <shelf name="early-reader" count="10"/>
      <shelf name="childhood-reads" count="10"/>
      <shelf name="dr-suess" count="9"/>
      <shelf name="story-time" count="9"/>
      <shelf name="kindergarten" count="9"/>
      <shelf name="kid-lit" count="9"/>
      <shelf name="read-to-kids" count="9"/>
      <shelf name="childrensbooks" count="9"/>
      <shelf name="classroom" count="8"/>
      <shelf name="henry" count="8"/>
      <shelf name="read-aloud" count="8"/>
      <shelf name="children-s-fiction" count="8"/>
      <shelf name="read-alouds" count="8"/>
      <shelf name="children-s-books-read" count="8"/>
      <shelf name="baby" count="8"/>
      <shelf name="books-for-children" count="8"/>
      <shelf name="1000-books-before-kindergarten" count="7"/>
      <shelf name="books-i-own" count="7"/>
      <shelf name="classroom-library" count="7"/>
      <shelf name="easy-reader" count="7"/>
      <shelf name="my-books" count="7"/>
      <shelf name="home-library" count="7"/>
      <shelf name="kids-read" count="7"/>
      <shelf name="read-in-2012" count="7"/>
      <shelf name="books" count="7"/>
      <shelf name="children-read" count="7"/>
      <shelf name="children-s-book" count="7"/>
      <shelf name="to-buy" count="7"/>
      <shelf name="for-children" count="7"/>
      <shelf name="books-for-kids" count="7"/>
      <shelf name="child" count="7"/>
      <shelf name="childrens-lit" count="6"/>
      <shelf name="read-in-2015" count="6"/>
      <shelf name="childrens-picture-books" count="6"/>
      <shelf name="my-library" count="6"/>
      <shelf name="read-in-2014" count="6"/>
      <shelf name="anna" count="6"/>
      <shelf name="read-with-kids" count="6"/>
      <shelf name="children-s-books-i-own" count="6"/>
      <shelf name="read-to-me" count="6"/>
      <shelf name="books-from-my-childhood" count="6"/>
      <shelf name="for-the-kiddos" count="6"/>
      <shelf name="read-kids" count="6"/>
      <shelf name="toddler" count="6"/>
      <shelf name="english" count="6"/>
      <shelf name="elementary" count="6"/>
      <shelf name="read-in-2016" count="5"/>
      <shelf name="early-readers" count="5"/>
      <shelf name="unread" count="5"/>
  </popular_shelves>
  <book_links>
    <book_link>
  <id>8</id>
  <name>Libraries</name>
  <link>https://www.goodreads.com/book_link/follow/8</link>
</book_link>

  </book_links>
  <buy_links>
    <buy_link>
<id>1</id>
<name>Amazon</name>
<link>https://www.goodreads.com/book_link/follow/1</link>
</buy_link>
<buy_link>
<id>10</id>
<name>Audible</name>
<link>https://www.goodreads.com/book_link/follow/10</link>
</buy_link>
<buy_link>
<id>3</id>
<name>Barnes &amp; Noble</name>
<link>https://www.goodreads.com/book_link/follow/3</link>
</buy_link>
<buy_link>
<id>1027</id>
<name>Kobo</name>
<link>https://www.goodreads.com/book_link/follow/1027</link>
</buy_link>
<buy_link>
<id>2102</id>
<name>Apple iBooks</name>
<link>https://www.goodreads.com/book_link/follow/2102</link>
</buy_link>
<buy_link>
<id>8036</id>
<name>Google Play</name>
<link>https://www.goodreads.com/book_link/follow/8036</link>
</buy_link>
<buy_link>
<id>4</id>
<name>Abebooks</name>
<link>https://www.goodreads.com/book_link/follow/4</link>
</buy_link>
<buy_link>
<id>882</id>
<name>Book Depository</name>
<link>https://www.goodreads.com/book_link/follow/882</link>
</buy_link>
<buy_link>
<id>9</id>
<name>Indigo</name>
<link>https://www.goodreads.com/book_link/follow/9</link>
</buy_link>
<buy_link>
<id>2</id>
<name>Half.com</name>
<link>https://www.goodreads.com/book_link/follow/2</link>
</buy_link>
<buy_link>
<id>5</id>
<name>Alibris</name>
<link>https://www.goodreads.com/book_link/follow/5</link>
</buy_link>
<buy_link>
<id>107</id>
<name>Better World Books</name>
<link>https://www.goodreads.com/book_link/follow/107</link>
</buy_link>
<buy_link>
<id>7</id>
<name>IndieBound</name>
<link>https://www.goodreads.com/book_link/follow/7</link>
</buy_link>

  </buy_links>
  <series_works>
    
  </series_works>
  <similar_books>
          <book>
<id>857501</id>
<title>Hand, Hand, Fingers, Thumb</title>
<title_without_series>Hand, Hand, Fingers, Thumb</title_without_series>
<link><![CDATA[https://www.goodreads.com/book/show/857501.Hand_Hand_Fingers_Thumb]]></link>
<small_image_url><![CDATA[https://images.gr-assets.com/books/1397803649s/857501.jpg]]></small_image_url>
<image_url><![CDATA[https://images.gr-assets.com/books/1397803649m/857501.jpg]]></image_url>
<num_pages>24</num_pages>
<work>
<id>19838</id>
</work>
<isbn>0679890483</isbn>
<isbn13>9780679890485</isbn13>
<average_rating>4.22</average_rating>
<ratings_count>24510</ratings_count>
<publication_year>1998</publication_year>
<publication_month>1</publication_month>
<publication_day>20</publication_day>
<authors>
<author>
<id>11094</id>
<name>Al Perkins</name>
<link><![CDATA[https://www.goodreads.com/author/show/11094.Al_Perkins]]></link>
</author>
</authors>
</book>

          <book>
<id>488908</id>
<title><![CDATA[Doggies: A Counting and Barking Book]]></title>
<title_without_series><![CDATA[Doggies: A Counting and Barking Book]]></title_without_series>
<link><![CDATA[https://www.goodreads.com/book/show/488908.Doggies]]></link>
<small_image_url><![CDATA[https://s.gr-assets.com/assets/nophoto/book/50x75-a91bf249278a81aabab721ef782c4a74.png]]></small_image_url>
<image_url><![CDATA[https://s.gr-assets.com/assets/nophoto/book/111x148-bcc042a9c91a29c1d680899eff700a03.png]]></image_url>
<num_pages></num_pages>
<work>
<id>477178</id>
</work>
<isbn>0671493183</isbn>
<isbn13>9780671493189</isbn13>
<average_rating>4.00</average_rating>
<ratings_count>4533</ratings_count>
<publication_year></publication_year>
<publication_month></publication_month>
<publication_day></publication_day>
<authors>
<author>
<id>3161</id>
<name>Sandra Boynton</name>
<link><![CDATA[https://www.goodreads.com/author/show/3161.Sandra_Boynton]]></link>
</author>
</authors>
</book>

          <book>
<id>900088</id>
<title>Old Hat, New Hat</title>
<title_without_series>Old Hat, New Hat</title_without_series>
<link><![CDATA[https://www.goodreads.com/book/show/900088.Old_Hat_New_Hat]]></link>
<small_image_url><![CDATA[https://images.gr-assets.com/books/1320443182s/900088.jpg]]></small_image_url>
<image_url><![CDATA[https://images.gr-assets.com/books/1320443182m/900088.jpg]]></image_url>
<num_pages></num_pages>
<work>
<id>282739</id>
</work>
<isbn>0394806697</isbn>
<isbn13>9780394806693</isbn13>
<average_rating>4.27</average_rating>
<ratings_count>1956</ratings_count>
<publication_year></publication_year>
<publication_month></publication_month>
<publication_day></publication_day>
<authors>
<author>
<id>26886</id>
<name>Stan Berenstain</name>
<link><![CDATA[https://www.goodreads.com/author/show/26886.Stan_Berenstain]]></link>
</author>
</authors>
</book>

          <book>
<id>2453640</id>
<title><![CDATA[No No Yes Yes (Leslie Patricelli board books)]]></title>
<title_without_series>No No Yes Yes</title_without_series>
<link><![CDATA[https://www.goodreads.com/book/show/2453640.No_No_Yes_Yes]]></link>
<small_image_url><![CDATA[https://images.gr-assets.com/books/1320547151s/2453640.jpg]]></small_image_url>
<image_url><![CDATA[https://images.gr-assets.com/books/1320547151m/2453640.jpg]]></image_url>
<num_pages></num_pages>
<work>
<id>3217559</id>
</work>
<isbn>0763632449</isbn>
<isbn13>9780763632441</isbn13>
<average_rating>4.08</average_rating>
<ratings_count>833</ratings_count>
<publication_year>2010</publication_year>
<publication_month>9</publication_month>
<publication_day>23</publication_day>
<authors>
<author>
<id>248583</id>
<name>Leslie Patricelli</name>
<link><![CDATA[https://www.goodreads.com/author/show/248583.Leslie_Patricelli]]></link>
</author>
</authors>
</book>

          <book>
<id>197081</id>
<title><![CDATA[I'll Teach My Dog a Lot of Words]]></title>
<title_without_series><![CDATA[I'll Teach My Dog a Lot of Words]]></title_without_series>
<link><![CDATA[https://www.goodreads.com/book/show/197081.I_ll_Teach_My_Dog_a_Lot_of_Words]]></link>
<small_image_url><![CDATA[https://images.gr-assets.com/books/1403177052s/197081.jpg]]></small_image_url>
<image_url><![CDATA[https://images.gr-assets.com/books/1403177052m/197081.jpg]]></image_url>
<num_pages>12</num_pages>
<work>
<id>919105</id>
</work>
<isbn>0375800999</isbn>
<isbn13>9780375800993</isbn13>
<average_rating>4.19</average_rating>
<ratings_count>7401</ratings_count>
<publication_year>1999</publication_year>
<publication_month>8</publication_month>
<publication_day>17</publication_day>
<authors>
<author>
<id>4025666</id>
<name>Michael Frith</name>
<link><![CDATA[https://www.goodreads.com/author/show/4025666.Michael_Frith]]></link>
</author>
</authors>
</book>

          <book>
<id>2241348</id>
<title>Little Blue Truck</title>
<title_without_series>Little Blue Truck</title_without_series>
<link><![CDATA[https://www.goodreads.com/book/show/2241348.Little_Blue_Truck]]></link>
<small_image_url><![CDATA[https://s.gr-assets.com/assets/nophoto/book/50x75-a91bf249278a81aabab721ef782c4a74.png]]></small_image_url>
<image_url><![CDATA[https://s.gr-assets.com/assets/nophoto/book/111x148-bcc042a9c91a29c1d680899eff700a03.png]]></image_url>
<num_pages></num_pages>
<work>
<id>2247200</id>
</work>
<isbn>0152056610</isbn>
<isbn13>9780152056612</isbn13>
<average_rating>4.45</average_rating>
<ratings_count>8936</ratings_count>
<publication_year></publication_year>
<publication_month></publication_month>
<publication_day></publication_day>
<authors>
<author>
<id>191218</id>
<name>Alice Schertle</name>
<link><![CDATA[https://www.goodreads.com/author/show/191218.Alice_Schertle]]></link>
</author>
</authors>
</book>

          <book>
<id>1326509</id>
<title>Baby Animals</title>
<title_without_series>Baby Animals</title_without_series>
<link><![CDATA[https://www.goodreads.com/book/show/1326509.Baby_Animals]]></link>
<small_image_url><![CDATA[https://s.gr-assets.com/assets/nophoto/book/50x75-a91bf249278a81aabab721ef782c4a74.png]]></small_image_url>
<image_url><![CDATA[https://s.gr-assets.com/assets/nophoto/book/111x148-bcc042a9c91a29c1d680899eff700a03.png]]></image_url>
<num_pages>12</num_pages>
<work>
<id>1315936</id>
</work>
<isbn>0751351423</isbn>
<isbn13>9780751351422</isbn13>
<average_rating>3.82</average_rating>
<ratings_count>188</ratings_count>
<publication_year>1999</publication_year>
<publication_month>9</publication_month>
<publication_day>1</publication_day>
<authors>
<author>
<id>177395</id>
<name>Jennifer Quasha</name>
<link><![CDATA[https://www.goodreads.com/author/show/177395.Jennifer_Quasha]]></link>
</author>
</authors>
</book>

          <book>
<id>1296599</id>
<title>Touch &amp; Feel: FARM</title>
<title_without_series>Touch &amp; Feel: FARM</title_without_series>
<link><![CDATA[https://www.goodreads.com/book/show/1296599.Touch_Feel]]></link>
<small_image_url><![CDATA[https://s.gr-assets.com/assets/nophoto/book/50x75-a91bf249278a81aabab721ef782c4a74.png]]></small_image_url>
<image_url><![CDATA[https://s.gr-assets.com/assets/nophoto/book/111x148-bcc042a9c91a29c1d680899eff700a03.png]]></image_url>
<num_pages>12</num_pages>
<work>
<id>1285731</id>
</work>
<isbn>0789429160</isbn>
<isbn13>9780789429162</isbn13>
<average_rating>4.06</average_rating>
<ratings_count>347</ratings_count>
<publication_year>1998</publication_year>
<publication_month>5</publication_month>
<publication_day>11</publication_day>
<authors>
<author>
<id>85770</id>
<name>Dawn Sirett</name>
<link><![CDATA[https://www.goodreads.com/author/show/85770.Dawn_Sirett]]></link>
</author>
</authors>
</book>

          <book>
<id>880488</id>
<title>Tails</title>
<title_without_series>Tails</title_without_series>
<link><![CDATA[https://www.goodreads.com/book/show/880488.Tails]]></link>
<small_image_url><![CDATA[https://images.gr-assets.com/books/1311216129s/880488.jpg]]></small_image_url>
<image_url><![CDATA[https://images.gr-assets.com/books/1311216129m/880488.jpg]]></image_url>
<num_pages></num_pages>
<work>
<id>865782</id>
</work>
<isbn>0152167730</isbn>
<isbn13>9780152167738</isbn13>
<average_rating>4.13</average_rating>
<ratings_count>3807</ratings_count>
<publication_year></publication_year>
<publication_month></publication_month>
<publication_day></publication_day>
<authors>
<author>
<id>101293</id>
<name>Matthew Van Fleet</name>
<link><![CDATA[https://www.goodreads.com/author/show/101293.Matthew_Van_Fleet]]></link>
</author>
</authors>
</book>

          <book>
<id>401730</id>
<title>Big Red Barn</title>
<title_without_series>Big Red Barn</title_without_series>
<link><![CDATA[https://www.goodreads.com/book/show/401730.Big_Red_Barn]]></link>
<small_image_url><![CDATA[https://images.gr-assets.com/books/1393789955s/401730.jpg]]></small_image_url>
<image_url><![CDATA[https://images.gr-assets.com/books/1393789955m/401730.jpg]]></image_url>
<num_pages></num_pages>
<work>
<id>2216648</id>
</work>
<isbn>0694006246</isbn>
<isbn13>9780694006243</isbn13>
<average_rating>4.18</average_rating>
<ratings_count>10169</ratings_count>
<publication_year></publication_year>
<publication_month></publication_month>
<publication_day></publication_day>
<authors>
<author>
<id>18479</id>
<name>Margaret Wise Brown</name>
<link><![CDATA[https://www.goodreads.com/author/show/18479.Margaret_Wise_Brown]]></link>
</author>
</authors>
</book>

          <book>
<id>155770</id>
<title><![CDATA[Toes, Ears, & Nose! (A Lift-the-Flap Book)]]></title>
<title_without_series>Toes, Ears, &amp; Nose!</title_without_series>
<link><![CDATA[https://www.goodreads.com/book/show/155770.Toes_Ears_Nose_]]></link>
<small_image_url><![CDATA[https://images.gr-assets.com/books/1345679115s/155770.jpg]]></small_image_url>
<image_url><![CDATA[https://images.gr-assets.com/books/1345679115m/155770.jpg]]></image_url>
<num_pages>16</num_pages>
<work>
<id>150308</id>
</work>
<isbn>0689847122</isbn>
<isbn13>9780689847127</isbn13>
<average_rating>4.09</average_rating>
<ratings_count>2880</ratings_count>
<publication_year>2003</publication_year>
<publication_month>1</publication_month>
<publication_day>1</publication_day>
<authors>
<author>
<id>13195</id>
<name>Marion Dane Bauer</name>
<link><![CDATA[https://www.goodreads.com/author/show/13195.Marion_Dane_Bauer]]></link>
</author>
</authors>
</book>

  </similar_books>
</book>

</GoodreadsResponse>