<?xml version="1.0" encoding="UTF-8"?>
<GoodreadsResponse>
  <Request>
    <authentication>true</authentication>
      <key><![CDATA[all_men_must_serve]]></key>
    <method><![CDATA[book_show]]></method>
  </Request>
  <book>
  <id>10566</id>
  <title>Lisey&apos;s Story</title>
  <isbn><![CDATA[0743289412]]></isbn>
  <isbn13><![CDATA[9780743289412]]></isbn13>
  <asin><![CDATA[]]></asin>
  <kindle_asin><![CDATA[B003BKZW1S]]></kindle_asin>
  <marketplace_id><![CDATA[A1F83G8C2ARO7P]]></marketplace_id>
  <country_code><![CDATA[GB]]></country_code>
  <image_url>https://images.gr-assets.com/books/1316346037m/10566.jpg</image_url>
  <small_image_url>https://images.gr-assets.com/books/1316346037s/10566.jpg</small_image_url>
  <publication_year></publication_year>
  <publication_month></publication_month>
  <publication_day></publication_day>
  <publisher>Scribner, New York</publisher>
  <language_code>eng</language_code>
  <is_ebook>false</is_ebook>
  <description><![CDATA[Lisey Landon lost her husband Scott two years ago, after a twenty-five-year marriage of profound, sometimes frightening intimacy. Scott was a celebrated, award-winning, novelist. And a complex man. Lisey knew there was a dark place where her husband ventured to face his demons. Boo'ya Moon is what Scott called it; a realm that both terrified and healed him, that could eat him alive or give him the ideas he needed to write and live. Now, it's Lisey's turn to face her husband's demons. And what begins as a widow's effort to sort through her husband's effects, becomes a perilous journey into the heart of darkness]]></description>
  <work>
  <id type="integer">4512687</id>
  <books_count type="integer">101</books_count>
  <best_book_id type="integer">10566</best_book_id>
  <reviews_count type="integer">96207</reviews_count>
  <ratings_sum type="integer">201157</ratings_sum>
  <ratings_count type="integer">55172</ratings_count>
  <text_reviews_count type="integer">2912</text_reviews_count>
  <original_publication_year type="integer">2006</original_publication_year>
  <original_publication_month type="integer">10</original_publication_month>
  <original_publication_day type="integer">24</original_publication_day>
  <original_title>Lisey's Story</original_title>
  <original_language_id type="integer" nil="true"/>
  <media_type>book</media_type>
  <rating_dist>5:14607|4:17231|3:15068|2:5728|1:2538|total:55172</rating_dist>
  <desc_user_id type="integer">1919888</desc_user_id>
  <default_chaptering_book_id type="integer" nil="true"/>
  <default_description_language_code nil="true"/>
</work>
  <average_rating>3.65</average_rating>
  <num_pages><![CDATA[513]]></num_pages>
  <format><![CDATA[]]></format>
  <edition_information><![CDATA[First Edition]]></edition_information>
  <ratings_count><![CDATA[50740]]></ratings_count>
  <text_reviews_count><![CDATA[2270]]></text_reviews_count>
  <url><![CDATA[https://www.goodreads.com/book/show/10566.Lisey_s_Story]]></url>
  <link><![CDATA[https://www.goodreads.com/book/show/10566.Lisey_s_Story]]></link>
  <authors>
<author>
<id>3389</id>
<name>Stephen King</name>
<role></role>
<image_url nophoto='false'>
<![CDATA[https://images.gr-assets.com/authors/1362814142p5/3389.jpg]]>
</image_url>
<small_image_url nophoto='false'>
<![CDATA[https://images.gr-assets.com/authors/1362814142p2/3389.jpg]]>
</small_image_url>
<link><![CDATA[https://www.goodreads.com/author/show/3389.Stephen_King]]></link>
<average_rating>4.01</average_rating>
<ratings_count>10357348</ratings_count>
<text_reviews_count>349178</text_reviews_count>
</author>
</authors>

    <reviews_widget>
      <![CDATA[
        <style>
  #goodreads-widget {
    font-family: georgia, serif;
    padding: 18px 0;
    width:565px;
  }
  #goodreads-widget h1 {
    font-weight:normal;
    font-size: 16px;
    border-bottom: 1px solid #BBB596;
    margin-bottom: 0;
  }
  #goodreads-widget a {
    text-decoration: none;
    color:#660;
  }
  iframe{
    background-color: #fff;
  }
  #goodreads-widget a:hover { text-decoration: underline; }
  #goodreads-widget a:active {
    color:#660;
  }
  #gr_footer {
    width: 100%;
    border-top: 1px solid #BBB596;
    text-align: right;
  }
  #goodreads-widget .gr_branding{
    color: #382110;
    font-size: 11px;
    text-decoration: none;
    font-family: "Helvetica Neue", Helvetica, Arial, sans-serif;
  }
</style>
<div id="goodreads-widget">
  <div id="gr_header"><h1><a rel="nofollow" href="https://www.goodreads.com/book/show/10566.Lisey_s_Story">Lisey&#39;s Story Reviews</a></h1></div>
  <iframe id="the_iframe" src="https://www.goodreads.com/api/reviews_widget_iframe?did=DEVELOPER_ID&amp;format=html&amp;isbn=0743289412&amp;links=660&amp;min_rating=&amp;review_back=fff&amp;stars=000&amp;text=000" width="565" height="400" frameborder="0"></iframe>
  <div id="gr_footer">
    <a class="gr_branding" target="_blank" rel="nofollow" href="https://www.goodreads.com/book/show/10566.Lisey_s_Story?utm_medium=api&amp;utm_source=reviews_widget">Reviews from Goodreads.com</a>
  </div>
</div>

      ]]>
    </reviews_widget>
  <popular_shelves>
      <shelf name="to-read" count="5526"/>
      <shelf name="horror" count="1345"/>
      <shelf name="stephen-king" count="1299"/>
      <shelf name="fiction" count="601"/>
      <shelf name="currently-reading" count="515"/>
      <shelf name="favorites" count="350"/>
      <shelf name="owned" count="305"/>
      <shelf name="books-i-own" count="258"/>
      <shelf name="king" count="226"/>
      <shelf name="fantasy" count="220"/>
      <shelf name="default" count="199"/>
      <shelf name="thriller" count="153"/>
      <shelf name="owned-books" count="101"/>
      <shelf name="mystery" count="77"/>
      <shelf name="supernatural" count="69"/>
      <shelf name="suspense" count="61"/>
      <shelf name="romance" count="59"/>
      <shelf name="library" count="56"/>
      <shelf name="my-books" count="53"/>
      <shelf name="my-library" count="52"/>
      <shelf name="audiobook" count="52"/>
      <shelf name="paranormal" count="48"/>
      <shelf name="kindle" count="40"/>
      <shelf name="abandoned" count="39"/>
      <shelf name="novels" count="39"/>
      <shelf name="audio" count="38"/>
      <shelf name="horror-thriller" count="37"/>
      <shelf name="i-own" count="35"/>
      <shelf name="audiobooks" count="35"/>
      <shelf name="king-stephen" count="33"/>
      <shelf name="ebooks" count="32"/>
      <shelf name="did-not-finish" count="31"/>
      <shelf name="wish-list" count="31"/>
      <shelf name="the-king" count="31"/>
      <shelf name="ebook" count="29"/>
      <shelf name="stephen" count="28"/>
      <shelf name="have" count="27"/>
      <shelf name="marriage" count="27"/>
      <shelf name="own-it" count="27"/>
      <shelf name="family" count="26"/>
      <shelf name="adult" count="26"/>
      <shelf name="psychological" count="25"/>
      <shelf name="books" count="25"/>
      <shelf name="general" count="24"/>
      <shelf name="stephen-king-to-read" count="23"/>
      <shelf name="grief" count="23"/>
      <shelf name="widows" count="22"/>
      <shelf name="audio-books" count="22"/>
      <shelf name="hardcover" count="21"/>
      <shelf name="2006" count="21"/>
      <shelf name="authors" count="20"/>
      <shelf name="contemporary" count="20"/>
      <shelf name="stephenking" count="20"/>
      <shelf name="sk" count="20"/>
      <shelf name="novel" count="20"/>
      <shelf name="adult-fiction" count="20"/>
      <shelf name="audible" count="19"/>
      <shelf name="secrets" count="19"/>
      <shelf name="criticism" count="19"/>
      <shelf name="prose" count="19"/>
      <shelf name="drama" count="19"/>
      <shelf name="tbr" count="18"/>
      <shelf name="calibre" count="18"/>
      <shelf name="paperback" count="18"/>
      <shelf name="gave-up-on" count="18"/>
      <shelf name="home-library" count="17"/>
      <shelf name="finished" count="17"/>
      <shelf name="to-buy" count="17"/>
      <shelf name="thrillers" count="17"/>
      <shelf name="unfinished" count="17"/>
      <shelf name="books-owned" count="16"/>
      <shelf name="dnf" count="16"/>
      <shelf name="s-king" count="16"/>
      <shelf name="horror-suspense" count="16"/>
      <shelf name="favourites" count="15"/>
      <shelf name="own-to-read" count="15"/>
      <shelf name="general-fiction" count="15"/>
      <shelf name="science-fiction" count="15"/>
      <shelf name="english" count="15"/>
      <shelf name="sci-fi-fantasy" count="15"/>
      <shelf name="mystery-thriller" count="14"/>
      <shelf name="e-books" count="13"/>
      <shelf name="personal-library" count="13"/>
      <shelf name="other" count="13"/>
      <shelf name="stephen-king-books" count="13"/>
      <shelf name="book-club" count="13"/>
      <shelf name="not-finished" count="13"/>
      <shelf name="american" count="13"/>
      <shelf name="favorite-authors" count="12"/>
      <shelf name="read-in-2009" count="12"/>
      <shelf name="scary" count="12"/>
      <shelf name="own-but-haven-t-read" count="11"/>
      <shelf name="stephen-king-collection" count="11"/>
      <shelf name="my-bookshelf" count="11"/>
      <shelf name="bookshelf" count="11"/>
      <shelf name="sci-fi" count="11"/>
      <shelf name="my-collection" count="11"/>
      <shelf name="audio-book" count="11"/>
      <shelf name="reviewed" count="11"/>
      <shelf name="unread" count="11"/>
  </popular_shelves>
  <book_links>
    <book_link>
  <id>8</id>
  <name>Libraries</name>
  <link>https://www.goodreads.com/book_link/follow/8</link>
</book_link>

  </book_links>
  <buy_links>
    <buy_link>
<id>1</id>
<name>Amazon</name>
<link>https://www.goodreads.com/book_link/follow/1</link>
</buy_link>
<buy_link>
<id>10</id>
<name>Audible</name>
<link>https://www.goodreads.com/book_link/follow/10</link>
</buy_link>
<buy_link>
<id>3</id>
<name>Barnes &amp; Noble</name>
<link>https://www.goodreads.com/book_link/follow/3</link>
</buy_link>
<buy_link>
<id>1027</id>
<name>Kobo</name>
<link>https://www.goodreads.com/book_link/follow/1027</link>
</buy_link>
<buy_link>
<id>2102</id>
<name>Apple iBooks</name>
<link>https://www.goodreads.com/book_link/follow/2102</link>
</buy_link>
<buy_link>
<id>8036</id>
<name>Google Play</name>
<link>https://www.goodreads.com/book_link/follow/8036</link>
</buy_link>
<buy_link>
<id>4</id>
<name>Abebooks</name>
<link>https://www.goodreads.com/book_link/follow/4</link>
</buy_link>
<buy_link>
<id>882</id>
<name>Book Depository</name>
<link>https://www.goodreads.com/book_link/follow/882</link>
</buy_link>
<buy_link>
<id>9</id>
<name>Indigo</name>
<link>https://www.goodreads.com/book_link/follow/9</link>
</buy_link>
<buy_link>
<id>2</id>
<name>Half.com</name>
<link>https://www.goodreads.com/book_link/follow/2</link>
</buy_link>
<buy_link>
<id>5</id>
<name>Alibris</name>
<link>https://www.goodreads.com/book_link/follow/5</link>
</buy_link>
<buy_link>
<id>107</id>
<name>Better World Books</name>
<link>https://www.goodreads.com/book_link/follow/107</link>
</buy_link>
<buy_link>
<id>7</id>
<name>IndieBound</name>
<link>https://www.goodreads.com/book_link/follow/7</link>
</buy_link>

  </buy_links>
  <series_works>
    
  </series_works>
  <similar_books>
          <book>
<id>349473</id>
<title>Blaze</title>
<title_without_series>Blaze</title_without_series>
<link><![CDATA[https://www.goodreads.com/book/show/349473.Blaze]]></link>
<small_image_url><![CDATA[https://s.gr-assets.com/assets/nophoto/book/50x75-a91bf249278a81aabab721ef782c4a74.png]]></small_image_url>
<image_url><![CDATA[https://s.gr-assets.com/assets/nophoto/book/111x148-bcc042a9c91a29c1d680899eff700a03.png]]></image_url>
<num_pages>285</num_pages>
<work>
<id>1322982</id>
</work>
<isbn>141655484X</isbn>
<isbn13>9781416554844</isbn13>
<average_rating>3.66</average_rating>
<ratings_count>30161</ratings_count>
<publication_year></publication_year>
<publication_month></publication_month>
<publication_day></publication_day>
<authors>
<author>
<id>5858</id>
<name>Richard Bachman</name>
<link><![CDATA[https://www.goodreads.com/author/show/5858.Richard_Bachman]]></link>
</author>
</authors>
</book>

          <book>
<id>906491</id>
<title>The Throat</title>
<title_without_series>The Throat</title_without_series>
<link><![CDATA[https://www.goodreads.com/book/show/906491.The_Throat]]></link>
<small_image_url><![CDATA[https://images.gr-assets.com/books/1309212454s/906491.jpg]]></small_image_url>
<image_url><![CDATA[https://images.gr-assets.com/books/1309212454m/906491.jpg]]></image_url>
<num_pages>704</num_pages>
<work>
<id>926265</id>
</work>
<isbn>0451179188</isbn>
<isbn13>9780451179180</isbn13>
<average_rating>3.94</average_rating>
<ratings_count>3095</ratings_count>
<publication_year>1994</publication_year>
<publication_month>3</publication_month>
<publication_day>1</publication_day>
<authors>
<author>
<id>6941</id>
<name>Peter Straub</name>
<link><![CDATA[https://www.goodreads.com/author/show/6941.Peter_Straub]]></link>
</author>
</authors>
</book>

          <book>
<id>175296</id>
<title>The Missing (Keeper, #2)</title>
<title_without_series>The Missing</title_without_series>
<link><![CDATA[https://www.goodreads.com/book/show/175296.The_Missing]]></link>
<small_image_url><![CDATA[https://s.gr-assets.com/assets/nophoto/book/50x75-a91bf249278a81aabab721ef782c4a74.png]]></small_image_url>
<image_url><![CDATA[https://s.gr-assets.com/assets/nophoto/book/111x148-bcc042a9c91a29c1d680899eff700a03.png]]></image_url>
<num_pages></num_pages>
<work>
<id>3002583</id>
</work>
<isbn>0060872918</isbn>
<isbn13>9780060872915</isbn13>
<average_rating>3.60</average_rating>
<ratings_count>1169</ratings_count>
<publication_year></publication_year>
<publication_month></publication_month>
<publication_day></publication_day>
<authors>
<author>
<id>37182</id>
<name>Sarah Langan</name>
<link><![CDATA[https://www.goodreads.com/author/show/37182.Sarah_Langan]]></link>
</author>
</authors>
</book>

          <book>
<id>1829992</id>
<title>Dead in the Water</title>
<title_without_series>Dead in the Water</title_without_series>
<link><![CDATA[https://www.goodreads.com/book/show/1829992.Dead_in_the_Water]]></link>
<small_image_url><![CDATA[https://images.gr-assets.com/books/1320440466s/1829992.jpg]]></small_image_url>
<image_url><![CDATA[https://images.gr-assets.com/books/1320440466m/1829992.jpg]]></image_url>
<num_pages>413</num_pages>
<work>
<id>1829819</id>
</work>
<isbn>0440614074</isbn>
<isbn13>9780440614074</isbn13>
<average_rating>3.48</average_rating>
<ratings_count>129</ratings_count>
<publication_year>1995</publication_year>
<publication_month>3</publication_month>
<publication_day>1</publication_day>
<authors>
<author>
<id>27206</id>
<name>Nancy Holder</name>
<link><![CDATA[https://www.goodreads.com/author/show/27206.Nancy_Holder]]></link>
</author>
</authors>
</book>

          <book>
<id>6980553</id>
<title><![CDATA[Stephen King Illustrated Companion Manuscripts, Correspondence, Drawings, and Memorabilia from the Master of Modern Horror]]></title>
<title_without_series><![CDATA[Stephen King Illustrated Companion Manuscripts, Correspondence, Drawings, and Memorabilia from the Master of Modern Horror]]></title_without_series>
<link><![CDATA[https://www.goodreads.com/book/show/6980553-stephen-king-illustrated-companion-manuscripts-correspondence-drawings]]></link>
<small_image_url><![CDATA[https://s.gr-assets.com/assets/nophoto/book/50x75-a91bf249278a81aabab721ef782c4a74.png]]></small_image_url>
<image_url><![CDATA[https://s.gr-assets.com/assets/nophoto/book/111x148-bcc042a9c91a29c1d680899eff700a03.png]]></image_url>
<num_pages></num_pages>
<work>
<id>7222310</id>
</work>
<isbn>1435117662</isbn>
<isbn13>9781435117662</isbn13>
<average_rating>4.28</average_rating>
<ratings_count>2325</ratings_count>
<publication_year></publication_year>
<publication_month></publication_month>
<publication_day></publication_day>
<authors>
<author>
<id>3469</id>
<name>Bev Vincent</name>
<link><![CDATA[https://www.goodreads.com/author/show/3469.Bev_Vincent]]></link>
</author>
</authors>
</book>

          <book>
<id>269203</id>
<title>Dread in the Beast</title>
<title_without_series>Dread in the Beast</title_without_series>
<link><![CDATA[https://www.goodreads.com/book/show/269203.Dread_in_the_Beast]]></link>
<small_image_url><![CDATA[https://s.gr-assets.com/assets/nophoto/book/50x75-a91bf249278a81aabab721ef782c4a74.png]]></small_image_url>
<image_url><![CDATA[https://s.gr-assets.com/assets/nophoto/book/111x148-bcc042a9c91a29c1d680899eff700a03.png]]></image_url>
<num_pages>352</num_pages>
<work>
<id>260959</id>
</work>
<isbn>1889186457</isbn>
<isbn13>9781889186450</isbn13>
<average_rating>3.83</average_rating>
<ratings_count>123</ratings_count>
<publication_year>2005</publication_year>
<publication_month>2</publication_month>
<publication_day>1</publication_day>
<authors>
<author>
<id>157018</id>
<name>Charlee Jacob</name>
<link><![CDATA[https://www.goodreads.com/author/show/157018.Charlee_Jacob]]></link>
</author>
</authors>
</book>

          <book>
<id>11532</id>
<title>Night Visions 5</title>
<title_without_series>Night Visions 5</title_without_series>
<link><![CDATA[https://www.goodreads.com/book/show/11532.Night_Visions_5]]></link>
<small_image_url><![CDATA[https://images.gr-assets.com/books/1289330105s/11532.jpg]]></small_image_url>
<image_url><![CDATA[https://images.gr-assets.com/books/1289330105m/11532.jpg]]></image_url>
<num_pages>274</num_pages>
<work>
<id>88730</id>
</work>
<isbn>0913165328</isbn>
<isbn13>9780913165324</isbn13>
<average_rating>3.90</average_rating>
<ratings_count>1362</ratings_count>
<publication_year>1988</publication_year>
<publication_month>5</publication_month>
<publication_day></publication_day>
<authors>
<author>
<id>18351</id>
<name>Douglas E. Winter</name>
<link><![CDATA[https://www.goodreads.com/author/show/18351.Douglas_E_Winter]]></link>
</author>
</authors>
</book>

          <book>
<id>32437</id>
<title>The Face</title>
<title_without_series>The Face</title_without_series>
<link><![CDATA[https://www.goodreads.com/book/show/32437.The_Face]]></link>
<small_image_url><![CDATA[https://images.gr-assets.com/books/1370732538s/32437.jpg]]></small_image_url>
<image_url><![CDATA[https://images.gr-assets.com/books/1370732538m/32437.jpg]]></image_url>
<num_pages>649</num_pages>
<work>
<id>1125107</id>
</work>
<isbn>0553584480</isbn>
<isbn13>9780553584486</isbn13>
<average_rating>3.69</average_rating>
<ratings_count>18270</ratings_count>
<publication_year>2004</publication_year>
<publication_month>4</publication_month>
<publication_day>27</publication_day>
<authors>
<author>
<id>9355</id>
<name>Dean Koontz</name>
<link><![CDATA[https://www.goodreads.com/author/show/9355.Dean_Koontz]]></link>
</author>
</authors>
</book>

          <book>
<id>10612</id>
<title>The Stephen King Universe</title>
<title_without_series>The Stephen King Universe</title_without_series>
<link><![CDATA[https://www.goodreads.com/book/show/10612.The_Stephen_King_Universe]]></link>
<small_image_url><![CDATA[https://s.gr-assets.com/assets/nophoto/book/50x75-a91bf249278a81aabab721ef782c4a74.png]]></small_image_url>
<image_url><![CDATA[https://s.gr-assets.com/assets/nophoto/book/111x148-bcc042a9c91a29c1d680899eff700a03.png]]></image_url>
<num_pages>478</num_pages>
<work>
<id>13262</id>
</work>
<isbn>1580631606</isbn>
<isbn13>9781580631600</isbn13>
<average_rating>4.11</average_rating>
<ratings_count>5497</ratings_count>
<publication_year></publication_year>
<publication_month></publication_month>
<publication_day></publication_day>
<authors>
<author>
<id>6935</id>
<name>Stanley Wiater</name>
<link><![CDATA[https://www.goodreads.com/author/show/6935.Stanley_Wiater]]></link>
</author>
</authors>
</book>

          <book>
<id>6215832</id>
<title>The Dark Tower: Treachery</title>
<title_without_series>The Dark Tower: Treachery</title_without_series>
<link><![CDATA[https://www.goodreads.com/book/show/6215832-the-dark-tower]]></link>
<small_image_url><![CDATA[https://images.gr-assets.com/books/1327977889s/6215832.jpg]]></small_image_url>
<image_url><![CDATA[https://images.gr-assets.com/books/1327977889m/6215832.jpg]]></image_url>
<num_pages></num_pages>
<work>
<id>6396466</id>
</work>
<isbn>078513574X</isbn>
<isbn13>9780785135746</isbn13>
<average_rating>4.21</average_rating>
<ratings_count>6838</ratings_count>
<publication_year></publication_year>
<publication_month></publication_month>
<publication_day></publication_day>
<authors>
<author>
<id>3470</id>
<name>Robin Furth</name>
<link><![CDATA[https://www.goodreads.com/author/show/3470.Robin_Furth]]></link>
</author>
</authors>
</book>

          <book>
<id>32639</id>
<title>Sacrament</title>
<title_without_series>Sacrament</title_without_series>
<link><![CDATA[https://www.goodreads.com/book/show/32639.Sacrament]]></link>
<small_image_url><![CDATA[https://images.gr-assets.com/books/1456110943s/32639.jpg]]></small_image_url>
<image_url><![CDATA[https://images.gr-assets.com/books/1456110943m/32639.jpg]]></image_url>
<num_pages>594</num_pages>
<work>
<id>2637244</id>
</work>
<isbn>0006482643</isbn>
<isbn13>9780006482642</isbn13>
<average_rating>3.73</average_rating>
<ratings_count>4013</ratings_count>
<publication_year>1997</publication_year>
<publication_month>5</publication_month>
<publication_day>1</publication_day>
<authors>
<author>
<id>10366</id>
<name>Clive Barker</name>
<link><![CDATA[https://www.goodreads.com/author/show/10366.Clive_Barker]]></link>
</author>
</authors>
</book>

          <book>
<id>397863</id>
<title>Nobody True</title>
<title_without_series>Nobody True</title_without_series>
<link><![CDATA[https://www.goodreads.com/book/show/397863.Nobody_True]]></link>
<small_image_url><![CDATA[https://images.gr-assets.com/books/1312063805s/397863.jpg]]></small_image_url>
<image_url><![CDATA[https://images.gr-assets.com/books/1312063805m/397863.jpg]]></image_url>
<num_pages>373</num_pages>
<work>
<id>2422385</id>
</work>
<isbn>0765350610</isbn>
<isbn13>9780765350619</isbn13>
<average_rating>3.83</average_rating>
<ratings_count>2056</ratings_count>
<publication_year>2006</publication_year>
<publication_month>10</publication_month>
<publication_day>3</publication_day>
<authors>
<author>
<id>80984</id>
<name>James Herbert</name>
<link><![CDATA[https://www.goodreads.com/author/show/80984.James_Herbert]]></link>
</author>
</authors>
</book>

          <book>
<id>293098</id>
<title><![CDATA[999: Twenty-nine Original Tales of Horror and Suspense]]></title>
<title_without_series><![CDATA[999: Twenty-nine Original Tales of Horror and Suspense]]></title_without_series>
<link><![CDATA[https://www.goodreads.com/book/show/293098.999]]></link>
<small_image_url><![CDATA[https://s.gr-assets.com/assets/nophoto/book/50x75-a91bf249278a81aabab721ef782c4a74.png]]></small_image_url>
<image_url><![CDATA[https://s.gr-assets.com/assets/nophoto/book/111x148-bcc042a9c91a29c1d680899eff700a03.png]]></image_url>
<num_pages>688</num_pages>
<work>
<id>952773</id>
</work>
<isbn>0380805189</isbn>
<isbn13>9780380805181</isbn13>
<average_rating>3.86</average_rating>
<ratings_count>2701</ratings_count>
<publication_year>2001</publication_year>
<publication_month>10</publication_month>
<publication_day>1</publication_day>
<authors>
<author>
<id>26813</id>
<name>Al Sarrantonio</name>
<link><![CDATA[https://www.goodreads.com/author/show/26813.Al_Sarrantonio]]></link>
</author>
</authors>
</book>

  </similar_books>
</book>

</GoodreadsResponse>