<?xml version="1.0" encoding="UTF-8"?>
<GoodreadsResponse>
  <Request>
    <authentication>true</authentication>
      <key><![CDATA[all_men_must_serve]]></key>
    <method><![CDATA[book_show]]></method>
  </Request>
  <book>
  <id>10569</id>
  <title><![CDATA[On Writing: A Memoir of the Craft]]></title>
  <isbn><![CDATA[0743455967]]></isbn>
  <isbn13><![CDATA[9780743455961]]></isbn13>
  <asin><![CDATA[]]></asin>
  <kindle_asin><![CDATA[B003BVFZ4Q]]></kindle_asin>
  <marketplace_id><![CDATA[A1F83G8C2ARO7P]]></marketplace_id>
  <country_code><![CDATA[GB]]></country_code>
  <image_url>https://images.gr-assets.com/books/1436735207m/10569.jpg</image_url>
  <small_image_url>https://images.gr-assets.com/books/1436735207s/10569.jpg</small_image_url>
  <publication_year>2002</publication_year>
  <publication_month>7</publication_month>
  <publication_day></publication_day>
  <publisher>Pocket Books</publisher>
  <language_code>eng</language_code>
  <is_ebook>false</is_ebook>
  <description><![CDATA[“Long live the King” hailed <i>Entertainment Weekly</i> upon the publication of Stephen King's <i>On Writing.</i> Part memoir, part master class by one of the bestselling authors of all time, this superb volume is a revealing and practical view of the writer's craft, comprising the basic tools of the trade every writer must have. King's advice is grounded in his vivid memories from childhood through his emergence as a writer, from his struggling early career to his widely reported near-fatal accident in 1999—and how the inextricable link between writing and living spurred his recovery. Brilliantly structured, friendly and inspiring, <i>On Writing</i> will empower and entertain everyone who reads it—fans, writers, and anyone who loves a great story well told.]]></description>
  <work>
  <id type="integer">150292</id>
  <books_count type="integer">122</books_count>
  <best_book_id type="integer">10569</best_book_id>
  <reviews_count type="integer">276659</reviews_count>
  <ratings_sum type="integer">655283</ratings_sum>
  <ratings_count type="integer">152104</ratings_count>
  <text_reviews_count type="integer">11824</text_reviews_count>
  <original_publication_year type="integer">1999</original_publication_year>
  <original_publication_month type="integer">10</original_publication_month>
  <original_publication_day type="integer">3</original_publication_day>
  <original_title>On Writing: A Memoir of the Craft</original_title>
  <original_language_id type="integer" nil="true"/>
  <media_type>book</media_type>
  <rating_dist>5:76832|4:51535|3:18873|2:3500|1:1364|total:152104</rating_dist>
  <desc_user_id type="integer">4628840</desc_user_id>
  <default_chaptering_book_id type="integer" nil="true"/>
  <default_description_language_code nil="true"/>
</work>
  <average_rating>4.31</average_rating>
  <num_pages><![CDATA[320]]></num_pages>
  <format><![CDATA[Mass Market Paperback]]></format>
  <edition_information><![CDATA[US / CAN]]></edition_information>
  <ratings_count><![CDATA[131628]]></ratings_count>
  <text_reviews_count><![CDATA[8912]]></text_reviews_count>
  <url><![CDATA[https://www.goodreads.com/book/show/10569.On_Writing]]></url>
  <link><![CDATA[https://www.goodreads.com/book/show/10569.On_Writing]]></link>
  <authors>
<author>
<id>3389</id>
<name>Stephen King</name>
<role></role>
<image_url nophoto='false'>
<![CDATA[https://images.gr-assets.com/authors/1362814142p5/3389.jpg]]>
</image_url>
<small_image_url nophoto='false'>
<![CDATA[https://images.gr-assets.com/authors/1362814142p2/3389.jpg]]>
</small_image_url>
<link><![CDATA[https://www.goodreads.com/author/show/3389.Stephen_King]]></link>
<average_rating>4.01</average_rating>
<ratings_count>10357276</ratings_count>
<text_reviews_count>349176</text_reviews_count>
</author>
</authors>

    <reviews_widget>
      <![CDATA[
        <style>
  #goodreads-widget {
    font-family: georgia, serif;
    padding: 18px 0;
    width:565px;
  }
  #goodreads-widget h1 {
    font-weight:normal;
    font-size: 16px;
    border-bottom: 1px solid #BBB596;
    margin-bottom: 0;
  }
  #goodreads-widget a {
    text-decoration: none;
    color:#660;
  }
  iframe{
    background-color: #fff;
  }
  #goodreads-widget a:hover { text-decoration: underline; }
  #goodreads-widget a:active {
    color:#660;
  }
  #gr_footer {
    width: 100%;
    border-top: 1px solid #BBB596;
    text-align: right;
  }
  #goodreads-widget .gr_branding{
    color: #382110;
    font-size: 11px;
    text-decoration: none;
    font-family: "Helvetica Neue", Helvetica, Arial, sans-serif;
  }
</style>
<div id="goodreads-widget">
  <div id="gr_header"><h1><a rel="nofollow" href="https://www.goodreads.com/book/show/10569.On_Writing">On Writing Reviews</a></h1></div>
  <iframe id="the_iframe" src="https://www.goodreads.com/api/reviews_widget_iframe?did=DEVELOPER_ID&amp;format=html&amp;isbn=0743455967&amp;links=660&amp;min_rating=&amp;review_back=fff&amp;stars=000&amp;text=000" width="565" height="400" frameborder="0"></iframe>
  <div id="gr_footer">
    <a class="gr_branding" target="_blank" rel="nofollow" href="https://www.goodreads.com/book/show/10569.On_Writing?utm_medium=api&amp;utm_source=reviews_widget">Reviews from Goodreads.com</a>
  </div>
</div>

      ]]>
    </reviews_widget>
  <popular_shelves>
      <shelf name="to-read" count="101364"/>
      <shelf name="currently-reading" count="5668"/>
      <shelf name="non-fiction" count="4352"/>
      <shelf name="writing" count="3384"/>
      <shelf name="favorites" count="2170"/>
      <shelf name="nonfiction" count="1611"/>
      <shelf name="stephen-king" count="1069"/>
      <shelf name="memoir" count="944"/>
      <shelf name="biography" count="614"/>
      <shelf name="on-writing" count="601"/>
      <shelf name="owned" count="461"/>
      <shelf name="books-i-own" count="361"/>
      <shelf name="reference" count="263"/>
      <shelf name="memoirs" count="251"/>
      <shelf name="autobiography" count="202"/>
      <shelf name="writing-books" count="170"/>
      <shelf name="books-on-writing" count="164"/>
      <shelf name="favourites" count="163"/>
      <shelf name="king" count="156"/>
      <shelf name="biography-memoir" count="150"/>
      <shelf name="horror" count="143"/>
      <shelf name="audiobook" count="133"/>
      <shelf name="to-buy" count="130"/>
      <shelf name="audiobooks" count="126"/>
      <shelf name="creativity" count="120"/>
      <shelf name="owned-books" count="119"/>
      <shelf name="books-about-books" count="116"/>
      <shelf name="biographies" count="112"/>
      <shelf name="writing-craft" count="108"/>
      <shelf name="default" count="96"/>
      <shelf name="self-help" count="96"/>
      <shelf name="library" count="95"/>
      <shelf name="fiction" count="94"/>
      <shelf name="audio" count="89"/>
      <shelf name="kindle" count="87"/>
      <shelf name="read-in-2016" count="80"/>
      <shelf name="about-writing" count="77"/>
      <shelf name="how-to" count="77"/>
      <shelf name="books-about-writing" count="76"/>
      <shelf name="adult" count="74"/>
      <shelf name="favorite-books" count="72"/>
      <shelf name="ebook" count="68"/>
      <shelf name="non-fic" count="67"/>
      <shelf name="wish-list" count="67"/>
      <shelf name="language" count="67"/>
      <shelf name="american" count="67"/>
      <shelf name="craft" count="65"/>
      <shelf name="my-library" count="62"/>
      <shelf name="essays" count="62"/>
      <shelf name="my-books" count="61"/>
      <shelf name="school" count="58"/>
      <shelf name="all-time-favorites" count="57"/>
      <shelf name="read-in-2014" count="54"/>
      <shelf name="read-in-2015" count="53"/>
      <shelf name="writing-reference" count="51"/>
      <shelf name="creative-writing" count="50"/>
      <shelf name="to-read-non-fiction" count="50"/>
      <shelf name="own-it" count="50"/>
      <shelf name="re-read" count="49"/>
      <shelf name="literature" count="48"/>
      <shelf name="memoir-biography" count="48"/>
      <shelf name="i-own" count="47"/>
      <shelf name="audible" count="43"/>
      <shelf name="reviewed" count="43"/>
      <shelf name="read-in-2013" count="40"/>
      <shelf name="books" count="40"/>
      <shelf name="recommended" count="40"/>
      <shelf name="writing-advice" count="40"/>
      <shelf name="art" count="39"/>
      <shelf name="read-2016" count="38"/>
      <shelf name="audio-books" count="38"/>
      <shelf name="read-in-2017" count="37"/>
      <shelf name="other" count="37"/>
      <shelf name="reread" count="36"/>
      <shelf name="ebooks" count="36"/>
      <shelf name="self-improvement" count="36"/>
      <shelf name="english" count="36"/>
      <shelf name="audio-book" count="36"/>
      <shelf name="the-king" count="36"/>
      <shelf name="must-read" count="35"/>
      <shelf name="to-re-read" count="35"/>
      <shelf name="biography-autobiography" count="35"/>
      <shelf name="shelfari-favorites" count="34"/>
      <shelf name="favorite" count="34"/>
      <shelf name="bio" count="33"/>
      <shelf name="5-stars" count="33"/>
      <shelf name="contemporary" count="33"/>
      <shelf name="book-club" count="32"/>
      <shelf name="nonfic" count="32"/>
      <shelf name="education" count="32"/>
      <shelf name="writing-resources" count="31"/>
      <shelf name="how-to-write" count="31"/>
      <shelf name="unfinished" count="31"/>
      <shelf name="to-read-nonfiction" count="31"/>
      <shelf name="on-hold" count="31"/>
      <shelf name="personal-library" count="31"/>
      <shelf name="educational" count="31"/>
      <shelf name="e-books" count="30"/>
      <shelf name="research" count="30"/>
      <shelf name="abandoned" count="30"/>
  </popular_shelves>
  <book_links>
    <book_link>
  <id>8</id>
  <name>Libraries</name>
  <link>https://www.goodreads.com/book_link/follow/8</link>
</book_link>

  </book_links>
  <buy_links>
    <buy_link>
<id>1</id>
<name>Amazon</name>
<link>https://www.goodreads.com/book_link/follow/1</link>
</buy_link>
<buy_link>
<id>10</id>
<name>Audible</name>
<link>https://www.goodreads.com/book_link/follow/10</link>
</buy_link>
<buy_link>
<id>3</id>
<name>Barnes &amp; Noble</name>
<link>https://www.goodreads.com/book_link/follow/3</link>
</buy_link>
<buy_link>
<id>1027</id>
<name>Kobo</name>
<link>https://www.goodreads.com/book_link/follow/1027</link>
</buy_link>
<buy_link>
<id>2102</id>
<name>Apple iBooks</name>
<link>https://www.goodreads.com/book_link/follow/2102</link>
</buy_link>
<buy_link>
<id>8036</id>
<name>Google Play</name>
<link>https://www.goodreads.com/book_link/follow/8036</link>
</buy_link>
<buy_link>
<id>4</id>
<name>Abebooks</name>
<link>https://www.goodreads.com/book_link/follow/4</link>
</buy_link>
<buy_link>
<id>882</id>
<name>Book Depository</name>
<link>https://www.goodreads.com/book_link/follow/882</link>
</buy_link>
<buy_link>
<id>9</id>
<name>Indigo</name>
<link>https://www.goodreads.com/book_link/follow/9</link>
</buy_link>
<buy_link>
<id>2</id>
<name>Half.com</name>
<link>https://www.goodreads.com/book_link/follow/2</link>
</buy_link>
<buy_link>
<id>5</id>
<name>Alibris</name>
<link>https://www.goodreads.com/book_link/follow/5</link>
</buy_link>
<buy_link>
<id>107</id>
<name>Better World Books</name>
<link>https://www.goodreads.com/book_link/follow/107</link>
</buy_link>
<buy_link>
<id>7</id>
<name>IndieBound</name>
<link>https://www.goodreads.com/book_link/follow/7</link>
</buy_link>

  </buy_links>
  <series_works>
    
  </series_works>
  <similar_books>
          <book>
<id>151532</id>
<title>Writing the Breakout Novel</title>
<title_without_series>Writing the Breakout Novel</title_without_series>
<link><![CDATA[https://www.goodreads.com/book/show/151532.Writing_the_Breakout_Novel]]></link>
<small_image_url><![CDATA[https://images.gr-assets.com/books/1408308438s/151532.jpg]]></small_image_url>
<image_url><![CDATA[https://images.gr-assets.com/books/1408308438m/151532.jpg]]></image_url>
<num_pages>264</num_pages>
<work>
<id>2015709</id>
</work>
<isbn>158297182X</isbn>
<isbn13>9781582971827</isbn13>
<average_rating>4.07</average_rating>
<ratings_count>3027</ratings_count>
<publication_year>2002</publication_year>
<publication_month>8</publication_month>
<publication_day>15</publication_day>
<authors>
<author>
<id>87532</id>
<name>Donald Maass</name>
<link><![CDATA[https://www.goodreads.com/author/show/87532.Donald_Maass]]></link>
</author>
</authors>
</book>

          <book>
<id>2319168</id>
<title><![CDATA[Revision & Self-Editing: Techniques for Transforming Your First Draft Into a Finished Novel]]></title>
<title_without_series><![CDATA[Revision & Self-Editing: Techniques for Transforming Your First Draft Into a Finished Novel]]></title_without_series>
<link><![CDATA[https://www.goodreads.com/book/show/2319168.Revision_Self_Editing]]></link>
<small_image_url><![CDATA[https://images.gr-assets.com/books/1323968068s/2319168.jpg]]></small_image_url>
<image_url><![CDATA[https://images.gr-assets.com/books/1323968068m/2319168.jpg]]></image_url>
<num_pages>266</num_pages>
<work>
<id>2325688</id>
</work>
<isbn>1582975086</isbn>
<isbn13>9781582975085</isbn13>
<average_rating>4.17</average_rating>
<ratings_count>1235</ratings_count>
<publication_year>2008</publication_year>
<publication_month>5</publication_month>
<publication_day>5</publication_day>
<authors>
<author>
<id>11957</id>
<name>James Scott Bell</name>
<link><![CDATA[https://www.goodreads.com/author/show/11957.James_Scott_Bell]]></link>
</author>
</authors>
</book>

          <book>
<id>263288</id>
<title><![CDATA[The 3 A.M. Epiphany: Uncommon Writing Exercises That Transform Your Fiction]]></title>
<title_without_series><![CDATA[The 3 A.M. Epiphany: Uncommon Writing Exercises That Transform Your Fiction]]></title_without_series>
<link><![CDATA[https://www.goodreads.com/book/show/263288.The_3_A_M_Epiphany]]></link>
<small_image_url><![CDATA[https://images.gr-assets.com/books/1408308742s/263288.jpg]]></small_image_url>
<image_url><![CDATA[https://images.gr-assets.com/books/1408308742m/263288.jpg]]></image_url>
<num_pages></num_pages>
<work>
<id>255224</id>
</work>
<isbn>1582973512</isbn>
<isbn13>9781582973517</isbn13>
<average_rating>4.05</average_rating>
<ratings_count>843</ratings_count>
<publication_year></publication_year>
<publication_month></publication_month>
<publication_day></publication_day>
<authors>
<author>
<id>153797</id>
<name>Brian Kiteley</name>
<link><![CDATA[https://www.goodreads.com/author/show/153797.Brian_Kiteley]]></link>
</author>
</authors>
</book>

          <book>
<id>68317</id>
<title><![CDATA[Beginnings, Middles & Ends (Elements of Fiction Writing)]]></title>
<title_without_series>Beginnings, Middles &amp; Ends</title_without_series>
<link><![CDATA[https://www.goodreads.com/book/show/68317.Beginnings_Middles_Ends]]></link>
<small_image_url><![CDATA[https://images.gr-assets.com/books/1408313130s/68317.jpg]]></small_image_url>
<image_url><![CDATA[https://images.gr-assets.com/books/1408313130m/68317.jpg]]></image_url>
<num_pages>149</num_pages>
<work>
<id>66218</id>
</work>
<isbn></isbn>
<isbn13>9780898799057</isbn13>
<average_rating>3.94</average_rating>
<ratings_count>1813</ratings_count>
<publication_year>1999</publication_year>
<publication_month>3</publication_month>
<publication_day>15</publication_day>
<authors>
<author>
<id>21158</id>
<name>Nancy Kress</name>
<link><![CDATA[https://www.goodreads.com/author/show/21158.Nancy_Kress]]></link>
</author>
</authors>
</book>

          <book>
<id>190209</id>
<title><![CDATA[Scene and Structure (Elements of Fiction Writing)]]></title>
<title_without_series>Scene and Structure</title_without_series>
<link><![CDATA[https://www.goodreads.com/book/show/190209.Scene_and_Structure]]></link>
<small_image_url><![CDATA[https://images.gr-assets.com/books/1408309894s/190209.jpg]]></small_image_url>
<image_url><![CDATA[https://images.gr-assets.com/books/1408309894m/190209.jpg]]></image_url>
<num_pages>168</num_pages>
<work>
<id>183886</id>
</work>
<isbn>0898799066</isbn>
<isbn13>9780898799064</isbn13>
<average_rating>4.07</average_rating>
<ratings_count>1084</ratings_count>
<publication_year>1999</publication_year>
<publication_month>3</publication_month>
<publication_day>15</publication_day>
<authors>
<author>
<id>48460</id>
<name>Jack M. Bickham</name>
<link><![CDATA[https://www.goodreads.com/author/show/48460.Jack_M_Bickham]]></link>
</author>
</authors>
</book>

          <book>
<id>7963</id>
<title><![CDATA[Characters and Viewpoint (Elements of Fiction Writing)]]></title>
<title_without_series>Characters and Viewpoint</title_without_series>
<link><![CDATA[https://www.goodreads.com/book/show/7963.Characters_and_Viewpoint]]></link>
<small_image_url><![CDATA[https://s.gr-assets.com/assets/nophoto/book/50x75-a91bf249278a81aabab721ef782c4a74.png]]></small_image_url>
<image_url><![CDATA[https://s.gr-assets.com/assets/nophoto/book/111x148-bcc042a9c91a29c1d680899eff700a03.png]]></image_url>
<num_pages>182</num_pages>
<work>
<id>10967</id>
</work>
<isbn></isbn>
<isbn13>9780898799279</isbn13>
<average_rating>4.06</average_rating>
<ratings_count>3553</ratings_count>
<publication_year>1999</publication_year>
<publication_month>3</publication_month>
<publication_day>15</publication_day>
<authors>
<author>
<id>589</id>
<name>Orson Scott Card</name>
<link><![CDATA[https://www.goodreads.com/author/show/589.Orson_Scott_Card]]></link>
</author>
</authors>
</book>

          <book>
<id>180467</id>
<title><![CDATA[Self-Editing for Fiction Writers: How to Edit Yourself Into Print]]></title>
<title_without_series><![CDATA[Self-Editing for Fiction Writers: How to Edit Yourself Into Print]]></title_without_series>
<link><![CDATA[https://www.goodreads.com/book/show/180467.Self_Editing_for_Fiction_Writers]]></link>
<small_image_url><![CDATA[https://images.gr-assets.com/books/1356023889s/180467.jpg]]></small_image_url>
<image_url><![CDATA[https://images.gr-assets.com/books/1356023889m/180467.jpg]]></image_url>
<num_pages>288</num_pages>
<work>
<id>1283228</id>
</work>
<isbn>0060545690</isbn>
<isbn13>9780060545697</isbn13>
<average_rating>4.20</average_rating>
<ratings_count>4533</ratings_count>
<publication_year>2004</publication_year>
<publication_month>4</publication_month>
<publication_day>13</publication_day>
<authors>
<author>
<id>105227</id>
<name>Renni Browne</name>
<link><![CDATA[https://www.goodreads.com/author/show/105227.Renni_Browne]]></link>
</author>
</authors>
</book>

          <book>
<id>836264</id>
<title>The Forest for the Trees</title>
<title_without_series>The Forest for the Trees</title_without_series>
<link><![CDATA[https://www.goodreads.com/book/show/836264.The_Forest_for_the_Trees]]></link>
<small_image_url><![CDATA[https://s.gr-assets.com/assets/nophoto/book/50x75-a91bf249278a81aabab721ef782c4a74.png]]></small_image_url>
<image_url><![CDATA[https://s.gr-assets.com/assets/nophoto/book/111x148-bcc042a9c91a29c1d680899eff700a03.png]]></image_url>
<num_pages></num_pages>
<work>
<id>83227</id>
</work>
<isbn>1573228575</isbn>
<isbn13>9781573228572</isbn13>
<average_rating>3.94</average_rating>
<ratings_count>2368</ratings_count>
<publication_year></publication_year>
<publication_month></publication_month>
<publication_day></publication_day>
<authors>
<author>
<id>49349</id>
<name>Betsy Lerner</name>
<link><![CDATA[https://www.goodreads.com/author/show/49349.Betsy_Lerner]]></link>
</author>
</authors>
</book>

          <book>
<id>186004</id>
<title><![CDATA[Stein On Writing: A Master Editor of Some of the Most Successful Writers of Our Century Shares His Craft Techniques and Strategies]]></title>
<title_without_series><![CDATA[Stein On Writing: A Master Editor of Some of the Most Successful Writers of Our Century Shares His Craft Techniques and Strategies]]></title_without_series>
<link><![CDATA[https://www.goodreads.com/book/show/186004.Stein_On_Writing]]></link>
<small_image_url><![CDATA[https://s.gr-assets.com/assets/nophoto/book/50x75-a91bf249278a81aabab721ef782c4a74.png]]></small_image_url>
<image_url><![CDATA[https://s.gr-assets.com/assets/nophoto/book/111x148-bcc042a9c91a29c1d680899eff700a03.png]]></image_url>
<num_pages></num_pages>
<work>
<id>179798</id>
</work>
<isbn>0312254210</isbn>
<isbn13>9780312254216</isbn13>
<average_rating>4.21</average_rating>
<ratings_count>2708</ratings_count>
<publication_year></publication_year>
<publication_month></publication_month>
<publication_day></publication_day>
<authors>
<author>
<id>74891</id>
<name>Sol Stein</name>
<link><![CDATA[https://www.goodreads.com/author/show/74891.Sol_Stein]]></link>
</author>
</authors>
</book>

          <book>
<id>116685</id>
<title><![CDATA[Write Away: One Novelist's Approach to Fiction and the Writing Life]]></title>
<title_without_series><![CDATA[Write Away: One Novelist's Approach to Fiction and the Writing Life]]></title_without_series>
<link><![CDATA[https://www.goodreads.com/book/show/116685.Write_Away]]></link>
<small_image_url><![CDATA[https://s.gr-assets.com/assets/nophoto/book/50x75-a91bf249278a81aabab721ef782c4a74.png]]></small_image_url>
<image_url><![CDATA[https://s.gr-assets.com/assets/nophoto/book/111x148-bcc042a9c91a29c1d680899eff700a03.png]]></image_url>
<num_pages></num_pages>
<work>
<id>1848913</id>
</work>
<isbn>0060560444</isbn>
<isbn13>9780060560447</isbn13>
<average_rating>3.90</average_rating>
<ratings_count>974</ratings_count>
<publication_year></publication_year>
<publication_month></publication_month>
<publication_day></publication_day>
<authors>
<author>
<id>1402383</id>
<name>Elizabeth  George</name>
<link><![CDATA[https://www.goodreads.com/author/show/1402383.Elizabeth_George]]></link>
</author>
</authors>
</book>

          <book>
<id>68024</id>
<title><![CDATA[Steering the Craft: Exercises and Discussions on Story Writing for the Lone Navigator or the Mutinous Crew]]></title>
<title_without_series><![CDATA[Steering the Craft: Exercises and Discussions on Story Writing for the Lone Navigator or the Mutinous Crew]]></title_without_series>
<link><![CDATA[https://www.goodreads.com/book/show/68024.Steering_the_Craft]]></link>
<small_image_url><![CDATA[https://s.gr-assets.com/assets/nophoto/book/50x75-a91bf249278a81aabab721ef782c4a74.png]]></small_image_url>
<image_url><![CDATA[https://s.gr-assets.com/assets/nophoto/book/111x148-bcc042a9c91a29c1d680899eff700a03.png]]></image_url>
<num_pages>180</num_pages>
<work>
<id>717892</id>
</work>
<isbn>0933377460</isbn>
<isbn13>9780933377462</isbn13>
<average_rating>4.11</average_rating>
<ratings_count>2056</ratings_count>
<publication_year>1998</publication_year>
<publication_month>4</publication_month>
<publication_day>1</publication_day>
<authors>
<author>
<id>874602</id>
<name>Ursula K. Le Guin</name>
<link><![CDATA[https://www.goodreads.com/author/show/874602.Ursula_K_Le_Guin]]></link>
</author>
</authors>
</book>

          <book>
<id>2360064</id>
<title><![CDATA[How Not to Write a Novel: 200 Classic Mistakes and How to Avoid Them—A Misstep-by-Misstep Guide]]></title>
<title_without_series><![CDATA[How Not to Write a Novel: 200 Classic Mistakes and How to Avoid Them—A Misstep-by-Misstep Guide]]></title_without_series>
<link><![CDATA[https://www.goodreads.com/book/show/2360064.How_Not_to_Write_a_Novel]]></link>
<small_image_url><![CDATA[https://images.gr-assets.com/books/1332803117s/2360064.jpg]]></small_image_url>
<image_url><![CDATA[https://images.gr-assets.com/books/1332803117m/2360064.jpg]]></image_url>
<num_pages>262</num_pages>
<work>
<id>2366831</id>
</work>
<isbn>0061357952</isbn>
<isbn13>9780061357954</isbn13>
<average_rating>4.02</average_rating>
<ratings_count>2512</ratings_count>
<publication_year>2008</publication_year>
<publication_month>4</publication_month>
<publication_day>1</publication_day>
<authors>
<author>
<id>195174</id>
<name>Howard Mittelmark</name>
<link><![CDATA[https://www.goodreads.com/author/show/195174.Howard_Mittelmark]]></link>
</author>
</authors>
</book>

          <book>
<id>263254</id>
<title><![CDATA[The First Five Pages: A Writer's Guide To Staying Out of the Rejection Pile]]></title>
<title_without_series><![CDATA[The First Five Pages: A Writer's Guide To Staying Out of the Rejection Pile]]></title_without_series>
<link><![CDATA[https://www.goodreads.com/book/show/263254.The_First_Five_Pages]]></link>
<small_image_url><![CDATA[https://s.gr-assets.com/assets/nophoto/book/50x75-a91bf249278a81aabab721ef782c4a74.png]]></small_image_url>
<image_url><![CDATA[https://s.gr-assets.com/assets/nophoto/book/111x148-bcc042a9c91a29c1d680899eff700a03.png]]></image_url>
<num_pages></num_pages>
<work>
<id>255192</id>
</work>
<isbn>068485743X</isbn>
<isbn13>9780684857435</isbn13>
<average_rating>3.97</average_rating>
<ratings_count>2657</ratings_count>
<publication_year></publication_year>
<publication_month></publication_month>
<publication_day></publication_day>
<authors>
<author>
<id>66476</id>
<name>Noah Lukeman</name>
<link><![CDATA[https://www.goodreads.com/author/show/66476.Noah_Lukeman]]></link>
</author>
</authors>
</book>

          <book>
<id>114817</id>
<title><![CDATA[No Plot? No Problem!: A Low-Stress, High-Velocity Guide to Writing a Novel in 30 Days]]></title>
<title_without_series><![CDATA[No Plot? No Problem!: A Low-Stress, High-Velocity Guide to Writing a Novel in 30 Days]]></title_without_series>
<link><![CDATA[https://www.goodreads.com/book/show/114817.No_Plot_No_Problem_]]></link>
<small_image_url><![CDATA[https://s.gr-assets.com/assets/nophoto/book/50x75-a91bf249278a81aabab721ef782c4a74.png]]></small_image_url>
<image_url><![CDATA[https://s.gr-assets.com/assets/nophoto/book/111x148-bcc042a9c91a29c1d680899eff700a03.png]]></image_url>
<num_pages></num_pages>
<work>
<id>110559</id>
</work>
<isbn>0811845052</isbn>
<isbn13>9780811845052</isbn13>
<average_rating>3.84</average_rating>
<ratings_count>5544</ratings_count>
<publication_year></publication_year>
<publication_month></publication_month>
<publication_day></publication_day>
<authors>
<author>
<id>66471</id>
<name>Chris Baty</name>
<link><![CDATA[https://www.goodreads.com/author/show/66471.Chris_Baty]]></link>
</author>
</authors>
</book>

          <book>
<id>381443</id>
<title><![CDATA[Page After Page: Discover the Confidence & Passion You Need to Start Writing & Keep Writing (No Matter What!)]]></title>
<title_without_series><![CDATA[Page After Page: Discover the Confidence & Passion You Need to Start Writing & Keep Writing]]></title_without_series>
<link><![CDATA[https://www.goodreads.com/book/show/381443.Page_After_Page]]></link>
<small_image_url><![CDATA[https://s.gr-assets.com/assets/nophoto/book/50x75-a91bf249278a81aabab721ef782c4a74.png]]></small_image_url>
<image_url><![CDATA[https://s.gr-assets.com/assets/nophoto/book/111x148-bcc042a9c91a29c1d680899eff700a03.png]]></image_url>
<num_pages>228</num_pages>
<work>
<id>371229</id>
</work>
<isbn>1582973121</isbn>
<isbn13>9781582973128</isbn13>
<average_rating>4.06</average_rating>
<ratings_count>532</ratings_count>
<publication_year>2004</publication_year>
<publication_month>11</publication_month>
<publication_day>15</publication_day>
<authors>
<author>
<id>217205</id>
<name>Heather Sellers</name>
<link><![CDATA[https://www.goodreads.com/author/show/217205.Heather_Sellers]]></link>
</author>
</authors>
</book>

          <book>
<id>173302</id>
<title><![CDATA[The Writer's Journey: Mythic Structure for Writers]]></title>
<title_without_series><![CDATA[The Writer's Journey: Mythic Structure for Writers]]></title_without_series>
<link><![CDATA[https://www.goodreads.com/book/show/173302.The_Writer_s_Journey]]></link>
<small_image_url><![CDATA[https://s.gr-assets.com/assets/nophoto/book/50x75-a91bf249278a81aabab721ef782c4a74.png]]></small_image_url>
<image_url><![CDATA[https://s.gr-assets.com/assets/nophoto/book/111x148-bcc042a9c91a29c1d680899eff700a03.png]]></image_url>
<num_pages>326</num_pages>
<work>
<id>167385</id>
</work>
<isbn>0941188701</isbn>
<isbn13>9780941188708</isbn13>
<average_rating>4.10</average_rating>
<ratings_count>5807</ratings_count>
<publication_year>1998</publication_year>
<publication_month>11</publication_month>
<publication_day>1</publication_day>
<authors>
<author>
<id>101089</id>
<name>Christopher Vogler</name>
<link><![CDATA[https://www.goodreads.com/author/show/101089.Christopher_Vogler]]></link>
</author>
</authors>
</book>

          <book>
<id>103761</id>
<title>Zen in the Art of Writing</title>
<title_without_series>Zen in the Art of Writing</title_without_series>
<link><![CDATA[https://www.goodreads.com/book/show/103761.Zen_in_the_Art_of_Writing]]></link>
<small_image_url><![CDATA[https://images.gr-assets.com/books/1436734917s/103761.jpg]]></small_image_url>
<image_url><![CDATA[https://images.gr-assets.com/books/1436734917m/103761.jpg]]></image_url>
<num_pages>158</num_pages>
<work>
<id>2183601</id>
</work>
<isbn>0553296345</isbn>
<isbn13>9780553296341</isbn13>
<average_rating>4.12</average_rating>
<ratings_count>10078</ratings_count>
<publication_year>1992</publication_year>
<publication_month>3</publication_month>
<publication_day>1</publication_day>
<authors>
<author>
<id>1630</id>
<name>Ray Bradbury</name>
<link><![CDATA[https://www.goodreads.com/author/show/1630.Ray_Bradbury]]></link>
</author>
</authors>
</book>

          <book>
<id>9282386</id>
<title><![CDATA[The Complete Handbook Of Novel Writing: Everything You Need To Know About Creating & Selling Your Work (Writers Digest)]]></title>
<title_without_series><![CDATA[The Complete Handbook Of Novel Writing: Everything You Need To Know About Creating & Selling Your Work]]></title_without_series>
<link><![CDATA[https://www.goodreads.com/book/show/9282386-the-complete-handbook-of-novel-writing]]></link>
<small_image_url><![CDATA[https://s.gr-assets.com/assets/nophoto/book/50x75-a91bf249278a81aabab721ef782c4a74.png]]></small_image_url>
<image_url><![CDATA[https://s.gr-assets.com/assets/nophoto/book/111x148-bcc042a9c91a29c1d680899eff700a03.png]]></image_url>
<num_pages>528</num_pages>
<work>
<id>14164578</id>
</work>
<isbn></isbn>
<isbn13></isbn13>
<average_rating>3.92</average_rating>
<ratings_count>653</ratings_count>
<publication_year></publication_year>
<publication_month></publication_month>
<publication_day></publication_day>
<authors>
<author>
<id>16726844</id>
<name>Editors of Writer&apos;s Digest</name>
<link><![CDATA[https://www.goodreads.com/author/show/16726844.Editors_of_Writer_s_Digest]]></link>
</author>
</authors>
</book>

  </similar_books>
</book>

</GoodreadsResponse>