<?xml version="1.0" encoding="UTF-8"?>
<GoodreadsResponse>
  <Request>
    <authentication>true</authentication>
      <key><![CDATA[all_men_must_serve]]></key>
    <method><![CDATA[book_show]]></method>
  </Request>
  <book>
  <id>105703</id>
  <title>Pride of Baghdad</title>
  <isbn><![CDATA[1401203140]]></isbn>
  <isbn13><![CDATA[9781401203146]]></isbn13>
  <asin><![CDATA[]]></asin>
  <kindle_asin><![CDATA[B00JRILLFO]]></kindle_asin>
  <marketplace_id><![CDATA[A1F83G8C2ARO7P]]></marketplace_id>
  <country_code><![CDATA[GB]]></country_code>
  <image_url>https://s.gr-assets.com/assets/nophoto/book/111x148-bcc042a9c91a29c1d680899eff700a03.png</image_url>
  <small_image_url>https://s.gr-assets.com/assets/nophoto/book/50x75-a91bf249278a81aabab721ef782c4a74.png</small_image_url>
  <publication_year>2006</publication_year>
  <publication_month>9</publication_month>
  <publication_day>13</publication_day>
  <publisher>Vertigo</publisher>
  <language_code>eng</language_code>
  <is_ebook>false</is_ebook>
  <description><![CDATA[From one of America’s most critically acclaimed graphic novel writers – inspired by true events, a startlingly original look at life on the streets of Baghdad during the Iraq War. <p>In his award-winning work on Y THE LAST MAN and EX MACHINA (one of Entertainment Weekly’s 2005 Ten Best Fiction titles), writer Brian K. Vaughan has displayed an understanding of both the cost of survival and the political nuances of the modern world. Now, in this provocative graphic novel, Vaughan examines life on the streets of war-torn Iraq. </p><p>In the spring of 2003, a pride of lions escaped from the Baghdad zoo during an American bombing raid. Lost and confused, hungry but finally free, the four lions roamed the decimated streets of Baghdad in a desperate struggle for their lives. In documenting the plight of the lions, PRIDE OF BAGHDAD raises questions about the true meaning of liberation – can it be given or is it earned only through self-determination and sacrifice? And in the end, is it truly better to die free than to live life in captivity? </p><p>Based on a true story, VAUGHAN and artist NIKO HENRICHON (Barnum!) have created a unique and heartbreaking window into the nature of life during wartime, illuminating this struggle as only the graphic novel can.</p>]]></description>
  <work>
  <id type="integer">939995</id>
  <books_count type="integer">20</books_count>
  <best_book_id type="integer">105703</best_book_id>
  <reviews_count type="integer">28634</reviews_count>
  <ratings_sum type="integer">70499</ratings_sum>
  <ratings_count type="integer">18156</ratings_count>
  <text_reviews_count type="integer">1291</text_reviews_count>
  <original_publication_year type="integer">2006</original_publication_year>
  <original_publication_month type="integer">9</original_publication_month>
  <original_publication_day type="integer">13</original_publication_day>
  <original_title>Pride of Baghdad</original_title>
  <original_language_id type="integer" nil="true"/>
  <media_type>book</media_type>
  <rating_dist>5:5875|4:6353|3:4272|2:1240|1:416|total:18156</rating_dist>
  <desc_user_id type="integer">3373829</desc_user_id>
  <default_chaptering_book_id type="integer" nil="true"/>
  <default_description_language_code nil="true"/>
</work>
  <average_rating>3.88</average_rating>
  <num_pages><![CDATA[136]]></num_pages>
  <format><![CDATA[Hardcover]]></format>
  <edition_information><![CDATA[]]></edition_information>
  <ratings_count><![CDATA[17213]]></ratings_count>
  <text_reviews_count><![CDATA[1147]]></text_reviews_count>
  <url><![CDATA[https://www.goodreads.com/book/show/105703.Pride_of_Baghdad]]></url>
  <link><![CDATA[https://www.goodreads.com/book/show/105703.Pride_of_Baghdad]]></link>
  <authors>
<author>
<id>24514</id>
<name>Brian K. Vaughan</name>
<role></role>
<image_url nophoto='false'>
<![CDATA[https://images.gr-assets.com/authors/1204664235p5/24514.jpg]]>
</image_url>
<small_image_url nophoto='false'>
<![CDATA[https://images.gr-assets.com/authors/1204664235p2/24514.jpg]]>
</small_image_url>
<link><![CDATA[https://www.goodreads.com/author/show/24514.Brian_K_Vaughan]]></link>
<average_rating>4.25</average_rating>
<ratings_count>984442</ratings_count>
<text_reviews_count>52578</text_reviews_count>
</author>
<author>
<id>61216</id>
<name>Niko Henrichon</name>
<role>Illustrator</role>
<image_url nophoto='true'>
<![CDATA[https://s.gr-assets.com/assets/nophoto/user/u_200x266-e183445fd1a1b5cc7075bb1cf7043306.png]]>
</image_url>
<small_image_url nophoto='true'>
<![CDATA[https://s.gr-assets.com/assets/nophoto/user/u_50x66-632230dc9882b4352d753eedf9396530.png]]>
</small_image_url>
<link><![CDATA[https://www.goodreads.com/author/show/61216.Niko_Henrichon]]></link>
<average_rating>3.99</average_rating>
<ratings_count>35488</ratings_count>
<text_reviews_count>2493</text_reviews_count>
</author>
</authors>

    <reviews_widget>
      <![CDATA[
        <style>
  #goodreads-widget {
    font-family: georgia, serif;
    padding: 18px 0;
    width:565px;
  }
  #goodreads-widget h1 {
    font-weight:normal;
    font-size: 16px;
    border-bottom: 1px solid #BBB596;
    margin-bottom: 0;
  }
  #goodreads-widget a {
    text-decoration: none;
    color:#660;
  }
  iframe{
    background-color: #fff;
  }
  #goodreads-widget a:hover { text-decoration: underline; }
  #goodreads-widget a:active {
    color:#660;
  }
  #gr_footer {
    width: 100%;
    border-top: 1px solid #BBB596;
    text-align: right;
  }
  #goodreads-widget .gr_branding{
    color: #382110;
    font-size: 11px;
    text-decoration: none;
    font-family: "Helvetica Neue", Helvetica, Arial, sans-serif;
  }
</style>
<div id="goodreads-widget">
  <div id="gr_header"><h1><a rel="nofollow" href="https://www.goodreads.com/book/show/105703.Pride_of_Baghdad">Pride of Baghdad Reviews</a></h1></div>
  <iframe id="the_iframe" src="https://www.goodreads.com/api/reviews_widget_iframe?did=DEVELOPER_ID&amp;format=html&amp;isbn=1401203140&amp;links=660&amp;min_rating=&amp;review_back=fff&amp;stars=000&amp;text=000" width="565" height="400" frameborder="0"></iframe>
  <div id="gr_footer">
    <a class="gr_branding" target="_blank" rel="nofollow" href="https://www.goodreads.com/book/show/105703.Pride_of_Baghdad?utm_medium=api&amp;utm_source=reviews_widget">Reviews from Goodreads.com</a>
  </div>
</div>

      ]]>
    </reviews_widget>
  <popular_shelves>
      <shelf name="to-read" count="9209"/>
      <shelf name="graphic-novels" count="1229"/>
      <shelf name="graphic-novel" count="472"/>
      <shelf name="cómics" count="410"/>
      <shelf name="comics" count="409"/>
      <shelf name="fiction" count="162"/>
      <shelf name="favorites" count="107"/>
      <shelf name="war" count="101"/>
      <shelf name="animals" count="93"/>
      <shelf name="comics-graphic-novels" count="81"/>
      <shelf name="historical-fiction" count="74"/>
      <shelf name="graphic" count="74"/>
      <shelf name="graphic-novels-comics" count="64"/>
      <shelf name="comic" count="60"/>
      <shelf name="comic-books" count="59"/>
      <shelf name="comics-and-graphic-novels" count="57"/>
      <shelf name="fantasy" count="56"/>
      <shelf name="owned" count="54"/>
      <shelf name="vertigo" count="53"/>
      <shelf name="currently-reading" count="44"/>
      <shelf name="library" count="37"/>
      <shelf name="graphicnovels" count="36"/>
      <shelf name="graphic-novels-and-comics" count="32"/>
      <shelf name="young-adult" count="29"/>
      <shelf name="adult" count="26"/>
      <shelf name="comix" count="26"/>
      <shelf name="middle-east" count="25"/>
      <shelf name="books-i-own" count="24"/>
      <shelf name="non-fiction" count="21"/>
      <shelf name="iraq" count="20"/>
      <shelf name="borrowed" count="19"/>
      <shelf name="historical" count="18"/>
      <shelf name="comics-read" count="18"/>
      <shelf name="read-comics" count="17"/>
      <shelf name="history" count="16"/>
      <shelf name="comic-book" count="16"/>
      <shelf name="ya" count="15"/>
      <shelf name="read-in-2016" count="14"/>
      <shelf name="comic-graphic-novel" count="13"/>
      <shelf name="sequential-art" count="13"/>
      <shelf name="graphicnovel" count="12"/>
      <shelf name="default" count="11"/>
      <shelf name="comics-manga" count="11"/>
      <shelf name="read-in-2015" count="10"/>
      <shelf name="nonfiction" count="10"/>
      <shelf name="adult-fiction" count="10"/>
      <shelf name="library-book" count="10"/>
      <shelf name="ya-fiction" count="10"/>
      <shelf name="adventure" count="10"/>
      <shelf name="read-2015" count="9"/>
      <shelf name="read-in-2014" count="9"/>
      <shelf name="brian-k-vaughan" count="9"/>
      <shelf name="favourites" count="9"/>
      <shelf name="american" count="9"/>
      <shelf name="dc-comics" count="9"/>
      <shelf name="graphic-novels-manga" count="9"/>
      <shelf name="to-buy" count="9"/>
      <shelf name="to-read-comics" count="8"/>
      <shelf name="read-in-2013" count="8"/>
      <shelf name="manga-graphic-novels" count="8"/>
      <shelf name="my-library" count="8"/>
      <shelf name="graphic_novel" count="8"/>
      <shelf name="politics" count="8"/>
      <shelf name="comics-to-read" count="7"/>
      <shelf name="to-read-graphic-novels" count="7"/>
      <shelf name="dc" count="7"/>
      <shelf name="read-in-2011" count="7"/>
      <shelf name="9th-grade" count="7"/>
      <shelf name="illustrated" count="7"/>
      <shelf name="animal-stories" count="7"/>
      <shelf name="gn" count="7"/>
      <shelf name="2006" count="7"/>
      <shelf name="teen" count="7"/>
      <shelf name="dc-vertigo" count="7"/>
      <shelf name="drama" count="6"/>
      <shelf name="ebook" count="6"/>
      <shelf name="read-in-2012" count="6"/>
      <shelf name="bd" count="6"/>
      <shelf name="graphic-novel-comic" count="6"/>
      <shelf name="contemporary" count="6"/>
      <shelf name="2000s" count="6"/>
      <shelf name="lions" count="6"/>
      <shelf name="violence" count="6"/>
      <shelf name="cats" count="6"/>
      <shelf name="anthropomorphic" count="6"/>
      <shelf name="graphic-novels-read" count="6"/>
      <shelf name="graphics" count="6"/>
      <shelf name="novel" count="6"/>
      <shelf name="4-and-5-star-books" count="5"/>
      <shelf name="read-2016" count="5"/>
      <shelf name="animal-fiction" count="5"/>
      <shelf name="owned-books" count="5"/>
      <shelf name="quadrinhos" count="5"/>
      <shelf name="read-for-school" count="5"/>
      <shelf name="graphic-novels-comics-manga" count="5"/>
      <shelf name="owned-comics" count="5"/>
      <shelf name="library-books" count="5"/>
      <shelf name="adult-books" count="5"/>
      <shelf name="graphic-novels-comic-books" count="5"/>
      <shelf name="21st-century" count="5"/>
  </popular_shelves>
  <book_links>
    <book_link>
  <id>8</id>
  <name>Libraries</name>
  <link>https://www.goodreads.com/book_link/follow/8</link>
</book_link>

  </book_links>
  <buy_links>
    <buy_link>
<id>1</id>
<name>Amazon</name>
<link>https://www.goodreads.com/book_link/follow/1</link>
</buy_link>
<buy_link>
<id>10</id>
<name>Audible</name>
<link>https://www.goodreads.com/book_link/follow/10</link>
</buy_link>
<buy_link>
<id>3</id>
<name>Barnes &amp; Noble</name>
<link>https://www.goodreads.com/book_link/follow/3</link>
</buy_link>
<buy_link>
<id>1027</id>
<name>Kobo</name>
<link>https://www.goodreads.com/book_link/follow/1027</link>
</buy_link>
<buy_link>
<id>2102</id>
<name>Apple iBooks</name>
<link>https://www.goodreads.com/book_link/follow/2102</link>
</buy_link>
<buy_link>
<id>8036</id>
<name>Google Play</name>
<link>https://www.goodreads.com/book_link/follow/8036</link>
</buy_link>
<buy_link>
<id>4</id>
<name>Abebooks</name>
<link>https://www.goodreads.com/book_link/follow/4</link>
</buy_link>
<buy_link>
<id>882</id>
<name>Book Depository</name>
<link>https://www.goodreads.com/book_link/follow/882</link>
</buy_link>
<buy_link>
<id>9</id>
<name>Indigo</name>
<link>https://www.goodreads.com/book_link/follow/9</link>
</buy_link>
<buy_link>
<id>2</id>
<name>Half.com</name>
<link>https://www.goodreads.com/book_link/follow/2</link>
</buy_link>
<buy_link>
<id>5</id>
<name>Alibris</name>
<link>https://www.goodreads.com/book_link/follow/5</link>
</buy_link>
<buy_link>
<id>107</id>
<name>Better World Books</name>
<link>https://www.goodreads.com/book_link/follow/107</link>
</buy_link>
<buy_link>
<id>7</id>
<name>IndieBound</name>
<link>https://www.goodreads.com/book_link/follow/7</link>
</buy_link>

  </buy_links>
  <series_works>
    
  </series_works>
  <similar_books>
          <book>
<id>21322</id>
<title><![CDATA[Fables: 1001 Nights of Snowfall]]></title>
<title_without_series><![CDATA[Fables: 1001 Nights of Snowfall]]></title_without_series>
<link><![CDATA[https://www.goodreads.com/book/show/21322.Fables]]></link>
<small_image_url><![CDATA[https://images.gr-assets.com/books/1327870123s/21322.jpg]]></small_image_url>
<image_url><![CDATA[https://images.gr-assets.com/books/1327870123m/21322.jpg]]></image_url>
<num_pages></num_pages>
<work>
<id>3163819</id>
</work>
<isbn>1401203671</isbn>
<isbn13>9781401203672</isbn13>
<average_rating>4.17</average_rating>
<ratings_count>11614</ratings_count>
<publication_year></publication_year>
<publication_month></publication_month>
<publication_day></publication_day>
<authors>
<author>
<id>12444</id>
<name>Bill Willingham</name>
<link><![CDATA[https://www.goodreads.com/author/show/12444.Bill_Willingham]]></link>
</author>
</authors>
</book>

          <book>
<id>235648</id>
<title>Demo: The Collection</title>
<title_without_series>Demo: The Collection</title_without_series>
<link><![CDATA[https://www.goodreads.com/book/show/235648.Demo]]></link>
<small_image_url><![CDATA[https://s.gr-assets.com/assets/nophoto/book/50x75-a91bf249278a81aabab721ef782c4a74.png]]></small_image_url>
<image_url><![CDATA[https://s.gr-assets.com/assets/nophoto/book/111x148-bcc042a9c91a29c1d680899eff700a03.png]]></image_url>
<num_pages>288</num_pages>
<work>
<id>228247</id>
</work>
<isbn>1932051422</isbn>
<isbn13>9781932051421</isbn13>
<average_rating>3.85</average_rating>
<ratings_count>2640</ratings_count>
<publication_year>2005</publication_year>
<publication_month>12</publication_month>
<publication_day>20</publication_day>
<authors>
<author>
<id>20493</id>
<name>Brian Wood</name>
<link><![CDATA[https://www.goodreads.com/author/show/20493.Brian_Wood]]></link>
</author>
</authors>
</book>

          <book>
<id>22358</id>
<title>We3</title>
<title_without_series>We3</title_without_series>
<link><![CDATA[https://www.goodreads.com/book/show/22358.We3]]></link>
<small_image_url><![CDATA[https://images.gr-assets.com/books/1336056522s/22358.jpg]]></small_image_url>
<image_url><![CDATA[https://images.gr-assets.com/books/1336056522m/22358.jpg]]></image_url>
<num_pages></num_pages>
<work>
<id>23384</id>
</work>
<isbn>1401204953</isbn>
<isbn13>9781401204952</isbn13>
<average_rating>3.95</average_rating>
<ratings_count>19731</ratings_count>
<publication_year>2005</publication_year>
<publication_month>7</publication_month>
<publication_day>1</publication_day>
<authors>
<author>
<id>12732</id>
<name>Grant Morrison</name>
<link><![CDATA[https://www.goodreads.com/author/show/12732.Grant_Morrison]]></link>
</author>
</authors>
</book>

          <book>
<id>11142767</id>
<title><![CDATA[The Unwritten, Vol. 4: Leviathan]]></title>
<title_without_series><![CDATA[The Unwritten, Vol. 4: Leviathan]]></title_without_series>
<link><![CDATA[https://www.goodreads.com/book/show/11142767-the-unwritten-vol-4]]></link>
<small_image_url><![CDATA[https://images.gr-assets.com/books/1327034994s/11142767.jpg]]></small_image_url>
<image_url><![CDATA[https://images.gr-assets.com/books/1327034994m/11142767.jpg]]></image_url>
<num_pages>144</num_pages>
<work>
<id>16066319</id>
</work>
<isbn>1401232922</isbn>
<isbn13>9781401232924</isbn13>
<average_rating>4.02</average_rating>
<ratings_count>3992</ratings_count>
<publication_year>2011</publication_year>
<publication_month>10</publication_month>
<publication_day>25</publication_day>
<authors>
<author>
<id>9018</id>
<name>Mike Carey</name>
<link><![CDATA[https://www.goodreads.com/author/show/9018.Mike_Carey]]></link>
</author>
</authors>
</book>

          <book>
<id>195806</id>
<title>Fray</title>
<title_without_series>Fray</title_without_series>
<link><![CDATA[https://www.goodreads.com/book/show/195806.Fray]]></link>
<small_image_url><![CDATA[https://images.gr-assets.com/books/1403202567s/195806.jpg]]></small_image_url>
<image_url><![CDATA[https://images.gr-assets.com/books/1403202567m/195806.jpg]]></image_url>
<num_pages></num_pages>
<work>
<id>2336152</id>
</work>
<isbn>1569717516</isbn>
<isbn13>9781569717516</isbn13>
<average_rating>4.08</average_rating>
<ratings_count>10730</ratings_count>
<publication_year></publication_year>
<publication_month></publication_month>
<publication_day></publication_day>
<authors>
<author>
<id>18015</id>
<name>Joss Whedon</name>
<link><![CDATA[https://www.goodreads.com/author/show/18015.Joss_Whedon]]></link>
</author>
</authors>
</book>

          <book>
<id>1780680</id>
<title>Cairo</title>
<title_without_series>Cairo</title_without_series>
<link><![CDATA[https://www.goodreads.com/book/show/1780680.Cairo]]></link>
<small_image_url><![CDATA[https://images.gr-assets.com/books/1308885644s/1780680.jpg]]></small_image_url>
<image_url><![CDATA[https://images.gr-assets.com/books/1308885644m/1780680.jpg]]></image_url>
<num_pages>160</num_pages>
<work>
<id>1779503</id>
</work>
<isbn>1401211402</isbn>
<isbn13>9781401211400</isbn13>
<average_rating>3.77</average_rating>
<ratings_count>1816</ratings_count>
<publication_year>2007</publication_year>
<publication_month>11</publication_month>
<publication_day>7</publication_day>
<authors>
<author>
<id>815259</id>
<name>G. Willow Wilson</name>
<link><![CDATA[https://www.goodreads.com/author/show/815259.G_Willow_Wilson]]></link>
</author>
</authors>
</book>

          <book>
<id>64251</id>
<title><![CDATA[Mouse Guard: Fall 1152 (Mouse Guard, #1)]]></title>
<title_without_series>Mouse Guard: Fall 1152</title_without_series>
<link><![CDATA[https://www.goodreads.com/book/show/64251.Mouse_Guard]]></link>
<small_image_url><![CDATA[https://images.gr-assets.com/books/1302490748s/64251.jpg]]></small_image_url>
<image_url><![CDATA[https://images.gr-assets.com/books/1302490748m/64251.jpg]]></image_url>
<num_pages></num_pages>
<work>
<id>1236434</id>
</work>
<isbn>1932386572</isbn>
<isbn13>9781932386578</isbn13>
<average_rating>3.99</average_rating>
<ratings_count>9807</ratings_count>
<publication_year></publication_year>
<publication_month></publication_month>
<publication_day></publication_day>
<authors>
<author>
<id>36203</id>
<name>David Petersen</name>
<link><![CDATA[https://www.goodreads.com/author/show/36203.David_Petersen]]></link>
</author>
</authors>
</book>

          <book>
<id>821800</id>
<title>Promethea, Vol. 1</title>
<title_without_series>Promethea, Vol. 1</title_without_series>
<link><![CDATA[https://www.goodreads.com/book/show/821800.Promethea_Vol_1]]></link>
<small_image_url><![CDATA[https://s.gr-assets.com/assets/nophoto/book/50x75-a91bf249278a81aabab721ef782c4a74.png]]></small_image_url>
<image_url><![CDATA[https://s.gr-assets.com/assets/nophoto/book/111x148-bcc042a9c91a29c1d680899eff700a03.png]]></image_url>
<num_pages>178</num_pages>
<work>
<id>3735636</id>
</work>
<isbn>1563896672</isbn>
<isbn13>9781563896675</isbn13>
<average_rating>3.88</average_rating>
<ratings_count>9957</ratings_count>
<publication_year>2000</publication_year>
<publication_month>7</publication_month>
<publication_day>1</publication_day>
<authors>
<author>
<id>3961</id>
<name>Alan Moore</name>
<link><![CDATA[https://www.goodreads.com/author/show/3961.Alan_Moore]]></link>
</author>
</authors>
</book>

          <book>
<id>1641695</id>
<title>Laika</title>
<title_without_series>Laika</title_without_series>
<link><![CDATA[https://www.goodreads.com/book/show/1641695.Laika]]></link>
<small_image_url><![CDATA[https://images.gr-assets.com/books/1317066931s/1641695.jpg]]></small_image_url>
<image_url><![CDATA[https://images.gr-assets.com/books/1317066931m/1641695.jpg]]></image_url>
<num_pages></num_pages>
<work>
<id>2540092</id>
</work>
<isbn>1596431016</isbn>
<isbn13>9781596431010</isbn13>
<average_rating>3.96</average_rating>
<ratings_count>4487</ratings_count>
<publication_year></publication_year>
<publication_month></publication_month>
<publication_day></publication_day>
<authors>
<author>
<id>213936</id>
<name>Nick Abadzis</name>
<link><![CDATA[https://www.goodreads.com/author/show/213936.Nick_Abadzis]]></link>
</author>
</authors>
</book>

          <book>
<id>72112</id>
<title><![CDATA[Astro City, Vol. 2: Confession]]></title>
<title_without_series><![CDATA[Astro City, Vol. 2: Confession]]></title_without_series>
<link><![CDATA[https://www.goodreads.com/book/show/72112.Astro_City_Vol_2]]></link>
<small_image_url><![CDATA[https://s.gr-assets.com/assets/nophoto/book/50x75-a91bf249278a81aabab721ef782c4a74.png]]></small_image_url>
<image_url><![CDATA[https://s.gr-assets.com/assets/nophoto/book/111x148-bcc042a9c91a29c1d680899eff700a03.png]]></image_url>
<num_pages>298</num_pages>
<work>
<id>1392773</id>
</work>
<isbn>1563895501</isbn>
<isbn13>9781563895500</isbn13>
<average_rating>4.30</average_rating>
<ratings_count>3802</ratings_count>
<publication_year>1999</publication_year>
<publication_month>6</publication_month>
<publication_day>23</publication_day>
<authors>
<author>
<id>7338</id>
<name>Kurt Busiek</name>
<link><![CDATA[https://www.goodreads.com/author/show/7338.Kurt_Busiek]]></link>
</author>
</authors>
</book>

          <book>
<id>402228</id>
<title><![CDATA[Invincible, Vol. 2: Eight Is Enough]]></title>
<title_without_series><![CDATA[Invincible, Vol. 2: Eight Is Enough]]></title_without_series>
<link><![CDATA[https://www.goodreads.com/book/show/402228.Invincible_Vol_2]]></link>
<small_image_url><![CDATA[https://s.gr-assets.com/assets/nophoto/book/50x75-a91bf249278a81aabab721ef782c4a74.png]]></small_image_url>
<image_url><![CDATA[https://s.gr-assets.com/assets/nophoto/book/111x148-bcc042a9c91a29c1d680899eff700a03.png]]></image_url>
<num_pages>128</num_pages>
<work>
<id>5238596</id>
</work>
<isbn>1582403473</isbn>
<isbn13>9781582403472</isbn13>
<average_rating>4.14</average_rating>
<ratings_count>2468</ratings_count>
<publication_year>2004</publication_year>
<publication_month>5</publication_month>
<publication_day>10</publication_day>
<authors>
<author>
<id>12425</id>
<name>Robert Kirkman</name>
<link><![CDATA[https://www.goodreads.com/author/show/12425.Robert_Kirkman]]></link>
</author>
</authors>
</book>

          <book>
<id>43722</id>
<title>Fell, Feral City</title>
<title_without_series>Fell, Feral City</title_without_series>
<link><![CDATA[https://www.goodreads.com/book/show/43722.Fell_Feral_City]]></link>
<small_image_url><![CDATA[https://images.gr-assets.com/books/1269453312s/43722.jpg]]></small_image_url>
<image_url><![CDATA[https://images.gr-assets.com/books/1269453312m/43722.jpg]]></image_url>
<num_pages>128</num_pages>
<work>
<id>1188881</id>
</work>
<isbn>1582406936</isbn>
<isbn13>9781582406930</isbn13>
<average_rating>4.17</average_rating>
<ratings_count>6207</ratings_count>
<publication_year>2007</publication_year>
<publication_month>6</publication_month>
<publication_day>5</publication_day>
<authors>
<author>
<id>12772</id>
<name>Warren Ellis</name>
<link><![CDATA[https://www.goodreads.com/author/show/12772.Warren_Ellis]]></link>
</author>
</authors>
</book>

          <book>
<id>7703037</id>
<title><![CDATA[Beasts of Burden: Animal Rites]]></title>
<title_without_series><![CDATA[Beasts of Burden: Animal Rites]]></title_without_series>
<link><![CDATA[https://www.goodreads.com/book/show/7703037-beasts-of-burden]]></link>
<small_image_url><![CDATA[https://images.gr-assets.com/books/1470442939s/7703037.jpg]]></small_image_url>
<image_url><![CDATA[https://images.gr-assets.com/books/1470442939m/7703037.jpg]]></image_url>
<num_pages>180</num_pages>
<work>
<id>10402553</id>
</work>
<isbn>1595825134</isbn>
<isbn13>9781595825131</isbn13>
<average_rating>4.15</average_rating>
<ratings_count>3191</ratings_count>
<publication_year>2010</publication_year>
<publication_month>6</publication_month>
<publication_day>30</publication_day>
<authors>
<author>
<id>59150</id>
<name>Evan Dorkin</name>
<link><![CDATA[https://www.goodreads.com/author/show/59150.Evan_Dorkin]]></link>
</author>
</authors>
</book>

          <book>
<id>373150</id>
<title>It&apos;s a Bird...</title>
<title_without_series>It&apos;s a Bird...</title_without_series>
<link><![CDATA[https://www.goodreads.com/book/show/373150.It_s_a_Bird_]]></link>
<small_image_url><![CDATA[https://s.gr-assets.com/assets/nophoto/book/50x75-a91bf249278a81aabab721ef782c4a74.png]]></small_image_url>
<image_url><![CDATA[https://s.gr-assets.com/assets/nophoto/book/111x148-bcc042a9c91a29c1d680899eff700a03.png]]></image_url>
<num_pages></num_pages>
<work>
<id>734432</id>
</work>
<isbn>1401203116</isbn>
<isbn13>9781401203115</isbn13>
<average_rating>3.93</average_rating>
<ratings_count>975</ratings_count>
<publication_year></publication_year>
<publication_month></publication_month>
<publication_day></publication_day>
<authors>
<author>
<id>29688</id>
<name>Steven T. Seagle</name>
<link><![CDATA[https://www.goodreads.com/author/show/29688.Steven_T_Seagle]]></link>
</author>
</authors>
</book>

          <book>
<id>247333</id>
<title>Flight, Vol. 2  (Flight, #2)</title>
<title_without_series>Flight, Vol. 2</title_without_series>
<link><![CDATA[https://www.goodreads.com/book/show/247333.Flight_Vol_2]]></link>
<small_image_url><![CDATA[https://s.gr-assets.com/assets/nophoto/book/50x75-a91bf249278a81aabab721ef782c4a74.png]]></small_image_url>
<image_url><![CDATA[https://s.gr-assets.com/assets/nophoto/book/111x148-bcc042a9c91a29c1d680899eff700a03.png]]></image_url>
<num_pages>432</num_pages>
<work>
<id>239629</id>
</work>
<isbn>034549637X</isbn>
<isbn13>9780345496379</isbn13>
<average_rating>4.10</average_rating>
<ratings_count>2459</ratings_count>
<publication_year>2007</publication_year>
<publication_month>4</publication_month>
<publication_day>10</publication_day>
<authors>
<author>
<id>27372</id>
<name>Kazu Kibuishi</name>
<link><![CDATA[https://www.goodreads.com/author/show/27372.Kazu_Kibuishi]]></link>
</author>
</authors>
</book>

  </similar_books>
</book>

</GoodreadsResponse>