<?xml version="1.0" encoding="UTF-8"?>
<GoodreadsResponse>
  <Request>
    <authentication>true</authentication>
      <key><![CDATA[all_men_must_serve]]></key>
    <method><![CDATA[book_show]]></method>
  </Request>
  <book>
  <id>10574</id>
  <title><![CDATA[The Colorado Kid (Hard Case Crime #13)]]></title>
  <isbn><![CDATA[0843955848]]></isbn>
  <isbn13><![CDATA[9780843955842]]></isbn13>
  <asin><![CDATA[]]></asin>
  <kindle_asin><![CDATA[]]></kindle_asin>
  <marketplace_id><![CDATA[]]></marketplace_id>
  <country_code><![CDATA[GB]]></country_code>
  <image_url>https://images.gr-assets.com/books/1422099676m/10574.jpg</image_url>
  <small_image_url>https://images.gr-assets.com/books/1422099676s/10574.jpg</small_image_url>
  <publication_year></publication_year>
  <publication_month></publication_month>
  <publication_day></publication_day>
  <publisher></publisher>
  <language_code>eng</language_code>
  <is_ebook>false</is_ebook>
  <description><![CDATA[En una isla de las costas de Maine, un hombre es encontrado muerto. No hay identificación de su cuerpo. Solo el esforzado trabajo de un par de periodistas locales y de un graduado en medicina forense logra descubrir algunas pistas para, después de un año, saber quien es el muerto. Pero es aquí donde comienza el misterio. Porque cuanto mas descubren del hombre y de las extrañas circunstancias de su muerte, menos comprenden. ¿Se trata de un crimen imposible? ¿O algo aun mas extraño...?<br />Con ecos de El halcón maltés de Dashiell Hammet y de la obra de Graham Green, Stephen King presenta un relato sorprendente y conmovedor, cuyo tema es nada menos que la naturaleza del propio misterio.]]></description>
  <work>
  <id type="integer">856005</id>
  <books_count type="integer">57</books_count>
  <best_book_id type="integer">10574</best_book_id>
  <reviews_count type="integer">38796</reviews_count>
  <ratings_sum type="integer">73953</ratings_sum>
  <ratings_count type="integer">22540</ratings_count>
  <text_reviews_count type="integer">1849</text_reviews_count>
  <original_publication_year type="integer">2005</original_publication_year>
  <original_publication_month type="integer">10</original_publication_month>
  <original_publication_day type="integer">4</original_publication_day>
  <original_title>The Colorado Kid</original_title>
  <original_language_id type="integer" nil="true"/>
  <media_type>book</media_type>
  <rating_dist>5:2967|4:6135|3:8770|2:3600|1:1068|total:22540</rating_dist>
  <desc_user_id type="integer">41237987</desc_user_id>
  <default_chaptering_book_id type="integer" nil="true"/>
  <default_description_language_code nil="true"/>
</work>
  <average_rating>3.28</average_rating>
  <num_pages><![CDATA[]]></num_pages>
  <format><![CDATA[Mass Market Paperback]]></format>
  <edition_information><![CDATA[First edition]]></edition_information>
  <ratings_count><![CDATA[19422]]></ratings_count>
  <text_reviews_count><![CDATA[1558]]></text_reviews_count>
  <url><![CDATA[https://www.goodreads.com/book/show/10574.The_Colorado_Kid]]></url>
  <link><![CDATA[https://www.goodreads.com/book/show/10574.The_Colorado_Kid]]></link>
  <authors>
<author>
<id>3389</id>
<name>Stephen King</name>
<role></role>
<image_url nophoto='false'>
<![CDATA[https://images.gr-assets.com/authors/1362814142p5/3389.jpg]]>
</image_url>
<small_image_url nophoto='false'>
<![CDATA[https://images.gr-assets.com/authors/1362814142p2/3389.jpg]]>
</small_image_url>
<link><![CDATA[https://www.goodreads.com/author/show/3389.Stephen_King]]></link>
<average_rating>4.01</average_rating>
<ratings_count>10357556</ratings_count>
<text_reviews_count>349199</text_reviews_count>
</author>
</authors>

    <reviews_widget>
      <![CDATA[
        <style>
  #goodreads-widget {
    font-family: georgia, serif;
    padding: 18px 0;
    width:565px;
  }
  #goodreads-widget h1 {
    font-weight:normal;
    font-size: 16px;
    border-bottom: 1px solid #BBB596;
    margin-bottom: 0;
  }
  #goodreads-widget a {
    text-decoration: none;
    color:#660;
  }
  iframe{
    background-color: #fff;
  }
  #goodreads-widget a:hover { text-decoration: underline; }
  #goodreads-widget a:active {
    color:#660;
  }
  #gr_footer {
    width: 100%;
    border-top: 1px solid #BBB596;
    text-align: right;
  }
  #goodreads-widget .gr_branding{
    color: #382110;
    font-size: 11px;
    text-decoration: none;
    font-family: "Helvetica Neue", Helvetica, Arial, sans-serif;
  }
</style>
<div id="goodreads-widget">
  <div id="gr_header"><h1><a rel="nofollow" href="https://www.goodreads.com/book/show/10574.The_Colorado_Kid">The Colorado Kid Reviews</a></h1></div>
  <iframe id="the_iframe" src="https://www.goodreads.com/api/reviews_widget_iframe?did=DEVELOPER_ID&amp;format=html&amp;isbn=0843955848&amp;links=660&amp;min_rating=&amp;review_back=fff&amp;stars=000&amp;text=000" width="565" height="400" frameborder="0"></iframe>
  <div id="gr_footer">
    <a class="gr_branding" target="_blank" rel="nofollow" href="https://www.goodreads.com/book/show/10574.The_Colorado_Kid?utm_medium=api&amp;utm_source=reviews_widget">Reviews from Goodreads.com</a>
  </div>
</div>

      ]]>
    </reviews_widget>
  <popular_shelves>
      <shelf name="to-read" count="872"/>
      <shelf name="stephen-king" count="780"/>
      <shelf name="mystery" count="560"/>
      <shelf name="fiction" count="384"/>
      <shelf name="horror" count="192"/>
      <shelf name="currently-reading" count="154"/>
      <shelf name="crime" count="153"/>
      <shelf name="king" count="119"/>
      <shelf name="thriller" count="86"/>
      <shelf name="owned" count="82"/>
      <shelf name="books-i-own" count="69"/>
      <shelf name="kindle" count="64"/>
      <shelf name="default" count="62"/>
      <shelf name="favorites" count="60"/>
      <shelf name="hard-case-crime" count="60"/>
      <shelf name="ebook" count="56"/>
      <shelf name="audiobook" count="50"/>
      <shelf name="suspense" count="46"/>
      <shelf name="ebooks" count="45"/>
      <shelf name="library" count="44"/>
      <shelf name="audio" count="43"/>
      <shelf name="owned-books" count="42"/>
      <shelf name="detective" count="39"/>
      <shelf name="mystery-thriller" count="38"/>
      <shelf name="audiobooks" count="38"/>
      <shelf name="mysteries" count="33"/>
      <shelf name="fantasy" count="32"/>
      <shelf name="to-buy" count="29"/>
      <shelf name="literature" count="25"/>
      <shelf name="hard-boiled" count="25"/>
      <shelf name="adult" count="23"/>
      <shelf name="crime-fiction" count="23"/>
      <shelf name="e-books" count="22"/>
      <shelf name="crime-mystery" count="22"/>
      <shelf name="short-stories" count="21"/>
      <shelf name="wish-list" count="21"/>
      <shelf name="novels" count="20"/>
      <shelf name="audio-books" count="20"/>
      <shelf name="read-in-2013" count="19"/>
      <shelf name="e-book" count="19"/>
      <shelf name="audio-book" count="19"/>
      <shelf name="calibre" count="18"/>
      <shelf name="adult-fiction" count="18"/>
      <shelf name="my-books" count="17"/>
      <shelf name="read-in-2014" count="16"/>
      <shelf name="noir" count="16"/>
      <shelf name="my-library" count="16"/>
      <shelf name="sci-fi" count="14"/>
      <shelf name="the-king" count="14"/>
      <shelf name="mystery-crime" count="14"/>
      <shelf name="general-fiction" count="14"/>
      <shelf name="read-in-2015" count="13"/>
      <shelf name="stephen-king-to-read" count="13"/>
      <shelf name="contemporary" count="13"/>
      <shelf name="novel" count="13"/>
      <shelf name="maine" count="13"/>
      <shelf name="listened-to" count="13"/>
      <shelf name="mystery-suspense" count="13"/>
      <shelf name="sk" count="12"/>
      <shelf name="read-in-2012" count="12"/>
      <shelf name="suspense-thriller" count="12"/>
      <shelf name="i-own" count="12"/>
      <shelf name="2006" count="12"/>
      <shelf name="2005" count="11"/>
      <shelf name="general" count="11"/>
      <shelf name="king-stephen" count="11"/>
      <shelf name="paperback" count="11"/>
      <shelf name="books" count="11"/>
      <shelf name="read-2016" count="10"/>
      <shelf name="s-king" count="10"/>
      <shelf name="unread" count="10"/>
      <shelf name="need-to-buy" count="10"/>
      <shelf name="stephen-king-read" count="10"/>
      <shelf name="nook" count="10"/>
      <shelf name="finished" count="10"/>
      <shelf name="read-2014" count="9"/>
      <shelf name="read-2013" count="9"/>
      <shelf name="have" count="9"/>
      <shelf name="read-in-2011" count="9"/>
      <shelf name="mine" count="9"/>
      <shelf name="on-kindle" count="9"/>
      <shelf name="stephenking" count="9"/>
      <shelf name="stephen" count="9"/>
      <shelf name="pulp" count="9"/>
      <shelf name="read-2015" count="8"/>
      <shelf name="novella" count="8"/>
      <shelf name="drama" count="8"/>
      <shelf name="kindle-books" count="8"/>
      <shelf name="my-ebooks" count="8"/>
      <shelf name="borrowed" count="8"/>
      <shelf name="supernatural" count="8"/>
      <shelf name="other" count="8"/>
      <shelf name="reviewed" count="8"/>
      <shelf name="english" count="8"/>
      <shelf name="read-in-2016" count="7"/>
      <shelf name="2015-reads" count="7"/>
      <shelf name="want" count="7"/>
      <shelf name="to-purchase" count="7"/>
      <shelf name="horror-thriller" count="7"/>
      <shelf name="own-it" count="7"/>
  </popular_shelves>
  <book_links>
    <book_link>
  <id>8</id>
  <name>Libraries</name>
  <link>https://www.goodreads.com/book_link/follow/8</link>
</book_link>

  </book_links>
  <buy_links>
    <buy_link>
<id>1</id>
<name>Amazon</name>
<link>https://www.goodreads.com/book_link/follow/1</link>
</buy_link>
<buy_link>
<id>10</id>
<name>Audible</name>
<link>https://www.goodreads.com/book_link/follow/10</link>
</buy_link>
<buy_link>
<id>3</id>
<name>Barnes &amp; Noble</name>
<link>https://www.goodreads.com/book_link/follow/3</link>
</buy_link>
<buy_link>
<id>1027</id>
<name>Kobo</name>
<link>https://www.goodreads.com/book_link/follow/1027</link>
</buy_link>
<buy_link>
<id>2102</id>
<name>Apple iBooks</name>
<link>https://www.goodreads.com/book_link/follow/2102</link>
</buy_link>
<buy_link>
<id>8036</id>
<name>Google Play</name>
<link>https://www.goodreads.com/book_link/follow/8036</link>
</buy_link>
<buy_link>
<id>4</id>
<name>Abebooks</name>
<link>https://www.goodreads.com/book_link/follow/4</link>
</buy_link>
<buy_link>
<id>882</id>
<name>Book Depository</name>
<link>https://www.goodreads.com/book_link/follow/882</link>
</buy_link>
<buy_link>
<id>9</id>
<name>Indigo</name>
<link>https://www.goodreads.com/book_link/follow/9</link>
</buy_link>
<buy_link>
<id>2</id>
<name>Half.com</name>
<link>https://www.goodreads.com/book_link/follow/2</link>
</buy_link>
<buy_link>
<id>5</id>
<name>Alibris</name>
<link>https://www.goodreads.com/book_link/follow/5</link>
</buy_link>
<buy_link>
<id>107</id>
<name>Better World Books</name>
<link>https://www.goodreads.com/book_link/follow/107</link>
</buy_link>
<buy_link>
<id>7</id>
<name>IndieBound</name>
<link>https://www.goodreads.com/book_link/follow/7</link>
</buy_link>

  </buy_links>
  <series_works>
    <series_work>
<id>1062892</id>
<user_position>013</user_position>
<series>
<id>206678</id>
<title>
<![CDATA[
    Hard Case Crime
]]>
</title>
<description>
<![CDATA[
]]>
</description>
<note>
<![CDATA[
]]>
</note>
<series_works_count>112</series_works_count>
<primary_work_count>112</primary_work_count>
<numbered>true</numbered>
</series>

</series_work>

  </series_works>
  <similar_books>
          <book>
<id>349473</id>
<title>Blaze</title>
<title_without_series>Blaze</title_without_series>
<link><![CDATA[https://www.goodreads.com/book/show/349473.Blaze]]></link>
<small_image_url><![CDATA[https://s.gr-assets.com/assets/nophoto/book/50x75-a91bf249278a81aabab721ef782c4a74.png]]></small_image_url>
<image_url><![CDATA[https://s.gr-assets.com/assets/nophoto/book/111x148-bcc042a9c91a29c1d680899eff700a03.png]]></image_url>
<num_pages>285</num_pages>
<work>
<id>1322982</id>
</work>
<isbn>141655484X</isbn>
<isbn13>9781416554844</isbn13>
<average_rating>3.66</average_rating>
<ratings_count>30162</ratings_count>
<publication_year></publication_year>
<publication_month></publication_month>
<publication_day></publication_day>
<authors>
<author>
<id>5858</id>
<name>Richard Bachman</name>
<link><![CDATA[https://www.goodreads.com/author/show/5858.Richard_Bachman]]></link>
</author>
</authors>
</book>

          <book>
<id>238117</id>
<title><![CDATA[A Touch of Death (Hard Case Crime #17)]]></title>
<title_without_series>A Touch of Death</title_without_series>
<link><![CDATA[https://www.goodreads.com/book/show/238117.A_Touch_of_Death]]></link>
<small_image_url><![CDATA[https://s.gr-assets.com/assets/nophoto/book/50x75-a91bf249278a81aabab721ef782c4a74.png]]></small_image_url>
<image_url><![CDATA[https://s.gr-assets.com/assets/nophoto/book/111x148-bcc042a9c91a29c1d680899eff700a03.png]]></image_url>
<num_pages></num_pages>
<work>
<id>3822419</id>
</work>
<isbn>0843955880</isbn>
<isbn13>9780843955880</isbn13>
<average_rating>3.82</average_rating>
<ratings_count>593</ratings_count>
<publication_year></publication_year>
<publication_month></publication_month>
<publication_day></publication_day>
<authors>
<author>
<id>1499301</id>
<name>Charles   Williams</name>
<link><![CDATA[https://www.goodreads.com/author/show/1499301.Charles_Williams]]></link>
</author>
</authors>
</book>

          <book>
<id>812419</id>
<title><![CDATA[Say It With Bullets (Hard Case Crime #18)]]></title>
<title_without_series>Say It With Bullets</title_without_series>
<link><![CDATA[https://www.goodreads.com/book/show/812419.Say_It_With_Bullets]]></link>
<small_image_url><![CDATA[https://s.gr-assets.com/assets/nophoto/book/50x75-a91bf249278a81aabab721ef782c4a74.png]]></small_image_url>
<image_url><![CDATA[https://s.gr-assets.com/assets/nophoto/book/111x148-bcc042a9c91a29c1d680899eff700a03.png]]></image_url>
<num_pages></num_pages>
<work>
<id>798355</id>
</work>
<isbn>0843955899</isbn>
<isbn13>9780843955897</isbn13>
<average_rating>3.62</average_rating>
<ratings_count>269</ratings_count>
<publication_year></publication_year>
<publication_month></publication_month>
<publication_day></publication_day>
<authors>
<author>
<id>85500</id>
<name>Richard Powell</name>
<link><![CDATA[https://www.goodreads.com/author/show/85500.Richard_Powell]]></link>
</author>
</authors>
</book>

          <book>
<id>19161902</id>
<title>The Alcoholics</title>
<title_without_series>The Alcoholics</title_without_series>
<link><![CDATA[https://www.goodreads.com/book/show/19161902-the-alcoholics]]></link>
<small_image_url><![CDATA[https://images.gr-assets.com/books/1403176998s/19161902.jpg]]></small_image_url>
<image_url><![CDATA[https://images.gr-assets.com/books/1403176998m/19161902.jpg]]></image_url>
<num_pages>192</num_pages>
<work>
<id>239147</id>
</work>
<isbn>0316403954</isbn>
<isbn13>9780316403955</isbn13>
<average_rating>3.39</average_rating>
<ratings_count>672</ratings_count>
<publication_year>2014</publication_year>
<publication_month>8</publication_month>
<publication_day>5</publication_day>
<authors>
<author>
<id>7621</id>
<name>Jim Thompson</name>
<link><![CDATA[https://www.goodreads.com/author/show/7621.Jim_Thompson]]></link>
</author>
</authors>
</book>

          <book>
<id>552746</id>
<title><![CDATA[Dutch Uncle (Hard Case Crime #12)]]></title>
<title_without_series>Dutch Uncle</title_without_series>
<link><![CDATA[https://www.goodreads.com/book/show/552746.Dutch_Uncle]]></link>
<small_image_url><![CDATA[https://s.gr-assets.com/assets/nophoto/book/50x75-a91bf249278a81aabab721ef782c4a74.png]]></small_image_url>
<image_url><![CDATA[https://s.gr-assets.com/assets/nophoto/book/111x148-bcc042a9c91a29c1d680899eff700a03.png]]></image_url>
<num_pages>256</num_pages>
<work>
<id>539981</id>
</work>
<isbn>0843953608</isbn>
<isbn13>9780843953602</isbn13>
<average_rating>3.28</average_rating>
<ratings_count>193</ratings_count>
<publication_year>2005</publication_year>
<publication_month>7</publication_month>
<publication_day>1</publication_day>
<authors>
<author>
<id>303571</id>
<name>Peter Pavia</name>
<link><![CDATA[https://www.goodreads.com/author/show/303571.Peter_Pavia]]></link>
</author>
</authors>
</book>

          <book>
<id>11532</id>
<title>Night Visions 5</title>
<title_without_series>Night Visions 5</title_without_series>
<link><![CDATA[https://www.goodreads.com/book/show/11532.Night_Visions_5]]></link>
<small_image_url><![CDATA[https://images.gr-assets.com/books/1289330105s/11532.jpg]]></small_image_url>
<image_url><![CDATA[https://images.gr-assets.com/books/1289330105m/11532.jpg]]></image_url>
<num_pages>274</num_pages>
<work>
<id>88730</id>
</work>
<isbn>0913165328</isbn>
<isbn13>9780913165324</isbn13>
<average_rating>3.90</average_rating>
<ratings_count>1362</ratings_count>
<publication_year>1988</publication_year>
<publication_month>5</publication_month>
<publication_day></publication_day>
<authors>
<author>
<id>18351</id>
<name>Douglas E. Winter</name>
<link><![CDATA[https://www.goodreads.com/author/show/18351.Douglas_E_Winter]]></link>
</author>
</authors>
</book>

          <book>
<id>552745</id>
<title><![CDATA[Branded Woman (Hard Case Crime #11)]]></title>
<title_without_series>Branded Woman</title_without_series>
<link><![CDATA[https://www.goodreads.com/book/show/552745.Branded_Woman]]></link>
<small_image_url><![CDATA[https://s.gr-assets.com/assets/nophoto/book/50x75-a91bf249278a81aabab721ef782c4a74.png]]></small_image_url>
<image_url><![CDATA[https://s.gr-assets.com/assets/nophoto/book/111x148-bcc042a9c91a29c1d680899eff700a03.png]]></image_url>
<num_pages>206</num_pages>
<work>
<id>1319638</id>
</work>
<isbn>0843953594</isbn>
<isbn13>9780843953596</isbn13>
<average_rating>3.58</average_rating>
<ratings_count>240</ratings_count>
<publication_year>2005</publication_year>
<publication_month>7</publication_month>
<publication_day>1</publication_day>
<authors>
<author>
<id>303570</id>
<name>Wade Miller</name>
<link><![CDATA[https://www.goodreads.com/author/show/303570.Wade_Miller]]></link>
</author>
</authors>
</book>

          <book>
<id>2519354</id>
<title><![CDATA[The Murderer Vine (Hard Case Crime #43)]]></title>
<title_without_series>The Murderer Vine</title_without_series>
<link><![CDATA[https://www.goodreads.com/book/show/2519354.The_Murderer_Vine]]></link>
<small_image_url><![CDATA[https://s.gr-assets.com/assets/nophoto/book/50x75-a91bf249278a81aabab721ef782c4a74.png]]></small_image_url>
<image_url><![CDATA[https://s.gr-assets.com/assets/nophoto/book/111x148-bcc042a9c91a29c1d680899eff700a03.png]]></image_url>
<num_pages>256</num_pages>
<work>
<id>2526752</id>
</work>
<isbn>0843959614</isbn>
<isbn13>9780843959611</isbn13>
<average_rating>3.70</average_rating>
<ratings_count>193</ratings_count>
<publication_year>2008</publication_year>
<publication_month>4</publication_month>
<publication_day>29</publication_day>
<authors>
<author>
<id>1116316</id>
<name>Shepard Rifkin</name>
<link><![CDATA[https://www.goodreads.com/author/show/1116316.Shepard_Rifkin]]></link>
</author>
</authors>
</book>

          <book>
<id>22071</id>
<title><![CDATA[Two for the Money  (Hard Case Crime #5)]]></title>
<title_without_series>Two for the Money</title_without_series>
<link><![CDATA[https://www.goodreads.com/book/show/22071.Two_for_the_Money]]></link>
<small_image_url><![CDATA[https://s.gr-assets.com/assets/nophoto/book/50x75-a91bf249278a81aabab721ef782c4a74.png]]></small_image_url>
<image_url><![CDATA[https://s.gr-assets.com/assets/nophoto/book/111x148-bcc042a9c91a29c1d680899eff700a03.png]]></image_url>
<num_pages></num_pages>
<work>
<id>23140</id>
</work>
<isbn>0843953535</isbn>
<isbn13>9780843953534</isbn13>
<average_rating>3.73</average_rating>
<ratings_count>313</ratings_count>
<publication_year></publication_year>
<publication_month></publication_month>
<publication_day></publication_day>
<authors>
<author>
<id>12014</id>
<name>Max Allan Collins</name>
<link><![CDATA[https://www.goodreads.com/author/show/12014.Max_Allan_Collins]]></link>
</author>
</authors>
</book>

          <book>
<id>1208307</id>
<title><![CDATA[The Last Match (Hard Case Crime #25)]]></title>
<title_without_series>The Last Match</title_without_series>
<link><![CDATA[https://www.goodreads.com/book/show/1208307.The_Last_Match]]></link>
<small_image_url><![CDATA[https://s.gr-assets.com/assets/nophoto/book/50x75-a91bf249278a81aabab721ef782c4a74.png]]></small_image_url>
<image_url><![CDATA[https://s.gr-assets.com/assets/nophoto/book/111x148-bcc042a9c91a29c1d680899eff700a03.png]]></image_url>
<num_pages></num_pages>
<work>
<id>1196673</id>
</work>
<isbn>0843955961</isbn>
<isbn13>9780843955965</isbn13>
<average_rating>3.45</average_rating>
<ratings_count>125</ratings_count>
<publication_year></publication_year>
<publication_month></publication_month>
<publication_day></publication_day>
<authors>
<author>
<id>264110</id>
<name>David Dodge</name>
<link><![CDATA[https://www.goodreads.com/author/show/264110.David_Dodge]]></link>
</author>
</authors>
</book>

          <book>
<id>167044</id>
<title><![CDATA[Kiss Her Goodbye (Hard Case Crime #8)]]></title>
<title_without_series>Kiss Her Goodbye</title_without_series>
<link><![CDATA[https://www.goodreads.com/book/show/167044.Kiss_Her_Goodbye]]></link>
<small_image_url><![CDATA[https://s.gr-assets.com/assets/nophoto/book/50x75-a91bf249278a81aabab721ef782c4a74.png]]></small_image_url>
<image_url><![CDATA[https://s.gr-assets.com/assets/nophoto/book/111x148-bcc042a9c91a29c1d680899eff700a03.png]]></image_url>
<num_pages></num_pages>
<work>
<id>161313</id>
</work>
<isbn>0843953551</isbn>
<isbn13>9780843953558</isbn13>
<average_rating>3.56</average_rating>
<ratings_count>369</ratings_count>
<publication_year></publication_year>
<publication_month></publication_month>
<publication_day></publication_day>
<authors>
<author>
<id>97189</id>
<name>Allan Guthrie</name>
<link><![CDATA[https://www.goodreads.com/author/show/97189.Allan_Guthrie]]></link>
</author>
</authors>
</book>

          <book>
<id>196084</id>
<title><![CDATA[Night Walker (Hard Case Crime #16)]]></title>
<title_without_series>Night Walker</title_without_series>
<link><![CDATA[https://www.goodreads.com/book/show/196084.Night_Walker]]></link>
<small_image_url><![CDATA[https://s.gr-assets.com/assets/nophoto/book/50x75-a91bf249278a81aabab721ef782c4a74.png]]></small_image_url>
<image_url><![CDATA[https://s.gr-assets.com/assets/nophoto/book/111x148-bcc042a9c91a29c1d680899eff700a03.png]]></image_url>
<num_pages></num_pages>
<work>
<id>189648</id>
</work>
<isbn>0843955864</isbn>
<isbn13>9780843955866</isbn13>
<average_rating>3.41</average_rating>
<ratings_count>247</ratings_count>
<publication_year></publication_year>
<publication_month></publication_month>
<publication_day></publication_day>
<authors>
<author>
<id>114241</id>
<name>Donald Hamilton</name>
<link><![CDATA[https://www.goodreads.com/author/show/114241.Donald_Hamilton]]></link>
</author>
</authors>
</book>

          <book>
<id>2261903</id>
<title><![CDATA[Shooting Star / Spiderweb (Hard Case Crime #42)]]></title>
<title_without_series>Shooting Star / Spiderweb</title_without_series>
<link><![CDATA[https://www.goodreads.com/book/show/2261903.Shooting_Star_Spiderweb]]></link>
<small_image_url><![CDATA[https://s.gr-assets.com/assets/nophoto/book/50x75-a91bf249278a81aabab721ef782c4a74.png]]></small_image_url>
<image_url><![CDATA[https://s.gr-assets.com/assets/nophoto/book/111x148-bcc042a9c91a29c1d680899eff700a03.png]]></image_url>
<num_pages></num_pages>
<work>
<id>2267889</id>
</work>
<isbn>0843959606</isbn>
<isbn13>9780843959604</isbn13>
<average_rating>3.62</average_rating>
<ratings_count>205</ratings_count>
<publication_year>2008</publication_year>
<publication_month>4</publication_month>
<publication_day>10</publication_day>
<authors>
<author>
<id>12540</id>
<name>Robert Bloch</name>
<link><![CDATA[https://www.goodreads.com/author/show/12540.Robert_Bloch]]></link>
</author>
</authors>
</book>

          <book>
<id>652837</id>
<title><![CDATA[Grave Descend (Hard Case Crime #26)]]></title>
<title_without_series>Grave Descend</title_without_series>
<link><![CDATA[https://www.goodreads.com/book/show/652837.Grave_Descend]]></link>
<small_image_url><![CDATA[https://s.gr-assets.com/assets/nophoto/book/50x75-a91bf249278a81aabab721ef782c4a74.png]]></small_image_url>
<image_url><![CDATA[https://s.gr-assets.com/assets/nophoto/book/111x148-bcc042a9c91a29c1d680899eff700a03.png]]></image_url>
<num_pages></num_pages>
<work>
<id>638947</id>
</work>
<isbn>084395597X</isbn>
<isbn13>9780843955972</isbn13>
<average_rating>3.54</average_rating>
<ratings_count>759</ratings_count>
<publication_year></publication_year>
<publication_month></publication_month>
<publication_day></publication_day>
<authors>
<author>
<id>12619</id>
<name>John Lange</name>
<link><![CDATA[https://www.goodreads.com/author/show/12619.John_Lange]]></link>
</author>
</authors>
</book>

          <book>
<id>1158437</id>
<title><![CDATA[Blackmailer (Hard Case Crime #32)]]></title>
<title_without_series>Blackmailer</title_without_series>
<link><![CDATA[https://www.goodreads.com/book/show/1158437.Blackmailer]]></link>
<small_image_url><![CDATA[https://s.gr-assets.com/assets/nophoto/book/50x75-a91bf249278a81aabab721ef782c4a74.png]]></small_image_url>
<image_url><![CDATA[https://s.gr-assets.com/assets/nophoto/book/111x148-bcc042a9c91a29c1d680899eff700a03.png]]></image_url>
<num_pages></num_pages>
<work>
<id>2065471</id>
</work>
<isbn>0843957727</isbn>
<isbn13>9780843957723</isbn13>
<average_rating>3.48</average_rating>
<ratings_count>261</ratings_count>
<publication_year></publication_year>
<publication_month></publication_month>
<publication_day></publication_day>
<authors>
<author>
<id>347461</id>
<name>George Axelrod</name>
<link><![CDATA[https://www.goodreads.com/author/show/347461.George_Axelrod]]></link>
</author>
</authors>
</book>

          <book>
<id>938140</id>
<title><![CDATA[The Peddler (Hard Case Crime #27)]]></title>
<title_without_series>The Peddler</title_without_series>
<link><![CDATA[https://www.goodreads.com/book/show/938140.The_Peddler]]></link>
<small_image_url><![CDATA[https://s.gr-assets.com/assets/nophoto/book/50x75-a91bf249278a81aabab721ef782c4a74.png]]></small_image_url>
<image_url><![CDATA[https://s.gr-assets.com/assets/nophoto/book/111x148-bcc042a9c91a29c1d680899eff700a03.png]]></image_url>
<num_pages>252</num_pages>
<work>
<id>923115</id>
</work>
<isbn>0843955988</isbn>
<isbn13>9780843955989</isbn13>
<average_rating>3.63</average_rating>
<ratings_count>190</ratings_count>
<publication_year>2006</publication_year>
<publication_month>11</publication_month>
<publication_day>28</publication_day>
<authors>
<author>
<id>51492</id>
<name>Richard S. Prather</name>
<link><![CDATA[https://www.goodreads.com/author/show/51492.Richard_S_Prather]]></link>
</author>
</authors>
</book>

          <book>
<id>1773665</id>
<title><![CDATA[Kill Now, Pay Later (Ben Gates #3)]]></title>
<title_without_series>Kill Now, Pay Later</title_without_series>
<link><![CDATA[https://www.goodreads.com/book/show/1773665.Kill_Now_Pay_Later]]></link>
<small_image_url><![CDATA[https://images.gr-assets.com/books/1346180768s/1773665.jpg]]></small_image_url>
<image_url><![CDATA[https://images.gr-assets.com/books/1346180768m/1773665.jpg]]></image_url>
<num_pages></num_pages>
<work>
<id>1771873</id>
</work>
<isbn>0843957751</isbn>
<isbn13>9780843957754</isbn13>
<average_rating>3.46</average_rating>
<ratings_count>169</ratings_count>
<publication_year>2007</publication_year>
<publication_month></publication_month>
<publication_day></publication_day>
<authors>
<author>
<id>812288</id>
<name>Robert Terrall</name>
<link><![CDATA[https://www.goodreads.com/author/show/812288.Robert_Terrall]]></link>
</author>
</authors>
</book>

  </similar_books>
</book>

</GoodreadsResponse>