<?xml version="1.0" encoding="UTF-8"?>
<GoodreadsResponse>
  <Request>
    <authentication>true</authentication>
      <key><![CDATA[all_men_must_serve]]></key>
    <method><![CDATA[book_show]]></method>
  </Request>
  <book>
  <id>10588</id>
  <title>Nightmares and Dreamscapes</title>
  <isbn><![CDATA[0450610098]]></isbn>
  <isbn13><![CDATA[9780450610097]]></isbn13>
  <asin><![CDATA[]]></asin>
  <kindle_asin><![CDATA[B003BKZW9K]]></kindle_asin>
  <marketplace_id><![CDATA[A1F83G8C2ARO7P]]></marketplace_id>
  <country_code><![CDATA[GB]]></country_code>
  <image_url>https://images.gr-assets.com/books/1370950676m/10588.jpg</image_url>
  <small_image_url>https://images.gr-assets.com/books/1370950676s/10588.jpg</small_image_url>
  <publication_year>1994</publication_year>
  <publication_month></publication_month>
  <publication_day></publication_day>
  <publisher>Hodder and Stoughton</publisher>
  <language_code>eng</language_code>
  <is_ebook>false</is_ebook>
  <description><![CDATA[Many people who write about horror literature maintain that mood is its most important element. King disagrees: "My deeply held conviction is that story must be paramount...All other considerations are 2ndary--theme, mood, even characterization &amp; language."<br /><br />These fine stories, each written in what King calls "a burst of faith, happiness &amp; optimism," prove his point. The theme, mood, characters &amp; language vary, but throughout, a sense of story reigns supreme. <i>Nightmares &amp; Dreamscapes</i> contains 20 short tales--including several never before published--plus one teleplay, one poem &amp; one nonfiction piece about kids &amp; baseball that appeared in the <i>New Yorker</i>. The subjects include vampires, zombies, an evil toy, man-eating frogs, the burial of a Cadillac, a disembodied finger &amp; a wicked stepfather. The style ranges from King's well-honed horror to a Ray Bradbury-like fantasy voice to an ambitious pastiche of Raymond Chandler &amp; Ross MacDonald. And like a compact disc with a bonus track, the book ends with a charming little tale not listed in the table of contents--a parable called "The Beggar &amp; the Diamond."--Fiona Webster]]></description>
  <work>
  <id type="integer">150039</id>
  <books_count type="integer">68</books_count>
  <best_book_id type="integer">10588</best_book_id>
  <reviews_count type="integer">91734</reviews_count>
  <ratings_sum type="integer">231032</ratings_sum>
  <ratings_count type="integer">59247</ratings_count>
  <text_reviews_count type="integer">905</text_reviews_count>
  <original_publication_year type="integer">1993</original_publication_year>
  <original_publication_month type="integer">9</original_publication_month>
  <original_publication_day type="integer">29</original_publication_day>
  <original_title>Nightmares &amp; Dreamscapes </original_title>
  <original_language_id type="integer" nil="true"/>
  <media_type>book</media_type>
  <rating_dist>5:16859|4:23048|3:16277|2:2651|1:412|total:59247</rating_dist>
  <desc_user_id type="integer">19636920</desc_user_id>
  <default_chaptering_book_id type="integer" nil="true"/>
  <default_description_language_code nil="true"/>
</work>
  <average_rating>3.90</average_rating>
  <num_pages><![CDATA[864]]></num_pages>
  <format><![CDATA[Paperback]]></format>
  <edition_information><![CDATA[New English Library]]></edition_information>
  <ratings_count><![CDATA[54435]]></ratings_count>
  <text_reviews_count><![CDATA[553]]></text_reviews_count>
  <url><![CDATA[https://www.goodreads.com/book/show/10588.Nightmares_and_Dreamscapes]]></url>
  <link><![CDATA[https://www.goodreads.com/book/show/10588.Nightmares_and_Dreamscapes]]></link>
  <authors>
<author>
<id>3389</id>
<name>Stephen King</name>
<role></role>
<image_url nophoto='false'>
<![CDATA[https://images.gr-assets.com/authors/1362814142p5/3389.jpg]]>
</image_url>
<small_image_url nophoto='false'>
<![CDATA[https://images.gr-assets.com/authors/1362814142p2/3389.jpg]]>
</small_image_url>
<link><![CDATA[https://www.goodreads.com/author/show/3389.Stephen_King]]></link>
<average_rating>4.01</average_rating>
<ratings_count>10357276</ratings_count>
<text_reviews_count>349176</text_reviews_count>
</author>
</authors>

    <reviews_widget>
      <![CDATA[
        <style>
  #goodreads-widget {
    font-family: georgia, serif;
    padding: 18px 0;
    width:565px;
  }
  #goodreads-widget h1 {
    font-weight:normal;
    font-size: 16px;
    border-bottom: 1px solid #BBB596;
    margin-bottom: 0;
  }
  #goodreads-widget a {
    text-decoration: none;
    color:#660;
  }
  iframe{
    background-color: #fff;
  }
  #goodreads-widget a:hover { text-decoration: underline; }
  #goodreads-widget a:active {
    color:#660;
  }
  #gr_footer {
    width: 100%;
    border-top: 1px solid #BBB596;
    text-align: right;
  }
  #goodreads-widget .gr_branding{
    color: #382110;
    font-size: 11px;
    text-decoration: none;
    font-family: "Helvetica Neue", Helvetica, Arial, sans-serif;
  }
</style>
<div id="goodreads-widget">
  <div id="gr_header"><h1><a rel="nofollow" href="https://www.goodreads.com/book/show/10588.Nightmares_and_Dreamscapes">Nightmares and Dreamscapes Reviews</a></h1></div>
  <iframe id="the_iframe" src="https://www.goodreads.com/api/reviews_widget_iframe?did=DEVELOPER_ID&amp;format=html&amp;isbn=0450610098&amp;links=660&amp;min_rating=&amp;review_back=fff&amp;stars=000&amp;text=000" width="565" height="400" frameborder="0"></iframe>
  <div id="gr_footer">
    <a class="gr_branding" target="_blank" rel="nofollow" href="https://www.goodreads.com/book/show/10588.Nightmares_and_Dreamscapes?utm_medium=api&amp;utm_source=reviews_widget">Reviews from Goodreads.com</a>
  </div>
</div>

      ]]>
    </reviews_widget>
  <popular_shelves>
      <shelf name="to-read" count="20090"/>
      <shelf name="horror" count="1925"/>
      <shelf name="stephen-king" count="1255"/>
      <shelf name="currently-reading" count="1084"/>
      <shelf name="short-stories" count="647"/>
      <shelf name="fiction" count="626"/>
      <shelf name="owned" count="327"/>
      <shelf name="books-i-own" count="247"/>
      <shelf name="king" count="188"/>
      <shelf name="default" count="170"/>
      <shelf name="fantasy" count="140"/>
      <shelf name="favorites" count="138"/>
      <shelf name="owned-books" count="106"/>
      <shelf name="thriller" count="101"/>
      <shelf name="my-library" count="58"/>
      <shelf name="anthology" count="57"/>
      <shelf name="mystery" count="54"/>
      <shelf name="my-books" count="52"/>
      <shelf name="library" count="51"/>
      <shelf name="supernatural" count="50"/>
      <shelf name="short-story-collections" count="49"/>
      <shelf name="horror-thriller" count="46"/>
      <shelf name="stories" count="43"/>
      <shelf name="king-stephen" count="43"/>
      <shelf name="short" count="40"/>
      <shelf name="american" count="39"/>
      <shelf name="collection" count="38"/>
      <shelf name="suspense" count="37"/>
      <shelf name="i-own" count="36"/>
      <shelf name="science-fiction" count="35"/>
      <shelf name="own-it" count="34"/>
      <shelf name="books" count="33"/>
      <shelf name="short-story" count="30"/>
      <shelf name="anthologies" count="29"/>
      <shelf name="paranormal" count="29"/>
      <shelf name="ebooks" count="27"/>
      <shelf name="kindle" count="27"/>
      <shelf name="the-king" count="26"/>
      <shelf name="sci-fi" count="26"/>
      <shelf name="horror-suspense" count="25"/>
      <shelf name="novels" count="24"/>
      <shelf name="audiobook" count="23"/>
      <shelf name="general" count="23"/>
      <shelf name="hardcover" count="22"/>
      <shelf name="ebook" count="22"/>
      <shelf name="short-fiction" count="22"/>
      <shelf name="detective" count="21"/>
      <shelf name="stephenking" count="21"/>
      <shelf name="home-library" count="21"/>
      <shelf name="short-story-collection" count="21"/>
      <shelf name="adult-fiction" count="20"/>
      <shelf name="thriller-horror" count="20"/>
      <shelf name="have" count="19"/>
      <shelf name="tales" count="19"/>
      <shelf name="to-buy" count="19"/>
      <shelf name="collections" count="18"/>
      <shelf name="calibre" count="18"/>
      <shelf name="ghost" count="18"/>
      <shelf name="audiobooks" count="18"/>
      <shelf name="stephen-king-books" count="17"/>
      <shelf name="stephen-king-to-read" count="17"/>
      <shelf name="wish-list" count="17"/>
      <shelf name="general-fiction" count="16"/>
      <shelf name="adult" count="15"/>
      <shelf name="stephen" count="15"/>
      <shelf name="creepy" count="15"/>
      <shelf name="fiction-horror" count="15"/>
      <shelf name="steven-king" count="15"/>
      <shelf name="type" count="15"/>
      <shelf name="large" count="15"/>
      <shelf name="s-king" count="15"/>
      <shelf name="20th-century" count="15"/>
      <shelf name="unfinished" count="15"/>
      <shelf name="stephen-king-read" count="14"/>
      <shelf name="shortstories" count="14"/>
      <shelf name="audio" count="14"/>
      <shelf name="english" count="14"/>
      <shelf name="my-collection" count="14"/>
      <shelf name="horror-fiction" count="14"/>
      <shelf name="scary" count="14"/>
      <shelf name="books-owned" count="13"/>
      <shelf name="e-books" count="13"/>
      <shelf name="bookshelf" count="13"/>
      <shelf name="paperback" count="13"/>
      <shelf name="sk" count="12"/>
      <shelf name="vampires" count="12"/>
      <shelf name="unread" count="12"/>
      <shelf name="thrillers" count="12"/>
      <shelf name="stephen-king-collection" count="11"/>
      <shelf name="on-my-shelf" count="11"/>
      <shelf name="to-read-owned" count="11"/>
      <shelf name="horror-supernatural" count="11"/>
      <shelf name="first-edition" count="10"/>
      <shelf name="mine" count="10"/>
      <shelf name="owned-but-not-read" count="10"/>
      <shelf name="tbr" count="10"/>
      <shelf name="favourites" count="10"/>
      <shelf name="shorts" count="9"/>
      <shelf name="suspense-thriller" count="9"/>
      <shelf name="crime" count="9"/>
  </popular_shelves>
  <book_links>
    <book_link>
  <id>8</id>
  <name>Libraries</name>
  <link>https://www.goodreads.com/book_link/follow/8</link>
</book_link>

  </book_links>
  <buy_links>
    <buy_link>
<id>1</id>
<name>Amazon</name>
<link>https://www.goodreads.com/book_link/follow/1</link>
</buy_link>
<buy_link>
<id>10</id>
<name>Audible</name>
<link>https://www.goodreads.com/book_link/follow/10</link>
</buy_link>
<buy_link>
<id>3</id>
<name>Barnes &amp; Noble</name>
<link>https://www.goodreads.com/book_link/follow/3</link>
</buy_link>
<buy_link>
<id>1027</id>
<name>Kobo</name>
<link>https://www.goodreads.com/book_link/follow/1027</link>
</buy_link>
<buy_link>
<id>2102</id>
<name>Apple iBooks</name>
<link>https://www.goodreads.com/book_link/follow/2102</link>
</buy_link>
<buy_link>
<id>8036</id>
<name>Google Play</name>
<link>https://www.goodreads.com/book_link/follow/8036</link>
</buy_link>
<buy_link>
<id>4</id>
<name>Abebooks</name>
<link>https://www.goodreads.com/book_link/follow/4</link>
</buy_link>
<buy_link>
<id>882</id>
<name>Book Depository</name>
<link>https://www.goodreads.com/book_link/follow/882</link>
</buy_link>
<buy_link>
<id>9</id>
<name>Indigo</name>
<link>https://www.goodreads.com/book_link/follow/9</link>
</buy_link>
<buy_link>
<id>2</id>
<name>Half.com</name>
<link>https://www.goodreads.com/book_link/follow/2</link>
</buy_link>
<buy_link>
<id>5</id>
<name>Alibris</name>
<link>https://www.goodreads.com/book_link/follow/5</link>
</buy_link>
<buy_link>
<id>107</id>
<name>Better World Books</name>
<link>https://www.goodreads.com/book_link/follow/107</link>
</buy_link>
<buy_link>
<id>7</id>
<name>IndieBound</name>
<link>https://www.goodreads.com/book_link/follow/7</link>
</buy_link>

  </buy_links>
  <series_works>
    
  </series_works>
  <similar_books>
          <book>
<id>10596</id>
<title>The Regulators</title>
<title_without_series>The Regulators</title_without_series>
<link><![CDATA[https://www.goodreads.com/book/show/10596.The_Regulators]]></link>
<small_image_url><![CDATA[https://images.gr-assets.com/books/1364033309s/10596.jpg]]></small_image_url>
<image_url><![CDATA[https://images.gr-assets.com/books/1364033309m/10596.jpg]]></image_url>
<num_pages></num_pages>
<work>
<id>955346</id>
</work>
<isbn>0451191013</isbn>
<isbn13>9780451191014</isbn13>
<average_rating>3.63</average_rating>
<ratings_count>53340</ratings_count>
<publication_year></publication_year>
<publication_month></publication_month>
<publication_day></publication_day>
<authors>
<author>
<id>5858</id>
<name>Richard Bachman</name>
<link><![CDATA[https://www.goodreads.com/author/show/5858.Richard_Bachman]]></link>
</author>
</authors>
</book>

          <book>
<id>11532</id>
<title>Night Visions 5</title>
<title_without_series>Night Visions 5</title_without_series>
<link><![CDATA[https://www.goodreads.com/book/show/11532.Night_Visions_5]]></link>
<small_image_url><![CDATA[https://images.gr-assets.com/books/1289330105s/11532.jpg]]></small_image_url>
<image_url><![CDATA[https://images.gr-assets.com/books/1289330105m/11532.jpg]]></image_url>
<num_pages>274</num_pages>
<work>
<id>88730</id>
</work>
<isbn>0913165328</isbn>
<isbn13>9780913165324</isbn13>
<average_rating>3.90</average_rating>
<ratings_count>1362</ratings_count>
<publication_year>1988</publication_year>
<publication_month>5</publication_month>
<publication_day></publication_day>
<authors>
<author>
<id>18351</id>
<name>Douglas E. Winter</name>
<link><![CDATA[https://www.goodreads.com/author/show/18351.Douglas_E_Winter]]></link>
</author>
</authors>
</book>

          <book>
<id>52643</id>
<title><![CDATA[In the Flesh (Books of Blood #5)]]></title>
<title_without_series>In the Flesh</title_without_series>
<link><![CDATA[https://www.goodreads.com/book/show/52643.In_the_Flesh]]></link>
<small_image_url><![CDATA[https://s.gr-assets.com/assets/nophoto/book/50x75-a91bf249278a81aabab721ef782c4a74.png]]></small_image_url>
<image_url><![CDATA[https://s.gr-assets.com/assets/nophoto/book/111x148-bcc042a9c91a29c1d680899eff700a03.png]]></image_url>
<num_pages>192</num_pages>
<work>
<id>1135706</id>
</work>
<isbn>074341733X</isbn>
<isbn13>9780743417334</isbn13>
<average_rating>4.00</average_rating>
<ratings_count>5706</ratings_count>
<publication_year>2001</publication_year>
<publication_month>2</publication_month>
<publication_day>1</publication_day>
<authors>
<author>
<id>10366</id>
<name>Clive Barker</name>
<link><![CDATA[https://www.goodreads.com/author/show/10366.Clive_Barker]]></link>
</author>
</authors>
</book>

          <book>
<id>173984</id>
<title><![CDATA[Three-Ten to Yuma and Other Stories]]></title>
<title_without_series><![CDATA[Three-Ten to Yuma and Other Stories]]></title_without_series>
<link><![CDATA[https://www.goodreads.com/book/show/173984.Three_Ten_to_Yuma_and_Other_Stories]]></link>
<small_image_url><![CDATA[https://images.gr-assets.com/books/1410132752s/173984.jpg]]></small_image_url>
<image_url><![CDATA[https://images.gr-assets.com/books/1410132752m/173984.jpg]]></image_url>
<num_pages>193</num_pages>
<work>
<id>1944564</id>
</work>
<isbn>0061121649</isbn>
<isbn13>9780061121647</isbn13>
<average_rating>3.94</average_rating>
<ratings_count>1763</ratings_count>
<publication_year>2006</publication_year>
<publication_month>11</publication_month>
<publication_day>28</publication_day>
<authors>
<author>
<id>12940</id>
<name>Elmore Leonard</name>
<link><![CDATA[https://www.goodreads.com/author/show/12940.Elmore_Leonard]]></link>
</author>
</authors>
</book>

          <book>
<id>19576</id>
<title>Magic Terror</title>
<title_without_series>Magic Terror</title_without_series>
<link><![CDATA[https://www.goodreads.com/book/show/19576.Magic_Terror]]></link>
<small_image_url><![CDATA[https://images.gr-assets.com/books/1408924037s/19576.jpg]]></small_image_url>
<image_url><![CDATA[https://images.gr-assets.com/books/1408924037m/19576.jpg]]></image_url>
<num_pages></num_pages>
<work>
<id>926264</id>
</work>
<isbn>0007109911</isbn>
<isbn13>9780007109913</isbn13>
<average_rating>3.57</average_rating>
<ratings_count>888</ratings_count>
<publication_year>2002</publication_year>
<publication_month>3</publication_month>
<publication_day>4</publication_day>
<authors>
<author>
<id>6941</id>
<name>Peter Straub</name>
<link><![CDATA[https://www.goodreads.com/author/show/6941.Peter_Straub]]></link>
</author>
</authors>
</book>

          <book>
<id>33544</id>
<title><![CDATA[Nightmare At 20,000 Feet: Horror Stories]]></title>
<title_without_series><![CDATA[Nightmare At 20,000 Feet: Horror Stories]]></title_without_series>
<link><![CDATA[https://www.goodreads.com/book/show/33544.Nightmare_At_20_000_Feet]]></link>
<small_image_url><![CDATA[https://s.gr-assets.com/assets/nophoto/book/50x75-a91bf249278a81aabab721ef782c4a74.png]]></small_image_url>
<image_url><![CDATA[https://s.gr-assets.com/assets/nophoto/book/111x148-bcc042a9c91a29c1d680899eff700a03.png]]></image_url>
<num_pages>336</num_pages>
<work>
<id>33606</id>
</work>
<isbn>0312878273</isbn>
<isbn13>9780312878276</isbn13>
<average_rating>4.09</average_rating>
<ratings_count>5993</ratings_count>
<publication_year>2002</publication_year>
<publication_month>1</publication_month>
<publication_day>5</publication_day>
<authors>
<author>
<id>8726</id>
<name>Richard Matheson</name>
<link><![CDATA[https://www.goodreads.com/author/show/8726.Richard_Matheson]]></link>
</author>
</authors>
</book>

          <book>
<id>32445</id>
<title>Strange Highways</title>
<title_without_series>Strange Highways</title_without_series>
<link><![CDATA[https://www.goodreads.com/book/show/32445.Strange_Highways]]></link>
<small_image_url><![CDATA[https://s.gr-assets.com/assets/nophoto/book/50x75-a91bf249278a81aabab721ef782c4a74.png]]></small_image_url>
<image_url><![CDATA[https://s.gr-assets.com/assets/nophoto/book/111x148-bcc042a9c91a29c1d680899eff700a03.png]]></image_url>
<num_pages>576</num_pages>
<work>
<id>22522</id>
</work>
<isbn>0446531383</isbn>
<isbn13>9780446531382</isbn13>
<average_rating>3.83</average_rating>
<ratings_count>15888</ratings_count>
<publication_year>2002</publication_year>
<publication_month>9</publication_month>
<publication_day>29</publication_day>
<authors>
<author>
<id>9355</id>
<name>Dean Koontz</name>
<link><![CDATA[https://www.goodreads.com/author/show/9355.Dean_Koontz]]></link>
</author>
</authors>
</book>

          <book>
<id>348599</id>
<title><![CDATA[The Girl Who Loved Tom Gordon: A Pop-up Book]]></title>
<title_without_series><![CDATA[The Girl Who Loved Tom Gordon: A Pop-up Book]]></title_without_series>
<link><![CDATA[https://www.goodreads.com/book/show/348599.The_Girl_Who_Loved_Tom_Gordon]]></link>
<small_image_url><![CDATA[https://s.gr-assets.com/assets/nophoto/book/50x75-a91bf249278a81aabab721ef782c4a74.png]]></small_image_url>
<image_url><![CDATA[https://s.gr-assets.com/assets/nophoto/book/111x148-bcc042a9c91a29c1d680899eff700a03.png]]></image_url>
<num_pages>16</num_pages>
<work>
<id>49994379</id>
</work>
<isbn>0689862725</isbn>
<isbn13>9780689862724</isbn13>
<average_rating>4.00</average_rating>
<ratings_count>2695</ratings_count>
<publication_year>2004</publication_year>
<publication_month>10</publication_month>
<publication_day>12</publication_day>
<authors>
<author>
<id>607</id>
<name>Peter Abrahams</name>
<link><![CDATA[https://www.goodreads.com/author/show/607.Peter_Abrahams]]></link>
</author>
</authors>
</book>

          <book>
<id>11291</id>
<title>Lovedeath</title>
<title_without_series>Lovedeath</title_without_series>
<link><![CDATA[https://www.goodreads.com/book/show/11291.Lovedeath]]></link>
<small_image_url><![CDATA[https://images.gr-assets.com/books/1166468581s/11291.jpg]]></small_image_url>
<image_url><![CDATA[https://images.gr-assets.com/books/1166468581m/11291.jpg]]></image_url>
<num_pages></num_pages>
<work>
<id>13963</id>
</work>
<isbn>0446600776</isbn>
<isbn13>9780446600774</isbn13>
<average_rating>3.74</average_rating>
<ratings_count>1177</ratings_count>
<publication_year>1994</publication_year>
<publication_month>11</publication_month>
<publication_day>1</publication_day>
<authors>
<author>
<id>2687</id>
<name>Dan Simmons</name>
<link><![CDATA[https://www.goodreads.com/author/show/2687.Dan_Simmons]]></link>
</author>
</authors>
</book>

          <book>
<id>1467324</id>
<title>The Stake</title>
<title_without_series>The Stake</title_without_series>
<link><![CDATA[https://www.goodreads.com/book/show/1467324.The_Stake]]></link>
<small_image_url><![CDATA[https://images.gr-assets.com/books/1460996465s/1467324.jpg]]></small_image_url>
<image_url><![CDATA[https://images.gr-assets.com/books/1460996465m/1467324.jpg]]></image_url>
<num_pages>441</num_pages>
<work>
<id>1040072</id>
</work>
<isbn>0312060165</isbn>
<isbn13>9780312060169</isbn13>
<average_rating>3.81</average_rating>
<ratings_count>2442</ratings_count>
<publication_year>1991</publication_year>
<publication_month>5</publication_month>
<publication_day></publication_day>
<authors>
<author>
<id>83937</id>
<name>Richard Laymon</name>
<link><![CDATA[https://www.goodreads.com/author/show/83937.Richard_Laymon]]></link>
</author>
</authors>
</book>

          <book>
<id>179739</id>
<title>Peaceable Kingdom</title>
<title_without_series>Peaceable Kingdom</title_without_series>
<link><![CDATA[https://www.goodreads.com/book/show/179739.Peaceable_Kingdom]]></link>
<small_image_url><![CDATA[https://s.gr-assets.com/assets/nophoto/book/50x75-a91bf249278a81aabab721ef782c4a74.png]]></small_image_url>
<image_url><![CDATA[https://s.gr-assets.com/assets/nophoto/book/111x148-bcc042a9c91a29c1d680899eff700a03.png]]></image_url>
<num_pages>416</num_pages>
<work>
<id>173656</id>
</work>
<isbn>0843952164</isbn>
<isbn13>9780843952162</isbn13>
<average_rating>3.87</average_rating>
<ratings_count>1344</ratings_count>
<publication_year></publication_year>
<publication_month></publication_month>
<publication_day></publication_day>
<authors>
<author>
<id>90070</id>
<name>Jack Ketchum</name>
<link><![CDATA[https://www.goodreads.com/author/show/90070.Jack_Ketchum]]></link>
</author>
</authors>
</book>

          <book>
<id>373915</id>
<title>20th Century Ghosts</title>
<title_without_series>20th Century Ghosts</title_without_series>
<link><![CDATA[https://www.goodreads.com/book/show/373915.20th_Century_Ghosts]]></link>
<small_image_url><![CDATA[https://images.gr-assets.com/books/1388224829s/373915.jpg]]></small_image_url>
<image_url><![CDATA[https://images.gr-assets.com/books/1388224829m/373915.jpg]]></image_url>
<num_pages>316</num_pages>
<work>
<id>1049073</id>
</work>
<isbn>0061147974</isbn>
<isbn13>9780061147975</isbn13>
<average_rating>3.95</average_rating>
<ratings_count>24803</ratings_count>
<publication_year>2007</publication_year>
<publication_month>10</publication_month>
<publication_day>16</publication_day>
<authors>
<author>
<id>88506</id>
<name>Joe Hill</name>
<link><![CDATA[https://www.goodreads.com/author/show/88506.Joe_Hill]]></link>
</author>
</authors>
</book>

          <book>
<id>32462</id>
<title><![CDATA[Alone With the Horrors: The Great Short Fiction, 1961-1991]]></title>
<title_without_series><![CDATA[Alone With the Horrors: The Great Short Fiction, 1961-1991]]></title_without_series>
<link><![CDATA[https://www.goodreads.com/book/show/32462.Alone_With_the_Horrors]]></link>
<small_image_url><![CDATA[https://s.gr-assets.com/assets/nophoto/book/50x75-a91bf249278a81aabab721ef782c4a74.png]]></small_image_url>
<image_url><![CDATA[https://s.gr-assets.com/assets/nophoto/book/111x148-bcc042a9c91a29c1d680899eff700a03.png]]></image_url>
<num_pages>448</num_pages>
<work>
<id>32627</id>
</work>
<isbn>0765307677</isbn>
<isbn13>9780765307675</isbn13>
<average_rating>4.03</average_rating>
<ratings_count>897</ratings_count>
<publication_year>2004</publication_year>
<publication_month>5</publication_month>
<publication_day>1</publication_day>
<authors>
<author>
<id>18253</id>
<name>Ramsey Campbell</name>
<link><![CDATA[https://www.goodreads.com/author/show/18253.Ramsey_Campbell]]></link>
</author>
</authors>
</book>

          <book>
<id>122189</id>
<title><![CDATA[The Ultimate Dracula: New Stories by Some of the World's Leading Authors]]></title>
<title_without_series><![CDATA[The Ultimate Dracula: New Stories by Some of the World's Leading Authors]]></title_without_series>
<link><![CDATA[https://www.goodreads.com/book/show/122189.The_Ultimate_Dracula]]></link>
<small_image_url><![CDATA[https://s.gr-assets.com/assets/nophoto/book/50x75-a91bf249278a81aabab721ef782c4a74.png]]></small_image_url>
<image_url><![CDATA[https://s.gr-assets.com/assets/nophoto/book/111x148-bcc042a9c91a29c1d680899eff700a03.png]]></image_url>
<num_pages>356</num_pages>
<work>
<id>3721</id>
</work>
<isbn>0440503531</isbn>
<isbn13>9780440503538</isbn13>
<average_rating>3.56</average_rating>
<ratings_count>347</ratings_count>
<publication_year>1991</publication_year>
<publication_month>9</publication_month>
<publication_day>1</publication_day>
<authors>
<author>
<id>41008</id>
<name>Byron Preiss</name>
<link><![CDATA[https://www.goodreads.com/author/show/41008.Byron_Preiss]]></link>
</author>
</authors>
</book>

  </similar_books>
</book>

</GoodreadsResponse>