<?xml version="1.0" encoding="UTF-8"?>
<GoodreadsResponse>
  <Request>
    <authentication>true</authentication>
      <key><![CDATA[all_men_must_serve]]></key>
    <method><![CDATA[book_show]]></method>
  </Request>
  <book>
  <id>10584</id>
  <title>Desperation</title>
  <isbn><![CDATA[0451188462]]></isbn>
  <isbn13><![CDATA[9780451188465]]></isbn13>
  <asin><![CDATA[]]></asin>
  <kindle_asin><![CDATA[B003BKZW1I]]></kindle_asin>
  <marketplace_id><![CDATA[A1F83G8C2ARO7P]]></marketplace_id>
  <country_code><![CDATA[GB]]></country_code>
  <image_url>https://images.gr-assets.com/books/1395764566m/10584.jpg</image_url>
  <small_image_url>https://images.gr-assets.com/books/1395764566s/10584.jpg</small_image_url>
  <publication_year></publication_year>
  <publication_month></publication_month>
  <publication_day></publication_day>
  <publisher></publisher>
  <language_code>eng</language_code>
  <is_ebook>false</is_ebook>
  <description><![CDATA[There's a place along Interstate 50 that some call the loneliest place on Earth. It's known as Desperation, Nevada.<br />It's not a very nice place to live. It's an even worse place to die.<br />Let the battle against evil begin.<br />Welcome to ... Desperation<br /><br />-----------------------------------------------------------<br /><br /><i>Also: see Alternate Cover Editions for this ISBN [ACE] </i><br /><b>
  <a href="https://www.goodreads.com/book/show/7350543" rel="nofollow">ACE #1</a>
</b><br /><br />~]]></description>
  <work>
  <id type="integer">14015</id>
  <books_count type="integer">44</books_count>
  <best_book_id type="integer">10584</best_book_id>
  <reviews_count type="integer">148001</reviews_count>
  <ratings_sum type="integer">380504</ratings_sum>
  <ratings_count type="integer">100171</ratings_count>
  <text_reviews_count type="integer">1789</text_reviews_count>
  <original_publication_year type="integer">1996</original_publication_year>
  <original_publication_month type="integer">9</original_publication_month>
  <original_publication_day type="integer">24</original_publication_day>
  <original_title>Desperation</original_title>
  <original_language_id type="integer" nil="true"/>
  <media_type>book</media_type>
  <rating_dist>5:29797|4:32978|3:27099|2:8013|1:2284|total:100171</rating_dist>
  <desc_user_id type="integer">5117003</desc_user_id>
  <default_chaptering_book_id type="integer" nil="true"/>
  <default_description_language_code nil="true"/>
</work>
  <average_rating>3.80</average_rating>
  <num_pages><![CDATA[547]]></num_pages>
  <format><![CDATA[Mass Market Paperback]]></format>
  <edition_information><![CDATA[First Signet Edition]]></edition_information>
  <ratings_count><![CDATA[94855]]></ratings_count>
  <text_reviews_count><![CDATA[1368]]></text_reviews_count>
  <url><![CDATA[https://www.goodreads.com/book/show/10584.Desperation]]></url>
  <link><![CDATA[https://www.goodreads.com/book/show/10584.Desperation]]></link>
  <authors>
<author>
<id>3389</id>
<name>Stephen King</name>
<role></role>
<image_url nophoto='false'>
<![CDATA[https://images.gr-assets.com/authors/1362814142p5/3389.jpg]]>
</image_url>
<small_image_url nophoto='false'>
<![CDATA[https://images.gr-assets.com/authors/1362814142p2/3389.jpg]]>
</small_image_url>
<link><![CDATA[https://www.goodreads.com/author/show/3389.Stephen_King]]></link>
<average_rating>4.01</average_rating>
<ratings_count>10357276</ratings_count>
<text_reviews_count>349176</text_reviews_count>
</author>
</authors>

    <reviews_widget>
      <![CDATA[
        <style>
  #goodreads-widget {
    font-family: georgia, serif;
    padding: 18px 0;
    width:565px;
  }
  #goodreads-widget h1 {
    font-weight:normal;
    font-size: 16px;
    border-bottom: 1px solid #BBB596;
    margin-bottom: 0;
  }
  #goodreads-widget a {
    text-decoration: none;
    color:#660;
  }
  iframe{
    background-color: #fff;
  }
  #goodreads-widget a:hover { text-decoration: underline; }
  #goodreads-widget a:active {
    color:#660;
  }
  #gr_footer {
    width: 100%;
    border-top: 1px solid #BBB596;
    text-align: right;
  }
  #goodreads-widget .gr_branding{
    color: #382110;
    font-size: 11px;
    text-decoration: none;
    font-family: "Helvetica Neue", Helvetica, Arial, sans-serif;
  }
</style>
<div id="goodreads-widget">
  <div id="gr_header"><h1><a rel="nofollow" href="https://www.goodreads.com/book/show/10584.Desperation">Desperation Reviews</a></h1></div>
  <iframe id="the_iframe" src="https://www.goodreads.com/api/reviews_widget_iframe?did=DEVELOPER_ID&amp;format=html&amp;isbn=0451188462&amp;links=660&amp;min_rating=&amp;review_back=fff&amp;stars=000&amp;text=000" width="565" height="400" frameborder="0"></iframe>
  <div id="gr_footer">
    <a class="gr_branding" target="_blank" rel="nofollow" href="https://www.goodreads.com/book/show/10584.Desperation?utm_medium=api&amp;utm_source=reviews_widget">Reviews from Goodreads.com</a>
  </div>
</div>

      ]]>
    </reviews_widget>
  <popular_shelves>
      <shelf name="to-read" count="2271"/>
      <shelf name="currently-reading" count="948"/>
      <shelf name="fiction" count="743"/>
      <shelf name="owned" count="357"/>
      <shelf name="favorites" count="340"/>
      <shelf name="books-i-own" count="279"/>
      <shelf name="default" count="237"/>
      <shelf name="horror" count="163"/>
      <shelf name="stephen-king" count="140"/>
      <shelf name="fantasy" count="135"/>
      <shelf name="owned-books" count="119"/>
      <shelf name="suspense" count="83"/>
      <shelf name="my-library" count="62"/>
      <shelf name="my-books" count="59"/>
      <shelf name="library" count="58"/>
      <shelf name="horror-thriller" count="57"/>
      <shelf name="novels" count="54"/>
      <shelf name="i-own" count="47"/>
      <shelf name="king-stephen" count="43"/>
      <shelf name="kindle" count="38"/>
      <shelf name="ebook" count="37"/>
      <shelf name="own-it" count="35"/>
      <shelf name="nevada" count="32"/>
      <shelf name="mystery" count="32"/>
      <shelf name="adult" count="30"/>
      <shelf name="horror-suspense" count="30"/>
      <shelf name="the-king" count="30"/>
      <shelf name="ebooks" count="27"/>
      <shelf name="hardcover" count="27"/>
      <shelf name="adult-fiction" count="27"/>
      <shelf name="psychological" count="26"/>
      <shelf name="have" count="26"/>
      <shelf name="audiobooks" count="25"/>
      <shelf name="s-king" count="25"/>
      <shelf name="police" count="25"/>
      <shelf name="audiobook" count="25"/>
      <shelf name="sci-fi" count="25"/>
      <shelf name="home-library" count="25"/>
      <shelf name="general" count="24"/>
      <shelf name="wish-list" count="24"/>
      <shelf name="king" count="23"/>
      <shelf name="books" count="23"/>
      <shelf name="tales" count="23"/>
      <shelf name="terror" count="23"/>
      <shelf name="novel" count="23"/>
      <shelf name="calibre" count="22"/>
      <shelf name="traffic" count="22"/>
      <shelf name="travelers" count="22"/>
      <shelf name="dark-tower" count="22"/>
      <shelf name="stephen-king-read" count="21"/>
      <shelf name="fiction-horror" count="21"/>
      <shelf name="scary" count="21"/>
      <shelf name="american" count="20"/>
      <shelf name="science-fiction" count="19"/>
      <shelf name="stephenking" count="19"/>
      <shelf name="favourites" count="19"/>
      <shelf name="to-buy" count="19"/>
      <shelf name="sk" count="19"/>
      <shelf name="contemporary" count="19"/>
      <shelf name="bookshelf" count="18"/>
      <shelf name="own-to-read" count="18"/>
      <shelf name="unread" count="17"/>
      <shelf name="books-owned" count="17"/>
      <shelf name="thrillers" count="17"/>
      <shelf name="tbr" count="16"/>
      <shelf name="stephen-king-collection" count="16"/>
      <shelf name="paperback" count="16"/>
      <shelf name="stephen-king-books" count="16"/>
      <shelf name="audio" count="16"/>
      <shelf name="e-books" count="15"/>
      <shelf name="home" count="15"/>
      <shelf name="stephen-king-to-read" count="15"/>
      <shelf name="creepy" count="15"/>
      <shelf name="finished" count="14"/>
      <shelf name="my-collection" count="14"/>
      <shelf name="personal-library" count="13"/>
      <shelf name="horror-fiction" count="13"/>
      <shelf name="borrowed" count="13"/>
      <shelf name="collection" count="13"/>
      <shelf name="sci-fi-fantasy" count="13"/>
      <shelf name="20th-century" count="12"/>
      <shelf name="books-i-have" count="12"/>
      <shelf name="favorite-books" count="12"/>
      <shelf name="audio-books" count="12"/>
      <shelf name="other" count="12"/>
      <shelf name="general-fiction" count="12"/>
      <shelf name="thriller-horror" count="12"/>
      <shelf name="dark" count="11"/>
      <shelf name="on-kindle" count="11"/>
      <shelf name="favorite-authors" count="11"/>
      <shelf name="horror-supernatural" count="11"/>
      <shelf name="fantasy-horror" count="11"/>
      <shelf name="mystery-thriller" count="11"/>
      <shelf name="read-in-2016" count="10"/>
      <shelf name="shelfari-favorites" count="10"/>
      <shelf name="on-the-shelf" count="10"/>
      <shelf name="religion" count="10"/>
      <shelf name="fantasy-sci-fi" count="10"/>
      <shelf name="1996" count="10"/>
      <shelf name="steven-king" count="10"/>
  </popular_shelves>
  <book_links>
    <book_link>
  <id>8</id>
  <name>Libraries</name>
  <link>https://www.goodreads.com/book_link/follow/8</link>
</book_link>

  </book_links>
  <buy_links>
    <buy_link>
<id>1</id>
<name>Amazon</name>
<link>https://www.goodreads.com/book_link/follow/1</link>
</buy_link>
<buy_link>
<id>10</id>
<name>Audible</name>
<link>https://www.goodreads.com/book_link/follow/10</link>
</buy_link>
<buy_link>
<id>3</id>
<name>Barnes &amp; Noble</name>
<link>https://www.goodreads.com/book_link/follow/3</link>
</buy_link>
<buy_link>
<id>1027</id>
<name>Kobo</name>
<link>https://www.goodreads.com/book_link/follow/1027</link>
</buy_link>
<buy_link>
<id>2102</id>
<name>Apple iBooks</name>
<link>https://www.goodreads.com/book_link/follow/2102</link>
</buy_link>
<buy_link>
<id>8036</id>
<name>Google Play</name>
<link>https://www.goodreads.com/book_link/follow/8036</link>
</buy_link>
<buy_link>
<id>4</id>
<name>Abebooks</name>
<link>https://www.goodreads.com/book_link/follow/4</link>
</buy_link>
<buy_link>
<id>882</id>
<name>Book Depository</name>
<link>https://www.goodreads.com/book_link/follow/882</link>
</buy_link>
<buy_link>
<id>9</id>
<name>Indigo</name>
<link>https://www.goodreads.com/book_link/follow/9</link>
</buy_link>
<buy_link>
<id>2</id>
<name>Half.com</name>
<link>https://www.goodreads.com/book_link/follow/2</link>
</buy_link>
<buy_link>
<id>5</id>
<name>Alibris</name>
<link>https://www.goodreads.com/book_link/follow/5</link>
</buy_link>
<buy_link>
<id>107</id>
<name>Better World Books</name>
<link>https://www.goodreads.com/book_link/follow/107</link>
</buy_link>
<buy_link>
<id>7</id>
<name>IndieBound</name>
<link>https://www.goodreads.com/book_link/follow/7</link>
</buy_link>

  </buy_links>
  <series_works>
    
  </series_works>
  <similar_books>
          <book>
<id>10596</id>
<title>The Regulators</title>
<title_without_series>The Regulators</title_without_series>
<link><![CDATA[https://www.goodreads.com/book/show/10596.The_Regulators]]></link>
<small_image_url><![CDATA[https://images.gr-assets.com/books/1364033309s/10596.jpg]]></small_image_url>
<image_url><![CDATA[https://images.gr-assets.com/books/1364033309m/10596.jpg]]></image_url>
<num_pages></num_pages>
<work>
<id>955346</id>
</work>
<isbn>0451191013</isbn>
<isbn13>9780451191014</isbn13>
<average_rating>3.63</average_rating>
<ratings_count>53340</ratings_count>
<publication_year></publication_year>
<publication_month></publication_month>
<publication_day></publication_day>
<authors>
<author>
<id>5858</id>
<name>Richard Bachman</name>
<link><![CDATA[https://www.goodreads.com/author/show/5858.Richard_Bachman]]></link>
</author>
</authors>
</book>

          <book>
<id>65516</id>
<title>Mr. X</title>
<title_without_series>Mr. X</title_without_series>
<link><![CDATA[https://www.goodreads.com/book/show/65516.Mr_X]]></link>
<small_image_url><![CDATA[https://s.gr-assets.com/assets/nophoto/book/50x75-a91bf249278a81aabab721ef782c4a74.png]]></small_image_url>
<image_url><![CDATA[https://s.gr-assets.com/assets/nophoto/book/111x148-bcc042a9c91a29c1d680899eff700a03.png]]></image_url>
<num_pages>626</num_pages>
<work>
<id>926266</id>
</work>
<isbn>0006513751</isbn>
<isbn13>9780006513759</isbn13>
<average_rating>3.63</average_rating>
<ratings_count>3558</ratings_count>
<publication_year>2001</publication_year>
<publication_month>3</publication_month>
<publication_day>28</publication_day>
<authors>
<author>
<id>6941</id>
<name>Peter Straub</name>
<link><![CDATA[https://www.goodreads.com/author/show/6941.Peter_Straub]]></link>
</author>
</authors>
</book>

          <book>
<id>32640</id>
<title><![CDATA[The Inhuman Condition (Books of Blood, #4)]]></title>
<title_without_series>The Inhuman Condition</title_without_series>
<link><![CDATA[https://www.goodreads.com/book/show/32640.The_Inhuman_Condition]]></link>
<small_image_url><![CDATA[https://s.gr-assets.com/assets/nophoto/book/50x75-a91bf249278a81aabab721ef782c4a74.png]]></small_image_url>
<image_url><![CDATA[https://s.gr-assets.com/assets/nophoto/book/111x148-bcc042a9c91a29c1d680899eff700a03.png]]></image_url>
<num_pages>180</num_pages>
<work>
<id>32799</id>
</work>
<isbn>0743417348</isbn>
<isbn13>9780743417341</isbn13>
<average_rating>3.97</average_rating>
<ratings_count>6173</ratings_count>
<publication_year></publication_year>
<publication_month></publication_month>
<publication_day></publication_day>
<authors>
<author>
<id>10366</id>
<name>Clive Barker</name>
<link><![CDATA[https://www.goodreads.com/author/show/10366.Clive_Barker]]></link>
</author>
</authors>
</book>

          <book>
<id>11279</id>
<title>Summer of Night</title>
<title_without_series>Summer of Night</title_without_series>
<link><![CDATA[https://www.goodreads.com/book/show/11279.Summer_of_Night]]></link>
<small_image_url><![CDATA[https://s.gr-assets.com/assets/nophoto/book/50x75-a91bf249278a81aabab721ef782c4a74.png]]></small_image_url>
<image_url><![CDATA[https://s.gr-assets.com/assets/nophoto/book/111x148-bcc042a9c91a29c1d680899eff700a03.png]]></image_url>
<num_pages></num_pages>
<work>
<id>1623734</id>
</work>
<isbn>0446362662</isbn>
<isbn13>9780446362665</isbn13>
<average_rating>4.00</average_rating>
<ratings_count>14450</ratings_count>
<publication_year></publication_year>
<publication_month></publication_month>
<publication_day></publication_day>
<authors>
<author>
<id>2687</id>
<name>Dan Simmons</name>
<link><![CDATA[https://www.goodreads.com/author/show/2687.Dan_Simmons]]></link>
</author>
</authors>
</book>

          <book>
<id>11532</id>
<title>Night Visions 5</title>
<title_without_series>Night Visions 5</title_without_series>
<link><![CDATA[https://www.goodreads.com/book/show/11532.Night_Visions_5]]></link>
<small_image_url><![CDATA[https://images.gr-assets.com/books/1289330105s/11532.jpg]]></small_image_url>
<image_url><![CDATA[https://images.gr-assets.com/books/1289330105m/11532.jpg]]></image_url>
<num_pages>274</num_pages>
<work>
<id>88730</id>
</work>
<isbn>0913165328</isbn>
<isbn13>9780913165324</isbn13>
<average_rating>3.90</average_rating>
<ratings_count>1362</ratings_count>
<publication_year>1988</publication_year>
<publication_month>5</publication_month>
<publication_day></publication_day>
<authors>
<author>
<id>18351</id>
<name>Douglas E. Winter</name>
<link><![CDATA[https://www.goodreads.com/author/show/18351.Douglas_E_Winter]]></link>
</author>
</authors>
</book>

          <book>
<id>32429</id>
<title>Dragon Tears</title>
<title_without_series>Dragon Tears</title_without_series>
<link><![CDATA[https://www.goodreads.com/book/show/32429.Dragon_Tears]]></link>
<small_image_url><![CDATA[https://images.gr-assets.com/books/1308458435s/32429.jpg]]></small_image_url>
<image_url><![CDATA[https://images.gr-assets.com/books/1308458435m/32429.jpg]]></image_url>
<num_pages>432</num_pages>
<work>
<id>2771826</id>
</work>
<isbn>0425208435</isbn>
<isbn13>9780425208434</isbn13>
<average_rating>3.72</average_rating>
<ratings_count>18461</ratings_count>
<publication_year>2006</publication_year>
<publication_month>2</publication_month>
<publication_day>7</publication_day>
<authors>
<author>
<id>9355</id>
<name>Dean Koontz</name>
<link><![CDATA[https://www.goodreads.com/author/show/9355.Dean_Koontz]]></link>
</author>
</authors>
</book>

          <book>
<id>6980553</id>
<title><![CDATA[Stephen King Illustrated Companion Manuscripts, Correspondence, Drawings, and Memorabilia from the Master of Modern Horror]]></title>
<title_without_series><![CDATA[Stephen King Illustrated Companion Manuscripts, Correspondence, Drawings, and Memorabilia from the Master of Modern Horror]]></title_without_series>
<link><![CDATA[https://www.goodreads.com/book/show/6980553-stephen-king-illustrated-companion-manuscripts-correspondence-drawings]]></link>
<small_image_url><![CDATA[https://s.gr-assets.com/assets/nophoto/book/50x75-a91bf249278a81aabab721ef782c4a74.png]]></small_image_url>
<image_url><![CDATA[https://s.gr-assets.com/assets/nophoto/book/111x148-bcc042a9c91a29c1d680899eff700a03.png]]></image_url>
<num_pages></num_pages>
<work>
<id>7222310</id>
</work>
<isbn>1435117662</isbn>
<isbn13>9781435117662</isbn13>
<average_rating>4.28</average_rating>
<ratings_count>2325</ratings_count>
<publication_year></publication_year>
<publication_month></publication_month>
<publication_day></publication_day>
<authors>
<author>
<id>3469</id>
<name>Bev Vincent</name>
<link><![CDATA[https://www.goodreads.com/author/show/3469.Bev_Vincent]]></link>
</author>
</authors>
</book>

          <book>
<id>348599</id>
<title><![CDATA[The Girl Who Loved Tom Gordon: A Pop-up Book]]></title>
<title_without_series><![CDATA[The Girl Who Loved Tom Gordon: A Pop-up Book]]></title_without_series>
<link><![CDATA[https://www.goodreads.com/book/show/348599.The_Girl_Who_Loved_Tom_Gordon]]></link>
<small_image_url><![CDATA[https://s.gr-assets.com/assets/nophoto/book/50x75-a91bf249278a81aabab721ef782c4a74.png]]></small_image_url>
<image_url><![CDATA[https://s.gr-assets.com/assets/nophoto/book/111x148-bcc042a9c91a29c1d680899eff700a03.png]]></image_url>
<num_pages>16</num_pages>
<work>
<id>49994379</id>
</work>
<isbn>0689862725</isbn>
<isbn13>9780689862724</isbn13>
<average_rating>4.00</average_rating>
<ratings_count>2694</ratings_count>
<publication_year>2004</publication_year>
<publication_month>10</publication_month>
<publication_day>12</publication_day>
<authors>
<author>
<id>607</id>
<name>Peter Abrahams</name>
<link><![CDATA[https://www.goodreads.com/author/show/607.Peter_Abrahams]]></link>
</author>
</authors>
</book>

          <book>
<id>201641</id>
<title>Funland</title>
<title_without_series>Funland</title_without_series>
<link><![CDATA[https://www.goodreads.com/book/show/201641.Funland]]></link>
<small_image_url><![CDATA[https://images.gr-assets.com/books/1315174128s/201641.jpg]]></small_image_url>
<image_url><![CDATA[https://images.gr-assets.com/books/1315174128m/201641.jpg]]></image_url>
<num_pages>500</num_pages>
<work>
<id>195090</id>
</work>
<isbn>0747235473</isbn>
<isbn13>9780747235477</isbn13>
<average_rating>3.80</average_rating>
<ratings_count>3022</ratings_count>
<publication_year>1990</publication_year>
<publication_month></publication_month>
<publication_day></publication_day>
<authors>
<author>
<id>83937</id>
<name>Richard Laymon</name>
<link><![CDATA[https://www.goodreads.com/author/show/83937.Richard_Laymon]]></link>
</author>
</authors>
</book>

          <book>
<id>11580</id>
<title>Creepshow</title>
<title_without_series>Creepshow</title_without_series>
<link><![CDATA[https://www.goodreads.com/book/show/11580.Creepshow]]></link>
<small_image_url><![CDATA[https://images.gr-assets.com/books/1332002598s/11580.jpg]]></small_image_url>
<image_url><![CDATA[https://images.gr-assets.com/books/1332002598m/11580.jpg]]></image_url>
<num_pages>66</num_pages>
<work>
<id>14011</id>
</work>
<isbn>0452253802</isbn>
<isbn13>9780452253803</isbn13>
<average_rating>4.06</average_rating>
<ratings_count>28469</ratings_count>
<publication_year>1982</publication_year>
<publication_month>8</publication_month>
<publication_day>1</publication_day>
<authors>
<author>
<id>3389</id>
<name>Stephen King</name>
<link><![CDATA[https://www.goodreads.com/author/show/3389.Stephen_King]]></link>
</author>
</authors>
</book>

  </similar_books>
</book>

</GoodreadsResponse>