<?xml version="1.0" encoding="UTF-8"?>
<GoodreadsResponse>
  <Request>
    <authentication>true</authentication>
      <key><![CDATA[all_men_must_serve]]></key>
    <method><![CDATA[book_show]]></method>
  </Request>
  <book>
  <id>10587120</id>
  <title><![CDATA[Killing Lincoln: The Shocking Assassination that Changed America Forever]]></title>
  <isbn><![CDATA[0805093079]]></isbn>
  <isbn13><![CDATA[9780805093070]]></isbn13>
  <asin><![CDATA[]]></asin>
  <kindle_asin><![CDATA[B004ULORYU]]></kindle_asin>
  <marketplace_id><![CDATA[A1F83G8C2ARO7P]]></marketplace_id>
  <country_code><![CDATA[GB]]></country_code>
  <image_url>https://images.gr-assets.com/books/1317793681m/10587120.jpg</image_url>
  <small_image_url>https://images.gr-assets.com/books/1317793681s/10587120.jpg</small_image_url>
  <publication_year></publication_year>
  <publication_month></publication_month>
  <publication_day></publication_day>
  <publisher></publisher>
  <language_code>eng</language_code>
  <is_ebook>false</is_ebook>
  <description><![CDATA[<p>
  <b>A riveting historical narrative of the heart-stopping events surrounding the assassination of Abraham Lincoln, and the first work of history from mega-bestselling author Bill O'Reilly</b>
</p><p>The anchor of <i>The O'Reilly Factor</i> recounts one of the most dramatic stories in American history—how one gunshot changed the country forever. In the spring of 1865, the bloody saga of America's Civil War finally comes to an end after a series of increasingly harrowing battles. President Abraham Lincoln's generous terms for Robert E. Lee's surrender are devised to fulfill Lincoln's dream of healing a divided nation, with the former Confederates allowed to reintegrate into American society. But one man and his band of murderous accomplices, perhaps reaching into the highest ranks of the U.S. government, are not appeased.</p><p>In the midst of the patriotic celebrations in Washington D.C., John Wilkes Booth—charismatic ladies' man and impenitent racist—murders Abraham Lincoln at Ford's Theatre. A furious manhunt ensues and Booth immediately becomes the country's most wanted fugitive. Lafayette C. Baker, a smart but shifty New York detective and former Union spy, unravels the string of clues leading to Booth, while federal forces track his accomplices. The thrilling chase ends in a fiery shootout and a series of court-ordered executions—including that of the first woman ever executed by the U.S. government, Mary Surratt. Featuring some of history's most remarkable figures, vivid detail, and page-turning action, <i>Killing Lincoln</i> is history that reads like a thriller. </p><br /><br /><a target="_blank" href="http://catalog.loc.gov/cgi-bin/Pwebrecon.cgi?DB=local&amp;Search_Arg=9780805093070&amp;Search_Code=STNO&amp;CNT=100" rel="nofollow">http://catalog.loc.gov/cgi-bin/Pwebre...</a><br /><br />~]]></description>
  <work>
  <id type="integer">15494456</id>
  <books_count type="integer">21</books_count>
  <best_book_id type="integer">10587120</best_book_id>
  <reviews_count type="integer">146857</reviews_count>
  <ratings_sum type="integer">308084</ratings_sum>
  <ratings_count type="integer">76718</ratings_count>
  <text_reviews_count type="integer">5848</text_reviews_count>
  <original_publication_year type="integer">2011</original_publication_year>
  <original_publication_month type="integer">9</original_publication_month>
  <original_publication_day type="integer">27</original_publication_day>
  <original_title>Killing Lincoln: The Shocking Assassination that Changed America Forever</original_title>
  <original_language_id type="integer" nil="true"/>
  <media_type>book</media_type>
  <rating_dist>5:29416|4:28231|3:12971|2:3067|1:3033|total:76718</rating_dist>
  <desc_user_id type="integer">1045091</desc_user_id>
  <default_chaptering_book_id type="integer" nil="true"/>
  <default_description_language_code nil="true"/>
</work>
  <average_rating>4.02</average_rating>
  <num_pages><![CDATA[324]]></num_pages>
  <format><![CDATA[]]></format>
  <edition_information><![CDATA[First Edition]]></edition_information>
  <ratings_count><![CDATA[71909]]></ratings_count>
  <text_reviews_count><![CDATA[5535]]></text_reviews_count>
  <url><![CDATA[https://www.goodreads.com/book/show/10587120-killing-lincoln]]></url>
  <link><![CDATA[https://www.goodreads.com/book/show/10587120-killing-lincoln]]></link>
  <authors>
<author>
<id>27281</id>
<name>Bill O&apos;Reilly</name>
<role></role>
<image_url nophoto='false'>
<![CDATA[https://images.gr-assets.com/authors/1415448841p5/27281.jpg]]>
</image_url>
<small_image_url nophoto='false'>
<![CDATA[https://images.gr-assets.com/authors/1415448841p2/27281.jpg]]>
</small_image_url>
<link><![CDATA[https://www.goodreads.com/author/show/27281.Bill_O_Reilly]]></link>
<average_rating>3.99</average_rating>
<ratings_count>202375</ratings_count>
<text_reviews_count>19066</text_reviews_count>
</author>
<author>
<id>1549</id>
<name>Martin Dugard</name>
<role></role>
<image_url nophoto='false'>
<![CDATA[https://images.gr-assets.com/authors/1397612643p5/1549.jpg]]>
</image_url>
<small_image_url nophoto='false'>
<![CDATA[https://images.gr-assets.com/authors/1397612643p2/1549.jpg]]>
</small_image_url>
<link><![CDATA[https://www.goodreads.com/author/show/1549.Martin_Dugard]]></link>
<average_rating>4.00</average_rating>
<ratings_count>180827</ratings_count>
<text_reviews_count>17661</text_reviews_count>
</author>
</authors>

    <reviews_widget>
      <![CDATA[
        <style>
  #goodreads-widget {
    font-family: georgia, serif;
    padding: 18px 0;
    width:565px;
  }
  #goodreads-widget h1 {
    font-weight:normal;
    font-size: 16px;
    border-bottom: 1px solid #BBB596;
    margin-bottom: 0;
  }
  #goodreads-widget a {
    text-decoration: none;
    color:#660;
  }
  iframe{
    background-color: #fff;
  }
  #goodreads-widget a:hover { text-decoration: underline; }
  #goodreads-widget a:active {
    color:#660;
  }
  #gr_footer {
    width: 100%;
    border-top: 1px solid #BBB596;
    text-align: right;
  }
  #goodreads-widget .gr_branding{
    color: #382110;
    font-size: 11px;
    text-decoration: none;
    font-family: "Helvetica Neue", Helvetica, Arial, sans-serif;
  }
</style>
<div id="goodreads-widget">
  <div id="gr_header"><h1><a rel="nofollow" href="https://www.goodreads.com/book/show/10587120-killing-lincoln">Killing Lincoln Reviews</a></h1></div>
  <iframe id="the_iframe" src="https://www.goodreads.com/api/reviews_widget_iframe?did=DEVELOPER_ID&amp;format=html&amp;isbn=0805093079&amp;links=660&amp;min_rating=&amp;review_back=fff&amp;stars=000&amp;text=000" width="565" height="400" frameborder="0"></iframe>
  <div id="gr_footer">
    <a class="gr_branding" target="_blank" rel="nofollow" href="https://www.goodreads.com/book/show/10587120-killing-lincoln?utm_medium=api&amp;utm_source=reviews_widget">Reviews from Goodreads.com</a>
  </div>
</div>

      ]]>
    </reviews_widget>
  <popular_shelves>
      <shelf name="to-read" count="10805"/>
      <shelf name="currently-reading" count="2208"/>
      <shelf name="history" count="1096"/>
      <shelf name="non-fiction" count="815"/>
      <shelf name="biography" count="292"/>
      <shelf name="historical" count="169"/>
      <shelf name="book-club" count="163"/>
      <shelf name="favorites" count="149"/>
      <shelf name="american-history" count="140"/>
      <shelf name="civil-war" count="130"/>
      <shelf name="politics" count="86"/>
      <shelf name="owned" count="79"/>
      <shelf name="abraham-lincoln" count="72"/>
      <shelf name="audio" count="68"/>
      <shelf name="historical-fiction" count="65"/>
      <shelf name="audiobook" count="60"/>
      <shelf name="biographies" count="58"/>
      <shelf name="presidents" count="56"/>
      <shelf name="kindle" count="56"/>
      <shelf name="bill-o-reilly" count="55"/>
      <shelf name="books-i-own" count="51"/>
      <shelf name="audiobooks" count="50"/>
      <shelf name="audio-book" count="50"/>
      <shelf name="audio-books" count="45"/>
      <shelf name="lincoln" count="45"/>
      <shelf name="default" count="42"/>
      <shelf name="war" count="42"/>
      <shelf name="library" count="41"/>
      <shelf name="american-civil-war" count="38"/>
      <shelf name="true-crime" count="36"/>
      <shelf name="political" count="36"/>
      <shelf name="bookclub" count="34"/>
      <shelf name="read-in-2012" count="29"/>
      <shelf name="owned-books" count="28"/>
      <shelf name="historical-non-fiction" count="26"/>
      <shelf name="assassination-of-president" count="25"/>
      <shelf name="audible" count="25"/>
      <shelf name="adult" count="24"/>
      <shelf name="crime" count="24"/>
      <shelf name="assassination" count="24"/>
      <shelf name="fiction" count="23"/>
      <shelf name="read-in-2013" count="21"/>
      <shelf name="book-club-books" count="21"/>
      <shelf name="my-library" count="21"/>
      <shelf name="us-history" count="20"/>
      <shelf name="finished" count="19"/>
      <shelf name="to-buy" count="19"/>
      <shelf name="listened-to" count="19"/>
      <shelf name="ebook" count="18"/>
      <shelf name="biography-memoir" count="17"/>
      <shelf name="nonfiction" count="16"/>
      <shelf name="john-wilkes-booth" count="16"/>
      <shelf name="read-2012" count="16"/>
      <shelf name="military" count="16"/>
      <shelf name="wish-list" count="16"/>
      <shelf name="book-club-reads" count="15"/>
      <shelf name="2012-books" count="15"/>
      <shelf name="non-fiction-history" count="15"/>
      <shelf name="conspiracy" count="14"/>
      <shelf name="have" count="14"/>
      <shelf name="own-it" count="14"/>
      <shelf name="my-books" count="14"/>
      <shelf name="read-in-2014" count="13"/>
      <shelf name="history-biography" count="13"/>
      <shelf name="history-american" count="13"/>
      <shelf name="killing-lincoln" count="13"/>
      <shelf name="didn-t-finish" count="13"/>
      <shelf name="ebooks" count="13"/>
      <shelf name="did-not-finish" count="13"/>
      <shelf name="read-2013" count="12"/>
      <shelf name="abandoned" count="12"/>
      <shelf name="i-own" count="12"/>
      <shelf name="biographical" count="12"/>
      <shelf name="2013-books" count="11"/>
      <shelf name="biography-autobiography" count="11"/>
      <shelf name="o-reilly-bill" count="11"/>
      <shelf name="historical-nonfiction" count="11"/>
      <shelf name="19th-century" count="11"/>
      <shelf name="library-book" count="11"/>
      <shelf name="america" count="11"/>
      <shelf name="read-in-2016" count="10"/>
      <shelf name="borrowed" count="10"/>
      <shelf name="book-group" count="10"/>
      <shelf name="calibre" count="10"/>
      <shelf name="nook" count="10"/>
      <shelf name="history-civil-war" count="9"/>
      <shelf name="american" count="9"/>
      <shelf name="us-presidents" count="9"/>
      <shelf name="civil" count="9"/>
      <shelf name="history-non-fiction" count="9"/>
      <shelf name="to-read-nonfiction" count="9"/>
      <shelf name="educational" count="9"/>
      <shelf name="bio" count="9"/>
      <shelf name="2013-reads" count="8"/>
      <shelf name="u-s-history" count="8"/>
      <shelf name="want-to-read" count="8"/>
      <shelf name="e-book" count="8"/>
      <shelf name="2012-reads" count="8"/>
      <shelf name="us-civil-war" count="8"/>
      <shelf name="read-2017" count="7"/>
  </popular_shelves>
  <book_links>
    <book_link>
  <id>8</id>
  <name>Libraries</name>
  <link>https://www.goodreads.com/book_link/follow/8</link>
</book_link>

  </book_links>
  <buy_links>
    <buy_link>
<id>1</id>
<name>Amazon</name>
<link>https://www.goodreads.com/book_link/follow/1</link>
</buy_link>
<buy_link>
<id>10</id>
<name>Audible</name>
<link>https://www.goodreads.com/book_link/follow/10</link>
</buy_link>
<buy_link>
<id>3</id>
<name>Barnes &amp; Noble</name>
<link>https://www.goodreads.com/book_link/follow/3</link>
</buy_link>
<buy_link>
<id>1027</id>
<name>Kobo</name>
<link>https://www.goodreads.com/book_link/follow/1027</link>
</buy_link>
<buy_link>
<id>2102</id>
<name>Apple iBooks</name>
<link>https://www.goodreads.com/book_link/follow/2102</link>
</buy_link>
<buy_link>
<id>8036</id>
<name>Google Play</name>
<link>https://www.goodreads.com/book_link/follow/8036</link>
</buy_link>
<buy_link>
<id>4</id>
<name>Abebooks</name>
<link>https://www.goodreads.com/book_link/follow/4</link>
</buy_link>
<buy_link>
<id>882</id>
<name>Book Depository</name>
<link>https://www.goodreads.com/book_link/follow/882</link>
</buy_link>
<buy_link>
<id>9</id>
<name>Indigo</name>
<link>https://www.goodreads.com/book_link/follow/9</link>
</buy_link>
<buy_link>
<id>2</id>
<name>Half.com</name>
<link>https://www.goodreads.com/book_link/follow/2</link>
</buy_link>
<buy_link>
<id>5</id>
<name>Alibris</name>
<link>https://www.goodreads.com/book_link/follow/5</link>
</buy_link>
<buy_link>
<id>107</id>
<name>Better World Books</name>
<link>https://www.goodreads.com/book_link/follow/107</link>
</buy_link>
<buy_link>
<id>7</id>
<name>IndieBound</name>
<link>https://www.goodreads.com/book_link/follow/7</link>
</buy_link>

  </buy_links>
  <series_works>
    <series_work>
<id>688048</id>
<user_position></user_position>
<series>
<id>137481</id>
<title>
<![CDATA[
    The Killing of Historical Figures
]]>
</title>
<description>
<![CDATA[
]]>
</description>
<note>
<![CDATA[
]]>
</note>
<series_works_count>8</series_works_count>
<primary_work_count>6</primary_work_count>
<numbered>false</numbered>
</series>

</series_work>

  </series_works>
  <similar_books>
          <book>
<id>12262732</id>
<title>Being George Washington</title>
<title_without_series>Being George Washington</title_without_series>
<link><![CDATA[https://www.goodreads.com/book/show/12262732-being-george-washington]]></link>
<small_image_url><![CDATA[https://s.gr-assets.com/assets/nophoto/book/50x75-a91bf249278a81aabab721ef782c4a74.png]]></small_image_url>
<image_url><![CDATA[https://s.gr-assets.com/assets/nophoto/book/111x148-bcc042a9c91a29c1d680899eff700a03.png]]></image_url>
<num_pages>287</num_pages>
<work>
<id>17237703</id>
</work>
<isbn>1451659261</isbn>
<isbn13>9781451659269</isbn13>
<average_rating>4.03</average_rating>
<ratings_count>2880</ratings_count>
<publication_year>2011</publication_year>
<publication_month>11</publication_month>
<publication_day>22</publication_day>
<authors>
<author>
<id>188932</id>
<name>Glenn Beck</name>
<link><![CDATA[https://www.goodreads.com/author/show/188932.Glenn_Beck]]></link>
</author>
</authors>
</book>

          <book>
<id>172803</id>
<title><![CDATA[A Patriot's History of the United States: From Columbus's Great Discovery to the War on Terror]]></title>
<title_without_series><![CDATA[A Patriot's History of the United States: From Columbus's Great Discovery to the War on Terror]]></title_without_series>
<link><![CDATA[https://www.goodreads.com/book/show/172803.A_Patriot_s_History_of_the_United_States]]></link>
<small_image_url><![CDATA[https://s.gr-assets.com/assets/nophoto/book/50x75-a91bf249278a81aabab721ef782c4a74.png]]></small_image_url>
<image_url><![CDATA[https://s.gr-assets.com/assets/nophoto/book/111x148-bcc042a9c91a29c1d680899eff700a03.png]]></image_url>
<num_pages>960</num_pages>
<work>
<id>166887</id>
</work>
<isbn>1595230327</isbn>
<isbn13>9781595230324</isbn13>
<average_rating>4.15</average_rating>
<ratings_count>2539</ratings_count>
<publication_year>2007</publication_year>
<publication_month>2</publication_month>
<publication_day>27</publication_day>
<authors>
<author>
<id>100789</id>
<name>Larry Schweikart</name>
<link><![CDATA[https://www.goodreads.com/author/show/100789.Larry_Schweikart]]></link>
</author>
</authors>
</book>

          <book>
<id>9034043</id>
<title><![CDATA[Rawhide Down: The Near Assassination of Ronald Reagan]]></title>
<title_without_series><![CDATA[Rawhide Down: The Near Assassination of Ronald Reagan]]></title_without_series>
<link><![CDATA[https://www.goodreads.com/book/show/9034043-rawhide-down]]></link>
<small_image_url><![CDATA[https://s.gr-assets.com/assets/nophoto/book/50x75-a91bf249278a81aabab721ef782c4a74.png]]></small_image_url>
<image_url><![CDATA[https://s.gr-assets.com/assets/nophoto/book/111x148-bcc042a9c91a29c1d680899eff700a03.png]]></image_url>
<num_pages>305</num_pages>
<work>
<id>13911753</id>
</work>
<isbn>080509346X</isbn>
<isbn13>9780805093469</isbn13>
<average_rating>4.14</average_rating>
<ratings_count>1998</ratings_count>
<publication_year>2011</publication_year>
<publication_month>3</publication_month>
<publication_day>15</publication_day>
<authors>
<author>
<id>4258178</id>
<name>Del Quentin Wilber</name>
<link><![CDATA[https://www.goodreads.com/author/show/4258178.Del_Quentin_Wilber]]></link>
</author>
</authors>
</book>

          <book>
<id>24614866</id>
<title><![CDATA[Bill O'Reilly's Legends and Lies: The Real West]]></title>
<title_without_series><![CDATA[Bill O'Reilly's Legends and Lies: The Real West]]></title_without_series>
<link><![CDATA[https://www.goodreads.com/book/show/24614866-bill-o-reilly-s-legends-and-lies]]></link>
<small_image_url><![CDATA[https://images.gr-assets.com/books/1422889902s/24614866.jpg]]></small_image_url>
<image_url><![CDATA[https://images.gr-assets.com/books/1422889902m/24614866.jpg]]></image_url>
<num_pages>304</num_pages>
<work>
<id>44226193</id>
</work>
<isbn>1627795081</isbn>
<isbn13>9781627795081</isbn13>
<average_rating>3.81</average_rating>
<ratings_count>2487</ratings_count>
<publication_year>2015</publication_year>
<publication_month>4</publication_month>
<publication_day>7</publication_day>
<authors>
<author>
<id>4665656</id>
<name>David Fisher</name>
<link><![CDATA[https://www.goodreads.com/author/show/4665656.David_Fisher]]></link>
</author>
</authors>
</book>

          <book>
<id>13067335</id>
<title><![CDATA[The Jefferson Lies: Exposing the Myths You've Always Believed about Thomas Jefferson]]></title>
<title_without_series><![CDATA[The Jefferson Lies: Exposing the Myths You've Always Believed about Thomas Jefferson]]></title_without_series>
<link><![CDATA[https://www.goodreads.com/book/show/13067335-the-jefferson-lies]]></link>
<small_image_url><![CDATA[https://images.gr-assets.com/books/1380857141s/13067335.jpg]]></small_image_url>
<image_url><![CDATA[https://images.gr-assets.com/books/1380857141m/13067335.jpg]]></image_url>
<num_pages>304</num_pages>
<work>
<id>18233137</id>
</work>
<isbn>1595554599</isbn>
<isbn13>9781595554598</isbn13>
<average_rating>4.06</average_rating>
<ratings_count>840</ratings_count>
<publication_year>2012</publication_year>
<publication_month>4</publication_month>
<publication_day>10</publication_day>
<authors>
<author>
<id>58232</id>
<name>David Barton</name>
<link><![CDATA[https://www.goodreads.com/author/show/58232.David_Barton]]></link>
</author>
</authors>
</book>

          <book>
<id>178578</id>
<title>The Real George Washington</title>
<title_without_series>The Real George Washington</title_without_series>
<link><![CDATA[https://www.goodreads.com/book/show/178578.The_Real_George_Washington]]></link>
<small_image_url><![CDATA[https://images.gr-assets.com/books/1319153614s/178578.jpg]]></small_image_url>
<image_url><![CDATA[https://images.gr-assets.com/books/1319153614m/178578.jpg]]></image_url>
<num_pages>928</num_pages>
<work>
<id>172517</id>
</work>
<isbn>0880800143</isbn>
<isbn13>9780880800143</isbn13>
<average_rating>4.38</average_rating>
<ratings_count>1533</ratings_count>
<publication_year>1991</publication_year>
<publication_month>12</publication_month>
<publication_day>1</publication_day>
<authors>
<author>
<id>104018</id>
<name>Jay A. Parry</name>
<link><![CDATA[https://www.goodreads.com/author/show/104018.Jay_A_Parry]]></link>
</author>
</authors>
</book>

          <book>
<id>13236353</id>
<title>The Amateur</title>
<title_without_series>The Amateur</title_without_series>
<link><![CDATA[https://www.goodreads.com/book/show/13236353-the-amateur]]></link>
<small_image_url><![CDATA[https://s.gr-assets.com/assets/nophoto/book/50x75-a91bf249278a81aabab721ef782c4a74.png]]></small_image_url>
<image_url><![CDATA[https://s.gr-assets.com/assets/nophoto/book/111x148-bcc042a9c91a29c1d680899eff700a03.png]]></image_url>
<num_pages>256</num_pages>
<work>
<id>18433878</id>
</work>
<isbn>1596987855</isbn>
<isbn13>9781596987852</isbn13>
<average_rating>3.82</average_rating>
<ratings_count>5069</ratings_count>
<publication_year>2012</publication_year>
<publication_month>5</publication_month>
<publication_day>15</publication_day>
<authors>
<author>
<id>47449</id>
<name>Edward Klein</name>
<link><![CDATA[https://www.goodreads.com/author/show/47449.Edward_Klein]]></link>
</author>
</authors>
</book>

          <book>
<id>22761137</id>
<title>41: A Portrait of My Father</title>
<title_without_series>41: A Portrait of My Father</title_without_series>
<link><![CDATA[https://www.goodreads.com/book/show/22761137-41]]></link>
<small_image_url><![CDATA[https://images.gr-assets.com/books/1410765283s/22761137.jpg]]></small_image_url>
<image_url><![CDATA[https://images.gr-assets.com/books/1410765283m/22761137.jpg]]></image_url>
<num_pages>294</num_pages>
<work>
<id>42422222</id>
</work>
<isbn>0553447785</isbn>
<isbn13>9780553447781</isbn13>
<average_rating>4.11</average_rating>
<ratings_count>6184</ratings_count>
<publication_year>2014</publication_year>
<publication_month>11</publication_month>
<publication_day>11</publication_day>
<authors>
<author>
<id>13747</id>
<name>George W. Bush</name>
<link><![CDATA[https://www.goodreads.com/author/show/13747.George_W_Bush]]></link>
</author>
</authors>
</book>

          <book>
<id>10968299</id>
<title><![CDATA[The Miracle of Freedom: Seven Tipping Points That Saved the World]]></title>
<title_without_series><![CDATA[The Miracle of Freedom: Seven Tipping Points That Saved the World]]></title_without_series>
<link><![CDATA[https://www.goodreads.com/book/show/10968299-the-miracle-of-freedom]]></link>
<small_image_url><![CDATA[https://images.gr-assets.com/books/1415425648s/10968299.jpg]]></small_image_url>
<image_url><![CDATA[https://images.gr-assets.com/books/1415425648m/10968299.jpg]]></image_url>
<num_pages>304</num_pages>
<work>
<id>15886287</id>
</work>
<isbn>160641951X</isbn>
<isbn13>9781606419519</isbn13>
<average_rating>3.99</average_rating>
<ratings_count>1433</ratings_count>
<publication_year>2011</publication_year>
<publication_month>6</publication_month>
<publication_day>3</publication_day>
<authors>
<author>
<id>99356</id>
<name>Chris Stewart</name>
<link><![CDATA[https://www.goodreads.com/author/show/99356.Chris_Stewart]]></link>
</author>
</authors>
</book>

          <book>
<id>13059948</id>
<title><![CDATA[Ameritopia: The Unmaking of America]]></title>
<title_without_series><![CDATA[Ameritopia: The Unmaking of America]]></title_without_series>
<link><![CDATA[https://www.goodreads.com/book/show/13059948-ameritopia]]></link>
<small_image_url><![CDATA[https://images.gr-assets.com/books/1327990896s/13059948.jpg]]></small_image_url>
<image_url><![CDATA[https://images.gr-assets.com/books/1327990896m/13059948.jpg]]></image_url>
<num_pages></num_pages>
<work>
<id>18225308</id>
</work>
<isbn></isbn>
<isbn13></isbn13>
<average_rating>4.27</average_rating>
<ratings_count>2177</ratings_count>
<publication_year></publication_year>
<publication_month></publication_month>
<publication_day></publication_day>
<authors>
<author>
<id>311467</id>
<name>Mark R. Levin</name>
<link><![CDATA[https://www.goodreads.com/author/show/311467.Mark_R_Levin]]></link>
</author>
</authors>
</book>

          <book>
<id>12410640</id>
<title><![CDATA[The Presidents Club: Inside the World's Most Exclusive Fraternity]]></title>
<title_without_series><![CDATA[The Presidents Club: Inside the World's Most Exclusive Fraternity]]></title_without_series>
<link><![CDATA[https://www.goodreads.com/book/show/12410640-the-presidents-club]]></link>
<small_image_url><![CDATA[https://images.gr-assets.com/books/1344400517s/12410640.jpg]]></small_image_url>
<image_url><![CDATA[https://images.gr-assets.com/books/1344400517m/12410640.jpg]]></image_url>
<num_pages>641</num_pages>
<work>
<id>17392263</id>
</work>
<isbn>1439127700</isbn>
<isbn13>9781439127704</isbn13>
<average_rating>4.15</average_rating>
<ratings_count>7706</ratings_count>
<publication_year>2012</publication_year>
<publication_month>4</publication_month>
<publication_day>17</publication_day>
<authors>
<author>
<id>237630</id>
<name>Nancy Gibbs</name>
<link><![CDATA[https://www.goodreads.com/author/show/237630.Nancy_Gibbs]]></link>
</author>
</authors>
</book>

          <book>
<id>1258718</id>
<title>The Reagan Diaries</title>
<title_without_series>The Reagan Diaries</title_without_series>
<link><![CDATA[https://www.goodreads.com/book/show/1258718.The_Reagan_Diaries]]></link>
<small_image_url><![CDATA[https://s.gr-assets.com/assets/nophoto/book/50x75-a91bf249278a81aabab721ef782c4a74.png]]></small_image_url>
<image_url><![CDATA[https://s.gr-assets.com/assets/nophoto/book/111x148-bcc042a9c91a29c1d680899eff700a03.png]]></image_url>
<num_pages>784</num_pages>
<work>
<id>867316</id>
</work>
<isbn>0007263058</isbn>
<isbn13>9780007263059</isbn13>
<average_rating>4.12</average_rating>
<ratings_count>2622</ratings_count>
<publication_year></publication_year>
<publication_month></publication_month>
<publication_day></publication_day>
<authors>
<author>
<id>3543</id>
<name>Ronald Reagan</name>
<link><![CDATA[https://www.goodreads.com/author/show/3543.Ronald_Reagan]]></link>
</author>
</authors>
</book>

          <book>
<id>6475</id>
<title><![CDATA[George Washington's Sacred Fire]]></title>
<title_without_series><![CDATA[George Washington's Sacred Fire]]></title_without_series>
<link><![CDATA[https://www.goodreads.com/book/show/6475.George_Washington_s_Sacred_Fire]]></link>
<small_image_url><![CDATA[https://s.gr-assets.com/assets/nophoto/book/50x75-a91bf249278a81aabab721ef782c4a74.png]]></small_image_url>
<image_url><![CDATA[https://s.gr-assets.com/assets/nophoto/book/111x148-bcc042a9c91a29c1d680899eff700a03.png]]></image_url>
<num_pages>1187</num_pages>
<work>
<id>9762</id>
</work>
<isbn>0978605268</isbn>
<isbn13>9780978605261</isbn13>
<average_rating>4.19</average_rating>
<ratings_count>629</ratings_count>
<publication_year>2011</publication_year>
<publication_month>5</publication_month>
<publication_day>31</publication_day>
<authors>
<author>
<id>4365</id>
<name>Peter A. Lillback</name>
<link><![CDATA[https://www.goodreads.com/author/show/4365.Peter_A_Lillback]]></link>
</author>
</authors>
</book>

          <book>
<id>12727472</id>
<title><![CDATA[SEAL Target Geronimo: The Inside Story of the Mission to Kill Osama bin Laden]]></title>
<title_without_series><![CDATA[SEAL Target Geronimo: The Inside Story of the Mission to Kill Osama bin Laden]]></title_without_series>
<link><![CDATA[https://www.goodreads.com/book/show/12727472-seal-target-geronimo]]></link>
<small_image_url><![CDATA[https://images.gr-assets.com/books/1351171795s/12727472.jpg]]></small_image_url>
<image_url><![CDATA[https://images.gr-assets.com/books/1351171795m/12727472.jpg]]></image_url>
<num_pages>240</num_pages>
<work>
<id>17864201</id>
</work>
<isbn>1429960256</isbn>
<isbn13>9781429960250</isbn13>
<average_rating>3.76</average_rating>
<ratings_count>1500</ratings_count>
<publication_year>2011</publication_year>
<publication_month>11</publication_month>
<publication_day>8</publication_day>
<authors>
<author>
<id>66110</id>
<name>Chuck Pfarrer</name>
<link><![CDATA[https://www.goodreads.com/author/show/66110.Chuck_Pfarrer]]></link>
</author>
</authors>
</book>

          <book>
<id>10335318</id>
<title><![CDATA[Destiny of the Republic: A Tale of Madness, Medicine and the Murder of a President]]></title>
<title_without_series><![CDATA[Destiny of the Republic: A Tale of Madness, Medicine and the Murder of a President]]></title_without_series>
<link><![CDATA[https://www.goodreads.com/book/show/10335318-destiny-of-the-republic]]></link>
<small_image_url><![CDATA[https://images.gr-assets.com/books/1327883084s/10335318.jpg]]></small_image_url>
<image_url><![CDATA[https://images.gr-assets.com/books/1327883084m/10335318.jpg]]></image_url>
<num_pages>339</num_pages>
<work>
<id>15237912</id>
</work>
<isbn>0385526261</isbn>
<isbn13>9780385526265</isbn13>
<average_rating>4.19</average_rating>
<ratings_count>37474</ratings_count>
<publication_year>2011</publication_year>
<publication_month>9</publication_month>
<publication_day>20</publication_day>
<authors>
<author>
<id>44565</id>
<name>Candice Millard</name>
<link><![CDATA[https://www.goodreads.com/author/show/44565.Candice_Millard]]></link>
</author>
</authors>
</book>

          <book>
<id>10555059</id>
<title><![CDATA[In My Time: A Personal and Political Memoir]]></title>
<title_without_series><![CDATA[In My Time: A Personal and Political Memoir]]></title_without_series>
<link><![CDATA[https://www.goodreads.com/book/show/10555059-in-my-time]]></link>
<small_image_url><![CDATA[https://images.gr-assets.com/books/1407435279s/10555059.jpg]]></small_image_url>
<image_url><![CDATA[https://images.gr-assets.com/books/1407435279m/10555059.jpg]]></image_url>
<num_pages>576</num_pages>
<work>
<id>15461735</id>
</work>
<isbn>1439176191</isbn>
<isbn13>9781439176191</isbn13>
<average_rating>3.77</average_rating>
<ratings_count>2415</ratings_count>
<publication_year>2011</publication_year>
<publication_month>8</publication_month>
<publication_day>30</publication_day>
<authors>
<author>
<id>4001971</id>
<name>Dick Cheney</name>
<link><![CDATA[https://www.goodreads.com/author/show/4001971.Dick_Cheney]]></link>
</author>
</authors>
</book>

          <book>
<id>8738445</id>
<title>The Roots of Obama&apos;s Rage</title>
<title_without_series>The Roots of Obama&apos;s Rage</title_without_series>
<link><![CDATA[https://www.goodreads.com/book/show/8738445-the-roots-of-obama-s-rage]]></link>
<small_image_url><![CDATA[https://s.gr-assets.com/assets/nophoto/book/50x75-a91bf249278a81aabab721ef782c4a74.png]]></small_image_url>
<image_url><![CDATA[https://s.gr-assets.com/assets/nophoto/book/111x148-bcc042a9c91a29c1d680899eff700a03.png]]></image_url>
<num_pages></num_pages>
<work>
<id>13611551</id>
</work>
<isbn>1596986255</isbn>
<isbn13>9781596986251</isbn13>
<average_rating>4.13</average_rating>
<ratings_count>1929</ratings_count>
<publication_year></publication_year>
<publication_month></publication_month>
<publication_day></publication_day>
<authors>
<author>
<id>3545</id>
<name>Dinesh D&apos;Souza</name>
<link><![CDATA[https://www.goodreads.com/author/show/3545.Dinesh_D_Souza]]></link>
</author>
</authors>
</book>

          <book>
<id>6460435</id>
<title><![CDATA[To Try Men's Souls (Revolutionary War, #1)]]></title>
<title_without_series>To Try Men&apos;s Souls</title_without_series>
<link><![CDATA[https://www.goodreads.com/book/show/6460435-to-try-men-s-souls]]></link>
<small_image_url><![CDATA[https://s.gr-assets.com/assets/nophoto/book/50x75-a91bf249278a81aabab721ef782c4a74.png]]></small_image_url>
<image_url><![CDATA[https://s.gr-assets.com/assets/nophoto/book/111x148-bcc042a9c91a29c1d680899eff700a03.png]]></image_url>
<num_pages>345</num_pages>
<work>
<id>6650840</id>
</work>
<isbn>0312591063</isbn>
<isbn13>9780312591069</isbn13>
<average_rating>4.07</average_rating>
<ratings_count>1318</ratings_count>
<publication_year>2009</publication_year>
<publication_month>10</publication_month>
<publication_day>20</publication_day>
<authors>
<author>
<id>5103</id>
<name>Newt Gingrich</name>
<link><![CDATA[https://www.goodreads.com/author/show/5103.Newt_Gingrich]]></link>
</author>
</authors>
</book>

  </similar_books>
</book>

</GoodreadsResponse>