<?xml version="1.0" encoding="UTF-8"?>
<GoodreadsResponse>
  <Request>
    <authentication>true</authentication>
      <key><![CDATA[all_men_must_serve]]></key>
    <method><![CDATA[book_show]]></method>
  </Request>
  <book>
  <id>10599805</id>
  <title><![CDATA[A Perfect Blood (The Hollows, #10)]]></title>
  <isbn><![CDATA[0061957895]]></isbn>
  <isbn13><![CDATA[9780061957895]]></isbn13>
  <asin><![CDATA[]]></asin>
  <kindle_asin><![CDATA[B0090RV2FQ]]></kindle_asin>
  <marketplace_id><![CDATA[A1F83G8C2ARO7P]]></marketplace_id>
  <country_code><![CDATA[GB]]></country_code>
  <image_url>https://images.gr-assets.com/books/1312426322m/10599805.jpg</image_url>
  <small_image_url>https://images.gr-assets.com/books/1312426322s/10599805.jpg</small_image_url>
  <publication_year>2012</publication_year>
  <publication_month>2</publication_month>
  <publication_day>21</publication_day>
  <publisher>HarperVoyager</publisher>
  <language_code>en-US</language_code>
  <is_ebook>false</is_ebook>
  <description><![CDATA[<i>New York Times</i> bestselling author Kim Harrison returns to the Hollows with the electrifying follow-up to her acclaimed <i>Pale Demon</i>!<br /><br /><b>A Perfect Blood</b><br /><br />Ritually murdered corpses are appearing across Cincinnati, terrifying amalgams of human and <i>other</i>. Pulled in to help investigate by the I.S. and FIB, former witch turned day-walking demon Rachel Morgan soon realizes a horrifying truth: a human hate group is trying to create its own demons to destroy all Inderlanders, and to do so, it needs her blood.<br /><br />She's faced vampires, witches, werewolves, demons, and more, but humanity itself might be her toughest challenge yet.]]></description>
  <work>
  <id type="integer">15507485</id>
  <books_count type="integer">21</books_count>
  <best_book_id type="integer">10599805</best_book_id>
  <reviews_count type="integer">45749</reviews_count>
  <ratings_sum type="integer">131967</ratings_sum>
  <ratings_count type="integer">30156</ratings_count>
  <text_reviews_count type="integer">1787</text_reviews_count>
  <original_publication_year type="integer">2012</original_publication_year>
  <original_publication_month type="integer">9</original_publication_month>
  <original_publication_day type="integer">25</original_publication_day>
  <original_title>A Perfect Blood</original_title>
  <original_language_id type="integer" nil="true"/>
  <media_type>book</media_type>
  <rating_dist>5:15594|4:10872|3:3226|2:367|1:97|total:30156</rating_dist>
  <desc_user_id type="integer">3109683</desc_user_id>
  <default_chaptering_book_id type="integer" nil="true"/>
  <default_description_language_code nil="true"/>
</work>
  <average_rating>4.38</average_rating>
  <num_pages><![CDATA[438]]></num_pages>
  <format><![CDATA[]]></format>
  <edition_information><![CDATA[1st Edition]]></edition_information>
  <ratings_count><![CDATA[26462]]></ratings_count>
  <text_reviews_count><![CDATA[1595]]></text_reviews_count>
  <url><![CDATA[https://www.goodreads.com/book/show/10599805-a-perfect-blood]]></url>
  <link><![CDATA[https://www.goodreads.com/book/show/10599805-a-perfect-blood]]></link>
  <authors>
<author>
<id>17054</id>
<name>Kim Harrison</name>
<role></role>
<image_url nophoto='false'>
<![CDATA[https://images.gr-assets.com/authors/1435095735p5/17054.jpg]]>
</image_url>
<small_image_url nophoto='false'>
<![CDATA[https://images.gr-assets.com/authors/1435095735p2/17054.jpg]]>
</small_image_url>
<link><![CDATA[https://www.goodreads.com/author/show/17054.Kim_Harrison]]></link>
<average_rating>4.22</average_rating>
<ratings_count>668649</ratings_count>
<text_reviews_count>29172</text_reviews_count>
</author>
</authors>

    <reviews_widget>
      <![CDATA[
        <style>
  #goodreads-widget {
    font-family: georgia, serif;
    padding: 18px 0;
    width:565px;
  }
  #goodreads-widget h1 {
    font-weight:normal;
    font-size: 16px;
    border-bottom: 1px solid #BBB596;
    margin-bottom: 0;
  }
  #goodreads-widget a {
    text-decoration: none;
    color:#660;
  }
  iframe{
    background-color: #fff;
  }
  #goodreads-widget a:hover { text-decoration: underline; }
  #goodreads-widget a:active {
    color:#660;
  }
  #gr_footer {
    width: 100%;
    border-top: 1px solid #BBB596;
    text-align: right;
  }
  #goodreads-widget .gr_branding{
    color: #382110;
    font-size: 11px;
    text-decoration: none;
    font-family: "Helvetica Neue", Helvetica, Arial, sans-serif;
  }
</style>
<div id="goodreads-widget">
  <div id="gr_header"><h1><a rel="nofollow" href="https://www.goodreads.com/book/show/10599805-a-perfect-blood">A Perfect Blood Reviews</a></h1></div>
  <iframe id="the_iframe" src="https://www.goodreads.com/api/reviews_widget_iframe?did=DEVELOPER_ID&amp;format=html&amp;isbn=0061957895&amp;links=660&amp;min_rating=&amp;review_back=fff&amp;stars=000&amp;text=000" width="565" height="400" frameborder="0"></iframe>
  <div id="gr_footer">
    <a class="gr_branding" target="_blank" rel="nofollow" href="https://www.goodreads.com/book/show/10599805-a-perfect-blood?utm_medium=api&amp;utm_source=reviews_widget">Reviews from Goodreads.com</a>
  </div>
</div>

      ]]>
    </reviews_widget>
  <popular_shelves>
      <shelf name="to-read" count="2733"/>
      <shelf name="urban-fantasy" count="410"/>
      <shelf name="fantasy" count="184"/>
      <shelf name="paranormal" count="134"/>
      <shelf name="supernatural" count="119"/>
      <shelf name="vampires" count="99"/>
      <shelf name="favorites" count="90"/>
      <shelf name="paranormal-romance" count="90"/>
      <shelf name="kindle" count="85"/>
      <shelf name="kim-harrison" count="84"/>
      <shelf name="witches" count="67"/>
      <shelf name="owned" count="65"/>
      <shelf name="the-hollows" count="63"/>
      <shelf name="demons" count="63"/>
      <shelf name="magic" count="60"/>
      <shelf name="audiobook" count="59"/>
      <shelf name="fae" count="57"/>
      <shelf name="default" count="56"/>
      <shelf name="fiction" count="55"/>
      <shelf name="library" count="52"/>
      <shelf name="rachel-morgan" count="49"/>
      <shelf name="adult" count="47"/>
      <shelf name="audio" count="44"/>
      <shelf name="harrison-kim" count="42"/>
      <shelf name="romance" count="41"/>
      <shelf name="ebooks" count="41"/>
      <shelf name="series" count="40"/>
      <shelf name="read-2012" count="40"/>
      <shelf name="witch" count="38"/>
      <shelf name="elves" count="34"/>
      <shelf name="books-i-own" count="33"/>
      <shelf name="uf" count="33"/>
      <shelf name="fantasy-urban" count="30"/>
      <shelf name="urban" count="27"/>
      <shelf name="favorite-series" count="27"/>
      <shelf name="e-books" count="26"/>
      <shelf name="wish-list" count="26"/>
      <shelf name="audible" count="24"/>
      <shelf name="currently-reading" count="23"/>
      <shelf name="read-in-2013" count="23"/>
      <shelf name="paranormal-fantasy" count="23"/>
      <shelf name="favourites" count="23"/>
      <shelf name="nook" count="23"/>
      <shelf name="vamps" count="23"/>
      <shelf name="werewolves" count="22"/>
      <shelf name="the-hollows-series" count="21"/>
      <shelf name="vampire" count="20"/>
      <shelf name="e-book" count="20"/>
      <shelf name="ebook" count="18"/>
      <shelf name="fantasy-paranormal" count="18"/>
      <shelf name="re-read" count="17"/>
      <shelf name="owned-books" count="17"/>
      <shelf name="audio-book" count="17"/>
      <shelf name="my-books" count="16"/>
      <shelf name="i-own" count="16"/>
      <shelf name="demon" count="16"/>
      <shelf name="paranormal-urban-fantasy" count="16"/>
      <shelf name="hollows" count="15"/>
      <shelf name="own-it" count="15"/>
      <shelf name="pixies" count="15"/>
      <shelf name="signed" count="15"/>
      <shelf name="audiobooks" count="14"/>
      <shelf name="library-book" count="14"/>
      <shelf name="scifi-fantasy" count="14"/>
      <shelf name="audio-books" count="14"/>
      <shelf name="modern-fantasy" count="14"/>
      <shelf name="witches-wizards" count="14"/>
      <shelf name="mystery" count="13"/>
      <shelf name="read-2014" count="13"/>
      <shelf name="need-to-buy" count="13"/>
      <shelf name="favorite" count="13"/>
      <shelf name="science-fiction-fantasy" count="13"/>
      <shelf name="werewolf" count="13"/>
      <shelf name="sci-fi" count="13"/>
      <shelf name="pnr-uf" count="13"/>
      <shelf name="read-in-2014" count="12"/>
      <shelf name="hardcover" count="12"/>
      <shelf name="faeries" count="12"/>
      <shelf name="harrison" count="12"/>
      <shelf name="5-stars" count="12"/>
      <shelf name="weres" count="12"/>
      <shelf name="alternate-history" count="12"/>
      <shelf name="to-buy" count="11"/>
      <shelf name="shifters" count="11"/>
      <shelf name="fantasy-scifi" count="11"/>
      <shelf name="contemporary" count="11"/>
      <shelf name="favs" count="11"/>
      <shelf name="2012-read" count="11"/>
      <shelf name="favorite-books" count="11"/>
      <shelf name="pnr" count="11"/>
      <shelf name="part-of-a-series" count="11"/>
      <shelf name="action" count="11"/>
      <shelf name="paranormal-fiction" count="11"/>
      <shelf name="dark-fantasy" count="11"/>
      <shelf name="read-in-2015" count="10"/>
      <shelf name="borrowed" count="10"/>
      <shelf name="4-stars" count="10"/>
      <shelf name="suspense" count="10"/>
      <shelf name="urban-paranormal" count="10"/>
      <shelf name="favorite-authors" count="10"/>
  </popular_shelves>
  <book_links>
    <book_link>
  <id>8</id>
  <name>Libraries</name>
  <link>https://www.goodreads.com/book_link/follow/8</link>
</book_link>

  </book_links>
  <buy_links>
    <buy_link>
<id>1</id>
<name>Amazon</name>
<link>https://www.goodreads.com/book_link/follow/1</link>
</buy_link>
<buy_link>
<id>10</id>
<name>Audible</name>
<link>https://www.goodreads.com/book_link/follow/10</link>
</buy_link>
<buy_link>
<id>3</id>
<name>Barnes &amp; Noble</name>
<link>https://www.goodreads.com/book_link/follow/3</link>
</buy_link>
<buy_link>
<id>1027</id>
<name>Kobo</name>
<link>https://www.goodreads.com/book_link/follow/1027</link>
</buy_link>
<buy_link>
<id>2102</id>
<name>Apple iBooks</name>
<link>https://www.goodreads.com/book_link/follow/2102</link>
</buy_link>
<buy_link>
<id>8036</id>
<name>Google Play</name>
<link>https://www.goodreads.com/book_link/follow/8036</link>
</buy_link>
<buy_link>
<id>4</id>
<name>Abebooks</name>
<link>https://www.goodreads.com/book_link/follow/4</link>
</buy_link>
<buy_link>
<id>882</id>
<name>Book Depository</name>
<link>https://www.goodreads.com/book_link/follow/882</link>
</buy_link>
<buy_link>
<id>9</id>
<name>Indigo</name>
<link>https://www.goodreads.com/book_link/follow/9</link>
</buy_link>
<buy_link>
<id>2</id>
<name>Half.com</name>
<link>https://www.goodreads.com/book_link/follow/2</link>
</buy_link>
<buy_link>
<id>5</id>
<name>Alibris</name>
<link>https://www.goodreads.com/book_link/follow/5</link>
</buy_link>
<buy_link>
<id>107</id>
<name>Better World Books</name>
<link>https://www.goodreads.com/book_link/follow/107</link>
</buy_link>
<buy_link>
<id>7</id>
<name>IndieBound</name>
<link>https://www.goodreads.com/book_link/follow/7</link>
</buy_link>

  </buy_links>
  <series_works>
    <series_work>
<id>236370</id>
<user_position>10</user_position>
<series>
<id>40628</id>
<title>
<![CDATA[
    The Hollows
]]>
</title>
<description>
<![CDATA[
    Series also known as:
    <i>* Rachel Morgan
    * Ciclo di Rachel Morgan [Italian]</i>
    
    Please note: Each book in this series is a whole story with a beginning and an ending, however the plot of each book relies heavily on the prior books in the series. It is recommended that you read the full length novels in the order they were published. According to the author, this series is closed ended. The series is expected to end with the 12th or 13th book.
    
    See also:
    * <a href="http://www.goodreads.com/series/58401-the-hollows-graphic-novel">The Hollows Graphic Novel</a>
    
    Ordered after this <a href="http://kimharrison.net/SecondaryPages/BookOrder.html">Timeline</a>
]]>
</description>
<note>
<![CDATA[
]]>
</note>
<series_works_count>32</series_works_count>
<primary_work_count>13</primary_work_count>
<numbered>true</numbered>
</series>

</series_work>

  </series_works>
  <similar_books>
          <book>
<id>12084655</id>
<title><![CDATA[Chasing Magic (Downside Ghosts, #5)]]></title>
<title_without_series>Chasing Magic</title_without_series>
<link><![CDATA[https://www.goodreads.com/book/show/12084655-chasing-magic]]></link>
<small_image_url><![CDATA[https://images.gr-assets.com/books/1342347484s/12084655.jpg]]></small_image_url>
<image_url><![CDATA[https://images.gr-assets.com/books/1342347484m/12084655.jpg]]></image_url>
<num_pages>376</num_pages>
<work>
<id>17052700</id>
</work>
<isbn>0345527526</isbn>
<isbn13>9780345527523</isbn13>
<average_rating>4.20</average_rating>
<ratings_count>4810</ratings_count>
<publication_year>2012</publication_year>
<publication_month>6</publication_month>
<publication_day>26</publication_day>
<authors>
<author>
<id>1045593</id>
<name>Stacia Kane</name>
<link><![CDATA[https://www.goodreads.com/author/show/1045593.Stacia_Kane]]></link>
</author>
</authors>
</book>

          <book>
<id>12114440</id>
<title><![CDATA[Fury's Kiss (Dorina Basarab, #3)]]></title>
<title_without_series>Fury&apos;s Kiss</title_without_series>
<link><![CDATA[https://www.goodreads.com/book/show/12114440-fury-s-kiss]]></link>
<small_image_url><![CDATA[https://images.gr-assets.com/books/1335403194s/12114440.jpg]]></small_image_url>
<image_url><![CDATA[https://images.gr-assets.com/books/1335403194m/12114440.jpg]]></image_url>
<num_pages>536</num_pages>
<work>
<id>17083622</id>
</work>
<isbn>0451413237</isbn>
<isbn13>9780451413239</isbn13>
<average_rating>4.27</average_rating>
<ratings_count>8989</ratings_count>
<publication_year>2012</publication_year>
<publication_month>10</publication_month>
<publication_day>2</publication_day>
<authors>
<author>
<id>38066</id>
<name>Karen Chance</name>
<link><![CDATA[https://www.goodreads.com/author/show/38066.Karen_Chance]]></link>
</author>
</authors>
</book>

          <book>
<id>12620451</id>
<title>Grave Memory (Alex Craft, #3)</title>
<title_without_series>Grave Memory</title_without_series>
<link><![CDATA[https://www.goodreads.com/book/show/12620451-grave-memory]]></link>
<small_image_url><![CDATA[https://images.gr-assets.com/books/1327930692s/12620451.jpg]]></small_image_url>
<image_url><![CDATA[https://images.gr-assets.com/books/1327930692m/12620451.jpg]]></image_url>
<num_pages>373</num_pages>
<work>
<id>17649917</id>
</work>
<isbn>0451464591</isbn>
<isbn13>9780451464590</isbn13>
<average_rating>4.16</average_rating>
<ratings_count>13720</ratings_count>
<publication_year>2012</publication_year>
<publication_month>7</publication_month>
<publication_day>3</publication_day>
<authors>
<author>
<id>2803627</id>
<name>Kalayna Price</name>
<link><![CDATA[https://www.goodreads.com/author/show/2803627.Kalayna_Price]]></link>
</author>
</authors>
</book>

          <book>
<id>12305703</id>
<title><![CDATA[Blue-Blooded Vamp (Sabina Kane, #5)]]></title>
<title_without_series>Blue-Blooded Vamp</title_without_series>
<link><![CDATA[https://www.goodreads.com/book/show/12305703-blue-blooded-vamp]]></link>
<small_image_url><![CDATA[https://images.gr-assets.com/books/1323326912s/12305703.jpg]]></small_image_url>
<image_url><![CDATA[https://images.gr-assets.com/books/1323326912m/12305703.jpg]]></image_url>
<num_pages>352</num_pages>
<work>
<id>17283004</id>
</work>
<isbn>0748129979</isbn>
<isbn13>9780748129973</isbn13>
<average_rating>4.14</average_rating>
<ratings_count>5197</ratings_count>
<publication_year>2012</publication_year>
<publication_month>5</publication_month>
<publication_day>22</publication_day>
<authors>
<author>
<id>1938234</id>
<name>Jaye Wells</name>
<link><![CDATA[https://www.goodreads.com/author/show/1938234.Jaye_Wells]]></link>
</author>
</authors>
</book>

          <book>
<id>11053874</id>
<title><![CDATA[Raven Cursed (Jane Yellowrock, #4)]]></title>
<title_without_series>Raven Cursed</title_without_series>
<link><![CDATA[https://www.goodreads.com/book/show/11053874-raven-cursed]]></link>
<small_image_url><![CDATA[https://images.gr-assets.com/books/1327191717s/11053874.jpg]]></small_image_url>
<image_url><![CDATA[https://images.gr-assets.com/books/1327191717m/11053874.jpg]]></image_url>
<num_pages>353</num_pages>
<work>
<id>15321609</id>
</work>
<isbn>0451464338</isbn>
<isbn13>9780451464330</isbn13>
<average_rating>4.22</average_rating>
<ratings_count>12894</ratings_count>
<publication_year>2012</publication_year>
<publication_month>1</publication_month>
<publication_day>3</publication_day>
<authors>
<author>
<id>234115</id>
<name>Faith Hunter</name>
<link><![CDATA[https://www.goodreads.com/author/show/234115.Faith_Hunter]]></link>
</author>
</authors>
</book>

          <book>
<id>13299211</id>
<title><![CDATA[Magic Gifts (Kate Daniels, #5.4)]]></title>
<title_without_series>Magic Gifts</title_without_series>
<link><![CDATA[https://www.goodreads.com/book/show/13299211-magic-gifts]]></link>
<small_image_url><![CDATA[https://images.gr-assets.com/books/1324799377s/13299211.jpg]]></small_image_url>
<image_url><![CDATA[https://images.gr-assets.com/books/1324799377m/13299211.jpg]]></image_url>
<num_pages>100</num_pages>
<work>
<id>18504471</id>
</work>
<isbn></isbn>
<isbn13></isbn13>
<average_rating>4.36</average_rating>
<ratings_count>14584</ratings_count>
<publication_year>2011</publication_year>
<publication_month>12</publication_month>
<publication_day>24</publication_day>
<authors>
<author>
<id>21748</id>
<name>Ilona Andrews</name>
<link><![CDATA[https://www.goodreads.com/author/show/21748.Ilona_Andrews]]></link>
</author>
</authors>
</book>

          <book>
<id>10590852</id>
<title><![CDATA[Kitty Steals the Show (Kitty Norville, #10)]]></title>
<title_without_series>Kitty Steals the Show</title_without_series>
<link><![CDATA[https://www.goodreads.com/book/show/10590852-kitty-steals-the-show]]></link>
<small_image_url><![CDATA[https://images.gr-assets.com/books/1333696512s/10590852.jpg]]></small_image_url>
<image_url><![CDATA[https://images.gr-assets.com/books/1333696512m/10590852.jpg]]></image_url>
<num_pages>342</num_pages>
<work>
<id>15498308</id>
</work>
<isbn>0575098708</isbn>
<isbn13>9780575098701</isbn13>
<average_rating>3.97</average_rating>
<ratings_count>5230</ratings_count>
<publication_year>2012</publication_year>
<publication_month>8</publication_month>
<publication_day>1</publication_day>
<authors>
<author>
<id>8988</id>
<name>Carrie Vaughn</name>
<link><![CDATA[https://www.goodreads.com/author/show/8988.Carrie_Vaughn]]></link>
</author>
</authors>
</book>

          <book>
<id>11019938</id>
<title><![CDATA[Sins of the Demon (Kara Gillian, #4)]]></title>
<title_without_series>Sins of the Demon</title_without_series>
<link><![CDATA[https://www.goodreads.com/book/show/11019938-sins-of-the-demon]]></link>
<small_image_url><![CDATA[https://images.gr-assets.com/books/1325917393s/11019938.jpg]]></small_image_url>
<image_url><![CDATA[https://images.gr-assets.com/books/1325917393m/11019938.jpg]]></image_url>
<num_pages>311</num_pages>
<work>
<id>15233548</id>
</work>
<isbn>0756407052</isbn>
<isbn13>9780756407056</isbn13>
<average_rating>4.11</average_rating>
<ratings_count>6791</ratings_count>
<publication_year>2012</publication_year>
<publication_month>1</publication_month>
<publication_day>3</publication_day>
<authors>
<author>
<id>852078</id>
<name>Diana Rowland</name>
<link><![CDATA[https://www.goodreads.com/author/show/852078.Diana_Rowland]]></link>
</author>
</authors>
</book>

          <book>
<id>10184345</id>
<title><![CDATA[Ashes of Honor (October Daye, #6)]]></title>
<title_without_series>Ashes of Honor</title_without_series>
<link><![CDATA[https://www.goodreads.com/book/show/10184345-ashes-of-honor]]></link>
<small_image_url><![CDATA[https://images.gr-assets.com/books/1333382143s/10184345.jpg]]></small_image_url>
<image_url><![CDATA[https://images.gr-assets.com/books/1333382143m/10184345.jpg]]></image_url>
<num_pages>353</num_pages>
<work>
<id>15083372</id>
</work>
<isbn></isbn>
<isbn13></isbn13>
<average_rating>4.38</average_rating>
<ratings_count>11647</ratings_count>
<publication_year>2012</publication_year>
<publication_month>9</publication_month>
<publication_day>4</publication_day>
<authors>
<author>
<id>2860219</id>
<name>Seanan McGuire</name>
<link><![CDATA[https://www.goodreads.com/author/show/2860219.Seanan_McGuire]]></link>
</author>
</authors>
</book>

          <book>
<id>10165210</id>
<title><![CDATA[Head Rush (The Disillusionists, #3)]]></title>
<title_without_series>Head Rush</title_without_series>
<link><![CDATA[https://www.goodreads.com/book/show/10165210-head-rush]]></link>
<small_image_url><![CDATA[https://images.gr-assets.com/books/1318454681s/10165210.jpg]]></small_image_url>
<image_url><![CDATA[https://images.gr-assets.com/books/1318454681m/10165210.jpg]]></image_url>
<num_pages>323</num_pages>
<work>
<id>15063921</id>
</work>
<isbn>1609286251</isbn>
<isbn13>9781609286255</isbn13>
<average_rating>3.94</average_rating>
<ratings_count>2810</ratings_count>
<publication_year>2011</publication_year>
<publication_month>12</publication_month>
<publication_day>6</publication_day>
<authors>
<author>
<id>3084517</id>
<name>Carolyn Crane</name>
<link><![CDATA[https://www.goodreads.com/author/show/3084517.Carolyn_Crane]]></link>
</author>
</authors>
</book>

          <book>
<id>6967958</id>
<title>Wait for Dusk (Dark Days, #5)</title>
<title_without_series>Wait for Dusk</title_without_series>
<link><![CDATA[https://www.goodreads.com/book/show/6967958-wait-for-dusk]]></link>
<small_image_url><![CDATA[https://images.gr-assets.com/books/1263976317s/6967958.jpg]]></small_image_url>
<image_url><![CDATA[https://images.gr-assets.com/books/1263976317m/6967958.jpg]]></image_url>
<num_pages>372</num_pages>
<work>
<id>7206873</id>
</work>
<isbn>0061851817</isbn>
<isbn13>9780061851810</isbn13>
<average_rating>4.10</average_rating>
<ratings_count>3147</ratings_count>
<publication_year>2010</publication_year>
<publication_month>7</publication_month>
<publication_day>27</publication_day>
<authors>
<author>
<id>1080585</id>
<name>Jocelynn Drake</name>
<link><![CDATA[https://www.goodreads.com/author/show/1080585.Jocelynn_Drake]]></link>
</author>
</authors>
</book>

  </similar_books>
</book>

</GoodreadsResponse>