<?xml version="1.0" encoding="UTF-8"?>
<GoodreadsResponse>
  <Request>
    <authentication>true</authentication>
      <key><![CDATA[all_men_must_serve]]></key>
    <method><![CDATA[book_show]]></method>
  </Request>
  <book>
  <id>105999</id>
  <title><![CDATA[Dear Mr. Henshaw (Leigh Botts, #1)]]></title>
  <isbn><![CDATA[0380709589]]></isbn>
  <isbn13><![CDATA[9780380709588]]></isbn13>
  <asin><![CDATA[]]></asin>
  <kindle_asin><![CDATA[B001QB9F94]]></kindle_asin>
  <marketplace_id><![CDATA[A1F83G8C2ARO7P]]></marketplace_id>
  <country_code><![CDATA[GB]]></country_code>
  <image_url>https://s.gr-assets.com/assets/nophoto/book/111x148-bcc042a9c91a29c1d680899eff700a03.png</image_url>
  <small_image_url>https://s.gr-assets.com/assets/nophoto/book/50x75-a91bf249278a81aabab721ef782c4a74.png</small_image_url>
  <publication_year></publication_year>
  <publication_month></publication_month>
  <publication_day></publication_day>
  <publisher></publisher>
  <language_code>eng</language_code>
  <is_ebook>false</is_ebook>
  <description><![CDATA[Beverly Cleary’s timeless Newbery Medal-winning book explores difficult topics like divorce, insecurity, and bullying through the thoughts and emotions of a sixth-grade boy as he writes to his favorite author, Boyd Henshaw.<br /><br />After his parents separate, Leigh Botts moves to a new town with his mother. Struggling to make friends and deal with his anger toward his absent father, Leigh loses himself in a class assignment in which he must write to his favorite author. When Mr. Henshaw responds, the two form an unexpected friendship that will change Leigh’s life forever.<br /><br />From the beloved author of the Henry Huggins, Ramona Quimby, and Ralph S. Mouse series comes an epistolary novel about how to navigate and heal from life’s growing pains.]]></description>
  <work>
  <id type="integer">1174365</id>
  <books_count type="integer">59</books_count>
  <best_book_id type="integer">105999</best_book_id>
  <reviews_count type="integer">41319</reviews_count>
  <ratings_sum type="integer">110326</ratings_sum>
  <ratings_count type="integer">29816</ratings_count>
  <text_reviews_count type="integer">1248</text_reviews_count>
  <original_publication_year type="integer">1983</original_publication_year>
  <original_publication_month type="integer" nil="true"/>
  <original_publication_day type="integer" nil="true"/>
  <original_title>Dear Mr. Henshaw</original_title>
  <original_language_id type="integer" nil="true"/>
  <media_type>book</media_type>
  <rating_dist>5:7959|4:9391|3:8952|2:2597|1:917|total:29816</rating_dist>
  <desc_user_id type="integer">8516100</desc_user_id>
  <default_chaptering_book_id type="integer" nil="true"/>
  <default_description_language_code nil="true"/>
</work>
  <average_rating>3.70</average_rating>
  <num_pages><![CDATA[134]]></num_pages>
  <format><![CDATA[]]></format>
  <edition_information><![CDATA[]]></edition_information>
  <ratings_count><![CDATA[28994]]></ratings_count>
  <text_reviews_count><![CDATA[1165]]></text_reviews_count>
  <url><![CDATA[https://www.goodreads.com/book/show/105999.Dear_Mr_Henshaw]]></url>
  <link><![CDATA[https://www.goodreads.com/book/show/105999.Dear_Mr_Henshaw]]></link>
  <authors>
<author>
<id>403</id>
<name>Beverly Cleary</name>
<role></role>
<image_url nophoto='false'>
<![CDATA[https://images.gr-assets.com/authors/1197935108p5/403.jpg]]>
</image_url>
<small_image_url nophoto='false'>
<![CDATA[https://images.gr-assets.com/authors/1197935108p2/403.jpg]]>
</small_image_url>
<link><![CDATA[https://www.goodreads.com/author/show/403.Beverly_Cleary]]></link>
<average_rating>3.98</average_rating>
<ratings_count>684458</ratings_count>
<text_reviews_count>15043</text_reviews_count>
</author>
<author>
<id>64039</id>
<name>Paul O. Zelinsky</name>
<role>Illustrations</role>
<image_url nophoto='false'>
<![CDATA[https://images.gr-assets.com/authors/1244535874p5/64039.jpg]]>
</image_url>
<small_image_url nophoto='false'>
<![CDATA[https://images.gr-assets.com/authors/1244535874p2/64039.jpg]]>
</small_image_url>
<link><![CDATA[https://www.goodreads.com/author/show/64039.Paul_O_Zelinsky]]></link>
<average_rating>3.97</average_rating>
<ratings_count>79099</ratings_count>
<text_reviews_count>5184</text_reviews_count>
</author>
</authors>

    <reviews_widget>
      <![CDATA[
        <style>
  #goodreads-widget {
    font-family: georgia, serif;
    padding: 18px 0;
    width:565px;
  }
  #goodreads-widget h1 {
    font-weight:normal;
    font-size: 16px;
    border-bottom: 1px solid #BBB596;
    margin-bottom: 0;
  }
  #goodreads-widget a {
    text-decoration: none;
    color:#660;
  }
  iframe{
    background-color: #fff;
  }
  #goodreads-widget a:hover { text-decoration: underline; }
  #goodreads-widget a:active {
    color:#660;
  }
  #gr_footer {
    width: 100%;
    border-top: 1px solid #BBB596;
    text-align: right;
  }
  #goodreads-widget .gr_branding{
    color: #382110;
    font-size: 11px;
    text-decoration: none;
    font-family: "Helvetica Neue", Helvetica, Arial, sans-serif;
  }
</style>
<div id="goodreads-widget">
  <div id="gr_header"><h1><a rel="nofollow" href="https://www.goodreads.com/book/show/105999.Dear_Mr_Henshaw">Dear Mr. Henshaw Reviews</a></h1></div>
  <iframe id="the_iframe" src="https://www.goodreads.com/api/reviews_widget_iframe?did=DEVELOPER_ID&amp;format=html&amp;isbn=0380709589&amp;links=660&amp;min_rating=&amp;review_back=fff&amp;stars=000&amp;text=000" width="565" height="400" frameborder="0"></iframe>
  <div id="gr_footer">
    <a class="gr_branding" target="_blank" rel="nofollow" href="https://www.goodreads.com/book/show/105999.Dear_Mr_Henshaw?utm_medium=api&amp;utm_source=reviews_widget">Reviews from Goodreads.com</a>
  </div>
</div>

      ]]>
    </reviews_widget>
  <popular_shelves>
      <shelf name="to-read" count="938"/>
      <shelf name="childrens" count="305"/>
      <shelf name="fiction" count="278"/>
      <shelf name="newbery" count="267"/>
      <shelf name="children-s-books" count="183"/>
      <shelf name="currently-reading" count="170"/>
      <shelf name="young-adult" count="164"/>
      <shelf name="realistic-fiction" count="162"/>
      <shelf name="children-s" count="159"/>
      <shelf name="childhood" count="122"/>
      <shelf name="favorites" count="121"/>
      <shelf name="middle-grade" count="110"/>
      <shelf name="kids" count="101"/>
      <shelf name="newbery-medal" count="82"/>
      <shelf name="newbery-winners" count="74"/>
      <shelf name="childrens-books" count="69"/>
      <shelf name="newbery-award" count="66"/>
      <shelf name="childhood-favorites" count="64"/>
      <shelf name="ya" count="58"/>
      <shelf name="newberry" count="58"/>
      <shelf name="juvenile" count="58"/>
      <shelf name="kids-books" count="58"/>
      <shelf name="books-i-own" count="53"/>
      <shelf name="children-s-lit" count="51"/>
      <shelf name="juvenile-fiction" count="49"/>
      <shelf name="chapter-books" count="49"/>
      <shelf name="school" count="47"/>
      <shelf name="classics" count="46"/>
      <shelf name="epistolary" count="40"/>
      <shelf name="owned" count="40"/>
      <shelf name="series" count="38"/>
      <shelf name="newbery-medal-winners" count="37"/>
      <shelf name="childhood-books" count="36"/>
      <shelf name="beverly-cleary" count="34"/>
      <shelf name="childhood-reads" count="33"/>
      <shelf name="classroom-library" count="32"/>
      <shelf name="newbery-award-winners" count="31"/>
      <shelf name="children-s-fiction" count="31"/>
      <shelf name="children" count="30"/>
      <shelf name="middle-school" count="29"/>
      <shelf name="youth" count="29"/>
      <shelf name="childrens-literature" count="28"/>
      <shelf name="childrens-lit" count="28"/>
      <shelf name="default" count="27"/>
      <shelf name="divorce" count="27"/>
      <shelf name="newbery-books" count="27"/>
      <shelf name="newbery-winner" count="26"/>
      <shelf name="newbery-challenge" count="25"/>
      <shelf name="school-books" count="23"/>
      <shelf name="kid-books" count="22"/>
      <shelf name="award-winners" count="22"/>
      <shelf name="classic" count="21"/>
      <shelf name="my-childhood" count="21"/>
      <shelf name="elementary-school" count="21"/>
      <shelf name="novels" count="20"/>
      <shelf name="realistic" count="20"/>
      <shelf name="newberry-winners" count="20"/>
      <shelf name="kid-lit" count="20"/>
      <shelf name="newberry-award-winners" count="20"/>
      <shelf name="read-for-school" count="19"/>
      <shelf name="family" count="18"/>
      <shelf name="elementary" count="17"/>
      <shelf name="childrens-fiction" count="17"/>
      <shelf name="children-s-literature" count="16"/>
      <shelf name="contemporary" count="16"/>
      <shelf name="contemporary-realistic-fiction" count="15"/>
      <shelf name="library" count="15"/>
      <shelf name="read-as-a-kid" count="15"/>
      <shelf name="writing" count="15"/>
      <shelf name="childrensbooks" count="15"/>
      <shelf name="letters" count="14"/>
      <shelf name="audio" count="14"/>
      <shelf name="home-library" count="13"/>
      <shelf name="nostalgia" count="13"/>
      <shelf name="middle-grades" count="13"/>
      <shelf name="for-school" count="13"/>
      <shelf name="coming-of-age" count="12"/>
      <shelf name="children-s-chapter-books" count="12"/>
      <shelf name="chapter-book" count="12"/>
      <shelf name="i-own" count="12"/>
      <shelf name="5th-grade" count="12"/>
      <shelf name="children-young-adult" count="12"/>
      <shelf name="4th-grade" count="12"/>
      <shelf name="newbery-awards" count="12"/>
      <shelf name="owned-books" count="11"/>
      <shelf name="20th-century" count="11"/>
      <shelf name="tween" count="11"/>
      <shelf name="books-from-childhood" count="11"/>
      <shelf name="award-winning" count="11"/>
      <shelf name="children-ya" count="11"/>
      <shelf name="newberry-medal" count="11"/>
      <shelf name="junior-fiction" count="11"/>
      <shelf name="young-adult-fiction" count="11"/>
      <shelf name="newberry-award" count="11"/>
      <shelf name="award-winner" count="11"/>
      <shelf name="read-alouds" count="10"/>
      <shelf name="5360-summer-12" count="10"/>
      <shelf name="classroom" count="10"/>
      <shelf name="books-from-my-childhood" count="10"/>
      <shelf name="newbery-medal-winner" count="10"/>
  </popular_shelves>
  <book_links>
    <book_link>
  <id>8</id>
  <name>Libraries</name>
  <link>https://www.goodreads.com/book_link/follow/8</link>
</book_link>

  </book_links>
  <buy_links>
    <buy_link>
<id>1</id>
<name>Amazon</name>
<link>https://www.goodreads.com/book_link/follow/1</link>
</buy_link>
<buy_link>
<id>10</id>
<name>Audible</name>
<link>https://www.goodreads.com/book_link/follow/10</link>
</buy_link>
<buy_link>
<id>3</id>
<name>Barnes &amp; Noble</name>
<link>https://www.goodreads.com/book_link/follow/3</link>
</buy_link>
<buy_link>
<id>1027</id>
<name>Kobo</name>
<link>https://www.goodreads.com/book_link/follow/1027</link>
</buy_link>
<buy_link>
<id>2102</id>
<name>Apple iBooks</name>
<link>https://www.goodreads.com/book_link/follow/2102</link>
</buy_link>
<buy_link>
<id>8036</id>
<name>Google Play</name>
<link>https://www.goodreads.com/book_link/follow/8036</link>
</buy_link>
<buy_link>
<id>4</id>
<name>Abebooks</name>
<link>https://www.goodreads.com/book_link/follow/4</link>
</buy_link>
<buy_link>
<id>882</id>
<name>Book Depository</name>
<link>https://www.goodreads.com/book_link/follow/882</link>
</buy_link>
<buy_link>
<id>9</id>
<name>Indigo</name>
<link>https://www.goodreads.com/book_link/follow/9</link>
</buy_link>
<buy_link>
<id>2</id>
<name>Half.com</name>
<link>https://www.goodreads.com/book_link/follow/2</link>
</buy_link>
<buy_link>
<id>5</id>
<name>Alibris</name>
<link>https://www.goodreads.com/book_link/follow/5</link>
</buy_link>
<buy_link>
<id>107</id>
<name>Better World Books</name>
<link>https://www.goodreads.com/book_link/follow/107</link>
</buy_link>
<buy_link>
<id>7</id>
<name>IndieBound</name>
<link>https://www.goodreads.com/book_link/follow/7</link>
</buy_link>

  </buy_links>
  <series_works>
    <series_work>
<id>155458</id>
<user_position>1</user_position>
<series>
<id>43991</id>
<title>
<![CDATA[
    Leigh Botts
]]>
</title>
<description>
<![CDATA[
]]>
</description>
<note>
<![CDATA[
]]>
</note>
<series_works_count>2</series_works_count>
<primary_work_count>2</primary_work_count>
<numbered>true</numbered>
</series>

</series_work>

  </series_works>
  <similar_books>
          <book>
<id>1077808</id>
<title>Shadow Of A Bull</title>
<title_without_series>Shadow Of A Bull</title_without_series>
<link><![CDATA[https://www.goodreads.com/book/show/1077808.Shadow_Of_A_Bull]]></link>
<small_image_url><![CDATA[https://s.gr-assets.com/assets/nophoto/book/50x75-a91bf249278a81aabab721ef782c4a74.png]]></small_image_url>
<image_url><![CDATA[https://s.gr-assets.com/assets/nophoto/book/111x148-bcc042a9c91a29c1d680899eff700a03.png]]></image_url>
<num_pages>160</num_pages>
<work>
<id>889075</id>
</work>
<isbn>1416948309</isbn>
<isbn13>9781416948308</isbn13>
<average_rating>3.52</average_rating>
<ratings_count>3875</ratings_count>
<publication_year>2007</publication_year>
<publication_month>6</publication_month>
<publication_day>1</publication_day>
<authors>
<author>
<id>38240</id>
<name>Maia Wojciechowska</name>
<link><![CDATA[https://www.goodreads.com/author/show/38240.Maia_Wojciechowska]]></link>
</author>
</authors>
</book>

          <book>
<id>1116594</id>
<title>...And Now Miguel</title>
<title_without_series>...And Now Miguel</title_without_series>
<link><![CDATA[https://www.goodreads.com/book/show/1116594._And_Now_Miguel]]></link>
<small_image_url><![CDATA[https://s.gr-assets.com/assets/nophoto/book/50x75-a91bf249278a81aabab721ef782c4a74.png]]></small_image_url>
<image_url><![CDATA[https://s.gr-assets.com/assets/nophoto/book/111x148-bcc042a9c91a29c1d680899eff700a03.png]]></image_url>
<num_pages>256</num_pages>
<work>
<id>166140</id>
</work>
<isbn>006440143X</isbn>
<isbn13>9780064401432</isbn13>
<average_rating>3.45</average_rating>
<ratings_count>2696</ratings_count>
<publication_year>1984</publication_year>
<publication_month>4</publication_month>
<publication_day>4</publication_day>
<authors>
<author>
<id>65864</id>
<name>Joseph Krumgold</name>
<link><![CDATA[https://www.goodreads.com/author/show/65864.Joseph_Krumgold]]></link>
</author>
</authors>
</book>

          <book>
<id>530582</id>
<title><![CDATA[A Visit to William Blake's Inn: Poems for Innocent and Experienced Travelers]]></title>
<title_without_series><![CDATA[A Visit to William Blake's Inn: Poems for Innocent and Experienced Travelers]]></title_without_series>
<link><![CDATA[https://www.goodreads.com/book/show/530582.A_Visit_to_William_Blake_s_Inn]]></link>
<small_image_url><![CDATA[https://s.gr-assets.com/assets/nophoto/book/50x75-a91bf249278a81aabab721ef782c4a74.png]]></small_image_url>
<image_url><![CDATA[https://s.gr-assets.com/assets/nophoto/book/111x148-bcc042a9c91a29c1d680899eff700a03.png]]></image_url>
<num_pages>48</num_pages>
<work>
<id>1799679</id>
</work>
<isbn>0152938222</isbn>
<isbn13>9780152938222</isbn13>
<average_rating>3.62</average_rating>
<ratings_count>2551</ratings_count>
<publication_year>1981</publication_year>
<publication_month>9</publication_month>
<publication_day>8</publication_day>
<authors>
<author>
<id>13454</id>
<name>Nancy Willard</name>
<link><![CDATA[https://www.goodreads.com/author/show/13454.Nancy_Willard]]></link>
</author>
</authors>
</book>

          <book>
<id>1782811</id>
<title>Tales From Silver Lands</title>
<title_without_series>Tales From Silver Lands</title_without_series>
<link><![CDATA[https://www.goodreads.com/book/show/1782811.Tales_From_Silver_Lands]]></link>
<small_image_url><![CDATA[https://s.gr-assets.com/assets/nophoto/book/50x75-a91bf249278a81aabab721ef782c4a74.png]]></small_image_url>
<image_url><![CDATA[https://s.gr-assets.com/assets/nophoto/book/111x148-bcc042a9c91a29c1d680899eff700a03.png]]></image_url>
<num_pages>207</num_pages>
<work>
<id>2443291</id>
</work>
<isbn>0385048157</isbn>
<isbn13>9780385048156</isbn13>
<average_rating>3.30</average_rating>
<ratings_count>1126</ratings_count>
<publication_year>1924</publication_year>
<publication_month></publication_month>
<publication_day></publication_day>
<authors>
<author>
<id>237754</id>
<name>Charles J. Finger</name>
<link><![CDATA[https://www.goodreads.com/author/show/237754.Charles_J_Finger]]></link>
</author>
</authors>
</book>

          <book>
<id>1195394</id>
<title>Waterless Mountain</title>
<title_without_series>Waterless Mountain</title_without_series>
<link><![CDATA[https://www.goodreads.com/book/show/1195394.Waterless_Mountain]]></link>
<small_image_url><![CDATA[https://s.gr-assets.com/assets/nophoto/book/50x75-a91bf249278a81aabab721ef782c4a74.png]]></small_image_url>
<image_url><![CDATA[https://s.gr-assets.com/assets/nophoto/book/111x148-bcc042a9c91a29c1d680899eff700a03.png]]></image_url>
<num_pages>212</num_pages>
<work>
<id>1183458</id>
</work>
<isbn>067984502X</isbn>
<isbn13>9780679845027</isbn13>
<average_rating>3.34</average_rating>
<ratings_count>909</ratings_count>
<publication_year>1993</publication_year>
<publication_month>10</publication_month>
<publication_day>12</publication_day>
<authors>
<author>
<id>581338</id>
<name>Laura Adams Armer</name>
<link><![CDATA[https://www.goodreads.com/author/show/581338.Laura_Adams_Armer]]></link>
</author>
</authors>
</book>

          <book>
<id>680154</id>
<title><![CDATA[Invincible Louisa: The Story of the Author of Little Women]]></title>
<title_without_series><![CDATA[Invincible Louisa: The Story of the Author of Little Women]]></title_without_series>
<link><![CDATA[https://www.goodreads.com/book/show/680154.Invincible_Louisa]]></link>
<small_image_url><![CDATA[https://images.gr-assets.com/books/1294898442s/680154.jpg]]></small_image_url>
<image_url><![CDATA[https://images.gr-assets.com/books/1294898442m/680154.jpg]]></image_url>
<num_pages>256</num_pages>
<work>
<id>1319363</id>
</work>
<isbn>0316565946</isbn>
<isbn13>9780316565943</isbn13>
<average_rating>3.74</average_rating>
<ratings_count>4135</ratings_count>
<publication_year>1995</publication_year>
<publication_month>10</publication_month>
<publication_day>1</publication_day>
<authors>
<author>
<id>83099</id>
<name>Cornelia Meigs</name>
<link><![CDATA[https://www.goodreads.com/author/show/83099.Cornelia_Meigs]]></link>
</author>
</authors>
</book>

          <book>
<id>69666</id>
<title>M.C. Higgins, the Great</title>
<title_without_series>M.C. Higgins, the Great</title_without_series>
<link><![CDATA[https://www.goodreads.com/book/show/69666.M_C_Higgins_the_Great]]></link>
<small_image_url><![CDATA[https://s.gr-assets.com/assets/nophoto/book/50x75-a91bf249278a81aabab721ef782c4a74.png]]></small_image_url>
<image_url><![CDATA[https://s.gr-assets.com/assets/nophoto/book/111x148-bcc042a9c91a29c1d680899eff700a03.png]]></image_url>
<num_pages>288</num_pages>
<work>
<id>746460</id>
</work>
<isbn>1416914072</isbn>
<isbn13>9781416914075</isbn13>
<average_rating>3.43</average_rating>
<ratings_count>3309</ratings_count>
<publication_year>2006</publication_year>
<publication_month>5</publication_month>
<publication_day>1</publication_day>
<authors>
<author>
<id>24588</id>
<name>Virginia Hamilton</name>
<link><![CDATA[https://www.goodreads.com/author/show/24588.Virginia_Hamilton]]></link>
</author>
</authors>
</book>

          <book>
<id>818095</id>
<title>It&apos;s Like This, Cat</title>
<title_without_series>It&apos;s Like This, Cat</title_without_series>
<link><![CDATA[https://www.goodreads.com/book/show/818095.It_s_Like_This_Cat]]></link>
<small_image_url><![CDATA[https://s.gr-assets.com/assets/nophoto/book/50x75-a91bf249278a81aabab721ef782c4a74.png]]></small_image_url>
<image_url><![CDATA[https://s.gr-assets.com/assets/nophoto/book/111x148-bcc042a9c91a29c1d680899eff700a03.png]]></image_url>
<num_pages>176</num_pages>
<work>
<id>803968</id>
</work>
<isbn>0064400735</isbn>
<isbn13>9780064400732</isbn13>
<average_rating>3.60</average_rating>
<ratings_count>5190</ratings_count>
<publication_year></publication_year>
<publication_month></publication_month>
<publication_day></publication_day>
<authors>
<author>
<id>427164</id>
<name>Emily Cheney Neville</name>
<link><![CDATA[https://www.goodreads.com/author/show/427164.Emily_Cheney_Neville]]></link>
</author>
</authors>
</book>

          <book>
<id>1195367</id>
<title>Young Fu of the Upper Yangtze</title>
<title_without_series>Young Fu of the Upper Yangtze</title_without_series>
<link><![CDATA[https://www.goodreads.com/book/show/1195367.Young_Fu_of_the_Upper_Yangtze]]></link>
<small_image_url><![CDATA[https://images.gr-assets.com/books/1316728379s/1195367.jpg]]></small_image_url>
<image_url><![CDATA[https://images.gr-assets.com/books/1316728379m/1195367.jpg]]></image_url>
<num_pages>302</num_pages>
<work>
<id>1299695</id>
</work>
<isbn>0805081135</isbn>
<isbn13>9780805081138</isbn13>
<average_rating>3.70</average_rating>
<ratings_count>3299</ratings_count>
<publication_year>2007</publication_year>
<publication_month>4</publication_month>
<publication_day>17</publication_day>
<authors>
<author>
<id>132332</id>
<name>Elizabeth Foreman Lewis</name>
<link><![CDATA[https://www.goodreads.com/author/show/132332.Elizabeth_Foreman_Lewis]]></link>
</author>
</authors>
</book>

          <book>
<id>207330</id>
<title><![CDATA[Gay Neck: The Story of a Pigeon]]></title>
<title_without_series><![CDATA[Gay Neck: The Story of a Pigeon]]></title_without_series>
<link><![CDATA[https://www.goodreads.com/book/show/207330.Gay_Neck]]></link>
<small_image_url><![CDATA[https://s.gr-assets.com/assets/nophoto/book/50x75-a91bf249278a81aabab721ef782c4a74.png]]></small_image_url>
<image_url><![CDATA[https://s.gr-assets.com/assets/nophoto/book/111x148-bcc042a9c91a29c1d680899eff700a03.png]]></image_url>
<num_pages>192</num_pages>
<work>
<id>2487576</id>
</work>
<isbn>0525304002</isbn>
<isbn13>9780525304005</isbn13>
<average_rating>3.25</average_rating>
<ratings_count>1617</ratings_count>
<publication_year>1968</publication_year>
<publication_month>7</publication_month>
<publication_day>15</publication_day>
<authors>
<author>
<id>121292</id>
<name>Dhan Gopal Mukerji</name>
<link><![CDATA[https://www.goodreads.com/author/show/121292.Dhan_Gopal_Mukerji]]></link>
</author>
</authors>
</book>

          <book>
<id>1351679</id>
<title>Dobry</title>
<title_without_series>Dobry</title_without_series>
<link><![CDATA[https://www.goodreads.com/book/show/1351679.Dobry]]></link>
<small_image_url><![CDATA[https://images.gr-assets.com/books/1295974194s/1351679.jpg]]></small_image_url>
<image_url><![CDATA[https://images.gr-assets.com/books/1295974194m/1351679.jpg]]></image_url>
<num_pages>192</num_pages>
<work>
<id>1341363</id>
</work>
<isbn>0140363343</isbn>
<isbn13>9780140363340</isbn13>
<average_rating>3.20</average_rating>
<ratings_count>824</ratings_count>
<publication_year>1967</publication_year>
<publication_month>2</publication_month>
<publication_day>1</publication_day>
<authors>
<author>
<id>643245</id>
<name>Monica Shannon</name>
<link><![CDATA[https://www.goodreads.com/author/show/643245.Monica_Shannon]]></link>
</author>
</authors>
</book>

          <book>
<id>325636</id>
<title>The Summer of the Swans</title>
<title_without_series>The Summer of the Swans</title_without_series>
<link><![CDATA[https://www.goodreads.com/book/show/325636.The_Summer_of_the_Swans]]></link>
<small_image_url><![CDATA[https://images.gr-assets.com/books/1279919804s/325636.jpg]]></small_image_url>
<image_url><![CDATA[https://images.gr-assets.com/books/1279919804m/325636.jpg]]></image_url>
<num_pages>144</num_pages>
<work>
<id>769688</id>
</work>
<isbn>0142404411</isbn>
<isbn13>9780142404416</isbn13>
<average_rating>3.59</average_rating>
<ratings_count>8362</ratings_count>
<publication_year>2005</publication_year>
<publication_month>4</publication_month>
<publication_day>21</publication_day>
<authors>
<author>
<id>6207</id>
<name>Betsy Byars</name>
<link><![CDATA[https://www.goodreads.com/author/show/6207.Betsy_Byars]]></link>
</author>
</authors>
</book>

          <book>
<id>298523</id>
<title>The White Stag</title>
<title_without_series>The White Stag</title_without_series>
<link><![CDATA[https://www.goodreads.com/book/show/298523.The_White_Stag]]></link>
<small_image_url><![CDATA[https://s.gr-assets.com/assets/nophoto/book/50x75-a91bf249278a81aabab721ef782c4a74.png]]></small_image_url>
<image_url><![CDATA[https://s.gr-assets.com/assets/nophoto/book/111x148-bcc042a9c91a29c1d680899eff700a03.png]]></image_url>
<num_pages>96</num_pages>
<work>
<id>289619</id>
</work>
<isbn>0140312587</isbn>
<isbn13>9780140312584</isbn13>
<average_rating>3.59</average_rating>
<ratings_count>2613</ratings_count>
<publication_year>1979</publication_year>
<publication_month>10</publication_month>
<publication_day>25</publication_day>
<authors>
<author>
<id>80667</id>
<name>Kate Seredy</name>
<link><![CDATA[https://www.goodreads.com/author/show/80667.Kate_Seredy]]></link>
</author>
</authors>
</book>

          <book>
<id>1140802</id>
<title>Secret of the Andes</title>
<title_without_series>Secret of the Andes</title_without_series>
<link><![CDATA[https://www.goodreads.com/book/show/1140802.Secret_of_the_Andes]]></link>
<small_image_url><![CDATA[https://s.gr-assets.com/assets/nophoto/book/50x75-a91bf249278a81aabab721ef782c4a74.png]]></small_image_url>
<image_url><![CDATA[https://s.gr-assets.com/assets/nophoto/book/111x148-bcc042a9c91a29c1d680899eff700a03.png]]></image_url>
<num_pages>128</num_pages>
<work>
<id>2419603</id>
</work>
<isbn>0140309268</isbn>
<isbn13>9780140309263</isbn13>
<average_rating>3.54</average_rating>
<ratings_count>3861</ratings_count>
<publication_year>1976</publication_year>
<publication_month>10</publication_month>
<publication_day>28</publication_day>
<authors>
<author>
<id>184413</id>
<name>Ann Nolan Clark</name>
<link><![CDATA[https://www.goodreads.com/author/show/184413.Ann_Nolan_Clark]]></link>
</author>
</authors>
</book>

          <book>
<id>2084776</id>
<title>Daniel Boone</title>
<title_without_series>Daniel Boone</title_without_series>
<link><![CDATA[https://www.goodreads.com/book/show/2084776.Daniel_Boone]]></link>
<small_image_url><![CDATA[https://images.gr-assets.com/books/1339529313s/2084776.jpg]]></small_image_url>
<image_url><![CDATA[https://images.gr-assets.com/books/1339529313m/2084776.jpg]]></image_url>
<num_pages>108</num_pages>
<work>
<id>2090056</id>
</work>
<isbn>0670255904</isbn>
<isbn13>9780670255900</isbn13>
<average_rating>3.52</average_rating>
<ratings_count>1623</ratings_count>
<publication_year>1971</publication_year>
<publication_month>1</publication_month>
<publication_day>26</publication_day>
<authors>
<author>
<id>5959003</id>
<name>James Daugherty</name>
<link><![CDATA[https://www.goodreads.com/author/show/5959003.James_Daugherty]]></link>
</author>
</authors>
</book>

          <book>
<id>984168</id>
<title>Roller Skates</title>
<title_without_series>Roller Skates</title_without_series>
<link><![CDATA[https://www.goodreads.com/book/show/984168.Roller_Skates]]></link>
<small_image_url><![CDATA[https://s.gr-assets.com/assets/nophoto/book/50x75-a91bf249278a81aabab721ef782c4a74.png]]></small_image_url>
<image_url><![CDATA[https://s.gr-assets.com/assets/nophoto/book/111x148-bcc042a9c91a29c1d680899eff700a03.png]]></image_url>
<num_pages>186</num_pages>
<work>
<id>1327018</id>
</work>
<isbn>0140303588</isbn>
<isbn13>9780140303582</isbn13>
<average_rating>3.61</average_rating>
<ratings_count>3237</ratings_count>
<publication_year>1986</publication_year>
<publication_month>5</publication_month>
<publication_day>6</publication_day>
<authors>
<author>
<id>61657</id>
<name>Ruth Sawyer</name>
<link><![CDATA[https://www.goodreads.com/author/show/61657.Ruth_Sawyer]]></link>
</author>
</authors>
</book>

          <book>
<id>826095</id>
<title>Miracles on Maple Hill</title>
<title_without_series>Miracles on Maple Hill</title_without_series>
<link><![CDATA[https://www.goodreads.com/book/show/826095.Miracles_on_Maple_Hill]]></link>
<small_image_url><![CDATA[https://images.gr-assets.com/books/1328877054s/826095.jpg]]></small_image_url>
<image_url><![CDATA[https://images.gr-assets.com/books/1328877054m/826095.jpg]]></image_url>
<num_pages>256</num_pages>
<work>
<id>811840</id>
</work>
<isbn>0152047182</isbn>
<isbn13>9780152047184</isbn13>
<average_rating>3.80</average_rating>
<ratings_count>7597</ratings_count>
<publication_year>2003</publication_year>
<publication_month>8</publication_month>
<publication_day>1</publication_day>
<authors>
<author>
<id>505867</id>
<name>Virginia Sorensen</name>
<link><![CDATA[https://www.goodreads.com/author/show/505867.Virginia_Sorensen]]></link>
</author>
</authors>
</book>

          <book>
<id>854764</id>
<title>Thimble Summer</title>
<title_without_series>Thimble Summer</title_without_series>
<link><![CDATA[https://www.goodreads.com/book/show/854764.Thimble_Summer]]></link>
<small_image_url><![CDATA[https://s.gr-assets.com/assets/nophoto/book/50x75-a91bf249278a81aabab721ef782c4a74.png]]></small_image_url>
<image_url><![CDATA[https://s.gr-assets.com/assets/nophoto/book/111x148-bcc042a9c91a29c1d680899eff700a03.png]]></image_url>
<num_pages>144</num_pages>
<work>
<id>840256</id>
</work>
<isbn>0440486815</isbn>
<isbn13>9780440486817</isbn13>
<average_rating>3.71</average_rating>
<ratings_count>5601</ratings_count>
<publication_year>1987</publication_year>
<publication_month>7</publication_month>
<publication_day>1</publication_day>
<authors>
<author>
<id>3420</id>
<name>Elizabeth Enright</name>
<link><![CDATA[https://www.goodreads.com/author/show/3420.Elizabeth_Enright]]></link>
</author>
</authors>
</book>

  </similar_books>
</book>

</GoodreadsResponse>