<?xml version="1.0" encoding="UTF-8"?>
<GoodreadsResponse>
  <Request>
    <authentication>true</authentication>
      <key><![CDATA[all_men_must_serve]]></key>
    <method><![CDATA[book_show]]></method>
  </Request>
  <book>
  <id>106069</id>
  <title>Batman: The Long Halloween</title>
  <isbn><![CDATA[1563894696]]></isbn>
  <isbn13><![CDATA[9781563894695]]></isbn13>
  <asin><![CDATA[]]></asin>
  <kindle_asin><![CDATA[B0064W639K]]></kindle_asin>
  <marketplace_id><![CDATA[A1F83G8C2ARO7P]]></marketplace_id>
  <country_code><![CDATA[GB]]></country_code>
  <image_url>https://images.gr-assets.com/books/1350137101m/106069.jpg</image_url>
  <small_image_url>https://images.gr-assets.com/books/1350137101s/106069.jpg</small_image_url>
  <publication_year></publication_year>
  <publication_month></publication_month>
  <publication_day></publication_day>
  <publisher></publisher>
  <language_code>eng</language_code>
  <is_ebook>false</is_ebook>
  <description><![CDATA["THE LONG HALLOWEEN is more than a comic book. It's an epic tragedy."<br /> —Christopher Nolan (director THE DARK KNIGHT RISES)<br /><br />Taking place during Batman's early days of crime fighting, this new edition of the classic mystery tells the story of a mysterious killer who murders his prey only on holidays. Working with District Attorney Harvey Dent and Lieutenant James Gordon, Batman races against the clock as he tries to discover who Holiday is before he claims his next victim each month. A mystery that has the reader continually guessing the identity of the killer, this story also ties into the events that transform Harvey Dent into Batman's deadly enemy, Two-Face.]]></description>
  <work>
  <id type="integer">680248</id>
  <books_count type="integer">36</books_count>
  <best_book_id type="integer">106069</best_book_id>
  <reviews_count type="integer">88985</reviews_count>
  <ratings_sum type="integer">252062</ratings_sum>
  <ratings_count type="integer">58698</ratings_count>
  <text_reviews_count type="integer">1670</text_reviews_count>
  <original_publication_year type="integer">1997</original_publication_year>
  <original_publication_month type="integer">11</original_publication_month>
  <original_publication_day type="integer">30</original_publication_day>
  <original_title>Batman: The Long Halloween</original_title>
  <original_language_id type="integer" nil="true"/>
  <media_type>book</media_type>
  <rating_dist>5:30065|4:18949|3:7342|2:1573|1:769|total:58698</rating_dist>
  <desc_user_id type="integer" nil="true"/>
  <default_chaptering_book_id type="integer" nil="true"/>
  <default_description_language_code nil="true"/>
</work>
  <average_rating>4.29</average_rating>
  <num_pages><![CDATA[376]]></num_pages>
  <format><![CDATA[]]></format>
  <edition_information><![CDATA[]]></edition_information>
  <ratings_count><![CDATA[54834]]></ratings_count>
  <text_reviews_count><![CDATA[1279]]></text_reviews_count>
  <url><![CDATA[https://www.goodreads.com/book/show/106069.Batman]]></url>
  <link><![CDATA[https://www.goodreads.com/book/show/106069.Batman]]></link>
  <authors>
<author>
<id>32594</id>
<name>Jeph Loeb</name>
<role></role>
<image_url nophoto='false'>
<![CDATA[https://images.gr-assets.com/authors/1214852516p5/32594.jpg]]>
</image_url>
<small_image_url nophoto='false'>
<![CDATA[https://images.gr-assets.com/authors/1214852516p2/32594.jpg]]>
</small_image_url>
<link><![CDATA[https://www.goodreads.com/author/show/32594.Jeph_Loeb]]></link>
<average_rating>4.09</average_rating>
<ratings_count>249145</ratings_count>
<text_reviews_count>8553</text_reviews_count>
</author>
<author>
<id>61388</id>
<name>Tim Sale</name>
<role>Illustrator</role>
<image_url nophoto='true'>
<![CDATA[https://s.gr-assets.com/assets/nophoto/user/u_200x266-e183445fd1a1b5cc7075bb1cf7043306.png]]>
</image_url>
<small_image_url nophoto='true'>
<![CDATA[https://s.gr-assets.com/assets/nophoto/user/u_50x66-632230dc9882b4352d753eedf9396530.png]]>
</small_image_url>
<link><![CDATA[https://www.goodreads.com/author/show/61388.Tim_Sale]]></link>
<average_rating>4.24</average_rating>
<ratings_count>254333</ratings_count>
<text_reviews_count>8224</text_reviews_count>
</author>
<author>
<id>399434</id>
<name>Gregory Wright</name>
<role>Colors</role>
<image_url nophoto='true'>
<![CDATA[https://s.gr-assets.com/assets/nophoto/user/u_200x266-e183445fd1a1b5cc7075bb1cf7043306.png]]>
</image_url>
<small_image_url nophoto='true'>
<![CDATA[https://s.gr-assets.com/assets/nophoto/user/u_50x66-632230dc9882b4352d753eedf9396530.png]]>
</small_image_url>
<link><![CDATA[https://www.goodreads.com/author/show/399434.Gregory_Wright]]></link>
<average_rating>4.28</average_rating>
<ratings_count>55823</ratings_count>
<text_reviews_count>1363</text_reviews_count>
</author>
<author>
<id>93215</id>
<name>Richard Starkings</name>
<role>Letters</role>
<image_url nophoto='true'>
<![CDATA[https://s.gr-assets.com/assets/nophoto/user/u_200x266-e183445fd1a1b5cc7075bb1cf7043306.png]]>
</image_url>
<small_image_url nophoto='true'>
<![CDATA[https://s.gr-assets.com/assets/nophoto/user/u_50x66-632230dc9882b4352d753eedf9396530.png]]>
</small_image_url>
<link><![CDATA[https://www.goodreads.com/author/show/93215.Richard_Starkings]]></link>
<average_rating>4.22</average_rating>
<ratings_count>110296</ratings_count>
<text_reviews_count>3965</text_reviews_count>
</author>
</authors>

    <reviews_widget>
      <![CDATA[
        <style>
  #goodreads-widget {
    font-family: georgia, serif;
    padding: 18px 0;
    width:565px;
  }
  #goodreads-widget h1 {
    font-weight:normal;
    font-size: 16px;
    border-bottom: 1px solid #BBB596;
    margin-bottom: 0;
  }
  #goodreads-widget a {
    text-decoration: none;
    color:#660;
  }
  iframe{
    background-color: #fff;
  }
  #goodreads-widget a:hover { text-decoration: underline; }
  #goodreads-widget a:active {
    color:#660;
  }
  #gr_footer {
    width: 100%;
    border-top: 1px solid #BBB596;
    text-align: right;
  }
  #goodreads-widget .gr_branding{
    color: #382110;
    font-size: 11px;
    text-decoration: none;
    font-family: "Helvetica Neue", Helvetica, Arial, sans-serif;
  }
</style>
<div id="goodreads-widget">
  <div id="gr_header"><h1><a rel="nofollow" href="https://www.goodreads.com/book/show/106069.Batman">Batman Reviews</a></h1></div>
  <iframe id="the_iframe" src="https://www.goodreads.com/api/reviews_widget_iframe?did=DEVELOPER_ID&amp;format=html&amp;isbn=1563894696&amp;links=660&amp;min_rating=&amp;review_back=fff&amp;stars=000&amp;text=000" width="565" height="400" frameborder="0"></iframe>
  <div id="gr_footer">
    <a class="gr_branding" target="_blank" rel="nofollow" href="https://www.goodreads.com/book/show/106069.Batman?utm_medium=api&amp;utm_source=reviews_widget">Reviews from Goodreads.com</a>
  </div>
</div>

      ]]>
    </reviews_widget>
  <popular_shelves>
      <shelf name="to-read" count="27584"/>
      <shelf name="comics" count="1868"/>
      <shelf name="graphic-novels" count="1779"/>
      <shelf name="favorites" count="562"/>
      <shelf name="graphic-novel" count="543"/>
      <shelf name="batman" count="521"/>
      <shelf name="cómics" count="360"/>
      <shelf name="currently-reading" count="352"/>
      <shelf name="fiction" count="230"/>
      <shelf name="dc" count="226"/>
      <shelf name="comic-books" count="223"/>
      <shelf name="comics-graphic-novels" count="205"/>
      <shelf name="dc-comics" count="173"/>
      <shelf name="superheroes" count="162"/>
      <shelf name="owned" count="151"/>
      <shelf name="comic" count="134"/>
      <shelf name="superhero" count="122"/>
      <shelf name="mystery" count="115"/>
      <shelf name="graphic-novels-comics" count="112"/>
      <shelf name="comics-and-graphic-novels" count="86"/>
      <shelf name="books-i-own" count="71"/>
      <shelf name="crime" count="60"/>
      <shelf name="graphic" count="55"/>
      <shelf name="comics-read" count="50"/>
      <shelf name="graphic-novels-and-comics" count="45"/>
      <shelf name="fantasy" count="40"/>
      <shelf name="favourites" count="39"/>
      <shelf name="read-comics" count="37"/>
      <shelf name="comix" count="37"/>
      <shelf name="default" count="35"/>
      <shelf name="comic-graphic-novel" count="34"/>
      <shelf name="library" count="34"/>
      <shelf name="comics-to-read" count="32"/>
      <shelf name="comic-book" count="31"/>
      <shelf name="super-heroes" count="30"/>
      <shelf name="cómic" count="23"/>
      <shelf name="noir" count="23"/>
      <shelf name="sequential-art" count="23"/>
      <shelf name="to-buy" count="23"/>
      <shelf name="graphicnovels" count="22"/>
      <shelf name="comic-books-graphic-novels" count="22"/>
      <shelf name="read-in-2014" count="21"/>
      <shelf name="comics-dc" count="21"/>
      <shelf name="comics-manga" count="21"/>
      <shelf name="owned-books" count="20"/>
      <shelf name="graphic-novels-read" count="19"/>
      <shelf name="to-read-comics" count="18"/>
      <shelf name="my-library" count="17"/>
      <shelf name="ebook" count="17"/>
      <shelf name="my-books" count="17"/>
      <shelf name="english" count="17"/>
      <shelf name="graphic-novels-to-read" count="17"/>
      <shelf name="graphic-novels-comic-books" count="17"/>
      <shelf name="adventure" count="16"/>
      <shelf name="detective" count="16"/>
      <shelf name="thriller" count="15"/>
      <shelf name="1990s" count="15"/>
      <shelf name="graphic-novels-manga" count="15"/>
      <shelf name="read-in-2013" count="14"/>
      <shelf name="read-in-2016" count="14"/>
      <shelf name="comicbooks" count="14"/>
      <shelf name="action" count="14"/>
      <shelf name="favorite-comics" count="14"/>
      <shelf name="borrowed" count="14"/>
      <shelf name="read-in-2015" count="13"/>
      <shelf name="science-fiction" count="13"/>
      <shelf name="superhero-comics" count="13"/>
      <shelf name="halloween" count="13"/>
      <shelf name="20th-century" count="13"/>
      <shelf name="bd" count="12"/>
      <shelf name="re-read" count="12"/>
      <shelf name="super-hero" count="12"/>
      <shelf name="graphics" count="12"/>
      <shelf name="graphic-novel-comics" count="12"/>
      <shelf name="wish-list" count="12"/>
      <shelf name="comics-and-manga" count="12"/>
      <shelf name="dc-universe" count="12"/>
      <shelf name="american" count="11"/>
      <shelf name="superheros" count="11"/>
      <shelf name="5-stars" count="11"/>
      <shelf name="classics" count="11"/>
      <shelf name="dc-vertigo" count="11"/>
      <shelf name="library-books" count="11"/>
      <shelf name="jeph-loeb" count="11"/>
      <shelf name="series" count="11"/>
      <shelf name="read-in-2012" count="10"/>
      <shelf name="read-graphic-novels" count="10"/>
      <shelf name="i-own" count="10"/>
      <shelf name="read-2014" count="10"/>
      <shelf name="adult" count="10"/>
      <shelf name="graphic-novel-comic" count="10"/>
      <shelf name="comic-books-and-graphic-novels" count="10"/>
      <shelf name="all-time-favorites" count="10"/>
      <shelf name="read-2016" count="9"/>
      <shelf name="favorite-books" count="9"/>
      <shelf name="collection" count="9"/>
      <shelf name="owned-comics" count="9"/>
      <shelf name="favorite" count="9"/>
      <shelf name="read-in-english" count="9"/>
      <shelf name="recommended" count="9"/>
  </popular_shelves>
  <book_links>
    <book_link>
  <id>8</id>
  <name>Libraries</name>
  <link>https://www.goodreads.com/book_link/follow/8</link>
</book_link>

  </book_links>
  <buy_links>
    <buy_link>
<id>1</id>
<name>Amazon</name>
<link>https://www.goodreads.com/book_link/follow/1</link>
</buy_link>
<buy_link>
<id>10</id>
<name>Audible</name>
<link>https://www.goodreads.com/book_link/follow/10</link>
</buy_link>
<buy_link>
<id>3</id>
<name>Barnes &amp; Noble</name>
<link>https://www.goodreads.com/book_link/follow/3</link>
</buy_link>
<buy_link>
<id>1027</id>
<name>Kobo</name>
<link>https://www.goodreads.com/book_link/follow/1027</link>
</buy_link>
<buy_link>
<id>2102</id>
<name>Apple iBooks</name>
<link>https://www.goodreads.com/book_link/follow/2102</link>
</buy_link>
<buy_link>
<id>8036</id>
<name>Google Play</name>
<link>https://www.goodreads.com/book_link/follow/8036</link>
</buy_link>
<buy_link>
<id>4</id>
<name>Abebooks</name>
<link>https://www.goodreads.com/book_link/follow/4</link>
</buy_link>
<buy_link>
<id>882</id>
<name>Book Depository</name>
<link>https://www.goodreads.com/book_link/follow/882</link>
</buy_link>
<buy_link>
<id>9</id>
<name>Indigo</name>
<link>https://www.goodreads.com/book_link/follow/9</link>
</buy_link>
<buy_link>
<id>2</id>
<name>Half.com</name>
<link>https://www.goodreads.com/book_link/follow/2</link>
</buy_link>
<buy_link>
<id>5</id>
<name>Alibris</name>
<link>https://www.goodreads.com/book_link/follow/5</link>
</buy_link>
<buy_link>
<id>107</id>
<name>Better World Books</name>
<link>https://www.goodreads.com/book_link/follow/107</link>
</buy_link>
<buy_link>
<id>7</id>
<name>IndieBound</name>
<link>https://www.goodreads.com/book_link/follow/7</link>
</buy_link>

  </buy_links>
  <series_works>
    <series_work>
<id>194164</id>
<user_position></user_position>
<series>
<id>51192</id>
<title>
<![CDATA[
    Batman
]]>
</title>
<description>
<![CDATA[
    Batman trade collections include several different comic books series and miniseries by DC Comics.
    
    The following series are included in the Batman title:
    * <a href="http://www.goodreads.com/series/51332-batman-chronicles">Batman Chronicles</a>
    * <a href="http://www.goodreads.com/series/80595-dc-comics-archives">DC Comics Archives</a>
    * <a href="http://www.goodreads.com/series/51373-showcase-presents-batman">Showcase Presents: Batman</a>
    * <a href="http://www.goodreads.com/series/51221-batman-black-and-white">Batman Black and White</a>
    * <a href="http://www.goodreads.com/series/51236-batman-knightfall">Batman: Knightfall</a>
    * <a href="http://www.goodreads.com/series/51328-batman-no-man-s-land">Batman: No Man's Land</a>
    * <a href="http://www.goodreads.com/series/51304-batman-new-gotham">Batman: New Gotham</a>
    * <a href="http://www.goodreads.com/series/51327-batman-war-games">Batman: War Games</a>
    * <a href="http://www.goodreads.com/series/50151-batman-hush">Batman: Hush</a>
    * <a href="http://www.goodreads.com/series/51330-batman-under-the-hood">Batman: Under the Hood</a>
    * <a href="http://www.goodreads.com/series/51292-batman-elseworlds">Batman: Elseworlds</a> and subseries
    * <a href="http://www.goodreads.com/series/51326-batman-confidential">Batman: Confidential</a>
    * and more
    
    Single issues of comic books are not listed individually on Goodreads, but are listed as parts of collections.  The Batman title is used for collections of these comic book series:
    * <a href="http://www.goodreads.com/series/51224-legends-of-the-dark-knight-single-issues">Batman: Legends of the Dark Knight</a>
    * <a href="http://www.goodreads.com/series/51350-batman-shadow-of-the-bat-single-issues">Batman: Shadow of the Bat</a>
    * <a href="http://www.goodreads.com/series/51308-batman-gotham-knights-single-issues">Batman: Gotham Knights</a>
    * <a href="http://www.goodreads.com/series/51333-the-batman-chronicles-single-issues">The Batman Chronicles</a>
    * and more
    
    Related series:
    * <a href="http://www.goodreads.com/series/51248">Catwoman</a>
    * <a href="http://www.goodreads.com/series/51217">Batgirl</a>
    * <a href="http://www.goodreads.com/series/51237">Robin</a>
    * <a href="http://www.goodreads.com/series/51244">Nightwing</a>
    * <a href="http://www.goodreads.com/series/51182">Red Robin</a>
    * <a href="http://www.goodreads.com/series/51220">Batman and Robin</a>
    * <a href="http://www.goodreads.com/series/69945">Batwoman</a>
    * <a href="http://www.goodreads.com/series/51271">Birds of Prey</a>
    * <a href="http://www.goodreads.com/series/51222">Gotham Central</a>
    * <a href="http://www.goodreads.com/series/51218">Superman/Batman</a>
    * <a href="http://www.goodreads.com/series/51226">Batman and the Outsiders</a>
    * <a href="http://www.goodreads.com/series/51387">The Brave and the Bold</a>
    * <a href="http://www.goodreads.com/series/52071">JLA</a>
    * <a href="http://www.goodreads.com/series/51371">The Greatest Stories Ever Told</a>
    * and more
    
    For other series titled Batman which are not related to this series, see:
    * <a href="http://www.goodreads.com/series/50231">The Batman Adventures</a>
    * <a href="http://www.goodreads.com/series/49905">The Batman</a>
    * <a href="http://www.goodreads.com/series/51388">Batman: The Brave and the Bold</a>
    * <a href="http://www.goodreads.com/series/62191-batman-la-colecci-n">Batman La Colección</a>
]]>
</description>
<note>
<![CDATA[
    Description is almost at max length!
    Through page 4 of the search "batman", trying to follow the order on the wikipedia "Batman reprints" page....
]]>
</note>
<series_works_count>370</series_works_count>
<primary_work_count>367</primary_work_count>
<numbered>false</numbered>
</series>

</series_work>
<series_work>
<id>300451</id>
<user_position>1</user_position>
<series>
<id>67644</id>
<title>
<![CDATA[
    Loeb and Sale's Batman
]]>
</title>
<description>
<![CDATA[
    These two authors have collaborated on several Batman stories. This is an incomplete list of these works in their several editions.
]]>
</description>
<note>
<![CDATA[
    CAUTION: Long works as "Long Halloween" and "Dark Victory" has been collected in shorter editions for each book. DO NOT COMBINE with complete editions.
]]>
</note>
<series_works_count>16</series_works_count>
<primary_work_count>4</primary_work_count>
<numbered>true</numbered>
</series>

</series_work>
<series_work>
<id>636703</id>
<user_position>9</user_position>
<series>
<id>129254</id>
<title>
<![CDATA[
    Modern Batman
]]>
</title>
<description>
<![CDATA[
    From Wikipedia: "The following trade paperbacks are stories that run through the "contemporary" books of the Batman family. The earliest trade paperback is Frank Miller's "Batman: Year One" storyline, which rebirthed the character in the Modern Age, re-telling the first year of his existence and how he came to be. These stories are from comic books still being published and are, in a sense, ongoing. They are listed here in the chronology of the storylines, rather than the publication dates of either the original comics or collections."
]]>
</description>
<note>
<![CDATA[
]]>
</note>
<series_works_count>78</series_works_count>
<primary_work_count>78</primary_work_count>
<numbered>true</numbered>
</series>

</series_work>
<series_work>
<id>898587</id>
<user_position>19, 20</user_position>
<series>
<id>144728</id>
<title>
<![CDATA[
    DC Comics Graphic Novel Collection
]]>
</title>
<description>
<![CDATA[
]]>
</description>
<note>
<![CDATA[
]]>
</note>
<series_works_count>53</series_works_count>
<primary_work_count>53</primary_work_count>
<numbered>true</numbered>
</series>

</series_work>

  </series_works>
  <similar_books>
          <book>
<id>7113260</id>
<title><![CDATA[Gotham Central Book Three: On the Freak Beat]]></title>
<title_without_series><![CDATA[Gotham Central Book Three: On the Freak Beat]]></title_without_series>
<link><![CDATA[https://www.goodreads.com/book/show/7113260-gotham-central-book-three]]></link>
<small_image_url><![CDATA[https://images.gr-assets.com/books/1448620824s/7113260.jpg]]></small_image_url>
<image_url><![CDATA[https://images.gr-assets.com/books/1448620824m/7113260.jpg]]></image_url>
<num_pages>224</num_pages>
<work>
<id>7373008</id>
</work>
<isbn>1401227546</isbn>
<isbn13>9781401227548</isbn13>
<average_rating>4.31</average_rating>
<ratings_count>1824</ratings_count>
<publication_year>2010</publication_year>
<publication_month>6</publication_month>
<publication_day>15</publication_day>
<authors>
<author>
<id>18327</id>
<name>Greg Rucka</name>
<link><![CDATA[https://www.goodreads.com/author/show/18327.Greg_Rucka]]></link>
</author>
</authors>
</book>

          <book>
<id>105724</id>
<title>Batgirl: Year One</title>
<title_without_series>Batgirl: Year One</title_without_series>
<link><![CDATA[https://www.goodreads.com/book/show/105724.Batgirl]]></link>
<small_image_url><![CDATA[https://images.gr-assets.com/books/1298562500s/105724.jpg]]></small_image_url>
<image_url><![CDATA[https://images.gr-assets.com/books/1298562500m/105724.jpg]]></image_url>
<num_pages>224</num_pages>
<work>
<id>101907</id>
</work>
<isbn>140120080X</isbn>
<isbn13>9781401200800</isbn13>
<average_rating>4.11</average_rating>
<ratings_count>6049</ratings_count>
<publication_year>2003</publication_year>
<publication_month>12</publication_month>
<publication_day>1</publication_day>
<authors>
<author>
<id>61231</id>
<name>Scott Beatty</name>
<link><![CDATA[https://www.goodreads.com/author/show/61231.Scott_Beatty]]></link>
</author>
</authors>
</book>

          <book>
<id>15752115</id>
<title><![CDATA[Batman, Volume 2: The City of Owls]]></title>
<title_without_series><![CDATA[Batman, Volume 2: The City of Owls]]></title_without_series>
<link><![CDATA[https://www.goodreads.com/book/show/15752115-batman-volume-2]]></link>
<small_image_url><![CDATA[https://images.gr-assets.com/books/1342309403s/15752115.jpg]]></small_image_url>
<image_url><![CDATA[https://images.gr-assets.com/books/1342309403m/15752115.jpg]]></image_url>
<num_pages>208</num_pages>
<work>
<id>21446852</id>
</work>
<isbn>1401237770</isbn>
<isbn13>9781401237776</isbn13>
<average_rating>4.26</average_rating>
<ratings_count>15408</ratings_count>
<publication_year>2013</publication_year>
<publication_month>3</publication_month>
<publication_day>26</publication_day>
<authors>
<author>
<id>70026</id>
<name>Scott Snyder</name>
<link><![CDATA[https://www.goodreads.com/author/show/70026.Scott_Snyder]]></link>
</author>
</authors>
</book>

          <book>
<id>6375833</id>
<title><![CDATA[Gotham Central, Book Two: Jokers and Madmen]]></title>
<title_without_series><![CDATA[Gotham Central, Book Two: Jokers and Madmen]]></title_without_series>
<link><![CDATA[https://www.goodreads.com/book/show/6375833-gotham-central-book-two]]></link>
<small_image_url><![CDATA[https://images.gr-assets.com/books/1320557305s/6375833.jpg]]></small_image_url>
<image_url><![CDATA[https://images.gr-assets.com/books/1320557305m/6375833.jpg]]></image_url>
<num_pages>288</num_pages>
<work>
<id>6563486</id>
</work>
<isbn>1401225217</isbn>
<isbn13>9781401225216</isbn13>
<average_rating>4.41</average_rating>
<ratings_count>2798</ratings_count>
<publication_year>2009</publication_year>
<publication_month>9</publication_month>
<publication_day>15</publication_day>
<authors>
<author>
<id>37450</id>
<name>Ed Brubaker</name>
<link><![CDATA[https://www.goodreads.com/author/show/37450.Ed_Brubaker]]></link>
</author>
</authors>
</book>

          <book>
<id>107128</id>
<title>Batman: The Cult</title>
<title_without_series>Batman: The Cult</title_without_series>
<link><![CDATA[https://www.goodreads.com/book/show/107128.Batman]]></link>
<small_image_url><![CDATA[https://images.gr-assets.com/books/1354682112s/107128.jpg]]></small_image_url>
<image_url><![CDATA[https://images.gr-assets.com/books/1354682112m/107128.jpg]]></image_url>
<num_pages>184</num_pages>
<work>
<id>103259</id>
</work>
<isbn>0930289854</isbn>
<isbn13>9780930289850</isbn13>
<average_rating>3.90</average_rating>
<ratings_count>3997</ratings_count>
<publication_year>2009</publication_year>
<publication_month>12</publication_month>
<publication_day>15</publication_day>
<authors>
<author>
<id>18313</id>
<name>Jim Starlin</name>
<link><![CDATA[https://www.goodreads.com/author/show/18313.Jim_Starlin]]></link>
</author>
</authors>
</book>

          <book>
<id>6672183</id>
<title>Batman &amp; Robin: Batman Reborn</title>
<title_without_series>Batman &amp; Robin: Batman Reborn</title_without_series>
<link><![CDATA[https://www.goodreads.com/book/show/6672183-batman-robin]]></link>
<small_image_url><![CDATA[https://s.gr-assets.com/assets/nophoto/book/50x75-a91bf249278a81aabab721ef782c4a74.png]]></small_image_url>
<image_url><![CDATA[https://s.gr-assets.com/assets/nophoto/book/111x148-bcc042a9c91a29c1d680899eff700a03.png]]></image_url>
<num_pages>168</num_pages>
<work>
<id>6867146</id>
</work>
<isbn>1401225667</isbn>
<isbn13>9781401225667</isbn13>
<average_rating>4.08</average_rating>
<ratings_count>14096</ratings_count>
<publication_year>2010</publication_year>
<publication_month>4</publication_month>
<publication_day>13</publication_day>
<authors>
<author>
<id>12732</id>
<name>Grant Morrison</name>
<link><![CDATA[https://www.goodreads.com/author/show/12732.Grant_Morrison]]></link>
</author>
</authors>
</book>

          <book>
<id>522597</id>
<title>Batman: Harley and Ivy</title>
<title_without_series>Batman: Harley and Ivy</title_without_series>
<link><![CDATA[https://www.goodreads.com/book/show/522597.Batman]]></link>
<small_image_url><![CDATA[https://s.gr-assets.com/assets/nophoto/book/50x75-a91bf249278a81aabab721ef782c4a74.png]]></small_image_url>
<image_url><![CDATA[https://s.gr-assets.com/assets/nophoto/book/111x148-bcc042a9c91a29c1d680899eff700a03.png]]></image_url>
<num_pages>136</num_pages>
<work>
<id>510478</id>
</work>
<isbn>1401213332</isbn>
<isbn13>9781401213336</isbn13>
<average_rating>4.00</average_rating>
<ratings_count>1920</ratings_count>
<publication_year>2007</publication_year>
<publication_month>7</publication_month>
<publication_day>4</publication_day>
<authors>
<author>
<id>61935</id>
<name>Paul Dini</name>
<link><![CDATA[https://www.goodreads.com/author/show/61935.Paul_Dini]]></link>
</author>
</authors>
</book>

          <book>
<id>2662182</id>
<title>Green Arrow: Year One</title>
<title_without_series>Green Arrow: Year One</title_without_series>
<link><![CDATA[https://www.goodreads.com/book/show/2662182-green-arrow]]></link>
<small_image_url><![CDATA[https://s.gr-assets.com/assets/nophoto/book/50x75-a91bf249278a81aabab721ef782c4a74.png]]></small_image_url>
<image_url><![CDATA[https://s.gr-assets.com/assets/nophoto/book/111x148-bcc042a9c91a29c1d680899eff700a03.png]]></image_url>
<num_pages>160</num_pages>
<work>
<id>2687408</id>
</work>
<isbn>1401216870</isbn>
<isbn13>9781401216870</isbn13>
<average_rating>4.06</average_rating>
<ratings_count>5364</ratings_count>
<publication_year>2008</publication_year>
<publication_month>4</publication_month>
<publication_day>22</publication_day>
<authors>
<author>
<id>59841</id>
<name>Andy Diggle</name>
<link><![CDATA[https://www.goodreads.com/author/show/59841.Andy_Diggle]]></link>
</author>
</authors>
</book>

          <book>
<id>60411</id>
<title>JLA, Vol. 7: Tower of Babel</title>
<title_without_series>JLA, Vol. 7: Tower of Babel</title_without_series>
<link><![CDATA[https://www.goodreads.com/book/show/60411.JLA_Vol_7]]></link>
<small_image_url><![CDATA[https://images.gr-assets.com/books/1343152955s/60411.jpg]]></small_image_url>
<image_url><![CDATA[https://images.gr-assets.com/books/1343152955m/60411.jpg]]></image_url>
<num_pages></num_pages>
<work>
<id>166458</id>
</work>
<isbn>156389727X</isbn>
<isbn13>9781563897276</isbn13>
<average_rating>4.11</average_rating>
<ratings_count>5256</ratings_count>
<publication_year></publication_year>
<publication_month></publication_month>
<publication_day></publication_day>
<authors>
<author>
<id>5363</id>
<name>Mark Waid</name>
<link><![CDATA[https://www.goodreads.com/author/show/5363.Mark_Waid]]></link>
</author>
</authors>
</book>

          <book>
<id>105725</id>
<title>Robin: Year One</title>
<title_without_series>Robin: Year One</title_without_series>
<link><![CDATA[https://www.goodreads.com/book/show/105725.Robin]]></link>
<small_image_url><![CDATA[https://images.gr-assets.com/books/1362781823s/105725.jpg]]></small_image_url>
<image_url><![CDATA[https://images.gr-assets.com/books/1362781823m/105725.jpg]]></image_url>
<num_pages>199</num_pages>
<work>
<id>101908</id>
</work>
<isbn>1563898055</isbn>
<isbn13>9781563898051</isbn13>
<average_rating>4.04</average_rating>
<ratings_count>3542</ratings_count>
<publication_year>2002</publication_year>
<publication_month>5</publication_month>
<publication_day>1</publication_day>
<authors>
<author>
<id>28709</id>
<name>Chuck Dixon</name>
<link><![CDATA[https://www.goodreads.com/author/show/28709.Chuck_Dixon]]></link>
</author>
</authors>
</book>

          <book>
<id>12791521</id>
<title>Batman: Earth One, Volume 1</title>
<title_without_series>Batman: Earth One, Volume 1</title_without_series>
<link><![CDATA[https://www.goodreads.com/book/show/12791521-batman]]></link>
<small_image_url><![CDATA[https://images.gr-assets.com/books/1344369854s/12791521.jpg]]></small_image_url>
<image_url><![CDATA[https://images.gr-assets.com/books/1344369854m/12791521.jpg]]></image_url>
<num_pages>142</num_pages>
<work>
<id>17939401</id>
</work>
<isbn>1401232086</isbn>
<isbn13>9781401232085</isbn13>
<average_rating>4.06</average_rating>
<ratings_count>12117</ratings_count>
<publication_year>2012</publication_year>
<publication_month>7</publication_month>
<publication_day>10</publication_day>
<authors>
<author>
<id>10305</id>
<name>Geoff Johns</name>
<link><![CDATA[https://www.goodreads.com/author/show/10305.Geoff_Johns]]></link>
</author>
</authors>
</book>

  </similar_books>
</book>

</GoodreadsResponse>