<?xml version="1.0" encoding="UTF-8"?>
<GoodreadsResponse>
  <Request>
    <authentication>true</authentication>
      <key><![CDATA[all_men_must_serve]]></key>
    <method><![CDATA[book_show]]></method>
  </Request>
  <book>
  <id>10603</id>
  <title>Cujo</title>
  <isbn><![CDATA[0307348245]]></isbn>
  <isbn13><![CDATA[9780307348241]]></isbn13>
  <asin><![CDATA[]]></asin>
  <kindle_asin><![CDATA[B00HUDZ1CM]]></kindle_asin>
  <marketplace_id><![CDATA[A1F83G8C2ARO7P]]></marketplace_id>
  <country_code><![CDATA[GB]]></country_code>
  <image_url>https://images.gr-assets.com/books/1394208144m/10603.jpg</image_url>
  <small_image_url>https://images.gr-assets.com/books/1394208144s/10603.jpg</small_image_url>
  <publication_year>2006</publication_year>
  <publication_month>6</publication_month>
  <publication_day>6</publication_day>
  <publisher>Plaza y Janés</publisher>
  <language_code>spa</language_code>
  <is_ebook>false</is_ebook>
  <description><![CDATA[Outside a peaceful town in central Maine, a monster is waiting. Cujo is a two-hundred-pound Saint Bernard, the best friend Brett Camber has ever had. One day Cujo chases a rabbit into a bolt-hole - a cave inhabited by sick bats. What happens to Cujo, how he becomes a horrifying vortex inexorably drawing in all the people around him makes for one of the most heart-stopping novels Stephen King has written.]]></description>
  <work>
  <id type="integer">996156</id>
  <books_count type="integer">143</books_count>
  <best_book_id type="integer">10603</best_book_id>
  <reviews_count type="integer">233552</reviews_count>
  <ratings_sum type="integer">609549</ratings_sum>
  <ratings_count type="integer">167188</ratings_count>
  <text_reviews_count type="integer">2835</text_reviews_count>
  <original_publication_year type="integer">1981</original_publication_year>
  <original_publication_month type="integer">9</original_publication_month>
  <original_publication_day type="integer">8</original_publication_day>
  <original_title>Cujo</original_title>
  <original_language_id type="integer" nil="true"/>
  <media_type>book</media_type>
  <rating_dist>5:39784|4:52749|3:54419|2:16140|1:4096|total:167188</rating_dist>
  <desc_user_id type="integer">45842887</desc_user_id>
  <default_chaptering_book_id type="integer" nil="true"/>
  <default_description_language_code nil="true"/>
</work>
  <average_rating>3.65</average_rating>
  <num_pages><![CDATA[432]]></num_pages>
  <format><![CDATA[Paperback]]></format>
  <edition_information><![CDATA[]]></edition_information>
  <ratings_count><![CDATA[158349]]></ratings_count>
  <text_reviews_count><![CDATA[1950]]></text_reviews_count>
  <url><![CDATA[https://www.goodreads.com/book/show/10603.Cujo]]></url>
  <link><![CDATA[https://www.goodreads.com/book/show/10603.Cujo]]></link>
  <authors>
<author>
<id>3389</id>
<name>Stephen King</name>
<role></role>
<image_url nophoto='false'>
<![CDATA[https://images.gr-assets.com/authors/1362814142p5/3389.jpg]]>
</image_url>
<small_image_url nophoto='false'>
<![CDATA[https://images.gr-assets.com/authors/1362814142p2/3389.jpg]]>
</small_image_url>
<link><![CDATA[https://www.goodreads.com/author/show/3389.Stephen_King]]></link>
<average_rating>4.01</average_rating>
<ratings_count>10357276</ratings_count>
<text_reviews_count>349176</text_reviews_count>
</author>
</authors>

    <reviews_widget>
      <![CDATA[
        <style>
  #goodreads-widget {
    font-family: georgia, serif;
    padding: 18px 0;
    width:565px;
  }
  #goodreads-widget h1 {
    font-weight:normal;
    font-size: 16px;
    border-bottom: 1px solid #BBB596;
    margin-bottom: 0;
  }
  #goodreads-widget a {
    text-decoration: none;
    color:#660;
  }
  iframe{
    background-color: #fff;
  }
  #goodreads-widget a:hover { text-decoration: underline; }
  #goodreads-widget a:active {
    color:#660;
  }
  #gr_footer {
    width: 100%;
    border-top: 1px solid #BBB596;
    text-align: right;
  }
  #goodreads-widget .gr_branding{
    color: #382110;
    font-size: 11px;
    text-decoration: none;
    font-family: "Helvetica Neue", Helvetica, Arial, sans-serif;
  }
</style>
<div id="goodreads-widget">
  <div id="gr_header"><h1><a rel="nofollow" href="https://www.goodreads.com/book/show/10603.Cujo">Cujo Reviews</a></h1></div>
  <iframe id="the_iframe" src="https://www.goodreads.com/api/reviews_widget_iframe?did=DEVELOPER_ID&amp;format=html&amp;isbn=0307348245&amp;links=660&amp;min_rating=&amp;review_back=fff&amp;stars=000&amp;text=000" width="565" height="400" frameborder="0"></iframe>
  <div id="gr_footer">
    <a class="gr_branding" target="_blank" rel="nofollow" href="https://www.goodreads.com/book/show/10603.Cujo?utm_medium=api&amp;utm_source=reviews_widget">Reviews from Goodreads.com</a>
  </div>
</div>

      ]]>
    </reviews_widget>
  <popular_shelves>
      <shelf name="to-read" count="45543"/>
      <shelf name="horror" count="3889"/>
      <shelf name="stephen-king" count="2014"/>
      <shelf name="fiction" count="1176"/>
      <shelf name="currently-reading" count="918"/>
      <shelf name="owned" count="352"/>
      <shelf name="thriller" count="335"/>
      <shelf name="king" count="288"/>
      <shelf name="books-i-own" count="283"/>
      <shelf name="favorites" count="268"/>
      <shelf name="default" count="182"/>
      <shelf name="rory-gilmore-reading-challenge" count="180"/>
      <shelf name="suspense" count="144"/>
      <shelf name="owned-books" count="133"/>
      <shelf name="animals" count="104"/>
      <shelf name="rory-gilmore-challenge" count="88"/>
      <shelf name="library" count="78"/>
      <shelf name="horror-thriller" count="76"/>
      <shelf name="dogs" count="74"/>
      <shelf name="my-books" count="73"/>
      <shelf name="novels" count="71"/>
      <shelf name="fantasy" count="69"/>
      <shelf name="adult" count="67"/>
      <shelf name="rory-gilmore" count="64"/>
      <shelf name="mystery" count="57"/>
      <shelf name="adult-fiction" count="56"/>
      <shelf name="gilmore-girls" count="54"/>
      <shelf name="king-stephen" count="53"/>
      <shelf name="american" count="53"/>
      <shelf name="to-buy" count="53"/>
      <shelf name="rory-gilmore-reading-list" count="52"/>
      <shelf name="ebook" count="51"/>
      <shelf name="my-library" count="49"/>
      <shelf name="ebooks" count="48"/>
      <shelf name="horror-suspense" count="47"/>
      <shelf name="kindle" count="46"/>
      <shelf name="audiobook" count="43"/>
      <shelf name="supernatural" count="40"/>
      <shelf name="the-king" count="39"/>
      <shelf name="fiction-horror" count="39"/>
      <shelf name="scary" count="39"/>
      <shelf name="novel" count="38"/>
      <shelf name="terror" count="38"/>
      <shelf name="audiobooks" count="37"/>
      <shelf name="thrillers" count="36"/>
      <shelf name="books" count="36"/>
      <shelf name="wish-list" count="35"/>
      <shelf name="i-own" count="34"/>
      <shelf name="stephen-king-read" count="32"/>
      <shelf name="thriller-horror" count="32"/>
      <shelf name="rabies" count="31"/>
      <shelf name="classics" count="31"/>
      <shelf name="paranormal" count="31"/>
      <shelf name="paperback" count="29"/>
      <shelf name="stephenking" count="27"/>
      <shelf name="general-fiction" count="27"/>
      <shelf name="own-it" count="27"/>
      <shelf name="20th-century" count="26"/>
      <shelf name="science-fiction" count="26"/>
      <shelf name="maine" count="26"/>
      <shelf name="home-library" count="26"/>
      <shelf name="gilmore-girls-reading-list" count="25"/>
      <shelf name="stories" count="25"/>
      <shelf name="ghost" count="25"/>
      <shelf name="have" count="25"/>
      <shelf name="suspense-thriller" count="25"/>
      <shelf name="s-king" count="24"/>
      <shelf name="favourites" count="24"/>
      <shelf name="banned-books" count="24"/>
      <shelf name="creepy" count="24"/>
      <shelf name="stephen-king-books" count="23"/>
      <shelf name="mystery-thriller" count="23"/>
      <shelf name="general" count="23"/>
      <shelf name="gilmore" count="22"/>
      <shelf name="rory-gilmore-book-challenge" count="22"/>
      <shelf name="calibre" count="22"/>
      <shelf name="re-read" count="22"/>
      <shelf name="contemporary" count="22"/>
      <shelf name="favorite-authors" count="21"/>
      <shelf name="the-rory-gilmore-reading-challenge" count="20"/>
      <shelf name="e-books" count="20"/>
      <shelf name="read-in-2015" count="19"/>
      <shelf name="tbr" count="19"/>
      <shelf name="gilmore-challenge" count="19"/>
      <shelf name="tales" count="19"/>
      <shelf name="steven-king" count="19"/>
      <shelf name="sk" count="19"/>
      <shelf name="horror-fiction" count="19"/>
      <shelf name="books-i-have" count="18"/>
      <shelf name="english" count="18"/>
      <shelf name="other" count="18"/>
      <shelf name="finished" count="18"/>
      <shelf name="unread" count="18"/>
      <shelf name="horror-supernatural" count="18"/>
      <shelf name="read-in-2014" count="17"/>
      <shelf name="dark" count="17"/>
      <shelf name="movies" count="17"/>
      <shelf name="contemporary-fiction" count="17"/>
      <shelf name="literature" count="17"/>
      <shelf name="american-literature" count="16"/>
  </popular_shelves>
  <book_links>
    <book_link>
  <id>8</id>
  <name>Libraries</name>
  <link>https://www.goodreads.com/book_link/follow/8</link>
</book_link>

  </book_links>
  <buy_links>
    <buy_link>
<id>1</id>
<name>Amazon</name>
<link>https://www.goodreads.com/book_link/follow/1</link>
</buy_link>
<buy_link>
<id>10</id>
<name>Audible</name>
<link>https://www.goodreads.com/book_link/follow/10</link>
</buy_link>
<buy_link>
<id>3</id>
<name>Barnes &amp; Noble</name>
<link>https://www.goodreads.com/book_link/follow/3</link>
</buy_link>
<buy_link>
<id>1027</id>
<name>Kobo</name>
<link>https://www.goodreads.com/book_link/follow/1027</link>
</buy_link>
<buy_link>
<id>2102</id>
<name>Apple iBooks</name>
<link>https://www.goodreads.com/book_link/follow/2102</link>
</buy_link>
<buy_link>
<id>8036</id>
<name>Google Play</name>
<link>https://www.goodreads.com/book_link/follow/8036</link>
</buy_link>
<buy_link>
<id>4</id>
<name>Abebooks</name>
<link>https://www.goodreads.com/book_link/follow/4</link>
</buy_link>
<buy_link>
<id>882</id>
<name>Book Depository</name>
<link>https://www.goodreads.com/book_link/follow/882</link>
</buy_link>
<buy_link>
<id>9</id>
<name>Indigo</name>
<link>https://www.goodreads.com/book_link/follow/9</link>
</buy_link>
<buy_link>
<id>2</id>
<name>Half.com</name>
<link>https://www.goodreads.com/book_link/follow/2</link>
</buy_link>
<buy_link>
<id>5</id>
<name>Alibris</name>
<link>https://www.goodreads.com/book_link/follow/5</link>
</buy_link>
<buy_link>
<id>107</id>
<name>Better World Books</name>
<link>https://www.goodreads.com/book_link/follow/107</link>
</buy_link>
<buy_link>
<id>7</id>
<name>IndieBound</name>
<link>https://www.goodreads.com/book_link/follow/7</link>
</buy_link>

  </buy_links>
  <series_works>
    
  </series_works>
  <similar_books>
          <book>
<id>10605</id>
<title>Thinner</title>
<title_without_series>Thinner</title_without_series>
<link><![CDATA[https://www.goodreads.com/book/show/10605.Thinner]]></link>
<small_image_url><![CDATA[https://images.gr-assets.com/books/1346947063s/10605.jpg]]></small_image_url>
<image_url><![CDATA[https://images.gr-assets.com/books/1346947063m/10605.jpg]]></image_url>
<num_pages>320</num_pages>
<work>
<id>2791999</id>
</work>
<isbn>0451190750</isbn>
<isbn13>9780451190758</isbn13>
<average_rating>3.66</average_rating>
<ratings_count>136596</ratings_count>
<publication_year>1996</publication_year>
<publication_month>9</publication_month>
<publication_day>1</publication_day>
<authors>
<author>
<id>5858</id>
<name>Richard Bachman</name>
<link><![CDATA[https://www.goodreads.com/author/show/5858.Richard_Bachman]]></link>
</author>
</authors>
</book>

          <book>
<id>1153738</id>
<title>Lisa and David</title>
<title_without_series>Lisa and David</title_without_series>
<link><![CDATA[https://www.goodreads.com/book/show/1153738.Lisa_and_David]]></link>
<small_image_url><![CDATA[https://s.gr-assets.com/assets/nophoto/book/50x75-a91bf249278a81aabab721ef782c4a74.png]]></small_image_url>
<image_url><![CDATA[https://s.gr-assets.com/assets/nophoto/book/111x148-bcc042a9c91a29c1d680899eff700a03.png]]></image_url>
<num_pages>79</num_pages>
<work>
<id>48221289</id>
</work>
<isbn>0020535708</isbn>
<isbn13>9780020535706</isbn13>
<average_rating>3.69</average_rating>
<ratings_count>135</ratings_count>
<publication_year>1988</publication_year>
<publication_month>9</publication_month>
<publication_day>1</publication_day>
<authors>
<author>
<id>1407057</id>
<name>Theodore Isaac Rubin</name>
<link><![CDATA[https://www.goodreads.com/author/show/1407057.Theodore_Isaac_Rubin]]></link>
</author>
</authors>
</book>

          <book>
<id>479740</id>
<title>The Archidamian War</title>
<title_without_series>The Archidamian War</title_without_series>
<link><![CDATA[https://www.goodreads.com/book/show/479740.The_Archidamian_War]]></link>
<small_image_url><![CDATA[https://s.gr-assets.com/assets/nophoto/book/50x75-a91bf249278a81aabab721ef782c4a74.png]]></small_image_url>
<image_url><![CDATA[https://s.gr-assets.com/assets/nophoto/book/111x148-bcc042a9c91a29c1d680899eff700a03.png]]></image_url>
<num_pages>400</num_pages>
<work>
<id>468146</id>
</work>
<isbn>0801497140</isbn>
<isbn13>9780801497148</isbn13>
<average_rating>3.62</average_rating>
<ratings_count>479</ratings_count>
<publication_year>1990</publication_year>
<publication_month>1</publication_month>
<publication_day>18</publication_day>
<authors>
<author>
<id>12805</id>
<name>Donald Kagan</name>
<link><![CDATA[https://www.goodreads.com/author/show/12805.Donald_Kagan]]></link>
</author>
</authors>
</book>

          <book>
<id>11580</id>
<title>Creepshow</title>
<title_without_series>Creepshow</title_without_series>
<link><![CDATA[https://www.goodreads.com/book/show/11580.Creepshow]]></link>
<small_image_url><![CDATA[https://images.gr-assets.com/books/1332002598s/11580.jpg]]></small_image_url>
<image_url><![CDATA[https://images.gr-assets.com/books/1332002598m/11580.jpg]]></image_url>
<num_pages>66</num_pages>
<work>
<id>14011</id>
</work>
<isbn>0452253802</isbn>
<isbn13>9780452253803</isbn13>
<average_rating>4.06</average_rating>
<ratings_count>28469</ratings_count>
<publication_year>1982</publication_year>
<publication_month>8</publication_month>
<publication_day>1</publication_day>
<authors>
<author>
<id>3389</id>
<name>Stephen King</name>
<link><![CDATA[https://www.goodreads.com/author/show/3389.Stephen_King]]></link>
</author>
</authors>
</book>

          <book>
<id>1038223</id>
<title>Brigadoon (Vocal Score)</title>
<title_without_series>Brigadoon</title_without_series>
<link><![CDATA[https://www.goodreads.com/book/show/1038223.Brigadoon]]></link>
<small_image_url><![CDATA[https://s.gr-assets.com/assets/nophoto/book/50x75-a91bf249278a81aabab721ef782c4a74.png]]></small_image_url>
<image_url><![CDATA[https://s.gr-assets.com/assets/nophoto/book/111x148-bcc042a9c91a29c1d680899eff700a03.png]]></image_url>
<num_pages>196</num_pages>
<work>
<id>1024583</id>
</work>
<isbn>0769202225</isbn>
<isbn13>9780769202228</isbn13>
<average_rating>3.82</average_rating>
<ratings_count>1693</ratings_count>
<publication_year>1996</publication_year>
<publication_month>4</publication_month>
<publication_day>1</publication_day>
<authors>
<author>
<id>5221</id>
<name>Alan Jay Lerner</name>
<link><![CDATA[https://www.goodreads.com/author/show/5221.Alan_Jay_Lerner]]></link>
</author>
</authors>
</book>

          <book>
<id>217073</id>
<title><![CDATA[Novels, 1944-1962: My Home is Far Away / The Locusts Have No King / The Wicked Pavilion / The Golden Spur]]></title>
<title_without_series><![CDATA[Novels, 1944-1962: My Home is Far Away / The Locusts Have No King / The Wicked Pavilion / The Golden Spur]]></title_without_series>
<link><![CDATA[https://www.goodreads.com/book/show/217073.Novels_1944_1962]]></link>
<small_image_url><![CDATA[https://s.gr-assets.com/assets/nophoto/book/50x75-a91bf249278a81aabab721ef782c4a74.png]]></small_image_url>
<image_url><![CDATA[https://s.gr-assets.com/assets/nophoto/book/111x148-bcc042a9c91a29c1d680899eff700a03.png]]></image_url>
<num_pages>969</num_pages>
<work>
<id>210162</id>
</work>
<isbn>1931082022</isbn>
<isbn13>9781931082020</isbn13>
<average_rating>4.30</average_rating>
<ratings_count>86</ratings_count>
<publication_year>2001</publication_year>
<publication_month>9</publication_month>
<publication_day>10</publication_day>
<authors>
<author>
<id>53013</id>
<name>Dawn Powell</name>
<link><![CDATA[https://www.goodreads.com/author/show/53013.Dawn_Powell]]></link>
</author>
</authors>
</book>

          <book>
<id>125842</id>
<title><![CDATA[A Bolt from the Blue and Other Essays]]></title>
<title_without_series><![CDATA[A Bolt from the Blue and Other Essays]]></title_without_series>
<link><![CDATA[https://www.goodreads.com/book/show/125842.A_Bolt_from_the_Blue_and_Other_Essays]]></link>
<small_image_url><![CDATA[https://s.gr-assets.com/assets/nophoto/book/50x75-a91bf249278a81aabab721ef782c4a74.png]]></small_image_url>
<image_url><![CDATA[https://s.gr-assets.com/assets/nophoto/book/111x148-bcc042a9c91a29c1d680899eff700a03.png]]></image_url>
<num_pages>400</num_pages>
<work>
<id>121207</id>
</work>
<isbn>1590170105</isbn>
<isbn13>9781590170106</isbn13>
<average_rating>3.75</average_rating>
<ratings_count>362</ratings_count>
<publication_year>2002</publication_year>
<publication_month>6</publication_month>
<publication_day>30</publication_day>
<authors>
<author>
<id>7305</id>
<name>Mary McCarthy</name>
<link><![CDATA[https://www.goodreads.com/author/show/7305.Mary_McCarthy]]></link>
</author>
</authors>
</book>

          <book>
<id>11532</id>
<title>Night Visions 5</title>
<title_without_series>Night Visions 5</title_without_series>
<link><![CDATA[https://www.goodreads.com/book/show/11532.Night_Visions_5]]></link>
<small_image_url><![CDATA[https://images.gr-assets.com/books/1289330105s/11532.jpg]]></small_image_url>
<image_url><![CDATA[https://images.gr-assets.com/books/1289330105m/11532.jpg]]></image_url>
<num_pages>274</num_pages>
<work>
<id>88730</id>
</work>
<isbn>0913165328</isbn>
<isbn13>9780913165324</isbn13>
<average_rating>3.90</average_rating>
<ratings_count>1362</ratings_count>
<publication_year>1988</publication_year>
<publication_month>5</publication_month>
<publication_day></publication_day>
<authors>
<author>
<id>18351</id>
<name>Douglas E. Winter</name>
<link><![CDATA[https://www.goodreads.com/author/show/18351.Douglas_E_Winter]]></link>
</author>
</authors>
</book>

          <book>
<id>10387214</id>
<title>The Art of Fiction</title>
<title_without_series>The Art of Fiction</title_without_series>
<link><![CDATA[https://www.goodreads.com/book/show/10387214-the-art-of-fiction]]></link>
<small_image_url><![CDATA[https://s.gr-assets.com/assets/nophoto/book/50x75-a91bf249278a81aabab721ef782c4a74.png]]></small_image_url>
<image_url><![CDATA[https://s.gr-assets.com/assets/nophoto/book/111x148-bcc042a9c91a29c1d680899eff700a03.png]]></image_url>
<num_pages></num_pages>
<work>
<id>15290891</id>
</work>
<isbn>1172438099</isbn>
<isbn13>9781172438099</isbn13>
<average_rating>3.74</average_rating>
<ratings_count>645</ratings_count>
<publication_year></publication_year>
<publication_month></publication_month>
<publication_day></publication_day>
<authors>
<author>
<id>159</id>
<name>Henry James</name>
<link><![CDATA[https://www.goodreads.com/author/show/159.Henry_James]]></link>
</author>
</authors>
</book>

          <book>
<id>32445</id>
<title>Strange Highways</title>
<title_without_series>Strange Highways</title_without_series>
<link><![CDATA[https://www.goodreads.com/book/show/32445.Strange_Highways]]></link>
<small_image_url><![CDATA[https://s.gr-assets.com/assets/nophoto/book/50x75-a91bf249278a81aabab721ef782c4a74.png]]></small_image_url>
<image_url><![CDATA[https://s.gr-assets.com/assets/nophoto/book/111x148-bcc042a9c91a29c1d680899eff700a03.png]]></image_url>
<num_pages>576</num_pages>
<work>
<id>22522</id>
</work>
<isbn>0446531383</isbn>
<isbn13>9780446531382</isbn13>
<average_rating>3.83</average_rating>
<ratings_count>15888</ratings_count>
<publication_year>2002</publication_year>
<publication_month>9</publication_month>
<publication_day>29</publication_day>
<authors>
<author>
<id>9355</id>
<name>Dean Koontz</name>
<link><![CDATA[https://www.goodreads.com/author/show/9355.Dean_Koontz]]></link>
</author>
</authors>
</book>

          <book>
<id>52643</id>
<title><![CDATA[In the Flesh (Books of Blood #5)]]></title>
<title_without_series>In the Flesh</title_without_series>
<link><![CDATA[https://www.goodreads.com/book/show/52643.In_the_Flesh]]></link>
<small_image_url><![CDATA[https://s.gr-assets.com/assets/nophoto/book/50x75-a91bf249278a81aabab721ef782c4a74.png]]></small_image_url>
<image_url><![CDATA[https://s.gr-assets.com/assets/nophoto/book/111x148-bcc042a9c91a29c1d680899eff700a03.png]]></image_url>
<num_pages>192</num_pages>
<work>
<id>1135706</id>
</work>
<isbn>074341733X</isbn>
<isbn13>9780743417334</isbn13>
<average_rating>4.00</average_rating>
<ratings_count>5706</ratings_count>
<publication_year>2001</publication_year>
<publication_month>2</publication_month>
<publication_day>1</publication_day>
<authors>
<author>
<id>10366</id>
<name>Clive Barker</name>
<link><![CDATA[https://www.goodreads.com/author/show/10366.Clive_Barker]]></link>
</author>
</authors>
</book>

          <book>
<id>452589</id>
<title><![CDATA[George W. Bushisms: The Slate Book of Accidental Wit and Wisdom of Our 43rd President]]></title>
<title_without_series><![CDATA[George W. Bushisms: The Slate Book of Accidental Wit and Wisdom of Our 43rd President]]></title_without_series>
<link><![CDATA[https://www.goodreads.com/book/show/452589.George_W_Bushisms]]></link>
<small_image_url><![CDATA[https://images.gr-assets.com/books/1416444170s/452589.jpg]]></small_image_url>
<image_url><![CDATA[https://images.gr-assets.com/books/1416444170m/452589.jpg]]></image_url>
<num_pages></num_pages>
<work>
<id>441201</id>
</work>
<isbn>0743222229</isbn>
<isbn13>9780743222228</isbn13>
<average_rating>3.48</average_rating>
<ratings_count>368</ratings_count>
<publication_year></publication_year>
<publication_month></publication_month>
<publication_day></publication_day>
<authors>
<author>
<id>2032</id>
<name>Jacob Weisberg</name>
<link><![CDATA[https://www.goodreads.com/author/show/2032.Jacob_Weisberg]]></link>
</author>
</authors>
</book>

          <book>
<id>6561</id>
<title>Second Child</title>
<title_without_series>Second Child</title_without_series>
<link><![CDATA[https://www.goodreads.com/book/show/6561.Second_Child]]></link>
<small_image_url><![CDATA[https://s.gr-assets.com/assets/nophoto/book/50x75-a91bf249278a81aabab721ef782c4a74.png]]></small_image_url>
<image_url><![CDATA[https://s.gr-assets.com/assets/nophoto/book/111x148-bcc042a9c91a29c1d680899eff700a03.png]]></image_url>
<num_pages>355</num_pages>
<work>
<id>22860</id>
</work>
<isbn>0553287303</isbn>
<isbn13>9780553287301</isbn13>
<average_rating>3.89</average_rating>
<ratings_count>5962</ratings_count>
<publication_year>1991</publication_year>
<publication_month>11</publication_month>
<publication_day>3</publication_day>
<authors>
<author>
<id>4387</id>
<name>John Saul</name>
<link><![CDATA[https://www.goodreads.com/author/show/4387.John_Saul]]></link>
</author>
</authors>
</book>

          <book>
<id>478996</id>
<title>Body Rides</title>
<title_without_series>Body Rides</title_without_series>
<link><![CDATA[https://www.goodreads.com/book/show/478996.Body_Rides]]></link>
<small_image_url><![CDATA[https://s.gr-assets.com/assets/nophoto/book/50x75-a91bf249278a81aabab721ef782c4a74.png]]></small_image_url>
<image_url><![CDATA[https://s.gr-assets.com/assets/nophoto/book/111x148-bcc042a9c91a29c1d680899eff700a03.png]]></image_url>
<num_pages>534</num_pages>
<work>
<id>467415</id>
</work>
<isbn>0843951826</isbn>
<isbn13>9780843951820</isbn13>
<average_rating>3.86</average_rating>
<ratings_count>2085</ratings_count>
<publication_year>2004</publication_year>
<publication_month>3</publication_month>
<publication_day>1</publication_day>
<authors>
<author>
<id>83937</id>
<name>Richard Laymon</name>
<link><![CDATA[https://www.goodreads.com/author/show/83937.Richard_Laymon]]></link>
</author>
</authors>
</book>

  </similar_books>
</book>

</GoodreadsResponse>