<?xml version="1.0" encoding="UTF-8"?>
<GoodreadsResponse>
  <Request>
    <authentication>true</authentication>
      <key><![CDATA[all_men_must_serve]]></key>
    <method><![CDATA[book_show]]></method>
  </Request>
  <book>
  <id>10604115</id>
  <title>Happy Accidents: A Memoir</title>
  <isbn><![CDATA[1401341764]]></isbn>
  <isbn13><![CDATA[9781401341763]]></isbn13>
  <asin><![CDATA[]]></asin>
  <kindle_asin><![CDATA[B005IH020I]]></kindle_asin>
  <marketplace_id><![CDATA[A1F83G8C2ARO7P]]></marketplace_id>
  <country_code><![CDATA[GB]]></country_code>
  <image_url>https://s.gr-assets.com/assets/nophoto/book/111x148-bcc042a9c91a29c1d680899eff700a03.png</image_url>
  <small_image_url>https://s.gr-assets.com/assets/nophoto/book/50x75-a91bf249278a81aabab721ef782c4a74.png</small_image_url>
  <publication_year></publication_year>
  <publication_month></publication_month>
  <publication_day></publication_day>
  <publisher></publisher>
  <language_code></language_code>
  <is_ebook>false</is_ebook>
  <description><![CDATA[<p>In the summer of 1974, a fourteen-year-old girl in Dolton, Illinois, had a dream. A dream to become an actress, like her idols Ron Howard and Vicki Lawrence. But it was a long way from the South Side of Chicago to Hollywood, and it didn't help that she'd recently dropped out of the school play, <i>The Ugly Duckling</i>. Or that the Hollywood casting directors she wrote to replied that "professional training was a requirement." </p> <p>But the funny thing is, it all came true. Through a series of Happy Accidents, Jane Lynch created an improbable and hilarious path to success. In those early years, despite her dreams, she was also consumed with anxiety, feeling out of place in both her body and her family. To deal with her worries about her sexuality, she escaped in positive ways such as joining a high school chorus not unlike the one in <i>Glee</i> but also found destructive outlets. She started drinking almost every night her freshman year of high school and developed a mean and judgmental streak that turned her into a real- life Sue Sylvester.</p> <p>Then, at thirty-one, she started to get her life together. She was finally able to embrace her sexuality, come out to her parents, and quit drinking for good. Soon after, a Frosted Flakes commercial and a chance meeting in a coffee shop led to a role in the Christopher Guest movie <i>Best in Show</i>, which helped her get cast in <i>The 40-Year-Old Virgin</i>. Similar coincidences and chance meetings led to roles in movies starring Will Ferrell, Paul Rudd, and even Meryl Streep in 2009's <i>Julie &amp; Julia</i>. Then, of course, came the two lucky accidents that truly changed her life. Getting lost in a hotel led to an introduction to her future wife, Lara. Then, a series she'd signed up for abruptly got canceled, making it possible for her to take the role of Sue Sylvester in <i>Glee</i>, which made her a megastar. </p> <p>Today, Jane Lynch has finally found the contentment she thought she'd never have. Part comic memoir and part inspirational narrative, this is a book equally for the rabid Glee fan and for anyone who needs a new perspective on life, love, and success.</p> <p>WITH A FOREWORD BY CAROL BURNETT</p> <p>Excerpt from <i>Happy Accidents</i>:<br /><br /></p><p>If I could go back in time and talk to my twenty-year-old self, the first thing I would say is: "Lose the perm." Secondly I would say: "Relax. Really. Just relax. Don't sweat it."</p> <p>I can't remember a time when I wasn't anxious and fearful that the parade would pass me by. And I was sure there was someone or something outside of myself with all the answers. I had a driving, anxiety-filled ambition. I wanted to be a working actor so badly. I wanted to belong and feel like I was valued and seen. Well, now I am a working actor, and I guarantee you it's not because I suffered or worried over it. </p> <p>As I look back, the road to where I am today has been a series of happy accidents I was either smart or stupid enough to take advantage of. I thought I had to have a plan, a strategy. Turns out I just had to be ready and willing to take chances, look at what's right in front of me, and put my heart into everything I do. All that anxiety and fear didn't help, nor did it fuel anything useful. My final piece of advice to twenty-year-old me: Be easy on your sweet self. And don't drink Miller Lite tall boys in the morning. </p> <br /><br /><br />]]></description>
  <work>
  <id type="integer">16463829</id>
  <books_count type="integer">14</books_count>
  <best_book_id type="integer">10604115</best_book_id>
  <reviews_count type="integer">30717</reviews_count>
  <ratings_sum type="integer">42152</ratings_sum>
  <ratings_count type="integer">11417</ratings_count>
  <text_reviews_count type="integer">805</text_reviews_count>
  <original_publication_year type="integer">2011</original_publication_year>
  <original_publication_month type="integer">9</original_publication_month>
  <original_publication_day type="integer">1</original_publication_day>
  <original_title></original_title>
  <original_language_id type="integer" nil="true"/>
  <media_type>book</media_type>
  <rating_dist>5:2843|4:3895|3:3366|2:946|1:367|total:11417</rating_dist>
  <desc_user_id type="integer">-51</desc_user_id>
  <default_chaptering_book_id type="integer" nil="true"/>
  <default_description_language_code nil="true"/>
</work>
  <average_rating>3.69</average_rating>
  <num_pages><![CDATA[304]]></num_pages>
  <format><![CDATA[]]></format>
  <edition_information><![CDATA[]]></edition_information>
  <ratings_count><![CDATA[10830]]></ratings_count>
  <text_reviews_count><![CDATA[729]]></text_reviews_count>
  <url><![CDATA[https://www.goodreads.com/book/show/10604115-happy-accidents]]></url>
  <link><![CDATA[https://www.goodreads.com/book/show/10604115-happy-accidents]]></link>
  <authors>
<author>
<id>2316952</id>
<name>Jane Lynch</name>
<role></role>
<image_url nophoto='false'>
<![CDATA[https://images.gr-assets.com/authors/1310763938p5/2316952.jpg]]>
</image_url>
<small_image_url nophoto='false'>
<![CDATA[https://images.gr-assets.com/authors/1310763938p2/2316952.jpg]]>
</small_image_url>
<link><![CDATA[https://www.goodreads.com/author/show/2316952.Jane_Lynch]]></link>
<average_rating>3.68</average_rating>
<ratings_count>11673</ratings_count>
<text_reviews_count>859</text_reviews_count>
</author>
<author>
<id>261350</id>
<name>Lisa Dickey</name>
<role></role>
<image_url nophoto='false'>
<![CDATA[https://images.gr-assets.com/authors/1474918236p5/261350.jpg]]>
</image_url>
<small_image_url nophoto='false'>
<![CDATA[https://images.gr-assets.com/authors/1474918236p2/261350.jpg]]>
</small_image_url>
<link><![CDATA[https://www.goodreads.com/author/show/261350.Lisa_Dickey]]></link>
<average_rating>3.73</average_rating>
<ratings_count>13534</ratings_count>
<text_reviews_count>1229</text_reviews_count>
</author>
</authors>

    <reviews_widget>
      <![CDATA[
        <style>
  #goodreads-widget {
    font-family: georgia, serif;
    padding: 18px 0;
    width:565px;
  }
  #goodreads-widget h1 {
    font-weight:normal;
    font-size: 16px;
    border-bottom: 1px solid #BBB596;
    margin-bottom: 0;
  }
  #goodreads-widget a {
    text-decoration: none;
    color:#660;
  }
  iframe{
    background-color: #fff;
  }
  #goodreads-widget a:hover { text-decoration: underline; }
  #goodreads-widget a:active {
    color:#660;
  }
  #gr_footer {
    width: 100%;
    border-top: 1px solid #BBB596;
    text-align: right;
  }
  #goodreads-widget .gr_branding{
    color: #382110;
    font-size: 11px;
    text-decoration: none;
    font-family: "Helvetica Neue", Helvetica, Arial, sans-serif;
  }
</style>
<div id="goodreads-widget">
  <div id="gr_header"><h1><a rel="nofollow" href="https://www.goodreads.com/book/show/10604115-happy-accidents">Happy Accidents Reviews</a></h1></div>
  <iframe id="the_iframe" src="https://www.goodreads.com/api/reviews_widget_iframe?did=DEVELOPER_ID&amp;format=html&amp;isbn=1401341764&amp;links=660&amp;min_rating=&amp;review_back=fff&amp;stars=000&amp;text=000" width="565" height="400" frameborder="0"></iframe>
  <div id="gr_footer">
    <a class="gr_branding" target="_blank" rel="nofollow" href="https://www.goodreads.com/book/show/10604115-happy-accidents?utm_medium=api&amp;utm_source=reviews_widget">Reviews from Goodreads.com</a>
  </div>
</div>

      ]]>
    </reviews_widget>
  <popular_shelves>
      <shelf name="to-read" count="18412"/>
      <shelf name="memoir" count="203"/>
      <shelf name="non-fiction" count="202"/>
      <shelf name="biography" count="160"/>
      <shelf name="currently-reading" count="158"/>
      <shelf name="memoirs" count="83"/>
      <shelf name="nonfiction" count="82"/>
      <shelf name="humor" count="75"/>
      <shelf name="autobiography" count="44"/>
      <shelf name="audiobooks" count="41"/>
      <shelf name="audiobook" count="40"/>
      <shelf name="lgbt" count="39"/>
      <shelf name="audio" count="36"/>
      <shelf name="biographies" count="36"/>
      <shelf name="comedy" count="34"/>
      <shelf name="biography-memoir" count="34"/>
      <shelf name="books-i-own" count="28"/>
      <shelf name="owned" count="20"/>
      <shelf name="lgbtq" count="20"/>
      <shelf name="read-in-2012" count="19"/>
      <shelf name="favorites" count="19"/>
      <shelf name="kindle" count="18"/>
      <shelf name="bios" count="17"/>
      <shelf name="audio-book" count="17"/>
      <shelf name="library" count="16"/>
      <shelf name="autobiographies" count="15"/>
      <shelf name="adult" count="15"/>
      <shelf name="audio-books" count="13"/>
      <shelf name="bio" count="13"/>
      <shelf name="funny" count="13"/>
      <shelf name="glbt" count="12"/>
      <shelf name="memoir-biography" count="12"/>
      <shelf name="book-club" count="12"/>
      <shelf name="read-in-2013" count="11"/>
      <shelf name="to-buy" count="11"/>
      <shelf name="listened-to" count="11"/>
      <shelf name="to-read-nonfiction" count="11"/>
      <shelf name="women" count="10"/>
      <shelf name="owned-books" count="10"/>
      <shelf name="audible" count="9"/>
      <shelf name="queer" count="9"/>
      <shelf name="default" count="8"/>
      <shelf name="memoirs-biographies" count="8"/>
      <shelf name="celebrity" count="8"/>
      <shelf name="biography-autobiography" count="7"/>
      <shelf name="gay" count="7"/>
      <shelf name="nook" count="7"/>
      <shelf name="ebook" count="7"/>
      <shelf name="jane-lynch" count="6"/>
      <shelf name="read-2012" count="6"/>
      <shelf name="abandoned" count="6"/>
      <shelf name="bio-memoir" count="6"/>
      <shelf name="humour" count="6"/>
      <shelf name="television" count="6"/>
      <shelf name="biographical" count="6"/>
      <shelf name="memoir-bio" count="6"/>
      <shelf name="read-in-2016" count="5"/>
      <shelf name="lesbian" count="5"/>
      <shelf name="adult-non-fiction" count="5"/>
      <shelf name="non-fic" count="5"/>
      <shelf name="want-to-read" count="5"/>
      <shelf name="bios-memoirs" count="5"/>
      <shelf name="biographies-memoirs" count="5"/>
      <shelf name="to-read-non-fiction" count="4"/>
      <shelf name="lgbtqia" count="4"/>
      <shelf name="biographies-and-memoirs" count="4"/>
      <shelf name="my-bookshelf" count="4"/>
      <shelf name="auto-biography" count="4"/>
      <shelf name="2012-books" count="4"/>
      <shelf name="memoirs-and-biographies" count="4"/>
      <shelf name="film" count="4"/>
      <shelf name="entertainment" count="4"/>
      <shelf name="read-2011" count="4"/>
      <shelf name="ebooks" count="4"/>
      <shelf name="actors" count="3"/>
      <shelf name="addiction" count="3"/>
      <shelf name="memoirs-bios" count="3"/>
      <shelf name="own-to-read" count="3"/>
      <shelf name="read-in-2014" count="3"/>
      <shelf name="read-2014" count="3"/>
      <shelf name="pop-culture" count="3"/>
      <shelf name="hollywood" count="3"/>
      <shelf name="adult-nonfiction" count="3"/>
      <shelf name="help-me-decide" count="3"/>
      <shelf name="biography-and-memoir" count="3"/>
      <shelf name="contemporary" count="3"/>
      <shelf name="memoir-autobiography" count="3"/>
      <shelf name="books-to-buy" count="3"/>
      <shelf name="fun" count="3"/>
      <shelf name="celebrity-memoir" count="3"/>
      <shelf name="listening-to" count="3"/>
      <shelf name="auto-biographies" count="3"/>
      <shelf name="coming-in-2014" count="3"/>
      <shelf name="books" count="3"/>
      <shelf name="4-stars" count="3"/>
      <shelf name="listened-to-audiobook" count="3"/>
      <shelf name="people" count="3"/>
      <shelf name="autobiography-memoir" count="3"/>
      <shelf name="2012-reads" count="3"/>
      <shelf name="funny-women" count="3"/>
  </popular_shelves>
  <book_links>
    <book_link>
  <id>8</id>
  <name>Libraries</name>
  <link>https://www.goodreads.com/book_link/follow/8</link>
</book_link>

  </book_links>
  <buy_links>
    <buy_link>
<id>1</id>
<name>Amazon</name>
<link>https://www.goodreads.com/book_link/follow/1</link>
</buy_link>
<buy_link>
<id>10</id>
<name>Audible</name>
<link>https://www.goodreads.com/book_link/follow/10</link>
</buy_link>
<buy_link>
<id>3</id>
<name>Barnes &amp; Noble</name>
<link>https://www.goodreads.com/book_link/follow/3</link>
</buy_link>
<buy_link>
<id>1027</id>
<name>Kobo</name>
<link>https://www.goodreads.com/book_link/follow/1027</link>
</buy_link>
<buy_link>
<id>2102</id>
<name>Apple iBooks</name>
<link>https://www.goodreads.com/book_link/follow/2102</link>
</buy_link>
<buy_link>
<id>8036</id>
<name>Google Play</name>
<link>https://www.goodreads.com/book_link/follow/8036</link>
</buy_link>
<buy_link>
<id>4</id>
<name>Abebooks</name>
<link>https://www.goodreads.com/book_link/follow/4</link>
</buy_link>
<buy_link>
<id>882</id>
<name>Book Depository</name>
<link>https://www.goodreads.com/book_link/follow/882</link>
</buy_link>
<buy_link>
<id>9</id>
<name>Indigo</name>
<link>https://www.goodreads.com/book_link/follow/9</link>
</buy_link>
<buy_link>
<id>2</id>
<name>Half.com</name>
<link>https://www.goodreads.com/book_link/follow/2</link>
</buy_link>
<buy_link>
<id>5</id>
<name>Alibris</name>
<link>https://www.goodreads.com/book_link/follow/5</link>
</buy_link>
<buy_link>
<id>107</id>
<name>Better World Books</name>
<link>https://www.goodreads.com/book_link/follow/107</link>
</buy_link>
<buy_link>
<id>7</id>
<name>IndieBound</name>
<link>https://www.goodreads.com/book_link/follow/7</link>
</buy_link>

  </buy_links>
  <series_works>
    
  </series_works>
  <similar_books>
          <book>
<id>7552939</id>
<title><![CDATA[Like Me: Confessions of a Heartland Country Singer]]></title>
<title_without_series><![CDATA[Like Me: Confessions of a Heartland Country Singer]]></title_without_series>
<link><![CDATA[https://www.goodreads.com/book/show/7552939-like-me]]></link>
<small_image_url><![CDATA[https://images.gr-assets.com/books/1320440885s/7552939.jpg]]></small_image_url>
<image_url><![CDATA[https://images.gr-assets.com/books/1320440885m/7552939.jpg]]></image_url>
<num_pages>304</num_pages>
<work>
<id>9851114</id>
</work>
<isbn>0307378861</isbn>
<isbn13>9780307378866</isbn13>
<average_rating>4.01</average_rating>
<ratings_count>1558</ratings_count>
<publication_year>2010</publication_year>
<publication_month>5</publication_month>
<publication_day>4</publication_day>
<authors>
<author>
<id>3312481</id>
<name>Chely Wright</name>
<link><![CDATA[https://www.goodreads.com/author/show/3312481.Chely_Wright]]></link>
</author>
</authors>
</book>

          <book>
<id>11101760</id>
<title>Drama: An Actor&apos;s Education</title>
<title_without_series>Drama: An Actor&apos;s Education</title_without_series>
<link><![CDATA[https://www.goodreads.com/book/show/11101760-drama]]></link>
<small_image_url><![CDATA[https://s.gr-assets.com/assets/nophoto/book/50x75-a91bf249278a81aabab721ef782c4a74.png]]></small_image_url>
<image_url><![CDATA[https://s.gr-assets.com/assets/nophoto/book/111x148-bcc042a9c91a29c1d680899eff700a03.png]]></image_url>
<num_pages>336</num_pages>
<work>
<id>16023878</id>
</work>
<isbn>0061734977</isbn>
<isbn13>9780061734977</isbn13>
<average_rating>3.88</average_rating>
<ratings_count>1541</ratings_count>
<publication_year>2011</publication_year>
<publication_month>9</publication_month>
<publication_day>27</publication_day>
<authors>
<author>
<id>106523</id>
<name>John Lithgow</name>
<link><![CDATA[https://www.goodreads.com/author/show/106523.John_Lithgow]]></link>
</author>
</authors>
</book>

          <book>
<id>3629944</id>
<title><![CDATA[A Little Bit Wicked: Life, Love, and Faith in Stages]]></title>
<title_without_series><![CDATA[A Little Bit Wicked: Life, Love, and Faith in Stages]]></title_without_series>
<link><![CDATA[https://www.goodreads.com/book/show/3629944-a-little-bit-wicked]]></link>
<small_image_url><![CDATA[https://s.gr-assets.com/assets/nophoto/book/50x75-a91bf249278a81aabab721ef782c4a74.png]]></small_image_url>
<image_url><![CDATA[https://s.gr-assets.com/assets/nophoto/book/111x148-bcc042a9c91a29c1d680899eff700a03.png]]></image_url>
<num_pages></num_pages>
<work>
<id>3672764</id>
</work>
<isbn>1416580557</isbn>
<isbn13>9781416580553</isbn13>
<average_rating>3.83</average_rating>
<ratings_count>8533</ratings_count>
<publication_year></publication_year>
<publication_month></publication_month>
<publication_day></publication_day>
<authors>
<author>
<id>1539383</id>
<name>Kristin Chenoweth</name>
<link><![CDATA[https://www.goodreads.com/author/show/1539383.Kristin_Chenoweth]]></link>
</author>
</authors>
</book>

          <book>
<id>530534</id>
<title><![CDATA[Love, Ellen: A Mother/Daughter Journey]]></title>
<title_without_series><![CDATA[Love, Ellen: A Mother/Daughter Journey]]></title_without_series>
<link><![CDATA[https://www.goodreads.com/book/show/530534.Love_Ellen]]></link>
<small_image_url><![CDATA[https://s.gr-assets.com/assets/nophoto/book/50x75-a91bf249278a81aabab721ef782c4a74.png]]></small_image_url>
<image_url><![CDATA[https://s.gr-assets.com/assets/nophoto/book/111x148-bcc042a9c91a29c1d680899eff700a03.png]]></image_url>
<num_pages>366</num_pages>
<work>
<id>518162</id>
</work>
<isbn>0688176887</isbn>
<isbn13>9780688176884</isbn13>
<average_rating>3.90</average_rating>
<ratings_count>1669</ratings_count>
<publication_year></publication_year>
<publication_month></publication_month>
<publication_day></publication_day>
<authors>
<author>
<id>40650</id>
<name>Betty DeGeneres</name>
<link><![CDATA[https://www.goodreads.com/author/show/40650.Betty_DeGeneres]]></link>
</author>
</authors>
</book>

          <book>
<id>11202541</id>
<title><![CDATA[Shatner Rules: Your Guide to Understanding the Shatnerverse and the World at Large]]></title>
<title_without_series><![CDATA[Shatner Rules: Your Guide to Understanding the Shatnerverse and the World at Large]]></title_without_series>
<link><![CDATA[https://www.goodreads.com/book/show/11202541-shatner-rules]]></link>
<small_image_url><![CDATA[https://s.gr-assets.com/assets/nophoto/book/50x75-a91bf249278a81aabab721ef782c4a74.png]]></small_image_url>
<image_url><![CDATA[https://s.gr-assets.com/assets/nophoto/book/111x148-bcc042a9c91a29c1d680899eff700a03.png]]></image_url>
<num_pages></num_pages>
<work>
<id>16127621</id>
</work>
<isbn>0525952519</isbn>
<isbn13>9780525952510</isbn13>
<average_rating>3.80</average_rating>
<ratings_count>1344</ratings_count>
<publication_year></publication_year>
<publication_month></publication_month>
<publication_day></publication_day>
<authors>
<author>
<id>43972</id>
<name>William Shatner</name>
<link><![CDATA[https://www.goodreads.com/author/show/43972.William_Shatner]]></link>
</author>
</authors>
</book>

          <book>
<id>6948511</id>
<title>Shockaholic</title>
<title_without_series>Shockaholic</title_without_series>
<link><![CDATA[https://www.goodreads.com/book/show/6948511-shockaholic]]></link>
<small_image_url><![CDATA[https://s.gr-assets.com/assets/nophoto/book/50x75-a91bf249278a81aabab721ef782c4a74.png]]></small_image_url>
<image_url><![CDATA[https://s.gr-assets.com/assets/nophoto/book/111x148-bcc042a9c91a29c1d680899eff700a03.png]]></image_url>
<num_pages>176</num_pages>
<work>
<id>7182743</id>
</work>
<isbn>0743264827</isbn>
<isbn13>9780743264822</isbn13>
<average_rating>3.68</average_rating>
<ratings_count>6613</ratings_count>
<publication_year>2011</publication_year>
<publication_month>11</publication_month>
<publication_day>1</publication_day>
<authors>
<author>
<id>90150</id>
<name>Carrie Fisher</name>
<link><![CDATA[https://www.goodreads.com/author/show/90150.Carrie_Fisher]]></link>
</author>
</authors>
</book>

          <book>
<id>6578016</id>
<title><![CDATA[The Accidental Feminist: How Elizabeth Taylor Raised Our Consciousness and We Were Too Distracted by Her Beauty to Notice]]></title>
<title_without_series><![CDATA[The Accidental Feminist: How Elizabeth Taylor Raised Our Consciousness and We Were Too Distracted by Her Beauty to Notice]]></title_without_series>
<link><![CDATA[https://www.goodreads.com/book/show/6578016-the-accidental-feminist]]></link>
<small_image_url><![CDATA[https://images.gr-assets.com/books/1317065632s/6578016.jpg]]></small_image_url>
<image_url><![CDATA[https://images.gr-assets.com/books/1317065632m/6578016.jpg]]></image_url>
<num_pages>214</num_pages>
<work>
<id>6771434</id>
</work>
<isbn>0802716695</isbn>
<isbn13>9780802716699</isbn13>
<average_rating>3.53</average_rating>
<ratings_count>232</ratings_count>
<publication_year>2012</publication_year>
<publication_month>1</publication_month>
<publication_day>31</publication_day>
<authors>
<author>
<id>6326718</id>
<name>M.G. Lord</name>
<link><![CDATA[https://www.goodreads.com/author/show/6326718.M_G_Lord]]></link>
</author>
</authors>
</book>

          <book>
<id>10283787</id>
<title><![CDATA[It Gets Better: Coming Out, Overcoming Bullying, and Creating a Life Worth Living]]></title>
<title_without_series><![CDATA[It Gets Better: Coming Out, Overcoming Bullying, and Creating a Life Worth Living]]></title_without_series>
<link><![CDATA[https://www.goodreads.com/book/show/10283787-it-gets-better]]></link>
<small_image_url><![CDATA[https://s.gr-assets.com/assets/nophoto/book/50x75-a91bf249278a81aabab721ef782c4a74.png]]></small_image_url>
<image_url><![CDATA[https://s.gr-assets.com/assets/nophoto/book/111x148-bcc042a9c91a29c1d680899eff700a03.png]]></image_url>
<num_pages>338</num_pages>
<work>
<id>15185149</id>
</work>
<isbn>0525952330</isbn>
<isbn13>9780525952336</isbn13>
<average_rating>4.11</average_rating>
<ratings_count>1685</ratings_count>
<publication_year>2011</publication_year>
<publication_month>3</publication_month>
<publication_day>22</publication_day>
<authors>
<author>
<id>14085</id>
<name>Dan Savage</name>
<link><![CDATA[https://www.goodreads.com/author/show/14085.Dan_Savage]]></link>
</author>
</authors>
</book>

          <book>
<id>9145079</id>
<title><![CDATA[Here We Go Again: My Life In Television]]></title>
<title_without_series><![CDATA[Here We Go Again: My Life In Television]]></title_without_series>
<link><![CDATA[https://www.goodreads.com/book/show/9145079-here-we-go-again]]></link>
<small_image_url><![CDATA[https://s.gr-assets.com/assets/nophoto/book/50x75-a91bf249278a81aabab721ef782c4a74.png]]></small_image_url>
<image_url><![CDATA[https://s.gr-assets.com/assets/nophoto/book/111x148-bcc042a9c91a29c1d680899eff700a03.png]]></image_url>
<num_pages></num_pages>
<work>
<id>14023933</id>
</work>
<isbn>1451613695</isbn>
<isbn13>9781451613698</isbn13>
<average_rating>3.98</average_rating>
<ratings_count>2470</ratings_count>
<publication_year></publication_year>
<publication_month></publication_month>
<publication_day></publication_day>
<authors>
<author>
<id>424652</id>
<name>Betty White</name>
<link><![CDATA[https://www.goodreads.com/author/show/424652.Betty_White]]></link>
</author>
</authors>
</book>

          <book>
<id>1847329</id>
<title>Anything Goes</title>
<title_without_series>Anything Goes</title_without_series>
<link><![CDATA[https://www.goodreads.com/book/show/1847329.Anything_Goes]]></link>
<small_image_url><![CDATA[https://images.gr-assets.com/books/1328729548s/1847329.jpg]]></small_image_url>
<image_url><![CDATA[https://images.gr-assets.com/books/1328729548m/1847329.jpg]]></image_url>
<num_pages>256</num_pages>
<work>
<id>2745637</id>
</work>
<isbn>1843172895</isbn>
<isbn13>9781843172895</isbn13>
<average_rating>4.03</average_rating>
<ratings_count>2658</ratings_count>
<publication_year>2008</publication_year>
<publication_month>4</publication_month>
<publication_day>28</publication_day>
<authors>
<author>
<id>843234</id>
<name>John Barrowman</name>
<link><![CDATA[https://www.goodreads.com/author/show/843234.John_Barrowman]]></link>
</author>
</authors>
</book>

          <book>
<id>7284508</id>
<title><![CDATA[Confessions of a Prairie Bitch: How I Survived Nellie Oleson and Learned to Love Being Hated]]></title>
<title_without_series><![CDATA[Confessions of a Prairie Bitch: How I Survived Nellie Oleson and Learned to Love Being Hated]]></title_without_series>
<link><![CDATA[https://www.goodreads.com/book/show/7284508-confessions-of-a-prairie-bitch]]></link>
<small_image_url><![CDATA[https://images.gr-assets.com/books/1280695574s/7284508.jpg]]></small_image_url>
<image_url><![CDATA[https://images.gr-assets.com/books/1280695574m/7284508.jpg]]></image_url>
<num_pages>302</num_pages>
<work>
<id>8507071</id>
</work>
<isbn>0061962147</isbn>
<isbn13>9780061962141</isbn13>
<average_rating>3.99</average_rating>
<ratings_count>9804</ratings_count>
<publication_year></publication_year>
<publication_month></publication_month>
<publication_day></publication_day>
<authors>
<author>
<id>3219726</id>
<name>Alison Arngrim</name>
<link><![CDATA[https://www.goodreads.com/author/show/3219726.Alison_Arngrim]]></link>
</author>
</authors>
</book>

          <book>
<id>10309013</id>
<title>Jeannie Out of the Bottle</title>
<title_without_series>Jeannie Out of the Bottle</title_without_series>
<link><![CDATA[https://www.goodreads.com/book/show/10309013-jeannie-out-of-the-bottle]]></link>
<small_image_url><![CDATA[https://images.gr-assets.com/books/1320423340s/10309013.jpg]]></small_image_url>
<image_url><![CDATA[https://images.gr-assets.com/books/1320423340m/10309013.jpg]]></image_url>
<num_pages>288</num_pages>
<work>
<id>14353144</id>
</work>
<isbn>0307886948</isbn>
<isbn13>9780307886941</isbn13>
<average_rating>3.62</average_rating>
<ratings_count>1835</ratings_count>
<publication_year>2011</publication_year>
<publication_month>4</publication_month>
<publication_day>5</publication_day>
<authors>
<author>
<id>980460</id>
<name>Barbara Eden</name>
<link><![CDATA[https://www.goodreads.com/author/show/980460.Barbara_Eden]]></link>
</author>
</authors>
</book>

          <book>
<id>10352159</id>
<title>From This Moment On</title>
<title_without_series>From This Moment On</title_without_series>
<link><![CDATA[https://www.goodreads.com/book/show/10352159-from-this-moment-on]]></link>
<small_image_url><![CDATA[https://s.gr-assets.com/assets/nophoto/book/50x75-a91bf249278a81aabab721ef782c4a74.png]]></small_image_url>
<image_url><![CDATA[https://s.gr-assets.com/assets/nophoto/book/111x148-bcc042a9c91a29c1d680899eff700a03.png]]></image_url>
<num_pages></num_pages>
<work>
<id>15255059</id>
</work>
<isbn>1451620748</isbn>
<isbn13>9781451620740</isbn13>
<average_rating>3.79</average_rating>
<ratings_count>3834</ratings_count>
<publication_year></publication_year>
<publication_month></publication_month>
<publication_day></publication_day>
<authors>
<author>
<id>1212867</id>
<name>Shania Twain</name>
<link><![CDATA[https://www.goodreads.com/author/show/1212867.Shania_Twain]]></link>
</author>
</authors>
</book>

          <book>
<id>10634955</id>
<title><![CDATA[Untied: A Memoir of Family, Fame, and Floundering]]></title>
<title_without_series><![CDATA[Untied: A Memoir of Family, Fame, and Floundering]]></title_without_series>
<link><![CDATA[https://www.goodreads.com/book/show/10634955-untied]]></link>
<small_image_url><![CDATA[https://images.gr-assets.com/books/1378707746s/10634955.jpg]]></small_image_url>
<image_url><![CDATA[https://images.gr-assets.com/books/1378707746m/10634955.jpg]]></image_url>
<num_pages>0</num_pages>
<work>
<id>15543605</id>
</work>
<isbn>0307719324</isbn>
<isbn13>9780307719324</isbn13>
<average_rating>3.50</average_rating>
<ratings_count>1219</ratings_count>
<publication_year>2011</publication_year>
<publication_month>3</publication_month>
<publication_day>1</publication_day>
<authors>
<author>
<id>4496688</id>
<name>Meredith Baxter</name>
<link><![CDATA[https://www.goodreads.com/author/show/4496688.Meredith_Baxter]]></link>
</author>
</authors>
</book>

          <book>
<id>2185020</id>
<title>In the Frame</title>
<title_without_series>In the Frame</title_without_series>
<link><![CDATA[https://www.goodreads.com/book/show/2185020.In_the_Frame]]></link>
<small_image_url><![CDATA[https://images.gr-assets.com/books/1333350623s/2185020.jpg]]></small_image_url>
<image_url><![CDATA[https://images.gr-assets.com/books/1333350623m/2185020.jpg]]></image_url>
<num_pages>272</num_pages>
<work>
<id>2330998</id>
</work>
<isbn>0297851977</isbn>
<isbn13>9780297851974</isbn13>
<average_rating>3.92</average_rating>
<ratings_count>497</ratings_count>
<publication_year>2007</publication_year>
<publication_month>9</publication_month>
<publication_day>20</publication_day>
<authors>
<author>
<id>990990</id>
<name>Helen Mirren</name>
<link><![CDATA[https://www.goodreads.com/author/show/990990.Helen_Mirren]]></link>
</author>
</authors>
</book>

          <book>
<id>9662961</id>
<title><![CDATA[Transition: The Story of How I Became a Man]]></title>
<title_without_series><![CDATA[Transition: The Story of How I Became a Man]]></title_without_series>
<link><![CDATA[https://www.goodreads.com/book/show/9662961-transition]]></link>
<small_image_url><![CDATA[https://images.gr-assets.com/books/1332983753s/9662961.jpg]]></small_image_url>
<image_url><![CDATA[https://images.gr-assets.com/books/1332983753m/9662961.jpg]]></image_url>
<num_pages></num_pages>
<work>
<id>14550637</id>
</work>
<isbn>0142429295</isbn>
<isbn13>9780142429297</isbn13>
<average_rating>3.43</average_rating>
<ratings_count>1289</ratings_count>
<publication_year>2011</publication_year>
<publication_month>5</publication_month>
<publication_day>10</publication_day>
<authors>
<author>
<id>4450916</id>
<name>Chaz Bono</name>
<link><![CDATA[https://www.goodreads.com/author/show/4450916.Chaz_Bono]]></link>
</author>
</authors>
</book>

          <book>
<id>7521400</id>
<title><![CDATA[This Time Together: Laughter and Reflection]]></title>
<title_without_series><![CDATA[This Time Together: Laughter and Reflection]]></title_without_series>
<link><![CDATA[https://www.goodreads.com/book/show/7521400-this-time-together]]></link>
<small_image_url><![CDATA[https://images.gr-assets.com/books/1320390701s/7521400.jpg]]></small_image_url>
<image_url><![CDATA[https://images.gr-assets.com/books/1320390701m/7521400.jpg]]></image_url>
<num_pages>266</num_pages>
<work>
<id>9742847</id>
</work>
<isbn>0307461181</isbn>
<isbn13>9780307461186</isbn13>
<average_rating>4.05</average_rating>
<ratings_count>12342</ratings_count>
<publication_year>2010</publication_year>
<publication_month>4</publication_month>
<publication_day>6</publication_day>
<authors>
<author>
<id>351613</id>
<name>Carol Burnett</name>
<link><![CDATA[https://www.goodreads.com/author/show/351613.Carol_Burnett]]></link>
</author>
</authors>
</book>

          <book>
<id>71979</id>
<title>My Point... And I Do Have One</title>
<title_without_series>My Point... And I Do Have One</title_without_series>
<link><![CDATA[https://www.goodreads.com/book/show/71979.My_Point_And_I_Do_Have_One]]></link>
<small_image_url><![CDATA[https://s.gr-assets.com/assets/nophoto/book/50x75-a91bf249278a81aabab721ef782c4a74.png]]></small_image_url>
<image_url><![CDATA[https://s.gr-assets.com/assets/nophoto/book/111x148-bcc042a9c91a29c1d680899eff700a03.png]]></image_url>
<num_pages>211</num_pages>
<work>
<id>69685</id>
</work>
<isbn>0553573616</isbn>
<isbn13>9780553573619</isbn13>
<average_rating>3.68</average_rating>
<ratings_count>6746</ratings_count>
<publication_year>1996</publication_year>
<publication_month>9</publication_month>
<publication_day>3</publication_day>
<authors>
<author>
<id>40648</id>
<name>Ellen DeGeneres</name>
<link><![CDATA[https://www.goodreads.com/author/show/40648.Ellen_DeGeneres]]></link>
</author>
</authors>
</book>

  </similar_books>
</book>

</GoodreadsResponse>