<?xml version="1.0" encoding="UTF-8"?>
<GoodreadsResponse>
  <Request>
    <authentication>true</authentication>
      <key><![CDATA[all_men_must_serve]]></key>
    <method><![CDATA[book_show]]></method>
  </Request>
  <book>
  <id>10607</id>
  <title><![CDATA[Black House (The Talisman, #2)]]></title>
  <isbn><![CDATA[034547063X]]></isbn>
  <isbn13><![CDATA[9780345470638]]></isbn13>
  <asin><![CDATA[]]></asin>
  <kindle_asin><![CDATA[B008E65V9C]]></kindle_asin>
  <marketplace_id><![CDATA[A1F83G8C2ARO7P]]></marketplace_id>
  <country_code><![CDATA[GB]]></country_code>
  <image_url>https://s.gr-assets.com/assets/nophoto/book/111x148-bcc042a9c91a29c1d680899eff700a03.png</image_url>
  <small_image_url>https://s.gr-assets.com/assets/nophoto/book/50x75-a91bf249278a81aabab721ef782c4a74.png</small_image_url>
  <publication_year>2003</publication_year>
  <publication_month>9</publication_month>
  <publication_day>30</publication_day>
  <publisher>Ballantine Books</publisher>
  <language_code>eng</language_code>
  <is_ebook>false</is_ebook>
  <description><![CDATA[Twenty years ago, a boy named Jack Sawyer travelled to a parallel universe called The Territories to save his mother and her Territories "twinner" from a premature and agonizing death that would have brought cataclysm to the other world. Now Jack is a retired Los Angeles homicide detective living in the nearly nonexistent hamlet of Tamarack, WI. He has no recollection of his adventures in the Territories and was compelled to leave the police force when an odd, happenstance event threatened to awaken those memories.<br /><br />When a series of gruesome murders occur in western Wisconsin that are reminiscent of those committed several decades earlier by a real-life madman named Albert Fish, the killer is dubbed "The Fisherman" and Jack's buddy, the local chief of police, begs Jack to help his inexperienced force find him. But is this merely the work of a disturbed individual, or has a mysterious and malignant force been unleashed in this quiet town? What causes Jack's inexplicable waking dreams, if that is what they are, of robins' eggs and red feathers? It's almost as if someone is trying to tell him something. As that message becomes increasingly impossible to ignore, Jack is drawn back to the Territories and to his own hidden past, where he may find the soul-strength to enter a terrifying house at the end of a deserted track of forest, there to encounter the obscene and ferocious evils sheltered within it.]]></description>
  <work>
  <id type="integer">1738813</id>
  <books_count type="integer">104</books_count>
  <best_book_id type="integer">10607</best_book_id>
  <reviews_count type="integer">71974</reviews_count>
  <ratings_sum type="integer">178864</ratings_sum>
  <ratings_count type="integer">44850</ratings_count>
  <text_reviews_count type="integer">1228</text_reviews_count>
  <original_publication_year type="integer">2001</original_publication_year>
  <original_publication_month type="integer">9</original_publication_month>
  <original_publication_day type="integer">15</original_publication_day>
  <original_title>Black House </original_title>
  <original_language_id type="integer" nil="true"/>
  <media_type>book</media_type>
  <rating_dist>5:16083|4:16000|3:9637|2:2408|1:722|total:44850</rating_dist>
  <desc_user_id type="integer">17061542</desc_user_id>
  <default_chaptering_book_id type="integer" nil="true"/>
  <default_description_language_code nil="true"/>
</work>
  <average_rating>3.99</average_rating>
  <num_pages><![CDATA[688]]></num_pages>
  <format><![CDATA[Paperback]]></format>
  <edition_information><![CDATA[]]></edition_information>
  <ratings_count><![CDATA[40755]]></ratings_count>
  <text_reviews_count><![CDATA[961]]></text_reviews_count>
  <url><![CDATA[https://www.goodreads.com/book/show/10607.Black_House]]></url>
  <link><![CDATA[https://www.goodreads.com/book/show/10607.Black_House]]></link>
  <authors>
<author>
<id>3389</id>
<name>Stephen King</name>
<role></role>
<image_url nophoto='false'>
<![CDATA[https://images.gr-assets.com/authors/1362814142p5/3389.jpg]]>
</image_url>
<small_image_url nophoto='false'>
<![CDATA[https://images.gr-assets.com/authors/1362814142p2/3389.jpg]]>
</small_image_url>
<link><![CDATA[https://www.goodreads.com/author/show/3389.Stephen_King]]></link>
<average_rating>4.01</average_rating>
<ratings_count>10357348</ratings_count>
<text_reviews_count>349178</text_reviews_count>
</author>
<author>
<id>6941</id>
<name>Peter Straub</name>
<role></role>
<image_url nophoto='false'>
<![CDATA[https://images.gr-assets.com/authors/1200468903p5/6941.jpg]]>
</image_url>
<small_image_url nophoto='false'>
<![CDATA[https://images.gr-assets.com/authors/1200468903p2/6941.jpg]]>
</small_image_url>
<link><![CDATA[https://www.goodreads.com/author/show/6941.Peter_Straub]]></link>
<average_rating>4.03</average_rating>
<ratings_count>329826</ratings_count>
<text_reviews_count>11361</text_reviews_count>
</author>
</authors>

    <reviews_widget>
      <![CDATA[
        <style>
  #goodreads-widget {
    font-family: georgia, serif;
    padding: 18px 0;
    width:565px;
  }
  #goodreads-widget h1 {
    font-weight:normal;
    font-size: 16px;
    border-bottom: 1px solid #BBB596;
    margin-bottom: 0;
  }
  #goodreads-widget a {
    text-decoration: none;
    color:#660;
  }
  iframe{
    background-color: #fff;
  }
  #goodreads-widget a:hover { text-decoration: underline; }
  #goodreads-widget a:active {
    color:#660;
  }
  #gr_footer {
    width: 100%;
    border-top: 1px solid #BBB596;
    text-align: right;
  }
  #goodreads-widget .gr_branding{
    color: #382110;
    font-size: 11px;
    text-decoration: none;
    font-family: "Helvetica Neue", Helvetica, Arial, sans-serif;
  }
</style>
<div id="goodreads-widget">
  <div id="gr_header"><h1><a rel="nofollow" href="https://www.goodreads.com/book/show/10607.Black_House">Black House Reviews</a></h1></div>
  <iframe id="the_iframe" src="https://www.goodreads.com/api/reviews_widget_iframe?did=DEVELOPER_ID&amp;format=html&amp;isbn=034547063X&amp;links=660&amp;min_rating=&amp;review_back=fff&amp;stars=000&amp;text=000" width="565" height="400" frameborder="0"></iframe>
  <div id="gr_footer">
    <a class="gr_branding" target="_blank" rel="nofollow" href="https://www.goodreads.com/book/show/10607.Black_House?utm_medium=api&amp;utm_source=reviews_widget">Reviews from Goodreads.com</a>
  </div>
</div>

      ]]>
    </reviews_widget>
  <popular_shelves>
      <shelf name="to-read" count="5545"/>
      <shelf name="horror" count="1387"/>
      <shelf name="stephen-king" count="1111"/>
      <shelf name="currently-reading" count="693"/>
      <shelf name="fantasy" count="526"/>
      <shelf name="fiction" count="457"/>
      <shelf name="owned" count="268"/>
      <shelf name="favorites" count="223"/>
      <shelf name="default" count="198"/>
      <shelf name="books-i-own" count="189"/>
      <shelf name="thriller" count="86"/>
      <shelf name="mystery" count="79"/>
      <shelf name="owned-books" count="73"/>
      <shelf name="series" count="62"/>
      <shelf name="supernatural" count="54"/>
      <shelf name="my-books" count="42"/>
      <shelf name="library" count="42"/>
      <shelf name="my-library" count="37"/>
      <shelf name="king" count="36"/>
      <shelf name="king-stephen" count="35"/>
      <shelf name="paranormal" count="35"/>
      <shelf name="ebook" count="34"/>
      <shelf name="dark-tower" count="34"/>
      <shelf name="suspense" count="33"/>
      <shelf name="ebooks" count="33"/>
      <shelf name="crime" count="33"/>
      <shelf name="novels" count="33"/>
      <shelf name="kindle" count="32"/>
      <shelf name="peter-straub" count="31"/>
      <shelf name="horror-thriller" count="29"/>
      <shelf name="adventure" count="29"/>
      <shelf name="audiobook" count="27"/>
      <shelf name="serial" count="26"/>
      <shelf name="own-it" count="26"/>
      <shelf name="the-king" count="25"/>
      <shelf name="i-own" count="25"/>
      <shelf name="general" count="24"/>
      <shelf name="have" count="24"/>
      <shelf name="audio" count="24"/>
      <shelf name="murders" count="22"/>
      <shelf name="to-buy" count="22"/>
      <shelf name="audiobooks" count="22"/>
      <shelf name="wisconsin" count="22"/>
      <shelf name="sci-fi" count="21"/>
      <shelf name="officers" count="20"/>
      <shelf name="ex-police" count="20"/>
      <shelf name="wish-list" count="19"/>
      <shelf name="unread" count="19"/>
      <shelf name="sci-fi-fantasy" count="19"/>
      <shelf name="books" count="18"/>
      <shelf name="science-fiction" count="18"/>
      <shelf name="home-library" count="18"/>
      <shelf name="calibre" count="17"/>
      <shelf name="horror-suspense" count="17"/>
      <shelf name="stephen-king-to-read" count="16"/>
      <shelf name="audible" count="15"/>
      <shelf name="re-read" count="15"/>
      <shelf name="finished" count="15"/>
      <shelf name="hardcover" count="15"/>
      <shelf name="stephenking" count="15"/>
      <shelf name="s-king" count="14"/>
      <shelf name="books-owned" count="14"/>
      <shelf name="horror-fiction" count="14"/>
      <shelf name="contemporary" count="13"/>
      <shelf name="mystery-thriller" count="13"/>
      <shelf name="own-to-read" count="13"/>
      <shelf name="sk" count="13"/>
      <shelf name="dark-fantasy" count="13"/>
      <shelf name="novel" count="13"/>
      <shelf name="tbr" count="12"/>
      <shelf name="abandoned" count="12"/>
      <shelf name="e-books" count="12"/>
      <shelf name="the-dark-tower" count="12"/>
      <shelf name="paperback" count="12"/>
      <shelf name="fiction-horror" count="12"/>
      <shelf name="favourites" count="12"/>
      <shelf name="adult" count="12"/>
      <shelf name="stephen-king-collection" count="11"/>
      <shelf name="dark-tower-related" count="11"/>
      <shelf name="suspense-thriller" count="11"/>
      <shelf name="scifi-fantasy" count="11"/>
      <shelf name="in-my-library" count="11"/>
      <shelf name="general-fiction" count="11"/>
      <shelf name="fantasy-sci-fi" count="11"/>
      <shelf name="creepy" count="11"/>
      <shelf name="bookshelf" count="11"/>
      <shelf name="adult-fiction" count="11"/>
      <shelf name="audio-books" count="11"/>
      <shelf name="stephen-king-read" count="10"/>
      <shelf name="personal-library" count="10"/>
      <shelf name="horror-supernatural" count="10"/>
      <shelf name="stephen-king-books" count="10"/>
      <shelf name="my-collection" count="10"/>
      <shelf name="to-read-owned" count="9"/>
      <shelf name="books-i-have" count="9"/>
      <shelf name="owned-to-read" count="9"/>
      <shelf name="2001" count="9"/>
      <shelf name="straub" count="9"/>
      <shelf name="english" count="9"/>
      <shelf name="dark" count="9"/>
  </popular_shelves>
  <book_links>
    <book_link>
  <id>8</id>
  <name>Libraries</name>
  <link>https://www.goodreads.com/book_link/follow/8</link>
</book_link>

  </book_links>
  <buy_links>
    <buy_link>
<id>1</id>
<name>Amazon</name>
<link>https://www.goodreads.com/book_link/follow/1</link>
</buy_link>
<buy_link>
<id>10</id>
<name>Audible</name>
<link>https://www.goodreads.com/book_link/follow/10</link>
</buy_link>
<buy_link>
<id>3</id>
<name>Barnes &amp; Noble</name>
<link>https://www.goodreads.com/book_link/follow/3</link>
</buy_link>
<buy_link>
<id>1027</id>
<name>Kobo</name>
<link>https://www.goodreads.com/book_link/follow/1027</link>
</buy_link>
<buy_link>
<id>2102</id>
<name>Apple iBooks</name>
<link>https://www.goodreads.com/book_link/follow/2102</link>
</buy_link>
<buy_link>
<id>8036</id>
<name>Google Play</name>
<link>https://www.goodreads.com/book_link/follow/8036</link>
</buy_link>
<buy_link>
<id>4</id>
<name>Abebooks</name>
<link>https://www.goodreads.com/book_link/follow/4</link>
</buy_link>
<buy_link>
<id>882</id>
<name>Book Depository</name>
<link>https://www.goodreads.com/book_link/follow/882</link>
</buy_link>
<buy_link>
<id>9</id>
<name>Indigo</name>
<link>https://www.goodreads.com/book_link/follow/9</link>
</buy_link>
<buy_link>
<id>2</id>
<name>Half.com</name>
<link>https://www.goodreads.com/book_link/follow/2</link>
</buy_link>
<buy_link>
<id>5</id>
<name>Alibris</name>
<link>https://www.goodreads.com/book_link/follow/5</link>
</buy_link>
<buy_link>
<id>107</id>
<name>Better World Books</name>
<link>https://www.goodreads.com/book_link/follow/107</link>
</buy_link>
<buy_link>
<id>7</id>
<name>IndieBound</name>
<link>https://www.goodreads.com/book_link/follow/7</link>
</buy_link>

  </buy_links>
  <series_works>
    <series_work>
<id>183596</id>
<user_position>2</user_position>
<series>
<id>49631</id>
<title>
<![CDATA[
    The Talisman
]]>
</title>
<description>
<![CDATA[
    These are the collaborative works of Stephen King and Peter Straub. They are about Jack Sawyer, who discovered how to travel into another realm he called "the Territories".
    
    There is a graphic novel series currently in production: <a href=http://www.goodreads.com/series/50210-the-talisman-graphic-novel-series>The Talisman</a>.
    
    Also see <a href=http://www.goodreads.com/series/40750-the-dark-tower>The Dark Tower</a> series, which is loosely connected to these.
]]>
</description>
<note>
<![CDATA[
]]>
</note>
<series_works_count>3</series_works_count>
<primary_work_count>2</primary_work_count>
<numbered>true</numbered>
</series>

</series_work>

  </series_works>
  <similar_books>
          <book>
<id>10596</id>
<title>The Regulators</title>
<title_without_series>The Regulators</title_without_series>
<link><![CDATA[https://www.goodreads.com/book/show/10596.The_Regulators]]></link>
<small_image_url><![CDATA[https://images.gr-assets.com/books/1364033309s/10596.jpg]]></small_image_url>
<image_url><![CDATA[https://images.gr-assets.com/books/1364033309m/10596.jpg]]></image_url>
<num_pages></num_pages>
<work>
<id>955346</id>
</work>
<isbn>0451191013</isbn>
<isbn13>9780451191014</isbn13>
<average_rating>3.63</average_rating>
<ratings_count>53340</ratings_count>
<publication_year></publication_year>
<publication_month></publication_month>
<publication_day></publication_day>
<authors>
<author>
<id>5858</id>
<name>Richard Bachman</name>
<link><![CDATA[https://www.goodreads.com/author/show/5858.Richard_Bachman]]></link>
</author>
</authors>
</book>

          <book>
<id>65506</id>
<title>In the Night Room</title>
<title_without_series>In the Night Room</title_without_series>
<link><![CDATA[https://www.goodreads.com/book/show/65506.In_the_Night_Room]]></link>
<small_image_url><![CDATA[https://s.gr-assets.com/assets/nophoto/book/50x75-a91bf249278a81aabab721ef782c4a74.png]]></small_image_url>
<image_url><![CDATA[https://s.gr-assets.com/assets/nophoto/book/111x148-bcc042a9c91a29c1d680899eff700a03.png]]></image_url>
<num_pages>368</num_pages>
<work>
<id>1657381</id>
</work>
<isbn>0345491327</isbn>
<isbn13>9780345491329</isbn13>
<average_rating>3.43</average_rating>
<ratings_count>2270</ratings_count>
<publication_year>2006</publication_year>
<publication_month>3</publication_month>
<publication_day>28</publication_day>
<authors>
<author>
<id>6941</id>
<name>Peter Straub</name>
<link><![CDATA[https://www.goodreads.com/author/show/6941.Peter_Straub]]></link>
</author>
</authors>
</book>

          <book>
<id>6215832</id>
<title>The Dark Tower: Treachery</title>
<title_without_series>The Dark Tower: Treachery</title_without_series>
<link><![CDATA[https://www.goodreads.com/book/show/6215832-the-dark-tower]]></link>
<small_image_url><![CDATA[https://images.gr-assets.com/books/1327977889s/6215832.jpg]]></small_image_url>
<image_url><![CDATA[https://images.gr-assets.com/books/1327977889m/6215832.jpg]]></image_url>
<num_pages></num_pages>
<work>
<id>6396466</id>
</work>
<isbn>078513574X</isbn>
<isbn13>9780785135746</isbn13>
<average_rating>4.21</average_rating>
<ratings_count>6838</ratings_count>
<publication_year></publication_year>
<publication_month></publication_month>
<publication_day></publication_day>
<authors>
<author>
<id>3470</id>
<name>Robin Furth</name>
<link><![CDATA[https://www.goodreads.com/author/show/3470.Robin_Furth]]></link>
</author>
</authors>
</book>

          <book>
<id>11532</id>
<title>Night Visions 5</title>
<title_without_series>Night Visions 5</title_without_series>
<link><![CDATA[https://www.goodreads.com/book/show/11532.Night_Visions_5]]></link>
<small_image_url><![CDATA[https://images.gr-assets.com/books/1289330105s/11532.jpg]]></small_image_url>
<image_url><![CDATA[https://images.gr-assets.com/books/1289330105m/11532.jpg]]></image_url>
<num_pages>274</num_pages>
<work>
<id>88730</id>
</work>
<isbn>0913165328</isbn>
<isbn13>9780913165324</isbn13>
<average_rating>3.90</average_rating>
<ratings_count>1362</ratings_count>
<publication_year>1988</publication_year>
<publication_month>5</publication_month>
<publication_day></publication_day>
<authors>
<author>
<id>18351</id>
<name>Douglas E. Winter</name>
<link><![CDATA[https://www.goodreads.com/author/show/18351.Douglas_E_Winter]]></link>
</author>
</authors>
</book>

          <book>
<id>760305</id>
<title>Sleepwalk</title>
<title_without_series>Sleepwalk</title_without_series>
<link><![CDATA[https://www.goodreads.com/book/show/760305.Sleepwalk]]></link>
<small_image_url><![CDATA[https://s.gr-assets.com/assets/nophoto/book/50x75-a91bf249278a81aabab721ef782c4a74.png]]></small_image_url>
<image_url><![CDATA[https://s.gr-assets.com/assets/nophoto/book/111x148-bcc042a9c91a29c1d680899eff700a03.png]]></image_url>
<num_pages>449</num_pages>
<work>
<id>746402</id>
</work>
<isbn>0553288342</isbn>
<isbn13>9780553288346</isbn13>
<average_rating>3.80</average_rating>
<ratings_count>4335</ratings_count>
<publication_year>1990</publication_year>
<publication_month>11</publication_month>
<publication_day>1</publication_day>
<authors>
<author>
<id>4387</id>
<name>John Saul</name>
<link><![CDATA[https://www.goodreads.com/author/show/4387.John_Saul]]></link>
</author>
</authors>
</book>

          <book>
<id>21362</id>
<title><![CDATA[Seize the Night (Moonlight Bay, #2)]]></title>
<title_without_series>Seize the Night</title_without_series>
<link><![CDATA[https://www.goodreads.com/book/show/21362.Seize_the_Night]]></link>
<small_image_url><![CDATA[https://images.gr-assets.com/books/1382311797s/21362.jpg]]></small_image_url>
<image_url><![CDATA[https://images.gr-assets.com/books/1382311797m/21362.jpg]]></image_url>
<num_pages>464</num_pages>
<work>
<id>1480923</id>
</work>
<isbn>0553479016</isbn>
<isbn13>9780553479010</isbn13>
<average_rating>4.07</average_rating>
<ratings_count>23475</ratings_count>
<publication_year>1998</publication_year>
<publication_month>12</publication_month>
<publication_day>29</publication_day>
<authors>
<author>
<id>9355</id>
<name>Dean Koontz</name>
<link><![CDATA[https://www.goodreads.com/author/show/9355.Dean_Koontz]]></link>
</author>
</authors>
</book>

          <book>
<id>32627</id>
<title><![CDATA[Everville (Book of the Art #2)]]></title>
<title_without_series>Everville</title_without_series>
<link><![CDATA[https://www.goodreads.com/book/show/32627.Everville]]></link>
<small_image_url><![CDATA[https://images.gr-assets.com/books/1407712149s/32627.jpg]]></small_image_url>
<image_url><![CDATA[https://images.gr-assets.com/books/1407712149m/32627.jpg]]></image_url>
<num_pages>697</num_pages>
<work>
<id>942616</id>
</work>
<isbn>0060933151</isbn>
<isbn13>9780060933159</isbn13>
<average_rating>4.02</average_rating>
<ratings_count>8428</ratings_count>
<publication_year>1999</publication_year>
<publication_month>11</publication_month>
<publication_day>3</publication_day>
<authors>
<author>
<id>10366</id>
<name>Clive Barker</name>
<link><![CDATA[https://www.goodreads.com/author/show/10366.Clive_Barker]]></link>
</author>
</authors>
</book>

          <book>
<id>408851</id>
<title><![CDATA[The Lost Work Of Stephen King: A Guide to Unpublished Manuscripts, Story Fragments, Alternative Versions and Oddities]]></title>
<title_without_series><![CDATA[The Lost Work Of Stephen King: A Guide to Unpublished Manuscripts, Story Fragments, Alternative Versions and Oddities]]></title_without_series>
<link><![CDATA[https://www.goodreads.com/book/show/408851.The_Lost_Work_Of_Stephen_King]]></link>
<small_image_url><![CDATA[https://s.gr-assets.com/assets/nophoto/book/50x75-a91bf249278a81aabab721ef782c4a74.png]]></small_image_url>
<image_url><![CDATA[https://s.gr-assets.com/assets/nophoto/book/111x148-bcc042a9c91a29c1d680899eff700a03.png]]></image_url>
<num_pages>362</num_pages>
<work>
<id>398154</id>
</work>
<isbn>1559724692</isbn>
<isbn13>9781559724692</isbn13>
<average_rating>4.20</average_rating>
<ratings_count>1233</ratings_count>
<publication_year></publication_year>
<publication_month></publication_month>
<publication_day></publication_day>
<authors>
<author>
<id>6937</id>
<name>Stephen J. Spignesi</name>
<link><![CDATA[https://www.goodreads.com/author/show/6937.Stephen_J_Spignesi]]></link>
</author>
</authors>
</book>

  </similar_books>
</book>

</GoodreadsResponse>