<?xml version="1.0" encoding="UTF-8"?>
<GoodreadsResponse>
  <Request>
    <authentication>true</authentication>
      <key><![CDATA[all_men_must_serve]]></key>
    <method><![CDATA[book_show]]></method>
  </Request>
  <book>
  <id>106134</id>
  <title>Out from Boneville (Bone, #1)</title>
  <isbn><![CDATA[0439706408]]></isbn>
  <isbn13><![CDATA[9780439706407]]></isbn13>
  <asin><![CDATA[]]></asin>
  <kindle_asin><![CDATA[B01KGXGT14]]></kindle_asin>
  <marketplace_id><![CDATA[A1F83G8C2ARO7P]]></marketplace_id>
  <country_code><![CDATA[GB]]></country_code>
  <image_url>https://images.gr-assets.com/books/1327921261m/106134.jpg</image_url>
  <small_image_url>https://images.gr-assets.com/books/1327921261s/106134.jpg</small_image_url>
  <publication_year>2005</publication_year>
  <publication_month>2</publication_month>
  <publication_day>1</publication_day>
  <publisher>Graphix</publisher>
  <language_code>eng</language_code>
  <is_ebook>false</is_ebook>
  <description><![CDATA[After being run out of Boneville, the three Bone cousins, Fone Bone, Phoney Bone, and Smiley Bone, are separated and lost in a vast uncharted desert.<br /><p>One by one, they find their way into a deep, forested valley filled with wonderful and terrifying creatures...<br /></p><p>Humor, mystery, and adventure are spun together in this action-packed, side-splitting saga. Everyone who has ever left home for the first time only to find that the world outside is strange and overwhelming will love <i>Bone.</i></p>]]></description>
  <work>
  <id type="integer">2218243</id>
  <books_count type="integer">35</books_count>
  <best_book_id type="integer">106134</best_book_id>
  <reviews_count type="integer">92888</reviews_count>
  <ratings_sum type="integer">262284</ratings_sum>
  <ratings_count type="integer">63098</ratings_count>
  <text_reviews_count type="integer">1725</text_reviews_count>
  <original_publication_year type="integer">1993</original_publication_year>
  <original_publication_month type="integer">7</original_publication_month>
  <original_publication_day type="integer" nil="true"/>
  <original_title>Out from Boneville</original_title>
  <original_language_id type="integer" nil="true"/>
  <media_type>book</media_type>
  <rating_dist>5:31215|4:16831|3:10433|2:2967|1:1652|total:63098</rating_dist>
  <desc_user_id type="integer">11040289</desc_user_id>
  <default_chaptering_book_id type="integer" nil="true"/>
  <default_description_language_code nil="true"/>
</work>
  <average_rating>4.16</average_rating>
  <num_pages><![CDATA[138]]></num_pages>
  <format><![CDATA[Paperback]]></format>
  <edition_information><![CDATA[1st Edition]]></edition_information>
  <ratings_count><![CDATA[62351]]></ratings_count>
  <text_reviews_count><![CDATA[1606]]></text_reviews_count>
  <url><![CDATA[https://www.goodreads.com/book/show/106134.Out_from_Boneville]]></url>
  <link><![CDATA[https://www.goodreads.com/book/show/106134.Out_from_Boneville]]></link>
  <authors>
<author>
<id>5951</id>
<name>Jeff Smith</name>
<role></role>
<image_url nophoto='false'>
<![CDATA[https://images.gr-assets.com/authors/1239071106p5/5951.jpg]]>
</image_url>
<small_image_url nophoto='false'>
<![CDATA[https://images.gr-assets.com/authors/1239071106p2/5951.jpg]]>
</small_image_url>
<link><![CDATA[https://www.goodreads.com/author/show/5951.Jeff_Smith]]></link>
<average_rating>4.26</average_rating>
<ratings_count>202417</ratings_count>
<text_reviews_count>7696</text_reviews_count>
</author>
<author>
<id>166029</id>
<name>Steve Hamaker</name>
<role>Colorist  </role>
<image_url nophoto='true'>
<![CDATA[https://s.gr-assets.com/assets/nophoto/user/u_200x266-e183445fd1a1b5cc7075bb1cf7043306.png]]>
</image_url>
<small_image_url nophoto='true'>
<![CDATA[https://s.gr-assets.com/assets/nophoto/user/u_50x66-632230dc9882b4352d753eedf9396530.png]]>
</small_image_url>
<link><![CDATA[https://www.goodreads.com/author/show/166029.Steve_Hamaker]]></link>
<average_rating>4.23</average_rating>
<ratings_count>130923</ratings_count>
<text_reviews_count>4218</text_reviews_count>
</author>
</authors>

    <reviews_widget>
      <![CDATA[
        <style>
  #goodreads-widget {
    font-family: georgia, serif;
    padding: 18px 0;
    width:565px;
  }
  #goodreads-widget h1 {
    font-weight:normal;
    font-size: 16px;
    border-bottom: 1px solid #BBB596;
    margin-bottom: 0;
  }
  #goodreads-widget a {
    text-decoration: none;
    color:#660;
  }
  iframe{
    background-color: #fff;
  }
  #goodreads-widget a:hover { text-decoration: underline; }
  #goodreads-widget a:active {
    color:#660;
  }
  #gr_footer {
    width: 100%;
    border-top: 1px solid #BBB596;
    text-align: right;
  }
  #goodreads-widget .gr_branding{
    color: #382110;
    font-size: 11px;
    text-decoration: none;
    font-family: "Helvetica Neue", Helvetica, Arial, sans-serif;
  }
</style>
<div id="goodreads-widget">
  <div id="gr_header"><h1><a rel="nofollow" href="https://www.goodreads.com/book/show/106134.Out_from_Boneville">Out from Boneville Reviews</a></h1></div>
  <iframe id="the_iframe" src="https://www.goodreads.com/api/reviews_widget_iframe?did=DEVELOPER_ID&amp;format=html&amp;isbn=0439706408&amp;links=660&amp;min_rating=&amp;review_back=fff&amp;stars=000&amp;text=000" width="565" height="400" frameborder="0"></iframe>
  <div id="gr_footer">
    <a class="gr_branding" target="_blank" rel="nofollow" href="https://www.goodreads.com/book/show/106134.Out_from_Boneville?utm_medium=api&amp;utm_source=reviews_widget">Reviews from Goodreads.com</a>
  </div>
</div>

      ]]>
    </reviews_widget>
  <popular_shelves>
      <shelf name="to-read" count="12371"/>
      <shelf name="graphic-novels" count="1089"/>
      <shelf name="graphic-novel" count="652"/>
      <shelf name="fantasy" count="496"/>
      <shelf name="cómics" count="380"/>
      <shelf name="comics" count="380"/>
      <shelf name="currently-reading" count="242"/>
      <shelf name="favorites" count="174"/>
      <shelf name="fiction" count="146"/>
      <shelf name="bone" count="145"/>
      <shelf name="adventure" count="122"/>
      <shelf name="young-adult" count="113"/>
      <shelf name="humor" count="100"/>
      <shelf name="comic" count="90"/>
      <shelf name="comics-graphic-novels" count="77"/>
      <shelf name="series" count="71"/>
      <shelf name="childrens" count="70"/>
      <shelf name="graphic" count="65"/>
      <shelf name="owned" count="60"/>
      <shelf name="graphic-novels-comics" count="60"/>
      <shelf name="ya" count="58"/>
      <shelf name="middle-grade" count="55"/>
      <shelf name="children" count="54"/>
      <shelf name="kids" count="53"/>
      <shelf name="books-i-own" count="47"/>
      <shelf name="comic-books" count="46"/>
      <shelf name="comics-and-graphic-novels" count="39"/>
      <shelf name="library" count="34"/>
      <shelf name="funny" count="29"/>
      <shelf name="teen" count="28"/>
      <shelf name="children-s" count="28"/>
      <shelf name="graphic-novels-and-comics" count="23"/>
      <shelf name="kids-books" count="23"/>
      <shelf name="dragons" count="22"/>
      <shelf name="graphicnovels" count="22"/>
      <shelf name="comic-graphic-novel" count="19"/>
      <shelf name="juvenile" count="19"/>
      <shelf name="owned-books" count="18"/>
      <shelf name="default" count="17"/>
      <shelf name="comic-book" count="17"/>
      <shelf name="my-books" count="16"/>
      <shelf name="action-adventure" count="16"/>
      <shelf name="children-s-books" count="16"/>
      <shelf name="comix" count="16"/>
      <shelf name="comics-manga" count="15"/>
      <shelf name="classroom-library" count="15"/>
      <shelf name="read-in-2014" count="13"/>
      <shelf name="favourites" count="13"/>
      <shelf name="middle-school" count="13"/>
      <shelf name="novel" count="13"/>
      <shelf name="graphicnovel" count="13"/>
      <shelf name="humour" count="13"/>
      <shelf name="graphic-novels-manga" count="12"/>
      <shelf name="tween" count="12"/>
      <shelf name="comedy" count="12"/>
      <shelf name="manga" count="12"/>
      <shelf name="comics-read" count="12"/>
      <shelf name="jeff-smith" count="12"/>
      <shelf name="read-in-2015" count="11"/>
      <shelf name="read-in-2011" count="11"/>
      <shelf name="classics" count="11"/>
      <shelf name="childrens-books" count="11"/>
      <shelf name="read-in-2017" count="10"/>
      <shelf name="library-books" count="10"/>
      <shelf name="friendship" count="10"/>
      <shelf name="my-library" count="10"/>
      <shelf name="read-in-2016" count="9"/>
      <shelf name="sarjakuvat" count="9"/>
      <shelf name="bd" count="9"/>
      <shelf name="childhood" count="9"/>
      <shelf name="graphic-novels-read" count="9"/>
      <shelf name="borrowed" count="9"/>
      <shelf name="i-own" count="9"/>
      <shelf name="juvenile-fiction" count="9"/>
      <shelf name="gn" count="9"/>
      <shelf name="graphic-novel-comic" count="9"/>
      <shelf name="adult" count="9"/>
      <shelf name="graphic-novel-comics" count="9"/>
      <shelf name="graphic_novels" count="9"/>
      <shelf name="read-2016" count="8"/>
      <shelf name="comics-to-read" count="8"/>
      <shelf name="childrens-literature" count="8"/>
      <shelf name="sequential-art" count="8"/>
      <shelf name="middle-grades" count="8"/>
      <shelf name="reviewed" count="8"/>
      <shelf name="read-more-than-once" count="8"/>
      <shelf name="children-s-lit" count="8"/>
      <shelf name="graphic_novel" count="8"/>
      <shelf name="library-book" count="8"/>
      <shelf name="bone-series" count="8"/>
      <shelf name="read-2014" count="7"/>
      <shelf name="5-stars" count="7"/>
      <shelf name="elementary" count="7"/>
      <shelf name="abandoned" count="7"/>
      <shelf name="to-read-comics" count="7"/>
      <shelf name="read-in-2012" count="7"/>
      <shelf name="action" count="7"/>
      <shelf name="childhood-books" count="7"/>
      <shelf name="finished" count="7"/>
      <shelf name="to-buy" count="7"/>
  </popular_shelves>
  <book_links>
    <book_link>
  <id>8</id>
  <name>Libraries</name>
  <link>https://www.goodreads.com/book_link/follow/8</link>
</book_link>

  </book_links>
  <buy_links>
    <buy_link>
<id>1</id>
<name>Amazon</name>
<link>https://www.goodreads.com/book_link/follow/1</link>
</buy_link>
<buy_link>
<id>10</id>
<name>Audible</name>
<link>https://www.goodreads.com/book_link/follow/10</link>
</buy_link>
<buy_link>
<id>3</id>
<name>Barnes &amp; Noble</name>
<link>https://www.goodreads.com/book_link/follow/3</link>
</buy_link>
<buy_link>
<id>1027</id>
<name>Kobo</name>
<link>https://www.goodreads.com/book_link/follow/1027</link>
</buy_link>
<buy_link>
<id>2102</id>
<name>Apple iBooks</name>
<link>https://www.goodreads.com/book_link/follow/2102</link>
</buy_link>
<buy_link>
<id>8036</id>
<name>Google Play</name>
<link>https://www.goodreads.com/book_link/follow/8036</link>
</buy_link>
<buy_link>
<id>4</id>
<name>Abebooks</name>
<link>https://www.goodreads.com/book_link/follow/4</link>
</buy_link>
<buy_link>
<id>882</id>
<name>Book Depository</name>
<link>https://www.goodreads.com/book_link/follow/882</link>
</buy_link>
<buy_link>
<id>9</id>
<name>Indigo</name>
<link>https://www.goodreads.com/book_link/follow/9</link>
</buy_link>
<buy_link>
<id>2</id>
<name>Half.com</name>
<link>https://www.goodreads.com/book_link/follow/2</link>
</buy_link>
<buy_link>
<id>5</id>
<name>Alibris</name>
<link>https://www.goodreads.com/book_link/follow/5</link>
</buy_link>
<buy_link>
<id>107</id>
<name>Better World Books</name>
<link>https://www.goodreads.com/book_link/follow/107</link>
</buy_link>
<buy_link>
<id>7</id>
<name>IndieBound</name>
<link>https://www.goodreads.com/book_link/follow/7</link>
</buy_link>

  </buy_links>
  <series_works>
    <series_work>
<id>219750</id>
<user_position>1; issues 1-6</user_position>
<series>
<id>55051</id>
<title>
<![CDATA[
    Bone
]]>
</title>
<description>
<![CDATA[
    Bone is an independently published comic book series, originally serialized in 55 irregularly-released issues from 1991 to 2004. Bone was drawn and written by Jeff Smith.
    
    See also the spin-off <a href="http://www.goodreads.com/series/58582-bone-quest-for-the-spark">Bone: Quest for the Spark</a>.
    
    Most collections of these comics published them in 9 volumes. However, see also:
    * <a href="http://www.goodreads.com/series/66708-bone-carlsen">Bone (Carlsen 20 volume)</a>, 20 volumes
    * <a href="http://www.goodreads.com/series/66711-bone-via-lettera">Bone (Via Lettera)</a>, 17 volumes
    * <a href="http://www.goodreads.com/series/69844-bone-carlsen-12-volume">Bone (Carlsen 12 volume)</a>, 12 volumes
    * <a href="http://www.goodreads.com/series/66709-bone-delcourt-noir-et-blanc">Bone (Delcourt noir et blanc)</a>, 11 volumes (Delcourt has also published editions in 9 volumes, listed below)
    * <a href="http://www.goodreads.com/series/66707-bone-taschenbuch">Bone (Tokyopop Taschenbuch)</a>, 6 volumes (Tokyopop has also published editions in 9 volumes, listed below)
    * <A href="http://www.goodreads.com/series/98279-k-stek">Kůstek</a>, ongoing with fewer than 9 volumes total
]]>
</description>
<note>
<![CDATA[
    http://en.wikipedia.org/wiki/Bone_(comics)
]]>
</note>
<series_works_count>19</series_works_count>
<primary_work_count>10</primary_work_count>
<numbered>true</numbered>
</series>

</series_work>
<series_work>
<id>481764</id>
<user_position>1</user_position>
<series>
<id>98279</id>
<title>
<![CDATA[
    Kůstek
]]>
</title>
<description>
<![CDATA[
    This collection of <a href="http://www.goodreads.com/series/55051-bone">the Bone series</a> will be complete in fewer than 9 volumes. Some volumes match the usual 9-volume split and others are larger.
]]>
</description>
<note>
<![CDATA[
]]>
</note>
<series_works_count>4</series_works_count>
<primary_work_count>4</primary_work_count>
<numbered>true</numbered>
</series>

</series_work>
<series_work>
<id>943890</id>
<user_position>1</user_position>
<series>
<id>185228</id>
<title>
<![CDATA[
    Luupäät
]]>
</title>
<description>
<![CDATA[
]]>
</description>
<note>
<![CDATA[
]]>
</note>
<series_works_count>1</series_works_count>
<primary_work_count>1</primary_work_count>
<numbered>true</numbered>
</series>

</series_work>

  </series_works>
  <similar_books>
          <book>
<id>64251</id>
<title><![CDATA[Mouse Guard: Fall 1152 (Mouse Guard, #1)]]></title>
<title_without_series>Mouse Guard: Fall 1152</title_without_series>
<link><![CDATA[https://www.goodreads.com/book/show/64251.Mouse_Guard]]></link>
<small_image_url><![CDATA[https://images.gr-assets.com/books/1302490748s/64251.jpg]]></small_image_url>
<image_url><![CDATA[https://images.gr-assets.com/books/1302490748m/64251.jpg]]></image_url>
<num_pages></num_pages>
<work>
<id>1236434</id>
</work>
<isbn>1932386572</isbn>
<isbn13>9781932386578</isbn13>
<average_rating>3.99</average_rating>
<ratings_count>9807</ratings_count>
<publication_year></publication_year>
<publication_month></publication_month>
<publication_day></publication_day>
<authors>
<author>
<id>36203</id>
<name>David Petersen</name>
<link><![CDATA[https://www.goodreads.com/author/show/36203.David_Petersen]]></link>
</author>
</authors>
</book>

          <book>
<id>196924</id>
<title><![CDATA[Owly, Vol. 1:  The Way Home & The Bittersweet Summer (Owly, #1)]]></title>
<title_without_series><![CDATA[Owly, Vol. 1:  The Way Home & The Bittersweet Summer]]></title_without_series>
<link><![CDATA[https://www.goodreads.com/book/show/196924.Owly_Vol_1]]></link>
<small_image_url><![CDATA[https://s.gr-assets.com/assets/nophoto/book/50x75-a91bf249278a81aabab721ef782c4a74.png]]></small_image_url>
<image_url><![CDATA[https://s.gr-assets.com/assets/nophoto/book/111x148-bcc042a9c91a29c1d680899eff700a03.png]]></image_url>
<num_pages>160</num_pages>
<work>
<id>190470</id>
</work>
<isbn>1891830627</isbn>
<isbn13>9781891830624</isbn13>
<average_rating>4.06</average_rating>
<ratings_count>5784</ratings_count>
<publication_year>2004</publication_year>
<publication_month>9</publication_month>
<publication_day>29</publication_day>
<authors>
<author>
<id>114752</id>
<name>Andy Runton</name>
<link><![CDATA[https://www.goodreads.com/author/show/114752.Andy_Runton]]></link>
</author>
</authors>
</book>

          <book>
<id>6277410</id>
<title><![CDATA[The Stonekeeper's Curse (Amulet, #2)]]></title>
<title_without_series>The Stonekeeper&apos;s Curse</title_without_series>
<link><![CDATA[https://www.goodreads.com/book/show/6277410-the-stonekeeper-s-curse]]></link>
<small_image_url><![CDATA[https://images.gr-assets.com/books/1420153715s/6277410.jpg]]></small_image_url>
<image_url><![CDATA[https://images.gr-assets.com/books/1420153715m/6277410.jpg]]></image_url>
<num_pages>220</num_pages>
<work>
<id>6460915</id>
</work>
<isbn>0439846838</isbn>
<isbn13>9780439846837</isbn13>
<average_rating>4.33</average_rating>
<ratings_count>21991</ratings_count>
<publication_year>2009</publication_year>
<publication_month>9</publication_month>
<publication_day>1</publication_day>
<authors>
<author>
<id>27372</id>
<name>Kazu Kibuishi</name>
<link><![CDATA[https://www.goodreads.com/author/show/27372.Kazu_Kibuishi]]></link>
</author>
</authors>
</book>

          <book>
<id>9366879</id>
<title><![CDATA[Bone: Quest for the Spark, Vol. 1]]></title>
<title_without_series><![CDATA[Bone: Quest for the Spark, Vol. 1]]></title_without_series>
<link><![CDATA[https://www.goodreads.com/book/show/9366879-bone]]></link>
<small_image_url><![CDATA[https://images.gr-assets.com/books/1328839457s/9366879.jpg]]></small_image_url>
<image_url><![CDATA[https://images.gr-assets.com/books/1328839457m/9366879.jpg]]></image_url>
<num_pages>224</num_pages>
<work>
<id>14250389</id>
</work>
<isbn>0545141028</isbn>
<isbn13>9780545141024</isbn13>
<average_rating>4.33</average_rating>
<ratings_count>11454</ratings_count>
<publication_year>2011</publication_year>
<publication_month>2</publication_month>
<publication_day>1</publication_day>
<authors>
<author>
<id>7241543</id>
<name>Tom Sniegoski</name>
<link><![CDATA[https://www.goodreads.com/author/show/7241543.Tom_Sniegoski]]></link>
</author>
</authors>
</book>

          <book>
<id>13356190</id>
<title>Cardboard</title>
<title_without_series>Cardboard</title_without_series>
<link><![CDATA[https://www.goodreads.com/book/show/13356190-cardboard]]></link>
<small_image_url><![CDATA[https://images.gr-assets.com/books/1335057102s/13356190.jpg]]></small_image_url>
<image_url><![CDATA[https://images.gr-assets.com/books/1335057102m/13356190.jpg]]></image_url>
<num_pages></num_pages>
<work>
<id>18583413</id>
</work>
<isbn>0545418739</isbn>
<isbn13>9780545418737</isbn13>
<average_rating>4.11</average_rating>
<ratings_count>9286</ratings_count>
<publication_year></publication_year>
<publication_month></publication_month>
<publication_day></publication_day>
<authors>
<author>
<id>45687</id>
<name>Doug TenNapel</name>
<link><![CDATA[https://www.goodreads.com/author/show/45687.Doug_TenNapel]]></link>
</author>
</authors>
</book>

          <book>
<id>291865</id>
<title><![CDATA[Usagi Yojimbo, Vol. 1: The Ronin (Usagi Yojimbo, #1)]]></title>
<title_without_series><![CDATA[Usagi Yojimbo, Vol. 1: The Ronin]]></title_without_series>
<link><![CDATA[https://www.goodreads.com/book/show/291865.Usagi_Yojimbo_Vol_1]]></link>
<small_image_url><![CDATA[https://images.gr-assets.com/books/1344642740s/291865.jpg]]></small_image_url>
<image_url><![CDATA[https://images.gr-assets.com/books/1344642740m/291865.jpg]]></image_url>
<num_pages>144</num_pages>
<work>
<id>283181</id>
</work>
<isbn>0930193350</isbn>
<isbn13>9780930193355</isbn13>
<average_rating>4.14</average_rating>
<ratings_count>2924</ratings_count>
<publication_year>1987</publication_year>
<publication_month></publication_month>
<publication_day></publication_day>
<authors>
<author>
<id>125282</id>
<name>Stan Sakai</name>
<link><![CDATA[https://www.goodreads.com/author/show/125282.Stan_Sakai]]></link>
</author>
</authors>
</book>

          <book>
<id>2693619</id>
<title>Jellaby (Jellaby, #1)</title>
<title_without_series>Jellaby</title_without_series>
<link><![CDATA[https://www.goodreads.com/book/show/2693619-jellaby]]></link>
<small_image_url><![CDATA[https://images.gr-assets.com/books/1368352526s/2693619.jpg]]></small_image_url>
<image_url><![CDATA[https://images.gr-assets.com/books/1368352526m/2693619.jpg]]></image_url>
<num_pages>152</num_pages>
<work>
<id>2718947</id>
</work>
<isbn>1423103033</isbn>
<isbn13>9781423103035</isbn13>
<average_rating>3.97</average_rating>
<ratings_count>4089</ratings_count>
<publication_year>2008</publication_year>
<publication_month>2</publication_month>
<publication_day>1</publication_day>
<authors>
<author>
<id>970677</id>
<name>Kean Soo</name>
<link><![CDATA[https://www.goodreads.com/author/show/970677.Kean_Soo]]></link>
</author>
</authors>
</book>

          <book>
<id>1743508</id>
<title>Magic Pickle</title>
<title_without_series>Magic Pickle</title_without_series>
<link><![CDATA[https://www.goodreads.com/book/show/1743508.Magic_Pickle]]></link>
<small_image_url><![CDATA[https://s.gr-assets.com/assets/nophoto/book/50x75-a91bf249278a81aabab721ef782c4a74.png]]></small_image_url>
<image_url><![CDATA[https://s.gr-assets.com/assets/nophoto/book/111x148-bcc042a9c91a29c1d680899eff700a03.png]]></image_url>
<num_pages>128</num_pages>
<work>
<id>1741164</id>
</work>
<isbn>1929998333</isbn>
<isbn13>9781929998333</isbn13>
<average_rating>3.77</average_rating>
<ratings_count>1292</ratings_count>
<publication_year>2002</publication_year>
<publication_month>8</publication_month>
<publication_day>4</publication_day>
<authors>
<author>
<id>59149</id>
<name>Scott Morse</name>
<link><![CDATA[https://www.goodreads.com/author/show/59149.Scott_Morse]]></link>
</author>
</authors>
</book>

          <book>
<id>7229730</id>
<title>Meanwhile</title>
<title_without_series>Meanwhile</title_without_series>
<link><![CDATA[https://www.goodreads.com/book/show/7229730-meanwhile]]></link>
<small_image_url><![CDATA[https://images.gr-assets.com/books/1327878248s/7229730.jpg]]></small_image_url>
<image_url><![CDATA[https://images.gr-assets.com/books/1327878248m/7229730.jpg]]></image_url>
<num_pages></num_pages>
<work>
<id>8075007</id>
</work>
<isbn>0810984237</isbn>
<isbn13>9780810984233</isbn13>
<average_rating>3.91</average_rating>
<ratings_count>3186</ratings_count>
<publication_year></publication_year>
<publication_month></publication_month>
<publication_day></publication_day>
<authors>
<author>
<id>469075</id>
<name>Jason Shiga</name>
<link><![CDATA[https://www.goodreads.com/author/show/469075.Jason_Shiga]]></link>
</author>
</authors>
</book>

          <book>
<id>7946252</id>
<title><![CDATA[Castle Waiting, Vol. 2 (Castle Waiting Omnibus Collection #2)]]></title>
<title_without_series>Castle Waiting, Vol. 2</title_without_series>
<link><![CDATA[https://www.goodreads.com/book/show/7946252-castle-waiting-vol-2]]></link>
<small_image_url><![CDATA[https://images.gr-assets.com/books/1327912061s/7946252.jpg]]></small_image_url>
<image_url><![CDATA[https://images.gr-assets.com/books/1327912061m/7946252.jpg]]></image_url>
<num_pages>375</num_pages>
<work>
<id>14571116</id>
</work>
<isbn>1606994050</isbn>
<isbn13>9781606994054</isbn13>
<average_rating>4.17</average_rating>
<ratings_count>2040</ratings_count>
<publication_year>2010</publication_year>
<publication_month>12</publication_month>
<publication_day>6</publication_day>
<authors>
<author>
<id>103302</id>
<name>Linda Medley</name>
<link><![CDATA[https://www.goodreads.com/author/show/103302.Linda_Medley]]></link>
</author>
</authors>
</book>

          <book>
<id>23167725</id>
<title><![CDATA[Rutabaga the Adventure Chef (Adventure Chef #1)]]></title>
<title_without_series>Rutabaga the Adventure Chef</title_without_series>
<link><![CDATA[https://www.goodreads.com/book/show/23167725-rutabaga-the-adventure-chef]]></link>
<small_image_url><![CDATA[https://images.gr-assets.com/books/1411447395s/23167725.jpg]]></small_image_url>
<image_url><![CDATA[https://images.gr-assets.com/books/1411447395m/23167725.jpg]]></image_url>
<num_pages>128</num_pages>
<work>
<id>41269101</id>
</work>
<isbn>1419713809</isbn>
<isbn13>9781419713804</isbn13>
<average_rating>3.98</average_rating>
<ratings_count>796</ratings_count>
<publication_year>2015</publication_year>
<publication_month>3</publication_month>
<publication_day>31</publication_day>
<authors>
<author>
<id>8159821</id>
<name>Eric Colossal</name>
<link><![CDATA[https://www.goodreads.com/author/show/8159821.Eric_Colossal]]></link>
</author>
</authors>
</book>

  </similar_books>
</book>

</GoodreadsResponse>