<?xml version="1.0" encoding="UTF-8"?>
<GoodreadsResponse>
  <Request>
    <authentication>true</authentication>
      <key><![CDATA[all_men_must_serve]]></key>
    <method><![CDATA[book_show]]></method>
  </Request>
  <book>
  <id>10618</id>
  <title>Apt Pupil</title>
  <isbn><![CDATA[0751525677]]></isbn>
  <isbn13><![CDATA[9780751525670]]></isbn13>
  <asin><![CDATA[]]></asin>
  <kindle_asin><![CDATA[]]></kindle_asin>
  <marketplace_id><![CDATA[]]></marketplace_id>
  <country_code><![CDATA[GB]]></country_code>
  <image_url>https://images.gr-assets.com/books/1330222469m/10618.jpg</image_url>
  <small_image_url>https://images.gr-assets.com/books/1330222469s/10618.jpg</small_image_url>
  <publication_year>1983</publication_year>
  <publication_month></publication_month>
  <publication_day></publication_day>
  <publisher>Warner</publisher>
  <language_code>eng</language_code>
  <is_ebook>false</is_ebook>
  <description><![CDATA[Todd Bowden is an apt pupil. Good grades, good family, a paper route. But he is about to meet a different kind of teacher: Mr. Dussander. Todd knows all about Dussander's dark past. The torture. The death. The decades-old manhunt Dussander has escaped to this day. Yet Todd doesn't want to turn him in. Todd wants to know more. Much more. He is about to learn the real meaning of power—and the seductive lure of evil.]]></description>
  <work>
  <id type="integer">22015774</id>
  <books_count type="integer">22</books_count>
  <best_book_id type="integer">10618</best_book_id>
  <reviews_count type="integer">26917</reviews_count>
  <ratings_sum type="integer">69741</ratings_sum>
  <ratings_count type="integer">18200</ratings_count>
  <text_reviews_count type="integer">537</text_reviews_count>
  <original_publication_year type="integer">1982</original_publication_year>
  <original_publication_month type="integer" nil="true"/>
  <original_publication_day type="integer" nil="true"/>
  <original_title></original_title>
  <original_language_id type="integer" nil="true"/>
  <media_type>book</media_type>
  <rating_dist>5:4909|4:6928|3:5012|2:1097|1:254|total:18200</rating_dist>
  <desc_user_id type="integer" nil="true"/>
  <default_chaptering_book_id type="integer" nil="true"/>
  <default_description_language_code nil="true"/>
</work>
  <average_rating>3.83</average_rating>
  <num_pages><![CDATA[179]]></num_pages>
  <format><![CDATA[Paperback]]></format>
  <edition_information><![CDATA[]]></edition_information>
  <ratings_count><![CDATA[17198]]></ratings_count>
  <text_reviews_count><![CDATA[459]]></text_reviews_count>
  <url><![CDATA[https://www.goodreads.com/book/show/10618.Apt_Pupil]]></url>
  <link><![CDATA[https://www.goodreads.com/book/show/10618.Apt_Pupil]]></link>
  <authors>
<author>
<id>3389</id>
<name>Stephen King</name>
<role></role>
<image_url nophoto='false'>
<![CDATA[https://images.gr-assets.com/authors/1362814142p5/3389.jpg]]>
</image_url>
<small_image_url nophoto='false'>
<![CDATA[https://images.gr-assets.com/authors/1362814142p2/3389.jpg]]>
</small_image_url>
<link><![CDATA[https://www.goodreads.com/author/show/3389.Stephen_King]]></link>
<average_rating>4.01</average_rating>
<ratings_count>10357556</ratings_count>
<text_reviews_count>349199</text_reviews_count>
</author>
</authors>

    <reviews_widget>
      <![CDATA[
        <style>
  #goodreads-widget {
    font-family: georgia, serif;
    padding: 18px 0;
    width:565px;
  }
  #goodreads-widget h1 {
    font-weight:normal;
    font-size: 16px;
    border-bottom: 1px solid #BBB596;
    margin-bottom: 0;
  }
  #goodreads-widget a {
    text-decoration: none;
    color:#660;
  }
  iframe{
    background-color: #fff;
  }
  #goodreads-widget a:hover { text-decoration: underline; }
  #goodreads-widget a:active {
    color:#660;
  }
  #gr_footer {
    width: 100%;
    border-top: 1px solid #BBB596;
    text-align: right;
  }
  #goodreads-widget .gr_branding{
    color: #382110;
    font-size: 11px;
    text-decoration: none;
    font-family: "Helvetica Neue", Helvetica, Arial, sans-serif;
  }
</style>
<div id="goodreads-widget">
  <div id="gr_header"><h1><a rel="nofollow" href="https://www.goodreads.com/book/show/10618.Apt_Pupil">Apt Pupil Reviews</a></h1></div>
  <iframe id="the_iframe" src="https://www.goodreads.com/api/reviews_widget_iframe?did=DEVELOPER_ID&amp;format=html&amp;isbn=0751525677&amp;links=660&amp;min_rating=&amp;review_back=fff&amp;stars=000&amp;text=000" width="565" height="400" frameborder="0"></iframe>
  <div id="gr_footer">
    <a class="gr_branding" target="_blank" rel="nofollow" href="https://www.goodreads.com/book/show/10618.Apt_Pupil?utm_medium=api&amp;utm_source=reviews_widget">Reviews from Goodreads.com</a>
  </div>
</div>

      ]]>
    </reviews_widget>
  <popular_shelves>
      <shelf name="to-read" count="5529"/>
      <shelf name="horror" count="347"/>
      <shelf name="stephen-king" count="322"/>
      <shelf name="fiction" count="200"/>
      <shelf name="currently-reading" count="94"/>
      <shelf name="favorites" count="78"/>
      <shelf name="thriller" count="61"/>
      <shelf name="short-stories" count="50"/>
      <shelf name="king" count="47"/>
      <shelf name="audiobook" count="31"/>
      <shelf name="audiobooks" count="25"/>
      <shelf name="owned" count="23"/>
      <shelf name="mystery" count="16"/>
      <shelf name="crime" count="14"/>
      <shelf name="suspense" count="13"/>
      <shelf name="to-buy" count="12"/>
      <shelf name="novella" count="12"/>
      <shelf name="audio" count="12"/>
      <shelf name="thrillers" count="11"/>
      <shelf name="library" count="11"/>
      <shelf name="horror-thriller" count="11"/>
      <shelf name="books-i-own" count="11"/>
      <shelf name="audio-books" count="11"/>
      <shelf name="mystery-thriller" count="10"/>
      <shelf name="king-stephen" count="9"/>
      <shelf name="war" count="8"/>
      <shelf name="thriller-horror" count="8"/>
      <shelf name="the-king" count="8"/>
      <shelf name="stephenking" count="8"/>
      <shelf name="favorite-authors" count="8"/>
      <shelf name="contemporary" count="8"/>
      <shelf name="american" count="8"/>
      <shelf name="general-fiction" count="7"/>
      <shelf name="ebook" count="7"/>
      <shelf name="read-in-english" count="7"/>
      <shelf name="novels" count="7"/>
      <shelf name="i-own" count="6"/>
      <shelf name="suspense-thriller" count="6"/>
      <shelf name="stephen-king-books" count="6"/>
      <shelf name="holocaust" count="6"/>
      <shelf name="fantasy" count="6"/>
      <shelf name="audio-book" count="6"/>
      <shelf name="adult" count="6"/>
      <shelf name="read-in-2015" count="5"/>
      <shelf name="read-in-2014" count="5"/>
      <shelf name="owned-books" count="5"/>
      <shelf name="stephen-king-read" count="5"/>
      <shelf name="wish-list" count="5"/>
      <shelf name="saw-the-movie" count="5"/>
      <shelf name="read-in-2011" count="5"/>
      <shelf name="horror-suspense" count="5"/>
      <shelf name="ebooks" count="5"/>
      <shelf name="contemporary-fiction" count="5"/>
      <shelf name="coming-of-age" count="5"/>
      <shelf name="adult-fiction" count="5"/>
      <shelf name="listened-to" count="4"/>
      <shelf name="kindle" count="4"/>
      <shelf name="classics" count="4"/>
      <shelf name="4-stars" count="4"/>
      <shelf name="novellas" count="4"/>
      <shelf name="ww2" count="4"/>
      <shelf name="disturbing" count="4"/>
      <shelf name="read-fiction" count="4"/>
      <shelf name="mine" count="4"/>
      <shelf name="drama" count="4"/>
      <shelf name="steven-king" count="4"/>
      <shelf name="short-story" count="4"/>
      <shelf name="need-to-buy" count="4"/>
      <shelf name="my-library" count="4"/>
      <shelf name="literature" count="4"/>
      <shelf name="historical-fiction" count="4"/>
      <shelf name="historical" count="4"/>
      <shelf name="fiction-horror" count="4"/>
      <shelf name="dark" count="4"/>
      <shelf name="creepy" count="4"/>
      <shelf name="books" count="4"/>
      <shelf name="20th-century" count="4"/>
      <shelf name="read-in-2017" count="3"/>
      <shelf name="read-2017" count="3"/>
      <shelf name="psychology" count="3"/>
      <shelf name="overdrive" count="3"/>
      <shelf name="buy" count="3"/>
      <shelf name="stephen-king-to-read" count="3"/>
      <shelf name="on-hold" count="3"/>
      <shelf name="read-next" count="3"/>
      <shelf name="wwii" count="3"/>
      <shelf name="to-read-fiction" count="3"/>
      <shelf name="gave-up-on" count="3"/>
      <shelf name="unread" count="3"/>
      <shelf name="listened" count="3"/>
      <shelf name="mystery-suspense" count="3"/>
      <shelf name="my-books" count="3"/>
      <shelf name="transgressive" count="3"/>
      <shelf name="suspense-horror" count="3"/>
      <shelf name="science-fiction" count="3"/>
      <shelf name="movies" count="3"/>
      <shelf name="movie" count="3"/>
      <shelf name="in-english" count="3"/>
      <shelf name="horror-fiction" count="3"/>
      <shelf name="horror-dark-fantasy" count="3"/>
  </popular_shelves>
  <book_links>
    <book_link>
  <id>8</id>
  <name>Libraries</name>
  <link>https://www.goodreads.com/book_link/follow/8</link>
</book_link>

  </book_links>
  <buy_links>
    <buy_link>
<id>1</id>
<name>Amazon</name>
<link>https://www.goodreads.com/book_link/follow/1</link>
</buy_link>
<buy_link>
<id>10</id>
<name>Audible</name>
<link>https://www.goodreads.com/book_link/follow/10</link>
</buy_link>
<buy_link>
<id>3</id>
<name>Barnes &amp; Noble</name>
<link>https://www.goodreads.com/book_link/follow/3</link>
</buy_link>
<buy_link>
<id>1027</id>
<name>Kobo</name>
<link>https://www.goodreads.com/book_link/follow/1027</link>
</buy_link>
<buy_link>
<id>2102</id>
<name>Apple iBooks</name>
<link>https://www.goodreads.com/book_link/follow/2102</link>
</buy_link>
<buy_link>
<id>8036</id>
<name>Google Play</name>
<link>https://www.goodreads.com/book_link/follow/8036</link>
</buy_link>
<buy_link>
<id>4</id>
<name>Abebooks</name>
<link>https://www.goodreads.com/book_link/follow/4</link>
</buy_link>
<buy_link>
<id>882</id>
<name>Book Depository</name>
<link>https://www.goodreads.com/book_link/follow/882</link>
</buy_link>
<buy_link>
<id>9</id>
<name>Indigo</name>
<link>https://www.goodreads.com/book_link/follow/9</link>
</buy_link>
<buy_link>
<id>2</id>
<name>Half.com</name>
<link>https://www.goodreads.com/book_link/follow/2</link>
</buy_link>
<buy_link>
<id>5</id>
<name>Alibris</name>
<link>https://www.goodreads.com/book_link/follow/5</link>
</buy_link>
<buy_link>
<id>107</id>
<name>Better World Books</name>
<link>https://www.goodreads.com/book_link/follow/107</link>
</buy_link>
<buy_link>
<id>7</id>
<name>IndieBound</name>
<link>https://www.goodreads.com/book_link/follow/7</link>
</buy_link>

  </buy_links>
  <series_works>
    
  </series_works>
  <similar_books>
          <book>
<id>66370</id>
<title>Rage</title>
<title_without_series>Rage</title_without_series>
<link><![CDATA[https://www.goodreads.com/book/show/66370.Rage]]></link>
<small_image_url><![CDATA[https://images.gr-assets.com/books/1299003176s/66370.jpg]]></small_image_url>
<image_url><![CDATA[https://images.gr-assets.com/books/1299003176m/66370.jpg]]></image_url>
<num_pages>131</num_pages>
<work>
<id>1657128</id>
</work>
<isbn>0451076451</isbn>
<isbn13>9780451076458</isbn13>
<average_rating>3.80</average_rating>
<ratings_count>23266</ratings_count>
<publication_year>1977</publication_year>
<publication_month>9</publication_month>
<publication_day>6</publication_day>
<authors>
<author>
<id>5858</id>
<name>Richard Bachman</name>
<link><![CDATA[https://www.goodreads.com/author/show/5858.Richard_Bachman]]></link>
</author>
</authors>
</book>

          <book>
<id>2048336</id>
<title>Will You Die for Me?</title>
<title_without_series>Will You Die for Me?</title_without_series>
<link><![CDATA[https://www.goodreads.com/book/show/2048336.Will_You_Die_for_Me_]]></link>
<small_image_url><![CDATA[https://images.gr-assets.com/books/1425550202s/2048336.jpg]]></small_image_url>
<image_url><![CDATA[https://images.gr-assets.com/books/1425550202m/2048336.jpg]]></image_url>
<num_pages>216</num_pages>
<work>
<id>2053272</id>
</work>
<isbn>0800783611</isbn>
<isbn13>9780800783617</isbn13>
<average_rating>3.49</average_rating>
<ratings_count>276</ratings_count>
<publication_year></publication_year>
<publication_month></publication_month>
<publication_day></publication_day>
<authors>
<author>
<id>950812</id>
<name>Charles &quot;Tex&quot; Watson</name>
<link><![CDATA[https://www.goodreads.com/author/show/950812.Charles_Tex_Watson]]></link>
</author>
</authors>
</book>

          <book>
<id>11532</id>
<title>Night Visions 5</title>
<title_without_series>Night Visions 5</title_without_series>
<link><![CDATA[https://www.goodreads.com/book/show/11532.Night_Visions_5]]></link>
<small_image_url><![CDATA[https://images.gr-assets.com/books/1289330105s/11532.jpg]]></small_image_url>
<image_url><![CDATA[https://images.gr-assets.com/books/1289330105m/11532.jpg]]></image_url>
<num_pages>274</num_pages>
<work>
<id>88730</id>
</work>
<isbn>0913165328</isbn>
<isbn13>9780913165324</isbn13>
<average_rating>3.90</average_rating>
<ratings_count>1362</ratings_count>
<publication_year>1988</publication_year>
<publication_month>5</publication_month>
<publication_day></publication_day>
<authors>
<author>
<id>18351</id>
<name>Douglas E. Winter</name>
<link><![CDATA[https://www.goodreads.com/author/show/18351.Douglas_E_Winter]]></link>
</author>
</authors>
</book>

          <book>
<id>15814399</id>
<title><![CDATA[Lina and Serge: The Love and Wars of Lina Prokofiev]]></title>
<title_without_series><![CDATA[Lina and Serge: The Love and Wars of Lina Prokofiev]]></title_without_series>
<link><![CDATA[https://www.goodreads.com/book/show/15814399-lina-and-serge]]></link>
<small_image_url><![CDATA[https://images.gr-assets.com/books/1348098545s/15814399.jpg]]></small_image_url>
<image_url><![CDATA[https://images.gr-assets.com/books/1348098545m/15814399.jpg]]></image_url>
<num_pages>336</num_pages>
<work>
<id>21540834</id>
</work>
<isbn>0547391315</isbn>
<isbn13>9780547391311</isbn13>
<average_rating>3.60</average_rating>
<ratings_count>84</ratings_count>
<publication_year>2013</publication_year>
<publication_month>3</publication_month>
<publication_day>19</publication_day>
<authors>
<author>
<id>1095609</id>
<name>Simon Morrison</name>
<link><![CDATA[https://www.goodreads.com/author/show/1095609.Simon_Morrison]]></link>
</author>
</authors>
</book>

          <book>
<id>12860638</id>
<title>Voices of the Dead</title>
<title_without_series>Voices of the Dead</title_without_series>
<link><![CDATA[https://www.goodreads.com/book/show/12860638-voices-of-the-dead]]></link>
<small_image_url><![CDATA[https://images.gr-assets.com/books/1328895153s/12860638.jpg]]></small_image_url>
<image_url><![CDATA[https://images.gr-assets.com/books/1328895153m/12860638.jpg]]></image_url>
<num_pages>324</num_pages>
<work>
<id>18012499</id>
</work>
<isbn>0571271499</isbn>
<isbn13>9780571271498</isbn13>
<average_rating>3.56</average_rating>
<ratings_count>356</ratings_count>
<publication_year>2012</publication_year>
<publication_month>1</publication_month>
<publication_day>1</publication_day>
<authors>
<author>
<id>220840</id>
<name>Peter Leonard</name>
<link><![CDATA[https://www.goodreads.com/author/show/220840.Peter_Leonard]]></link>
</author>
</authors>
</book>

          <book>
<id>13448010</id>
<title>An Unexpected Exile</title>
<title_without_series>An Unexpected Exile</title_without_series>
<link><![CDATA[https://www.goodreads.com/book/show/13448010-an-unexpected-exile]]></link>
<small_image_url><![CDATA[https://images.gr-assets.com/books/1387689921s/13448010.jpg]]></small_image_url>
<image_url><![CDATA[https://images.gr-assets.com/books/1387689921m/13448010.jpg]]></image_url>
<num_pages>320</num_pages>
<work>
<id>25201111</id>
</work>
<isbn>1467976792</isbn>
<isbn13>9781467976794</isbn13>
<average_rating>3.80</average_rating>
<ratings_count>20</ratings_count>
<publication_year>2011</publication_year>
<publication_month>12</publication_month>
<publication_day>26</publication_day>
<authors>
<author>
<id>5047869</id>
<name>Sheryl Sorrentino</name>
<link><![CDATA[https://www.goodreads.com/author/show/5047869.Sheryl_Sorrentino]]></link>
</author>
</authors>
</book>

          <book>
<id>25733995</id>
<title><![CDATA[What Happened, Miss Simone?: A Biography]]></title>
<title_without_series><![CDATA[What Happened, Miss Simone?: A Biography]]></title_without_series>
<link><![CDATA[https://www.goodreads.com/book/show/25733995-what-happened-miss-simone]]></link>
<small_image_url><![CDATA[https://images.gr-assets.com/books/1445791463s/25733995.jpg]]></small_image_url>
<image_url><![CDATA[https://images.gr-assets.com/books/1445791463m/25733995.jpg]]></image_url>
<num_pages>320</num_pages>
<work>
<id>45572117</id>
</work>
<isbn>1101904879</isbn>
<isbn13>9781101904879</isbn13>
<average_rating>3.81</average_rating>
<ratings_count>285</ratings_count>
<publication_year>2016</publication_year>
<publication_month>2</publication_month>
<publication_day>9</publication_day>
<authors>
<author>
<id>30902</id>
<name>Alan Light</name>
<link><![CDATA[https://www.goodreads.com/author/show/30902.Alan_Light]]></link>
</author>
</authors>
</book>

          <book>
<id>142473</id>
<title>The Art of Sin City</title>
<title_without_series>The Art of Sin City</title_without_series>
<link><![CDATA[https://www.goodreads.com/book/show/142473.The_Art_of_Sin_City]]></link>
<small_image_url><![CDATA[https://s.gr-assets.com/assets/nophoto/book/50x75-a91bf249278a81aabab721ef782c4a74.png]]></small_image_url>
<image_url><![CDATA[https://s.gr-assets.com/assets/nophoto/book/111x148-bcc042a9c91a29c1d680899eff700a03.png]]></image_url>
<num_pages>128</num_pages>
<work>
<id>137423</id>
</work>
<isbn>1569718180</isbn>
<isbn13>9781569718186</isbn13>
<average_rating>3.83</average_rating>
<ratings_count>134</ratings_count>
<publication_year>2002</publication_year>
<publication_month>10</publication_month>
<publication_day>25</publication_day>
<authors>
<author>
<id>15085</id>
<name>Frank Miller</name>
<link><![CDATA[https://www.goodreads.com/author/show/15085.Frank_Miller]]></link>
</author>
</authors>
</book>

          <book>
<id>13367550</id>
<title><![CDATA[Whore Stories: A Revealing History of the World's Oldest Profession]]></title>
<title_without_series><![CDATA[Whore Stories: A Revealing History of the World's Oldest Profession]]></title_without_series>
<link><![CDATA[https://www.goodreads.com/book/show/13367550-whore-stories]]></link>
<small_image_url><![CDATA[https://images.gr-assets.com/books/1355049031s/13367550.jpg]]></small_image_url>
<image_url><![CDATA[https://images.gr-assets.com/books/1355049031m/13367550.jpg]]></image_url>
<num_pages>256</num_pages>
<work>
<id>18596570</id>
</work>
<isbn>1440536058</isbn>
<isbn13>9781440536052</isbn13>
<average_rating>3.39</average_rating>
<ratings_count>158</ratings_count>
<publication_year>2012</publication_year>
<publication_month>7</publication_month>
<publication_day>18</publication_day>
<authors>
<author>
<id>5428228</id>
<name>Tyler Stoddard Smith</name>
<link><![CDATA[https://www.goodreads.com/author/show/5428228.Tyler_Stoddard_Smith]]></link>
</author>
</authors>
</book>

          <book>
<id>5099</id>
<title><![CDATA[Stephen King's The Dark Tower: A Concordance, #2]]></title>
<title_without_series><![CDATA[Stephen King's The Dark Tower: A Concordance, #2]]></title_without_series>
<link><![CDATA[https://www.goodreads.com/book/show/5099.Stephen_King_s_The_Dark_Tower]]></link>
<small_image_url><![CDATA[https://s.gr-assets.com/assets/nophoto/book/50x75-a91bf249278a81aabab721ef782c4a74.png]]></small_image_url>
<image_url><![CDATA[https://s.gr-assets.com/assets/nophoto/book/111x148-bcc042a9c91a29c1d680899eff700a03.png]]></image_url>
<num_pages>480</num_pages>
<work>
<id>6170221</id>
</work>
<isbn>074325208X</isbn>
<isbn13>9780743252089</isbn13>
<average_rating>4.19</average_rating>
<ratings_count>674</ratings_count>
<publication_year>2005</publication_year>
<publication_month>3</publication_month>
<publication_day>15</publication_day>
<authors>
<author>
<id>3470</id>
<name>Robin Furth</name>
<link><![CDATA[https://www.goodreads.com/author/show/3470.Robin_Furth]]></link>
</author>
</authors>
</book>

          <book>
<id>6913000</id>
<title><![CDATA[The Butcher: Anatomy of a Mafia Psychopath]]></title>
<title_without_series><![CDATA[The Butcher: Anatomy of a Mafia Psychopath]]></title_without_series>
<link><![CDATA[https://www.goodreads.com/book/show/6913000-the-butcher]]></link>
<small_image_url><![CDATA[https://s.gr-assets.com/assets/nophoto/book/50x75-a91bf249278a81aabab721ef782c4a74.png]]></small_image_url>
<image_url><![CDATA[https://s.gr-assets.com/assets/nophoto/book/111x148-bcc042a9c91a29c1d680899eff700a03.png]]></image_url>
<num_pages></num_pages>
<work>
<id>6739345</id>
</work>
<isbn>0061744654</isbn>
<isbn13>9780061744655</isbn13>
<average_rating>3.77</average_rating>
<ratings_count>1076</ratings_count>
<publication_year></publication_year>
<publication_month></publication_month>
<publication_day></publication_day>
<authors>
<author>
<id>45145</id>
<name>Philip Carlo</name>
<link><![CDATA[https://www.goodreads.com/author/show/45145.Philip_Carlo]]></link>
</author>
</authors>
</book>

          <book>
<id>299091</id>
<title><![CDATA[The A to Z Encyclopedia of Serial Killers]]></title>
<title_without_series><![CDATA[The A to Z Encyclopedia of Serial Killers]]></title_without_series>
<link><![CDATA[https://www.goodreads.com/book/show/299091.The_A_to_Z_Encyclopedia_of_Serial_Killers]]></link>
<small_image_url><![CDATA[https://s.gr-assets.com/assets/nophoto/book/50x75-a91bf249278a81aabab721ef782c4a74.png]]></small_image_url>
<image_url><![CDATA[https://s.gr-assets.com/assets/nophoto/book/111x148-bcc042a9c91a29c1d680899eff700a03.png]]></image_url>
<num_pages>368</num_pages>
<work>
<id>290182</id>
</work>
<isbn>0671020749</isbn>
<isbn13>9780671020743</isbn13>
<average_rating>4.01</average_rating>
<ratings_count>1824</ratings_count>
<publication_year>1997</publication_year>
<publication_month>11</publication_month>
<publication_day>1</publication_day>
<authors>
<author>
<id>51490</id>
<name>Harold Schechter</name>
<link><![CDATA[https://www.goodreads.com/author/show/51490.Harold_Schechter]]></link>
</author>
</authors>
</book>

          <book>
<id>6270580</id>
<title><![CDATA[The Accountant's Story: Inside the Violent World of the Medellín Cartel]]></title>
<title_without_series><![CDATA[The Accountant's Story: Inside the Violent World of the Medellín Cartel]]></title_without_series>
<link><![CDATA[https://www.goodreads.com/book/show/6270580-the-accountant-s-story]]></link>
<small_image_url><![CDATA[https://s.gr-assets.com/assets/nophoto/book/50x75-a91bf249278a81aabab721ef782c4a74.png]]></small_image_url>
<image_url><![CDATA[https://s.gr-assets.com/assets/nophoto/book/111x148-bcc042a9c91a29c1d680899eff700a03.png]]></image_url>
<num_pages></num_pages>
<work>
<id>6453899</id>
</work>
<isbn>0446178926</isbn>
<isbn13>9780446178921</isbn13>
<average_rating>3.62</average_rating>
<ratings_count>1429</ratings_count>
<publication_year></publication_year>
<publication_month></publication_month>
<publication_day></publication_day>
<authors>
<author>
<id>2715065</id>
<name>Roberto Escobar Gaviria</name>
<link><![CDATA[https://www.goodreads.com/author/show/2715065.Roberto_Escobar_Gaviria]]></link>
</author>
</authors>
</book>

          <book>
<id>568399</id>
<title>Call Me Crazy: A Memoir</title>
<title_without_series>Call Me Crazy: A Memoir</title_without_series>
<link><![CDATA[https://www.goodreads.com/book/show/568399.Call_Me_Crazy]]></link>
<small_image_url><![CDATA[https://s.gr-assets.com/assets/nophoto/book/50x75-a91bf249278a81aabab721ef782c4a74.png]]></small_image_url>
<image_url><![CDATA[https://s.gr-assets.com/assets/nophoto/book/111x148-bcc042a9c91a29c1d680899eff700a03.png]]></image_url>
<num_pages>256</num_pages>
<work>
<id>555461</id>
</work>
<isbn>0743424417</isbn>
<isbn13>9780743424417</isbn13>
<average_rating>3.43</average_rating>
<ratings_count>647</ratings_count>
<publication_year>2003</publication_year>
<publication_month>3</publication_month>
<publication_day>4</publication_day>
<authors>
<author>
<id>291757</id>
<name>Anne Heche</name>
<link><![CDATA[https://www.goodreads.com/author/show/291757.Anne_Heche]]></link>
</author>
</authors>
</book>

          <book>
<id>347901</id>
<title><![CDATA[The Best of Cemetery Dance, Volume 1]]></title>
<title_without_series><![CDATA[The Best of Cemetery Dance, Volume 1]]></title_without_series>
<link><![CDATA[https://www.goodreads.com/book/show/347901.The_Best_of_Cemetery_Dance_Volume_1]]></link>
<small_image_url><![CDATA[https://s.gr-assets.com/assets/nophoto/book/50x75-a91bf249278a81aabab721ef782c4a74.png]]></small_image_url>
<image_url><![CDATA[https://s.gr-assets.com/assets/nophoto/book/111x148-bcc042a9c91a29c1d680899eff700a03.png]]></image_url>
<num_pages>400</num_pages>
<work>
<id>338188</id>
</work>
<isbn>0451458044</isbn>
<isbn13>9780451458049</isbn13>
<average_rating>4.09</average_rating>
<ratings_count>190</ratings_count>
<publication_year>2000</publication_year>
<publication_month>11</publication_month>
<publication_day>1</publication_day>
<authors>
<author>
<id>14008944</id>
<name>Richard T. Chizmar</name>
<link><![CDATA[https://www.goodreads.com/author/show/14008944.Richard_T_Chizmar]]></link>
</author>
</authors>
</book>

          <book>
<id>414397</id>
<title><![CDATA[The Intimate Sex Lives of Famous People]]></title>
<title_without_series><![CDATA[The Intimate Sex Lives of Famous People]]></title_without_series>
<link><![CDATA[https://www.goodreads.com/book/show/414397.The_Intimate_Sex_Lives_of_Famous_People]]></link>
<small_image_url><![CDATA[https://s.gr-assets.com/assets/nophoto/book/50x75-a91bf249278a81aabab721ef782c4a74.png]]></small_image_url>
<image_url><![CDATA[https://s.gr-assets.com/assets/nophoto/book/111x148-bcc042a9c91a29c1d680899eff700a03.png]]></image_url>
<num_pages>618</num_pages>
<work>
<id>1093169</id>
</work>
<isbn>1851522387</isbn>
<isbn13>9781851522385</isbn13>
<average_rating>3.66</average_rating>
<ratings_count>250</ratings_count>
<publication_year></publication_year>
<publication_month></publication_month>
<publication_day></publication_day>
<authors>
<author>
<id>128499</id>
<name>Irving Wallace</name>
<link><![CDATA[https://www.goodreads.com/author/show/128499.Irving_Wallace]]></link>
</author>
</authors>
</book>

          <book>
<id>11580</id>
<title>Creepshow</title>
<title_without_series>Creepshow</title_without_series>
<link><![CDATA[https://www.goodreads.com/book/show/11580.Creepshow]]></link>
<small_image_url><![CDATA[https://images.gr-assets.com/books/1332002598s/11580.jpg]]></small_image_url>
<image_url><![CDATA[https://images.gr-assets.com/books/1332002598m/11580.jpg]]></image_url>
<num_pages>66</num_pages>
<work>
<id>14011</id>
</work>
<isbn>0452253802</isbn>
<isbn13>9780452253803</isbn13>
<average_rating>4.06</average_rating>
<ratings_count>28469</ratings_count>
<publication_year>1982</publication_year>
<publication_month>8</publication_month>
<publication_day>1</publication_day>
<authors>
<author>
<id>3389</id>
<name>Stephen King</name>
<link><![CDATA[https://www.goodreads.com/author/show/3389.Stephen_King]]></link>
</author>
</authors>
</book>

  </similar_books>
</book>

</GoodreadsResponse>