<?xml version="1.0" encoding="UTF-8"?>
<GoodreadsResponse>
  <Request>
    <authentication>true</authentication>
      <key><![CDATA[all_men_must_serve]]></key>
    <method><![CDATA[book_show]]></method>
  </Request>
  <book>
  <id>10614</id>
  <title>Misery</title>
  <isbn><![CDATA[0450417395]]></isbn>
  <isbn13><![CDATA[9780450417399]]></isbn13>
  <asin><![CDATA[]]></asin>
  <kindle_asin><![CDATA[B003BKZW7M]]></kindle_asin>
  <marketplace_id><![CDATA[A1F83G8C2ARO7P]]></marketplace_id>
  <country_code><![CDATA[GB]]></country_code>
  <image_url>https://images.gr-assets.com/books/1270545451m/10614.jpg</image_url>
  <small_image_url>https://images.gr-assets.com/books/1270545451s/10614.jpg</small_image_url>
  <publication_year>1988</publication_year>
  <publication_month>11</publication_month>
  <publication_day>1</publication_day>
  <publisher>New English Library</publisher>
  <language_code>en-GB</language_code>
  <is_ebook>false</is_ebook>
  <description><![CDATA[<i>Alternate cover edition <a href="https://www.goodreads.com/book/show/26870588-misery" rel="nofollow">here</a></i>.<br /><br />Paul Sheldon. He's a bestselling novelist who has finally met his biggest fan. Her name is Annie Wilkes and she is more than a rabid reader - she is Paul's nurse, tending his shattered body after an automobile accident. But she is also his captor, keeping him prisoner in her isolated house.]]></description>
  <work>
  <id type="integer">3230869</id>
  <books_count type="integer">13</books_count>
  <best_book_id type="integer">10614</best_book_id>
  <reviews_count type="integer">492221</reviews_count>
  <ratings_sum type="integer">1448450</ratings_sum>
  <ratings_count type="integer">352543</ratings_count>
  <text_reviews_count type="integer">6426</text_reviews_count>
  <original_publication_year type="integer">1987</original_publication_year>
  <original_publication_month type="integer" nil="true"/>
  <original_publication_day type="integer" nil="true"/>
  <original_title>Misery</original_title>
  <original_language_id type="integer" nil="true"/>
  <media_type>book</media_type>
  <rating_dist>5:141535|4:129099|3:64869|2:12732|1:4308|total:352543</rating_dist>
  <desc_user_id type="integer">52810454</desc_user_id>
  <default_chaptering_book_id type="integer" nil="true"/>
  <default_description_language_code nil="true"/>
</work>
  <average_rating>4.11</average_rating>
  <num_pages><![CDATA[370]]></num_pages>
  <format><![CDATA[Paperback]]></format>
  <edition_information><![CDATA[]]></edition_information>
  <ratings_count><![CDATA[334956]]></ratings_count>
  <text_reviews_count><![CDATA[4574]]></text_reviews_count>
  <url><![CDATA[https://www.goodreads.com/book/show/10614.Misery]]></url>
  <link><![CDATA[https://www.goodreads.com/book/show/10614.Misery]]></link>
  <authors>
<author>
<id>3389</id>
<name>Stephen King</name>
<role></role>
<image_url nophoto='false'>
<![CDATA[https://images.gr-assets.com/authors/1362814142p5/3389.jpg]]>
</image_url>
<small_image_url nophoto='false'>
<![CDATA[https://images.gr-assets.com/authors/1362814142p2/3389.jpg]]>
</small_image_url>
<link><![CDATA[https://www.goodreads.com/author/show/3389.Stephen_King]]></link>
<average_rating>4.01</average_rating>
<ratings_count>10357138</ratings_count>
<text_reviews_count>349174</text_reviews_count>
</author>
</authors>

    <reviews_widget>
      <![CDATA[
        <style>
  #goodreads-widget {
    font-family: georgia, serif;
    padding: 18px 0;
    width:565px;
  }
  #goodreads-widget h1 {
    font-weight:normal;
    font-size: 16px;
    border-bottom: 1px solid #BBB596;
    margin-bottom: 0;
  }
  #goodreads-widget a {
    text-decoration: none;
    color:#660;
  }
  iframe{
    background-color: #fff;
  }
  #goodreads-widget a:hover { text-decoration: underline; }
  #goodreads-widget a:active {
    color:#660;
  }
  #gr_footer {
    width: 100%;
    border-top: 1px solid #BBB596;
    text-align: right;
  }
  #goodreads-widget .gr_branding{
    color: #382110;
    font-size: 11px;
    text-decoration: none;
    font-family: "Helvetica Neue", Helvetica, Arial, sans-serif;
  }
</style>
<div id="goodreads-widget">
  <div id="gr_header"><h1><a rel="nofollow" href="https://www.goodreads.com/book/show/10614.Misery">Misery Reviews</a></h1></div>
  <iframe id="the_iframe" src="https://www.goodreads.com/api/reviews_widget_iframe?did=DEVELOPER_ID&amp;format=html&amp;isbn=0450417395&amp;links=660&amp;min_rating=&amp;review_back=fff&amp;stars=000&amp;text=000" width="565" height="400" frameborder="0"></iframe>
  <div id="gr_footer">
    <a class="gr_branding" target="_blank" rel="nofollow" href="https://www.goodreads.com/book/show/10614.Misery?utm_medium=api&amp;utm_source=reviews_widget">Reviews from Goodreads.com</a>
  </div>
</div>

      ]]>
    </reviews_widget>
  <popular_shelves>
      <shelf name="to-read" count="107904"/>
      <shelf name="horror" count="5668"/>
      <shelf name="stephen-king" count="2674"/>
      <shelf name="currently-reading" count="2536"/>
      <shelf name="fiction" count="2034"/>
      <shelf name="favorites" count="1907"/>
      <shelf name="thriller" count="910"/>
      <shelf name="owned" count="614"/>
      <shelf name="books-i-own" count="566"/>
      <shelf name="king" count="375"/>
      <shelf name="suspense" count="289"/>
      <shelf name="default" count="242"/>
      <shelf name="mystery" count="225"/>
      <shelf name="owned-books" count="218"/>
      <shelf name="favourites" count="190"/>
      <shelf name="adult" count="156"/>
      <shelf name="horror-thriller" count="141"/>
      <shelf name="to-buy" count="136"/>
      <shelf name="novels" count="123"/>
      <shelf name="my-books" count="113"/>
      <shelf name="library" count="113"/>
      <shelf name="mystery-thriller" count="104"/>
      <shelf name="terror" count="102"/>
      <shelf name="adult-fiction" count="102"/>
      <shelf name="american" count="97"/>
      <shelf name="thrillers" count="95"/>
      <shelf name="crime" count="92"/>
      <shelf name="my-library" count="87"/>
      <shelf name="kindle" count="86"/>
      <shelf name="books" count="81"/>
      <shelf name="scary" count="76"/>
      <shelf name="contemporary" count="73"/>
      <shelf name="king-stephen" count="71"/>
      <shelf name="thriller-horror" count="70"/>
      <shelf name="classics" count="69"/>
      <shelf name="i-own" count="69"/>
      <shelf name="horror-suspense" count="67"/>
      <shelf name="ebook" count="66"/>
      <shelf name="ebooks" count="65"/>
      <shelf name="20th-century" count="57"/>
      <shelf name="english" count="57"/>
      <shelf name="audiobooks" count="57"/>
      <shelf name="audiobook" count="57"/>
      <shelf name="favorite-books" count="57"/>
      <shelf name="movie" count="55"/>
      <shelf name="own-it" count="54"/>
      <shelf name="suspense-thriller" count="54"/>
      <shelf name="american-literature" count="53"/>
      <shelf name="novel" count="53"/>
      <shelf name="wish-list" count="52"/>
      <shelf name="fantasy" count="51"/>
      <shelf name="read-in-2015" count="50"/>
      <shelf name="the-king" count="50"/>
      <shelf name="general-fiction" count="47"/>
      <shelf name="drama" count="46"/>
      <shelf name="psychological-thriller" count="45"/>
      <shelf name="creepy" count="45"/>
      <shelf name="dark" count="42"/>
      <shelf name="movies" count="42"/>
      <shelf name="favorite" count="41"/>
      <shelf name="re-read" count="41"/>
      <shelf name="read-in-2016" count="39"/>
      <shelf name="stephenking" count="39"/>
      <shelf name="fiction-horror" count="39"/>
      <shelf name="4-stars" count="37"/>
      <shelf name="contemporary-fiction" count="37"/>
      <shelf name="read-in-2014" count="36"/>
      <shelf name="stephen-king-read" count="35"/>
      <shelf name="book-club" count="34"/>
      <shelf name="stand-alone" count="34"/>
      <shelf name="finished" count="34"/>
      <shelf name="read-in-2017" count="33"/>
      <shelf name="s-king" count="33"/>
      <shelf name="usa" count="33"/>
      <shelf name="spooky" count="33"/>
      <shelf name="have" count="33"/>
      <shelf name="mystery-suspense" count="33"/>
      <shelf name="borrowed" count="32"/>
      <shelf name="favorite-authors" count="32"/>
      <shelf name="home-library" count="32"/>
      <shelf name="tbr" count="31"/>
      <shelf name="5-stars" count="31"/>
      <shelf name="thriller-suspense" count="31"/>
      <shelf name="stories" count="31"/>
      <shelf name="stephen-king-books" count="31"/>
      <shelf name="saw-the-movie" count="31"/>
      <shelf name="psychological" count="30"/>
      <shelf name="stephen" count="30"/>
      <shelf name="bookshelf" count="29"/>
      <shelf name="paperback" count="29"/>
      <shelf name="book-to-movie" count="29"/>
      <shelf name="favoritos" count="28"/>
      <shelf name="steven-king" count="28"/>
      <shelf name="shelfari-favorites" count="27"/>
      <shelf name="disturbing" count="27"/>
      <shelf name="sk" count="27"/>
      <shelf name="1980s" count="27"/>
      <shelf name="all-time-favorites" count="26"/>
      <shelf name="e-books" count="25"/>
      <shelf name="ghost" count="25"/>
  </popular_shelves>
  <book_links>
    <book_link>
  <id>8</id>
  <name>Libraries</name>
  <link>https://www.goodreads.com/book_link/follow/8</link>
</book_link>

  </book_links>
  <buy_links>
    <buy_link>
<id>1</id>
<name>Amazon</name>
<link>https://www.goodreads.com/book_link/follow/1</link>
</buy_link>
<buy_link>
<id>10</id>
<name>Audible</name>
<link>https://www.goodreads.com/book_link/follow/10</link>
</buy_link>
<buy_link>
<id>3</id>
<name>Barnes &amp; Noble</name>
<link>https://www.goodreads.com/book_link/follow/3</link>
</buy_link>
<buy_link>
<id>1027</id>
<name>Kobo</name>
<link>https://www.goodreads.com/book_link/follow/1027</link>
</buy_link>
<buy_link>
<id>2102</id>
<name>Apple iBooks</name>
<link>https://www.goodreads.com/book_link/follow/2102</link>
</buy_link>
<buy_link>
<id>8036</id>
<name>Google Play</name>
<link>https://www.goodreads.com/book_link/follow/8036</link>
</buy_link>
<buy_link>
<id>4</id>
<name>Abebooks</name>
<link>https://www.goodreads.com/book_link/follow/4</link>
</buy_link>
<buy_link>
<id>882</id>
<name>Book Depository</name>
<link>https://www.goodreads.com/book_link/follow/882</link>
</buy_link>
<buy_link>
<id>9</id>
<name>Indigo</name>
<link>https://www.goodreads.com/book_link/follow/9</link>
</buy_link>
<buy_link>
<id>2</id>
<name>Half.com</name>
<link>https://www.goodreads.com/book_link/follow/2</link>
</buy_link>
<buy_link>
<id>5</id>
<name>Alibris</name>
<link>https://www.goodreads.com/book_link/follow/5</link>
</buy_link>
<buy_link>
<id>107</id>
<name>Better World Books</name>
<link>https://www.goodreads.com/book_link/follow/107</link>
</buy_link>
<buy_link>
<id>7</id>
<name>IndieBound</name>
<link>https://www.goodreads.com/book_link/follow/7</link>
</buy_link>

  </buy_links>
  <series_works>
    
  </series_works>
  <similar_books>
          <book>
<id>10605</id>
<title>Thinner</title>
<title_without_series>Thinner</title_without_series>
<link><![CDATA[https://www.goodreads.com/book/show/10605.Thinner]]></link>
<small_image_url><![CDATA[https://images.gr-assets.com/books/1346947063s/10605.jpg]]></small_image_url>
<image_url><![CDATA[https://images.gr-assets.com/books/1346947063m/10605.jpg]]></image_url>
<num_pages>320</num_pages>
<work>
<id>2791999</id>
</work>
<isbn>0451190750</isbn>
<isbn13>9780451190758</isbn13>
<average_rating>3.66</average_rating>
<ratings_count>136596</ratings_count>
<publication_year>1996</publication_year>
<publication_month>9</publication_month>
<publication_day>1</publication_day>
<authors>
<author>
<id>5858</id>
<name>Richard Bachman</name>
<link><![CDATA[https://www.goodreads.com/author/show/5858.Richard_Bachman]]></link>
</author>
</authors>
</book>

          <book>
<id>52643</id>
<title><![CDATA[In the Flesh (Books of Blood #5)]]></title>
<title_without_series>In the Flesh</title_without_series>
<link><![CDATA[https://www.goodreads.com/book/show/52643.In_the_Flesh]]></link>
<small_image_url><![CDATA[https://s.gr-assets.com/assets/nophoto/book/50x75-a91bf249278a81aabab721ef782c4a74.png]]></small_image_url>
<image_url><![CDATA[https://s.gr-assets.com/assets/nophoto/book/111x148-bcc042a9c91a29c1d680899eff700a03.png]]></image_url>
<num_pages>192</num_pages>
<work>
<id>1135706</id>
</work>
<isbn>074341733X</isbn>
<isbn13>9780743417334</isbn13>
<average_rating>4.00</average_rating>
<ratings_count>5706</ratings_count>
<publication_year>2001</publication_year>
<publication_month>2</publication_month>
<publication_day>1</publication_day>
<authors>
<author>
<id>10366</id>
<name>Clive Barker</name>
<link><![CDATA[https://www.goodreads.com/author/show/10366.Clive_Barker]]></link>
</author>
</authors>
</book>

          <book>
<id>11580</id>
<title>Creepshow</title>
<title_without_series>Creepshow</title_without_series>
<link><![CDATA[https://www.goodreads.com/book/show/11580.Creepshow]]></link>
<small_image_url><![CDATA[https://images.gr-assets.com/books/1332002598s/11580.jpg]]></small_image_url>
<image_url><![CDATA[https://images.gr-assets.com/books/1332002598m/11580.jpg]]></image_url>
<num_pages>66</num_pages>
<work>
<id>14011</id>
</work>
<isbn>0452253802</isbn>
<isbn13>9780452253803</isbn13>
<average_rating>4.06</average_rating>
<ratings_count>28469</ratings_count>
<publication_year>1982</publication_year>
<publication_month>8</publication_month>
<publication_day>1</publication_day>
<authors>
<author>
<id>3389</id>
<name>Stephen King</name>
<link><![CDATA[https://www.goodreads.com/author/show/3389.Stephen_King]]></link>
</author>
</authors>
</book>

          <book>
<id>6116753</id>
<title>Boom!</title>
<title_without_series>Boom!</title_without_series>
<link><![CDATA[https://www.goodreads.com/book/show/6116753-boom]]></link>
<small_image_url><![CDATA[https://images.gr-assets.com/books/1327910076s/6116753.jpg]]></small_image_url>
<image_url><![CDATA[https://images.gr-assets.com/books/1327910076m/6116753.jpg]]></image_url>
<num_pages>208</num_pages>
<work>
<id>6294853</id>
</work>
<isbn>0385616295</isbn>
<isbn13>9780385616294</isbn13>
<average_rating>3.37</average_rating>
<ratings_count>3984</ratings_count>
<publication_year>2009</publication_year>
<publication_month>9</publication_month>
<publication_day>3</publication_day>
<authors>
<author>
<id>1050</id>
<name>Mark Haddon</name>
<link><![CDATA[https://www.goodreads.com/author/show/1050.Mark_Haddon]]></link>
</author>
</authors>
</book>

          <book>
<id>211264</id>
<title>Fludd</title>
<title_without_series>Fludd</title_without_series>
<link><![CDATA[https://www.goodreads.com/book/show/211264.Fludd]]></link>
<small_image_url><![CDATA[https://s.gr-assets.com/assets/nophoto/book/50x75-a91bf249278a81aabab721ef782c4a74.png]]></small_image_url>
<image_url><![CDATA[https://s.gr-assets.com/assets/nophoto/book/111x148-bcc042a9c91a29c1d680899eff700a03.png]]></image_url>
<num_pages>186</num_pages>
<work>
<id>955904</id>
</work>
<isbn>0007172893</isbn>
<isbn13>9780007172894</isbn13>
<average_rating>3.47</average_rating>
<ratings_count>3169</ratings_count>
<publication_year>2010</publication_year>
<publication_month></publication_month>
<publication_day></publication_day>
<authors>
<author>
<id>58851</id>
<name>Hilary Mantel</name>
<link><![CDATA[https://www.goodreads.com/author/show/58851.Hilary_Mantel]]></link>
</author>
</authors>
</book>

          <book>
<id>609731</id>
<title>The Association</title>
<title_without_series>The Association</title_without_series>
<link><![CDATA[https://www.goodreads.com/book/show/609731.The_Association]]></link>
<small_image_url><![CDATA[https://images.gr-assets.com/books/1309285921s/609731.jpg]]></small_image_url>
<image_url><![CDATA[https://images.gr-assets.com/books/1309285921m/609731.jpg]]></image_url>
<num_pages>438</num_pages>
<work>
<id>596214</id>
</work>
<isbn>0451204123</isbn>
<isbn13>9780451204127</isbn13>
<average_rating>3.88</average_rating>
<ratings_count>3975</ratings_count>
<publication_year>2001</publication_year>
<publication_month>9</publication_month>
<publication_day>1</publication_day>
<authors>
<author>
<id>2998</id>
<name>Bentley Little</name>
<link><![CDATA[https://www.goodreads.com/author/show/2998.Bentley_Little]]></link>
</author>
</authors>
</book>

          <book>
<id>6554</id>
<title>Darkness</title>
<title_without_series>Darkness</title_without_series>
<link><![CDATA[https://www.goodreads.com/book/show/6554.Darkness]]></link>
<small_image_url><![CDATA[https://s.gr-assets.com/assets/nophoto/book/50x75-a91bf249278a81aabab721ef782c4a74.png]]></small_image_url>
<image_url><![CDATA[https://s.gr-assets.com/assets/nophoto/book/111x148-bcc042a9c91a29c1d680899eff700a03.png]]></image_url>
<num_pages>373</num_pages>
<work>
<id>2796366</id>
</work>
<isbn>0553297260</isbn>
<isbn13>9780553297263</isbn13>
<average_rating>3.92</average_rating>
<ratings_count>17472</ratings_count>
<publication_year>1992</publication_year>
<publication_month>11</publication_month>
<publication_day>10</publication_day>
<authors>
<author>
<id>4387</id>
<name>John Saul</name>
<link><![CDATA[https://www.goodreads.com/author/show/4387.John_Saul]]></link>
</author>
</authors>
</book>

          <book>
<id>397876</id>
<title>Domain (Rats, #3)</title>
<title_without_series>Domain</title_without_series>
<link><![CDATA[https://www.goodreads.com/book/show/397876.Domain]]></link>
<small_image_url><![CDATA[https://s.gr-assets.com/assets/nophoto/book/50x75-a91bf249278a81aabab721ef782c4a74.png]]></small_image_url>
<image_url><![CDATA[https://s.gr-assets.com/assets/nophoto/book/111x148-bcc042a9c91a29c1d680899eff700a03.png]]></image_url>
<num_pages>482</num_pages>
<work>
<id>1239067</id>
</work>
<isbn>0333761278</isbn>
<isbn13>9780333761274</isbn13>
<average_rating>3.98</average_rating>
<ratings_count>4242</ratings_count>
<publication_year>1983</publication_year>
<publication_month></publication_month>
<publication_day></publication_day>
<authors>
<author>
<id>80984</id>
<name>James Herbert</name>
<link><![CDATA[https://www.goodreads.com/author/show/80984.James_Herbert]]></link>
</author>
</authors>
</book>

          <book>
<id>175296</id>
<title>The Missing (Keeper, #2)</title>
<title_without_series>The Missing</title_without_series>
<link><![CDATA[https://www.goodreads.com/book/show/175296.The_Missing]]></link>
<small_image_url><![CDATA[https://s.gr-assets.com/assets/nophoto/book/50x75-a91bf249278a81aabab721ef782c4a74.png]]></small_image_url>
<image_url><![CDATA[https://s.gr-assets.com/assets/nophoto/book/111x148-bcc042a9c91a29c1d680899eff700a03.png]]></image_url>
<num_pages></num_pages>
<work>
<id>3002583</id>
</work>
<isbn>0060872918</isbn>
<isbn13>9780060872915</isbn13>
<average_rating>3.60</average_rating>
<ratings_count>1169</ratings_count>
<publication_year></publication_year>
<publication_month></publication_month>
<publication_day></publication_day>
<authors>
<author>
<id>37182</id>
<name>Sarah Langan</name>
<link><![CDATA[https://www.goodreads.com/author/show/37182.Sarah_Langan]]></link>
</author>
</authors>
</book>

          <book>
<id>153025</id>
<title>Heart-Shaped Box</title>
<title_without_series>Heart-Shaped Box</title_without_series>
<link><![CDATA[https://www.goodreads.com/book/show/153025.Heart_Shaped_Box]]></link>
<small_image_url><![CDATA[https://images.gr-assets.com/books/1328043955s/153025.jpg]]></small_image_url>
<image_url><![CDATA[https://images.gr-assets.com/books/1328043955m/153025.jpg]]></image_url>
<num_pages>376</num_pages>
<work>
<id>1412280</id>
</work>
<isbn>0061147931</isbn>
<isbn13>9780061147937</isbn13>
<average_rating>3.82</average_rating>
<ratings_count>74638</ratings_count>
<publication_year>2007</publication_year>
<publication_month>2</publication_month>
<publication_day>13</publication_day>
<authors>
<author>
<id>88506</id>
<name>Joe Hill</name>
<link><![CDATA[https://www.goodreads.com/author/show/88506.Joe_Hill]]></link>
</author>
</authors>
</book>

          <book>
<id>145158</id>
<title>Among the Missing</title>
<title_without_series>Among the Missing</title_without_series>
<link><![CDATA[https://www.goodreads.com/book/show/145158.Among_the_Missing]]></link>
<small_image_url><![CDATA[https://s.gr-assets.com/assets/nophoto/book/50x75-a91bf249278a81aabab721ef782c4a74.png]]></small_image_url>
<image_url><![CDATA[https://s.gr-assets.com/assets/nophoto/book/111x148-bcc042a9c91a29c1d680899eff700a03.png]]></image_url>
<num_pages>400</num_pages>
<work>
<id>140063</id>
</work>
<isbn>0843947888</isbn>
<isbn13>9780843947885</isbn13>
<average_rating>3.74</average_rating>
<ratings_count>1695</ratings_count>
<publication_year>2000</publication_year>
<publication_month>10</publication_month>
<publication_day>1</publication_day>
<authors>
<author>
<id>83937</id>
<name>Richard Laymon</name>
<link><![CDATA[https://www.goodreads.com/author/show/83937.Richard_Laymon]]></link>
</author>
</authors>
</book>

          <book>
<id>32445</id>
<title>Strange Highways</title>
<title_without_series>Strange Highways</title_without_series>
<link><![CDATA[https://www.goodreads.com/book/show/32445.Strange_Highways]]></link>
<small_image_url><![CDATA[https://s.gr-assets.com/assets/nophoto/book/50x75-a91bf249278a81aabab721ef782c4a74.png]]></small_image_url>
<image_url><![CDATA[https://s.gr-assets.com/assets/nophoto/book/111x148-bcc042a9c91a29c1d680899eff700a03.png]]></image_url>
<num_pages>576</num_pages>
<work>
<id>22522</id>
</work>
<isbn>0446531383</isbn>
<isbn13>9780446531382</isbn13>
<average_rating>3.83</average_rating>
<ratings_count>15887</ratings_count>
<publication_year>2002</publication_year>
<publication_month>9</publication_month>
<publication_day>29</publication_day>
<authors>
<author>
<id>9355</id>
<name>Dean Koontz</name>
<link><![CDATA[https://www.goodreads.com/author/show/9355.Dean_Koontz]]></link>
</author>
</authors>
</book>

  </similar_books>
</book>

</GoodreadsResponse>