<?xml version="1.0" encoding="UTF-8"?>
<GoodreadsResponse>
  <Request>
    <authentication>true</authentication>
      <key><![CDATA[all_men_must_serve]]></key>
    <method><![CDATA[book_show]]></method>
  </Request>
  <book>
  <id>106124</id>
  <title>The Dragonslayer (Bone, #4)</title>
  <isbn><![CDATA[0439706378]]></isbn>
  <isbn13><![CDATA[9780439706377]]></isbn13>
  <asin><![CDATA[]]></asin>
  <kindle_asin><![CDATA[B01KGXGYK0]]></kindle_asin>
  <marketplace_id><![CDATA[A1F83G8C2ARO7P]]></marketplace_id>
  <country_code><![CDATA[GB]]></country_code>
  <image_url>https://images.gr-assets.com/books/1497684403m/106124.jpg</image_url>
  <small_image_url>https://images.gr-assets.com/books/1497684403s/106124.jpg</small_image_url>
  <publication_year>2006</publication_year>
  <publication_month>8</publication_month>
  <publication_day>1</publication_day>
  <publisher>Graphix</publisher>
  <language_code>eng</language_code>
  <is_ebook>false</is_ebook>
  <description></description>
  <work>
  <id type="integer">1851224</id>
  <books_count type="integer">27</books_count>
  <best_book_id type="integer">106124</best_book_id>
  <reviews_count type="integer">15629</reviews_count>
  <ratings_sum type="integer">49219</ratings_sum>
  <ratings_count type="integer">11369</ratings_count>
  <text_reviews_count type="integer">418</text_reviews_count>
  <original_publication_year type="integer">1997</original_publication_year>
  <original_publication_month type="integer" nil="true"/>
  <original_publication_day type="integer" nil="true"/>
  <original_title>The Dragonslayer (Bone, #4)</original_title>
  <original_language_id type="integer" nil="true"/>
  <media_type>book</media_type>
  <rating_dist>5:6042|4:3456|3:1521|2:272|1:78|total:11369</rating_dist>
  <desc_user_id type="integer" nil="true"/>
  <default_chaptering_book_id type="integer" nil="true"/>
  <default_description_language_code nil="true"/>
</work>
  <average_rating>4.33</average_rating>
  <num_pages><![CDATA[168]]></num_pages>
  <format><![CDATA[Paperback]]></format>
  <edition_information><![CDATA[1st Scholastic Edition]]></edition_information>
  <ratings_count><![CDATA[11056]]></ratings_count>
  <text_reviews_count><![CDATA[381]]></text_reviews_count>
  <url><![CDATA[https://www.goodreads.com/book/show/106124.The_Dragonslayer]]></url>
  <link><![CDATA[https://www.goodreads.com/book/show/106124.The_Dragonslayer]]></link>
  <authors>
<author>
<id>5951</id>
<name>Jeff Smith</name>
<role></role>
<image_url nophoto='false'>
<![CDATA[https://images.gr-assets.com/authors/1239071106p5/5951.jpg]]>
</image_url>
<small_image_url nophoto='false'>
<![CDATA[https://images.gr-assets.com/authors/1239071106p2/5951.jpg]]>
</small_image_url>
<link><![CDATA[https://www.goodreads.com/author/show/5951.Jeff_Smith]]></link>
<average_rating>4.26</average_rating>
<ratings_count>202437</ratings_count>
<text_reviews_count>7696</text_reviews_count>
</author>
<author>
<id>166029</id>
<name>Steve Hamaker</name>
<role>Colorist  </role>
<image_url nophoto='true'>
<![CDATA[https://s.gr-assets.com/assets/nophoto/user/u_200x266-e183445fd1a1b5cc7075bb1cf7043306.png]]>
</image_url>
<small_image_url nophoto='true'>
<![CDATA[https://s.gr-assets.com/assets/nophoto/user/u_50x66-632230dc9882b4352d753eedf9396530.png]]>
</small_image_url>
<link><![CDATA[https://www.goodreads.com/author/show/166029.Steve_Hamaker]]></link>
<average_rating>4.23</average_rating>
<ratings_count>130937</ratings_count>
<text_reviews_count>4218</text_reviews_count>
</author>
</authors>

    <reviews_widget>
      <![CDATA[
        <style>
  #goodreads-widget {
    font-family: georgia, serif;
    padding: 18px 0;
    width:565px;
  }
  #goodreads-widget h1 {
    font-weight:normal;
    font-size: 16px;
    border-bottom: 1px solid #BBB596;
    margin-bottom: 0;
  }
  #goodreads-widget a {
    text-decoration: none;
    color:#660;
  }
  iframe{
    background-color: #fff;
  }
  #goodreads-widget a:hover { text-decoration: underline; }
  #goodreads-widget a:active {
    color:#660;
  }
  #gr_footer {
    width: 100%;
    border-top: 1px solid #BBB596;
    text-align: right;
  }
  #goodreads-widget .gr_branding{
    color: #382110;
    font-size: 11px;
    text-decoration: none;
    font-family: "Helvetica Neue", Helvetica, Arial, sans-serif;
  }
</style>
<div id="goodreads-widget">
  <div id="gr_header"><h1><a rel="nofollow" href="https://www.goodreads.com/book/show/106124.The_Dragonslayer">The Dragonslayer Reviews</a></h1></div>
  <iframe id="the_iframe" src="https://www.goodreads.com/api/reviews_widget_iframe?did=DEVELOPER_ID&amp;format=html&amp;isbn=0439706378&amp;links=660&amp;min_rating=&amp;review_back=fff&amp;stars=000&amp;text=000" width="565" height="400" frameborder="0"></iframe>
  <div id="gr_footer">
    <a class="gr_branding" target="_blank" rel="nofollow" href="https://www.goodreads.com/book/show/106124.The_Dragonslayer?utm_medium=api&amp;utm_source=reviews_widget">Reviews from Goodreads.com</a>
  </div>
</div>

      ]]>
    </reviews_widget>
  <popular_shelves>
      <shelf name="to-read" count="3105"/>
      <shelf name="graphic-novels" count="448"/>
      <shelf name="comics" count="293"/>
      <shelf name="graphic-novel" count="227"/>
      <shelf name="fantasy" count="215"/>
      <shelf name="bone" count="71"/>
      <shelf name="fiction" count="64"/>
      <shelf name="favorites" count="49"/>
      <shelf name="comic" count="45"/>
      <shelf name="young-adult" count="44"/>
      <shelf name="adventure" count="42"/>
      <shelf name="humor" count="34"/>
      <shelf name="series" count="32"/>
      <shelf name="owned" count="28"/>
      <shelf name="children" count="27"/>
      <shelf name="comics-graphic-novels" count="26"/>
      <shelf name="childrens" count="26"/>
      <shelf name="graphic" count="23"/>
      <shelf name="graphic-novels-comics" count="22"/>
      <shelf name="books-i-own" count="20"/>
      <shelf name="kids" count="18"/>
      <shelf name="currently-reading" count="17"/>
      <shelf name="dragons" count="17"/>
      <shelf name="ya" count="16"/>
      <shelf name="library" count="16"/>
      <shelf name="comic-books" count="16"/>
      <shelf name="middle-grade" count="14"/>
      <shelf name="funny" count="14"/>
      <shelf name="default" count="13"/>
      <shelf name="comics-and-graphic-novels" count="12"/>
      <shelf name="children-s" count="11"/>
      <shelf name="comic-graphic-novel" count="11"/>
      <shelf name="owned-books" count="10"/>
      <shelf name="graphic-novels-manga" count="9"/>
      <shelf name="action-adventure" count="9"/>
      <shelf name="comics-manga" count="8"/>
      <shelf name="juvenile" count="8"/>
      <shelf name="bone-series" count="8"/>
      <shelf name="graphic-novels-and-comics" count="8"/>
      <shelf name="sci-fi-fantasy" count="7"/>
      <shelf name="epic-fantasy" count="6"/>
      <shelf name="finished" count="6"/>
      <shelf name="comix" count="6"/>
      <shelf name="borrowed" count="6"/>
      <shelf name="my-library" count="6"/>
      <shelf name="graphicnovel" count="6"/>
      <shelf name="jeff-smith" count="6"/>
      <shelf name="read-in-2016" count="5"/>
      <shelf name="sarjakuvat" count="5"/>
      <shelf name="classroom-library" count="5"/>
      <shelf name="childhood-books" count="5"/>
      <shelf name="read-in-2012" count="5"/>
      <shelf name="favourites" count="5"/>
      <shelf name="novel" count="5"/>
      <shelf name="re-read" count="5"/>
      <shelf name="manga" count="5"/>
      <shelf name="children-s-books" count="5"/>
      <shelf name="teen" count="5"/>
      <shelf name="graphic_novel" count="5"/>
      <shelf name="graphic-novel-comic" count="5"/>
      <shelf name="read-in-2017" count="4"/>
      <shelf name="cizgi-roman" count="4"/>
      <shelf name="2015-books" count="4"/>
      <shelf name="comics-read" count="4"/>
      <shelf name="childhood" count="4"/>
      <shelf name="5-stars" count="4"/>
      <shelf name="my-books" count="4"/>
      <shelf name="elementary" count="4"/>
      <shelf name="graphic-novels-read" count="4"/>
      <shelf name="epic" count="4"/>
      <shelf name="childrens-lit" count="4"/>
      <shelf name="bone-books" count="4"/>
      <shelf name="high-fantasy" count="4"/>
      <shelf name="kids-books" count="4"/>
      <shelf name="read-in-2011" count="4"/>
      <shelf name="library-books" count="4"/>
      <shelf name="comics-graphic-novel" count="4"/>
      <shelf name="kid-lit" count="4"/>
      <shelf name="action" count="4"/>
      <shelf name="library-book" count="4"/>
      <shelf name="gn" count="4"/>
      <shelf name="graphicnovels" count="4"/>
      <shelf name="read-2016" count="3"/>
      <shelf name="graphic-fiction" count="3"/>
      <shelf name="read-in-2015" count="3"/>
      <shelf name="read-more-than-once" count="3"/>
      <shelf name="2014-2015-school-year" count="3"/>
      <shelf name="graphic-series" count="3"/>
      <shelf name="own-it" count="3"/>
      <shelf name="collection" count="3"/>
      <shelf name="read-comics" count="3"/>
      <shelf name="comic-book" count="3"/>
      <shelf name="non-superhero-comics" count="3"/>
      <shelf name="humour" count="3"/>
      <shelf name="manga-graphic-novels" count="3"/>
      <shelf name="multiple-reads" count="3"/>
      <shelf name="children-young-adult" count="3"/>
      <shelf name="favorite" count="3"/>
      <shelf name="tegneserier" count="3"/>
      <shelf name="scifi-fantasy" count="3"/>
  </popular_shelves>
  <book_links>
    <book_link>
  <id>8</id>
  <name>Libraries</name>
  <link>https://www.goodreads.com/book_link/follow/8</link>
</book_link>

  </book_links>
  <buy_links>
    <buy_link>
<id>1</id>
<name>Amazon</name>
<link>https://www.goodreads.com/book_link/follow/1</link>
</buy_link>
<buy_link>
<id>10</id>
<name>Audible</name>
<link>https://www.goodreads.com/book_link/follow/10</link>
</buy_link>
<buy_link>
<id>3</id>
<name>Barnes &amp; Noble</name>
<link>https://www.goodreads.com/book_link/follow/3</link>
</buy_link>
<buy_link>
<id>1027</id>
<name>Kobo</name>
<link>https://www.goodreads.com/book_link/follow/1027</link>
</buy_link>
<buy_link>
<id>2102</id>
<name>Apple iBooks</name>
<link>https://www.goodreads.com/book_link/follow/2102</link>
</buy_link>
<buy_link>
<id>8036</id>
<name>Google Play</name>
<link>https://www.goodreads.com/book_link/follow/8036</link>
</buy_link>
<buy_link>
<id>4</id>
<name>Abebooks</name>
<link>https://www.goodreads.com/book_link/follow/4</link>
</buy_link>
<buy_link>
<id>882</id>
<name>Book Depository</name>
<link>https://www.goodreads.com/book_link/follow/882</link>
</buy_link>
<buy_link>
<id>9</id>
<name>Indigo</name>
<link>https://www.goodreads.com/book_link/follow/9</link>
</buy_link>
<buy_link>
<id>2</id>
<name>Half.com</name>
<link>https://www.goodreads.com/book_link/follow/2</link>
</buy_link>
<buy_link>
<id>5</id>
<name>Alibris</name>
<link>https://www.goodreads.com/book_link/follow/5</link>
</buy_link>
<buy_link>
<id>107</id>
<name>Better World Books</name>
<link>https://www.goodreads.com/book_link/follow/107</link>
</buy_link>
<buy_link>
<id>7</id>
<name>IndieBound</name>
<link>https://www.goodreads.com/book_link/follow/7</link>
</buy_link>

  </buy_links>
  <series_works>
    <series_work>
<id>219753</id>
<user_position>4; issues 21-28</user_position>
<series>
<id>55051</id>
<title>
<![CDATA[
    Bone
]]>
</title>
<description>
<![CDATA[
    Bone is an independently published comic book series, originally serialized in 55 irregularly-released issues from 1991 to 2004. Bone was drawn and written by Jeff Smith.
    
    See also the spin-off <a href="http://www.goodreads.com/series/58582-bone-quest-for-the-spark">Bone: Quest for the Spark</a>.
    
    Most collections of these comics published them in 9 volumes. However, see also:
    * <a href="http://www.goodreads.com/series/66708-bone-carlsen">Bone (Carlsen 20 volume)</a>, 20 volumes
    * <a href="http://www.goodreads.com/series/66711-bone-via-lettera">Bone (Via Lettera)</a>, 17 volumes
    * <a href="http://www.goodreads.com/series/69844-bone-carlsen-12-volume">Bone (Carlsen 12 volume)</a>, 12 volumes
    * <a href="http://www.goodreads.com/series/66709-bone-delcourt-noir-et-blanc">Bone (Delcourt noir et blanc)</a>, 11 volumes (Delcourt has also published editions in 9 volumes, listed below)
    * <a href="http://www.goodreads.com/series/66707-bone-taschenbuch">Bone (Tokyopop Taschenbuch)</a>, 6 volumes (Tokyopop has also published editions in 9 volumes, listed below)
    * <A href="http://www.goodreads.com/series/98279-k-stek">Kůstek</a>, ongoing with fewer than 9 volumes total
]]>
</description>
<note>
<![CDATA[
    http://en.wikipedia.org/wiki/Bone_(comics)
]]>
</note>
<series_works_count>19</series_works_count>
<primary_work_count>10</primary_work_count>
<numbered>true</numbered>
</series>

</series_work>
<series_work>
<id>474696</id>
<user_position>3</user_position>
<series>
<id>98279</id>
<title>
<![CDATA[
    Kůstek
]]>
</title>
<description>
<![CDATA[
    This collection of <a href="http://www.goodreads.com/series/55051-bone">the Bone series</a> will be complete in fewer than 9 volumes. Some volumes match the usual 9-volume split and others are larger.
]]>
</description>
<note>
<![CDATA[
]]>
</note>
<series_works_count>4</series_works_count>
<primary_work_count>4</primary_work_count>
<numbered>true</numbered>
</series>

</series_work>

  </series_works>
  <similar_books>
          <book>
<id>291869</id>
<title><![CDATA[Usagi Yojimbo, Vol. 2: Samurai (Usagi Yojimbo, #2)]]></title>
<title_without_series><![CDATA[Usagi Yojimbo, Vol. 2: Samurai]]></title_without_series>
<link><![CDATA[https://www.goodreads.com/book/show/291869.Usagi_Yojimbo_Vol_2]]></link>
<small_image_url><![CDATA[https://s.gr-assets.com/assets/nophoto/book/50x75-a91bf249278a81aabab721ef782c4a74.png]]></small_image_url>
<image_url><![CDATA[https://s.gr-assets.com/assets/nophoto/book/111x148-bcc042a9c91a29c1d680899eff700a03.png]]></image_url>
<num_pages>152</num_pages>
<work>
<id>283185</id>
</work>
<isbn>156097074X</isbn>
<isbn13>9781560970743</isbn13>
<average_rating>4.31</average_rating>
<ratings_count>1216</ratings_count>
<publication_year></publication_year>
<publication_month></publication_month>
<publication_day></publication_day>
<authors>
<author>
<id>125282</id>
<name>Stan Sakai</name>
<link><![CDATA[https://www.goodreads.com/author/show/125282.Stan_Sakai]]></link>
</author>
</authors>
</book>

          <book>
<id>12387530</id>
<title><![CDATA[Bone: Quest for the Spark, Vol. 2]]></title>
<title_without_series><![CDATA[Bone: Quest for the Spark, Vol. 2]]></title_without_series>
<link><![CDATA[https://www.goodreads.com/book/show/12387530-bone]]></link>
<small_image_url><![CDATA[https://s.gr-assets.com/assets/nophoto/book/50x75-a91bf249278a81aabab721ef782c4a74.png]]></small_image_url>
<image_url><![CDATA[https://s.gr-assets.com/assets/nophoto/book/111x148-bcc042a9c91a29c1d680899eff700a03.png]]></image_url>
<num_pages>240</num_pages>
<work>
<id>17368474</id>
</work>
<isbn>0545141044</isbn>
<isbn13>9780545141048</isbn13>
<average_rating>4.34</average_rating>
<ratings_count>1222</ratings_count>
<publication_year>2012</publication_year>
<publication_month>2</publication_month>
<publication_day>1</publication_day>
<authors>
<author>
<id>7241543</id>
<name>Tom Sniegoski</name>
<link><![CDATA[https://www.goodreads.com/author/show/7241543.Tom_Sniegoski]]></link>
</author>
</authors>
</book>

          <book>
<id>10537195</id>
<title>The Last Council (Amulet, #4)</title>
<title_without_series>The Last Council</title_without_series>
<link><![CDATA[https://www.goodreads.com/book/show/10537195-the-last-council]]></link>
<small_image_url><![CDATA[https://images.gr-assets.com/books/1422047373s/10537195.jpg]]></small_image_url>
<image_url><![CDATA[https://images.gr-assets.com/books/1422047373m/10537195.jpg]]></image_url>
<num_pages>219</num_pages>
<work>
<id>15443551</id>
</work>
<isbn>0545208874</isbn>
<isbn13>9780545208871</isbn13>
<average_rating>4.39</average_rating>
<ratings_count>12254</ratings_count>
<publication_year>2011</publication_year>
<publication_month>9</publication_month>
<publication_day>1</publication_day>
<authors>
<author>
<id>27372</id>
<name>Kazu Kibuishi</name>
<link><![CDATA[https://www.goodreads.com/author/show/27372.Kazu_Kibuishi]]></link>
</author>
</authors>
</book>

          <book>
<id>8522794</id>
<title><![CDATA[Mouse Guard: Legends of the Guard, Vol. 1 (Mouse Guard)]]></title>
<title_without_series><![CDATA[Mouse Guard: Legends of the Guard, Vol. 1]]></title_without_series>
<link><![CDATA[https://www.goodreads.com/book/show/8522794-mouse-guard]]></link>
<small_image_url><![CDATA[https://images.gr-assets.com/books/1377011705s/8522794.jpg]]></small_image_url>
<image_url><![CDATA[https://images.gr-assets.com/books/1377011705m/8522794.jpg]]></image_url>
<num_pages>144</num_pages>
<work>
<id>13389686</id>
</work>
<isbn>1932386947</isbn>
<isbn13>9781932386943</isbn13>
<average_rating>3.97</average_rating>
<ratings_count>1923</ratings_count>
<publication_year>2010</publication_year>
<publication_month>11</publication_month>
<publication_day>23</publication_day>
<authors>
<author>
<id>36203</id>
<name>David Petersen</name>
<link><![CDATA[https://www.goodreads.com/author/show/36203.David_Petersen]]></link>
</author>
</authors>
</book>

          <book>
<id>196927</id>
<title><![CDATA[Owly, Vol. 4:  A Time to Be Brave (Owly, #4)]]></title>
<title_without_series><![CDATA[Owly, Vol. 4:  A Time to Be Brave]]></title_without_series>
<link><![CDATA[https://www.goodreads.com/book/show/196927.Owly_Vol_4]]></link>
<small_image_url><![CDATA[https://images.gr-assets.com/books/1344710777s/196927.jpg]]></small_image_url>
<image_url><![CDATA[https://images.gr-assets.com/books/1344710777m/196927.jpg]]></image_url>
<num_pages></num_pages>
<work>
<id>190473</id>
</work>
<isbn>1891830899</isbn>
<isbn13>0001891830899</isbn13>
<average_rating>4.19</average_rating>
<ratings_count>1414</ratings_count>
<publication_year>2007</publication_year>
<publication_month>12</publication_month>
<publication_day>18</publication_day>
<authors>
<author>
<id>114752</id>
<name>Andy Runton</name>
<link><![CDATA[https://www.goodreads.com/author/show/114752.Andy_Runton]]></link>
</author>
</authors>
</book>

          <book>
<id>8679773</id>
<title>The Ferret&apos;s a Foot</title>
<title_without_series>The Ferret&apos;s a Foot</title_without_series>
<link><![CDATA[https://www.goodreads.com/book/show/8679773-the-ferret-s-a-foot]]></link>
<small_image_url><![CDATA[https://images.gr-assets.com/books/1327940316s/8679773.jpg]]></small_image_url>
<image_url><![CDATA[https://images.gr-assets.com/books/1327940316m/8679773.jpg]]></image_url>
<num_pages>48</num_pages>
<work>
<id>13551797</id>
</work>
<isbn>0761356290</isbn>
<isbn13>9780761356295</isbn13>
<average_rating>4.08</average_rating>
<ratings_count>189</ratings_count>
<publication_year>2011</publication_year>
<publication_month>3</publication_month>
<publication_day>1</publication_day>
<authors>
<author>
<id>3160009</id>
<name>Colleen A.F. Venable</name>
<link><![CDATA[https://www.goodreads.com/author/show/3160009.Colleen_A_F_Venable]]></link>
</author>
</authors>
</book>

          <book>
<id>779370</id>
<title><![CDATA[Korgi, Book 1: Sprouting Wings]]></title>
<title_without_series><![CDATA[Korgi, Book 1: Sprouting Wings]]></title_without_series>
<link><![CDATA[https://www.goodreads.com/book/show/779370.Korgi_Book_1]]></link>
<small_image_url><![CDATA[https://s.gr-assets.com/assets/nophoto/book/50x75-a91bf249278a81aabab721ef782c4a74.png]]></small_image_url>
<image_url><![CDATA[https://s.gr-assets.com/assets/nophoto/book/111x148-bcc042a9c91a29c1d680899eff700a03.png]]></image_url>
<num_pages>88</num_pages>
<work>
<id>765397</id>
</work>
<isbn>1891830902</isbn>
<isbn13>9781891830907</isbn13>
<average_rating>3.85</average_rating>
<ratings_count>1034</ratings_count>
<publication_year>2007</publication_year>
<publication_month>5</publication_month>
<publication_day>15</publication_day>
<authors>
<author>
<id>409681</id>
<name>Christian Slade</name>
<link><![CDATA[https://www.goodreads.com/author/show/409681.Christian_Slade]]></link>
</author>
</authors>
</book>

  </similar_books>
</book>

</GoodreadsResponse>