<?xml version="1.0" encoding="UTF-8"?>
<GoodreadsResponse>
  <Request>
    <authentication>true</authentication>
      <key><![CDATA[all_men_must_serve]]></key>
    <method><![CDATA[book_show]]></method>
  </Request>
  <book>
  <id>10629</id>
  <title>Christine</title>
  <isbn><![CDATA[2253147699]]></isbn>
  <isbn13><![CDATA[9782253147695]]></isbn13>
  <asin><![CDATA[]]></asin>
  <kindle_asin><![CDATA[B005OQD1CO]]></kindle_asin>
  <marketplace_id><![CDATA[A1F83G8C2ARO7P]]></marketplace_id>
  <country_code><![CDATA[GB]]></country_code>
  <image_url>https://images.gr-assets.com/books/1327270815m/10629.jpg</image_url>
  <small_image_url>https://images.gr-assets.com/books/1327270815s/10629.jpg</small_image_url>
  <publication_year>2001</publication_year>
  <publication_month>6</publication_month>
  <publication_day>13</publication_day>
  <publisher>LGF</publisher>
  <language_code>fre</language_code>
  <is_ebook>false</is_ebook>
  <description><![CDATA[“This is the story of a lover’s triangle…It was bad from the start. And it got worse in a hurry.”<br /><br />It’s love at first sight for high school student Arnie Cunningham when he and his best friend Dennis Guilder spot the dilapidated 1958 red-and-white Plymouth Fury for sale—dubbed “Christine” by its original cantankerous owner—rusting away on a front lawn of their suburban Pennsylvania neighborhood. Dennis knows that Arnie’s never had much luck in the looks or popularity department, or really taken an interest in owning a car . . . but Christine quickly changes all that. Arnie suddenly has the newfound confidence to stick up for himself, going as far as dating the most beautiful girl at Libertyville High—transfer student Leigh Cabot—even as a mysteriously restored Christine systematically and terrifyingly consumes every aspect of Arnie’s life. Dennis and Leigh soon realize that they must uncover the awful truth behind a car with a horrifying and murderous history. Hell hath no fury like a woman scorned, and heaven help anyone who gets in Christine’s way…]]></description>
  <work>
  <id type="integer">1150571</id>
  <books_count type="integer">156</books_count>
  <best_book_id type="integer">10629</best_book_id>
  <reviews_count type="integer">216189</reviews_count>
  <ratings_sum type="integer">587428</ratings_sum>
  <ratings_count type="integer">157728</ratings_count>
  <text_reviews_count type="integer">2095</text_reviews_count>
  <original_publication_year type="integer">1983</original_publication_year>
  <original_publication_month type="integer">4</original_publication_month>
  <original_publication_day type="integer">29</original_publication_day>
  <original_title>Christine</original_title>
  <original_language_id type="integer" nil="true"/>
  <media_type>book</media_type>
  <rating_dist>5:42528|4:49524|3:48495|2:14026|1:3155|total:157728</rating_dist>
  <desc_user_id type="integer">4391094</desc_user_id>
  <default_chaptering_book_id type="integer" nil="true"/>
  <default_description_language_code nil="true"/>
</work>
  <average_rating>3.72</average_rating>
  <num_pages><![CDATA[411]]></num_pages>
  <format><![CDATA[Paperback]]></format>
  <edition_information><![CDATA[]]></edition_information>
  <ratings_count><![CDATA[151217]]></ratings_count>
  <text_reviews_count><![CDATA[1493]]></text_reviews_count>
  <url><![CDATA[https://www.goodreads.com/book/show/10629.Christine]]></url>
  <link><![CDATA[https://www.goodreads.com/book/show/10629.Christine]]></link>
  <authors>
<author>
<id>3389</id>
<name>Stephen King</name>
<role></role>
<image_url nophoto='false'>
<![CDATA[https://images.gr-assets.com/authors/1362814142p5/3389.jpg]]>
</image_url>
<small_image_url nophoto='false'>
<![CDATA[https://images.gr-assets.com/authors/1362814142p2/3389.jpg]]>
</small_image_url>
<link><![CDATA[https://www.goodreads.com/author/show/3389.Stephen_King]]></link>
<average_rating>4.01</average_rating>
<ratings_count>10357276</ratings_count>
<text_reviews_count>349176</text_reviews_count>
</author>
<author>
<id>5118071</id>
<name>Marie Milpois</name>
<role>Translator</role>
<image_url nophoto='true'>
<![CDATA[https://s.gr-assets.com/assets/nophoto/user/u_200x266-e183445fd1a1b5cc7075bb1cf7043306.png]]>
</image_url>
<small_image_url nophoto='true'>
<![CDATA[https://s.gr-assets.com/assets/nophoto/user/u_50x66-632230dc9882b4352d753eedf9396530.png]]>
</small_image_url>
<link><![CDATA[https://www.goodreads.com/author/show/5118071.Marie_Milpois]]></link>
<average_rating>3.72</average_rating>
<ratings_count>151362</ratings_count>
<text_reviews_count>1496</text_reviews_count>
</author>
</authors>

    <reviews_widget>
      <![CDATA[
        <style>
  #goodreads-widget {
    font-family: georgia, serif;
    padding: 18px 0;
    width:565px;
  }
  #goodreads-widget h1 {
    font-weight:normal;
    font-size: 16px;
    border-bottom: 1px solid #BBB596;
    margin-bottom: 0;
  }
  #goodreads-widget a {
    text-decoration: none;
    color:#660;
  }
  iframe{
    background-color: #fff;
  }
  #goodreads-widget a:hover { text-decoration: underline; }
  #goodreads-widget a:active {
    color:#660;
  }
  #gr_footer {
    width: 100%;
    border-top: 1px solid #BBB596;
    text-align: right;
  }
  #goodreads-widget .gr_branding{
    color: #382110;
    font-size: 11px;
    text-decoration: none;
    font-family: "Helvetica Neue", Helvetica, Arial, sans-serif;
  }
</style>
<div id="goodreads-widget">
  <div id="gr_header"><h1><a rel="nofollow" href="https://www.goodreads.com/book/show/10629.Christine">Christine Reviews</a></h1></div>
  <iframe id="the_iframe" src="https://www.goodreads.com/api/reviews_widget_iframe?did=DEVELOPER_ID&amp;format=html&amp;isbn=2253147699&amp;links=660&amp;min_rating=&amp;review_back=fff&amp;stars=000&amp;text=000" width="565" height="400" frameborder="0"></iframe>
  <div id="gr_footer">
    <a class="gr_branding" target="_blank" rel="nofollow" href="https://www.goodreads.com/book/show/10629.Christine?utm_medium=api&amp;utm_source=reviews_widget">Reviews from Goodreads.com</a>
  </div>
</div>

      ]]>
    </reviews_widget>
  <popular_shelves>
      <shelf name="to-read" count="2186"/>
      <shelf name="currently-reading" count="793"/>
      <shelf name="horror" count="405"/>
      <shelf name="thriller" count="295"/>
      <shelf name="king" count="289"/>
      <shelf name="stephen-king" count="261"/>
      <shelf name="books-i-own" count="241"/>
      <shelf name="default" count="186"/>
      <shelf name="rory-gilmore-reading-challenge" count="185"/>
      <shelf name="supernatural" count="134"/>
      <shelf name="paranormal" count="114"/>
      <shelf name="fiction" count="112"/>
      <shelf name="owned-books" count="110"/>
      <shelf name="rory-gilmore-challenge" count="94"/>
      <shelf name="mystery" count="84"/>
      <shelf name="suspense" count="82"/>
      <shelf name="owned" count="74"/>
      <shelf name="horror-thriller" count="68"/>
      <shelf name="rory-gilmore" count="67"/>
      <shelf name="library" count="64"/>
      <shelf name="novels" count="63"/>
      <shelf name="adult" count="61"/>
      <shelf name="my-books" count="55"/>
      <shelf name="rory-gilmore-reading-list" count="54"/>
      <shelf name="king-stephen" count="53"/>
      <shelf name="gilmore-girls" count="49"/>
      <shelf name="to-buy" count="49"/>
      <shelf name="favorites" count="48"/>
      <shelf name="my-library" count="47"/>
      <shelf name="science-fiction" count="46"/>
      <shelf name="ebook" count="44"/>
      <shelf name="audiobooks" count="41"/>
      <shelf name="thrillers" count="40"/>
      <shelf name="scary" count="39"/>
      <shelf name="ebooks" count="37"/>
      <shelf name="adult-fiction" count="37"/>
      <shelf name="audiobook" count="35"/>
      <shelf name="the-king" count="35"/>
      <shelf name="american" count="33"/>
      <shelf name="mystery-thriller" count="32"/>
      <shelf name="horror-suspense" count="32"/>
      <shelf name="kindle" count="31"/>
      <shelf name="terror" count="30"/>
      <shelf name="thriller-horror" count="30"/>
      <shelf name="wish-list" count="28"/>
      <shelf name="stories" count="28"/>
      <shelf name="general" count="28"/>
      <shelf name="ghost" count="27"/>
      <shelf name="books" count="27"/>
      <shelf name="have" count="26"/>
      <shelf name="favourites" count="26"/>
      <shelf name="fantasy" count="25"/>
      <shelf name="rory-gilmore-book-challenge" count="25"/>
      <shelf name="s-king" count="25"/>
      <shelf name="teenagers" count="25"/>
      <shelf name="tales" count="25"/>
      <shelf name="horror-supernatural" count="25"/>
      <shelf name="relations" count="24"/>
      <shelf name="interpersonal" count="24"/>
      <shelf name="triangles" count="24"/>
      <shelf name="novel" count="24"/>
      <shelf name="classics" count="24"/>
      <shelf name="sci-fi" count="24"/>
      <shelf name="gilmore-girls-reading-list" count="22"/>
      <shelf name="calibre" count="22"/>
      <shelf name="stephen" count="22"/>
      <shelf name="stephen-king-read" count="22"/>
      <shelf name="banned-books" count="22"/>
      <shelf name="cars" count="22"/>
      <shelf name="stephenking" count="22"/>
      <shelf name="gilmore" count="21"/>
      <shelf name="the-rory-gilmore-reading-challenge" count="21"/>
      <shelf name="fiction-horror" count="21"/>
      <shelf name="horror-fiction" count="21"/>
      <shelf name="gilmore-challenge" count="20"/>
      <shelf name="favorite-authors" count="20"/>
      <shelf name="general-fiction" count="20"/>
      <shelf name="sci-fi-fantasy" count="20"/>
      <shelf name="stephen-king-to-read" count="19"/>
      <shelf name="sk" count="19"/>
      <shelf name="borrowed" count="19"/>
      <shelf name="e-books" count="18"/>
      <shelf name="contemporary" count="18"/>
      <shelf name="movies" count="18"/>
      <shelf name="classic" count="18"/>
      <shelf name="home-library" count="17"/>
      <shelf name="steven-king" count="17"/>
      <shelf name="creepy" count="17"/>
      <shelf name="usa" count="17"/>
      <shelf name="horror-mystery" count="17"/>
      <shelf name="rory" count="16"/>
      <shelf name="stephen-king-books" count="16"/>
      <shelf name="read-in-2014" count="15"/>
      <shelf name="audio-books" count="15"/>
      <shelf name="hardcover" count="15"/>
      <shelf name="stepehn_king" count="15"/>
      <shelf name="20th-century" count="15"/>
      <shelf name="ghosts" count="15"/>
      <shelf name="movie" count="15"/>
      <shelf name="read-long-ago" count="15"/>
  </popular_shelves>
  <book_links>
    <book_link>
  <id>8</id>
  <name>Libraries</name>
  <link>https://www.goodreads.com/book_link/follow/8</link>
</book_link>

  </book_links>
  <buy_links>
    <buy_link>
<id>1</id>
<name>Amazon</name>
<link>https://www.goodreads.com/book_link/follow/1</link>
</buy_link>
<buy_link>
<id>10</id>
<name>Audible</name>
<link>https://www.goodreads.com/book_link/follow/10</link>
</buy_link>
<buy_link>
<id>3</id>
<name>Barnes &amp; Noble</name>
<link>https://www.goodreads.com/book_link/follow/3</link>
</buy_link>
<buy_link>
<id>1027</id>
<name>Kobo</name>
<link>https://www.goodreads.com/book_link/follow/1027</link>
</buy_link>
<buy_link>
<id>2102</id>
<name>Apple iBooks</name>
<link>https://www.goodreads.com/book_link/follow/2102</link>
</buy_link>
<buy_link>
<id>8036</id>
<name>Google Play</name>
<link>https://www.goodreads.com/book_link/follow/8036</link>
</buy_link>
<buy_link>
<id>4</id>
<name>Abebooks</name>
<link>https://www.goodreads.com/book_link/follow/4</link>
</buy_link>
<buy_link>
<id>882</id>
<name>Book Depository</name>
<link>https://www.goodreads.com/book_link/follow/882</link>
</buy_link>
<buy_link>
<id>9</id>
<name>Indigo</name>
<link>https://www.goodreads.com/book_link/follow/9</link>
</buy_link>
<buy_link>
<id>2</id>
<name>Half.com</name>
<link>https://www.goodreads.com/book_link/follow/2</link>
</buy_link>
<buy_link>
<id>5</id>
<name>Alibris</name>
<link>https://www.goodreads.com/book_link/follow/5</link>
</buy_link>
<buy_link>
<id>107</id>
<name>Better World Books</name>
<link>https://www.goodreads.com/book_link/follow/107</link>
</buy_link>
<buy_link>
<id>7</id>
<name>IndieBound</name>
<link>https://www.goodreads.com/book_link/follow/7</link>
</buy_link>

  </buy_links>
  <series_works>
    
  </series_works>
  <similar_books>
          <book>
<id>10596</id>
<title>The Regulators</title>
<title_without_series>The Regulators</title_without_series>
<link><![CDATA[https://www.goodreads.com/book/show/10596.The_Regulators]]></link>
<small_image_url><![CDATA[https://images.gr-assets.com/books/1364033309s/10596.jpg]]></small_image_url>
<image_url><![CDATA[https://images.gr-assets.com/books/1364033309m/10596.jpg]]></image_url>
<num_pages></num_pages>
<work>
<id>955346</id>
</work>
<isbn>0451191013</isbn>
<isbn13>9780451191014</isbn13>
<average_rating>3.63</average_rating>
<ratings_count>53340</ratings_count>
<publication_year></publication_year>
<publication_month></publication_month>
<publication_day></publication_day>
<authors>
<author>
<id>5858</id>
<name>Richard Bachman</name>
<link><![CDATA[https://www.goodreads.com/author/show/5858.Richard_Bachman]]></link>
</author>
</authors>
</book>

          <book>
<id>479740</id>
<title>The Archidamian War</title>
<title_without_series>The Archidamian War</title_without_series>
<link><![CDATA[https://www.goodreads.com/book/show/479740.The_Archidamian_War]]></link>
<small_image_url><![CDATA[https://s.gr-assets.com/assets/nophoto/book/50x75-a91bf249278a81aabab721ef782c4a74.png]]></small_image_url>
<image_url><![CDATA[https://s.gr-assets.com/assets/nophoto/book/111x148-bcc042a9c91a29c1d680899eff700a03.png]]></image_url>
<num_pages>400</num_pages>
<work>
<id>468146</id>
</work>
<isbn>0801497140</isbn>
<isbn13>9780801497148</isbn13>
<average_rating>3.62</average_rating>
<ratings_count>479</ratings_count>
<publication_year>1990</publication_year>
<publication_month>1</publication_month>
<publication_day>18</publication_day>
<authors>
<author>
<id>12805</id>
<name>Donald Kagan</name>
<link><![CDATA[https://www.goodreads.com/author/show/12805.Donald_Kagan]]></link>
</author>
</authors>
</book>

          <book>
<id>1153738</id>
<title>Lisa and David</title>
<title_without_series>Lisa and David</title_without_series>
<link><![CDATA[https://www.goodreads.com/book/show/1153738.Lisa_and_David]]></link>
<small_image_url><![CDATA[https://s.gr-assets.com/assets/nophoto/book/50x75-a91bf249278a81aabab721ef782c4a74.png]]></small_image_url>
<image_url><![CDATA[https://s.gr-assets.com/assets/nophoto/book/111x148-bcc042a9c91a29c1d680899eff700a03.png]]></image_url>
<num_pages>79</num_pages>
<work>
<id>48221289</id>
</work>
<isbn>0020535708</isbn>
<isbn13>9780020535706</isbn13>
<average_rating>3.69</average_rating>
<ratings_count>135</ratings_count>
<publication_year>1988</publication_year>
<publication_month>9</publication_month>
<publication_day>1</publication_day>
<authors>
<author>
<id>1407057</id>
<name>Theodore Isaac Rubin</name>
<link><![CDATA[https://www.goodreads.com/author/show/1407057.Theodore_Isaac_Rubin]]></link>
</author>
</authors>
</book>

          <book>
<id>125842</id>
<title><![CDATA[A Bolt from the Blue and Other Essays]]></title>
<title_without_series><![CDATA[A Bolt from the Blue and Other Essays]]></title_without_series>
<link><![CDATA[https://www.goodreads.com/book/show/125842.A_Bolt_from_the_Blue_and_Other_Essays]]></link>
<small_image_url><![CDATA[https://s.gr-assets.com/assets/nophoto/book/50x75-a91bf249278a81aabab721ef782c4a74.png]]></small_image_url>
<image_url><![CDATA[https://s.gr-assets.com/assets/nophoto/book/111x148-bcc042a9c91a29c1d680899eff700a03.png]]></image_url>
<num_pages>400</num_pages>
<work>
<id>121207</id>
</work>
<isbn>1590170105</isbn>
<isbn13>9781590170106</isbn13>
<average_rating>3.75</average_rating>
<ratings_count>362</ratings_count>
<publication_year>2002</publication_year>
<publication_month>6</publication_month>
<publication_day>30</publication_day>
<authors>
<author>
<id>7305</id>
<name>Mary McCarthy</name>
<link><![CDATA[https://www.goodreads.com/author/show/7305.Mary_McCarthy]]></link>
</author>
</authors>
</book>

          <book>
<id>10387214</id>
<title>The Art of Fiction</title>
<title_without_series>The Art of Fiction</title_without_series>
<link><![CDATA[https://www.goodreads.com/book/show/10387214-the-art-of-fiction]]></link>
<small_image_url><![CDATA[https://s.gr-assets.com/assets/nophoto/book/50x75-a91bf249278a81aabab721ef782c4a74.png]]></small_image_url>
<image_url><![CDATA[https://s.gr-assets.com/assets/nophoto/book/111x148-bcc042a9c91a29c1d680899eff700a03.png]]></image_url>
<num_pages></num_pages>
<work>
<id>15290891</id>
</work>
<isbn>1172438099</isbn>
<isbn13>9781172438099</isbn13>
<average_rating>3.74</average_rating>
<ratings_count>645</ratings_count>
<publication_year></publication_year>
<publication_month></publication_month>
<publication_day></publication_day>
<authors>
<author>
<id>159</id>
<name>Henry James</name>
<link><![CDATA[https://www.goodreads.com/author/show/159.Henry_James]]></link>
</author>
</authors>
</book>

          <book>
<id>11532</id>
<title>Night Visions 5</title>
<title_without_series>Night Visions 5</title_without_series>
<link><![CDATA[https://www.goodreads.com/book/show/11532.Night_Visions_5]]></link>
<small_image_url><![CDATA[https://images.gr-assets.com/books/1289330105s/11532.jpg]]></small_image_url>
<image_url><![CDATA[https://images.gr-assets.com/books/1289330105m/11532.jpg]]></image_url>
<num_pages>274</num_pages>
<work>
<id>88730</id>
</work>
<isbn>0913165328</isbn>
<isbn13>9780913165324</isbn13>
<average_rating>3.90</average_rating>
<ratings_count>1362</ratings_count>
<publication_year>1988</publication_year>
<publication_month>5</publication_month>
<publication_day></publication_day>
<authors>
<author>
<id>18351</id>
<name>Douglas E. Winter</name>
<link><![CDATA[https://www.goodreads.com/author/show/18351.Douglas_E_Winter]]></link>
</author>
</authors>
</book>

          <book>
<id>32640</id>
<title><![CDATA[The Inhuman Condition (Books of Blood, #4)]]></title>
<title_without_series>The Inhuman Condition</title_without_series>
<link><![CDATA[https://www.goodreads.com/book/show/32640.The_Inhuman_Condition]]></link>
<small_image_url><![CDATA[https://s.gr-assets.com/assets/nophoto/book/50x75-a91bf249278a81aabab721ef782c4a74.png]]></small_image_url>
<image_url><![CDATA[https://s.gr-assets.com/assets/nophoto/book/111x148-bcc042a9c91a29c1d680899eff700a03.png]]></image_url>
<num_pages>180</num_pages>
<work>
<id>32799</id>
</work>
<isbn>0743417348</isbn>
<isbn13>9780743417341</isbn13>
<average_rating>3.97</average_rating>
<ratings_count>6173</ratings_count>
<publication_year></publication_year>
<publication_month></publication_month>
<publication_day></publication_day>
<authors>
<author>
<id>10366</id>
<name>Clive Barker</name>
<link><![CDATA[https://www.goodreads.com/author/show/10366.Clive_Barker]]></link>
</author>
</authors>
</book>

          <book>
<id>1038223</id>
<title>Brigadoon (Vocal Score)</title>
<title_without_series>Brigadoon</title_without_series>
<link><![CDATA[https://www.goodreads.com/book/show/1038223.Brigadoon]]></link>
<small_image_url><![CDATA[https://s.gr-assets.com/assets/nophoto/book/50x75-a91bf249278a81aabab721ef782c4a74.png]]></small_image_url>
<image_url><![CDATA[https://s.gr-assets.com/assets/nophoto/book/111x148-bcc042a9c91a29c1d680899eff700a03.png]]></image_url>
<num_pages>196</num_pages>
<work>
<id>1024583</id>
</work>
<isbn>0769202225</isbn>
<isbn13>9780769202228</isbn13>
<average_rating>3.82</average_rating>
<ratings_count>1693</ratings_count>
<publication_year>1996</publication_year>
<publication_month>4</publication_month>
<publication_day>1</publication_day>
<authors>
<author>
<id>5221</id>
<name>Alan Jay Lerner</name>
<link><![CDATA[https://www.goodreads.com/author/show/5221.Alan_Jay_Lerner]]></link>
</author>
</authors>
</book>

          <book>
<id>92286</id>
<title><![CDATA[Novels, 1930-1942: Dance Night / Come Back to Sorrento / Turn, Magic Wheel / Angels on Toast / A Time to Be Born]]></title>
<title_without_series><![CDATA[Novels, 1930-1942: Dance Night / Come Back to Sorrento / Turn, Magic Wheel / Angels on Toast / A Time to Be Born]]></title_without_series>
<link><![CDATA[https://www.goodreads.com/book/show/92286.Novels_1930_1942]]></link>
<small_image_url><![CDATA[https://s.gr-assets.com/assets/nophoto/book/50x75-a91bf249278a81aabab721ef782c4a74.png]]></small_image_url>
<image_url><![CDATA[https://s.gr-assets.com/assets/nophoto/book/111x148-bcc042a9c91a29c1d680899eff700a03.png]]></image_url>
<num_pages>1068</num_pages>
<work>
<id>396603</id>
</work>
<isbn>1931082014</isbn>
<isbn13>9781931082013</isbn13>
<average_rating>3.66</average_rating>
<ratings_count>311</ratings_count>
<publication_year>2001</publication_year>
<publication_month>9</publication_month>
<publication_day>10</publication_day>
<authors>
<author>
<id>53013</id>
<name>Dawn Powell</name>
<link><![CDATA[https://www.goodreads.com/author/show/53013.Dawn_Powell]]></link>
</author>
</authors>
</book>

          <book>
<id>11580</id>
<title>Creepshow</title>
<title_without_series>Creepshow</title_without_series>
<link><![CDATA[https://www.goodreads.com/book/show/11580.Creepshow]]></link>
<small_image_url><![CDATA[https://images.gr-assets.com/books/1332002598s/11580.jpg]]></small_image_url>
<image_url><![CDATA[https://images.gr-assets.com/books/1332002598m/11580.jpg]]></image_url>
<num_pages>66</num_pages>
<work>
<id>14011</id>
</work>
<isbn>0452253802</isbn>
<isbn13>9780452253803</isbn13>
<average_rating>4.06</average_rating>
<ratings_count>28469</ratings_count>
<publication_year>1982</publication_year>
<publication_month>8</publication_month>
<publication_day>1</publication_day>
<authors>
<author>
<id>3389</id>
<name>Stephen King</name>
<link><![CDATA[https://www.goodreads.com/author/show/3389.Stephen_King]]></link>
</author>
</authors>
</book>

          <book>
<id>1109271</id>
<title>My Life As Author And Editor</title>
<title_without_series>My Life As Author And Editor</title_without_series>
<link><![CDATA[https://www.goodreads.com/book/show/1109271.My_Life_As_Author_And_Editor]]></link>
<small_image_url><![CDATA[https://s.gr-assets.com/assets/nophoto/book/50x75-a91bf249278a81aabab721ef782c4a74.png]]></small_image_url>
<image_url><![CDATA[https://s.gr-assets.com/assets/nophoto/book/111x148-bcc042a9c91a29c1d680899eff700a03.png]]></image_url>
<num_pages>449</num_pages>
<work>
<id>1096229</id>
</work>
<isbn>0679413154</isbn>
<isbn13>9780679413158</isbn13>
<average_rating>3.76</average_rating>
<ratings_count>137</ratings_count>
<publication_year>1993</publication_year>
<publication_month>1</publication_month>
<publication_day>11</publication_day>
<authors>
<author>
<id>7805</id>
<name>H.L. Mencken</name>
<link><![CDATA[https://www.goodreads.com/author/show/7805.H_L_Mencken]]></link>
</author>
</authors>
</book>

          <book>
<id>242514</id>
<title>Gidget (Gidget series, #1)</title>
<title_without_series>Gidget</title_without_series>
<link><![CDATA[https://www.goodreads.com/book/show/242514.Gidget]]></link>
<small_image_url><![CDATA[https://s.gr-assets.com/assets/nophoto/book/50x75-a91bf249278a81aabab721ef782c4a74.png]]></small_image_url>
<image_url><![CDATA[https://s.gr-assets.com/assets/nophoto/book/111x148-bcc042a9c91a29c1d680899eff700a03.png]]></image_url>
<num_pages>154</num_pages>
<work>
<id>234940</id>
</work>
<isbn>0425179621</isbn>
<isbn13>9780425179628</isbn13>
<average_rating>3.63</average_rating>
<ratings_count>1973</ratings_count>
<publication_year></publication_year>
<publication_month></publication_month>
<publication_day></publication_day>
<authors>
<author>
<id>141856</id>
<name>Frederick Kohner</name>
<link><![CDATA[https://www.goodreads.com/author/show/141856.Frederick_Kohner]]></link>
</author>
</authors>
</book>

          <book>
<id>8090909</id>
<title>Moliere: A Biography</title>
<title_without_series>Moliere: A Biography</title_without_series>
<link><![CDATA[https://www.goodreads.com/book/show/8090909-moliere]]></link>
<small_image_url><![CDATA[https://images.gr-assets.com/books/1393215911s/8090909.jpg]]></small_image_url>
<image_url><![CDATA[https://images.gr-assets.com/books/1393215911m/8090909.jpg]]></image_url>
<num_pages></num_pages>
<work>
<id>12836980</id>
</work>
<isbn>0548869707</isbn>
<isbn13>9780548869703</isbn13>
<average_rating>3.71</average_rating>
<ratings_count>133</ratings_count>
<publication_year></publication_year>
<publication_month></publication_month>
<publication_day></publication_day>
<authors>
<author>
<id>3226507</id>
<name><![CDATA[Hobart Chatfield Chatfield-Taylor]]></name>
<link><![CDATA[https://www.goodreads.com/author/show/3226507.Hobart_Chatfield_Chatfield_Taylor]]></link>
</author>
</authors>
</book>

          <book>
<id>43613</id>
<title><![CDATA[Stephen King's The Dark Tower: The Complete Concordance]]></title>
<title_without_series><![CDATA[Stephen King's The Dark Tower: The Complete Concordance]]></title_without_series>
<link><![CDATA[https://www.goodreads.com/book/show/43613.Stephen_King_s_The_Dark_Tower]]></link>
<small_image_url><![CDATA[https://s.gr-assets.com/assets/nophoto/book/50x75-a91bf249278a81aabab721ef782c4a74.png]]></small_image_url>
<image_url><![CDATA[https://s.gr-assets.com/assets/nophoto/book/111x148-bcc042a9c91a29c1d680899eff700a03.png]]></image_url>
<num_pages>609</num_pages>
<work>
<id>43037</id>
</work>
<isbn>0743297342</isbn>
<isbn13>9780743297349</isbn13>
<average_rating>4.32</average_rating>
<ratings_count>7686</ratings_count>
<publication_year>2006</publication_year>
<publication_month>12</publication_month>
<publication_day>5</publication_day>
<authors>
<author>
<id>3470</id>
<name>Robin Furth</name>
<link><![CDATA[https://www.goodreads.com/author/show/3470.Robin_Furth]]></link>
</author>
</authors>
</book>

          <book>
<id>19593</id>
<title>Floating Dragon</title>
<title_without_series>Floating Dragon</title_without_series>
<link><![CDATA[https://www.goodreads.com/book/show/19593.Floating_Dragon]]></link>
<small_image_url><![CDATA[https://images.gr-assets.com/books/1309202978s/19593.jpg]]></small_image_url>
<image_url><![CDATA[https://images.gr-assets.com/books/1309202978m/19593.jpg]]></image_url>
<num_pages>595</num_pages>
<work>
<id>256948</id>
</work>
<isbn>0425189643</isbn>
<isbn13>9780425189641</isbn13>
<average_rating>3.84</average_rating>
<ratings_count>9801</ratings_count>
<publication_year>2003</publication_year>
<publication_month>8</publication_month>
<publication_day>5</publication_day>
<authors>
<author>
<id>6941</id>
<name>Peter Straub</name>
<link><![CDATA[https://www.goodreads.com/author/show/6941.Peter_Straub]]></link>
</author>
</authors>
</book>

  </similar_books>
</book>

</GoodreadsResponse>