<?xml version="1.0" encoding="UTF-8"?>
<GoodreadsResponse>
  <Request>
    <authentication>true</authentication>
      <key><![CDATA[all_men_must_serve]]></key>
    <method><![CDATA[book_show]]></method>
  </Request>
  <book>
  <id>106264</id>
  <title><![CDATA[Sarah, Plain and Tall (Sarah, Plain and Tall, #1)]]></title>
  <isbn><![CDATA[0618062416]]></isbn>
  <isbn13><![CDATA[9780618062416]]></isbn13>
  <asin><![CDATA[]]></asin>
  <kindle_asin><![CDATA[]]></kindle_asin>
  <marketplace_id><![CDATA[]]></marketplace_id>
  <country_code><![CDATA[GB]]></country_code>
  <image_url>https://images.gr-assets.com/books/1327254558m/106264.jpg</image_url>
  <small_image_url>https://images.gr-assets.com/books/1327254558s/106264.jpg</small_image_url>
  <publication_year>2001</publication_year>
  <publication_month></publication_month>
  <publication_day></publication_day>
  <publisher>Houghton Mifflin</publisher>
  <language_code>eng</language_code>
  <is_ebook>false</is_ebook>
  <description><![CDATA["I will come by train. I will wear a yellow bonnet. I am plain and tall." A heartwarming story about two children, Anna and Caleb, whose lives are changed forever when their widowed papa advertises for a mail-order bride. Sarah Elisabeth Wheaton from Maine answers the ad and agrees to come for a month. Sarah brings gifts from the sea, a cat named Seal, and singing and laughter to the quiet house. But will she like it enough to stay? Anna and Caleb wait and wonder -- and hope. Performed by Glenn Close]]></description>
  <work>
  <id type="integer">2674739</id>
  <books_count type="integer">53</books_count>
  <best_book_id type="integer">106264</best_book_id>
  <reviews_count type="integer">78877</reviews_count>
  <ratings_sum type="integer">223752</ratings_sum>
  <ratings_count type="integer">60116</ratings_count>
  <text_reviews_count type="integer">2040</text_reviews_count>
  <original_publication_year type="integer">1985</original_publication_year>
  <original_publication_month type="integer" nil="true"/>
  <original_publication_day type="integer" nil="true"/>
  <original_title>Sarah, Plain and Tall</original_title>
  <original_language_id type="integer" nil="true"/>
  <media_type>book</media_type>
  <rating_dist>5:16020|4:19495|3:17963|2:5145|1:1493|total:60116</rating_dist>
  <desc_user_id type="integer">2039365</desc_user_id>
  <default_chaptering_book_id type="integer" nil="true"/>
  <default_description_language_code nil="true"/>
</work>
  <average_rating>3.72</average_rating>
  <num_pages><![CDATA[64]]></num_pages>
  <format><![CDATA[Paperback]]></format>
  <edition_information><![CDATA[]]></edition_information>
  <ratings_count><![CDATA[53333]]></ratings_count>
  <text_reviews_count><![CDATA[1664]]></text_reviews_count>
  <url><![CDATA[https://www.goodreads.com/book/show/106264.Sarah_Plain_and_Tall]]></url>
  <link><![CDATA[https://www.goodreads.com/book/show/106264.Sarah_Plain_and_Tall]]></link>
  <authors>
<author>
<id>29182</id>
<name>Patricia MacLachlan</name>
<role></role>
<image_url nophoto='false'>
<![CDATA[https://images.gr-assets.com/authors/1311807739p5/29182.jpg]]>
</image_url>
<small_image_url nophoto='false'>
<![CDATA[https://images.gr-assets.com/authors/1311807739p2/29182.jpg]]>
</small_image_url>
<link><![CDATA[https://www.goodreads.com/author/show/29182.Patricia_MacLachlan]]></link>
<average_rating>3.80</average_rating>
<ratings_count>90667</ratings_count>
<text_reviews_count>6839</text_reviews_count>
</author>
</authors>

    <reviews_widget>
      <![CDATA[
        <style>
  #goodreads-widget {
    font-family: georgia, serif;
    padding: 18px 0;
    width:565px;
  }
  #goodreads-widget h1 {
    font-weight:normal;
    font-size: 16px;
    border-bottom: 1px solid #BBB596;
    margin-bottom: 0;
  }
  #goodreads-widget a {
    text-decoration: none;
    color:#660;
  }
  iframe{
    background-color: #fff;
  }
  #goodreads-widget a:hover { text-decoration: underline; }
  #goodreads-widget a:active {
    color:#660;
  }
  #gr_footer {
    width: 100%;
    border-top: 1px solid #BBB596;
    text-align: right;
  }
  #goodreads-widget .gr_branding{
    color: #382110;
    font-size: 11px;
    text-decoration: none;
    font-family: "Helvetica Neue", Helvetica, Arial, sans-serif;
  }
</style>
<div id="goodreads-widget">
  <div id="gr_header"><h1><a rel="nofollow" href="https://www.goodreads.com/book/show/106264.Sarah_Plain_and_Tall">Sarah, Plain and Tall Reviews</a></h1></div>
  <iframe id="the_iframe" src="https://www.goodreads.com/api/reviews_widget_iframe?did=DEVELOPER_ID&amp;format=html&amp;isbn=0618062416&amp;links=660&amp;min_rating=&amp;review_back=fff&amp;stars=000&amp;text=000" width="565" height="400" frameborder="0"></iframe>
  <div id="gr_footer">
    <a class="gr_branding" target="_blank" rel="nofollow" href="https://www.goodreads.com/book/show/106264.Sarah_Plain_and_Tall?utm_medium=api&amp;utm_source=reviews_widget">Reviews from Goodreads.com</a>
  </div>
</div>

      ]]>
    </reviews_widget>
  <popular_shelves>
      <shelf name="to-read" count="1537"/>
      <shelf name="classics" count="441"/>
      <shelf name="children" count="407"/>
      <shelf name="children-s" count="363"/>
      <shelf name="children-s-books" count="362"/>
      <shelf name="newbery" count="333"/>
      <shelf name="young-adult" count="284"/>
      <shelf name="childhood" count="224"/>
      <shelf name="kids" count="188"/>
      <shelf name="favorites" count="186"/>
      <shelf name="currently-reading" count="168"/>
      <shelf name="middle-grade" count="139"/>
      <shelf name="historical-fiction" count="138"/>
      <shelf name="ya" count="134"/>
      <shelf name="childrens-books" count="133"/>
      <shelf name="childhood-favorites" count="127"/>
      <shelf name="newbery-medal" count="119"/>
      <shelf name="school" count="108"/>
      <shelf name="classic" count="107"/>
      <shelf name="kids-books" count="103"/>
      <shelf name="newberry" count="103"/>
      <shelf name="children-s-lit" count="100"/>
      <shelf name="juvenile-fiction" count="91"/>
      <shelf name="family" count="89"/>
      <shelf name="series" count="88"/>
      <shelf name="chapter-books" count="85"/>
      <shelf name="newbery-winners" count="82"/>
      <shelf name="books-i-own" count="77"/>
      <shelf name="childhood-books" count="61"/>
      <shelf name="newbery-award" count="61"/>
      <shelf name="childhood-reads" count="58"/>
      <shelf name="read-for-school" count="58"/>
      <shelf name="owned" count="57"/>
      <shelf name="childrens-lit" count="55"/>
      <shelf name="fiction" count="50"/>
      <shelf name="childrens" count="47"/>
      <shelf name="childrens-literature" count="47"/>
      <shelf name="history" count="45"/>
      <shelf name="children-s-fiction" count="43"/>
      <shelf name="youth" count="43"/>
      <shelf name="read-aloud" count="41"/>
      <shelf name="realistic-fiction" count="41"/>
      <shelf name="library" count="39"/>
      <shelf name="read-alouds" count="37"/>
      <shelf name="newbery-medal-winners" count="37"/>
      <shelf name="newbery-winner" count="36"/>
      <shelf name="elementary-school" count="34"/>
      <shelf name="default" count="33"/>
      <shelf name="newbery-books" count="33"/>
      <shelf name="newbery-award-winners" count="33"/>
      <shelf name="kid-books" count="32"/>
      <shelf name="for-school" count="32"/>
      <shelf name="elementary" count="32"/>
      <shelf name="middle-school" count="31"/>
      <shelf name="homeschool" count="31"/>
      <shelf name="award-winners" count="31"/>
      <shelf name="children-s-classics" count="31"/>
      <shelf name="3rd-grade" count="30"/>
      <shelf name="children-books" count="30"/>
      <shelf name="read-as-a-kid" count="29"/>
      <shelf name="audiobook" count="28"/>
      <shelf name="chapter-book" count="27"/>
      <shelf name="newberry-winners" count="27"/>
      <shelf name="newberry-award" count="27"/>
      <shelf name="school-books" count="26"/>
      <shelf name="kid-lit" count="26"/>
      <shelf name="00-in-class" count="25"/>
      <shelf name="classroom-library" count="25"/>
      <shelf name="children-ya" count="25"/>
      <shelf name="romance" count="25"/>
      <shelf name="historical" count="24"/>
      <shelf name="newbery-challenge" count="24"/>
      <shelf name="owned-books" count="24"/>
      <shelf name="audio" count="24"/>
      <shelf name="pioneers" count="23"/>
      <shelf name="audiobooks" count="23"/>
      <shelf name="my-childhood" count="22"/>
      <shelf name="american" count="22"/>
      <shelf name="home-library" count="21"/>
      <shelf name="books-from-my-childhood" count="21"/>
      <shelf name="children-s-chapter-books" count="21"/>
      <shelf name="junior-fiction" count="21"/>
      <shelf name="award-winner" count="20"/>
      <shelf name="read-in-school" count="20"/>
      <shelf name="4th-grade" count="20"/>
      <shelf name="own-it" count="20"/>
      <shelf name="newberry-award-winners" count="19"/>
      <shelf name="young-readers" count="19"/>
      <shelf name="childrens-fiction" count="19"/>
      <shelf name="children-young-adult" count="19"/>
      <shelf name="novels" count="19"/>
      <shelf name="books-from-childhood" count="18"/>
      <shelf name="kids-chapter-books" count="18"/>
      <shelf name="childrens-chapter-books" count="18"/>
      <shelf name="family-read-alouds" count="18"/>
      <shelf name="award-winning" count="18"/>
      <shelf name="children-s-book" count="18"/>
      <shelf name="read-as-a-child" count="17"/>
      <shelf name="i-own" count="17"/>
      <shelf name="ya-fiction" count="17"/>
  </popular_shelves>
  <book_links>
    <book_link>
  <id>8</id>
  <name>Libraries</name>
  <link>https://www.goodreads.com/book_link/follow/8</link>
</book_link>

  </book_links>
  <buy_links>
    <buy_link>
<id>1</id>
<name>Amazon</name>
<link>https://www.goodreads.com/book_link/follow/1</link>
</buy_link>
<buy_link>
<id>10</id>
<name>Audible</name>
<link>https://www.goodreads.com/book_link/follow/10</link>
</buy_link>
<buy_link>
<id>3</id>
<name>Barnes &amp; Noble</name>
<link>https://www.goodreads.com/book_link/follow/3</link>
</buy_link>
<buy_link>
<id>1027</id>
<name>Kobo</name>
<link>https://www.goodreads.com/book_link/follow/1027</link>
</buy_link>
<buy_link>
<id>2102</id>
<name>Apple iBooks</name>
<link>https://www.goodreads.com/book_link/follow/2102</link>
</buy_link>
<buy_link>
<id>8036</id>
<name>Google Play</name>
<link>https://www.goodreads.com/book_link/follow/8036</link>
</buy_link>
<buy_link>
<id>4</id>
<name>Abebooks</name>
<link>https://www.goodreads.com/book_link/follow/4</link>
</buy_link>
<buy_link>
<id>882</id>
<name>Book Depository</name>
<link>https://www.goodreads.com/book_link/follow/882</link>
</buy_link>
<buy_link>
<id>9</id>
<name>Indigo</name>
<link>https://www.goodreads.com/book_link/follow/9</link>
</buy_link>
<buy_link>
<id>2</id>
<name>Half.com</name>
<link>https://www.goodreads.com/book_link/follow/2</link>
</buy_link>
<buy_link>
<id>5</id>
<name>Alibris</name>
<link>https://www.goodreads.com/book_link/follow/5</link>
</buy_link>
<buy_link>
<id>107</id>
<name>Better World Books</name>
<link>https://www.goodreads.com/book_link/follow/107</link>
</buy_link>
<buy_link>
<id>7</id>
<name>IndieBound</name>
<link>https://www.goodreads.com/book_link/follow/7</link>
</buy_link>

  </buy_links>
  <series_works>
    <series_work>
<id>183860</id>
<user_position>1</user_position>
<series>
<id>49670</id>
<title>
<![CDATA[
    Sarah, Plain and Tall
]]>
</title>
<description>
<![CDATA[
]]>
</description>
<note>
<![CDATA[
]]>
</note>
<series_works_count>8</series_works_count>
<primary_work_count>5</primary_work_count>
<numbered>true</numbered>
</series>

</series_work>

  </series_works>
  <similar_books>
          <book>
<id>1116594</id>
<title>...And Now Miguel</title>
<title_without_series>...And Now Miguel</title_without_series>
<link><![CDATA[https://www.goodreads.com/book/show/1116594._And_Now_Miguel]]></link>
<small_image_url><![CDATA[https://s.gr-assets.com/assets/nophoto/book/50x75-a91bf249278a81aabab721ef782c4a74.png]]></small_image_url>
<image_url><![CDATA[https://s.gr-assets.com/assets/nophoto/book/111x148-bcc042a9c91a29c1d680899eff700a03.png]]></image_url>
<num_pages>256</num_pages>
<work>
<id>166140</id>
</work>
<isbn>006440143X</isbn>
<isbn13>9780064401432</isbn13>
<average_rating>3.45</average_rating>
<ratings_count>2695</ratings_count>
<publication_year>1984</publication_year>
<publication_month>4</publication_month>
<publication_day>4</publication_day>
<authors>
<author>
<id>65864</id>
<name>Joseph Krumgold</name>
<link><![CDATA[https://www.goodreads.com/author/show/65864.Joseph_Krumgold]]></link>
</author>
</authors>
</book>

          <book>
<id>79331</id>
<title>The Courage of Sarah Noble</title>
<title_without_series>The Courage of Sarah Noble</title_without_series>
<link><![CDATA[https://www.goodreads.com/book/show/79331.The_Courage_of_Sarah_Noble]]></link>
<small_image_url><![CDATA[https://s.gr-assets.com/assets/nophoto/book/50x75-a91bf249278a81aabab721ef782c4a74.png]]></small_image_url>
<image_url><![CDATA[https://s.gr-assets.com/assets/nophoto/book/111x148-bcc042a9c91a29c1d680899eff700a03.png]]></image_url>
<num_pages>64</num_pages>
<work>
<id>2937115</id>
</work>
<isbn>0689715404</isbn>
<isbn13>9780689715402</isbn13>
<average_rating>3.86</average_rating>
<ratings_count>4758</ratings_count>
<publication_year>1991</publication_year>
<publication_month>10</publication_month>
<publication_day>30</publication_day>
<authors>
<author>
<id>18935</id>
<name>Alice Dalgliesh</name>
<link><![CDATA[https://www.goodreads.com/author/show/18935.Alice_Dalgliesh]]></link>
</author>
</authors>
</book>

          <book>
<id>1351988</id>
<title>The Matchlock Gun</title>
<title_without_series>The Matchlock Gun</title_without_series>
<link><![CDATA[https://www.goodreads.com/book/show/1351988.The_Matchlock_Gun]]></link>
<small_image_url><![CDATA[https://s.gr-assets.com/assets/nophoto/book/50x75-a91bf249278a81aabab721ef782c4a74.png]]></small_image_url>
<image_url><![CDATA[https://s.gr-assets.com/assets/nophoto/book/111x148-bcc042a9c91a29c1d680899eff700a03.png]]></image_url>
<num_pages>80</num_pages>
<work>
<id>1341672</id>
</work>
<isbn>0698116801</isbn>
<isbn13>9780698116801</isbn13>
<average_rating>3.68</average_rating>
<ratings_count>5997</ratings_count>
<publication_year>1998</publication_year>
<publication_month>11</publication_month>
<publication_day>23</publication_day>
<authors>
<author>
<id>97200</id>
<name>Walter D. Edmonds</name>
<link><![CDATA[https://www.goodreads.com/author/show/97200.Walter_D_Edmonds]]></link>
</author>
</authors>
</book>

          <book>
<id>607931</id>
<title><![CDATA[Good Masters! Sweet Ladies!: Voices from a Medieval Village]]></title>
<title_without_series><![CDATA[Good Masters! Sweet Ladies!: Voices from a Medieval Village]]></title_without_series>
<link><![CDATA[https://www.goodreads.com/book/show/607931.Good_Masters_Sweet_Ladies_]]></link>
<small_image_url><![CDATA[https://images.gr-assets.com/books/1320407671s/607931.jpg]]></small_image_url>
<image_url><![CDATA[https://images.gr-assets.com/books/1320407671m/607931.jpg]]></image_url>
<num_pages>96</num_pages>
<work>
<id>594437</id>
</work>
<isbn>0763615781</isbn>
<isbn13>9780763615789</isbn13>
<average_rating>3.62</average_rating>
<ratings_count>6723</ratings_count>
<publication_year>2007</publication_year>
<publication_month>7</publication_month>
<publication_day>24</publication_day>
<authors>
<author>
<id>116504</id>
<name>Laura Amy Schlitz</name>
<link><![CDATA[https://www.goodreads.com/author/show/116504.Laura_Amy_Schlitz]]></link>
</author>
</authors>
</book>

          <book>
<id>41457</id>
<title><![CDATA[Hitty, Her First Hundred Years]]></title>
<title_without_series><![CDATA[Hitty, Her First Hundred Years]]></title_without_series>
<link><![CDATA[https://www.goodreads.com/book/show/41457.Hitty_Her_First_Hundred_Years]]></link>
<small_image_url><![CDATA[https://s.gr-assets.com/assets/nophoto/book/50x75-a91bf249278a81aabab721ef782c4a74.png]]></small_image_url>
<image_url><![CDATA[https://s.gr-assets.com/assets/nophoto/book/111x148-bcc042a9c91a29c1d680899eff700a03.png]]></image_url>
<num_pages>256</num_pages>
<work>
<id>2537463</id>
</work>
<isbn>0689822847</isbn>
<isbn13>9780689822841</isbn13>
<average_rating>3.84</average_rating>
<ratings_count>6369</ratings_count>
<publication_year>1998</publication_year>
<publication_month>9</publication_month>
<publication_day>1</publication_day>
<authors>
<author>
<id>23356</id>
<name>Rachel Field</name>
<link><![CDATA[https://www.goodreads.com/author/show/23356.Rachel_Field]]></link>
</author>
</authors>
</book>

          <book>
<id>984168</id>
<title>Roller Skates</title>
<title_without_series>Roller Skates</title_without_series>
<link><![CDATA[https://www.goodreads.com/book/show/984168.Roller_Skates]]></link>
<small_image_url><![CDATA[https://s.gr-assets.com/assets/nophoto/book/50x75-a91bf249278a81aabab721ef782c4a74.png]]></small_image_url>
<image_url><![CDATA[https://s.gr-assets.com/assets/nophoto/book/111x148-bcc042a9c91a29c1d680899eff700a03.png]]></image_url>
<num_pages>186</num_pages>
<work>
<id>1327018</id>
</work>
<isbn>0140303588</isbn>
<isbn13>9780140303582</isbn13>
<average_rating>3.61</average_rating>
<ratings_count>3236</ratings_count>
<publication_year>1986</publication_year>
<publication_month>5</publication_month>
<publication_day>6</publication_day>
<authors>
<author>
<id>61657</id>
<name>Ruth Sawyer</name>
<link><![CDATA[https://www.goodreads.com/author/show/61657.Ruth_Sawyer]]></link>
</author>
</authors>
</book>

          <book>
<id>1041101</id>
<title>Miss Hickory</title>
<title_without_series>Miss Hickory</title_without_series>
<link><![CDATA[https://www.goodreads.com/book/show/1041101.Miss_Hickory]]></link>
<small_image_url><![CDATA[https://s.gr-assets.com/assets/nophoto/book/50x75-a91bf249278a81aabab721ef782c4a74.png]]></small_image_url>
<image_url><![CDATA[https://s.gr-assets.com/assets/nophoto/book/111x148-bcc042a9c91a29c1d680899eff700a03.png]]></image_url>
<num_pages>128</num_pages>
<work>
<id>2363956</id>
</work>
<isbn>014030956X</isbn>
<isbn13>9780140309560</isbn13>
<average_rating>3.63</average_rating>
<ratings_count>2987</ratings_count>
<publication_year>1977</publication_year>
<publication_month>5</publication_month>
<publication_day>26</publication_day>
<authors>
<author>
<id>23357</id>
<name>Carolyn Sherwin Bailey</name>
<link><![CDATA[https://www.goodreads.com/author/show/23357.Carolyn_Sherwin_Bailey]]></link>
</author>
</authors>
</book>

          <book>
<id>1351679</id>
<title>Dobry</title>
<title_without_series>Dobry</title_without_series>
<link><![CDATA[https://www.goodreads.com/book/show/1351679.Dobry]]></link>
<small_image_url><![CDATA[https://images.gr-assets.com/books/1295974194s/1351679.jpg]]></small_image_url>
<image_url><![CDATA[https://images.gr-assets.com/books/1295974194m/1351679.jpg]]></image_url>
<num_pages>192</num_pages>
<work>
<id>1341363</id>
</work>
<isbn>0140363343</isbn>
<isbn13>9780140363340</isbn13>
<average_rating>3.20</average_rating>
<ratings_count>824</ratings_count>
<publication_year>1967</publication_year>
<publication_month>2</publication_month>
<publication_day>1</publication_day>
<authors>
<author>
<id>643245</id>
<name>Monica Shannon</name>
<link><![CDATA[https://www.goodreads.com/author/show/643245.Monica_Shannon]]></link>
</author>
</authors>
</book>

          <book>
<id>826095</id>
<title>Miracles on Maple Hill</title>
<title_without_series>Miracles on Maple Hill</title_without_series>
<link><![CDATA[https://www.goodreads.com/book/show/826095.Miracles_on_Maple_Hill]]></link>
<small_image_url><![CDATA[https://images.gr-assets.com/books/1328877054s/826095.jpg]]></small_image_url>
<image_url><![CDATA[https://images.gr-assets.com/books/1328877054m/826095.jpg]]></image_url>
<num_pages>256</num_pages>
<work>
<id>811840</id>
</work>
<isbn>0152047182</isbn>
<isbn13>9780152047184</isbn13>
<average_rating>3.80</average_rating>
<ratings_count>7596</ratings_count>
<publication_year>2003</publication_year>
<publication_month>8</publication_month>
<publication_day>1</publication_day>
<authors>
<author>
<id>505867</id>
<name>Virginia Sorensen</name>
<link><![CDATA[https://www.goodreads.com/author/show/505867.Virginia_Sorensen]]></link>
</author>
</authors>
</book>

          <book>
<id>306107</id>
<title><![CDATA[A Gathering of Days: A New England Girl's Journal, 1830-32]]></title>
<title_without_series><![CDATA[A Gathering of Days: A New England Girl's Journal, 1830-32]]></title_without_series>
<link><![CDATA[https://www.goodreads.com/book/show/306107.A_Gathering_of_Days]]></link>
<small_image_url><![CDATA[https://s.gr-assets.com/assets/nophoto/book/50x75-a91bf249278a81aabab721ef782c4a74.png]]></small_image_url>
<image_url><![CDATA[https://s.gr-assets.com/assets/nophoto/book/111x148-bcc042a9c91a29c1d680899eff700a03.png]]></image_url>
<num_pages>144</num_pages>
<work>
<id>377888</id>
</work>
<isbn>0689829914</isbn>
<isbn13>9780689829918</isbn13>
<average_rating>3.56</average_rating>
<ratings_count>6176</ratings_count>
<publication_year>1999</publication_year>
<publication_month>6</publication_month>
<publication_day>1</publication_day>
<authors>
<author>
<id>176326</id>
<name>Joan W. Blos</name>
<link><![CDATA[https://www.goodreads.com/author/show/176326.Joan_W_Blos]]></link>
</author>
</authors>
</book>

          <book>
<id>1195367</id>
<title>Young Fu of the Upper Yangtze</title>
<title_without_series>Young Fu of the Upper Yangtze</title_without_series>
<link><![CDATA[https://www.goodreads.com/book/show/1195367.Young_Fu_of_the_Upper_Yangtze]]></link>
<small_image_url><![CDATA[https://images.gr-assets.com/books/1316728379s/1195367.jpg]]></small_image_url>
<image_url><![CDATA[https://images.gr-assets.com/books/1316728379m/1195367.jpg]]></image_url>
<num_pages>302</num_pages>
<work>
<id>1299695</id>
</work>
<isbn>0805081135</isbn>
<isbn13>9780805081138</isbn13>
<average_rating>3.70</average_rating>
<ratings_count>3298</ratings_count>
<publication_year>2007</publication_year>
<publication_month>4</publication_month>
<publication_day>17</publication_day>
<authors>
<author>
<id>132332</id>
<name>Elizabeth Foreman Lewis</name>
<link><![CDATA[https://www.goodreads.com/author/show/132332.Elizabeth_Foreman_Lewis]]></link>
</author>
</authors>
</book>

          <book>
<id>72543</id>
<title>The Door in the Wall</title>
<title_without_series>The Door in the Wall</title_without_series>
<link><![CDATA[https://www.goodreads.com/book/show/72543.The_Door_in_the_Wall]]></link>
<small_image_url><![CDATA[https://images.gr-assets.com/books/1403190050s/72543.jpg]]></small_image_url>
<image_url><![CDATA[https://images.gr-assets.com/books/1403190050m/72543.jpg]]></image_url>
<num_pages></num_pages>
<work>
<id>1948940</id>
</work>
<isbn>0440227798</isbn>
<isbn13>9780440227793</isbn13>
<average_rating>3.73</average_rating>
<ratings_count>11807</ratings_count>
<publication_year></publication_year>
<publication_month></publication_month>
<publication_day></publication_day>
<authors>
<author>
<id>2003542</id>
<name>Marguerite de Angeli</name>
<link><![CDATA[https://www.goodreads.com/author/show/2003542.Marguerite_de_Angeli]]></link>
</author>
</authors>
</book>

          <book>
<id>11824</id>
<title>The Whipping Boy</title>
<title_without_series>The Whipping Boy</title_without_series>
<link><![CDATA[https://www.goodreads.com/book/show/11824.The_Whipping_Boy]]></link>
<small_image_url><![CDATA[https://s.gr-assets.com/assets/nophoto/book/50x75-a91bf249278a81aabab721ef782c4a74.png]]></small_image_url>
<image_url><![CDATA[https://s.gr-assets.com/assets/nophoto/book/111x148-bcc042a9c91a29c1d680899eff700a03.png]]></image_url>
<num_pages>96</num_pages>
<work>
<id>14213</id>
</work>
<isbn>0060521228</isbn>
<isbn13>9780060521226</isbn13>
<average_rating>3.54</average_rating>
<ratings_count>19394</ratings_count>
<publication_year>2003</publication_year>
<publication_month>4</publication_month>
<publication_day>15</publication_day>
<authors>
<author>
<id>7536</id>
<name>Sid Fleischman</name>
<link><![CDATA[https://www.goodreads.com/author/show/7536.Sid_Fleischman]]></link>
</author>
</authors>
</book>

          <book>
<id>200362</id>
<title>The Cat Who Went to Heaven</title>
<title_without_series>The Cat Who Went to Heaven</title_without_series>
<link><![CDATA[https://www.goodreads.com/book/show/200362.The_Cat_Who_Went_to_Heaven]]></link>
<small_image_url><![CDATA[https://s.gr-assets.com/assets/nophoto/book/50x75-a91bf249278a81aabab721ef782c4a74.png]]></small_image_url>
<image_url><![CDATA[https://s.gr-assets.com/assets/nophoto/book/111x148-bcc042a9c91a29c1d680899eff700a03.png]]></image_url>
<num_pages>72</num_pages>
<work>
<id>821853</id>
</work>
<isbn>0689714335</isbn>
<isbn13>9780689714337</isbn13>
<average_rating>3.71</average_rating>
<ratings_count>4197</ratings_count>
<publication_year>1990</publication_year>
<publication_month>11</publication_month>
<publication_day>30</publication_day>
<authors>
<author>
<id>116858</id>
<name>Elizabeth Coatsworth</name>
<link><![CDATA[https://www.goodreads.com/author/show/116858.Elizabeth_Coatsworth]]></link>
</author>
</authors>
</book>

          <book>
<id>680154</id>
<title><![CDATA[Invincible Louisa: The Story of the Author of Little Women]]></title>
<title_without_series><![CDATA[Invincible Louisa: The Story of the Author of Little Women]]></title_without_series>
<link><![CDATA[https://www.goodreads.com/book/show/680154.Invincible_Louisa]]></link>
<small_image_url><![CDATA[https://images.gr-assets.com/books/1294898442s/680154.jpg]]></small_image_url>
<image_url><![CDATA[https://images.gr-assets.com/books/1294898442m/680154.jpg]]></image_url>
<num_pages>256</num_pages>
<work>
<id>1319363</id>
</work>
<isbn>0316565946</isbn>
<isbn13>9780316565943</isbn13>
<average_rating>3.74</average_rating>
<ratings_count>4135</ratings_count>
<publication_year>1995</publication_year>
<publication_month>10</publication_month>
<publication_day>1</publication_day>
<authors>
<author>
<id>83099</id>
<name>Cornelia Meigs</name>
<link><![CDATA[https://www.goodreads.com/author/show/83099.Cornelia_Meigs]]></link>
</author>
</authors>
</book>

          <book>
<id>530582</id>
<title><![CDATA[A Visit to William Blake's Inn: Poems for Innocent and Experienced Travelers]]></title>
<title_without_series><![CDATA[A Visit to William Blake's Inn: Poems for Innocent and Experienced Travelers]]></title_without_series>
<link><![CDATA[https://www.goodreads.com/book/show/530582.A_Visit_to_William_Blake_s_Inn]]></link>
<small_image_url><![CDATA[https://s.gr-assets.com/assets/nophoto/book/50x75-a91bf249278a81aabab721ef782c4a74.png]]></small_image_url>
<image_url><![CDATA[https://s.gr-assets.com/assets/nophoto/book/111x148-bcc042a9c91a29c1d680899eff700a03.png]]></image_url>
<num_pages>48</num_pages>
<work>
<id>1799679</id>
</work>
<isbn>0152938222</isbn>
<isbn13>9780152938222</isbn13>
<average_rating>3.62</average_rating>
<ratings_count>2550</ratings_count>
<publication_year>1981</publication_year>
<publication_month>9</publication_month>
<publication_day>8</publication_day>
<authors>
<author>
<id>13454</id>
<name>Nancy Willard</name>
<link><![CDATA[https://www.goodreads.com/author/show/13454.Nancy_Willard]]></link>
</author>
</authors>
</book>

          <book>
<id>847581</id>
<title>I, Juan de Pareja</title>
<title_without_series>I, Juan de Pareja</title_without_series>
<link><![CDATA[https://www.goodreads.com/book/show/847581.I_Juan_de_Pareja]]></link>
<small_image_url><![CDATA[https://images.gr-assets.com/books/1311971236s/847581.jpg]]></small_image_url>
<image_url><![CDATA[https://images.gr-assets.com/books/1311971236m/847581.jpg]]></image_url>
<num_pages>192</num_pages>
<work>
<id>1135948</id>
</work>
<isbn>0374435251</isbn>
<isbn13>9780374435257</isbn13>
<average_rating>3.69</average_rating>
<ratings_count>6130</ratings_count>
<publication_year>1987</publication_year>
<publication_month>8</publication_month>
<publication_day>1</publication_day>
<authors>
<author>
<id>274222</id>
<name>Elizabeth Borton de Treviño</name>
<link><![CDATA[https://www.goodreads.com/author/show/274222.Elizabeth_Borton_de_Trevi_o]]></link>
</author>
</authors>
</book>

          <book>
<id>205821</id>
<title><![CDATA[Caddie Woodlawn  (Caddie Woodlawn #1)]]></title>
<title_without_series>Caddie Woodlawn</title_without_series>
<link><![CDATA[https://www.goodreads.com/book/show/205821.Caddie_Woodlawn]]></link>
<small_image_url><![CDATA[https://s.gr-assets.com/assets/nophoto/book/50x75-a91bf249278a81aabab721ef782c4a74.png]]></small_image_url>
<image_url><![CDATA[https://s.gr-assets.com/assets/nophoto/book/111x148-bcc042a9c91a29c1d680899eff700a03.png]]></image_url>
<num_pages>288</num_pages>
<work>
<id>1231594</id>
</work>
<isbn>1416940286</isbn>
<isbn13>9781416940289</isbn13>
<average_rating>3.99</average_rating>
<ratings_count>39191</ratings_count>
<publication_year>2006</publication_year>
<publication_month>12</publication_month>
<publication_day>26</publication_day>
<authors>
<author>
<id>5325</id>
<name>Carol Ryrie Brink</name>
<link><![CDATA[https://www.goodreads.com/author/show/5325.Carol_Ryrie_Brink]]></link>
</author>
</authors>
</book>

  </similar_books>
</book>

</GoodreadsResponse>