<?xml version="1.0" encoding="UTF-8"?>
<GoodreadsResponse>
  <Request>
    <authentication>true</authentication>
      <key><![CDATA[all_men_must_serve]]></key>
    <method><![CDATA[book_show]]></method>
  </Request>
  <book>
  <id>10639</id>
  <title><![CDATA[The Paradox of Choice: Why More Is Less]]></title>
  <isbn><![CDATA[0060005696]]></isbn>
  <isbn13><![CDATA[9780060005696]]></isbn13>
  <asin><![CDATA[]]></asin>
  <kindle_asin><![CDATA[B000TDGGVU]]></kindle_asin>
  <marketplace_id><![CDATA[A1F83G8C2ARO7P]]></marketplace_id>
  <country_code><![CDATA[GB]]></country_code>
  <image_url>https://images.gr-assets.com/books/1410138134m/10639.jpg</image_url>
  <small_image_url>https://images.gr-assets.com/books/1410138134s/10639.jpg</small_image_url>
  <publication_year>2005</publication_year>
  <publication_month>1</publication_month>
  <publication_day>18</publication_day>
  <publisher>Harper Perennial</publisher>
  <language_code>eng</language_code>
  <is_ebook>false</is_ebook>
  <description><![CDATA[About the Book: The Paradox of Choice In the spirit of Alvin Tofflers Future Shock, a social critique of our obsession with choice, and how it contributes to anxiety, dissatisfaction and regret. Whether were buying a pair of jeans, ordering a cup of coffee, selecting a long-distance carrier, applying to college, choosing a doctor, or setting up a 401K, everyday decisions have become increasingly complex due to the overwhelming abundance of choice with which we are presented. In The Paradox of Choice, Barry Schwartz explains why too much of a good thing has proven detrimental to our psychological and emotional well-being. In accessible, engaging, and anecdotal prose, Schwartz explains how a culture that thrives on the availability of constantly evolving options can also foster profound dissatisfaction and self-blame in individuals, which can lead to a paralysis in decision making and, in some cases, depression. With the latest studies on how we make choices in our personal and professional lives, Schwartz offers practical advice on how to focus on the right choices, and how to derive greater satisfaction from choices that we do make. About the Author: Barry Schwartz Barry Schwartz is the Dorwin Cartwright Professor of Social Theory and Social Action at Swarthmore College. He is the author of several books, including The Battle for Human Nature: Science, Morality and Modern Life and The Costs of Living: How Market Freedom Erodes the Best Things in Life. His articles have appeared in many of the leading journals in his field, including the American Psychologist. He lives in Philadelphia, PA.]]></description>
  <work>
  <id type="integer">1157840</id>
  <books_count type="integer">32</books_count>
  <best_book_id type="integer">10639</best_book_id>
  <reviews_count type="integer">66114</reviews_count>
  <ratings_sum type="integer">83940</ratings_sum>
  <ratings_count type="integer">21883</ratings_count>
  <text_reviews_count type="integer">1077</text_reviews_count>
  <original_publication_year type="integer">2004</original_publication_year>
  <original_publication_month type="integer" nil="true"/>
  <original_publication_day type="integer" nil="true"/>
  <original_title>The Paradox of Choice: Why More Is Less</original_title>
  <original_language_id type="integer" nil="true"/>
  <media_type>book</media_type>
  <rating_dist>5:6251|4:8121|3:5670|2:1350|1:491|total:21883</rating_dist>
  <desc_user_id type="integer">7492276</desc_user_id>
  <default_chaptering_book_id type="integer" nil="true"/>
  <default_description_language_code nil="true"/>
</work>
  <average_rating>3.84</average_rating>
  <num_pages><![CDATA[265]]></num_pages>
  <format><![CDATA[Paperback]]></format>
  <edition_information><![CDATA[]]></edition_information>
  <ratings_count><![CDATA[21011]]></ratings_count>
  <text_reviews_count><![CDATA[981]]></text_reviews_count>
  <url><![CDATA[https://www.goodreads.com/book/show/10639.The_Paradox_of_Choice]]></url>
  <link><![CDATA[https://www.goodreads.com/book/show/10639.The_Paradox_of_Choice]]></link>
  <authors>
<author>
<id>6957</id>
<name>Barry Schwartz</name>
<role></role>
<image_url nophoto='false'>
<![CDATA[https://images.gr-assets.com/authors/1250394365p5/6957.jpg]]>
</image_url>
<small_image_url nophoto='false'>
<![CDATA[https://images.gr-assets.com/authors/1250394365p2/6957.jpg]]>
</small_image_url>
<link><![CDATA[https://www.goodreads.com/author/show/6957.Barry_Schwartz]]></link>
<average_rating>3.83</average_rating>
<ratings_count>23136</ratings_count>
<text_reviews_count>1253</text_reviews_count>
</author>
</authors>

    <reviews_widget>
      <![CDATA[
        <style>
  #goodreads-widget {
    font-family: georgia, serif;
    padding: 18px 0;
    width:565px;
  }
  #goodreads-widget h1 {
    font-weight:normal;
    font-size: 16px;
    border-bottom: 1px solid #BBB596;
    margin-bottom: 0;
  }
  #goodreads-widget a {
    text-decoration: none;
    color:#660;
  }
  iframe{
    background-color: #fff;
  }
  #goodreads-widget a:hover { text-decoration: underline; }
  #goodreads-widget a:active {
    color:#660;
  }
  #gr_footer {
    width: 100%;
    border-top: 1px solid #BBB596;
    text-align: right;
  }
  #goodreads-widget .gr_branding{
    color: #382110;
    font-size: 11px;
    text-decoration: none;
    font-family: "Helvetica Neue", Helvetica, Arial, sans-serif;
  }
</style>
<div id="goodreads-widget">
  <div id="gr_header"><h1><a rel="nofollow" href="https://www.goodreads.com/book/show/10639.The_Paradox_of_Choice">The Paradox of Choice Reviews</a></h1></div>
  <iframe id="the_iframe" src="https://www.goodreads.com/api/reviews_widget_iframe?did=DEVELOPER_ID&amp;format=html&amp;isbn=0060005696&amp;links=660&amp;min_rating=&amp;review_back=fff&amp;stars=000&amp;text=000" width="565" height="400" frameborder="0"></iframe>
  <div id="gr_footer">
    <a class="gr_branding" target="_blank" rel="nofollow" href="https://www.goodreads.com/book/show/10639.The_Paradox_of_Choice?utm_medium=api&amp;utm_source=reviews_widget">Reviews from Goodreads.com</a>
  </div>
</div>

      ]]>
    </reviews_widget>
  <popular_shelves>
      <shelf name="to-read" count="42033"/>
      <shelf name="currently-reading" count="870"/>
      <shelf name="non-fiction" count="640"/>
      <shelf name="psychology" count="616"/>
      <shelf name="nonfiction" count="224"/>
      <shelf name="business" count="171"/>
      <shelf name="economics" count="114"/>
      <shelf name="science" count="90"/>
      <shelf name="sociology" count="87"/>
      <shelf name="self-help" count="76"/>
      <shelf name="favorites" count="52"/>
      <shelf name="kindle" count="46"/>
      <shelf name="philosophy" count="43"/>
      <shelf name="owned" count="39"/>
      <shelf name="to-buy" count="39"/>
      <shelf name="self-improvement" count="34"/>
      <shelf name="to-read-non-fiction" count="34"/>
      <shelf name="psych" count="34"/>
      <shelf name="social-science" count="31"/>
      <shelf name="book-club" count="24"/>
      <shelf name="to-read-nonfiction" count="23"/>
      <shelf name="decision-making" count="23"/>
      <shelf name="personal-development" count="21"/>
      <shelf name="library" count="21"/>
      <shelf name="behavioral-economics" count="20"/>
      <shelf name="books-i-own" count="20"/>
      <shelf name="audiobook" count="18"/>
      <shelf name="non-fiction-to-read" count="18"/>
      <shelf name="marketing" count="17"/>
      <shelf name="ebook" count="16"/>
      <shelf name="design" count="16"/>
      <shelf name="wish-list" count="15"/>
      <shelf name="culture" count="15"/>
      <shelf name="business-books" count="15"/>
      <shelf name="work" count="14"/>
      <shelf name="abandoned" count="14"/>
      <shelf name="social-sciences" count="13"/>
      <shelf name="thinking" count="13"/>
      <shelf name="self" count="12"/>
      <shelf name="productivity" count="12"/>
      <shelf name="happiness" count="12"/>
      <shelf name="psychology-sociology" count="12"/>
      <shelf name="audible" count="11"/>
      <shelf name="must-read" count="11"/>
      <shelf name="brain" count="11"/>
      <shelf name="neuroscience" count="11"/>
      <shelf name="ux" count="11"/>
      <shelf name="audio" count="11"/>
      <shelf name="society" count="11"/>
      <shelf name="audiobooks" count="10"/>
      <shelf name="minimalism" count="10"/>
      <shelf name="life" count="10"/>
      <shelf name="default" count="10"/>
      <shelf name="self-development" count="9"/>
      <shelf name="maybe" count="9"/>
      <shelf name="interesting" count="9"/>
      <shelf name="choice" count="9"/>
      <shelf name="social-psychology" count="9"/>
      <shelf name="consumerism" count="9"/>
      <shelf name="ebooks" count="8"/>
      <shelf name="unfinished" count="8"/>
      <shelf name="to-read-psychology" count="8"/>
      <shelf name="non-fic" count="8"/>
      <shelf name="positive-psychology" count="8"/>
      <shelf name="english" count="8"/>
      <shelf name="behavior" count="8"/>
      <shelf name="pop-psych" count="8"/>
      <shelf name="do-not-own" count="8"/>
      <shelf name="adult" count="8"/>
      <shelf name="shelfari-wishlist" count="7"/>
      <shelf name="to-read-business" count="7"/>
      <shelf name="my-library" count="7"/>
      <shelf name="leadership" count="7"/>
      <shelf name="pop-psychology" count="7"/>
      <shelf name="simplicity" count="7"/>
      <shelf name="ted" count="7"/>
      <shelf name="never-finished" count="7"/>
      <shelf name="education" count="7"/>
      <shelf name="reviewed" count="6"/>
      <shelf name="mind" count="6"/>
      <shelf name="misc" count="6"/>
      <shelf name="psychology-books" count="6"/>
      <shelf name="popular-science" count="6"/>
      <shelf name="to-get" count="6"/>
      <shelf name="nonfiction-to-read" count="6"/>
      <shelf name="behavioural-economics" count="6"/>
      <shelf name="general" count="6"/>
      <shelf name="advertising" count="6"/>
      <shelf name="cognition" count="6"/>
      <shelf name="social" count="6"/>
      <shelf name="human-behavior" count="6"/>
      <shelf name="library-books" count="6"/>
      <shelf name="next" count="5"/>
      <shelf name="economia" count="5"/>
      <shelf name="other" count="5"/>
      <shelf name="stopped-reading" count="5"/>
      <shelf name="science-psychology" count="5"/>
      <shelf name="reference" count="5"/>
      <shelf name="to-read-nf" count="5"/>
      <shelf name="decision" count="5"/>
  </popular_shelves>
  <book_links>
    <book_link>
  <id>8</id>
  <name>Libraries</name>
  <link>https://www.goodreads.com/book_link/follow/8</link>
</book_link>

  </book_links>
  <buy_links>
    <buy_link>
<id>1</id>
<name>Amazon</name>
<link>https://www.goodreads.com/book_link/follow/1</link>
</buy_link>
<buy_link>
<id>10</id>
<name>Audible</name>
<link>https://www.goodreads.com/book_link/follow/10</link>
</buy_link>
<buy_link>
<id>3</id>
<name>Barnes &amp; Noble</name>
<link>https://www.goodreads.com/book_link/follow/3</link>
</buy_link>
<buy_link>
<id>1027</id>
<name>Kobo</name>
<link>https://www.goodreads.com/book_link/follow/1027</link>
</buy_link>
<buy_link>
<id>2102</id>
<name>Apple iBooks</name>
<link>https://www.goodreads.com/book_link/follow/2102</link>
</buy_link>
<buy_link>
<id>8036</id>
<name>Google Play</name>
<link>https://www.goodreads.com/book_link/follow/8036</link>
</buy_link>
<buy_link>
<id>4</id>
<name>Abebooks</name>
<link>https://www.goodreads.com/book_link/follow/4</link>
</buy_link>
<buy_link>
<id>882</id>
<name>Book Depository</name>
<link>https://www.goodreads.com/book_link/follow/882</link>
</buy_link>
<buy_link>
<id>9</id>
<name>Indigo</name>
<link>https://www.goodreads.com/book_link/follow/9</link>
</buy_link>
<buy_link>
<id>2</id>
<name>Half.com</name>
<link>https://www.goodreads.com/book_link/follow/2</link>
</buy_link>
<buy_link>
<id>5</id>
<name>Alibris</name>
<link>https://www.goodreads.com/book_link/follow/5</link>
</buy_link>
<buy_link>
<id>107</id>
<name>Better World Books</name>
<link>https://www.goodreads.com/book_link/follow/107</link>
</buy_link>
<buy_link>
<id>7</id>
<name>IndieBound</name>
<link>https://www.goodreads.com/book_link/follow/7</link>
</buy_link>

  </buy_links>
  <series_works>
    
  </series_works>
  <similar_books>
          <book>
<id>2740964</id>
<title><![CDATA[On Being Certain: Believing You Are Right Even When You're Not]]></title>
<title_without_series><![CDATA[On Being Certain: Believing You Are Right Even When You're Not]]></title_without_series>
<link><![CDATA[https://www.goodreads.com/book/show/2740964-on-being-certain]]></link>
<small_image_url><![CDATA[https://s.gr-assets.com/assets/nophoto/book/50x75-a91bf249278a81aabab721ef782c4a74.png]]></small_image_url>
<image_url><![CDATA[https://s.gr-assets.com/assets/nophoto/book/111x148-bcc042a9c91a29c1d680899eff700a03.png]]></image_url>
<num_pages></num_pages>
<work>
<id>2766617</id>
</work>
<isbn>0312359209</isbn>
<isbn13>9780312359201</isbn13>
<average_rating>3.91</average_rating>
<ratings_count>1728</ratings_count>
<publication_year></publication_year>
<publication_month></publication_month>
<publication_day></publication_day>
<authors>
<author>
<id>1309940</id>
<name>Robert A. Burton</name>
<link><![CDATA[https://www.goodreads.com/author/show/1309940.Robert_A_Burton]]></link>
</author>
</authors>
</book>

          <book>
<id>2118114</id>
<title><![CDATA[Sway: The Irresistible Pull of Irrational Behavior]]></title>
<title_without_series><![CDATA[Sway: The Irresistible Pull of Irrational Behavior]]></title_without_series>
<link><![CDATA[https://www.goodreads.com/book/show/2118114.Sway]]></link>
<small_image_url><![CDATA[https://images.gr-assets.com/books/1320419177s/2118114.jpg]]></small_image_url>
<image_url><![CDATA[https://images.gr-assets.com/books/1320419177m/2118114.jpg]]></image_url>
<num_pages>206</num_pages>
<work>
<id>2123548</id>
</work>
<isbn>0385524382</isbn>
<isbn13>9780385524384</isbn13>
<average_rating>3.75</average_rating>
<ratings_count>15215</ratings_count>
<publication_year>2008</publication_year>
<publication_month>6</publication_month>
<publication_day>3</publication_day>
<authors>
<author>
<id>12441</id>
<name>Ori Brafman</name>
<link><![CDATA[https://www.goodreads.com/author/show/12441.Ori_Brafman]]></link>
</author>
</authors>
</book>

          <book>
<id>357666</id>
<title><![CDATA[A Mind of Its Own: How Your Brain Distorts and Deceives]]></title>
<title_without_series><![CDATA[A Mind of Its Own: How Your Brain Distorts and Deceives]]></title_without_series>
<link><![CDATA[https://www.goodreads.com/book/show/357666.A_Mind_of_Its_Own]]></link>
<small_image_url><![CDATA[https://s.gr-assets.com/assets/nophoto/book/50x75-a91bf249278a81aabab721ef782c4a74.png]]></small_image_url>
<image_url><![CDATA[https://s.gr-assets.com/assets/nophoto/book/111x148-bcc042a9c91a29c1d680899eff700a03.png]]></image_url>
<num_pages>243</num_pages>
<work>
<id>347815</id>
</work>
<isbn>0393062139</isbn>
<isbn13>9780393062137</isbn13>
<average_rating>3.85</average_rating>
<ratings_count>2040</ratings_count>
<publication_year>2006</publication_year>
<publication_month>7</publication_month>
<publication_day>17</publication_day>
<authors>
<author>
<id>204893</id>
<name>Cordelia Fine</name>
<link><![CDATA[https://www.goodreads.com/author/show/204893.Cordelia_Fine]]></link>
</author>
</authors>
</book>

          <book>
<id>2527900</id>
<title><![CDATA[Nudge: Improving Decisions About Health, Wealth, and Happiness]]></title>
<title_without_series><![CDATA[Nudge: Improving Decisions About Health, Wealth, and Happiness]]></title_without_series>
<link><![CDATA[https://www.goodreads.com/book/show/2527900.Nudge]]></link>
<small_image_url><![CDATA[https://images.gr-assets.com/books/1328828013s/2527900.jpg]]></small_image_url>
<image_url><![CDATA[https://images.gr-assets.com/books/1328828013m/2527900.jpg]]></image_url>
<num_pages>304</num_pages>
<work>
<id>2535409</id>
</work>
<isbn>0300122233</isbn>
<isbn13>9780300122237</isbn13>
<average_rating>3.80</average_rating>
<ratings_count>32808</ratings_count>
<publication_year>2008</publication_year>
<publication_month>4</publication_month>
<publication_day>8</publication_day>
<authors>
<author>
<id>65483</id>
<name>Richard H. Thaler</name>
<link><![CDATA[https://www.goodreads.com/author/show/65483.Richard_H_Thaler]]></link>
</author>
</authors>
</book>

          <book>
<id>2631984</id>
<title><![CDATA[The Time Paradox: The New Psychology of Time That Will Change Your Life]]></title>
<title_without_series><![CDATA[The Time Paradox: The New Psychology of Time That Will Change Your Life]]></title_without_series>
<link><![CDATA[https://www.goodreads.com/book/show/2631984-the-time-paradox]]></link>
<small_image_url><![CDATA[https://s.gr-assets.com/assets/nophoto/book/50x75-a91bf249278a81aabab721ef782c4a74.png]]></small_image_url>
<image_url><![CDATA[https://s.gr-assets.com/assets/nophoto/book/111x148-bcc042a9c91a29c1d680899eff700a03.png]]></image_url>
<num_pages>368</num_pages>
<work>
<id>2656685</id>
</work>
<isbn>1416541985</isbn>
<isbn13>9781416541981</isbn13>
<average_rating>3.72</average_rating>
<ratings_count>1747</ratings_count>
<publication_year>2008</publication_year>
<publication_month>8</publication_month>
<publication_day>5</publication_day>
<authors>
<author>
<id>124526</id>
<name>Philip G. Zimbardo</name>
<link><![CDATA[https://www.goodreads.com/author/show/124526.Philip_G_Zimbardo]]></link>
</author>
</authors>
</book>

          <book>
<id>68143</id>
<title>The Wisdom of Crowds</title>
<title_without_series>The Wisdom of Crowds</title_without_series>
<link><![CDATA[https://www.goodreads.com/book/show/68143.The_Wisdom_of_Crowds]]></link>
<small_image_url><![CDATA[https://s.gr-assets.com/assets/nophoto/book/50x75-a91bf249278a81aabab721ef782c4a74.png]]></small_image_url>
<image_url><![CDATA[https://s.gr-assets.com/assets/nophoto/book/111x148-bcc042a9c91a29c1d680899eff700a03.png]]></image_url>
<num_pages>306</num_pages>
<work>
<id>3250675</id>
</work>
<isbn>0385721706</isbn>
<isbn13>9780385721707</isbn13>
<average_rating>3.80</average_rating>
<ratings_count>19298</ratings_count>
<publication_year>2005</publication_year>
<publication_month>8</publication_month>
<publication_day>16</publication_day>
<authors>
<author>
<id>38391</id>
<name>James Surowiecki</name>
<link><![CDATA[https://www.goodreads.com/author/show/38391.James_Surowiecki]]></link>
</author>
</authors>
</book>

          <book>
<id>7783191</id>
<title><![CDATA[The Invisible Gorilla: And Other Ways Our Intuitions Deceive Us]]></title>
<title_without_series><![CDATA[The Invisible Gorilla: And Other Ways Our Intuitions Deceive Us]]></title_without_series>
<link><![CDATA[https://www.goodreads.com/book/show/7783191-the-invisible-gorilla]]></link>
<small_image_url><![CDATA[https://images.gr-assets.com/books/1320530790s/7783191.jpg]]></small_image_url>
<image_url><![CDATA[https://images.gr-assets.com/books/1320530790m/7783191.jpg]]></image_url>
<num_pages>320</num_pages>
<work>
<id>10711242</id>
</work>
<isbn>0307459659</isbn>
<isbn13>9780307459657</isbn13>
<average_rating>3.88</average_rating>
<ratings_count>10834</ratings_count>
<publication_year>2010</publication_year>
<publication_month>5</publication_month>
<publication_day>18</publication_day>
<authors>
<author>
<id>550010</id>
<name>Christopher Chabris</name>
<link><![CDATA[https://www.goodreads.com/author/show/550010.Christopher_Chabris]]></link>
</author>
</authors>
</book>

          <book>
<id>2466179</id>
<title>Thinking and Deciding</title>
<title_without_series>Thinking and Deciding</title_without_series>
<link><![CDATA[https://www.goodreads.com/book/show/2466179.Thinking_and_Deciding]]></link>
<small_image_url><![CDATA[https://images.gr-assets.com/books/1410137477s/2466179.jpg]]></small_image_url>
<image_url><![CDATA[https://images.gr-assets.com/books/1410137477m/2466179.jpg]]></image_url>
<num_pages>584</num_pages>
<work>
<id>2473375</id>
</work>
<isbn>0521680433</isbn>
<isbn13>9780521680431</isbn13>
<average_rating>4.04</average_rating>
<ratings_count>188</ratings_count>
<publication_year>2007</publication_year>
<publication_month>10</publication_month>
<publication_day>1</publication_day>
<authors>
<author>
<id>58568</id>
<name>Jonathan Baron</name>
<link><![CDATA[https://www.goodreads.com/author/show/58568.Jonathan_Baron]]></link>
</author>
</authors>
</book>

          <book>
<id>7815744</id>
<title><![CDATA[The Upside of Irrationality: The Unexpected Benefits of Defying Logic at Work and at Home]]></title>
<title_without_series><![CDATA[The Upside of Irrationality: The Unexpected Benefits of Defying Logic at Work and at Home]]></title_without_series>
<link><![CDATA[https://www.goodreads.com/book/show/7815744-the-upside-of-irrationality]]></link>
<small_image_url><![CDATA[https://images.gr-assets.com/books/1268511997s/7815744.jpg]]></small_image_url>
<image_url><![CDATA[https://images.gr-assets.com/books/1268511997m/7815744.jpg]]></image_url>
<num_pages></num_pages>
<work>
<id>10840474</id>
</work>
<isbn>0061995037</isbn>
<isbn13>9780061995033</isbn13>
<average_rating>4.00</average_rating>
<ratings_count>23599</ratings_count>
<publication_year></publication_year>
<publication_month></publication_month>
<publication_day></publication_day>
<authors>
<author>
<id>788461</id>
<name>Dan Ariely</name>
<link><![CDATA[https://www.goodreads.com/author/show/788461.Dan_Ariely]]></link>
</author>
</authors>
</book>

          <book>
<id>10889882</id>
<title><![CDATA[The Branded Mind: What Neuroscience Really Tells Us about the Puzzle of the Brain and the Brand]]></title>
<title_without_series><![CDATA[The Branded Mind: What Neuroscience Really Tells Us about the Puzzle of the Brain and the Brand]]></title_without_series>
<link><![CDATA[https://www.goodreads.com/book/show/10889882-the-branded-mind]]></link>
<small_image_url><![CDATA[https://images.gr-assets.com/books/1328820622s/10889882.jpg]]></small_image_url>
<image_url><![CDATA[https://images.gr-assets.com/books/1328820622m/10889882.jpg]]></image_url>
<num_pages>272</num_pages>
<work>
<id>15805645</id>
</work>
<isbn>074946125X</isbn>
<isbn13>9780749461256</isbn13>
<average_rating>3.89</average_rating>
<ratings_count>114</ratings_count>
<publication_year>2011</publication_year>
<publication_month>3</publication_month>
<publication_day>15</publication_day>
<authors>
<author>
<id>665714</id>
<name>Erik Du Plessis</name>
<link><![CDATA[https://www.goodreads.com/author/show/665714.Erik_Du_Plessis]]></link>
</author>
</authors>
</book>

          <book>
<id>2421826</id>
<title><![CDATA[Buying In: The Secret Dialogue Between What We Buy and Who We Are]]></title>
<title_without_series><![CDATA[Buying In: The Secret Dialogue Between What We Buy and Who We Are]]></title_without_series>
<link><![CDATA[https://www.goodreads.com/book/show/2421826.Buying_In]]></link>
<small_image_url><![CDATA[https://s.gr-assets.com/assets/nophoto/book/50x75-a91bf249278a81aabab721ef782c4a74.png]]></small_image_url>
<image_url><![CDATA[https://s.gr-assets.com/assets/nophoto/book/111x148-bcc042a9c91a29c1d680899eff700a03.png]]></image_url>
<num_pages>261</num_pages>
<work>
<id>2429006</id>
</work>
<isbn>1400063914</isbn>
<isbn13>9781400063918</isbn13>
<average_rating>3.63</average_rating>
<ratings_count>873</ratings_count>
<publication_year></publication_year>
<publication_month></publication_month>
<publication_day></publication_day>
<authors>
<author>
<id>99215</id>
<name>Rob Walker</name>
<link><![CDATA[https://www.goodreads.com/author/show/99215.Rob_Walker]]></link>
</author>
</authors>
</book>

          <book>
<id>150334</id>
<title><![CDATA[Call of the Mall: The Geography of Shopping]]></title>
<title_without_series><![CDATA[Call of the Mall: The Geography of Shopping]]></title_without_series>
<link><![CDATA[https://www.goodreads.com/book/show/150334.Call_of_the_Mall]]></link>
<small_image_url><![CDATA[https://images.gr-assets.com/books/1404192975s/150334.jpg]]></small_image_url>
<image_url><![CDATA[https://images.gr-assets.com/books/1404192975m/150334.jpg]]></image_url>
<num_pages></num_pages>
<work>
<id>44719</id>
</work>
<isbn>0743235924</isbn>
<isbn13>9780743235921</isbn13>
<average_rating>3.58</average_rating>
<ratings_count>864</ratings_count>
<publication_year></publication_year>
<publication_month></publication_month>
<publication_day></publication_day>
<authors>
<author>
<id>25474</id>
<name>Paco Underhill</name>
<link><![CDATA[https://www.goodreads.com/author/show/25474.Paco_Underhill]]></link>
</author>
</authors>
</book>

          <book>
<id>769575</id>
<title><![CDATA[Blind Spots: Why Smart People Do Dumb Things]]></title>
<title_without_series><![CDATA[Blind Spots: Why Smart People Do Dumb Things]]></title_without_series>
<link><![CDATA[https://www.goodreads.com/book/show/769575.Blind_Spots]]></link>
<small_image_url><![CDATA[https://images.gr-assets.com/books/1365463296s/769575.jpg]]></small_image_url>
<image_url><![CDATA[https://images.gr-assets.com/books/1365463296m/769575.jpg]]></image_url>
<num_pages>250</num_pages>
<work>
<id>755634</id>
</work>
<isbn>1591025095</isbn>
<isbn13>9781591025092</isbn13>
<average_rating>3.52</average_rating>
<ratings_count>330</ratings_count>
<publication_year>2007</publication_year>
<publication_month>4</publication_month>
<publication_day>3</publication_day>
<authors>
<author>
<id>405220</id>
<name>Madeleine L. Van Hecke</name>
<link><![CDATA[https://www.goodreads.com/author/show/405220.Madeleine_L_Van_Hecke]]></link>
</author>
</authors>
</book>

          <book>
<id>522525</id>
<title><![CDATA[Mistakes Were Made (But Not by Me): Why We Justify Foolish Beliefs, Bad Decisions, and Hurtful Acts]]></title>
<title_without_series><![CDATA[Mistakes Were Made (But Not by Me): Why We Justify Foolish Beliefs, Bad Decisions, and Hurtful Acts]]></title_without_series>
<link><![CDATA[https://www.goodreads.com/book/show/522525.Mistakes_Were_Made_But_Not_by_Me_]]></link>
<small_image_url><![CDATA[https://images.gr-assets.com/books/1328876733s/522525.jpg]]></small_image_url>
<image_url><![CDATA[https://images.gr-assets.com/books/1328876733m/522525.jpg]]></image_url>
<num_pages>304</num_pages>
<work>
<id>2171014</id>
</work>
<isbn>0151010986</isbn>
<isbn13>9780151010981</isbn13>
<average_rating>3.99</average_rating>
<ratings_count>16377</ratings_count>
<publication_year>2007</publication_year>
<publication_month>5</publication_month>
<publication_day>7</publication_day>
<authors>
<author>
<id>58990</id>
<name>Carol Tavris</name>
<link><![CDATA[https://www.goodreads.com/author/show/58990.Carol_Tavris]]></link>
</author>
</authors>
</book>

          <book>
<id>8758568</id>
<title><![CDATA[Neuromarketing: Understanding the Buy Buttons in Your Customer's Brain]]></title>
<title_without_series><![CDATA[Neuromarketing: Understanding the Buy Buttons in Your Customer's Brain]]></title_without_series>
<link><![CDATA[https://www.goodreads.com/book/show/8758568-neuromarketing]]></link>
<small_image_url><![CDATA[https://images.gr-assets.com/books/1356166462s/8758568.jpg]]></small_image_url>
<image_url><![CDATA[https://images.gr-assets.com/books/1356166462m/8758568.jpg]]></image_url>
<num_pages>256</num_pages>
<work>
<id>13631868</id>
</work>
<isbn>1418570303</isbn>
<isbn13>9781418570309</isbn13>
<average_rating>3.79</average_rating>
<ratings_count>346</ratings_count>
<publication_year>2007</publication_year>
<publication_month>10</publication_month>
<publication_day>2</publication_day>
<authors>
<author>
<id>822283</id>
<name>Patrick Renvoise</name>
<link><![CDATA[https://www.goodreads.com/author/show/822283.Patrick_Renvoise]]></link>
</author>
</authors>
</book>

          <book>
<id>65229</id>
<title><![CDATA[Sources of Power: How People Make Decisions]]></title>
<title_without_series><![CDATA[Sources of Power: How People Make Decisions]]></title_without_series>
<link><![CDATA[https://www.goodreads.com/book/show/65229.Sources_of_Power]]></link>
<small_image_url><![CDATA[https://s.gr-assets.com/assets/nophoto/book/50x75-a91bf249278a81aabab721ef782c4a74.png]]></small_image_url>
<image_url><![CDATA[https://s.gr-assets.com/assets/nophoto/book/111x148-bcc042a9c91a29c1d680899eff700a03.png]]></image_url>
<num_pages>352</num_pages>
<work>
<id>63279</id>
</work>
<isbn>0262611465</isbn>
<isbn13>9780262611466</isbn13>
<average_rating>3.94</average_rating>
<ratings_count>2041</ratings_count>
<publication_year>1999</publication_year>
<publication_month>2</publication_month>
<publication_day>18</publication_day>
<authors>
<author>
<id>36825</id>
<name>Gary Klein</name>
<link><![CDATA[https://www.goodreads.com/author/show/36825.Gary_Klein]]></link>
</author>
</authors>
</book>

          <book>
<id>100119</id>
<title><![CDATA[Happiness: The Science Behind Your Smile]]></title>
<title_without_series><![CDATA[Happiness: The Science Behind Your Smile]]></title_without_series>
<link><![CDATA[https://www.goodreads.com/book/show/100119.Happiness]]></link>
<small_image_url><![CDATA[https://s.gr-assets.com/assets/nophoto/book/50x75-a91bf249278a81aabab721ef782c4a74.png]]></small_image_url>
<image_url><![CDATA[https://s.gr-assets.com/assets/nophoto/book/111x148-bcc042a9c91a29c1d680899eff700a03.png]]></image_url>
<num_pages>216</num_pages>
<work>
<id>1558617</id>
</work>
<isbn>0192805592</isbn>
<isbn13>9780192805591</isbn13>
<average_rating>3.85</average_rating>
<ratings_count>469</ratings_count>
<publication_year>2006</publication_year>
<publication_month>9</publication_month>
<publication_day>1</publication_day>
<authors>
<author>
<id>57759</id>
<name>Daniel Nettle</name>
<link><![CDATA[https://www.goodreads.com/author/show/57759.Daniel_Nettle]]></link>
</author>
</authors>
</book>

          <book>
<id>56627</id>
<title>Stumbling on Happiness</title>
<title_without_series>Stumbling on Happiness</title_without_series>
<link><![CDATA[https://www.goodreads.com/book/show/56627.Stumbling_on_Happiness]]></link>
<small_image_url><![CDATA[https://images.gr-assets.com/books/1327947323s/56627.jpg]]></small_image_url>
<image_url><![CDATA[https://images.gr-assets.com/books/1327947323m/56627.jpg]]></image_url>
<num_pages>263</num_pages>
<work>
<id>152688</id>
</work>
<isbn>1400077427</isbn>
<isbn13>9781400077427</isbn13>
<average_rating>3.82</average_rating>
<ratings_count>39454</ratings_count>
<publication_year>2007</publication_year>
<publication_month>3</publication_month>
<publication_day>20</publication_day>
<authors>
<author>
<id>5570250</id>
<name>Daniel Todd Gilbert</name>
<link><![CDATA[https://www.goodreads.com/author/show/5570250.Daniel_Todd_Gilbert]]></link>
</author>
</authors>
</book>

  </similar_books>
</book>

</GoodreadsResponse>