<?xml version="1.0" encoding="UTF-8"?>
<GoodreadsResponse>
  <Request>
    <authentication>true</authentication>
      <key><![CDATA[all_men_must_serve]]></key>
    <method><![CDATA[book_show]]></method>
  </Request>
  <book>
  <id>10637766</id>
  <title>Silence (Hush, Hush, #3)</title>
  <isbn><![CDATA[1442426640]]></isbn>
  <isbn13><![CDATA[9781442426641]]></isbn13>
  <asin><![CDATA[]]></asin>
  <kindle_asin><![CDATA[B005OK5IDA]]></kindle_asin>
  <marketplace_id><![CDATA[A1F83G8C2ARO7P]]></marketplace_id>
  <country_code><![CDATA[GB]]></country_code>
  <image_url>https://images.gr-assets.com/books/1362408152m/10637766.jpg</image_url>
  <small_image_url>https://images.gr-assets.com/books/1362408152s/10637766.jpg</small_image_url>
  <publication_year>2011</publication_year>
  <publication_month>10</publication_month>
  <publication_day>4</publication_day>
  <publisher>Simon &amp; Schuster Books for Young Readers</publisher>
  <language_code>eng</language_code>
  <is_ebook>false</is_ebook>
  <description><![CDATA[<b>WHEN SILENCE IS ALL THAT'S LEFT, CAN THE TRUTH FINALLY BE HEARD?</b><br /><br />Nora Grey can't remember the past five months of her life. After the initial shock of waking up in a cemetery and being told that she has been missing for weeks - with no one knowing where she was or who she was with - she tried to get her life back on track. Go to school, hang out with her best friend, Vee, and dodge mom's creepy new boyfriend.<br /><br />But there is this voice in the back of her head, an idea that she can almost reach out and touch. Visions of angel wings and unearthly creatures that have nothing to do with the life she knows.<br /><br />And this unshakable feeling that a part of her is missing.<br /><br />Then Nora crosses paths with a sexy stranger, whom she feels a mesmerizing connection to. He seems to hold all the answers...and her heart. Every minute she spends with him grows more and more intense until she realizes she could be falling in love. Again.]]></description>
  <work>
  <id type="integer">14158688</id>
  <books_count type="integer">65</books_count>
  <best_book_id type="integer">10637766</best_book_id>
  <reviews_count type="integer">301807</reviews_count>
  <ratings_sum type="integer">822521</ratings_sum>
  <ratings_count type="integer">197527</ratings_count>
  <text_reviews_count type="integer">7298</text_reviews_count>
  <original_publication_year type="integer">2011</original_publication_year>
  <original_publication_month type="integer">10</original_publication_month>
  <original_publication_day type="integer">4</original_publication_day>
  <original_title>Silence </original_title>
  <original_language_id type="integer" nil="true"/>
  <media_type>book</media_type>
  <rating_dist>5:95932|4:55855|3:32193|2:9315|1:4232|total:197527</rating_dist>
  <desc_user_id type="integer">40231478</desc_user_id>
  <default_chaptering_book_id type="integer" nil="true"/>
  <default_description_language_code nil="true"/>
</work>
  <average_rating>4.16</average_rating>
  <num_pages><![CDATA[448]]></num_pages>
  <format><![CDATA[Hardcover]]></format>
  <edition_information><![CDATA[]]></edition_information>
  <ratings_count><![CDATA[190894]]></ratings_count>
  <text_reviews_count><![CDATA[6673]]></text_reviews_count>
  <url><![CDATA[https://www.goodreads.com/book/show/10637766-silence]]></url>
  <link><![CDATA[https://www.goodreads.com/book/show/10637766-silence]]></link>
  <authors>
<author>
<id>2876763</id>
<name>Becca Fitzpatrick</name>
<role></role>
<image_url nophoto='false'>
<![CDATA[https://images.gr-assets.com/authors/1390505291p5/2876763.jpg]]>
</image_url>
<small_image_url nophoto='false'>
<![CDATA[https://images.gr-assets.com/authors/1390505291p2/2876763.jpg]]>
</small_image_url>
<link><![CDATA[https://www.goodreads.com/author/show/2876763.Becca_Fitzpatrick]]></link>
<average_rating>4.07</average_rating>
<ratings_count>1050132</ratings_count>
<text_reviews_count>51585</text_reviews_count>
</author>
</authors>

    <reviews_widget>
      <![CDATA[
        <style>
  #goodreads-widget {
    font-family: georgia, serif;
    padding: 18px 0;
    width:565px;
  }
  #goodreads-widget h1 {
    font-weight:normal;
    font-size: 16px;
    border-bottom: 1px solid #BBB596;
    margin-bottom: 0;
  }
  #goodreads-widget a {
    text-decoration: none;
    color:#660;
  }
  iframe{
    background-color: #fff;
  }
  #goodreads-widget a:hover { text-decoration: underline; }
  #goodreads-widget a:active {
    color:#660;
  }
  #gr_footer {
    width: 100%;
    border-top: 1px solid #BBB596;
    text-align: right;
  }
  #goodreads-widget .gr_branding{
    color: #382110;
    font-size: 11px;
    text-decoration: none;
    font-family: "Helvetica Neue", Helvetica, Arial, sans-serif;
  }
</style>
<div id="goodreads-widget">
  <div id="gr_header"><h1><a rel="nofollow" href="https://www.goodreads.com/book/show/10637766-silence">Silence Reviews</a></h1></div>
  <iframe id="the_iframe" src="https://www.goodreads.com/api/reviews_widget_iframe?did=DEVELOPER_ID&amp;format=html&amp;isbn=1442426640&amp;links=660&amp;min_rating=&amp;review_back=fff&amp;stars=000&amp;text=000" width="565" height="400" frameborder="0"></iframe>
  <div id="gr_footer">
    <a class="gr_branding" target="_blank" rel="nofollow" href="https://www.goodreads.com/book/show/10637766-silence?utm_medium=api&amp;utm_source=reviews_widget">Reviews from Goodreads.com</a>
  </div>
</div>

      ]]>
    </reviews_widget>
  <popular_shelves>
      <shelf name="to-read" count="22810"/>
      <shelf name="currently-reading" count="2225"/>
      <shelf name="young-adult" count="1838"/>
      <shelf name="paranormal" count="1180"/>
      <shelf name="romance" count="1019"/>
      <shelf name="favorites" count="644"/>
      <shelf name="series" count="638"/>
      <shelf name="fantasy" count="572"/>
      <shelf name="paranormal-romance" count="472"/>
      <shelf name="owned" count="471"/>
      <shelf name="hush-hush" count="442"/>
      <shelf name="books-i-own" count="330"/>
      <shelf name="supernatural" count="308"/>
      <shelf name="ya" count="279"/>
      <shelf name="angels" count="238"/>
      <shelf name="favourites" count="236"/>
      <shelf name="becca-fitzpatrick" count="232"/>
      <shelf name="fiction" count="214"/>
      <shelf name="urban-fantasy" count="186"/>
      <shelf name="to-buy" count="186"/>
      <shelf name="owned-books" count="152"/>
      <shelf name="angels-demons" count="142"/>
      <shelf name="angel" count="139"/>
      <shelf name="angels-and-demons" count="135"/>
      <shelf name="fallen-angels" count="133"/>
      <shelf name="hush-hush-series" count="126"/>
      <shelf name="read-in-2012" count="118"/>
      <shelf name="favorite-books" count="113"/>
      <shelf name="favorite" count="107"/>
      <shelf name="read-in-2011" count="102"/>
      <shelf name="library" count="98"/>
      <shelf name="read-in-2013" count="93"/>
      <shelf name="my-books" count="88"/>
      <shelf name="ebooks" count="87"/>
      <shelf name="mystery" count="86"/>
      <shelf name="wish-list" count="84"/>
      <shelf name="books" count="80"/>
      <shelf name="5-stars" count="80"/>
      <shelf name="re-read" count="77"/>
      <shelf name="kindle" count="77"/>
      <shelf name="ebook" count="72"/>
      <shelf name="read-in-2014" count="71"/>
      <shelf name="books-i-have" count="71"/>
      <shelf name="ya-paranormal" count="70"/>
      <shelf name="book-boyfriends" count="68"/>
      <shelf name="have" count="66"/>
      <shelf name="paranormal-fantasy" count="66"/>
      <shelf name="ya-fantasy" count="63"/>
      <shelf name="my-library" count="61"/>
      <shelf name="own-it" count="57"/>
      <shelf name="read-2012" count="55"/>
      <shelf name="love" count="55"/>
      <shelf name="finished" count="54"/>
      <shelf name="fantasy-paranormal" count="54"/>
      <shelf name="read-in-2015" count="53"/>
      <shelf name="all-time-favorites" count="53"/>
      <shelf name="4-stars" count="51"/>
      <shelf name="nephilim" count="51"/>
      <shelf name="ya-fiction" count="50"/>
      <shelf name="my-favorites" count="49"/>
      <shelf name="favorite-series" count="49"/>
      <shelf name="e-books" count="49"/>
      <shelf name="bought" count="47"/>
      <shelf name="read-2013" count="46"/>
      <shelf name="ya-books" count="46"/>
      <shelf name="high-school" count="45"/>
      <shelf name="need-to-buy" count="45"/>
      <shelf name="default" count="44"/>
      <shelf name="my-bookshelf" count="42"/>
      <shelf name="action" count="42"/>
      <shelf name="magic" count="41"/>
      <shelf name="bookshelf" count="40"/>
      <shelf name="contemporary" count="40"/>
      <shelf name="ya-romance" count="40"/>
      <shelf name="teen-fiction" count="39"/>
      <shelf name="on-my-shelf" count="38"/>
      <shelf name="3-stars" count="38"/>
      <shelf name="bad-boys" count="38"/>
      <shelf name="faves" count="38"/>
      <shelf name="books-to-buy" count="38"/>
      <shelf name="finished-series" count="37"/>
      <shelf name="part-of-a-series" count="37"/>
      <shelf name="loved" count="36"/>
      <shelf name="cover-love" count="36"/>
      <shelf name="e-book" count="36"/>
      <shelf name="must-read" count="36"/>
      <shelf name="young-adult-fiction" count="36"/>
      <shelf name="2012-reads" count="34"/>
      <shelf name="favourite" count="34"/>
      <shelf name="series-to-finish" count="34"/>
      <shelf name="angel-books" count="34"/>
      <shelf name="read-in-2016" count="33"/>
      <shelf name="meh" count="33"/>
      <shelf name="read-2011" count="33"/>
      <shelf name="on-my-bookshelf" count="33"/>
      <shelf name="2011-reads" count="33"/>
      <shelf name="adventure" count="33"/>
      <shelf name="audiobook" count="32"/>
      <shelf name="hush-hush-saga" count="32"/>
      <shelf name="young-adult-fantasy" count="32"/>
  </popular_shelves>
  <book_links>
    <book_link>
  <id>8</id>
  <name>Libraries</name>
  <link>https://www.goodreads.com/book_link/follow/8</link>
</book_link>

  </book_links>
  <buy_links>
    <buy_link>
<id>1</id>
<name>Amazon</name>
<link>https://www.goodreads.com/book_link/follow/1</link>
</buy_link>
<buy_link>
<id>10</id>
<name>Audible</name>
<link>https://www.goodreads.com/book_link/follow/10</link>
</buy_link>
<buy_link>
<id>3</id>
<name>Barnes &amp; Noble</name>
<link>https://www.goodreads.com/book_link/follow/3</link>
</buy_link>
<buy_link>
<id>1027</id>
<name>Kobo</name>
<link>https://www.goodreads.com/book_link/follow/1027</link>
</buy_link>
<buy_link>
<id>2102</id>
<name>Apple iBooks</name>
<link>https://www.goodreads.com/book_link/follow/2102</link>
</buy_link>
<buy_link>
<id>8036</id>
<name>Google Play</name>
<link>https://www.goodreads.com/book_link/follow/8036</link>
</buy_link>
<buy_link>
<id>4</id>
<name>Abebooks</name>
<link>https://www.goodreads.com/book_link/follow/4</link>
</buy_link>
<buy_link>
<id>882</id>
<name>Book Depository</name>
<link>https://www.goodreads.com/book_link/follow/882</link>
</buy_link>
<buy_link>
<id>9</id>
<name>Indigo</name>
<link>https://www.goodreads.com/book_link/follow/9</link>
</buy_link>
<buy_link>
<id>2</id>
<name>Half.com</name>
<link>https://www.goodreads.com/book_link/follow/2</link>
</buy_link>
<buy_link>
<id>5</id>
<name>Alibris</name>
<link>https://www.goodreads.com/book_link/follow/5</link>
</buy_link>
<buy_link>
<id>107</id>
<name>Better World Books</name>
<link>https://www.goodreads.com/book_link/follow/107</link>
</buy_link>
<buy_link>
<id>7</id>
<name>IndieBound</name>
<link>https://www.goodreads.com/book_link/follow/7</link>
</buy_link>

  </buy_links>
  <series_works>
    <series_work>
<id>189010</id>
<user_position>3</user_position>
<series>
<id>49088</id>
<title>
<![CDATA[
    Hush, Hush
]]>
</title>
<description>
<![CDATA[
    Graphic novel adaptation: <a href="http://www.goodreads.com/series/61436-hush-hush-the-graphic-novel">Hush, Hush: The Graphic Novel</a>.
    
    Also known as:
    * Il bacio dell'angelo caduto
    * Αγγελική Σιωπή
    * Szeptem
    * Ängel
    * О чем молчат ангелы
    * Niekam nė mur mur
    * 暗夜天使
    *Îngerul Nopții
]]>
</description>
<note>
<![CDATA[
]]>
</note>
<series_works_count>9</series_works_count>
<primary_work_count>4</primary_work_count>
<numbered>true</numbered>
</series>

</series_work>

  </series_works>
  <similar_books>
          <book>
<id>9671126</id>
<title><![CDATA[Enticed (The Violet Eden Chapters, #2)]]></title>
<title_without_series>Enticed</title_without_series>
<link><![CDATA[https://www.goodreads.com/book/show/9671126-enticed]]></link>
<small_image_url><![CDATA[https://images.gr-assets.com/books/1344645627s/9671126.jpg]]></small_image_url>
<image_url><![CDATA[https://images.gr-assets.com/books/1344645627m/9671126.jpg]]></image_url>
<num_pages>413</num_pages>
<work>
<id>14558950</id>
</work>
<isbn></isbn>
<isbn13>9780734411853</isbn13>
<average_rating>4.27</average_rating>
<ratings_count>12705</ratings_count>
<publication_year>2011</publication_year>
<publication_month>3</publication_month>
<publication_day>29</publication_day>
<authors>
<author>
<id>4134859</id>
<name>Jessica Shirvington</name>
<link><![CDATA[https://www.goodreads.com/author/show/4134859.Jessica_Shirvington]]></link>
</author>
</authors>
</book>

          <book>
<id>13056511</id>
<title>Heaven (Halo, #3)</title>
<title_without_series>Heaven</title_without_series>
<link><![CDATA[https://www.goodreads.com/book/show/13056511-heaven]]></link>
<small_image_url><![CDATA[https://images.gr-assets.com/books/1332367132s/13056511.jpg]]></small_image_url>
<image_url><![CDATA[https://images.gr-assets.com/books/1332367132m/13056511.jpg]]></image_url>
<num_pages>419</num_pages>
<work>
<id>14240586</id>
</work>
<isbn>0312656289</isbn>
<isbn13>9780312656287</isbn13>
<average_rating>3.91</average_rating>
<ratings_count>15142</ratings_count>
<publication_year>2012</publication_year>
<publication_month>8</publication_month>
<publication_day>21</publication_day>
<authors>
<author>
<id>696372</id>
<name>Alexandra Adornetto</name>
<link><![CDATA[https://www.goodreads.com/author/show/696372.Alexandra_Adornetto]]></link>
</author>
</authors>
</book>

          <book>
<id>8501291</id>
<title><![CDATA[Wings of the Wicked (Angelfire, #2)]]></title>
<title_without_series>Wings of the Wicked</title_without_series>
<link><![CDATA[https://www.goodreads.com/book/show/8501291-wings-of-the-wicked]]></link>
<small_image_url><![CDATA[https://images.gr-assets.com/books/1307466067s/8501291.jpg]]></small_image_url>
<image_url><![CDATA[https://images.gr-assets.com/books/1307466067m/8501291.jpg]]></image_url>
<num_pages>516</num_pages>
<work>
<id>13367196</id>
</work>
<isbn>0062002368</isbn>
<isbn13>9780062002365</isbn13>
<average_rating>4.24</average_rating>
<ratings_count>13421</ratings_count>
<publication_year>2012</publication_year>
<publication_month>1</publication_month>
<publication_day>31</publication_day>
<authors>
<author>
<id>3220024</id>
<name>Courtney Allison Moulton</name>
<link><![CDATA[https://www.goodreads.com/author/show/3220024.Courtney_Allison_Moulton]]></link>
</author>
</authors>
</book>

          <book>
<id>9553503</id>
<title>Angel Fire (Angel, #2)</title>
<title_without_series>Angel Fire</title_without_series>
<link><![CDATA[https://www.goodreads.com/book/show/9553503-angel-fire]]></link>
<small_image_url><![CDATA[https://images.gr-assets.com/books/1329013097s/9553503.jpg]]></small_image_url>
<image_url><![CDATA[https://images.gr-assets.com/books/1329013097m/9553503.jpg]]></image_url>
<num_pages>720</num_pages>
<work>
<id>14621064</id>
</work>
<isbn>1409522016</isbn>
<isbn13>9781409522010</isbn13>
<average_rating>4.06</average_rating>
<ratings_count>14913</ratings_count>
<publication_year>2011</publication_year>
<publication_month>10</publication_month>
<publication_day>1</publication_day>
<authors>
<author>
<id>3465557</id>
<name>L.A. Weatherly</name>
<link><![CDATA[https://www.goodreads.com/author/show/3465557.L_A_Weatherly]]></link>
</author>
</authors>
</book>

          <book>
<id>7831742</id>
<title><![CDATA[The Lost Saint (The Dark Divine, #2)]]></title>
<title_without_series>The Lost Saint</title_without_series>
<link><![CDATA[https://www.goodreads.com/book/show/7831742-the-lost-saint]]></link>
<small_image_url><![CDATA[https://images.gr-assets.com/books/1327883674s/7831742.jpg]]></small_image_url>
<image_url><![CDATA[https://images.gr-assets.com/books/1327883674m/7831742.jpg]]></image_url>
<num_pages>404</num_pages>
<work>
<id>10897116</id>
</work>
<isbn>1606840584</isbn>
<isbn13>9781606840580</isbn13>
<average_rating>4.04</average_rating>
<ratings_count>15714</ratings_count>
<publication_year>2010</publication_year>
<publication_month>12</publication_month>
<publication_day>28</publication_day>
<authors>
<author>
<id>2891503</id>
<name>Bree Despain</name>
<link><![CDATA[https://www.goodreads.com/author/show/2891503.Bree_Despain]]></link>
</author>
</authors>
</book>

          <book>
<id>7263429</id>
<title><![CDATA[Wolfsbane (Nightshade #2; Nightshade World #5)]]></title>
<title_without_series>Wolfsbane</title_without_series>
<link><![CDATA[https://www.goodreads.com/book/show/7263429-wolfsbane]]></link>
<small_image_url><![CDATA[https://images.gr-assets.com/books/1323140262s/7263429.jpg]]></small_image_url>
<image_url><![CDATA[https://images.gr-assets.com/books/1323140262m/7263429.jpg]]></image_url>
<num_pages>390</num_pages>
<work>
<id>8342392</id>
</work>
<isbn>0399254838</isbn>
<isbn13>9780399254833</isbn13>
<average_rating>4.12</average_rating>
<ratings_count>42785</ratings_count>
<publication_year>2011</publication_year>
<publication_month>7</publication_month>
<publication_day>26</publication_day>
<authors>
<author>
<id>3041100</id>
<name>Andrea Cremer</name>
<link><![CDATA[https://www.goodreads.com/author/show/3041100.Andrea_Cremer]]></link>
</author>
</authors>
</book>

          <book>
<id>8803932</id>
<title>If I Die (Soul Screamers, #5)</title>
<title_without_series>If I Die</title_without_series>
<link><![CDATA[https://www.goodreads.com/book/show/8803932-if-i-die]]></link>
<small_image_url><![CDATA[https://images.gr-assets.com/books/1304024127s/8803932.jpg]]></small_image_url>
<image_url><![CDATA[https://images.gr-assets.com/books/1304024127m/8803932.jpg]]></image_url>
<num_pages>342</num_pages>
<work>
<id>13678080</id>
</work>
<isbn>0373210329</isbn>
<isbn13>9780373210329</isbn13>
<average_rating>4.31</average_rating>
<ratings_count>14816</ratings_count>
<publication_year>2011</publication_year>
<publication_month>9</publication_month>
<publication_day>27</publication_day>
<authors>
<author>
<id>415967</id>
<name>Rachel Vincent</name>
<link><![CDATA[https://www.goodreads.com/author/show/415967.Rachel_Vincent]]></link>
</author>
</authors>
</book>

          <book>
<id>9536651</id>
<title><![CDATA[Wildcat Fireflies (Fenestra, #2)]]></title>
<title_without_series>Wildcat Fireflies</title_without_series>
<link><![CDATA[https://www.goodreads.com/book/show/9536651-wildcat-fireflies]]></link>
<small_image_url><![CDATA[https://s.gr-assets.com/assets/nophoto/book/50x75-a91bf249278a81aabab721ef782c4a74.png]]></small_image_url>
<image_url><![CDATA[https://s.gr-assets.com/assets/nophoto/book/111x148-bcc042a9c91a29c1d680899eff700a03.png]]></image_url>
<num_pages>508</num_pages>
<work>
<id>13332359</id>
</work>
<isbn>0385739710</isbn>
<isbn13>9780385739719</isbn13>
<average_rating>3.94</average_rating>
<ratings_count>1917</ratings_count>
<publication_year>2011</publication_year>
<publication_month>7</publication_month>
<publication_day>12</publication_day>
<authors>
<author>
<id>927454</id>
<name>Amber Kizer</name>
<link><![CDATA[https://www.goodreads.com/author/show/927454.Amber_Kizer]]></link>
</author>
</authors>
</book>

          <book>
<id>9300960</id>
<title><![CDATA[All You Desire (The Eternal Ones, #2)]]></title>
<title_without_series>All You Desire</title_without_series>
<link><![CDATA[https://www.goodreads.com/book/show/9300960-all-you-desire]]></link>
<small_image_url><![CDATA[https://images.gr-assets.com/books/1415565736s/9300960.jpg]]></small_image_url>
<image_url><![CDATA[https://images.gr-assets.com/books/1415565736m/9300960.jpg]]></image_url>
<num_pages>416</num_pages>
<work>
<id>14183681</id>
</work>
<isbn>1595143238</isbn>
<isbn13>9781595143235</isbn13>
<average_rating>4.07</average_rating>
<ratings_count>3381</ratings_count>
<publication_year></publication_year>
<publication_month></publication_month>
<publication_day></publication_day>
<authors>
<author>
<id>109354</id>
<name>Kirsten Miller</name>
<link><![CDATA[https://www.goodreads.com/author/show/109354.Kirsten_Miller]]></link>
</author>
</authors>
</book>

          <book>
<id>8581936</id>
<title><![CDATA[Supernaturally (Paranormalcy, #2)]]></title>
<title_without_series>Supernaturally</title_without_series>
<link><![CDATA[https://www.goodreads.com/book/show/8581936-supernaturally]]></link>
<small_image_url><![CDATA[https://images.gr-assets.com/books/1371926956s/8581936.jpg]]></small_image_url>
<image_url><![CDATA[https://images.gr-assets.com/books/1371926956m/8581936.jpg]]></image_url>
<num_pages>336</num_pages>
<work>
<id>13451137</id>
</work>
<isbn>0061985864</isbn>
<isbn13>9780061985867</isbn13>
<average_rating>3.92</average_rating>
<ratings_count>34003</ratings_count>
<publication_year>2011</publication_year>
<publication_month>7</publication_month>
<publication_day>26</publication_day>
<authors>
<author>
<id>3027554</id>
<name>Kiersten White</name>
<link><![CDATA[https://www.goodreads.com/author/show/3027554.Kiersten_White]]></link>
</author>
</authors>
</book>

          <book>
<id>7827221</id>
<title><![CDATA[Desires of the Dead (The Body Finder, #2)]]></title>
<title_without_series>Desires of the Dead</title_without_series>
<link><![CDATA[https://www.goodreads.com/book/show/7827221-desires-of-the-dead]]></link>
<small_image_url><![CDATA[https://images.gr-assets.com/books/1288223505s/7827221.jpg]]></small_image_url>
<image_url><![CDATA[https://images.gr-assets.com/books/1288223505m/7827221.jpg]]></image_url>
<num_pages>355</num_pages>
<work>
<id>10880922</id>
</work>
<isbn>0061779849</isbn>
<isbn13>9780061779848</isbn13>
<average_rating>4.07</average_rating>
<ratings_count>21379</ratings_count>
<publication_year>2011</publication_year>
<publication_month>2</publication_month>
<publication_day>15</publication_day>
<authors>
<author>
<id>2755160</id>
<name>Kimberly Derting</name>
<link><![CDATA[https://www.goodreads.com/author/show/2755160.Kimberly_Derting]]></link>
</author>
</authors>
</book>

          <book>
<id>11563110</id>
<title>Hallowed (Unearthly, #2)</title>
<title_without_series>Hallowed</title_without_series>
<link><![CDATA[https://www.goodreads.com/book/show/11563110-hallowed]]></link>
<small_image_url><![CDATA[https://images.gr-assets.com/books/1332883896s/11563110.jpg]]></small_image_url>
<image_url><![CDATA[https://images.gr-assets.com/books/1332883896m/11563110.jpg]]></image_url>
<num_pages>403</num_pages>
<work>
<id>14532305</id>
</work>
<isbn>0061996181</isbn>
<isbn13>9780061996184</isbn13>
<average_rating>4.15</average_rating>
<ratings_count>61345</ratings_count>
<publication_year>2012</publication_year>
<publication_month>1</publication_month>
<publication_day>17</publication_day>
<authors>
<author>
<id>3290920</id>
<name>Cynthia Hand</name>
<link><![CDATA[https://www.goodreads.com/author/show/3290920.Cynthia_Hand]]></link>
</author>
</authors>
</book>

          <book>
<id>8662410</id>
<title><![CDATA[Secrets and Shadows (13 to Life, #2)]]></title>
<title_without_series>Secrets and Shadows</title_without_series>
<link><![CDATA[https://www.goodreads.com/book/show/8662410-secrets-and-shadows]]></link>
<small_image_url><![CDATA[https://s.gr-assets.com/assets/nophoto/book/50x75-a91bf249278a81aabab721ef782c4a74.png]]></small_image_url>
<image_url><![CDATA[https://s.gr-assets.com/assets/nophoto/book/111x148-bcc042a9c91a29c1d680899eff700a03.png]]></image_url>
<num_pages></num_pages>
<work>
<id>13533872</id>
</work>
<isbn>0312609159</isbn>
<isbn13>9780312609153</isbn13>
<average_rating>4.03</average_rating>
<ratings_count>5244</ratings_count>
<publication_year></publication_year>
<publication_month></publication_month>
<publication_day></publication_day>
<authors>
<author>
<id>3200239</id>
<name>Shannon Delany</name>
<link><![CDATA[https://www.goodreads.com/author/show/3200239.Shannon_Delany]]></link>
</author>
</authors>
</book>

          <book>
<id>6619499</id>
<title>Afterlife (Evernight, #4)</title>
<title_without_series>Afterlife</title_without_series>
<link><![CDATA[https://www.goodreads.com/book/show/6619499-afterlife]]></link>
<small_image_url><![CDATA[https://images.gr-assets.com/books/1277385646s/6619499.jpg]]></small_image_url>
<image_url><![CDATA[https://images.gr-assets.com/books/1277385646m/6619499.jpg]]></image_url>
<num_pages>360</num_pages>
<work>
<id>6813644</id>
</work>
<isbn>0061284424</isbn>
<isbn13>9780061284427</isbn13>
<average_rating>3.80</average_rating>
<ratings_count>24936</ratings_count>
<publication_year>2011</publication_year>
<publication_month>3</publication_month>
<publication_day>8</publication_day>
<authors>
<author>
<id>1192311</id>
<name>Claudia Gray</name>
<link><![CDATA[https://www.goodreads.com/author/show/1192311.Claudia_Gray]]></link>
</author>
</authors>
</book>

          <book>
<id>8724084</id>
<title><![CDATA[Evercrossed (Kissed by an Angel, #4)]]></title>
<title_without_series>Evercrossed</title_without_series>
<link><![CDATA[https://www.goodreads.com/book/show/8724084-evercrossed]]></link>
<small_image_url><![CDATA[https://images.gr-assets.com/books/1361038342s/8724084.jpg]]></small_image_url>
<image_url><![CDATA[https://images.gr-assets.com/books/1361038342m/8724084.jpg]]></image_url>
<num_pages>288</num_pages>
<work>
<id>13572899</id>
</work>
<isbn>1442409142</isbn>
<isbn13>9781442409149</isbn13>
<average_rating>4.05</average_rating>
<ratings_count>8405</ratings_count>
<publication_year>2011</publication_year>
<publication_month>3</publication_month>
<publication_day>8</publication_day>
<authors>
<author>
<id>53574</id>
<name>Elizabeth Chandler</name>
<link><![CDATA[https://www.goodreads.com/author/show/53574.Elizabeth_Chandler]]></link>
</author>
</authors>
</book>

          <book>
<id>12716010</id>
<title>Rapture (Fallen, #4)</title>
<title_without_series>Rapture</title_without_series>
<link><![CDATA[https://www.goodreads.com/book/show/12716010-rapture]]></link>
<small_image_url><![CDATA[https://images.gr-assets.com/books/1362339818s/12716010.jpg]]></small_image_url>
<image_url><![CDATA[https://images.gr-assets.com/books/1362339818m/12716010.jpg]]></image_url>
<num_pages>466</num_pages>
<work>
<id>14103064</id>
</work>
<isbn></isbn>
<isbn13></isbn13>
<average_rating>4.03</average_rating>
<ratings_count>84444</ratings_count>
<publication_year>2012</publication_year>
<publication_month>6</publication_month>
<publication_day>12</publication_day>
<authors>
<author>
<id>2905297</id>
<name>Lauren Kate</name>
<link><![CDATA[https://www.goodreads.com/author/show/2905297.Lauren_Kate]]></link>
</author>
</authors>
</book>

          <book>
<id>9761778</id>
<title>Deity (Covenant, #3)</title>
<title_without_series>Deity</title_without_series>
<link><![CDATA[https://www.goodreads.com/book/show/9761778-deity]]></link>
<small_image_url><![CDATA[https://images.gr-assets.com/books/1323658176s/9761778.jpg]]></small_image_url>
<image_url><![CDATA[https://images.gr-assets.com/books/1323658176m/9761778.jpg]]></image_url>
<num_pages>330</num_pages>
<work>
<id>14651130</id>
</work>
<isbn>1937053148</isbn>
<isbn13>9781937053147</isbn13>
<average_rating>4.41</average_rating>
<ratings_count>41635</ratings_count>
<publication_year>2012</publication_year>
<publication_month>11</publication_month>
<publication_day>6</publication_day>
<authors>
<author>
<id>4476934</id>
<name>Jennifer L. Armentrout</name>
<link><![CDATA[https://www.goodreads.com/author/show/4476934.Jennifer_L_Armentrout]]></link>
</author>
</authors>
</book>

          <book>
<id>9642278</id>
<title><![CDATA[Original Sin (Personal Demons, #2)]]></title>
<title_without_series>Original Sin</title_without_series>
<link><![CDATA[https://www.goodreads.com/book/show/9642278-original-sin]]></link>
<small_image_url><![CDATA[https://s.gr-assets.com/assets/nophoto/book/50x75-a91bf249278a81aabab721ef782c4a74.png]]></small_image_url>
<image_url><![CDATA[https://s.gr-assets.com/assets/nophoto/book/111x148-bcc042a9c91a29c1d680899eff700a03.png]]></image_url>
<num_pages>398</num_pages>
<work>
<id>10186256</id>
</work>
<isbn>0765328097</isbn>
<isbn13>9780765328090</isbn13>
<average_rating>3.90</average_rating>
<ratings_count>3344</ratings_count>
<publication_year>2011</publication_year>
<publication_month>7</publication_month>
<publication_day>5</publication_day>
<authors>
<author>
<id>3342174</id>
<name>Lisa Desrochers</name>
<link><![CDATA[https://www.goodreads.com/author/show/3342174.Lisa_Desrochers]]></link>
</author>
</authors>
</book>

  </similar_books>
</book>

</GoodreadsResponse>