<?xml version="1.0" encoding="UTF-8"?>
<GoodreadsResponse>
  <Request>
    <authentication>true</authentication>
      <key><![CDATA[all_men_must_serve]]></key>
    <method><![CDATA[book_show]]></method>
  </Request>
  <book>
  <id>10669</id>
  <title><![CDATA[When Genius Failed: The Rise and Fall of Long-Term Capital Management]]></title>
  <isbn><![CDATA[0375758259]]></isbn>
  <isbn13><![CDATA[9780375758256]]></isbn13>
  <asin><![CDATA[]]></asin>
  <kindle_asin><![CDATA[]]></kindle_asin>
  <marketplace_id><![CDATA[]]></marketplace_id>
  <country_code><![CDATA[GB]]></country_code>
  <image_url>https://s.gr-assets.com/assets/nophoto/book/111x148-bcc042a9c91a29c1d680899eff700a03.png</image_url>
  <small_image_url>https://s.gr-assets.com/assets/nophoto/book/50x75-a91bf249278a81aabab721ef782c4a74.png</small_image_url>
  <publication_year>2001</publication_year>
  <publication_month>10</publication_month>
  <publication_day>9</publication_day>
  <publisher>Random House Trade Paperbacks</publisher>
  <language_code>en-US</language_code>
  <is_ebook>false</is_ebook>
  <description><![CDATA[With a new Afterword addressing today’s financial crisis<br /><br />A<i> BUSINESS WEEK </i>BEST BOOK OF THE YEAR<br /><br />In this business classic—now with a new Afterword in which the author draws parallels to the recent financial crisis—Roger Lowenstein captures the gripping roller-coaster ride of Long-Term Capital Management. Drawing on confidential internal memos and interviews with dozens of key players, Lowenstein explains not just how the fund made and lost its money but also how the personalities of Long-Term’s partners, the arrogance of their mathematical certainties, and the culture of Wall Street itself contributed to both their rise and their fall.<br /><br />When it was founded in 1993, Long-Term was hailed as the most impressive hedge fund in history. But after four years in which the firm dazzled Wall Street as a $100 billion moneymaking juggernaut, it suddenly suffered catastrophic losses that jeopardized not only the biggest banks on Wall Street but the stability of the financial system itself. The dramatic story of Long-Term’s fall is now a chilling harbinger of the crisis that would strike all of Wall Street, from Lehman Brothers to AIG, a decade later. In his new Afterword, Lowenstein shows that LTCM’s implosion should be seen not as a one-off drama but as a template for market meltdowns in an age of instability—and as a wake-up call that Wall Street and government alike tragically ignored.]]></description>
  <work>
  <id type="integer">13308</id>
  <books_count type="integer">17</books_count>
  <best_book_id type="integer">10669</best_book_id>
  <reviews_count type="integer">30768</reviews_count>
  <ratings_sum type="integer">68706</ratings_sum>
  <ratings_count type="integer">16496</ratings_count>
  <text_reviews_count type="integer">461</text_reviews_count>
  <original_publication_year type="integer">2000</original_publication_year>
  <original_publication_month type="integer">1</original_publication_month>
  <original_publication_day type="integer">1</original_publication_day>
  <original_title>When Genius Failed: The Rise and Fall of Long-Term Capital Management</original_title>
  <original_language_id type="integer" nil="true"/>
  <media_type>book</media_type>
  <rating_dist>5:6670|4:6640|3:2607|2:396|1:183|total:16496</rating_dist>
  <desc_user_id type="integer">-10</desc_user_id>
  <default_chaptering_book_id type="integer" nil="true"/>
  <default_description_language_code nil="true"/>
</work>
  <average_rating>4.17</average_rating>
  <num_pages><![CDATA[236]]></num_pages>
  <format><![CDATA[Paperback]]></format>
  <edition_information><![CDATA[]]></edition_information>
  <ratings_count><![CDATA[15638]]></ratings_count>
  <text_reviews_count><![CDATA[409]]></text_reviews_count>
  <url><![CDATA[https://www.goodreads.com/book/show/10669.When_Genius_Failed]]></url>
  <link><![CDATA[https://www.goodreads.com/book/show/10669.When_Genius_Failed]]></link>
  <authors>
<author>
<id>762</id>
<name>Roger Lowenstein</name>
<role></role>
<image_url nophoto='false'>
<![CDATA[https://images.gr-assets.com/authors/1227584992p5/762.jpg]]>
</image_url>
<small_image_url nophoto='false'>
<![CDATA[https://images.gr-assets.com/authors/1227584992p2/762.jpg]]>
</small_image_url>
<link><![CDATA[https://www.goodreads.com/author/show/762.Roger_Lowenstein]]></link>
<average_rating>4.15</average_rating>
<ratings_count>35430</ratings_count>
<text_reviews_count>1205</text_reviews_count>
</author>
</authors>

    <reviews_widget>
      <![CDATA[
        <style>
  #goodreads-widget {
    font-family: georgia, serif;
    padding: 18px 0;
    width:565px;
  }
  #goodreads-widget h1 {
    font-weight:normal;
    font-size: 16px;
    border-bottom: 1px solid #BBB596;
    margin-bottom: 0;
  }
  #goodreads-widget a {
    text-decoration: none;
    color:#660;
  }
  iframe{
    background-color: #fff;
  }
  #goodreads-widget a:hover { text-decoration: underline; }
  #goodreads-widget a:active {
    color:#660;
  }
  #gr_footer {
    width: 100%;
    border-top: 1px solid #BBB596;
    text-align: right;
  }
  #goodreads-widget .gr_branding{
    color: #382110;
    font-size: 11px;
    text-decoration: none;
    font-family: "Helvetica Neue", Helvetica, Arial, sans-serif;
  }
</style>
<div id="goodreads-widget">
  <div id="gr_header"><h1><a rel="nofollow" href="https://www.goodreads.com/book/show/10669.When_Genius_Failed">When Genius Failed Reviews</a></h1></div>
  <iframe id="the_iframe" src="https://www.goodreads.com/api/reviews_widget_iframe?did=DEVELOPER_ID&amp;format=html&amp;isbn=0375758259&amp;links=660&amp;min_rating=&amp;review_back=fff&amp;stars=000&amp;text=000" width="565" height="400" frameborder="0"></iframe>
  <div id="gr_footer">
    <a class="gr_branding" target="_blank" rel="nofollow" href="https://www.goodreads.com/book/show/10669.When_Genius_Failed?utm_medium=api&amp;utm_source=reviews_widget">Reviews from Goodreads.com</a>
  </div>
</div>

      ]]>
    </reviews_widget>
  <popular_shelves>
      <shelf name="to-read" count="13110"/>
      <shelf name="currently-reading" count="348"/>
      <shelf name="finance" count="300"/>
      <shelf name="business" count="293"/>
      <shelf name="non-fiction" count="189"/>
      <shelf name="economics" count="138"/>
      <shelf name="history" count="75"/>
      <shelf name="investing" count="69"/>
      <shelf name="nonfiction" count="47"/>
      <shelf name="favorites" count="45"/>
      <shelf name="owned" count="20"/>
      <shelf name="trading" count="20"/>
      <shelf name="business-finance" count="17"/>
      <shelf name="investment" count="16"/>
      <shelf name="business-books" count="15"/>
      <shelf name="financial" count="13"/>
      <shelf name="money" count="12"/>
      <shelf name="hedge-funds" count="11"/>
      <shelf name="finance-economics" count="11"/>
      <shelf name="default" count="10"/>
      <shelf name="economics-business" count="8"/>
      <shelf name="investments" count="8"/>
      <shelf name="economy" count="8"/>
      <shelf name="business-economics" count="8"/>
      <shelf name="economics-and-finance" count="7"/>
      <shelf name="audible" count="7"/>
      <shelf name="econ" count="7"/>
      <shelf name="audiobook" count="7"/>
      <shelf name="business-investing" count="7"/>
      <shelf name="wall-street" count="7"/>
      <shelf name="to-read-nonfiction" count="6"/>
      <shelf name="financial-crisis" count="6"/>
      <shelf name="financial-history" count="6"/>
      <shelf name="work" count="6"/>
      <shelf name="markets" count="6"/>
      <shelf name="business-history" count="6"/>
      <shelf name="owned-books" count="5"/>
      <shelf name="finance-business" count="5"/>
      <shelf name="finance-and-economics" count="5"/>
      <shelf name="management" count="5"/>
      <shelf name="english" count="5"/>
      <shelf name="biz" count="5"/>
      <shelf name="audiobooks" count="5"/>
      <shelf name="journalism" count="5"/>
      <shelf name="kindle" count="5"/>
      <shelf name="banking" count="5"/>
      <shelf name="biography" count="5"/>
      <shelf name="economics-finance" count="5"/>
      <shelf name="fiction" count="5"/>
      <shelf name="to-get" count="4"/>
      <shelf name="analytics" count="4"/>
      <shelf name="partially-read" count="4"/>
      <shelf name="must-read" count="4"/>
      <shelf name="100-best-business-books" count="4"/>
      <shelf name="wealth" count="4"/>
      <shelf name="library" count="4"/>
      <shelf name="american" count="4"/>
      <shelf name="business-and-finance" count="4"/>
      <shelf name="books-i-own" count="4"/>
      <shelf name="stocks" count="3"/>
      <shelf name="ltcm" count="3"/>
      <shelf name="entrepreneurship" count="3"/>
      <shelf name="read-later" count="3"/>
      <shelf name="failure" count="3"/>
      <shelf name="data-science" count="3"/>
      <shelf name="value-investing" count="3"/>
      <shelf name="my-books" count="3"/>
      <shelf name="my-library" count="3"/>
      <shelf name="economic-history" count="3"/>
      <shelf name="finance-econ" count="3"/>
      <shelf name="ebook" count="3"/>
      <shelf name="general" count="3"/>
      <shelf name="maybe" count="3"/>
      <shelf name="want-to-read" count="3"/>
      <shelf name="non-fic" count="3"/>
      <shelf name="mba" count="3"/>
      <shelf name="business-related" count="3"/>
      <shelf name="to-read-finance" count="3"/>
      <shelf name="risk" count="3"/>
      <shelf name="finance-investing" count="3"/>
      <shelf name="2000-2009" count="3"/>
      <shelf name="other-non-fiction" count="3"/>
      <shelf name="in-my-library" count="3"/>
      <shelf name="wishntref" count="3"/>
      <shelf name="want-to-buy" count="2"/>
      <shelf name="next" count="2"/>
      <shelf name="stock-market" count="2"/>
      <shelf name="nf" count="2"/>
      <shelf name="read-in-2017" count="2"/>
      <shelf name="trade" count="2"/>
      <shelf name="recommendations" count="2"/>
      <shelf name="really-want-to-read" count="2"/>
      <shelf name="history-politics" count="2"/>
      <shelf name="recommended" count="2"/>
      <shelf name="financial-company-history" count="2"/>
      <shelf name="priority" count="2"/>
      <shelf name="the-100-best-business-books-of-all" count="2"/>
      <shelf name="buisness" count="2"/>
      <shelf name="history-american" count="2"/>
      <shelf name="audio-cd-s-cassettes" count="2"/>
  </popular_shelves>
  <book_links>
    <book_link>
  <id>8</id>
  <name>Libraries</name>
  <link>https://www.goodreads.com/book_link/follow/8</link>
</book_link>

  </book_links>
  <buy_links>
    <buy_link>
<id>1</id>
<name>Amazon</name>
<link>https://www.goodreads.com/book_link/follow/1</link>
</buy_link>
<buy_link>
<id>10</id>
<name>Audible</name>
<link>https://www.goodreads.com/book_link/follow/10</link>
</buy_link>
<buy_link>
<id>3</id>
<name>Barnes &amp; Noble</name>
<link>https://www.goodreads.com/book_link/follow/3</link>
</buy_link>
<buy_link>
<id>1027</id>
<name>Kobo</name>
<link>https://www.goodreads.com/book_link/follow/1027</link>
</buy_link>
<buy_link>
<id>2102</id>
<name>Apple iBooks</name>
<link>https://www.goodreads.com/book_link/follow/2102</link>
</buy_link>
<buy_link>
<id>8036</id>
<name>Google Play</name>
<link>https://www.goodreads.com/book_link/follow/8036</link>
</buy_link>
<buy_link>
<id>4</id>
<name>Abebooks</name>
<link>https://www.goodreads.com/book_link/follow/4</link>
</buy_link>
<buy_link>
<id>882</id>
<name>Book Depository</name>
<link>https://www.goodreads.com/book_link/follow/882</link>
</buy_link>
<buy_link>
<id>9</id>
<name>Indigo</name>
<link>https://www.goodreads.com/book_link/follow/9</link>
</buy_link>
<buy_link>
<id>2</id>
<name>Half.com</name>
<link>https://www.goodreads.com/book_link/follow/2</link>
</buy_link>
<buy_link>
<id>5</id>
<name>Alibris</name>
<link>https://www.goodreads.com/book_link/follow/5</link>
</buy_link>
<buy_link>
<id>107</id>
<name>Better World Books</name>
<link>https://www.goodreads.com/book_link/follow/107</link>
</buy_link>
<buy_link>
<id>7</id>
<name>IndieBound</name>
<link>https://www.goodreads.com/book_link/follow/7</link>
</buy_link>

  </buy_links>
  <series_works>
    
  </series_works>
  <similar_books>
          <book>
<id>1972</id>
<title>Den of Thieves</title>
<title_without_series>Den of Thieves</title_without_series>
<link><![CDATA[https://www.goodreads.com/book/show/1972.Den_of_Thieves]]></link>
<small_image_url><![CDATA[https://s.gr-assets.com/assets/nophoto/book/50x75-a91bf249278a81aabab721ef782c4a74.png]]></small_image_url>
<image_url><![CDATA[https://s.gr-assets.com/assets/nophoto/book/111x148-bcc042a9c91a29c1d680899eff700a03.png]]></image_url>
<num_pages></num_pages>
<work>
<id>37852</id>
</work>
<isbn>067179227X</isbn>
<isbn13>9780671792275</isbn13>
<average_rating>4.14</average_rating>
<ratings_count>7949</ratings_count>
<publication_year></publication_year>
<publication_month></publication_month>
<publication_day></publication_day>
<authors>
<author>
<id>1328</id>
<name>James B. Stewart</name>
<link><![CDATA[https://www.goodreads.com/author/show/1328.James_B_Stewart]]></link>
</author>
</authors>
</book>

          <book>
<id>100788</id>
<title><![CDATA[The Predators' Ball: The Inside Story of Drexel Burnham and the Rise of the Junk Bond Raiders]]></title>
<title_without_series><![CDATA[The Predators' Ball: The Inside Story of Drexel Burnham and the Rise of the Junk Bond Raiders]]></title_without_series>
<link><![CDATA[https://www.goodreads.com/book/show/100788.The_Predators_Ball]]></link>
<small_image_url><![CDATA[https://images.gr-assets.com/books/1382356059s/100788.jpg]]></small_image_url>
<image_url><![CDATA[https://images.gr-assets.com/books/1382356059m/100788.jpg]]></image_url>
<num_pages>400</num_pages>
<work>
<id>97184</id>
</work>
<isbn>0140120904</isbn>
<isbn13>9780140120905</isbn13>
<average_rating>4.02</average_rating>
<ratings_count>2544</ratings_count>
<publication_year>1989</publication_year>
<publication_month>6</publication_month>
<publication_day>1</publication_day>
<authors>
<author>
<id>58156</id>
<name>Connie Bruck</name>
<link><![CDATA[https://www.goodreads.com/author/show/58156.Connie_Bruck]]></link>
</author>
</authors>
</book>

          <book>
<id>113576</id>
<title><![CDATA[The Smartest Guys in the Room: The Amazing Rise and Scandalous Fall of Enron]]></title>
<title_without_series><![CDATA[The Smartest Guys in the Room: The Amazing Rise and Scandalous Fall of Enron]]></title_without_series>
<link><![CDATA[https://www.goodreads.com/book/show/113576.The_Smartest_Guys_in_the_Room]]></link>
<small_image_url><![CDATA[https://images.gr-assets.com/books/1309204701s/113576.jpg]]></small_image_url>
<image_url><![CDATA[https://images.gr-assets.com/books/1309204701m/113576.jpg]]></image_url>
<num_pages>480</num_pages>
<work>
<id>1604</id>
</work>
<isbn>1591840538</isbn>
<isbn13>9781591840534</isbn13>
<average_rating>4.14</average_rating>
<ratings_count>11239</ratings_count>
<publication_year>2004</publication_year>
<publication_month>9</publication_month>
<publication_day>28</publication_day>
<authors>
<author>
<id>65798</id>
<name>Bethany McLean</name>
<link><![CDATA[https://www.goodreads.com/author/show/65798.Bethany_McLean]]></link>
</author>
</authors>
</book>

          <book>
<id>7936425</id>
<title><![CDATA[More Money Than God: Hedge Funds and the Making of a New Elite]]></title>
<title_without_series><![CDATA[More Money Than God: Hedge Funds and the Making of a New Elite]]></title_without_series>
<link><![CDATA[https://www.goodreads.com/book/show/7936425-more-money-than-god]]></link>
<small_image_url><![CDATA[https://s.gr-assets.com/assets/nophoto/book/50x75-a91bf249278a81aabab721ef782c4a74.png]]></small_image_url>
<image_url><![CDATA[https://s.gr-assets.com/assets/nophoto/book/111x148-bcc042a9c91a29c1d680899eff700a03.png]]></image_url>
<num_pages></num_pages>
<work>
<id>11340346</id>
</work>
<isbn>1594202559</isbn>
<isbn13>9781594202551</isbn13>
<average_rating>3.97</average_rating>
<ratings_count>4710</ratings_count>
<publication_year></publication_year>
<publication_month></publication_month>
<publication_day></publication_day>
<authors>
<author>
<id>50019</id>
<name>Sebastian Mallaby</name>
<link><![CDATA[https://www.goodreads.com/author/show/50019.Sebastian_Mallaby]]></link>
</author>
</authors>
</book>

          <book>
<id>91360</id>
<title><![CDATA[Devil Take the Hindmost: A History of Financial Speculation]]></title>
<title_without_series><![CDATA[Devil Take the Hindmost: A History of Financial Speculation]]></title_without_series>
<link><![CDATA[https://www.goodreads.com/book/show/91360.Devil_Take_the_Hindmost]]></link>
<small_image_url><![CDATA[https://images.gr-assets.com/books/1309283479s/91360.jpg]]></small_image_url>
<image_url><![CDATA[https://images.gr-assets.com/books/1309283479m/91360.jpg]]></image_url>
<num_pages></num_pages>
<work>
<id>88152</id>
</work>
<isbn>0452281806</isbn>
<isbn13>9780452281806</isbn13>
<average_rating>3.94</average_rating>
<ratings_count>1201</ratings_count>
<publication_year></publication_year>
<publication_month></publication_month>
<publication_day></publication_day>
<authors>
<author>
<id>52515</id>
<name>Edward Chancellor</name>
<link><![CDATA[https://www.goodreads.com/author/show/52515.Edward_Chancellor]]></link>
</author>
</authors>
</book>

          <book>
<id>100779</id>
<title><![CDATA[Reminiscences of a Stock Operator]]></title>
<title_without_series><![CDATA[Reminiscences of a Stock Operator]]></title_without_series>
<link><![CDATA[https://www.goodreads.com/book/show/100779.Reminiscences_of_a_Stock_Operator]]></link>
<small_image_url><![CDATA[https://images.gr-assets.com/books/1355080577s/100779.jpg]]></small_image_url>
<image_url><![CDATA[https://images.gr-assets.com/books/1355080577m/100779.jpg]]></image_url>
<num_pages>308</num_pages>
<work>
<id>97175</id>
</work>
<isbn>0471770884</isbn>
<isbn13>9780471770886</isbn13>
<average_rating>4.16</average_rating>
<ratings_count>8707</ratings_count>
<publication_year>1923</publication_year>
<publication_month>1</publication_month>
<publication_day>17</publication_day>
<authors>
<author>
<id>58151</id>
<name>Edwin Lefèvre</name>
<link><![CDATA[https://www.goodreads.com/author/show/58151.Edwin_Lef_vre]]></link>
</author>
</authors>
</book>

          <book>
<id>615741</id>
<title><![CDATA[A Demon of Our Own Design: Markets, Hedge Funds, and the Perils of Financial Innovation]]></title>
<title_without_series><![CDATA[A Demon of Our Own Design: Markets, Hedge Funds, and the Perils of Financial Innovation]]></title_without_series>
<link><![CDATA[https://www.goodreads.com/book/show/615741.A_Demon_of_Our_Own_Design]]></link>
<small_image_url><![CDATA[https://s.gr-assets.com/assets/nophoto/book/50x75-a91bf249278a81aabab721ef782c4a74.png]]></small_image_url>
<image_url><![CDATA[https://s.gr-assets.com/assets/nophoto/book/111x148-bcc042a9c91a29c1d680899eff700a03.png]]></image_url>
<num_pages>276</num_pages>
<work>
<id>602177</id>
</work>
<isbn>0471227277</isbn>
<isbn13>9780471227274</isbn13>
<average_rating>3.89</average_rating>
<ratings_count>800</ratings_count>
<publication_year>2007</publication_year>
<publication_month>4</publication_month>
<publication_day>1</publication_day>
<authors>
<author>
<id>333161</id>
<name>Richard Bookstaber</name>
<link><![CDATA[https://www.goodreads.com/author/show/333161.Richard_Bookstaber]]></link>
</author>
</authors>
</book>

          <book>
<id>122335</id>
<title><![CDATA[Fiasco: The Inside Story of a Wall Street Trader]]></title>
<title_without_series><![CDATA[Fiasco: The Inside Story of a Wall Street Trader]]></title_without_series>
<link><![CDATA[https://www.goodreads.com/book/show/122335.Fiasco]]></link>
<small_image_url><![CDATA[https://s.gr-assets.com/assets/nophoto/book/50x75-a91bf249278a81aabab721ef782c4a74.png]]></small_image_url>
<image_url><![CDATA[https://s.gr-assets.com/assets/nophoto/book/111x148-bcc042a9c91a29c1d680899eff700a03.png]]></image_url>
<num_pages></num_pages>
<work>
<id>117777</id>
</work>
<isbn>0140278796</isbn>
<isbn13>9780140278798</isbn13>
<average_rating>3.84</average_rating>
<ratings_count>1558</ratings_count>
<publication_year></publication_year>
<publication_month></publication_month>
<publication_day></publication_day>
<authors>
<author>
<id>70560</id>
<name>Frank Partnoy</name>
<link><![CDATA[https://www.goodreads.com/author/show/70560.Frank_Partnoy]]></link>
</author>
</authors>
</book>

          <book>
<id>128429</id>
<title><![CDATA[Against the Gods: The Remarkable Story of Risk]]></title>
<title_without_series><![CDATA[Against the Gods: The Remarkable Story of Risk]]></title_without_series>
<link><![CDATA[https://www.goodreads.com/book/show/128429.Against_the_Gods]]></link>
<small_image_url><![CDATA[https://s.gr-assets.com/assets/nophoto/book/50x75-a91bf249278a81aabab721ef782c4a74.png]]></small_image_url>
<image_url><![CDATA[https://s.gr-assets.com/assets/nophoto/book/111x148-bcc042a9c91a29c1d680899eff700a03.png]]></image_url>
<num_pages>383</num_pages>
<work>
<id>123689</id>
</work>
<isbn>0471295639</isbn>
<isbn13>9780471295631</isbn13>
<average_rating>3.96</average_rating>
<ratings_count>8433</ratings_count>
<publication_year></publication_year>
<publication_month></publication_month>
<publication_day></publication_day>
<authors>
<author>
<id>73751</id>
<name>Peter L. Bernstein</name>
<link><![CDATA[https://www.goodreads.com/author/show/73751.Peter_L_Bernstein]]></link>
</author>
</authors>
</book>

          <book>
<id>263982</id>
<title><![CDATA[Inside the House of Money: Top Hedge Fund Traders on Profiting in a Global Market]]></title>
<title_without_series><![CDATA[Inside the House of Money: Top Hedge Fund Traders on Profiting in a Global Market]]></title_without_series>
<link><![CDATA[https://www.goodreads.com/book/show/263982.Inside_the_House_of_Money]]></link>
<small_image_url><![CDATA[https://s.gr-assets.com/assets/nophoto/book/50x75-a91bf249278a81aabab721ef782c4a74.png]]></small_image_url>
<image_url><![CDATA[https://s.gr-assets.com/assets/nophoto/book/111x148-bcc042a9c91a29c1d680899eff700a03.png]]></image_url>
<num_pages>370</num_pages>
<work>
<id>255909</id>
</work>
<isbn>0471794473</isbn>
<isbn13>9780471794479</isbn13>
<average_rating>3.98</average_rating>
<ratings_count>716</ratings_count>
<publication_year>2006</publication_year>
<publication_month>4</publication_month>
<publication_day>1</publication_day>
<authors>
<author>
<id>154136</id>
<name>Steven Drobny</name>
<link><![CDATA[https://www.goodreads.com/author/show/154136.Steven_Drobny]]></link>
</author>
</authors>
</book>

          <book>
<id>7663760</id>
<title><![CDATA[Fooling Some of the People All of the Time: A Long Short (and Now Complete) Story]]></title>
<title_without_series><![CDATA[Fooling Some of the People All of the Time: A Long Short (and Now Complete) Story]]></title_without_series>
<link><![CDATA[https://www.goodreads.com/book/show/7663760-fooling-some-of-the-people-all-of-the-time]]></link>
<small_image_url><![CDATA[https://s.gr-assets.com/assets/nophoto/book/50x75-a91bf249278a81aabab721ef782c4a74.png]]></small_image_url>
<image_url><![CDATA[https://s.gr-assets.com/assets/nophoto/book/111x148-bcc042a9c91a29c1d680899eff700a03.png]]></image_url>
<num_pages>426</num_pages>
<work>
<id>3665258</id>
</work>
<isbn>0470481544</isbn>
<isbn13>9780470481547</isbn13>
<average_rating>3.99</average_rating>
<ratings_count>2297</ratings_count>
<publication_year>2010</publication_year>
<publication_month>12</publication_month>
<publication_day>7</publication_day>
<authors>
<author>
<id>1397426</id>
<name>David Einhorn</name>
<link><![CDATA[https://www.goodreads.com/author/show/1397426.David_Einhorn]]></link>
</author>
</authors>
</book>

          <book>
<id>1162</id>
<title><![CDATA[Monkey Business: Swinging Through the Wall Street Jungle]]></title>
<title_without_series><![CDATA[Monkey Business: Swinging Through the Wall Street Jungle]]></title_without_series>
<link><![CDATA[https://www.goodreads.com/book/show/1162.Monkey_Business]]></link>
<small_image_url><![CDATA[https://s.gr-assets.com/assets/nophoto/book/50x75-a91bf249278a81aabab721ef782c4a74.png]]></small_image_url>
<image_url><![CDATA[https://s.gr-assets.com/assets/nophoto/book/111x148-bcc042a9c91a29c1d680899eff700a03.png]]></image_url>
<num_pages></num_pages>
<work>
<id>1344365</id>
</work>
<isbn>0446676950</isbn>
<isbn13>9780446676953</isbn13>
<average_rating>3.89</average_rating>
<ratings_count>3545</ratings_count>
<publication_year></publication_year>
<publication_month></publication_month>
<publication_day></publication_day>
<authors>
<author>
<id>764</id>
<name>John Rolfe</name>
<link><![CDATA[https://www.goodreads.com/author/show/764.John_Rolfe]]></link>
</author>
</authors>
</book>

          <book>
<id>618039</id>
<title>Hedgehogging</title>
<title_without_series>Hedgehogging</title_without_series>
<link><![CDATA[https://www.goodreads.com/book/show/618039.Hedgehogging]]></link>
<small_image_url><![CDATA[https://s.gr-assets.com/assets/nophoto/book/50x75-a91bf249278a81aabab721ef782c4a74.png]]></small_image_url>
<image_url><![CDATA[https://s.gr-assets.com/assets/nophoto/book/111x148-bcc042a9c91a29c1d680899eff700a03.png]]></image_url>
<num_pages></num_pages>
<work>
<id>604451</id>
</work>
<isbn>0471771910</isbn>
<isbn13>9780471771913</isbn13>
<average_rating>3.67</average_rating>
<ratings_count>1079</ratings_count>
<publication_year></publication_year>
<publication_month></publication_month>
<publication_day></publication_day>
<authors>
<author>
<id>334229</id>
<name>Barton Biggs</name>
<link><![CDATA[https://www.goodreads.com/author/show/334229.Barton_Biggs]]></link>
</author>
</authors>
</book>

          <book>
<id>3877311</id>
<title><![CDATA[The Partnership: The Making of Goldman Sachs]]></title>
<title_without_series><![CDATA[The Partnership: The Making of Goldman Sachs]]></title_without_series>
<link><![CDATA[https://www.goodreads.com/book/show/3877311-the-partnership]]></link>
<small_image_url><![CDATA[https://s.gr-assets.com/assets/nophoto/book/50x75-a91bf249278a81aabab721ef782c4a74.png]]></small_image_url>
<image_url><![CDATA[https://s.gr-assets.com/assets/nophoto/book/111x148-bcc042a9c91a29c1d680899eff700a03.png]]></image_url>
<num_pages>752</num_pages>
<work>
<id>3922552</id>
</work>
<isbn>1594201897</isbn>
<isbn13>9781594201899</isbn13>
<average_rating>3.75</average_rating>
<ratings_count>766</ratings_count>
<publication_year>2008</publication_year>
<publication_month>10</publication_month>
<publication_day>7</publication_day>
<authors>
<author>
<id>1151</id>
<name>Charles D. Ellis</name>
<link><![CDATA[https://www.goodreads.com/author/show/1151.Charles_D_Ellis]]></link>
</author>
</authors>
</book>

          <book>
<id>781182</id>
<title><![CDATA[Barbarians at the Gate: The Fall of RJR Nabisco]]></title>
<title_without_series><![CDATA[Barbarians at the Gate: The Fall of RJR Nabisco]]></title_without_series>
<link><![CDATA[https://www.goodreads.com/book/show/781182.Barbarians_at_the_Gate]]></link>
<small_image_url><![CDATA[https://s.gr-assets.com/assets/nophoto/book/50x75-a91bf249278a81aabab721ef782c4a74.png]]></small_image_url>
<image_url><![CDATA[https://s.gr-assets.com/assets/nophoto/book/111x148-bcc042a9c91a29c1d680899eff700a03.png]]></image_url>
<num_pages></num_pages>
<work>
<id>1011004</id>
</work>
<isbn>0060536357</isbn>
<isbn13>9780060536350</isbn13>
<average_rating>4.22</average_rating>
<ratings_count>20572</ratings_count>
<publication_year></publication_year>
<publication_month></publication_month>
<publication_day></publication_day>
<authors>
<author>
<id>32587</id>
<name>Bryan Burrough</name>
<link><![CDATA[https://www.goodreads.com/author/show/32587.Bryan_Burrough]]></link>
</author>
</authors>
</book>

          <book>
<id>29519</id>
<title><![CDATA[Conspiracy of Fools: A True Story]]></title>
<title_without_series><![CDATA[Conspiracy of Fools: A True Story]]></title_without_series>
<link><![CDATA[https://www.goodreads.com/book/show/29519.Conspiracy_of_Fools]]></link>
<small_image_url><![CDATA[https://s.gr-assets.com/assets/nophoto/book/50x75-a91bf249278a81aabab721ef782c4a74.png]]></small_image_url>
<image_url><![CDATA[https://s.gr-assets.com/assets/nophoto/book/111x148-bcc042a9c91a29c1d680899eff700a03.png]]></image_url>
<num_pages>784</num_pages>
<work>
<id>1160426</id>
</work>
<isbn>0767911792</isbn>
<isbn13>9780767911795</isbn13>
<average_rating>4.20</average_rating>
<ratings_count>4050</ratings_count>
<publication_year>2005</publication_year>
<publication_month>12</publication_month>
<publication_day>27</publication_day>
<authors>
<author>
<id>16609</id>
<name>Kurt Eichenwald</name>
<link><![CDATA[https://www.goodreads.com/author/show/16609.Kurt_Eichenwald]]></link>
</author>
</authors>
</book>

          <book>
<id>966769</id>
<title>Market Wizards</title>
<title_without_series>Market Wizards</title_without_series>
<link><![CDATA[https://www.goodreads.com/book/show/966769.Market_Wizards]]></link>
<small_image_url><![CDATA[https://s.gr-assets.com/assets/nophoto/book/50x75-a91bf249278a81aabab721ef782c4a74.png]]></small_image_url>
<image_url><![CDATA[https://s.gr-assets.com/assets/nophoto/book/111x148-bcc042a9c91a29c1d680899eff700a03.png]]></image_url>
<num_pages>480</num_pages>
<work>
<id>951666</id>
</work>
<isbn>0887306101</isbn>
<isbn13>9780887306105</isbn13>
<average_rating>4.18</average_rating>
<ratings_count>4477</ratings_count>
<publication_year>1900</publication_year>
<publication_month>1</publication_month>
<publication_day>1</publication_day>
<authors>
<author>
<id>95329</id>
<name>Jack D. Schwager</name>
<link><![CDATA[https://www.goodreads.com/author/show/95329.Jack_D_Schwager]]></link>
</author>
</authors>
</book>

          <book>
<id>71</id>
<title><![CDATA[Traders, Guns & Money: Knowns and Unknowns in the Dazzling World of Derivatives]]></title>
<title_without_series><![CDATA[Traders, Guns & Money: Knowns and Unknowns in the Dazzling World of Derivatives]]></title_without_series>
<link><![CDATA[https://www.goodreads.com/book/show/71.Traders_Guns_Money]]></link>
<small_image_url><![CDATA[https://s.gr-assets.com/assets/nophoto/book/50x75-a91bf249278a81aabab721ef782c4a74.png]]></small_image_url>
<image_url><![CDATA[https://s.gr-assets.com/assets/nophoto/book/111x148-bcc042a9c91a29c1d680899eff700a03.png]]></image_url>
<num_pages>334</num_pages>
<work>
<id>4436</id>
</work>
<isbn>0273704745</isbn>
<isbn13>9780273704744</isbn13>
<average_rating>3.82</average_rating>
<ratings_count>1337</ratings_count>
<publication_year>2006</publication_year>
<publication_month>5</publication_month>
<publication_day>15</publication_day>
<authors>
<author>
<id>36</id>
<name>Satyajit Das</name>
<link><![CDATA[https://www.goodreads.com/author/show/36.Satyajit_Das]]></link>
</author>
</authors>
</book>

  </similar_books>
</book>

</GoodreadsResponse>