<?xml version="1.0" encoding="UTF-8"?>
<GoodreadsResponse>
  <Request>
    <authentication>true</authentication>
      <key><![CDATA[all_men_must_serve]]></key>
    <method><![CDATA[book_show]]></method>
  </Request>
  <book>
  <id>1067</id>
  <title>1776</title>
  <isbn><![CDATA[0743226720]]></isbn>
  <isbn13><![CDATA[9780743226721]]></isbn13>
  <asin><![CDATA[]]></asin>
  <kindle_asin><![CDATA[B00GU3TEKI]]></kindle_asin>
  <marketplace_id><![CDATA[A1F83G8C2ARO7P]]></marketplace_id>
  <country_code><![CDATA[GB]]></country_code>
  <image_url>https://images.gr-assets.com/books/1306787560m/1067.jpg</image_url>
  <small_image_url>https://images.gr-assets.com/books/1306787560s/1067.jpg</small_image_url>
  <publication_year></publication_year>
  <publication_month></publication_month>
  <publication_day></publication_day>
  <publisher></publisher>
  <language_code>eng</language_code>
  <is_ebook>false</is_ebook>
  <description><![CDATA[In this masterful book, David McCullough tells the intensely human story of those who marched with General George Washington in the year of the Declaration of Independence - when the whole American cause was riding on their success, without which all hope for independence would have been dashed and the noble ideals of the Declaration would have amounted to little more than words on paper.<br /><br />Based on extensive research in both American and British archives, <i>1776</i> is a powerful drama written with extraordinary narrative vitality. It is the story of Americans in the ranks, men of every shape, size, and color, farmers, schoolteachers, shoemakers, no-accounts, and mere boys turned soldiers. And it is the story of the King's men, the British commander, William Howe, an his highly disciplined redcoats who looked on their rebel foes with contempt and fought with a valor too little known.<br /><br />At the center of the drama, with Washington, are two young American patriots, who, at first, knew no more of war than what they had read in books - Nathaniel Green, a Quaker who was made a general at thirty-three, and Henry Knox, a twenty-five-year-old bookseller who had the preposterous idea of hauling the guns of Fort Ticonderoga overland to Boston in the dead of Winter.<br /><br />But it is the American commander-in-chief who stands foremost - Washington, who had never before led an army in battle. Written as a companion work to his celebrated biography of John Adams, David McCullough's <i>1776</i> is another landmark in the literature of American history.]]></description>
  <work>
  <id type="integer">3364186</id>
  <books_count type="integer">38</books_count>
  <best_book_id type="integer">1067</best_book_id>
  <reviews_count type="integer">260088</reviews_count>
  <ratings_sum type="integer">550353</ratings_sum>
  <ratings_count type="integer">135538</ratings_count>
  <text_reviews_count type="integer">5970</text_reviews_count>
  <original_publication_year type="integer">2005</original_publication_year>
  <original_publication_month type="integer" nil="true"/>
  <original_publication_day type="integer" nil="true"/>
  <original_title>1776</original_title>
  <original_language_id type="integer" nil="true"/>
  <media_type>book</media_type>
  <rating_dist>5:51911|4:51729|3:23254|2:5476|1:3168|total:135538</rating_dist>
  <desc_user_id type="integer">18214469</desc_user_id>
  <default_chaptering_book_id type="integer" nil="true"/>
  <default_description_language_code nil="true"/>
</work>
  <average_rating>4.06</average_rating>
  <num_pages><![CDATA[386]]></num_pages>
  <format><![CDATA[]]></format>
  <edition_information><![CDATA[US / Canada]]></edition_information>
  <ratings_count><![CDATA[130445]]></ratings_count>
  <text_reviews_count><![CDATA[5417]]></text_reviews_count>
  <url><![CDATA[https://www.goodreads.com/book/show/1067.1776]]></url>
  <link><![CDATA[https://www.goodreads.com/book/show/1067.1776]]></link>
  <authors>
<author>
<id>6281688</id>
<name>David McCullough</name>
<role></role>
<image_url nophoto='false'>
<![CDATA[https://images.gr-assets.com/authors/1429921568p5/6281688.jpg]]>
</image_url>
<small_image_url nophoto='false'>
<![CDATA[https://images.gr-assets.com/authors/1429921568p2/6281688.jpg]]>
</small_image_url>
<link><![CDATA[https://www.goodreads.com/author/show/6281688.David_McCullough]]></link>
<average_rating>4.08</average_rating>
<ratings_count>529300</ratings_count>
<text_reviews_count>24945</text_reviews_count>
</author>
</authors>

    <reviews_widget>
      <![CDATA[
        <style>
  #goodreads-widget {
    font-family: georgia, serif;
    padding: 18px 0;
    width:565px;
  }
  #goodreads-widget h1 {
    font-weight:normal;
    font-size: 16px;
    border-bottom: 1px solid #BBB596;
    margin-bottom: 0;
  }
  #goodreads-widget a {
    text-decoration: none;
    color:#660;
  }
  iframe{
    background-color: #fff;
  }
  #goodreads-widget a:hover { text-decoration: underline; }
  #goodreads-widget a:active {
    color:#660;
  }
  #gr_footer {
    width: 100%;
    border-top: 1px solid #BBB596;
    text-align: right;
  }
  #goodreads-widget .gr_branding{
    color: #382110;
    font-size: 11px;
    text-decoration: none;
    font-family: "Helvetica Neue", Helvetica, Arial, sans-serif;
  }
</style>
<div id="goodreads-widget">
  <div id="gr_header"><h1><a rel="nofollow" href="https://www.goodreads.com/book/show/1067.1776">1776 Reviews</a></h1></div>
  <iframe id="the_iframe" src="https://www.goodreads.com/api/reviews_widget_iframe?did=DEVELOPER_ID&amp;format=html&amp;isbn=0743226720&amp;links=660&amp;min_rating=&amp;review_back=fff&amp;stars=000&amp;text=000" width="565" height="400" frameborder="0"></iframe>
  <div id="gr_footer">
    <a class="gr_branding" target="_blank" rel="nofollow" href="https://www.goodreads.com/book/show/1067.1776?utm_medium=api&amp;utm_source=reviews_widget">Reviews from Goodreads.com</a>
  </div>
</div>

      ]]>
    </reviews_widget>
  <popular_shelves>
      <shelf name="to-read" count="114474"/>
      <shelf name="history" count="4413"/>
      <shelf name="currently-reading" count="3394"/>
      <shelf name="non-fiction" count="1886"/>
      <shelf name="nonfiction" count="806"/>
      <shelf name="american-history" count="565"/>
      <shelf name="favorites" count="344"/>
      <shelf name="historical" count="334"/>
      <shelf name="owned" count="233"/>
      <shelf name="american-revolution" count="223"/>
      <shelf name="war" count="209"/>
      <shelf name="books-i-own" count="208"/>
      <shelf name="military" count="127"/>
      <shelf name="audiobook" count="125"/>
      <shelf name="revolutionary-war" count="124"/>
      <shelf name="us-history" count="114"/>
      <shelf name="biography" count="104"/>
      <shelf name="politics" count="103"/>
      <shelf name="historical-fiction" count="103"/>
      <shelf name="book-club" count="103"/>
      <shelf name="audiobooks" count="102"/>
      <shelf name="audio" count="95"/>
      <shelf name="owned-books" count="89"/>
      <shelf name="default" count="84"/>
      <shelf name="history-american" count="80"/>
      <shelf name="american" count="77"/>
      <shelf name="military-history" count="73"/>
      <shelf name="library" count="67"/>
      <shelf name="audible" count="64"/>
      <shelf name="historical-non-fiction" count="59"/>
      <shelf name="history-biography" count="57"/>
      <shelf name="revolution" count="54"/>
      <shelf name="america" count="54"/>
      <shelf name="david-mccullough" count="51"/>
      <shelf name="audio-book" count="51"/>
      <shelf name="my-library" count="50"/>
      <shelf name="kindle" count="45"/>
      <shelf name="fiction" count="44"/>
      <shelf name="audio-books" count="38"/>
      <shelf name="to-buy" count="37"/>
      <shelf name="revolutionary" count="37"/>
      <shelf name="to-read-non-fiction" count="35"/>
      <shelf name="own-it" count="35"/>
      <shelf name="historical-nonfiction" count="35"/>
      <shelf name="abandoned" count="35"/>
      <shelf name="to-read-nonfiction" count="34"/>
      <shelf name="usa" count="34"/>
      <shelf name="non-fiction-history" count="34"/>
      <shelf name="my-books" count="34"/>
      <shelf name="adult" count="34"/>
      <shelf name="18th-century" count="33"/>
      <shelf name="u-s-history" count="32"/>
      <shelf name="political" count="32"/>
      <shelf name="didn-t-finish" count="31"/>
      <shelf name="presidents" count="29"/>
      <shelf name="ebook" count="28"/>
      <shelf name="school" count="28"/>
      <shelf name="mccullough" count="27"/>
      <shelf name="united-states" count="25"/>
      <shelf name="classics" count="25"/>
      <shelf name="did-not-finish" count="25"/>
      <shelf name="history-to-read" count="24"/>
      <shelf name="to-read-history" count="24"/>
      <shelf name="wish-list" count="24"/>
      <shelf name="history-politics" count="24"/>
      <shelf name="1776" count="23"/>
      <shelf name="period" count="23"/>
      <shelf name="nonfiction-history" count="23"/>
      <shelf name="non-fiction-to-read" count="23"/>
      <shelf name="history-non-fiction" count="23"/>
      <shelf name="read-in-2016" count="22"/>
      <shelf name="states" count="22"/>
      <shelf name="ebooks" count="22"/>
      <shelf name="founding-fathers" count="22"/>
      <shelf name="unfinished" count="22"/>
      <shelf name="united" count="21"/>
      <shelf name="home-library" count="21"/>
      <shelf name="history-books" count="21"/>
      <shelf name="biographies" count="21"/>
      <shelf name="shelfari-favorites" count="20"/>
      <shelf name="bookshelf" count="20"/>
      <shelf name="general" count="20"/>
      <shelf name="u-s" count="19"/>
      <shelf name="1775-1800" count="19"/>
      <shelf name="1775-1783" count="19"/>
      <shelf name="personal-library" count="19"/>
      <shelf name="george-washington" count="18"/>
      <shelf name="own-to-read" count="18"/>
      <shelf name="have" count="18"/>
      <shelf name="bookclub" count="18"/>
      <shelf name="history-nonfiction" count="17"/>
      <shelf name="non-fic" count="17"/>
      <shelf name="in-my-library" count="17"/>
      <shelf name="adult-nonfiction" count="17"/>
      <shelf name="2006" count="17"/>
      <shelf name="calibre" count="16"/>
      <shelf name="i-own" count="16"/>
      <shelf name="history-us" count="16"/>
      <shelf name="book-group" count="16"/>
      <shelf name="nonfic" count="15"/>
  </popular_shelves>
  <book_links>
    <book_link>
  <id>8</id>
  <name>Libraries</name>
  <link>https://www.goodreads.com/book_link/follow/8</link>
</book_link>

  </book_links>
  <buy_links>
    <buy_link>
<id>1</id>
<name>Amazon</name>
<link>https://www.goodreads.com/book_link/follow/1</link>
</buy_link>
<buy_link>
<id>10</id>
<name>Audible</name>
<link>https://www.goodreads.com/book_link/follow/10</link>
</buy_link>
<buy_link>
<id>3</id>
<name>Barnes &amp; Noble</name>
<link>https://www.goodreads.com/book_link/follow/3</link>
</buy_link>
<buy_link>
<id>1027</id>
<name>Kobo</name>
<link>https://www.goodreads.com/book_link/follow/1027</link>
</buy_link>
<buy_link>
<id>2102</id>
<name>Apple iBooks</name>
<link>https://www.goodreads.com/book_link/follow/2102</link>
</buy_link>
<buy_link>
<id>8036</id>
<name>Google Play</name>
<link>https://www.goodreads.com/book_link/follow/8036</link>
</buy_link>
<buy_link>
<id>4</id>
<name>Abebooks</name>
<link>https://www.goodreads.com/book_link/follow/4</link>
</buy_link>
<buy_link>
<id>882</id>
<name>Book Depository</name>
<link>https://www.goodreads.com/book_link/follow/882</link>
</buy_link>
<buy_link>
<id>9</id>
<name>Indigo</name>
<link>https://www.goodreads.com/book_link/follow/9</link>
</buy_link>
<buy_link>
<id>2</id>
<name>Half.com</name>
<link>https://www.goodreads.com/book_link/follow/2</link>
</buy_link>
<buy_link>
<id>5</id>
<name>Alibris</name>
<link>https://www.goodreads.com/book_link/follow/5</link>
</buy_link>
<buy_link>
<id>107</id>
<name>Better World Books</name>
<link>https://www.goodreads.com/book_link/follow/107</link>
</buy_link>
<buy_link>
<id>7</id>
<name>IndieBound</name>
<link>https://www.goodreads.com/book_link/follow/7</link>
</buy_link>

  </buy_links>
  <series_works>
    
  </series_works>
  <similar_books>
          <book>
<id>196717</id>
<title><![CDATA[American Creation: Triumphs and Tragedies at the Founding of the Republic]]></title>
<title_without_series><![CDATA[American Creation: Triumphs and Tragedies at the Founding of the Republic]]></title_without_series>
<link><![CDATA[https://www.goodreads.com/book/show/196717.American_Creation]]></link>
<small_image_url><![CDATA[https://s.gr-assets.com/assets/nophoto/book/50x75-a91bf249278a81aabab721ef782c4a74.png]]></small_image_url>
<image_url><![CDATA[https://s.gr-assets.com/assets/nophoto/book/111x148-bcc042a9c91a29c1d680899eff700a03.png]]></image_url>
<num_pages>299</num_pages>
<work>
<id>190264</id>
</work>
<isbn>030726369X</isbn>
<isbn13>9780307263698</isbn13>
<average_rating>3.96</average_rating>
<ratings_count>7223</ratings_count>
<publication_year>2007</publication_year>
<publication_month>10</publication_month>
<publication_day>30</publication_day>
<authors>
<author>
<id>1483</id>
<name>Joseph J. Ellis</name>
<link><![CDATA[https://www.goodreads.com/author/show/1483.Joseph_J_Ellis]]></link>
</author>
</authors>
</book>

          <book>
<id>1206073</id>
<title>Washington&apos;s Crossing</title>
<title_without_series>Washington&apos;s Crossing</title_without_series>
<link><![CDATA[https://www.goodreads.com/book/show/1206073.Washington_s_Crossing]]></link>
<small_image_url><![CDATA[https://images.gr-assets.com/books/1353284022s/1206073.jpg]]></small_image_url>
<image_url><![CDATA[https://images.gr-assets.com/books/1353284022m/1206073.jpg]]></image_url>
<num_pages>564</num_pages>
<work>
<id>1773948</id>
</work>
<isbn>0195170342</isbn>
<isbn13>0000195170342</isbn13>
<average_rating>4.11</average_rating>
<ratings_count>10998</ratings_count>
<publication_year>2004</publication_year>
<publication_month>2</publication_month>
<publication_day>12</publication_day>
<authors>
<author>
<id>5062</id>
<name>David Hackett Fischer</name>
<link><![CDATA[https://www.goodreads.com/author/show/5062.David_Hackett_Fischer]]></link>
</author>
</authors>
</book>

          <book>
<id>634567</id>
<title>Washington&apos;s Secret War</title>
<title_without_series>Washington&apos;s Secret War</title_without_series>
<link><![CDATA[https://www.goodreads.com/book/show/634567.Washington_s_Secret_War]]></link>
<small_image_url><![CDATA[https://images.gr-assets.com/books/1407107315s/634567.jpg]]></small_image_url>
<image_url><![CDATA[https://images.gr-assets.com/books/1407107315m/634567.jpg]]></image_url>
<num_pages></num_pages>
<work>
<id>620855</id>
</work>
<isbn>0060872934</isbn>
<isbn13>9780060872939</isbn13>
<average_rating>4.00</average_rating>
<ratings_count>977</ratings_count>
<publication_year></publication_year>
<publication_month></publication_month>
<publication_day></publication_day>
<authors>
<author>
<id>987885</id>
<name>Thomas J. Fleming</name>
<link><![CDATA[https://www.goodreads.com/author/show/987885.Thomas_J_Fleming]]></link>
</author>
</authors>
</book>

          <book>
<id>745364</id>
<title><![CDATA[Almost a Miracle: The American Victory in the War of Independence]]></title>
<title_without_series><![CDATA[Almost a Miracle: The American Victory in the War of Independence]]></title_without_series>
<link><![CDATA[https://www.goodreads.com/book/show/745364.Almost_a_Miracle]]></link>
<small_image_url><![CDATA[https://s.gr-assets.com/assets/nophoto/book/50x75-a91bf249278a81aabab721ef782c4a74.png]]></small_image_url>
<image_url><![CDATA[https://s.gr-assets.com/assets/nophoto/book/111x148-bcc042a9c91a29c1d680899eff700a03.png]]></image_url>
<num_pages></num_pages>
<work>
<id>731513</id>
</work>
<isbn>0195181212</isbn>
<isbn13>9780195181210</isbn13>
<average_rating>4.13</average_rating>
<ratings_count>2264</ratings_count>
<publication_year></publication_year>
<publication_month></publication_month>
<publication_day></publication_day>
<authors>
<author>
<id>213039</id>
<name>John Ferling</name>
<link><![CDATA[https://www.goodreads.com/author/show/213039.John_Ferling]]></link>
</author>
</authors>
</book>

          <book>
<id>550925</id>
<title><![CDATA[The American Revolution: A History]]></title>
<title_without_series><![CDATA[The American Revolution: A History]]></title_without_series>
<link><![CDATA[https://www.goodreads.com/book/show/550925.The_American_Revolution]]></link>
<small_image_url><![CDATA[https://images.gr-assets.com/books/1320389135s/550925.jpg]]></small_image_url>
<image_url><![CDATA[https://images.gr-assets.com/books/1320389135m/550925.jpg]]></image_url>
<num_pages>224</num_pages>
<work>
<id>538167</id>
</work>
<isbn>0812970411</isbn>
<isbn13>9780812970418</isbn13>
<average_rating>3.78</average_rating>
<ratings_count>1206</ratings_count>
<publication_year>2003</publication_year>
<publication_month>8</publication_month>
<publication_day>19</publication_day>
<authors>
<author>
<id>2124</id>
<name>Gordon S. Wood</name>
<link><![CDATA[https://www.goodreads.com/author/show/2124.Gordon_S_Wood]]></link>
</author>
</authors>
</book>

          <book>
<id>35100</id>
<title>Battle Cry of Freedom</title>
<title_without_series>Battle Cry of Freedom</title_without_series>
<link><![CDATA[https://www.goodreads.com/book/show/35100.Battle_Cry_of_Freedom]]></link>
<small_image_url><![CDATA[https://s.gr-assets.com/assets/nophoto/book/50x75-a91bf249278a81aabab721ef782c4a74.png]]></small_image_url>
<image_url><![CDATA[https://s.gr-assets.com/assets/nophoto/book/111x148-bcc042a9c91a29c1d680899eff700a03.png]]></image_url>
<num_pages>867</num_pages>
<work>
<id>35039</id>
</work>
<isbn>019516895X</isbn>
<isbn13>9780195168952</isbn13>
<average_rating>4.32</average_rating>
<ratings_count>20347</ratings_count>
<publication_year>2003</publication_year>
<publication_month>12</publication_month>
<publication_day>11</publication_day>
<authors>
<author>
<id>12144</id>
<name>James M. McPherson</name>
<link><![CDATA[https://www.goodreads.com/author/show/12144.James_M_McPherson]]></link>
</author>
</authors>
</book>

          <book>
<id>227140</id>
<title><![CDATA[Adopted Son: Washington, Lafayette, and the Friendship that Saved the Revolution]]></title>
<title_without_series><![CDATA[Adopted Son: Washington, Lafayette, and the Friendship that Saved the Revolution]]></title_without_series>
<link><![CDATA[https://www.goodreads.com/book/show/227140.Adopted_Son]]></link>
<small_image_url><![CDATA[https://s.gr-assets.com/assets/nophoto/book/50x75-a91bf249278a81aabab721ef782c4a74.png]]></small_image_url>
<image_url><![CDATA[https://s.gr-assets.com/assets/nophoto/book/111x148-bcc042a9c91a29c1d680899eff700a03.png]]></image_url>
<num_pages>592</num_pages>
<work>
<id>220017</id>
</work>
<isbn>0553804359</isbn>
<isbn13>9780553804355</isbn13>
<average_rating>3.85</average_rating>
<ratings_count>217</ratings_count>
<publication_year>2007</publication_year>
<publication_month>1</publication_month>
<publication_day>30</publication_day>
<authors>
<author>
<id>125677</id>
<name>David A. Clary</name>
<link><![CDATA[https://www.goodreads.com/author/show/125677.David_A_Clary]]></link>
</author>
</authors>
</book>

          <book>
<id>4405</id>
<title><![CDATA[American Gospel: God, the Founding Fathers, and the Making of a Nation]]></title>
<title_without_series><![CDATA[American Gospel: God, the Founding Fathers, and the Making of a Nation]]></title_without_series>
<link><![CDATA[https://www.goodreads.com/book/show/4405.American_Gospel]]></link>
<small_image_url><![CDATA[https://s.gr-assets.com/assets/nophoto/book/50x75-a91bf249278a81aabab721ef782c4a74.png]]></small_image_url>
<image_url><![CDATA[https://s.gr-assets.com/assets/nophoto/book/111x148-bcc042a9c91a29c1d680899eff700a03.png]]></image_url>
<num_pages>399</num_pages>
<work>
<id>803611</id>
</work>
<isbn>1400065550</isbn>
<isbn13>9781400065554</isbn13>
<average_rating>3.76</average_rating>
<ratings_count>1667</ratings_count>
<publication_year>2006</publication_year>
<publication_month>4</publication_month>
<publication_day>4</publication_day>
<authors>
<author>
<id>3041</id>
<name>Jon Meacham</name>
<link><![CDATA[https://www.goodreads.com/author/show/3041.Jon_Meacham]]></link>
</author>
</authors>
</book>

          <book>
<id>11783138</id>
<title>James Madison</title>
<title_without_series>James Madison</title_without_series>
<link><![CDATA[https://www.goodreads.com/book/show/11783138-james-madison]]></link>
<small_image_url><![CDATA[https://images.gr-assets.com/books/1328841744s/11783138.jpg]]></small_image_url>
<image_url><![CDATA[https://images.gr-assets.com/books/1328841744m/11783138.jpg]]></image_url>
<num_pages></num_pages>
<work>
<id>16735040</id>
</work>
<isbn>0465019838</isbn>
<isbn13>9780465019830</isbn13>
<average_rating>3.70</average_rating>
<ratings_count>1851</ratings_count>
<publication_year></publication_year>
<publication_month></publication_month>
<publication_day></publication_day>
<authors>
<author>
<id>44561</id>
<name>Richard Brookhiser</name>
<link><![CDATA[https://www.goodreads.com/author/show/44561.Richard_Brookhiser]]></link>
</author>
</authors>
</book>

          <book>
<id>785003</id>
<title>The Glorious Cause</title>
<title_without_series>The Glorious Cause</title_without_series>
<link><![CDATA[https://www.goodreads.com/book/show/785003.The_Glorious_Cause]]></link>
<small_image_url><![CDATA[https://images.gr-assets.com/books/1320436067s/785003.jpg]]></small_image_url>
<image_url><![CDATA[https://images.gr-assets.com/books/1320436067m/785003.jpg]]></image_url>
<num_pages>680</num_pages>
<work>
<id>1044703</id>
</work>
<isbn>0345427580</isbn>
<isbn13>9780345427588</isbn13>
<average_rating>4.25</average_rating>
<ratings_count>5017</ratings_count>
<publication_year>2003</publication_year>
<publication_month>6</publication_month>
<publication_day>3</publication_day>
<authors>
<author>
<id>14655</id>
<name>Jeff Shaara</name>
<link><![CDATA[https://www.goodreads.com/author/show/14655.Jeff_Shaara]]></link>
</author>
</authors>
</book>

          <book>
<id>306357</id>
<title><![CDATA[Ladies of Liberty: The Women Who Shaped Our Nation]]></title>
<title_without_series><![CDATA[Ladies of Liberty: The Women Who Shaped Our Nation]]></title_without_series>
<link><![CDATA[https://www.goodreads.com/book/show/306357.Ladies_of_Liberty]]></link>
<small_image_url><![CDATA[https://s.gr-assets.com/assets/nophoto/book/50x75-a91bf249278a81aabab721ef782c4a74.png]]></small_image_url>
<image_url><![CDATA[https://s.gr-assets.com/assets/nophoto/book/111x148-bcc042a9c91a29c1d680899eff700a03.png]]></image_url>
<num_pages>481</num_pages>
<work>
<id>297341</id>
</work>
<isbn>006078234X</isbn>
<isbn13>9780060782344</isbn13>
<average_rating>3.79</average_rating>
<ratings_count>1771</ratings_count>
<publication_year>2008</publication_year>
<publication_month>4</publication_month>
<publication_day>8</publication_day>
<authors>
<author>
<id>48965</id>
<name>Cokie Roberts</name>
<link><![CDATA[https://www.goodreads.com/author/show/48965.Cokie_Roberts]]></link>
</author>
</authors>
</book>

          <book>
<id>1191303</id>
<title><![CDATA[Saratoga: Turning Point of America's Revolutionary War]]></title>
<title_without_series><![CDATA[Saratoga: Turning Point of America's Revolutionary War]]></title_without_series>
<link><![CDATA[https://www.goodreads.com/book/show/1191303.Saratoga]]></link>
<small_image_url><![CDATA[https://images.gr-assets.com/books/1312060385s/1191303.jpg]]></small_image_url>
<image_url><![CDATA[https://images.gr-assets.com/books/1312060385m/1191303.jpg]]></image_url>
<num_pages>576</num_pages>
<work>
<id>1179339</id>
</work>
<isbn>0805061231</isbn>
<isbn13>9780805061239</isbn13>
<average_rating>4.15</average_rating>
<ratings_count>795</ratings_count>
<publication_year>1999</publication_year>
<publication_month>5</publication_month>
<publication_day>15</publication_day>
<authors>
<author>
<id>115384</id>
<name>Richard M. Ketchum</name>
<link><![CDATA[https://www.goodreads.com/author/show/115384.Richard_M_Ketchum]]></link>
</author>
</authors>
</book>

          <book>
<id>3260471</id>
<title><![CDATA[The Drillmaster of Valley Forge: The Baron de Steuben and the Making of the American Army]]></title>
<title_without_series><![CDATA[The Drillmaster of Valley Forge: The Baron de Steuben and the Making of the American Army]]></title_without_series>
<link><![CDATA[https://www.goodreads.com/book/show/3260471-the-drillmaster-of-valley-forge]]></link>
<small_image_url><![CDATA[https://s.gr-assets.com/assets/nophoto/book/50x75-a91bf249278a81aabab721ef782c4a74.png]]></small_image_url>
<image_url><![CDATA[https://s.gr-assets.com/assets/nophoto/book/111x148-bcc042a9c91a29c1d680899eff700a03.png]]></image_url>
<num_pages>352</num_pages>
<work>
<id>3295753</id>
</work>
<isbn>0061451630</isbn>
<isbn13>9780061451638</isbn13>
<average_rating>4.09</average_rating>
<ratings_count>367</ratings_count>
<publication_year>2008</publication_year>
<publication_month>9</publication_month>
<publication_day>9</publication_day>
<authors>
<author>
<id>1032052</id>
<name>Paul Lockhart</name>
<link><![CDATA[https://www.goodreads.com/author/show/1032052.Paul_Lockhart]]></link>
</author>
</authors>
</book>

          <book>
<id>1018862</id>
<title><![CDATA[For Liberty and Glory: Washington, Lafayette, and Their Revolutions]]></title>
<title_without_series><![CDATA[For Liberty and Glory: Washington, Lafayette, and Their Revolutions]]></title_without_series>
<link><![CDATA[https://www.goodreads.com/book/show/1018862.For_Liberty_and_Glory]]></link>
<small_image_url><![CDATA[https://s.gr-assets.com/assets/nophoto/book/50x75-a91bf249278a81aabab721ef782c4a74.png]]></small_image_url>
<image_url><![CDATA[https://s.gr-assets.com/assets/nophoto/book/111x148-bcc042a9c91a29c1d680899eff700a03.png]]></image_url>
<num_pages>533</num_pages>
<work>
<id>1004986</id>
</work>
<isbn>0393061388</isbn>
<isbn13>9780393061383</isbn13>
<average_rating>3.86</average_rating>
<ratings_count>196</ratings_count>
<publication_year></publication_year>
<publication_month></publication_month>
<publication_day></publication_day>
<authors>
<author>
<id>160724</id>
<name>James R. Gaines</name>
<link><![CDATA[https://www.goodreads.com/author/show/160724.James_R_Gaines]]></link>
</author>
</authors>
</book>

          <book>
<id>138809</id>
<title><![CDATA[1812: The War That Forged a Nation]]></title>
<title_without_series><![CDATA[1812: The War That Forged a Nation]]></title_without_series>
<link><![CDATA[https://www.goodreads.com/book/show/138809.1812]]></link>
<small_image_url><![CDATA[https://images.gr-assets.com/books/1407708251s/138809.jpg]]></small_image_url>
<image_url><![CDATA[https://images.gr-assets.com/books/1407708251m/138809.jpg]]></image_url>
<num_pages></num_pages>
<work>
<id>133796</id>
</work>
<isbn>0060531134</isbn>
<isbn13>9780060531133</isbn13>
<average_rating>3.80</average_rating>
<ratings_count>1168</ratings_count>
<publication_year></publication_year>
<publication_month></publication_month>
<publication_day></publication_day>
<authors>
<author>
<id>80274</id>
<name>Walter R. Borneman</name>
<link><![CDATA[https://www.goodreads.com/author/show/80274.Walter_R_Borneman]]></link>
</author>
</authors>
</book>

          <book>
<id>175278</id>
<title><![CDATA[The Glorious Cause: The American Revolution, 1763-1789]]></title>
<title_without_series><![CDATA[The Glorious Cause: The American Revolution, 1763-1789]]></title_without_series>
<link><![CDATA[https://www.goodreads.com/book/show/175278.The_Glorious_Cause]]></link>
<small_image_url><![CDATA[https://s.gr-assets.com/assets/nophoto/book/50x75-a91bf249278a81aabab721ef782c4a74.png]]></small_image_url>
<image_url><![CDATA[https://s.gr-assets.com/assets/nophoto/book/111x148-bcc042a9c91a29c1d680899eff700a03.png]]></image_url>
<num_pages>736</num_pages>
<work>
<id>169332</id>
</work>
<isbn>019531588X</isbn>
<isbn13>9780195315882</isbn13>
<average_rating>3.91</average_rating>
<ratings_count>5554</ratings_count>
<publication_year>2007</publication_year>
<publication_month>3</publication_month>
<publication_day>1</publication_day>
<authors>
<author>
<id>102246</id>
<name>Robert Middlekauff</name>
<link><![CDATA[https://www.goodreads.com/author/show/102246.Robert_Middlekauff]]></link>
</author>
</authors>
</book>

          <book>
<id>196561</id>
<title><![CDATA[Angel in the Whirlwind: The Triumph of the American Revolution]]></title>
<title_without_series><![CDATA[Angel in the Whirlwind: The Triumph of the American Revolution]]></title_without_series>
<link><![CDATA[https://www.goodreads.com/book/show/196561.Angel_in_the_Whirlwind]]></link>
<small_image_url><![CDATA[https://s.gr-assets.com/assets/nophoto/book/50x75-a91bf249278a81aabab721ef782c4a74.png]]></small_image_url>
<image_url><![CDATA[https://s.gr-assets.com/assets/nophoto/book/111x148-bcc042a9c91a29c1d680899eff700a03.png]]></image_url>
<num_pages>560</num_pages>
<work>
<id>190108</id>
</work>
<isbn>0140275002</isbn>
<isbn13>9780140275001</isbn13>
<average_rating>4.10</average_rating>
<ratings_count>600</ratings_count>
<publication_year>1998</publication_year>
<publication_month>7</publication_month>
<publication_day>1</publication_day>
<authors>
<author>
<id>36845</id>
<name>Benson Bobrick</name>
<link><![CDATA[https://www.goodreads.com/author/show/36845.Benson_Bobrick]]></link>
</author>
</authors>
</book>

          <book>
<id>49255</id>
<title><![CDATA[Nothing Like It in the World: The Men Who Built the Transcontinental Railroad 1863-69]]></title>
<title_without_series><![CDATA[Nothing Like It in the World: The Men Who Built the Transcontinental Railroad 1863-69]]></title_without_series>
<link><![CDATA[https://www.goodreads.com/book/show/49255.Nothing_Like_It_in_the_World]]></link>
<small_image_url><![CDATA[https://s.gr-assets.com/assets/nophoto/book/50x75-a91bf249278a81aabab721ef782c4a74.png]]></small_image_url>
<image_url><![CDATA[https://s.gr-assets.com/assets/nophoto/book/111x148-bcc042a9c91a29c1d680899eff700a03.png]]></image_url>
<num_pages>432</num_pages>
<work>
<id>99506</id>
</work>
<isbn>0743203178</isbn>
<isbn13>9780743203173</isbn13>
<average_rating>3.93</average_rating>
<ratings_count>8310</ratings_count>
<publication_year>2001</publication_year>
<publication_month>11</publication_month>
<publication_day>6</publication_day>
<authors>
<author>
<id>5882</id>
<name>Stephen E. Ambrose</name>
<link><![CDATA[https://www.goodreads.com/author/show/5882.Stephen_E_Ambrose]]></link>
</author>
</authors>
</book>

  </similar_books>
</book>

</GoodreadsResponse>