<?xml version="1.0" encoding="UTF-8"?>
<GoodreadsResponse>
  <Request>
    <authentication>true</authentication>
      <key><![CDATA[all_men_must_serve]]></key>
    <method><![CDATA[book_show]]></method>
  </Request>
  <book>
  <id>106835</id>
  <title><![CDATA[The Intelligent Investor (Collins Business Essentials)]]></title>
  <isbn><![CDATA[0060555661]]></isbn>
  <isbn13><![CDATA[9780060555665]]></isbn13>
  <asin><![CDATA[]]></asin>
  <kindle_asin><![CDATA[B000FC12C8]]></kindle_asin>
  <marketplace_id><![CDATA[A1F83G8C2ARO7P]]></marketplace_id>
  <country_code><![CDATA[GB]]></country_code>
  <image_url>https://images.gr-assets.com/books/1409602421m/106835.jpg</image_url>
  <small_image_url>https://images.gr-assets.com/books/1409602421s/106835.jpg</small_image_url>
  <publication_year></publication_year>
  <publication_month></publication_month>
  <publication_day></publication_day>
  <publisher></publisher>
  <language_code>eng</language_code>
  <is_ebook>false</is_ebook>
  <description><![CDATA[Among the library of investment books promising no-fail strategies for riches, Benjamin Graham's classic, <i>The Intelligent Investor</i>, offers no guarantees or gimmicks but overflows with the wisdom at the core of all good portfolio management. <p> The hallmark of Graham's philosophy is not profit maximization but loss minimization. In this respect, <i>The Intelligent Investor</i> is a book for true investors, not speculators or day traders. He provides, "in a form suitable for the laymen, guidance in adoption and execution of an investment policy" (1). This policy is inherently for the longer term and requires a commitment of effort. Where the speculator follows market trends, the investor uses discipline, research, and his analytical ability to make unpopular but sound investments in bargains relative to current asset value. Graham coaches the investor to develop a rational plan for buying stocks and bonds, and he argues that this plan must be a bulwark against emotional behavior that will always be tempting during abrupt bull and bear markets. </p><p> Since it was first published in 1949, Graham's investment guide has sold over a million copies and has been praised by such luminaries as Warren E. Buffet as "the best book on investing every written." These accolades are well deserved. In its new form--with commentary on each chapter and extensive footnotes prepared by senior <i>Money</i> editor, Jason Zweig--the classic is now updated in light of changes in investment vehicles and market activities since 1972. What remains is a better book. Graham's sage advice, analytical guides, and cautionary tales are still valid for the contemporary investor, and Zweig's commentaries demonstrate the relevance of Graham's principles in light of 1990s and early twenty-first century market trends. <i>--Patrick O'Kelley</i></p>]]></description>
  <work>
  <id type="integer">102974</id>
  <books_count type="integer">57</books_count>
  <best_book_id type="integer">106835</best_book_id>
  <reviews_count type="integer">102502</reviews_count>
  <ratings_sum type="integer">137836</ratings_sum>
  <ratings_count type="integer">32285</ratings_count>
  <text_reviews_count type="integer">897</text_reviews_count>
  <original_publication_year type="integer">2003</original_publication_year>
  <original_publication_month type="integer">7</original_publication_month>
  <original_publication_day type="integer">1</original_publication_day>
  <original_title>The Intelligent Investor</original_title>
  <original_language_id type="integer" nil="true"/>
  <media_type>book</media_type>
  <rating_dist>5:16080|4:10557|3:4332|2:896|1:420|total:32285</rating_dist>
  <desc_user_id type="integer">489381</desc_user_id>
  <default_chaptering_book_id type="integer" nil="true"/>
  <default_description_language_code nil="true"/>
</work>
  <average_rating>4.27</average_rating>
  <num_pages><![CDATA[]]></num_pages>
  <format><![CDATA[]]></format>
  <edition_information><![CDATA[Revised Edition]]></edition_information>
  <ratings_count><![CDATA[29911]]></ratings_count>
  <text_reviews_count><![CDATA[770]]></text_reviews_count>
  <url><![CDATA[https://www.goodreads.com/book/show/106835.The_Intelligent_Investor]]></url>
  <link><![CDATA[https://www.goodreads.com/book/show/106835.The_Intelligent_Investor]]></link>
  <authors>
<author>
<id>755</id>
<name>Benjamin Graham</name>
<role></role>
<image_url nophoto='false'>
<![CDATA[https://images.gr-assets.com/authors/1300236137p5/755.jpg]]>
</image_url>
<small_image_url nophoto='false'>
<![CDATA[https://images.gr-assets.com/authors/1300236137p2/755.jpg]]>
</small_image_url>
<link><![CDATA[https://www.goodreads.com/author/show/755.Benjamin_Graham]]></link>
<average_rating>4.27</average_rating>
<ratings_count>38897</ratings_count>
<text_reviews_count>1032</text_reviews_count>
</author>
<author>
<id>61831</id>
<name>Jason Zweig</name>
<role>Contributor</role>
<image_url nophoto='true'>
<![CDATA[https://s.gr-assets.com/assets/nophoto/user/u_200x266-e183445fd1a1b5cc7075bb1cf7043306.png]]>
</image_url>
<small_image_url nophoto='true'>
<![CDATA[https://s.gr-assets.com/assets/nophoto/user/u_50x66-632230dc9882b4352d753eedf9396530.png]]>
</small_image_url>
<link><![CDATA[https://www.goodreads.com/author/show/61831.Jason_Zweig]]></link>
<average_rating>4.25</average_rating>
<ratings_count>33244</ratings_count>
<text_reviews_count>980</text_reviews_count>
</author>
<author>
<id>756</id>
<name>Warren Buffett</name>
<role>Contributor</role>
<image_url nophoto='false'>
<![CDATA[https://images.gr-assets.com/authors/1302356889p5/756.jpg]]>
</image_url>
<small_image_url nophoto='false'>
<![CDATA[https://images.gr-assets.com/authors/1302356889p2/756.jpg]]>
</small_image_url>
<link><![CDATA[https://www.goodreads.com/author/show/756.Warren_Buffett]]></link>
<average_rating>4.28</average_rating>
<ratings_count>39057</ratings_count>
<text_reviews_count>1116</text_reviews_count>
</author>
</authors>

    <reviews_widget>
      <![CDATA[
        <style>
  #goodreads-widget {
    font-family: georgia, serif;
    padding: 18px 0;
    width:565px;
  }
  #goodreads-widget h1 {
    font-weight:normal;
    font-size: 16px;
    border-bottom: 1px solid #BBB596;
    margin-bottom: 0;
  }
  #goodreads-widget a {
    text-decoration: none;
    color:#660;
  }
  iframe{
    background-color: #fff;
  }
  #goodreads-widget a:hover { text-decoration: underline; }
  #goodreads-widget a:active {
    color:#660;
  }
  #gr_footer {
    width: 100%;
    border-top: 1px solid #BBB596;
    text-align: right;
  }
  #goodreads-widget .gr_branding{
    color: #382110;
    font-size: 11px;
    text-decoration: none;
    font-family: "Helvetica Neue", Helvetica, Arial, sans-serif;
  }
</style>
<div id="goodreads-widget">
  <div id="gr_header"><h1><a rel="nofollow" href="https://www.goodreads.com/book/show/106835.The_Intelligent_Investor">The Intelligent Investor Reviews</a></h1></div>
  <iframe id="the_iframe" src="https://www.goodreads.com/api/reviews_widget_iframe?did=DEVELOPER_ID&amp;format=html&amp;isbn=0060555661&amp;links=660&amp;min_rating=&amp;review_back=fff&amp;stars=000&amp;text=000" width="565" height="400" frameborder="0"></iframe>
  <div id="gr_footer">
    <a class="gr_branding" target="_blank" rel="nofollow" href="https://www.goodreads.com/book/show/106835.The_Intelligent_Investor?utm_medium=api&amp;utm_source=reviews_widget">Reviews from Goodreads.com</a>
  </div>
</div>

      ]]>
    </reviews_widget>
  <popular_shelves>
      <shelf name="to-read" count="9985"/>
      <shelf name="currently-reading" count="1192"/>
      <shelf name="finance" count="780"/>
      <shelf name="business" count="692"/>
      <shelf name="non-fiction" count="395"/>
      <shelf name="economics" count="231"/>
      <shelf name="investment" count="177"/>
      <shelf name="nonfiction" count="124"/>
      <shelf name="money" count="113"/>
      <shelf name="favorites" count="106"/>
      <shelf name="personal-finance" count="94"/>
      <shelf name="owned" count="79"/>
      <shelf name="investing" count="74"/>
      <shelf name="financial" count="69"/>
      <shelf name="to-buy" count="47"/>
      <shelf name="investments" count="41"/>
      <shelf name="finances" count="37"/>
      <shelf name="business-books" count="36"/>
      <shelf name="kindle" count="35"/>
      <shelf name="self-help" count="33"/>
      <shelf name="business-finance" count="32"/>
      <shelf name="default" count="31"/>
      <shelf name="trading" count="30"/>
      <shelf name="owned-books" count="29"/>
      <shelf name="books-i-own" count="29"/>
      <shelf name="value-investing" count="28"/>
      <shelf name="my-books" count="28"/>
      <shelf name="economy" count="28"/>
      <shelf name="to-read-business" count="26"/>
      <shelf name="library" count="25"/>
      <shelf name="reference" count="25"/>
      <shelf name="economics-finance" count="25"/>
      <shelf name="to-read-non-fiction" count="24"/>
      <shelf name="must-read" count="23"/>
      <shelf name="self-improvement" count="23"/>
      <shelf name="my-library" count="22"/>
      <shelf name="finance-investing" count="22"/>
      <shelf name="classics" count="22"/>
      <shelf name="abandoned" count="19"/>
      <shelf name="unfinished" count="19"/>
      <shelf name="personal-development" count="18"/>
      <shelf name="invest" count="18"/>
      <shelf name="business-investing" count="18"/>
      <shelf name="recommended" count="16"/>
      <shelf name="management" count="16"/>
      <shelf name="entrepreneurship" count="16"/>
      <shelf name="mba" count="15"/>
      <shelf name="stocks" count="15"/>
      <shelf name="wealth" count="15"/>
      <shelf name="finance-investment" count="14"/>
      <shelf name="finance-economics" count="14"/>
      <shelf name="econ" count="14"/>
      <shelf name="maybe" count="13"/>
      <shelf name="stock-market" count="13"/>
      <shelf name="on-hold" count="13"/>
      <shelf name="ebook" count="13"/>
      <shelf name="finance-business" count="13"/>
      <shelf name="2017-reading-list" count="12"/>
      <shelf name="shelfari-favorites" count="12"/>
      <shelf name="before-30" count="12"/>
      <shelf name="warren-buffet" count="12"/>
      <shelf name="priority" count="12"/>
      <shelf name="business-and-finance" count="12"/>
      <shelf name="business-economics" count="12"/>
      <shelf name="business-to-read" count="11"/>
      <shelf name="bought" count="11"/>
      <shelf name="warren-buffett" count="11"/>
      <shelf name="biz" count="11"/>
      <shelf name="to-read-finance" count="11"/>
      <shelf name="next" count="10"/>
      <shelf name="learning" count="10"/>
      <shelf name="1" count="10"/>
      <shelf name="books" count="10"/>
      <shelf name="partially-read" count="10"/>
      <shelf name="self-development" count="9"/>
      <shelf name="educational" count="9"/>
      <shelf name="non-fiction-to-read" count="9"/>
      <shelf name="education" count="9"/>
      <shelf name="work" count="9"/>
      <shelf name="investing-finance" count="9"/>
      <shelf name="did-not-finish" count="9"/>
      <shelf name="economics-business" count="9"/>
      <shelf name="wish-list" count="9"/>
      <shelf name="ebooks" count="9"/>
      <shelf name="self" count="8"/>
      <shelf name="business-and-economics" count="8"/>
      <shelf name="read-next" count="8"/>
      <shelf name="investor" count="8"/>
      <shelf name="investing-books" count="8"/>
      <shelf name="to-read-nonfiction" count="8"/>
      <shelf name="audiobook" count="8"/>
      <shelf name="economics-and-finance" count="8"/>
      <shelf name="personal" count="8"/>
      <shelf name="2017-challenge" count="7"/>
      <shelf name="entrepreneur" count="7"/>
      <shelf name="science" count="7"/>
      <shelf name="paused" count="7"/>
      <shelf name="buffet" count="7"/>
      <shelf name="not-finished" count="7"/>
      <shelf name="to-get" count="7"/>
  </popular_shelves>
  <book_links>
    <book_link>
  <id>8</id>
  <name>Libraries</name>
  <link>https://www.goodreads.com/book_link/follow/8</link>
</book_link>

  </book_links>
  <buy_links>
    <buy_link>
<id>1</id>
<name>Amazon</name>
<link>https://www.goodreads.com/book_link/follow/1</link>
</buy_link>
<buy_link>
<id>10</id>
<name>Audible</name>
<link>https://www.goodreads.com/book_link/follow/10</link>
</buy_link>
<buy_link>
<id>3</id>
<name>Barnes &amp; Noble</name>
<link>https://www.goodreads.com/book_link/follow/3</link>
</buy_link>
<buy_link>
<id>1027</id>
<name>Kobo</name>
<link>https://www.goodreads.com/book_link/follow/1027</link>
</buy_link>
<buy_link>
<id>2102</id>
<name>Apple iBooks</name>
<link>https://www.goodreads.com/book_link/follow/2102</link>
</buy_link>
<buy_link>
<id>8036</id>
<name>Google Play</name>
<link>https://www.goodreads.com/book_link/follow/8036</link>
</buy_link>
<buy_link>
<id>4</id>
<name>Abebooks</name>
<link>https://www.goodreads.com/book_link/follow/4</link>
</buy_link>
<buy_link>
<id>882</id>
<name>Book Depository</name>
<link>https://www.goodreads.com/book_link/follow/882</link>
</buy_link>
<buy_link>
<id>9</id>
<name>Indigo</name>
<link>https://www.goodreads.com/book_link/follow/9</link>
</buy_link>
<buy_link>
<id>2</id>
<name>Half.com</name>
<link>https://www.goodreads.com/book_link/follow/2</link>
</buy_link>
<buy_link>
<id>5</id>
<name>Alibris</name>
<link>https://www.goodreads.com/book_link/follow/5</link>
</buy_link>
<buy_link>
<id>107</id>
<name>Better World Books</name>
<link>https://www.goodreads.com/book_link/follow/107</link>
</buy_link>
<buy_link>
<id>7</id>
<name>IndieBound</name>
<link>https://www.goodreads.com/book_link/follow/7</link>
</buy_link>

  </buy_links>
  <series_works>
    
  </series_works>
  <similar_books>
          <book>
<id>25574</id>
<title><![CDATA[Common Stocks and Uncommon Profits and Other Writings]]></title>
<title_without_series><![CDATA[Common Stocks and Uncommon Profits and Other Writings]]></title_without_series>
<link><![CDATA[https://www.goodreads.com/book/show/25574.Common_Stocks_and_Uncommon_Profits_and_Other_Writings]]></link>
<small_image_url><![CDATA[https://s.gr-assets.com/assets/nophoto/book/50x75-a91bf249278a81aabab721ef782c4a74.png]]></small_image_url>
<image_url><![CDATA[https://s.gr-assets.com/assets/nophoto/book/111x148-bcc042a9c91a29c1d680899eff700a03.png]]></image_url>
<num_pages>292</num_pages>
<work>
<id>26302</id>
</work>
<isbn>0471445509</isbn>
<isbn13>9780471445500</isbn13>
<average_rating>4.09</average_rating>
<ratings_count>6123</ratings_count>
<publication_year>2017</publication_year>
<publication_month>4</publication_month>
<publication_day>13</publication_day>
<authors>
<author>
<id>14360</id>
<name>Philip A. Fisher</name>
<link><![CDATA[https://www.goodreads.com/author/show/14360.Philip_A_Fisher]]></link>
</author>
</authors>
</book>

          <book>
<id>746936</id>
<title><![CDATA[Margin of Safety: Risk-Averse Value Investing Strategies for the Thoughtful Investor]]></title>
<title_without_series><![CDATA[Margin of Safety: Risk-Averse Value Investing Strategies for the Thoughtful Investor]]></title_without_series>
<link><![CDATA[https://www.goodreads.com/book/show/746936.Margin_of_Safety]]></link>
<small_image_url><![CDATA[https://images.gr-assets.com/books/1279479806s/746936.jpg]]></small_image_url>
<image_url><![CDATA[https://images.gr-assets.com/books/1279479806m/746936.jpg]]></image_url>
<num_pages>248</num_pages>
<work>
<id>733082</id>
</work>
<isbn>0887305105</isbn>
<isbn13>9780887305108</isbn13>
<average_rating>4.36</average_rating>
<ratings_count>3489</ratings_count>
<publication_year></publication_year>
<publication_month></publication_month>
<publication_day></publication_day>
<authors>
<author>
<id>395523</id>
<name>Seth A. Klarman</name>
<link><![CDATA[https://www.goodreads.com/author/show/395523.Seth_A_Klarman]]></link>
</author>
</authors>
</book>

          <book>
<id>79351</id>
<title>The Four Pillars of Investing</title>
<title_without_series>The Four Pillars of Investing</title_without_series>
<link><![CDATA[https://www.goodreads.com/book/show/79351.The_Four_Pillars_of_Investing]]></link>
<small_image_url><![CDATA[https://s.gr-assets.com/assets/nophoto/book/50x75-a91bf249278a81aabab721ef782c4a74.png]]></small_image_url>
<image_url><![CDATA[https://s.gr-assets.com/assets/nophoto/book/111x148-bcc042a9c91a29c1d680899eff700a03.png]]></image_url>
<num_pages>240</num_pages>
<work>
<id>76619</id>
</work>
<isbn>0071385290</isbn>
<isbn13>9780071385299</isbn13>
<average_rating>4.18</average_rating>
<ratings_count>2834</ratings_count>
<publication_year>2002</publication_year>
<publication_month>4</publication_month>
<publication_day>26</publication_day>
<authors>
<author>
<id>45093</id>
<name>William J. Bernstein</name>
<link><![CDATA[https://www.goodreads.com/author/show/45093.William_J_Bernstein]]></link>
</author>
</authors>
</book>

          <book>
<id>762462</id>
<title><![CDATA[One Up On Wall Street: How To Use What You Already Know To Make Money In The Market]]></title>
<title_without_series><![CDATA[One Up On Wall Street: How To Use What You Already Know To Make Money In The Market]]></title_without_series>
<link><![CDATA[https://www.goodreads.com/book/show/762462.One_Up_On_Wall_Street]]></link>
<small_image_url><![CDATA[https://images.gr-assets.com/books/1444850522s/762462.jpg]]></small_image_url>
<image_url><![CDATA[https://images.gr-assets.com/books/1444850522m/762462.jpg]]></image_url>
<num_pages></num_pages>
<work>
<id>748554</id>
</work>
<isbn>0743200403</isbn>
<isbn13>9780743200400</isbn13>
<average_rating>4.12</average_rating>
<ratings_count>11278</ratings_count>
<publication_year></publication_year>
<publication_month></publication_month>
<publication_day></publication_day>
<authors>
<author>
<id>18237</id>
<name>Peter Lynch</name>
<link><![CDATA[https://www.goodreads.com/author/show/18237.Peter_Lynch]]></link>
</author>
</authors>
</book>

          <book>
<id>145565</id>
<title><![CDATA[The Essays of Warren Buffett: Lessons for Corporate America]]></title>
<title_without_series><![CDATA[The Essays of Warren Buffett: Lessons for Corporate America]]></title_without_series>
<link><![CDATA[https://www.goodreads.com/book/show/145565.The_Essays_of_Warren_Buffett]]></link>
<small_image_url><![CDATA[https://s.gr-assets.com/assets/nophoto/book/50x75-a91bf249278a81aabab721ef782c4a74.png]]></small_image_url>
<image_url><![CDATA[https://s.gr-assets.com/assets/nophoto/book/111x148-bcc042a9c91a29c1d680899eff700a03.png]]></image_url>
<num_pages>246</num_pages>
<work>
<id>140464</id>
</work>
<isbn>0966446119</isbn>
<isbn13>9780966446111</isbn13>
<average_rating>4.37</average_rating>
<ratings_count>3771</ratings_count>
<publication_year>2001</publication_year>
<publication_month>4</publication_month>
<publication_day>1</publication_day>
<authors>
<author>
<id>756</id>
<name>Warren Buffett</name>
<link><![CDATA[https://www.goodreads.com/author/show/756.Warren_Buffett]]></link>
</author>
</authors>
</book>

          <book>
<id>171127</id>
<title><![CDATA[The Little Book of Common Sense Investing: The Only Way to Guarantee Your Fair Share of Stock Market Returns]]></title>
<title_without_series><![CDATA[The Little Book of Common Sense Investing: The Only Way to Guarantee Your Fair Share of Stock Market Returns]]></title_without_series>
<link><![CDATA[https://www.goodreads.com/book/show/171127.The_Little_Book_of_Common_Sense_Investing]]></link>
<small_image_url><![CDATA[https://s.gr-assets.com/assets/nophoto/book/50x75-a91bf249278a81aabab721ef782c4a74.png]]></small_image_url>
<image_url><![CDATA[https://s.gr-assets.com/assets/nophoto/book/111x148-bcc042a9c91a29c1d680899eff700a03.png]]></image_url>
<num_pages>216</num_pages>
<work>
<id>165246</id>
</work>
<isbn>0470102101</isbn>
<isbn13>9780470102107</isbn13>
<average_rating>4.09</average_rating>
<ratings_count>3177</ratings_count>
<publication_year>2007</publication_year>
<publication_month>3</publication_month>
<publication_day>1</publication_day>
<authors>
<author>
<id>88909</id>
<name>John C. Bogle</name>
<link><![CDATA[https://www.goodreads.com/author/show/88909.John_C_Bogle]]></link>
</author>
</authors>
</book>

          <book>
<id>116184</id>
<title><![CDATA[You Can Be a Stock Market Genius: Uncover the Secret Hiding Places of Stock Market Profits]]></title>
<title_without_series><![CDATA[You Can Be a Stock Market Genius: Uncover the Secret Hiding Places of Stock Market Profits]]></title_without_series>
<link><![CDATA[https://www.goodreads.com/book/show/116184.You_Can_Be_a_Stock_Market_Genius]]></link>
<small_image_url><![CDATA[https://s.gr-assets.com/assets/nophoto/book/50x75-a91bf249278a81aabab721ef782c4a74.png]]></small_image_url>
<image_url><![CDATA[https://s.gr-assets.com/assets/nophoto/book/111x148-bcc042a9c91a29c1d680899eff700a03.png]]></image_url>
<num_pages>285</num_pages>
<work>
<id>111891</id>
</work>
<isbn>0684840073</isbn>
<isbn13>9780684840079</isbn13>
<average_rating>4.17</average_rating>
<ratings_count>4115</ratings_count>
<publication_year>1999</publication_year>
<publication_month>2</publication_month>
<publication_day>25</publication_day>
<authors>
<author>
<id>43177</id>
<name>Joel Greenblatt</name>
<link><![CDATA[https://www.goodreads.com/author/show/43177.Joel_Greenblatt]]></link>
</author>
</authors>
</book>

          <book>
<id>17371</id>
<title><![CDATA[Pioneering Portfolio Management: An Unconventional Approach to Institutional Investment]]></title>
<title_without_series><![CDATA[Pioneering Portfolio Management: An Unconventional Approach to Institutional Investment]]></title_without_series>
<link><![CDATA[https://www.goodreads.com/book/show/17371.Pioneering_Portfolio_Management]]></link>
<small_image_url><![CDATA[https://s.gr-assets.com/assets/nophoto/book/50x75-a91bf249278a81aabab721ef782c4a74.png]]></small_image_url>
<image_url><![CDATA[https://s.gr-assets.com/assets/nophoto/book/111x148-bcc042a9c91a29c1d680899eff700a03.png]]></image_url>
<num_pages>366</num_pages>
<work>
<id>18936</id>
</work>
<isbn>0684864436</isbn>
<isbn13>9780684864433</isbn13>
<average_rating>4.13</average_rating>
<ratings_count>441</ratings_count>
<publication_year>2000</publication_year>
<publication_month>5</publication_month>
<publication_day>22</publication_day>
<authors>
<author>
<id>10548</id>
<name>David F. Swensen</name>
<link><![CDATA[https://www.goodreads.com/author/show/10548.David_F_Swensen]]></link>
</author>
</authors>
</book>

          <book>
<id>900892</id>
<title><![CDATA[A Random Walk Down Wall Street]]></title>
<title_without_series><![CDATA[A Random Walk Down Wall Street]]></title_without_series>
<link><![CDATA[https://www.goodreads.com/book/show/900892.A_Random_Walk_Down_Wall_Street]]></link>
<small_image_url><![CDATA[https://images.gr-assets.com/books/1442952924s/900892.jpg]]></small_image_url>
<image_url><![CDATA[https://images.gr-assets.com/books/1442952924m/900892.jpg]]></image_url>
<num_pages>464</num_pages>
<work>
<id>886073</id>
</work>
<isbn>0393325350</isbn>
<isbn13>9780393325355</isbn13>
<average_rating>4.05</average_rating>
<ratings_count>15085</ratings_count>
<publication_year>2004</publication_year>
<publication_month>1</publication_month>
<publication_day>17</publication_day>
<authors>
<author>
<id>14600</id>
<name>Burton G. Malkiel</name>
<link><![CDATA[https://www.goodreads.com/author/show/14600.Burton_G_Malkiel]]></link>
</author>
</authors>
</book>

          <book>
<id>293636</id>
<title><![CDATA[Value Investing: From Graham to Buffett and Beyond]]></title>
<title_without_series><![CDATA[Value Investing: From Graham to Buffett and Beyond]]></title_without_series>
<link><![CDATA[https://www.goodreads.com/book/show/293636.Value_Investing]]></link>
<small_image_url><![CDATA[https://s.gr-assets.com/assets/nophoto/book/50x75-a91bf249278a81aabab721ef782c4a74.png]]></small_image_url>
<image_url><![CDATA[https://s.gr-assets.com/assets/nophoto/book/111x148-bcc042a9c91a29c1d680899eff700a03.png]]></image_url>
<num_pages>311</num_pages>
<work>
<id>284922</id>
</work>
<isbn>0471463396</isbn>
<isbn13>9780471463399</isbn13>
<average_rating>4.14</average_rating>
<ratings_count>2559</ratings_count>
<publication_year>2004</publication_year>
<publication_month>1</publication_month>
<publication_day>26</publication_day>
<authors>
<author>
<id>2854581</id>
<name>Bruce C.N. Greenwald</name>
<link><![CDATA[https://www.goodreads.com/author/show/2854581.Bruce_C_N_Greenwald]]></link>
</author>
</authors>
</book>

          <book>
<id>1155</id>
<title><![CDATA[Buffett: The Making of an American Capitalist]]></title>
<title_without_series><![CDATA[Buffett: The Making of an American Capitalist]]></title_without_series>
<link><![CDATA[https://www.goodreads.com/book/show/1155.Buffett]]></link>
<small_image_url><![CDATA[https://s.gr-assets.com/assets/nophoto/book/50x75-a91bf249278a81aabab721ef782c4a74.png]]></small_image_url>
<image_url><![CDATA[https://s.gr-assets.com/assets/nophoto/book/111x148-bcc042a9c91a29c1d680899eff700a03.png]]></image_url>
<num_pages></num_pages>
<work>
<id>5353</id>
</work>
<isbn>0385484917</isbn>
<isbn13>9780385484916</isbn13>
<average_rating>4.25</average_rating>
<ratings_count>6992</ratings_count>
<publication_year>1996</publication_year>
<publication_month>8</publication_month>
<publication_day>18</publication_day>
<authors>
<author>
<id>762</id>
<name>Roger Lowenstein</name>
<link><![CDATA[https://www.goodreads.com/author/show/762.Roger_Lowenstein]]></link>
</author>
</authors>
</book>

          <book>
<id>1132</id>
<title><![CDATA[Buffettology: The Previously Unexplained Techniques That Have Made Warren Buffett the World's Most Famous Investor ]]></title>
<title_without_series><![CDATA[Buffettology: The Previously Unexplained Techniques That Have Made Warren Buffett the World's Most Famous Investor]]></title_without_series>
<link><![CDATA[https://www.goodreads.com/book/show/1132.Buffettology]]></link>
<small_image_url><![CDATA[https://s.gr-assets.com/assets/nophoto/book/50x75-a91bf249278a81aabab721ef782c4a74.png]]></small_image_url>
<image_url><![CDATA[https://s.gr-assets.com/assets/nophoto/book/111x148-bcc042a9c91a29c1d680899eff700a03.png]]></image_url>
<num_pages></num_pages>
<work>
<id>5330</id>
</work>
<isbn>068484821X</isbn>
<isbn13>9780684848211</isbn13>
<average_rating>3.88</average_rating>
<ratings_count>1860</ratings_count>
<publication_year></publication_year>
<publication_month></publication_month>
<publication_day></publication_day>
<authors>
<author>
<id>738</id>
<name>Mary Buffett</name>
<link><![CDATA[https://www.goodreads.com/author/show/738.Mary_Buffett]]></link>
</author>
</authors>
</book>

          <book>
<id>965633</id>
<title>Stocks for the Long Run</title>
<title_without_series>Stocks for the Long Run</title_without_series>
<link><![CDATA[https://www.goodreads.com/book/show/965633.Stocks_for_the_Long_Run]]></link>
<small_image_url><![CDATA[https://s.gr-assets.com/assets/nophoto/book/50x75-a91bf249278a81aabab721ef782c4a74.png]]></small_image_url>
<image_url><![CDATA[https://s.gr-assets.com/assets/nophoto/book/111x148-bcc042a9c91a29c1d680899eff700a03.png]]></image_url>
<num_pages></num_pages>
<work>
<id>950530</id>
</work>
<isbn>007137048X</isbn>
<isbn13>9780071370486</isbn13>
<average_rating>3.95</average_rating>
<ratings_count>1770</ratings_count>
<publication_year>2002</publication_year>
<publication_month>6</publication_month>
<publication_day>21</publication_day>
<authors>
<author>
<id>176813</id>
<name>Jeremy J. Siegel</name>
<link><![CDATA[https://www.goodreads.com/author/show/176813.Jeremy_J_Siegel]]></link>
</author>
</authors>
</book>

          <book>
<id>10454418</id>
<title><![CDATA[The Most Important Thing: Uncommon Sense for the Thoughtful Investor]]></title>
<title_without_series><![CDATA[The Most Important Thing: Uncommon Sense for the Thoughtful Investor]]></title_without_series>
<link><![CDATA[https://www.goodreads.com/book/show/10454418-the-most-important-thing]]></link>
<small_image_url><![CDATA[https://s.gr-assets.com/assets/nophoto/book/50x75-a91bf249278a81aabab721ef782c4a74.png]]></small_image_url>
<image_url><![CDATA[https://s.gr-assets.com/assets/nophoto/book/111x148-bcc042a9c91a29c1d680899eff700a03.png]]></image_url>
<num_pages>180</num_pages>
<work>
<id>15359281</id>
</work>
<isbn>0231153686</isbn>
<isbn13>9780231153683</isbn13>
<average_rating>4.31</average_rating>
<ratings_count>3652</ratings_count>
<publication_year>2011</publication_year>
<publication_month>5</publication_month>
<publication_day>1</publication_day>
<authors>
<author>
<id>8432972</id>
<name>Howard  Marks</name>
<link><![CDATA[https://www.goodreads.com/author/show/8432972.Howard_Marks]]></link>
</author>
</authors>
</book>

          <book>
<id>209956</id>
<title><![CDATA[The Warren Buffett Way: Investment Strategies of the World's Greatest Investor]]></title>
<title_without_series><![CDATA[The Warren Buffett Way: Investment Strategies of the World's Greatest Investor]]></title_without_series>
<link><![CDATA[https://www.goodreads.com/book/show/209956.The_Warren_Buffett_Way]]></link>
<small_image_url><![CDATA[https://s.gr-assets.com/assets/nophoto/book/50x75-a91bf249278a81aabab721ef782c4a74.png]]></small_image_url>
<image_url><![CDATA[https://s.gr-assets.com/assets/nophoto/book/111x148-bcc042a9c91a29c1d680899eff700a03.png]]></image_url>
<num_pages>274</num_pages>
<work>
<id>488568</id>
</work>
<isbn>0471177504</isbn>
<isbn13>9780471177500</isbn13>
<average_rating>4.08</average_rating>
<ratings_count>7939</ratings_count>
<publication_year>1997</publication_year>
<publication_month>4</publication_month>
<publication_day>7</publication_day>
<authors>
<author>
<id>739</id>
<name>Robert G. Hagstrom</name>
<link><![CDATA[https://www.goodreads.com/author/show/739.Robert_G_Hagstrom]]></link>
</author>
</authors>
</book>

          <book>
<id>131411</id>
<title><![CDATA[The Aggressive Conservative Investor]]></title>
<title_without_series><![CDATA[The Aggressive Conservative Investor]]></title_without_series>
<link><![CDATA[https://www.goodreads.com/book/show/131411.The_Aggressive_Conservative_Investor]]></link>
<small_image_url><![CDATA[https://images.gr-assets.com/books/1372040130s/131411.jpg]]></small_image_url>
<image_url><![CDATA[https://images.gr-assets.com/books/1372040130m/131411.jpg]]></image_url>
<num_pages>426</num_pages>
<work>
<id>126559</id>
</work>
<isbn>0471768057</isbn>
<isbn13>9780471768050</isbn13>
<average_rating>3.75</average_rating>
<ratings_count>298</ratings_count>
<publication_year>2005</publication_year>
<publication_month>10</publication_month>
<publication_day>1</publication_day>
<authors>
<author>
<id>75658</id>
<name>Martin J. Whitman</name>
<link><![CDATA[https://www.goodreads.com/author/show/75658.Martin_J_Whitman]]></link>
</author>
</authors>
</book>

          <book>
<id>1758518</id>
<title>Quality of Earnings</title>
<title_without_series>Quality of Earnings</title_without_series>
<link><![CDATA[https://www.goodreads.com/book/show/1758518.Quality_of_Earnings]]></link>
<small_image_url><![CDATA[https://s.gr-assets.com/assets/nophoto/book/50x75-a91bf249278a81aabab721ef782c4a74.png]]></small_image_url>
<image_url><![CDATA[https://s.gr-assets.com/assets/nophoto/book/111x148-bcc042a9c91a29c1d680899eff700a03.png]]></image_url>
<num_pages>224</num_pages>
<work>
<id>1756416</id>
</work>
<isbn>0684863758</isbn>
<isbn13>9780684863757</isbn13>
<average_rating>4.11</average_rating>
<ratings_count>447</ratings_count>
<publication_year>1998</publication_year>
<publication_month>10</publication_month>
<publication_day>1</publication_day>
<authors>
<author>
<id>806077</id>
<name>Thornton L. O&apos;glove</name>
<link><![CDATA[https://www.goodreads.com/author/show/806077.Thornton_L_O_glove]]></link>
</author>
</authors>
</book>

          <book>
<id>179198</id>
<title><![CDATA[Capital Ideas: The Improbable Origins of Modern Wall Street]]></title>
<title_without_series><![CDATA[Capital Ideas: The Improbable Origins of Modern Wall Street]]></title_without_series>
<link><![CDATA[https://www.goodreads.com/book/show/179198.Capital_Ideas]]></link>
<small_image_url><![CDATA[https://s.gr-assets.com/assets/nophoto/book/50x75-a91bf249278a81aabab721ef782c4a74.png]]></small_image_url>
<image_url><![CDATA[https://s.gr-assets.com/assets/nophoto/book/111x148-bcc042a9c91a29c1d680899eff700a03.png]]></image_url>
<num_pages></num_pages>
<work>
<id>173123</id>
</work>
<isbn>0471731749</isbn>
<isbn13>9780471731740</isbn13>
<average_rating>3.93</average_rating>
<ratings_count>455</ratings_count>
<publication_year></publication_year>
<publication_month></publication_month>
<publication_day></publication_day>
<authors>
<author>
<id>73751</id>
<name>Peter L. Bernstein</name>
<link><![CDATA[https://www.goodreads.com/author/show/73751.Peter_L_Bernstein]]></link>
</author>
</authors>
</book>

  </similar_books>
</book>

</GoodreadsResponse>