<?xml version="1.0" encoding="UTF-8"?>
<GoodreadsResponse>
  <Request>
    <authentication>true</authentication>
      <key><![CDATA[all_men_must_serve]]></key>
    <method><![CDATA[book_show]]></method>
  </Request>
  <book>
  <id>107029</id>
  <title>The Batman Chronicles, Vol. 1</title>
  <isbn><![CDATA[1401204457]]></isbn>
  <isbn13><![CDATA[9781401204457]]></isbn13>
  <asin><![CDATA[]]></asin>
  <kindle_asin><![CDATA[B00BX3XU1O]]></kindle_asin>
  <marketplace_id><![CDATA[A1F83G8C2ARO7P]]></marketplace_id>
  <country_code><![CDATA[GB]]></country_code>
  <image_url>https://s.gr-assets.com/assets/nophoto/book/111x148-bcc042a9c91a29c1d680899eff700a03.png</image_url>
  <small_image_url>https://s.gr-assets.com/assets/nophoto/book/50x75-a91bf249278a81aabab721ef782c4a74.png</small_image_url>
  <publication_year>2005</publication_year>
  <publication_month>4</publication_month>
  <publication_day>1</publication_day>
  <publisher>DC Comics</publisher>
  <language_code>en-US</language_code>
  <is_ebook>false</is_ebook>
  <description><![CDATA[Presenting an exciting new way to experience the rich history of the Dark Knight in an affordable trade paperback collection of every Batman adventure, in color, in chronological order!<p><br /><i>Batman Chronicles, Volume 1</i> reprints Batman stories from DETECTIVE COMICS #27-37 and BATMAN #1, featuring the earliest adventures of the Dark Knight by Batman creator Bob Kane, Bill Finger, Gardner Fox, Jerry Robinson and Sheldon Moldoff.</p>]]></description>
  <work>
  <id type="integer">103160</id>
  <books_count type="integer">5</books_count>
  <best_book_id type="integer">107029</best_book_id>
  <reviews_count type="integer">26863</reviews_count>
  <ratings_sum type="integer">38618</ratings_sum>
  <ratings_count type="integer">9669</ratings_count>
  <text_reviews_count type="integer">100</text_reviews_count>
  <original_publication_year type="integer">2005</original_publication_year>
  <original_publication_month type="integer">4</original_publication_month>
  <original_publication_day type="integer">1</original_publication_day>
  <original_title>Batman Chronicles: Volume 1</original_title>
  <original_language_id type="integer" nil="true"/>
  <media_type>book</media_type>
  <rating_dist>5:4303|4:2504|3:1821|2:583|1:458|total:9669</rating_dist>
  <desc_user_id type="integer">12279242</desc_user_id>
  <default_chaptering_book_id type="integer" nil="true"/>
  <default_description_language_code nil="true"/>
</work>
  <average_rating>3.99</average_rating>
  <num_pages><![CDATA[192]]></num_pages>
  <format><![CDATA[Paperback]]></format>
  <edition_information><![CDATA[]]></edition_information>
  <ratings_count><![CDATA[9601]]></ratings_count>
  <text_reviews_count><![CDATA[99]]></text_reviews_count>
  <url><![CDATA[https://www.goodreads.com/book/show/107029.The_Batman_Chronicles_Vol_1]]></url>
  <link><![CDATA[https://www.goodreads.com/book/show/107029.The_Batman_Chronicles_Vol_1]]></link>
  <authors>
<author>
<id>61922</id>
<name>Bill Finger</name>
<role></role>
<image_url nophoto='false'>
<![CDATA[https://images.gr-assets.com/authors/1211401308p5/61922.jpg]]>
</image_url>
<small_image_url nophoto='false'>
<![CDATA[https://images.gr-assets.com/authors/1211401308p2/61922.jpg]]>
</small_image_url>
<link><![CDATA[https://www.goodreads.com/author/show/61922.Bill_Finger]]></link>
<average_rating>3.95</average_rating>
<ratings_count>18002</ratings_count>
<text_reviews_count>833</text_reviews_count>
</author>
<author>
<id>53529</id>
<name>Gardner F. Fox</name>
<role></role>
<image_url nophoto='true'>
<![CDATA[https://s.gr-assets.com/assets/nophoto/user/m_200x266-d279b33f8eec0f27b7272477f09806be.png]]>
</image_url>
<small_image_url nophoto='true'>
<![CDATA[https://s.gr-assets.com/assets/nophoto/user/m_50x66-82093808bca726cb3249a493fbd3bd0f.png]]>
</small_image_url>
<link><![CDATA[https://www.goodreads.com/author/show/53529.Gardner_F_Fox]]></link>
<average_rating>3.91</average_rating>
<ratings_count>18212</ratings_count>
<text_reviews_count>923</text_reviews_count>
</author>
<author>
<id>28711</id>
<name>Bob Kane</name>
<role>Illustrator</role>
<image_url nophoto='false'>
<![CDATA[https://images.gr-assets.com/authors/1377049502p5/28711.jpg]]>
</image_url>
<small_image_url nophoto='false'>
<![CDATA[https://images.gr-assets.com/authors/1377049502p2/28711.jpg]]>
</small_image_url>
<link><![CDATA[https://www.goodreads.com/author/show/28711.Bob_Kane]]></link>
<average_rating>3.98</average_rating>
<ratings_count>16391</ratings_count>
<text_reviews_count>588</text_reviews_count>
</author>
<author>
<id>261984</id>
<name>Jerry Robinson</name>
<role>Illustrator</role>
<image_url nophoto='true'>
<![CDATA[https://s.gr-assets.com/assets/nophoto/user/u_200x266-e183445fd1a1b5cc7075bb1cf7043306.png]]>
</image_url>
<small_image_url nophoto='true'>
<![CDATA[https://s.gr-assets.com/assets/nophoto/user/u_50x66-632230dc9882b4352d753eedf9396530.png]]>
</small_image_url>
<link><![CDATA[https://www.goodreads.com/author/show/261984.Jerry_Robinson]]></link>
<average_rating>3.98</average_rating>
<ratings_count>11335</ratings_count>
<text_reviews_count>241</text_reviews_count>
</author>
<author>
<id>563883</id>
<name>Sheldon Moldoff</name>
<role>Illustrator</role>
<image_url nophoto='true'>
<![CDATA[https://s.gr-assets.com/assets/nophoto/user/u_200x266-e183445fd1a1b5cc7075bb1cf7043306.png]]>
</image_url>
<small_image_url nophoto='true'>
<![CDATA[https://s.gr-assets.com/assets/nophoto/user/u_50x66-632230dc9882b4352d753eedf9396530.png]]>
</small_image_url>
<link><![CDATA[https://www.goodreads.com/author/show/563883.Sheldon_Moldoff]]></link>
<average_rating>3.95</average_rating>
<ratings_count>12071</ratings_count>
<text_reviews_count>348</text_reviews_count>
</author>
</authors>

    <reviews_widget>
      <![CDATA[
        <style>
  #goodreads-widget {
    font-family: georgia, serif;
    padding: 18px 0;
    width:565px;
  }
  #goodreads-widget h1 {
    font-weight:normal;
    font-size: 16px;
    border-bottom: 1px solid #BBB596;
    margin-bottom: 0;
  }
  #goodreads-widget a {
    text-decoration: none;
    color:#660;
  }
  iframe{
    background-color: #fff;
  }
  #goodreads-widget a:hover { text-decoration: underline; }
  #goodreads-widget a:active {
    color:#660;
  }
  #gr_footer {
    width: 100%;
    border-top: 1px solid #BBB596;
    text-align: right;
  }
  #goodreads-widget .gr_branding{
    color: #382110;
    font-size: 11px;
    text-decoration: none;
    font-family: "Helvetica Neue", Helvetica, Arial, sans-serif;
  }
</style>
<div id="goodreads-widget">
  <div id="gr_header"><h1><a rel="nofollow" href="https://www.goodreads.com/book/show/107029.The_Batman_Chronicles_Vol_1">The Batman Chronicles, Vol. 1 Reviews</a></h1></div>
  <iframe id="the_iframe" src="https://www.goodreads.com/api/reviews_widget_iframe?did=DEVELOPER_ID&amp;format=html&amp;isbn=1401204457&amp;links=660&amp;min_rating=&amp;review_back=fff&amp;stars=000&amp;text=000" width="565" height="400" frameborder="0"></iframe>
  <div id="gr_footer">
    <a class="gr_branding" target="_blank" rel="nofollow" href="https://www.goodreads.com/book/show/107029.The_Batman_Chronicles_Vol_1?utm_medium=api&amp;utm_source=reviews_widget">Reviews from Goodreads.com</a>
  </div>
</div>

      ]]>
    </reviews_widget>
  <popular_shelves>
      <shelf name="to-read" count="17867"/>
      <shelf name="comics" count="138"/>
      <shelf name="graphic-novels" count="90"/>
      <shelf name="currently-reading" count="50"/>
      <shelf name="batman" count="40"/>
      <shelf name="dc" count="27"/>
      <shelf name="graphic-novel" count="25"/>
      <shelf name="dc-comics" count="23"/>
      <shelf name="comic-books" count="20"/>
      <shelf name="comics-graphic-novels" count="16"/>
      <shelf name="superheroes" count="15"/>
      <shelf name="graphic-novels-comics" count="14"/>
      <shelf name="fiction" count="13"/>
      <shelf name="owned" count="11"/>
      <shelf name="favorites" count="8"/>
      <shelf name="books-i-own" count="8"/>
      <shelf name="classics" count="8"/>
      <shelf name="superhero" count="7"/>
      <shelf name="comic" count="7"/>
      <shelf name="adventure" count="5"/>
      <shelf name="library" count="5"/>
      <shelf name="comic-book" count="5"/>
      <shelf name="comics-dc" count="5"/>
      <shelf name="comics-and-graphic-novels" count="4"/>
      <shelf name="dc-universe" count="4"/>
      <shelf name="comics-read" count="4"/>
      <shelf name="to-buy" count="4"/>
      <shelf name="comix" count="3"/>
      <shelf name="comics-to-read" count="3"/>
      <shelf name="comics-manga" count="3"/>
      <shelf name="graphic" count="3"/>
      <shelf name="on-my-bookshelf" count="3"/>
      <shelf name="read-in-2016" count="2"/>
      <shelf name="batman-comics" count="2"/>
      <shelf name="series" count="2"/>
      <shelf name="1930s" count="2"/>
      <shelf name="short-stories" count="2"/>
      <shelf name="20th-century" count="2"/>
      <shelf name="anthology" count="2"/>
      <shelf name="batman-chronicles" count="2"/>
      <shelf name="default" count="2"/>
      <shelf name="e-book" count="2"/>
      <shelf name="graphic-novels-to-read" count="2"/>
      <shelf name="collection" count="2"/>
      <shelf name="dc-vertigo" count="2"/>
      <shelf name="classic" count="2"/>
      <shelf name="to-read-comics" count="2"/>
      <shelf name="manga" count="2"/>
      <shelf name="to-get" count="2"/>
      <shelf name="my-library" count="2"/>
      <shelf name="graphic-novel-comics" count="2"/>
      <shelf name="history" count="2"/>
      <shelf name="young-adult" count="2"/>
      <shelf name="graphic-novels-and-comics" count="2"/>
      <shelf name="owned-graphic-novels" count="2"/>
      <shelf name="tegneserie" count="1"/>
      <shelf name="done" count="1"/>
      <shelf name="1-have" count="1"/>
      <shelf name="1940-1949" count="1"/>
      <shelf name="1930-1939" count="1"/>
      <shelf name="will-not-read" count="1"/>
      <shelf name="summer-list" count="1"/>
      <shelf name="dc-supers" count="1"/>
      <shelf name="graphic-novels-comix-mangas-tbr" count="1"/>
      <shelf name="comix-i-own" count="1"/>
      <shelf name="graphic-novels-comic-books" count="1"/>
      <shelf name="sci-fi-channel" count="1"/>
      <shelf name="books-to-tv" count="1"/>
      <shelf name="manga-comics" count="1"/>
      <shelf name="its-a-picture-book" count="1"/>
      <shelf name="1940s" count="1"/>
      <shelf name="read-but-not-owned" count="1"/>
      <shelf name="comic-g-novals" count="1"/>
      <shelf name="get-from-library" count="1"/>
      <shelf name="someday-fiction" count="1"/>
      <shelf name="for-class" count="1"/>
      <shelf name="quadrinhos" count="1"/>
      <shelf name="library-bookcase-1" count="1"/>
      <shelf name="g-superhero" count="1"/>
      <shelf name="comics-1940" count="1"/>
      <shelf name="comics-1930" count="1"/>
      <shelf name="december-2016" count="1"/>
      <shelf name="digital" count="1"/>
      <shelf name="adult" count="1"/>
      <shelf name="trades-and-graphic-novels" count="1"/>
      <shelf name="powell-s" count="1"/>
      <shelf name="pre-crisis" count="1"/>
      <shelf name="6th-grade" count="1"/>
      <shelf name="physical-library" count="1"/>
      <shelf name="super" count="1"/>
      <shelf name="need-to-buy" count="1"/>
      <shelf name="owned-j-c" count="1"/>
      <shelf name="ntr" count="1"/>
      <shelf name="comic-trades-graphic-novel" count="1"/>
      <shelf name="bat-family" count="1"/>
      <shelf name="to-reread" count="1"/>
      <shelf name="to-read-graphic-novels" count="1"/>
      <shelf name="marvel-dc" count="1"/>
      <shelf name="male-author" count="1"/>
      <shelf name="american" count="1"/>
  </popular_shelves>
  <book_links>
    <book_link>
  <id>8</id>
  <name>Libraries</name>
  <link>https://www.goodreads.com/book_link/follow/8</link>
</book_link>

  </book_links>
  <buy_links>
    <buy_link>
<id>1</id>
<name>Amazon</name>
<link>https://www.goodreads.com/book_link/follow/1</link>
</buy_link>
<buy_link>
<id>10</id>
<name>Audible</name>
<link>https://www.goodreads.com/book_link/follow/10</link>
</buy_link>
<buy_link>
<id>3</id>
<name>Barnes &amp; Noble</name>
<link>https://www.goodreads.com/book_link/follow/3</link>
</buy_link>
<buy_link>
<id>1027</id>
<name>Kobo</name>
<link>https://www.goodreads.com/book_link/follow/1027</link>
</buy_link>
<buy_link>
<id>2102</id>
<name>Apple iBooks</name>
<link>https://www.goodreads.com/book_link/follow/2102</link>
</buy_link>
<buy_link>
<id>8036</id>
<name>Google Play</name>
<link>https://www.goodreads.com/book_link/follow/8036</link>
</buy_link>
<buy_link>
<id>4</id>
<name>Abebooks</name>
<link>https://www.goodreads.com/book_link/follow/4</link>
</buy_link>
<buy_link>
<id>882</id>
<name>Book Depository</name>
<link>https://www.goodreads.com/book_link/follow/882</link>
</buy_link>
<buy_link>
<id>9</id>
<name>Indigo</name>
<link>https://www.goodreads.com/book_link/follow/9</link>
</buy_link>
<buy_link>
<id>2</id>
<name>Half.com</name>
<link>https://www.goodreads.com/book_link/follow/2</link>
</buy_link>
<buy_link>
<id>5</id>
<name>Alibris</name>
<link>https://www.goodreads.com/book_link/follow/5</link>
</buy_link>
<buy_link>
<id>107</id>
<name>Better World Books</name>
<link>https://www.goodreads.com/book_link/follow/107</link>
</buy_link>
<buy_link>
<id>7</id>
<name>IndieBound</name>
<link>https://www.goodreads.com/book_link/follow/7</link>
</buy_link>

  </buy_links>
  <series_works>
    <series_work>
<id>195785</id>
<user_position>1</user_position>
<series>
<id>51332</id>
<title>
<![CDATA[
    The Batman Chronicles Vol 2
]]>
</title>
<description>
<![CDATA[
    This series collects early <a href="http://www.goodreads.com/series/51192-batman">Batman</a> comics.
    
    Not to be confused with :
    <a href="https://www.goodreads.com/series/139230-batman-chronicles-vol-1">The Batman Chronicles Volume 1</a> - a comics series also related to Batman which was published in from 1995-2001 in single issues.
    <a href="https://www.goodreads.com./series/51333-the-batman-chronicles-collected-editions">The Batman Chronicles Collected Editions</a>, a comics series also related to Batman which was published in from 1995-2001. This list contains the collected editions.
    
    Collects issues of:
    <i>Detective Comics</i>
    * <a href="http://www.goodreads.com/series/51193-batman-single-issues">Batman</a>
    * World's Finest Comics
    * World's Best Comics
    * New York World's Fair Comics
    
    Note: single issues of comic books are not listed individually on Goodreads, but are listed as parts of collections.
]]>
</description>
<note>
<![CDATA[
    http://dc.wikia.com/wiki/Batman_Chronicles_Vol_2
]]>
</note>
<series_works_count>11</series_works_count>
<primary_work_count>11</primary_work_count>
<numbered>true</numbered>
</series>

</series_work>
<series_work>
<id>194125</id>
<user_position></user_position>
<series>
<id>51192</id>
<title>
<![CDATA[
    Batman
]]>
</title>
<description>
<![CDATA[
    Batman trade collections include several different comic books series and miniseries by DC Comics.
    
    The following series are included in the Batman title:
    * <a href="http://www.goodreads.com/series/51332-batman-chronicles">Batman Chronicles</a>
    * <a href="http://www.goodreads.com/series/80595-dc-comics-archives">DC Comics Archives</a>
    * <a href="http://www.goodreads.com/series/51373-showcase-presents-batman">Showcase Presents: Batman</a>
    * <a href="http://www.goodreads.com/series/51221-batman-black-and-white">Batman Black and White</a>
    * <a href="http://www.goodreads.com/series/51236-batman-knightfall">Batman: Knightfall</a>
    * <a href="http://www.goodreads.com/series/51328-batman-no-man-s-land">Batman: No Man's Land</a>
    * <a href="http://www.goodreads.com/series/51304-batman-new-gotham">Batman: New Gotham</a>
    * <a href="http://www.goodreads.com/series/51327-batman-war-games">Batman: War Games</a>
    * <a href="http://www.goodreads.com/series/50151-batman-hush">Batman: Hush</a>
    * <a href="http://www.goodreads.com/series/51330-batman-under-the-hood">Batman: Under the Hood</a>
    * <a href="http://www.goodreads.com/series/51292-batman-elseworlds">Batman: Elseworlds</a> and subseries
    * <a href="http://www.goodreads.com/series/51326-batman-confidential">Batman: Confidential</a>
    * and more
    
    Single issues of comic books are not listed individually on Goodreads, but are listed as parts of collections.  The Batman title is used for collections of these comic book series:
    * <a href="http://www.goodreads.com/series/51224-legends-of-the-dark-knight-single-issues">Batman: Legends of the Dark Knight</a>
    * <a href="http://www.goodreads.com/series/51350-batman-shadow-of-the-bat-single-issues">Batman: Shadow of the Bat</a>
    * <a href="http://www.goodreads.com/series/51308-batman-gotham-knights-single-issues">Batman: Gotham Knights</a>
    * <a href="http://www.goodreads.com/series/51333-the-batman-chronicles-single-issues">The Batman Chronicles</a>
    * and more
    
    Related series:
    * <a href="http://www.goodreads.com/series/51248">Catwoman</a>
    * <a href="http://www.goodreads.com/series/51217">Batgirl</a>
    * <a href="http://www.goodreads.com/series/51237">Robin</a>
    * <a href="http://www.goodreads.com/series/51244">Nightwing</a>
    * <a href="http://www.goodreads.com/series/51182">Red Robin</a>
    * <a href="http://www.goodreads.com/series/51220">Batman and Robin</a>
    * <a href="http://www.goodreads.com/series/69945">Batwoman</a>
    * <a href="http://www.goodreads.com/series/51271">Birds of Prey</a>
    * <a href="http://www.goodreads.com/series/51222">Gotham Central</a>
    * <a href="http://www.goodreads.com/series/51218">Superman/Batman</a>
    * <a href="http://www.goodreads.com/series/51226">Batman and the Outsiders</a>
    * <a href="http://www.goodreads.com/series/51387">The Brave and the Bold</a>
    * <a href="http://www.goodreads.com/series/52071">JLA</a>
    * <a href="http://www.goodreads.com/series/51371">The Greatest Stories Ever Told</a>
    * and more
    
    For other series titled Batman which are not related to this series, see:
    * <a href="http://www.goodreads.com/series/50231">The Batman Adventures</a>
    * <a href="http://www.goodreads.com/series/49905">The Batman</a>
    * <a href="http://www.goodreads.com/series/51388">Batman: The Brave and the Bold</a>
    * <a href="http://www.goodreads.com/series/62191-batman-la-colecci-n">Batman La Colección</a>
]]>
</description>
<note>
<![CDATA[
    Description is almost at max length!
    Through page 4 of the search "batman", trying to follow the order on the wikipedia "Batman reprints" page....
]]>
</note>
<series_works_count>370</series_works_count>
<primary_work_count>367</primary_work_count>
<numbered>false</numbered>
</series>

</series_work>
<series_work>
<id>482415</id>
<user_position>1</user_position>
<series>
<id>99741</id>
<title>
<![CDATA[
    Batman (single issues)
]]>
</title>
<description>
<![CDATA[
    A list devoted to the self-titled Batman magazine (not Detective Comics) that ran from 1940 to 2011. Books are arranged by the first issue collected (except for the more miscellaneous collections kept at the end). There is a lot of overlap between books and they don't have to strictly be read in this order.
]]>
</description>
<note>
<![CDATA[
]]>
</note>
<series_works_count>40</series_works_count>
<primary_work_count>40</primary_work_count>
<numbered>true</numbered>
</series>

</series_work>
<series_work>
<id>1001108</id>
<user_position></user_position>
<series>
<id>195868</id>
<title>
<![CDATA[
    Detective Comics, Volume I
]]>
</title>
<description>
<![CDATA[
]]>
</description>
<note>
<![CDATA[
]]>
</note>
<series_works_count>35</series_works_count>
<primary_work_count>35</primary_work_count>
<numbered>false</numbered>
</series>

</series_work>

  </series_works>
  <similar_books>
          <book>
<id>6276645</id>
<title>The Flash of Two Worlds</title>
<title_without_series>The Flash of Two Worlds</title_without_series>
<link><![CDATA[https://www.goodreads.com/book/show/6276645-the-flash-of-two-worlds]]></link>
<small_image_url><![CDATA[https://images.gr-assets.com/books/1333408537s/6276645.jpg]]></small_image_url>
<image_url><![CDATA[https://images.gr-assets.com/books/1333408537m/6276645.jpg]]></image_url>
<num_pages>144</num_pages>
<work>
<id>6460136</id>
</work>
<isbn>1401222986</isbn>
<isbn13>9781401222987</isbn13>
<average_rating>3.99</average_rating>
<ratings_count>1706</ratings_count>
<publication_year>2009</publication_year>
<publication_month>8</publication_month>
<publication_day>11</publication_day>
<authors>
<author>
<id>53529</id>
<name>Gardner F. Fox</name>
<link><![CDATA[https://www.goodreads.com/author/show/53529.Gardner_F_Fox]]></link>
</author>
</authors>
</book>

          <book>
<id>11278674</id>
<title><![CDATA[Patrulla-X: La guerra de Magneto (Colección Extra Superhéroes #2; Patrulla-X #1)]]></title>
<title_without_series><![CDATA[Patrulla-X: La guerra de Magneto]]></title_without_series>
<link><![CDATA[https://www.goodreads.com/book/show/11278674-patrulla-x]]></link>
<small_image_url><![CDATA[https://images.gr-assets.com/books/1304395295s/11278674.jpg]]></small_image_url>
<image_url><![CDATA[https://images.gr-assets.com/books/1304395295m/11278674.jpg]]></image_url>
<num_pages>384</num_pages>
<work>
<id>14717453</id>
</work>
<isbn>8498856701</isbn>
<isbn13>9788498856705</isbn13>
<average_rating>3.86</average_rating>
<ratings_count>483</ratings_count>
<publication_year>2011</publication_year>
<publication_month>5</publication_month>
<publication_day>20</publication_day>
<authors>
<author>
<id>15089</id>
<name>Alan Davis</name>
<link><![CDATA[https://www.goodreads.com/author/show/15089.Alan_Davis]]></link>
</author>
</authors>
</book>

          <book>
<id>590744</id>
<title><![CDATA[The Superman Chronicles, Vol. 1]]></title>
<title_without_series><![CDATA[The Superman Chronicles, Vol. 1]]></title_without_series>
<link><![CDATA[https://www.goodreads.com/book/show/590744.The_Superman_Chronicles_Vol_1]]></link>
<small_image_url><![CDATA[https://s.gr-assets.com/assets/nophoto/book/50x75-a91bf249278a81aabab721ef782c4a74.png]]></small_image_url>
<image_url><![CDATA[https://s.gr-assets.com/assets/nophoto/book/111x148-bcc042a9c91a29c1d680899eff700a03.png]]></image_url>
<num_pages>204</num_pages>
<work>
<id>577504</id>
</work>
<isbn>1401207642</isbn>
<isbn13>9781401207649</isbn13>
<average_rating>3.91</average_rating>
<ratings_count>633</ratings_count>
<publication_year>2006</publication_year>
<publication_month>2</publication_month>
<publication_day>1</publication_day>
<authors>
<author>
<id>81563</id>
<name>Jerry Siegel</name>
<link><![CDATA[https://www.goodreads.com/author/show/81563.Jerry_Siegel]]></link>
</author>
</authors>
</book>

          <book>
<id>106151</id>
<title>Batman: Haunted Knight</title>
<title_without_series>Batman: Haunted Knight</title_without_series>
<link><![CDATA[https://www.goodreads.com/book/show/106151.Batman]]></link>
<small_image_url><![CDATA[https://images.gr-assets.com/books/1375010333s/106151.jpg]]></small_image_url>
<image_url><![CDATA[https://images.gr-assets.com/books/1375010333m/106151.jpg]]></image_url>
<num_pages>191</num_pages>
<work>
<id>102326</id>
</work>
<isbn>1563892731</isbn>
<isbn13>9781563892738</isbn13>
<average_rating>3.86</average_rating>
<ratings_count>6583</ratings_count>
<publication_year>1996</publication_year>
<publication_month>9</publication_month>
<publication_day>1</publication_day>
<authors>
<author>
<id>32594</id>
<name>Jeph Loeb</name>
<link><![CDATA[https://www.goodreads.com/author/show/32594.Jeph_Loeb]]></link>
</author>
</authors>
</book>

          <book>
<id>17277775</id>
<title><![CDATA[Pacific Rim: Tales From Year Zero]]></title>
<title_without_series><![CDATA[Pacific Rim: Tales From Year Zero]]></title_without_series>
<link><![CDATA[https://www.goodreads.com/book/show/17277775-pacific-rim]]></link>
<small_image_url><![CDATA[https://images.gr-assets.com/books/1367445658s/17277775.jpg]]></small_image_url>
<image_url><![CDATA[https://images.gr-assets.com/books/1367445658m/17277775.jpg]]></image_url>
<num_pages>112</num_pages>
<work>
<id>23891146</id>
</work>
<isbn>0785153942</isbn>
<isbn13>9780785153948</isbn13>
<average_rating>3.78</average_rating>
<ratings_count>2801</ratings_count>
<publication_year>2013</publication_year>
<publication_month>6</publication_month>
<publication_day>18</publication_day>
<authors>
<author>
<id>6902827</id>
<name>Travis Beacham</name>
<link><![CDATA[https://www.goodreads.com/author/show/6902827.Travis_Beacham]]></link>
</author>
</authors>
</book>

          <book>
<id>15980900</id>
<title><![CDATA[Batman - Il Cavaliere Oscuro n. 1: Arkham]]></title>
<title_without_series><![CDATA[Batman - Il Cavaliere Oscuro n. 1: Arkham]]></title_without_series>
<link><![CDATA[https://www.goodreads.com/book/show/15980900-batman---il-cavaliere-oscuro-n-1]]></link>
<small_image_url><![CDATA[https://images.gr-assets.com/books/1471856521s/15980900.jpg]]></small_image_url>
<image_url><![CDATA[https://images.gr-assets.com/books/1471856521m/15980900.jpg]]></image_url>
<num_pages>192</num_pages>
<work>
<id>21733243</id>
</work>
<isbn></isbn>
<isbn13></isbn13>
<average_rating>4.12</average_rating>
<ratings_count>370</ratings_count>
<publication_year>2012</publication_year>
<publication_month>9</publication_month>
<publication_day>1</publication_day>
<authors>
<author>
<id>14459</id>
<name>Ron Marz</name>
<link><![CDATA[https://www.goodreads.com/author/show/14459.Ron_Marz]]></link>
</author>
</authors>
</book>

          <book>
<id>107019</id>
<title>Batman: Face the Face</title>
<title_without_series>Batman: Face the Face</title_without_series>
<link><![CDATA[https://www.goodreads.com/book/show/107019.Batman]]></link>
<small_image_url><![CDATA[https://images.gr-assets.com/books/1320663837s/107019.jpg]]></small_image_url>
<image_url><![CDATA[https://images.gr-assets.com/books/1320663837m/107019.jpg]]></image_url>
<num_pages>192</num_pages>
<work>
<id>818113</id>
</work>
<isbn>1401209106</isbn>
<isbn13>9781401209100</isbn13>
<average_rating>4.06</average_rating>
<ratings_count>4350</ratings_count>
<publication_year>2006</publication_year>
<publication_month>9</publication_month>
<publication_day>6</publication_day>
<authors>
<author>
<id>28055</id>
<name>James Robinson</name>
<link><![CDATA[https://www.goodreads.com/author/show/28055.James_Robinson]]></link>
</author>
</authors>
</book>

          <book>
<id>107164</id>
<title>The Batman Adventures</title>
<title_without_series>The Batman Adventures</title_without_series>
<link><![CDATA[https://www.goodreads.com/book/show/107164.The_Batman_Adventures]]></link>
<small_image_url><![CDATA[https://images.gr-assets.com/books/1376163032s/107164.jpg]]></small_image_url>
<image_url><![CDATA[https://images.gr-assets.com/books/1376163032m/107164.jpg]]></image_url>
<num_pages></num_pages>
<work>
<id>103295</id>
</work>
<isbn>1563890984</isbn>
<isbn13>9781563890987</isbn13>
<average_rating>4.10</average_rating>
<ratings_count>606</ratings_count>
<publication_year>1993</publication_year>
<publication_month>12</publication_month>
<publication_day>8</publication_day>
<authors>
<author>
<id>17796</id>
<name>Kelley Puckett</name>
<link><![CDATA[https://www.goodreads.com/author/show/17796.Kelley_Puckett]]></link>
</author>
</authors>
</book>

          <book>
<id>15725714</id>
<title>Hit Girl #1</title>
<title_without_series>Hit Girl #1</title_without_series>
<link><![CDATA[https://www.goodreads.com/book/show/15725714-hit-girl-1]]></link>
<small_image_url><![CDATA[https://images.gr-assets.com/books/1340852997s/15725714.jpg]]></small_image_url>
<image_url><![CDATA[https://images.gr-assets.com/books/1340852997m/15725714.jpg]]></image_url>
<num_pages>25</num_pages>
<work>
<id>21402274</id>
</work>
<isbn></isbn>
<isbn13></isbn13>
<average_rating>3.99</average_rating>
<ratings_count>810</ratings_count>
<publication_year></publication_year>
<publication_month></publication_month>
<publication_day></publication_day>
<authors>
<author>
<id>12736</id>
<name>Mark Millar</name>
<link><![CDATA[https://www.goodreads.com/author/show/12736.Mark_Millar]]></link>
</author>
</authors>
</book>

          <book>
<id>154762</id>
<title>Batman: Detective</title>
<title_without_series>Batman: Detective</title_without_series>
<link><![CDATA[https://www.goodreads.com/book/show/154762.Batman]]></link>
<small_image_url><![CDATA[https://s.gr-assets.com/assets/nophoto/book/50x75-a91bf249278a81aabab721ef782c4a74.png]]></small_image_url>
<image_url><![CDATA[https://s.gr-assets.com/assets/nophoto/book/111x148-bcc042a9c91a29c1d680899eff700a03.png]]></image_url>
<num_pages>144</num_pages>
<work>
<id>149377</id>
</work>
<isbn>1401212395</isbn>
<isbn13>9781401212391</isbn13>
<average_rating>4.11</average_rating>
<ratings_count>1629</ratings_count>
<publication_year>2007</publication_year>
<publication_month>4</publication_month>
<publication_day>7</publication_day>
<authors>
<author>
<id>61935</id>
<name>Paul Dini</name>
<link><![CDATA[https://www.goodreads.com/author/show/61935.Paul_Dini]]></link>
</author>
</authors>
</book>

          <book>
<id>1309285</id>
<title><![CDATA[Batman: Black and White (Batman: Black and White #1)]]></title>
<title_without_series>Batman: Black and White</title_without_series>
<link><![CDATA[https://www.goodreads.com/book/show/1309285.Batman]]></link>
<small_image_url><![CDATA[https://images.gr-assets.com/books/1376162612s/1309285.jpg]]></small_image_url>
<image_url><![CDATA[https://images.gr-assets.com/books/1376162612m/1309285.jpg]]></image_url>
<num_pages>222</num_pages>
<work>
<id>1298553</id>
</work>
<isbn>1563894394</isbn>
<isbn13>9781563894398</isbn13>
<average_rating>4.04</average_rating>
<ratings_count>6299</ratings_count>
<publication_year>2000</publication_year>
<publication_month>4</publication_month>
<publication_day>1</publication_day>
<authors>
<author>
<id>321800</id>
<name>Mark Chiarello</name>
<link><![CDATA[https://www.goodreads.com/author/show/321800.Mark_Chiarello]]></link>
</author>
</authors>
</book>

          <book>
<id>724310</id>
<title>Batman: No Man&apos;s Land, Vol. 3</title>
<title_without_series>Batman: No Man&apos;s Land, Vol. 3</title_without_series>
<link><![CDATA[https://www.goodreads.com/book/show/724310.Batman]]></link>
<small_image_url><![CDATA[https://s.gr-assets.com/assets/nophoto/book/50x75-a91bf249278a81aabab721ef782c4a74.png]]></small_image_url>
<image_url><![CDATA[https://s.gr-assets.com/assets/nophoto/book/111x148-bcc042a9c91a29c1d680899eff700a03.png]]></image_url>
<num_pages>206</num_pages>
<work>
<id>1421935</id>
</work>
<isbn>1563896346</isbn>
<isbn13>9781563896347</isbn13>
<average_rating>4.07</average_rating>
<ratings_count>3742</ratings_count>
<publication_year>2000</publication_year>
<publication_month>10</publication_month>
<publication_day>1</publication_day>
<authors>
<author>
<id>18327</id>
<name>Greg Rucka</name>
<link><![CDATA[https://www.goodreads.com/author/show/18327.Greg_Rucka]]></link>
</author>
</authors>
</book>

          <book>
<id>107025</id>
<title><![CDATA[Batman: Under the Hood, Volume 1]]></title>
<title_without_series><![CDATA[Batman: Under the Hood, Volume 1]]></title_without_series>
<link><![CDATA[https://www.goodreads.com/book/show/107025.Batman]]></link>
<small_image_url><![CDATA[https://s.gr-assets.com/assets/nophoto/book/50x75-a91bf249278a81aabab721ef782c4a74.png]]></small_image_url>
<image_url><![CDATA[https://s.gr-assets.com/assets/nophoto/book/111x148-bcc042a9c91a29c1d680899eff700a03.png]]></image_url>
<num_pages>176</num_pages>
<work>
<id>103156</id>
</work>
<isbn>1401207561</isbn>
<isbn13>9781401207564</isbn13>
<average_rating>4.16</average_rating>
<ratings_count>7507</ratings_count>
<publication_year>2005</publication_year>
<publication_month>11</publication_month>
<publication_day>1</publication_day>
<authors>
<author>
<id>4822</id>
<name>Judd Winick</name>
<link><![CDATA[https://www.goodreads.com/author/show/4822.Judd_Winick]]></link>
</author>
</authors>
</book>

          <book>
<id>13223349</id>
<title><![CDATA[Batman, Volume 1: The Court of Owls]]></title>
<title_without_series><![CDATA[Batman, Volume 1: The Court of Owls]]></title_without_series>
<link><![CDATA[https://www.goodreads.com/book/show/13223349-batman-volume-1]]></link>
<small_image_url><![CDATA[https://images.gr-assets.com/books/1342307351s/13223349.jpg]]></small_image_url>
<image_url><![CDATA[https://images.gr-assets.com/books/1342307351m/13223349.jpg]]></image_url>
<num_pages>176</num_pages>
<work>
<id>18412501</id>
</work>
<isbn>1401235417</isbn>
<isbn13>9781401235413</isbn13>
<average_rating>4.30</average_rating>
<ratings_count>33172</ratings_count>
<publication_year>2012</publication_year>
<publication_month>5</publication_month>
<publication_day>9</publication_day>
<authors>
<author>
<id>70026</id>
<name>Scott Snyder</name>
<link><![CDATA[https://www.goodreads.com/author/show/70026.Scott_Snyder]]></link>
</author>
</authors>
</book>

          <book>
<id>107055</id>
<title>Batman: Strange Apparitions</title>
<title_without_series>Batman: Strange Apparitions</title_without_series>
<link><![CDATA[https://www.goodreads.com/book/show/107055.Batman]]></link>
<small_image_url><![CDATA[https://images.gr-assets.com/books/1318886543s/107055.jpg]]></small_image_url>
<image_url><![CDATA[https://images.gr-assets.com/books/1318886543m/107055.jpg]]></image_url>
<num_pages>175</num_pages>
<work>
<id>103186</id>
</work>
<isbn>1563895005</isbn>
<isbn13>9781563895005</isbn13>
<average_rating>4.03</average_rating>
<ratings_count>802</ratings_count>
<publication_year>1999</publication_year>
<publication_month>12</publication_month>
<publication_day>1</publication_day>
<authors>
<author>
<id>53212</id>
<name>Steve Englehart</name>
<link><![CDATA[https://www.goodreads.com/author/show/53212.Steve_Englehart]]></link>
</author>
</authors>
</book>

          <book>
<id>440960</id>
<title>Batman and Son</title>
<title_without_series>Batman and Son</title_without_series>
<link><![CDATA[https://www.goodreads.com/book/show/440960.Batman_and_Son]]></link>
<small_image_url><![CDATA[https://images.gr-assets.com/books/1328217465s/440960.jpg]]></small_image_url>
<image_url><![CDATA[https://images.gr-assets.com/books/1328217465m/440960.jpg]]></image_url>
<num_pages>200</num_pages>
<work>
<id>2189612</id>
</work>
<isbn>1401212409</isbn>
<isbn13>9781401212407</isbn13>
<average_rating>3.81</average_rating>
<ratings_count>10660</ratings_count>
<publication_year>2007</publication_year>
<publication_month>8</publication_month>
<publication_day>1</publication_day>
<authors>
<author>
<id>12732</id>
<name>Grant Morrison</name>
<link><![CDATA[https://www.goodreads.com/author/show/12732.Grant_Morrison]]></link>
</author>
</authors>
</book>

          <book>
<id>1347657</id>
<title>Batman: Vampire</title>
<title_without_series>Batman: Vampire</title_without_series>
<link><![CDATA[https://www.goodreads.com/book/show/1347657.Batman]]></link>
<small_image_url><![CDATA[https://s.gr-assets.com/assets/nophoto/book/50x75-a91bf249278a81aabab721ef782c4a74.png]]></small_image_url>
<image_url><![CDATA[https://s.gr-assets.com/assets/nophoto/book/111x148-bcc042a9c91a29c1d680899eff700a03.png]]></image_url>
<num_pages>296</num_pages>
<work>
<id>1337308</id>
</work>
<isbn>1401215653</isbn>
<isbn13>9781401215651</isbn13>
<average_rating>3.82</average_rating>
<ratings_count>1115</ratings_count>
<publication_year>2007</publication_year>
<publication_month>12</publication_month>
<publication_day>5</publication_day>
<authors>
<author>
<id>19886</id>
<name>Doug Moench</name>
<link><![CDATA[https://www.goodreads.com/author/show/19886.Doug_Moench]]></link>
</author>
</authors>
</book>

          <book>
<id>506607</id>
<title><![CDATA[The Further Adventures of Batman]]></title>
<title_without_series><![CDATA[The Further Adventures of Batman]]></title_without_series>
<link><![CDATA[https://www.goodreads.com/book/show/506607.The_Further_Adventures_of_Batman]]></link>
<small_image_url><![CDATA[https://images.gr-assets.com/books/1390540177s/506607.jpg]]></small_image_url>
<image_url><![CDATA[https://images.gr-assets.com/books/1390540177m/506607.jpg]]></image_url>
<num_pages>416</num_pages>
<work>
<id>494643</id>
</work>
<isbn>0553282700</isbn>
<isbn13>9780553282702</isbn13>
<average_rating>3.78</average_rating>
<ratings_count>800</ratings_count>
<publication_year>1989</publication_year>
<publication_month>6</publication_month>
<publication_day>1</publication_day>
<authors>
<author>
<id>6436872</id>
<name>Martin H. Greenberg</name>
<link><![CDATA[https://www.goodreads.com/author/show/6436872.Martin_H_Greenberg]]></link>
</author>
</authors>
</book>

  </similar_books>
</book>

</GoodreadsResponse>