<?xml version="1.0" encoding="UTF-8"?>
<GoodreadsResponse>
  <Request>
    <authentication>true</authentication>
      <key><![CDATA[all_men_must_serve]]></key>
    <method><![CDATA[book_show]]></method>
  </Request>
  <book>
  <id>107172</id>
  <title><![CDATA[DC: The New Frontier, Volume 1]]></title>
  <isbn><![CDATA[1401203507]]></isbn>
  <isbn13><![CDATA[9781401203504]]></isbn13>
  <asin><![CDATA[]]></asin>
  <kindle_asin><![CDATA[B00DDBY1E4]]></kindle_asin>
  <marketplace_id><![CDATA[A1F83G8C2ARO7P]]></marketplace_id>
  <country_code><![CDATA[GB]]></country_code>
  <image_url>https://s.gr-assets.com/assets/nophoto/book/111x148-bcc042a9c91a29c1d680899eff700a03.png</image_url>
  <small_image_url>https://s.gr-assets.com/assets/nophoto/book/50x75-a91bf249278a81aabab721ef782c4a74.png</small_image_url>
  <publication_year>2004</publication_year>
  <publication_month>12</publication_month>
  <publication_day>1</publication_day>
  <publisher>DC Comics</publisher>
  <language_code>eng</language_code>
  <is_ebook>false</is_ebook>
  <description><![CDATA[Acclaimed writer/artist Darwyn Cooke (<i>Catwoman: Selina's Big Score</i>) turns his attention to the dawn of the Silver Age in <i>DC: The New Frontier</i> — which takes readers on a journey from the end of the Golden Age to the genesis of a bold new heroic era in the late 1950s!<br /><br />World War II is over. The Cold War has begun. The Age of the Superhero is in decline. But where are the heroes of tomorrow? <i>DC: The New Frontier</i> recounts the dawning of the DCU's Silver Age from the perspective of those brave individuals who made it happen. Encounter "keepers of the flame" including Superman, Wonder Woman and Batman, who survived the anti-hero sentiment of the Cold War, as well as eager newcomers like test pilot Hal Jordan and scientist Barry Allen, poised to become the next generation of crimefighters.<br /><br />Cooke, a master storyteller, writes and illustrates this landmark tale, a must-have for fans of the DCU and all lovers of powerful tales of heroism!<br /><br /><b>Collecting</b>: <i>DC: The New Frontier</i> 1-3 &amp; the three extra pages originally seen only in <i>Wizard Magazine</i>]]></description>
  <work>
  <id type="integer">2732008</id>
  <books_count type="integer">10</books_count>
  <best_book_id type="integer">107172</best_book_id>
  <reviews_count type="integer">14377</reviews_count>
  <ratings_sum type="integer">40161</ratings_sum>
  <ratings_count type="integer">9634</ratings_count>
  <text_reviews_count type="integer">169</text_reviews_count>
  <original_publication_year type="integer">2004</original_publication_year>
  <original_publication_month type="integer">12</original_publication_month>
  <original_publication_day type="integer" nil="true"/>
  <original_title>DC: The New Frontier, Volume 1</original_title>
  <original_language_id type="integer" nil="true"/>
  <media_type>book</media_type>
  <rating_dist>5:4393|4:3100|3:1639|2:377|1:125|total:9634</rating_dist>
  <desc_user_id type="integer">7548830</desc_user_id>
  <default_chaptering_book_id type="integer" nil="true"/>
  <default_description_language_code nil="true"/>
</work>
  <average_rating>4.17</average_rating>
  <num_pages><![CDATA[208]]></num_pages>
  <format><![CDATA[Paperback]]></format>
  <edition_information><![CDATA[]]></edition_information>
  <ratings_count><![CDATA[9603]]></ratings_count>
  <text_reviews_count><![CDATA[168]]></text_reviews_count>
  <url><![CDATA[https://www.goodreads.com/book/show/107172.DC]]></url>
  <link><![CDATA[https://www.goodreads.com/book/show/107172.DC]]></link>
  <authors>
<author>
<id>61386</id>
<name>Darwyn Cooke</name>
<role>Writer, Artist</role>
<image_url nophoto='false'>
<![CDATA[https://images.gr-assets.com/authors/1202672820p5/61386.jpg]]>
</image_url>
<small_image_url nophoto='false'>
<![CDATA[https://images.gr-assets.com/authors/1202672820p2/61386.jpg]]>
</small_image_url>
<link><![CDATA[https://www.goodreads.com/author/show/61386.Darwyn_Cooke]]></link>
<average_rating>4.09</average_rating>
<ratings_count>52327</ratings_count>
<text_reviews_count>3057</text_reviews_count>
</author>
<author>
<id>18833</id>
<name>Dave Stewart</name>
<role>Colourist</role>
<image_url nophoto='true'>
<![CDATA[https://s.gr-assets.com/assets/nophoto/user/m_200x266-d279b33f8eec0f27b7272477f09806be.png]]>
</image_url>
<small_image_url nophoto='true'>
<![CDATA[https://s.gr-assets.com/assets/nophoto/user/m_50x66-82093808bca726cb3249a493fbd3bd0f.png]]>
</small_image_url>
<link><![CDATA[https://www.goodreads.com/author/show/18833.Dave_Stewart]]></link>
<average_rating>4.03</average_rating>
<ratings_count>205412</ratings_count>
<text_reviews_count>10741</text_reviews_count>
</author>
<author>
<id>2350131</id>
<name>Jared K. Fletcher</name>
<role>Letterer</role>
<image_url nophoto='true'>
<![CDATA[https://s.gr-assets.com/assets/nophoto/user/u_200x266-e183445fd1a1b5cc7075bb1cf7043306.png]]>
</image_url>
<small_image_url nophoto='true'>
<![CDATA[https://s.gr-assets.com/assets/nophoto/user/u_50x66-632230dc9882b4352d753eedf9396530.png]]>
</small_image_url>
<link><![CDATA[https://www.goodreads.com/author/show/2350131.Jared_K_Fletcher]]></link>
<average_rating>4.03</average_rating>
<ratings_count>89536</ratings_count>
<text_reviews_count>4574</text_reviews_count>
</author>
</authors>

    <reviews_widget>
      <![CDATA[
        <style>
  #goodreads-widget {
    font-family: georgia, serif;
    padding: 18px 0;
    width:565px;
  }
  #goodreads-widget h1 {
    font-weight:normal;
    font-size: 16px;
    border-bottom: 1px solid #BBB596;
    margin-bottom: 0;
  }
  #goodreads-widget a {
    text-decoration: none;
    color:#660;
  }
  iframe{
    background-color: #fff;
  }
  #goodreads-widget a:hover { text-decoration: underline; }
  #goodreads-widget a:active {
    color:#660;
  }
  #gr_footer {
    width: 100%;
    border-top: 1px solid #BBB596;
    text-align: right;
  }
  #goodreads-widget .gr_branding{
    color: #382110;
    font-size: 11px;
    text-decoration: none;
    font-family: "Helvetica Neue", Helvetica, Arial, sans-serif;
  }
</style>
<div id="goodreads-widget">
  <div id="gr_header"><h1><a rel="nofollow" href="https://www.goodreads.com/book/show/107172.DC">DC Reviews</a></h1></div>
  <iframe id="the_iframe" src="https://www.goodreads.com/api/reviews_widget_iframe?did=DEVELOPER_ID&amp;format=html&amp;isbn=1401203507&amp;links=660&amp;min_rating=&amp;review_back=fff&amp;stars=000&amp;text=000" width="565" height="400" frameborder="0"></iframe>
  <div id="gr_footer">
    <a class="gr_branding" target="_blank" rel="nofollow" href="https://www.goodreads.com/book/show/107172.DC?utm_medium=api&amp;utm_source=reviews_widget">Reviews from Goodreads.com</a>
  </div>
</div>

      ]]>
    </reviews_widget>
  <popular_shelves>
      <shelf name="to-read" count="4558"/>
      <shelf name="comics" count="412"/>
      <shelf name="graphic-novels" count="252"/>
      <shelf name="graphic-novel" count="69"/>
      <shelf name="dc" count="64"/>
      <shelf name="superheroes" count="45"/>
      <shelf name="superhero" count="38"/>
      <shelf name="dc-comics" count="37"/>
      <shelf name="fiction" count="33"/>
      <shelf name="comic-books" count="32"/>
      <shelf name="favorites" count="31"/>
      <shelf name="currently-reading" count="26"/>
      <shelf name="comics-graphic-novels" count="23"/>
      <shelf name="comic" count="21"/>
      <shelf name="graphic-novels-comics" count="20"/>
      <shelf name="owned" count="19"/>
      <shelf name="fantasy" count="16"/>
      <shelf name="comics-and-graphic-novels" count="11"/>
      <shelf name="graphicnovels" count="11"/>
      <shelf name="comics-read" count="10"/>
      <shelf name="to-read-comics" count="10"/>
      <shelf name="superhero-comics" count="9"/>
      <shelf name="science-fiction" count="9"/>
      <shelf name="library" count="8"/>
      <shelf name="graphic" count="7"/>
      <shelf name="graphic-novels-and-comics" count="7"/>
      <shelf name="borrowed" count="7"/>
      <shelf name="read-comics" count="6"/>
      <shelf name="historical" count="6"/>
      <shelf name="to-buy" count="6"/>
      <shelf name="super-heroes" count="6"/>
      <shelf name="justice-league" count="6"/>
      <shelf name="read-in-2016" count="5"/>
      <shelf name="sci-fi" count="5"/>
      <shelf name="batman" count="5"/>
      <shelf name="comics-to-read" count="5"/>
      <shelf name="comics-dc" count="5"/>
      <shelf name="graphic-novels-comic-books" count="5"/>
      <shelf name="comic-book" count="5"/>
      <shelf name="default" count="4"/>
      <shelf name="series" count="4"/>
      <shelf name="darwyn-cooke" count="4"/>
      <shelf name="favourites" count="4"/>
      <shelf name="graphic-novels-to-read" count="4"/>
      <shelf name="books-i-own" count="4"/>
      <shelf name="history" count="4"/>
      <shelf name="comic-books-graphic-novels" count="4"/>
      <shelf name="read-in-2015" count="3"/>
      <shelf name="graphics" count="3"/>
      <shelf name="historical-fiction" count="3"/>
      <shelf name="dc-vertigo" count="3"/>
      <shelf name="unowned" count="3"/>
      <shelf name="superman" count="3"/>
      <shelf name="read-in-2010" count="3"/>
      <shelf name="politics" count="3"/>
      <shelf name="i-own" count="3"/>
      <shelf name="read-in-2017" count="2"/>
      <shelf name="to-read-again" count="2"/>
      <shelf name="owned-comics" count="2"/>
      <shelf name="read-2016" count="2"/>
      <shelf name="comic-ummer" count="2"/>
      <shelf name="action" count="2"/>
      <shelf name="my-books" count="2"/>
      <shelf name="graphic-novels-and-comic-books" count="2"/>
      <shelf name="comic-graphic-novel" count="2"/>
      <shelf name="read-in-2014" count="2"/>
      <shelf name="recommended-to-me" count="2"/>
      <shelf name="comic-graphic-novels" count="2"/>
      <shelf name="graphic_novel" count="2"/>
      <shelf name="hqs" count="2"/>
      <shelf name="comics-superheroes" count="2"/>
      <shelf name="2000s" count="2"/>
      <shelf name="bd" count="2"/>
      <shelf name="my-library" count="2"/>
      <shelf name="illustrated" count="2"/>
      <shelf name="read-2013" count="2"/>
      <shelf name="canadian" count="2"/>
      <shelf name="action-adventure" count="2"/>
      <shelf name="superheros" count="2"/>
      <shelf name="buy" count="2"/>
      <shelf name="essentials" count="2"/>
      <shelf name="finished" count="2"/>
      <shelf name="wonder-woman" count="2"/>
      <shelf name="read-in-2012" count="2"/>
      <shelf name="ya" count="2"/>
      <shelf name="collection" count="2"/>
      <shelf name="comics-manga" count="2"/>
      <shelf name="to-read-graphic-novels" count="2"/>
      <shelf name="comicbooks" count="2"/>
      <shelf name="adventure" count="2"/>
      <shelf name="2011-reads" count="2"/>
      <shelf name="green-lantern" count="2"/>
      <shelf name="war" count="2"/>
      <shelf name="romance" count="2"/>
      <shelf name="quadrinhos" count="2"/>
      <shelf name="graphic-novel-comics" count="2"/>
      <shelf name="20th-century" count="2"/>
      <shelf name="graphic-novels-read" count="2"/>
      <shelf name="super-hero" count="2"/>
      <shelf name="sequential-art" count="2"/>
  </popular_shelves>
  <book_links>
    <book_link>
  <id>8</id>
  <name>Libraries</name>
  <link>https://www.goodreads.com/book_link/follow/8</link>
</book_link>

  </book_links>
  <buy_links>
    <buy_link>
<id>1</id>
<name>Amazon</name>
<link>https://www.goodreads.com/book_link/follow/1</link>
</buy_link>
<buy_link>
<id>10</id>
<name>Audible</name>
<link>https://www.goodreads.com/book_link/follow/10</link>
</buy_link>
<buy_link>
<id>3</id>
<name>Barnes &amp; Noble</name>
<link>https://www.goodreads.com/book_link/follow/3</link>
</buy_link>
<buy_link>
<id>1027</id>
<name>Kobo</name>
<link>https://www.goodreads.com/book_link/follow/1027</link>
</buy_link>
<buy_link>
<id>2102</id>
<name>Apple iBooks</name>
<link>https://www.goodreads.com/book_link/follow/2102</link>
</buy_link>
<buy_link>
<id>8036</id>
<name>Google Play</name>
<link>https://www.goodreads.com/book_link/follow/8036</link>
</buy_link>
<buy_link>
<id>4</id>
<name>Abebooks</name>
<link>https://www.goodreads.com/book_link/follow/4</link>
</buy_link>
<buy_link>
<id>882</id>
<name>Book Depository</name>
<link>https://www.goodreads.com/book_link/follow/882</link>
</buy_link>
<buy_link>
<id>9</id>
<name>Indigo</name>
<link>https://www.goodreads.com/book_link/follow/9</link>
</buy_link>
<buy_link>
<id>2</id>
<name>Half.com</name>
<link>https://www.goodreads.com/book_link/follow/2</link>
</buy_link>
<buy_link>
<id>5</id>
<name>Alibris</name>
<link>https://www.goodreads.com/book_link/follow/5</link>
</buy_link>
<buy_link>
<id>107</id>
<name>Better World Books</name>
<link>https://www.goodreads.com/book_link/follow/107</link>
</buy_link>
<buy_link>
<id>7</id>
<name>IndieBound</name>
<link>https://www.goodreads.com/book_link/follow/7</link>
</buy_link>

  </buy_links>
  <series_works>
    <series_work>
<id>261422</id>
<user_position>1</user_position>
<series>
<id>61025</id>
<title>
<![CDATA[
    DC: The New Frontier
]]>
</title>
<description>
<![CDATA[
    <i>DC: The New Frontier</i> is an <u>Eisner</u>, <u>Harvey</u>, and <u>Shuster Award</u>-winning six-issue comic book limited series written and drawn by Darwyn Cooke, published by DC Comics in 2003-2004. It was then collected into two trade paperback volumes from 2004–2005 and then an Absolute Edition in 2006. The story was adapted as an animated movie titled Justice League: The New Frontier, and released on February 26, 2008.
]]>
</description>
<note>
<![CDATA[
]]>
</note>
<series_works_count>3</series_works_count>
<primary_work_count>2</primary_work_count>
<numbered>true</numbered>
</series>

</series_work>
<series_work>
<id>903993</id>
<user_position>47, 48</user_position>
<series>
<id>144728</id>
<title>
<![CDATA[
    DC Comics Graphic Novel Collection
]]>
</title>
<description>
<![CDATA[
]]>
</description>
<note>
<![CDATA[
]]>
</note>
<series_works_count>53</series_works_count>
<primary_work_count>53</primary_work_count>
<numbered>true</numbered>
</series>

</series_work>

  </series_works>
  <similar_books>
          <book>
<id>2249196</id>
<title>All-Star Superman, Vol. 2</title>
<title_without_series>All-Star Superman, Vol. 2</title_without_series>
<link><![CDATA[https://www.goodreads.com/book/show/2249196.All_Star_Superman_Vol_2]]></link>
<small_image_url><![CDATA[https://images.gr-assets.com/books/1320477944s/2249196.jpg]]></small_image_url>
<image_url><![CDATA[https://images.gr-assets.com/books/1320477944m/2249196.jpg]]></image_url>
<num_pages>154</num_pages>
<work>
<id>18442054</id>
</work>
<isbn>1401218377</isbn>
<isbn13>9781401218379</isbn13>
<average_rating>4.33</average_rating>
<ratings_count>12773</ratings_count>
<publication_year>2009</publication_year>
<publication_month>2</publication_month>
<publication_day>17</publication_day>
<authors>
<author>
<id>12732</id>
<name>Grant Morrison</name>
<link><![CDATA[https://www.goodreads.com/author/show/12732.Grant_Morrison]]></link>
</author>
</authors>
</book>

          <book>
<id>26088</id>
<title>Superman: Secret Identity</title>
<title_without_series>Superman: Secret Identity</title_without_series>
<link><![CDATA[https://www.goodreads.com/book/show/26088.Superman]]></link>
<small_image_url><![CDATA[https://s.gr-assets.com/assets/nophoto/book/50x75-a91bf249278a81aabab721ef782c4a74.png]]></small_image_url>
<image_url><![CDATA[https://s.gr-assets.com/assets/nophoto/book/111x148-bcc042a9c91a29c1d680899eff700a03.png]]></image_url>
<num_pages>208</num_pages>
<work>
<id>1100913</id>
</work>
<isbn>1401204511</isbn>
<isbn13>9781401204518</isbn13>
<average_rating>4.22</average_rating>
<ratings_count>5759</ratings_count>
<publication_year>2013</publication_year>
<publication_month>4</publication_month>
<publication_day>9</publication_day>
<authors>
<author>
<id>7338</id>
<name>Kurt Busiek</name>
<link><![CDATA[https://www.goodreads.com/author/show/7338.Kurt_Busiek]]></link>
</author>
</authors>
</book>

          <book>
<id>207413</id>
<title>JSA: The Golden Age</title>
<title_without_series>JSA: The Golden Age</title_without_series>
<link><![CDATA[https://www.goodreads.com/book/show/207413.JSA]]></link>
<small_image_url><![CDATA[https://s.gr-assets.com/assets/nophoto/book/50x75-a91bf249278a81aabab721ef782c4a74.png]]></small_image_url>
<image_url><![CDATA[https://s.gr-assets.com/assets/nophoto/book/111x148-bcc042a9c91a29c1d680899eff700a03.png]]></image_url>
<num_pages>199</num_pages>
<work>
<id>1050268</id>
</work>
<isbn>1401207111</isbn>
<isbn13>9781401207113</isbn13>
<average_rating>4.16</average_rating>
<ratings_count>1434</ratings_count>
<publication_year>2005</publication_year>
<publication_month>6</publication_month>
<publication_day>1</publication_day>
<authors>
<author>
<id>28055</id>
<name>James Robinson</name>
<link><![CDATA[https://www.goodreads.com/author/show/28055.James_Robinson]]></link>
</author>
</authors>
</book>

          <book>
<id>106859</id>
<title>Superman for All Seasons</title>
<title_without_series>Superman for All Seasons</title_without_series>
<link><![CDATA[https://www.goodreads.com/book/show/106859.Superman_for_All_Seasons]]></link>
<small_image_url><![CDATA[https://images.gr-assets.com/books/1343797123s/106859.jpg]]></small_image_url>
<image_url><![CDATA[https://images.gr-assets.com/books/1343797123m/106859.jpg]]></image_url>
<num_pages>206</num_pages>
<work>
<id>102997</id>
</work>
<isbn>1563895285</isbn>
<isbn13>9781563895289</isbn13>
<average_rating>4.08</average_rating>
<ratings_count>10796</ratings_count>
<publication_year>2002</publication_year>
<publication_month>9</publication_month>
<publication_day>25</publication_day>
<authors>
<author>
<id>32594</id>
<name>Jeph Loeb</name>
<link><![CDATA[https://www.goodreads.com/author/show/32594.Jeph_Loeb]]></link>
</author>
</authors>
</book>

          <book>
<id>161275</id>
<title><![CDATA[Superman: Whatever Happened to the Man of Tomorrow?]]></title>
<title_without_series><![CDATA[Superman: Whatever Happened to the Man of Tomorrow?]]></title_without_series>
<link><![CDATA[https://www.goodreads.com/book/show/161275.Superman]]></link>
<small_image_url><![CDATA[https://images.gr-assets.com/books/1308365122s/161275.jpg]]></small_image_url>
<image_url><![CDATA[https://images.gr-assets.com/books/1308365122m/161275.jpg]]></image_url>
<num_pages>47</num_pages>
<work>
<id>155647</id>
</work>
<isbn>1563893150</isbn>
<isbn13>9781563893155</isbn13>
<average_rating>4.14</average_rating>
<ratings_count>10504</ratings_count>
<publication_year>1997</publication_year>
<publication_month>12</publication_month>
<publication_day>31</publication_day>
<authors>
<author>
<id>3961</id>
<name>Alan Moore</name>
<link><![CDATA[https://www.goodreads.com/author/show/3961.Alan_Moore]]></link>
</author>
</authors>
</book>

          <book>
<id>538791</id>
<title><![CDATA[The Green Lantern/Green Arrow Collection, Vol. 1]]></title>
<title_without_series><![CDATA[The Green Lantern/Green Arrow Collection, Vol. 1]]></title_without_series>
<link><![CDATA[https://www.goodreads.com/book/show/538791.The_Green_Lantern_Green_Arrow_Collection_Vol_1]]></link>
<small_image_url><![CDATA[https://s.gr-assets.com/assets/nophoto/book/50x75-a91bf249278a81aabab721ef782c4a74.png]]></small_image_url>
<image_url><![CDATA[https://s.gr-assets.com/assets/nophoto/book/111x148-bcc042a9c91a29c1d680899eff700a03.png]]></image_url>
<num_pages></num_pages>
<work>
<id>526188</id>
</work>
<isbn>1401202241</isbn>
<isbn13>9781401202248</isbn13>
<average_rating>4.09</average_rating>
<ratings_count>1954</ratings_count>
<publication_year></publication_year>
<publication_month></publication_month>
<publication_day></publication_day>
<authors>
<author>
<id>28710</id>
<name>Dennis O&apos;Neil</name>
<link><![CDATA[https://www.goodreads.com/author/show/28710.Dennis_O_Neil]]></link>
</author>
</authors>
</book>

          <book>
<id>160841</id>
<title>52, Vol. 1</title>
<title_without_series>52, Vol. 1</title_without_series>
<link><![CDATA[https://www.goodreads.com/book/show/160841.52_Vol_1]]></link>
<small_image_url><![CDATA[https://s.gr-assets.com/assets/nophoto/book/50x75-a91bf249278a81aabab721ef782c4a74.png]]></small_image_url>
<image_url><![CDATA[https://s.gr-assets.com/assets/nophoto/book/111x148-bcc042a9c91a29c1d680899eff700a03.png]]></image_url>
<num_pages>304</num_pages>
<work>
<id>1391808</id>
</work>
<isbn>1401213537</isbn>
<isbn13>9781401213534</isbn13>
<average_rating>3.86</average_rating>
<ratings_count>4779</ratings_count>
<publication_year>2007</publication_year>
<publication_month>5</publication_month>
<publication_day>2</publication_day>
<authors>
<author>
<id>10305</id>
<name>Geoff Johns</name>
<link><![CDATA[https://www.goodreads.com/author/show/10305.Geoff_Johns]]></link>
</author>
</authors>
</book>

          <book>
<id>106042</id>
<title><![CDATA[Gotham Central, Vol. 1: In the Line of Duty]]></title>
<title_without_series><![CDATA[Gotham Central, Vol. 1: In the Line of Duty]]></title_without_series>
<link><![CDATA[https://www.goodreads.com/book/show/106042.Gotham_Central_Vol_1]]></link>
<small_image_url><![CDATA[https://images.gr-assets.com/books/1305952407s/106042.jpg]]></small_image_url>
<image_url><![CDATA[https://images.gr-assets.com/books/1305952407m/106042.jpg]]></image_url>
<num_pages>128</num_pages>
<work>
<id>102218</id>
</work>
<isbn>1401201997</isbn>
<isbn13>9781401201999</isbn13>
<average_rating>4.19</average_rating>
<ratings_count>4157</ratings_count>
<publication_year>2004</publication_year>
<publication_month>5</publication_month>
<publication_day>1</publication_day>
<authors>
<author>
<id>37450</id>
<name>Ed Brubaker</name>
<link><![CDATA[https://www.goodreads.com/author/show/37450.Ed_Brubaker]]></link>
</author>
</authors>
</book>

          <book>
<id>616318</id>
<title>Justice, Volume 1</title>
<title_without_series>Justice, Volume 1</title_without_series>
<link><![CDATA[https://www.goodreads.com/book/show/616318.Justice_Volume_1]]></link>
<small_image_url><![CDATA[https://s.gr-assets.com/assets/nophoto/book/50x75-a91bf249278a81aabab721ef782c4a74.png]]></small_image_url>
<image_url><![CDATA[https://s.gr-assets.com/assets/nophoto/book/111x148-bcc042a9c91a29c1d680899eff700a03.png]]></image_url>
<num_pages></num_pages>
<work>
<id>169058</id>
</work>
<isbn>1401211038</isbn>
<isbn13>9781401211035</isbn13>
<average_rating>4.14</average_rating>
<ratings_count>10419</ratings_count>
<publication_year></publication_year>
<publication_month></publication_month>
<publication_day></publication_day>
<authors>
<author>
<id>57952</id>
<name>Jim Krueger</name>
<link><![CDATA[https://www.goodreads.com/author/show/57952.Jim_Krueger]]></link>
</author>
</authors>
</book>

          <book>
<id>2185510</id>
<title><![CDATA[Justice League International, Vol. 1]]></title>
<title_without_series><![CDATA[Justice League International, Vol. 1]]></title_without_series>
<link><![CDATA[https://www.goodreads.com/book/show/2185510.Justice_League_International_Vol_1]]></link>
<small_image_url><![CDATA[https://s.gr-assets.com/assets/nophoto/book/50x75-a91bf249278a81aabab721ef782c4a74.png]]></small_image_url>
<image_url><![CDATA[https://s.gr-assets.com/assets/nophoto/book/111x148-bcc042a9c91a29c1d680899eff700a03.png]]></image_url>
<num_pages>192</num_pages>
<work>
<id>6325927</id>
</work>
<isbn>1401216668</isbn>
<isbn13>9781401216665</isbn13>
<average_rating>4.11</average_rating>
<ratings_count>4658</ratings_count>
<publication_year>2008</publication_year>
<publication_month>3</publication_month>
<publication_day>12</publication_day>
<authors>
<author>
<id>32598</id>
<name>Keith Giffen</name>
<link><![CDATA[https://www.goodreads.com/author/show/32598.Keith_Giffen]]></link>
</author>
</authors>
</book>

          <book>
<id>160706</id>
<title><![CDATA[Secret Six: Six Degrees of Devastation]]></title>
<title_without_series><![CDATA[Secret Six: Six Degrees of Devastation]]></title_without_series>
<link><![CDATA[https://www.goodreads.com/book/show/160706.Secret_Six]]></link>
<small_image_url><![CDATA[https://s.gr-assets.com/assets/nophoto/book/50x75-a91bf249278a81aabab721ef782c4a74.png]]></small_image_url>
<image_url><![CDATA[https://s.gr-assets.com/assets/nophoto/book/111x148-bcc042a9c91a29c1d680899eff700a03.png]]></image_url>
<num_pages>144</num_pages>
<work>
<id>155108</id>
</work>
<isbn>140121231X</isbn>
<isbn13>9781401212315</isbn13>
<average_rating>3.98</average_rating>
<ratings_count>1253</ratings_count>
<publication_year>2007</publication_year>
<publication_month>3</publication_month>
<publication_day>28</publication_day>
<authors>
<author>
<id>45103</id>
<name>Gail Simone</name>
<link><![CDATA[https://www.goodreads.com/author/show/45103.Gail_Simone]]></link>
</author>
</authors>
</book>

          <book>
<id>643845</id>
<title>JLA: Year One</title>
<title_without_series>JLA: Year One</title_without_series>
<link><![CDATA[https://www.goodreads.com/book/show/643845.JLA]]></link>
<small_image_url><![CDATA[https://images.gr-assets.com/books/1396442302s/643845.jpg]]></small_image_url>
<image_url><![CDATA[https://images.gr-assets.com/books/1396442302m/643845.jpg]]></image_url>
<num_pages>319</num_pages>
<work>
<id>1422176</id>
</work>
<isbn>1563895129</isbn>
<isbn13>9781563895128</isbn13>
<average_rating>3.93</average_rating>
<ratings_count>2304</ratings_count>
<publication_year>1999</publication_year>
<publication_month>4</publication_month>
<publication_day>2</publication_day>
<authors>
<author>
<id>5363</id>
<name>Mark Waid</name>
<link><![CDATA[https://www.goodreads.com/author/show/5363.Mark_Waid]]></link>
</author>
</authors>
</book>

          <book>
<id>154765</id>
<title><![CDATA[Batman/Superman/Wonder Woman: Trinity]]></title>
<title_without_series><![CDATA[Batman/Superman/Wonder Woman: Trinity]]></title_without_series>
<link><![CDATA[https://www.goodreads.com/book/show/154765.Batman_Superman_Wonder_Woman]]></link>
<small_image_url><![CDATA[https://images.gr-assets.com/books/1344237762s/154765.jpg]]></small_image_url>
<image_url><![CDATA[https://images.gr-assets.com/books/1344237762m/154765.jpg]]></image_url>
<num_pages>208</num_pages>
<work>
<id>149380</id>
</work>
<isbn>1401201873</isbn>
<isbn13>9781401201876</isbn13>
<average_rating>3.87</average_rating>
<ratings_count>3619</ratings_count>
<publication_year>2005</publication_year>
<publication_month>7</publication_month>
<publication_day>1</publication_day>
<authors>
<author>
<id>9934</id>
<name>Matt Wagner</name>
<link><![CDATA[https://www.goodreads.com/author/show/9934.Matt_Wagner]]></link>
</author>
</authors>
</book>

  </similar_books>
</book>

</GoodreadsResponse>