<?xml version="1.0" encoding="UTF-8"?>
<GoodreadsResponse>
  <Request>
    <authentication>true</authentication>
      <key><![CDATA[all_men_must_serve]]></key>
    <method><![CDATA[book_show]]></method>
  </Request>
  <book>
  <id>10720733</id>
  <title><![CDATA[The Abduction (Theodore Boone, #2)]]></title>
  <isbn><![CDATA[1444736930]]></isbn>
  <isbn13><![CDATA[9781444736939]]></isbn13>
  <asin><![CDATA[]]></asin>
  <kindle_asin><![CDATA[B0051GY0LS]]></kindle_asin>
  <marketplace_id><![CDATA[A1F83G8C2ARO7P]]></marketplace_id>
  <country_code><![CDATA[GB]]></country_code>
  <image_url>https://images.gr-assets.com/books/1328093951m/10720733.jpg</image_url>
  <small_image_url>https://images.gr-assets.com/books/1328093951s/10720733.jpg</small_image_url>
  <publication_year>2011</publication_year>
  <publication_month></publication_month>
  <publication_day></publication_day>
  <publisher></publisher>
  <language_code>eng</language_code>
  <is_ebook>false</is_ebook>
  <description><![CDATA[Theodore Boone is back in a new adventure, and the stakes are higher than ever.<br /><br />When his best friend, April, disappears from her bedroom in the middle of the night, no one, not even Theo Boone-who knows April better than anyone-has answers.<br /><br />As fear ripples through his small hometown and the police hit dead ends, it's up to Theo to use his legal knowledge and investigative skills to chase down the truth and save April.]]></description>
  <work>
  <id type="integer">14450688</id>
  <books_count type="integer">47</books_count>
  <best_book_id type="integer">10720733</best_book_id>
  <reviews_count type="integer">21452</reviews_count>
  <ratings_sum type="integer">44232</ratings_sum>
  <ratings_count type="integer">11777</ratings_count>
  <text_reviews_count type="integer">1219</text_reviews_count>
  <original_publication_year type="integer">2010</original_publication_year>
  <original_publication_month type="integer">6</original_publication_month>
  <original_publication_day type="integer">9</original_publication_day>
  <original_title>The Abduction</original_title>
  <original_language_id type="integer" nil="true"/>
  <media_type>book</media_type>
  <rating_dist>5:3143|4:4016|3:3445|2:945|1:228|total:11777</rating_dist>
  <desc_user_id type="integer">-10</desc_user_id>
  <default_chaptering_book_id type="integer" nil="true"/>
  <default_description_language_code nil="true"/>
</work>
  <average_rating>3.76</average_rating>
  <num_pages><![CDATA[232]]></num_pages>
  <format><![CDATA[Paperback]]></format>
  <edition_information><![CDATA[]]></edition_information>
  <ratings_count><![CDATA[9352]]></ratings_count>
  <text_reviews_count><![CDATA[919]]></text_reviews_count>
  <url><![CDATA[https://www.goodreads.com/book/show/10720733-the-abduction]]></url>
  <link><![CDATA[https://www.goodreads.com/book/show/10720733-the-abduction]]></link>
  <authors>
<author>
<id>721</id>
<name>John Grisham</name>
<role></role>
<image_url nophoto='false'>
<![CDATA[https://images.gr-assets.com/authors/1413390525p5/721.jpg]]>
</image_url>
<small_image_url nophoto='false'>
<![CDATA[https://images.gr-assets.com/authors/1413390525p2/721.jpg]]>
</small_image_url>
<link><![CDATA[https://www.goodreads.com/author/show/721.John_Grisham]]></link>
<average_rating>3.88</average_rating>
<ratings_count>3691362</ratings_count>
<text_reviews_count>112104</text_reviews_count>
</author>
</authors>

    <reviews_widget>
      <![CDATA[
        <style>
  #goodreads-widget {
    font-family: georgia, serif;
    padding: 18px 0;
    width:565px;
  }
  #goodreads-widget h1 {
    font-weight:normal;
    font-size: 16px;
    border-bottom: 1px solid #BBB596;
    margin-bottom: 0;
  }
  #goodreads-widget a {
    text-decoration: none;
    color:#660;
  }
  iframe{
    background-color: #fff;
  }
  #goodreads-widget a:hover { text-decoration: underline; }
  #goodreads-widget a:active {
    color:#660;
  }
  #gr_footer {
    width: 100%;
    border-top: 1px solid #BBB596;
    text-align: right;
  }
  #goodreads-widget .gr_branding{
    color: #382110;
    font-size: 11px;
    text-decoration: none;
    font-family: "Helvetica Neue", Helvetica, Arial, sans-serif;
  }
</style>
<div id="goodreads-widget">
  <div id="gr_header"><h1><a rel="nofollow" href="https://www.goodreads.com/book/show/10720733-the-abduction">The Abduction Reviews</a></h1></div>
  <iframe id="the_iframe" src="https://www.goodreads.com/api/reviews_widget_iframe?did=DEVELOPER_ID&amp;format=html&amp;isbn=1444736930&amp;links=660&amp;min_rating=&amp;review_back=fff&amp;stars=000&amp;text=000" width="565" height="400" frameborder="0"></iframe>
  <div id="gr_footer">
    <a class="gr_branding" target="_blank" rel="nofollow" href="https://www.goodreads.com/book/show/10720733-the-abduction?utm_medium=api&amp;utm_source=reviews_widget">Reviews from Goodreads.com</a>
  </div>
</div>

      ]]>
    </reviews_widget>
  <popular_shelves>
      <shelf name="to-read" count="6061"/>
      <shelf name="currently-reading" count="399"/>
      <shelf name="mystery" count="229"/>
      <shelf name="john-grisham" count="167"/>
      <shelf name="young-adult" count="136"/>
      <shelf name="fiction" count="119"/>
      <shelf name="series" count="52"/>
      <shelf name="crime" count="50"/>
      <shelf name="ya" count="46"/>
      <shelf name="grisham" count="40"/>
      <shelf name="favorites" count="40"/>
      <shelf name="default" count="39"/>
      <shelf name="owned" count="39"/>
      <shelf name="thriller" count="33"/>
      <shelf name="audiobook" count="31"/>
      <shelf name="books-i-own" count="30"/>
      <shelf name="audio" count="26"/>
      <shelf name="children" count="26"/>
      <shelf name="middle-grade" count="24"/>
      <shelf name="adventure" count="24"/>
      <shelf name="grisham-john" count="20"/>
      <shelf name="childrens" count="20"/>
      <shelf name="legal-thriller" count="20"/>
      <shelf name="children-s" count="19"/>
      <shelf name="my-books" count="18"/>
      <shelf name="library" count="18"/>
      <shelf name="juvenile-fiction" count="17"/>
      <shelf name="realistic-fiction" count="16"/>
      <shelf name="audio-books" count="15"/>
      <shelf name="law" count="15"/>
      <shelf name="kindle" count="14"/>
      <shelf name="kids" count="14"/>
      <shelf name="audiobooks" count="14"/>
      <shelf name="juvenile" count="14"/>
      <shelf name="theodore-boone" count="13"/>
      <shelf name="read-in-2012" count="13"/>
      <shelf name="suspense" count="13"/>
      <shelf name="child-detective" count="12"/>
      <shelf name="kidnapping" count="12"/>
      <shelf name="owned-books" count="12"/>
      <shelf name="friendship" count="12"/>
      <shelf name="theodore-boone-series" count="12"/>
      <shelf name="lawyer" count="12"/>
      <shelf name="teen" count="12"/>
      <shelf name="mysteries" count="11"/>
      <shelf name="kids-books" count="10"/>
      <shelf name="listened-to" count="10"/>
      <shelf name="legal" count="10"/>
      <shelf name="ebook" count="9"/>
      <shelf name="to-buy" count="9"/>
      <shelf name="children-s-literature" count="9"/>
      <shelf name="mystery-thriller" count="9"/>
      <shelf name="books" count="8"/>
      <shelf name="middle-school" count="8"/>
      <shelf name="e-books" count="8"/>
      <shelf name="children-s-books" count="8"/>
      <shelf name="thrillers" count="8"/>
      <shelf name="childrens-books" count="8"/>
      <shelf name="school" count="7"/>
      <shelf name="read-in-2013" count="7"/>
      <shelf name="ya-books" count="7"/>
      <shelf name="e-book" count="7"/>
      <shelf name="family" count="7"/>
      <shelf name="my-library" count="7"/>
      <shelf name="library-book" count="7"/>
      <shelf name="detective" count="7"/>
      <shelf name="parental-neglect" count="6"/>
      <shelf name="novels" count="6"/>
      <shelf name="dysfunctional-families" count="6"/>
      <shelf name="drama" count="6"/>
      <shelf name="abandoned" count="6"/>
      <shelf name="library-books" count="6"/>
      <shelf name="contemporary" count="6"/>
      <shelf name="read-2011" count="6"/>
      <shelf name="teens" count="6"/>
      <shelf name="read-in-2015" count="5"/>
      <shelf name="read-in-2014" count="5"/>
      <shelf name="read-2014" count="5"/>
      <shelf name="3-stars" count="5"/>
      <shelf name="home-library" count="5"/>
      <shelf name="read-2013" count="5"/>
      <shelf name="young-adult-books" count="5"/>
      <shelf name="novel" count="5"/>
      <shelf name="paperback" count="5"/>
      <shelf name="john-grisham-theodore-boone" count="5"/>
      <shelf name="children-books" count="5"/>
      <shelf name="read-2012" count="5"/>
      <shelf name="legal-thrillers" count="5"/>
      <shelf name="part-of-a-series" count="5"/>
      <shelf name="mystery-suspense" count="5"/>
      <shelf name="wish-list" count="5"/>
      <shelf name="read-in-2017" count="4"/>
      <shelf name="2016-reads" count="4"/>
      <shelf name="unread" count="4"/>
      <shelf name="action-adventure" count="4"/>
      <shelf name="middle-grades" count="4"/>
      <shelf name="good-books" count="4"/>
      <shelf name="kids-fiction" count="4"/>
      <shelf name="own-it" count="4"/>
      <shelf name="form-1" count="4"/>
  </popular_shelves>
  <book_links>
    <book_link>
  <id>8</id>
  <name>Libraries</name>
  <link>https://www.goodreads.com/book_link/follow/8</link>
</book_link>

  </book_links>
  <buy_links>
    <buy_link>
<id>1</id>
<name>Amazon</name>
<link>https://www.goodreads.com/book_link/follow/1</link>
</buy_link>
<buy_link>
<id>10</id>
<name>Audible</name>
<link>https://www.goodreads.com/book_link/follow/10</link>
</buy_link>
<buy_link>
<id>3</id>
<name>Barnes &amp; Noble</name>
<link>https://www.goodreads.com/book_link/follow/3</link>
</buy_link>
<buy_link>
<id>1027</id>
<name>Kobo</name>
<link>https://www.goodreads.com/book_link/follow/1027</link>
</buy_link>
<buy_link>
<id>2102</id>
<name>Apple iBooks</name>
<link>https://www.goodreads.com/book_link/follow/2102</link>
</buy_link>
<buy_link>
<id>8036</id>
<name>Google Play</name>
<link>https://www.goodreads.com/book_link/follow/8036</link>
</buy_link>
<buy_link>
<id>4</id>
<name>Abebooks</name>
<link>https://www.goodreads.com/book_link/follow/4</link>
</buy_link>
<buy_link>
<id>882</id>
<name>Book Depository</name>
<link>https://www.goodreads.com/book_link/follow/882</link>
</buy_link>
<buy_link>
<id>9</id>
<name>Indigo</name>
<link>https://www.goodreads.com/book_link/follow/9</link>
</buy_link>
<buy_link>
<id>2</id>
<name>Half.com</name>
<link>https://www.goodreads.com/book_link/follow/2</link>
</buy_link>
<buy_link>
<id>5</id>
<name>Alibris</name>
<link>https://www.goodreads.com/book_link/follow/5</link>
</buy_link>
<buy_link>
<id>107</id>
<name>Better World Books</name>
<link>https://www.goodreads.com/book_link/follow/107</link>
</buy_link>
<buy_link>
<id>7</id>
<name>IndieBound</name>
<link>https://www.goodreads.com/book_link/follow/7</link>
</buy_link>

  </buy_links>
  <series_works>
    <series_work>
<id>265724</id>
<user_position>2</user_position>
<series>
<id>61743</id>
<title>
<![CDATA[
    Theodore Boone
]]>
</title>
<description>
<![CDATA[
    Though he's only thirteen, Theodore Boone has spent more time in the courtroom than almost anywhere else, and there's always a new adventure waiting. Theo happily dispenses legal advice to friends and community members, just like real lawyers.
]]>
</description>
<note>
<![CDATA[
]]>
</note>
<series_works_count>6</series_works_count>
<primary_work_count>6</primary_work_count>
<numbered>true</numbered>
</series>

</series_work>

  </series_works>
  <similar_books>
          <book>
<id>8431747</id>
<title><![CDATA[Zero Moment (The Joshua Files, #3)]]></title>
<title_without_series>Zero Moment</title_without_series>
<link><![CDATA[https://www.goodreads.com/book/show/8431747-zero-moment]]></link>
<small_image_url><![CDATA[https://images.gr-assets.com/books/1329392948s/8431747.jpg]]></small_image_url>
<image_url><![CDATA[https://images.gr-assets.com/books/1329392948m/8431747.jpg]]></image_url>
<num_pages>356</num_pages>
<work>
<id>10853322</id>
</work>
<isbn>140712062X</isbn>
<isbn13>9781407120621</isbn13>
<average_rating>4.10</average_rating>
<ratings_count>450</ratings_count>
<publication_year>2010</publication_year>
<publication_month>2</publication_month>
<publication_day></publication_day>
<authors>
<author>
<id>2967731</id>
<name>M.G. Harris</name>
<link><![CDATA[https://www.goodreads.com/author/show/2967731.M_G_Harris]]></link>
</author>
</authors>
</book>

          <book>
<id>10720260</id>
<title>The Surge (Storm Runners, #2)</title>
<title_without_series>The Surge</title_without_series>
<link><![CDATA[https://www.goodreads.com/book/show/10720260-the-surge]]></link>
<small_image_url><![CDATA[https://images.gr-assets.com/books/1328838691s/10720260.jpg]]></small_image_url>
<image_url><![CDATA[https://images.gr-assets.com/books/1328838691m/10720260.jpg]]></image_url>
<num_pages>144</num_pages>
<work>
<id>15630900</id>
</work>
<isbn>0545081793</isbn>
<isbn13>9780545081795</isbn13>
<average_rating>3.96</average_rating>
<ratings_count>1016</ratings_count>
<publication_year>2011</publication_year>
<publication_month>9</publication_month>
<publication_day>1</publication_day>
<authors>
<author>
<id>137554</id>
<name>Roland Smith</name>
<link><![CDATA[https://www.goodreads.com/author/show/137554.Roland_Smith]]></link>
</author>
</authors>
</book>

          <book>
<id>6709819</id>
<title>The Academy (Steel Trapp, #2)</title>
<title_without_series>The Academy</title_without_series>
<link><![CDATA[https://www.goodreads.com/book/show/6709819-the-academy]]></link>
<small_image_url><![CDATA[https://images.gr-assets.com/books/1267232227s/6709819.jpg]]></small_image_url>
<image_url><![CDATA[https://images.gr-assets.com/books/1267232227m/6709819.jpg]]></image_url>
<num_pages>416</num_pages>
<work>
<id>6905663</id>
</work>
<isbn>1423115325</isbn>
<isbn13>9781423115328</isbn13>
<average_rating>4.00</average_rating>
<ratings_count>637</ratings_count>
<publication_year>2010</publication_year>
<publication_month>1</publication_month>
<publication_day>18</publication_day>
<authors>
<author>
<id>6244</id>
<name>Ridley Pearson</name>
<link><![CDATA[https://www.goodreads.com/author/show/6244.Ridley_Pearson]]></link>
</author>
</authors>
</book>

          <book>
<id>9567747</id>
<title><![CDATA[The Mistaken Masterpiece (The Red Blazer Girls, #3)]]></title>
<title_without_series>The Mistaken Masterpiece</title_without_series>
<link><![CDATA[https://www.goodreads.com/book/show/9567747-the-mistaken-masterpiece]]></link>
<small_image_url><![CDATA[https://images.gr-assets.com/books/1320541489s/9567747.jpg]]></small_image_url>
<image_url><![CDATA[https://images.gr-assets.com/books/1320541489m/9567747.jpg]]></image_url>
<num_pages>320</num_pages>
<work>
<id>14454518</id>
</work>
<isbn>0375867406</isbn>
<isbn13>9780375867408</isbn13>
<average_rating>4.06</average_rating>
<ratings_count>503</ratings_count>
<publication_year>2011</publication_year>
<publication_month>6</publication_month>
<publication_day>14</publication_day>
<authors>
<author>
<id>1908142</id>
<name>Michael D. Beil</name>
<link><![CDATA[https://www.goodreads.com/author/show/1908142.Michael_D_Beil]]></link>
</author>
</authors>
</book>

          <book>
<id>290255</id>
<title>Jacob&apos;s Ladder</title>
<title_without_series>Jacob&apos;s Ladder</title_without_series>
<link><![CDATA[https://www.goodreads.com/book/show/290255.Jacob_s_Ladder]]></link>
<small_image_url><![CDATA[https://images.gr-assets.com/books/1320417732s/290255.jpg]]></small_image_url>
<image_url><![CDATA[https://images.gr-assets.com/books/1320417732m/290255.jpg]]></image_url>
<num_pages>224</num_pages>
<work>
<id>281606</id>
</work>
<isbn>0763630713</isbn>
<isbn13>9780763630713</isbn13>
<average_rating>3.55</average_rating>
<ratings_count>444</ratings_count>
<publication_year>2007</publication_year>
<publication_month>2</publication_month>
<publication_day>13</publication_day>
<authors>
<author>
<id>103133</id>
<name>Brian Keaney</name>
<link><![CDATA[https://www.goodreads.com/author/show/103133.Brian_Keaney]]></link>
</author>
</authors>
</book>

          <book>
<id>5955183</id>
<title><![CDATA[Empty Quarter (Darcie Lock, #2)]]></title>
<title_without_series>Empty Quarter</title_without_series>
<link><![CDATA[https://www.goodreads.com/book/show/5955183-empty-quarter]]></link>
<small_image_url><![CDATA[https://s.gr-assets.com/assets/nophoto/book/50x75-a91bf249278a81aabab721ef782c4a74.png]]></small_image_url>
<image_url><![CDATA[https://s.gr-assets.com/assets/nophoto/book/111x148-bcc042a9c91a29c1d680899eff700a03.png]]></image_url>
<num_pages>413</num_pages>
<work>
<id>6127829</id>
</work>
<isbn>1405228199</isbn>
<isbn13>9781405228190</isbn13>
<average_rating>4.28</average_rating>
<ratings_count>290</ratings_count>
<publication_year>2008</publication_year>
<publication_month></publication_month>
<publication_day></publication_day>
<authors>
<author>
<id>1332</id>
<name>Julia Golding</name>
<link><![CDATA[https://www.goodreads.com/author/show/1332.Julia_Golding]]></link>
</author>
</authors>
</book>

          <book>
<id>75636</id>
<title><![CDATA[Vanishing Act: Mystery at the U.S. Open (The Sports Beat, #2)]]></title>
<title_without_series><![CDATA[Vanishing Act: Mystery at the U.S. Open]]></title_without_series>
<link><![CDATA[https://www.goodreads.com/book/show/75636.Vanishing_Act]]></link>
<small_image_url><![CDATA[https://images.gr-assets.com/books/1320461287s/75636.jpg]]></small_image_url>
<image_url><![CDATA[https://images.gr-assets.com/books/1320461287m/75636.jpg]]></image_url>
<num_pages>288</num_pages>
<work>
<id>1890778</id>
</work>
<isbn>037583592X</isbn>
<isbn13>9780375835926</isbn13>
<average_rating>4.02</average_rating>
<ratings_count>869</ratings_count>
<publication_year>2006</publication_year>
<publication_month>8</publication_month>
<publication_day>22</publication_day>
<authors>
<author>
<id>42993</id>
<name>John Feinstein</name>
<link><![CDATA[https://www.goodreads.com/author/show/42993.John_Feinstein]]></link>
</author>
</authors>
</book>

          <book>
<id>3137423</id>
<title><![CDATA[Joey Fly, Private Eye in Creepy Crawly Crime]]></title>
<title_without_series><![CDATA[Joey Fly, Private Eye in Creepy Crawly Crime]]></title_without_series>
<link><![CDATA[https://www.goodreads.com/book/show/3137423-joey-fly-private-eye-in-creepy-crawly-crime]]></link>
<small_image_url><![CDATA[https://images.gr-assets.com/books/1317791756s/3137423.jpg]]></small_image_url>
<image_url><![CDATA[https://images.gr-assets.com/books/1317791756m/3137423.jpg]]></image_url>
<num_pages>96</num_pages>
<work>
<id>3168847</id>
</work>
<isbn>0805082425</isbn>
<isbn13>9780805082425</isbn13>
<average_rating>3.82</average_rating>
<ratings_count>464</ratings_count>
<publication_year>2009</publication_year>
<publication_month>4</publication_month>
<publication_day>14</publication_day>
<authors>
<author>
<id>248589</id>
<name>Aaron Reynolds</name>
<link><![CDATA[https://www.goodreads.com/author/show/248589.Aaron_Reynolds]]></link>
</author>
</authors>
</book>

          <book>
<id>170176</id>
<title><![CDATA[Say Good-Bye (Wild at Heart, #5)]]></title>
<title_without_series>Say Good-Bye</title_without_series>
<link><![CDATA[https://www.goodreads.com/book/show/170176.Say_Good_Bye]]></link>
<small_image_url><![CDATA[https://s.gr-assets.com/assets/nophoto/book/50x75-a91bf249278a81aabab721ef782c4a74.png]]></small_image_url>
<image_url><![CDATA[https://s.gr-assets.com/assets/nophoto/book/111x148-bcc042a9c91a29c1d680899eff700a03.png]]></image_url>
<num_pages>125</num_pages>
<work>
<id>524445</id>
</work>
<isbn>1584850515</isbn>
<isbn13>9781584850519</isbn13>
<average_rating>4.03</average_rating>
<ratings_count>318</ratings_count>
<publication_year>2001</publication_year>
<publication_month>3</publication_month>
<publication_day>11</publication_day>
<authors>
<author>
<id>10003</id>
<name>Laurie Halse Anderson</name>
<link><![CDATA[https://www.goodreads.com/author/show/10003.Laurie_Halse_Anderson]]></link>
</author>
</authors>
</book>

          <book>
<id>3117</id>
<title>The Rescue (Kidnapped, #3)</title>
<title_without_series>The Rescue</title_without_series>
<link><![CDATA[https://www.goodreads.com/book/show/3117.The_Rescue]]></link>
<small_image_url><![CDATA[https://s.gr-assets.com/assets/nophoto/book/50x75-a91bf249278a81aabab721ef782c4a74.png]]></small_image_url>
<image_url><![CDATA[https://s.gr-assets.com/assets/nophoto/book/111x148-bcc042a9c91a29c1d680899eff700a03.png]]></image_url>
<num_pages>140</num_pages>
<work>
<id>6966</id>
</work>
<isbn>0439847796</isbn>
<isbn13>9780439847797</isbn13>
<average_rating>4.10</average_rating>
<ratings_count>1686</ratings_count>
<publication_year>2006</publication_year>
<publication_month>9</publication_month>
<publication_day>1</publication_day>
<authors>
<author>
<id>2130</id>
<name>Gordon Korman</name>
<link><![CDATA[https://www.goodreads.com/author/show/2130.Gordon_Korman]]></link>
</author>
</authors>
</book>

          <book>
<id>25582717</id>
<title><![CDATA[To Catch a Cheat (The Great Greene Heist, #2)]]></title>
<title_without_series>To Catch a Cheat</title_without_series>
<link><![CDATA[https://www.goodreads.com/book/show/25582717-to-catch-a-cheat]]></link>
<small_image_url><![CDATA[https://images.gr-assets.com/books/1432313125s/25582717.jpg]]></small_image_url>
<image_url><![CDATA[https://images.gr-assets.com/books/1432313125m/25582717.jpg]]></image_url>
<num_pages>256</num_pages>
<work>
<id>45385430</id>
</work>
<isbn>054572239X</isbn>
<isbn13>9780545722391</isbn13>
<average_rating>4.05</average_rating>
<ratings_count>211</ratings_count>
<publication_year>2016</publication_year>
<publication_month>1</publication_month>
<publication_day>26</publication_day>
<authors>
<author>
<id>851842</id>
<name>Varian Johnson</name>
<link><![CDATA[https://www.goodreads.com/author/show/851842.Varian_Johnson]]></link>
</author>
</authors>
</book>

          <book>
<id>9391978</id>
<title><![CDATA[The Case of the Deadly Desperados (The P.K Pinkerton Mysteries, #1)]]></title>
<title_without_series><![CDATA[The Case of the Deadly Desperados]]></title_without_series>
<link><![CDATA[https://www.goodreads.com/book/show/9391978-the-case-of-the-deadly-desperados]]></link>
<small_image_url><![CDATA[https://images.gr-assets.com/books/1328566057s/9391978.jpg]]></small_image_url>
<image_url><![CDATA[https://images.gr-assets.com/books/1328566057m/9391978.jpg]]></image_url>
<num_pages>269</num_pages>
<work>
<id>14275641</id>
</work>
<isbn>1444001698</isbn>
<isbn13>9781444001693</isbn13>
<average_rating>3.80</average_rating>
<ratings_count>733</ratings_count>
<publication_year>2011</publication_year>
<publication_month>6</publication_month>
<publication_day>1</publication_day>
<authors>
<author>
<id>5097</id>
<name>Caroline Lawrence</name>
<link><![CDATA[https://www.goodreads.com/author/show/5097.Caroline_Lawrence]]></link>
</author>
</authors>
</book>

          <book>
<id>10857402</id>
<title>The Unknown Spy</title>
<title_without_series>The Unknown Spy</title_without_series>
<link><![CDATA[https://www.goodreads.com/book/show/10857402-the-unknown-spy]]></link>
<small_image_url><![CDATA[https://images.gr-assets.com/books/1320563122s/10857402.jpg]]></small_image_url>
<image_url><![CDATA[https://images.gr-assets.com/books/1320563122m/10857402.jpg]]></image_url>
<num_pages>320</num_pages>
<work>
<id>15772300</id>
</work>
<isbn>0385907133</isbn>
<isbn13>9780385907132</isbn13>
<average_rating>4.03</average_rating>
<ratings_count>100</ratings_count>
<publication_year>2011</publication_year>
<publication_month>8</publication_month>
<publication_day>9</publication_day>
<authors>
<author>
<id>344067</id>
<name>Eoin McNamee</name>
<link><![CDATA[https://www.goodreads.com/author/show/344067.Eoin_McNamee]]></link>
</author>
</authors>
</book>

          <book>
<id>8563496</id>
<title><![CDATA[The Whites of Their Eyes (Benjamin Pratt & the Keepers of the School, #3)]]></title>
<title_without_series>The Whites of Their Eyes</title_without_series>
<link><![CDATA[https://www.goodreads.com/book/show/8563496-the-whites-of-their-eyes]]></link>
<small_image_url><![CDATA[https://s.gr-assets.com/assets/nophoto/book/50x75-a91bf249278a81aabab721ef782c4a74.png]]></small_image_url>
<image_url><![CDATA[https://s.gr-assets.com/assets/nophoto/book/111x148-bcc042a9c91a29c1d680899eff700a03.png]]></image_url>
<num_pages>207</num_pages>
<work>
<id>13431960</id>
</work>
<isbn>1416938885</isbn>
<isbn13>9781416938880</isbn13>
<average_rating>4.07</average_rating>
<ratings_count>485</ratings_count>
<publication_year>2012</publication_year>
<publication_month>1</publication_month>
<publication_day>3</publication_day>
<authors>
<author>
<id>63095</id>
<name>Andrew Clements</name>
<link><![CDATA[https://www.goodreads.com/author/show/63095.Andrew_Clements]]></link>
</author>
</authors>
</book>

  </similar_books>
</book>

</GoodreadsResponse>