<?xml version="1.0" encoding="UTF-8"?>
<GoodreadsResponse>
  <Request>
    <authentication>true</authentication>
      <key><![CDATA[all_men_must_serve]]></key>
    <method><![CDATA[book_show]]></method>
  </Request>
  <book>
  <id>107301</id>
  <title>A Town Like Alice</title>
  <isbn><![CDATA[1842323008]]></isbn>
  <isbn13><![CDATA[9781842323007]]></isbn13>
  <asin><![CDATA[]]></asin>
  <kindle_asin><![CDATA[B0034JUOBE]]></kindle_asin>
  <marketplace_id><![CDATA[A1F83G8C2ARO7P]]></marketplace_id>
  <country_code><![CDATA[GB]]></country_code>
  <image_url>https://images.gr-assets.com/books/1327957610m/107301.jpg</image_url>
  <small_image_url>https://images.gr-assets.com/books/1327957610s/107301.jpg</small_image_url>
  <publication_year>2000</publication_year>
  <publication_month></publication_month>
  <publication_day></publication_day>
  <publisher>House of Stratus</publisher>
  <language_code>eng</language_code>
  <is_ebook>false</is_ebook>
  <description><![CDATA[Nevil Shute's most beloved novel, a tale of love and war, follows its enterprising heroine from the Malayan jungle during World War II to the rugged Australian outback.<br /><br />Jean Paget, a young Englishwoman living in Malaya, is captured by the invading Japanese and forced on a brutal seven-month death march with dozens of other women and children. A few years after the war, Jean is back in England, the nightmare behind her. However, an unexpected inheritance inspires her to return to Malaya to give something back to the villagers who saved her life. Jean's travels leads her to a desolate Australian outpost called Willstown, where she finds a challenge that will draw on all the resourcefulness and spirit that carried her through her war-time ordeals.]]></description>
  <work>
  <id type="integer">276591</id>
  <books_count type="integer">114</books_count>
  <best_book_id type="integer">107301</best_book_id>
  <reviews_count type="integer">69763</reviews_count>
  <ratings_sum type="integer">163791</ratings_sum>
  <ratings_count type="integer">39738</ratings_count>
  <text_reviews_count type="integer">2709</text_reviews_count>
  <original_publication_year type="integer">1950</original_publication_year>
  <original_publication_month type="integer" nil="true"/>
  <original_publication_day type="integer" nil="true"/>
  <original_title>A Town Like Alice</original_title>
  <original_language_id type="integer" nil="true"/>
  <media_type>book</media_type>
  <rating_dist>5:15537|4:15409|3:7241|2:1196|1:355|total:39738</rating_dist>
  <desc_user_id type="integer">7463676</desc_user_id>
  <default_chaptering_book_id type="integer" nil="true"/>
  <default_description_language_code nil="true"/>
</work>
  <average_rating>4.12</average_rating>
  <num_pages><![CDATA[359]]></num_pages>
  <format><![CDATA[Paperback]]></format>
  <edition_information><![CDATA[]]></edition_information>
  <ratings_count><![CDATA[36034]]></ratings_count>
  <text_reviews_count><![CDATA[2117]]></text_reviews_count>
  <url><![CDATA[https://www.goodreads.com/book/show/107301.A_Town_Like_Alice]]></url>
  <link><![CDATA[https://www.goodreads.com/book/show/107301.A_Town_Like_Alice]]></link>
  <authors>
<author>
<id>21477</id>
<name>Nevil Shute</name>
<role></role>
<image_url nophoto='false'>
<![CDATA[https://images.gr-assets.com/authors/1206158172p5/21477.jpg]]>
</image_url>
<small_image_url nophoto='false'>
<![CDATA[https://images.gr-assets.com/authors/1206158172p2/21477.jpg]]>
</small_image_url>
<link><![CDATA[https://www.goodreads.com/author/show/21477.Nevil_Shute]]></link>
<average_rating>4.03</average_rating>
<ratings_count>83950</ratings_count>
<text_reviews_count>6151</text_reviews_count>
</author>
</authors>

    <reviews_widget>
      <![CDATA[
        <style>
  #goodreads-widget {
    font-family: georgia, serif;
    padding: 18px 0;
    width:565px;
  }
  #goodreads-widget h1 {
    font-weight:normal;
    font-size: 16px;
    border-bottom: 1px solid #BBB596;
    margin-bottom: 0;
  }
  #goodreads-widget a {
    text-decoration: none;
    color:#660;
  }
  iframe{
    background-color: #fff;
  }
  #goodreads-widget a:hover { text-decoration: underline; }
  #goodreads-widget a:active {
    color:#660;
  }
  #gr_footer {
    width: 100%;
    border-top: 1px solid #BBB596;
    text-align: right;
  }
  #goodreads-widget .gr_branding{
    color: #382110;
    font-size: 11px;
    text-decoration: none;
    font-family: "Helvetica Neue", Helvetica, Arial, sans-serif;
  }
</style>
<div id="goodreads-widget">
  <div id="gr_header"><h1><a rel="nofollow" href="https://www.goodreads.com/book/show/107301.A_Town_Like_Alice">A Town Like Alice Reviews</a></h1></div>
  <iframe id="the_iframe" src="https://www.goodreads.com/api/reviews_widget_iframe?did=DEVELOPER_ID&amp;format=html&amp;isbn=1842323008&amp;links=660&amp;min_rating=&amp;review_back=fff&amp;stars=000&amp;text=000" width="565" height="400" frameborder="0"></iframe>
  <div id="gr_footer">
    <a class="gr_branding" target="_blank" rel="nofollow" href="https://www.goodreads.com/book/show/107301.A_Town_Like_Alice?utm_medium=api&amp;utm_source=reviews_widget">Reviews from Goodreads.com</a>
  </div>
</div>

      ]]>
    </reviews_widget>
  <popular_shelves>
      <shelf name="to-read" count="3721"/>
      <shelf name="fiction" count="701"/>
      <shelf name="historical-fiction" count="560"/>
      <shelf name="classics" count="313"/>
      <shelf name="currently-reading" count="282"/>
      <shelf name="australia" count="240"/>
      <shelf name="romance" count="179"/>
      <shelf name="war" count="149"/>
      <shelf name="book-club" count="133"/>
      <shelf name="1001-books" count="131"/>
      <shelf name="historical" count="126"/>
      <shelf name="australian" count="99"/>
      <shelf name="wwii" count="90"/>
      <shelf name="1001" count="82"/>
      <shelf name="classic" count="77"/>
      <shelf name="bbc-big-read" count="62"/>
      <shelf name="owned" count="58"/>
      <shelf name="audiobook" count="52"/>
      <shelf name="world-war-ii" count="51"/>
      <shelf name="bbc-top-100" count="50"/>
      <shelf name="books-i-own" count="50"/>
      <shelf name="literature" count="49"/>
      <shelf name="novels" count="48"/>
      <shelf name="library" count="44"/>
      <shelf name="adult-fiction" count="44"/>
      <shelf name="1001-books-to-read-before-you-die" count="43"/>
      <shelf name="favourites" count="40"/>
      <shelf name="general-fiction" count="39"/>
      <shelf name="kindle" count="37"/>
      <shelf name="audio" count="36"/>
      <shelf name="20th-century" count="36"/>
      <shelf name="ww2" count="35"/>
      <shelf name="wish-list" count="35"/>
      <shelf name="bookclub" count="35"/>
      <shelf name="audible" count="34"/>
      <shelf name="bbc-100" count="33"/>
      <shelf name="1001-import" count="32"/>
      <shelf name="history" count="31"/>
      <shelf name="asia" count="31"/>
      <shelf name="to-buy" count="30"/>
      <shelf name="1001-books-you-must-read-before-you" count="30"/>
      <shelf name="favorites" count="29"/>
      <shelf name="audiobooks" count="29"/>
      <shelf name="1001-books-to-read" count="29"/>
      <shelf name="novel" count="28"/>
      <shelf name="world-war-2" count="28"/>
      <shelf name="book-group" count="28"/>
      <shelf name="adult" count="28"/>
      <shelf name="malaysia" count="27"/>
      <shelf name="100-books-to-read-before-you-die" count="26"/>
      <shelf name="adventure" count="26"/>
      <shelf name="literary-fiction" count="25"/>
      <shelf name="bbc" count="24"/>
      <shelf name="nevil-shute" count="23"/>
      <shelf name="1001-to-read" count="23"/>
      <shelf name="ebooks" count="22"/>
      <shelf name="bbc-list" count="21"/>
      <shelf name="survival" count="20"/>
      <shelf name="england" count="20"/>
      <shelf name="ebook" count="19"/>
      <shelf name="re-read" count="19"/>
      <shelf name="owned-books" count="17"/>
      <shelf name="100-books-to-read" count="17"/>
      <shelf name="the-big-read" count="17"/>
      <shelf name="book-club-books" count="17"/>
      <shelf name="default" count="16"/>
      <shelf name="to-read-fiction" count="16"/>
      <shelf name="bbc-100-books" count="16"/>
      <shelf name="aussie" count="16"/>
      <shelf name="read-in-2011" count="15"/>
      <shelf name="audio-books" count="15"/>
      <shelf name="favorite" count="15"/>
      <shelf name="contemporary" count="15"/>
      <shelf name="read-in-2014" count="14"/>
      <shelf name="1950s" count="14"/>
      <shelf name="100-books" count="14"/>
      <shelf name="drama" count="14"/>
      <shelf name="fiction-historical" count="14"/>
      <shelf name="audio-book" count="14"/>
      <shelf name="modern-classics" count="14"/>
      <shelf name="read-in-2016" count="13"/>
      <shelf name="australian-fiction" count="13"/>
      <shelf name="classics-to-read" count="13"/>
      <shelf name="shelfari-favorites" count="12"/>
      <shelf name="malaya" count="12"/>
      <shelf name="bbc-challenge" count="12"/>
      <shelf name="ww-ii" count="12"/>
      <shelf name="bbc-the-big-read" count="12"/>
      <shelf name="bookgroup" count="11"/>
      <shelf name="1940s" count="11"/>
      <shelf name="oceania" count="11"/>
      <shelf name="bbc-book-list" count="11"/>
      <shelf name="shute" count="11"/>
      <shelf name="bbc-book-challenge" count="11"/>
      <shelf name="english" count="11"/>
      <shelf name="historical-romance" count="11"/>
      <shelf name="all-time-favorites" count="11"/>
      <shelf name="favorite-books" count="11"/>
      <shelf name="maybe" count="11"/>
      <shelf name="modern-fiction" count="11"/>
  </popular_shelves>
  <book_links>
    <book_link>
  <id>8</id>
  <name>Libraries</name>
  <link>https://www.goodreads.com/book_link/follow/8</link>
</book_link>

  </book_links>
  <buy_links>
    <buy_link>
<id>1</id>
<name>Amazon</name>
<link>https://www.goodreads.com/book_link/follow/1</link>
</buy_link>
<buy_link>
<id>10</id>
<name>Audible</name>
<link>https://www.goodreads.com/book_link/follow/10</link>
</buy_link>
<buy_link>
<id>3</id>
<name>Barnes &amp; Noble</name>
<link>https://www.goodreads.com/book_link/follow/3</link>
</buy_link>
<buy_link>
<id>1027</id>
<name>Kobo</name>
<link>https://www.goodreads.com/book_link/follow/1027</link>
</buy_link>
<buy_link>
<id>2102</id>
<name>Apple iBooks</name>
<link>https://www.goodreads.com/book_link/follow/2102</link>
</buy_link>
<buy_link>
<id>8036</id>
<name>Google Play</name>
<link>https://www.goodreads.com/book_link/follow/8036</link>
</buy_link>
<buy_link>
<id>4</id>
<name>Abebooks</name>
<link>https://www.goodreads.com/book_link/follow/4</link>
</buy_link>
<buy_link>
<id>882</id>
<name>Book Depository</name>
<link>https://www.goodreads.com/book_link/follow/882</link>
</buy_link>
<buy_link>
<id>9</id>
<name>Indigo</name>
<link>https://www.goodreads.com/book_link/follow/9</link>
</buy_link>
<buy_link>
<id>2</id>
<name>Half.com</name>
<link>https://www.goodreads.com/book_link/follow/2</link>
</buy_link>
<buy_link>
<id>5</id>
<name>Alibris</name>
<link>https://www.goodreads.com/book_link/follow/5</link>
</buy_link>
<buy_link>
<id>107</id>
<name>Better World Books</name>
<link>https://www.goodreads.com/book_link/follow/107</link>
</buy_link>
<buy_link>
<id>7</id>
<name>IndieBound</name>
<link>https://www.goodreads.com/book_link/follow/7</link>
</buy_link>

  </buy_links>
  <series_works>
    
  </series_works>
  <similar_books>
          <book>
<id>125190</id>
<title><![CDATA[Swallows and Amazons (Swallows and Amazons, #1)]]></title>
<title_without_series>Swallows and Amazons</title_without_series>
<link><![CDATA[https://www.goodreads.com/book/show/125190.Swallows_and_Amazons]]></link>
<small_image_url><![CDATA[https://images.gr-assets.com/books/1277148503s/125190.jpg]]></small_image_url>
<image_url><![CDATA[https://images.gr-assets.com/books/1277148503m/125190.jpg]]></image_url>
<num_pages>315</num_pages>
<work>
<id>231599</id>
</work>
<isbn>087923573X</isbn>
<isbn13>9780879235734</isbn13>
<average_rating>3.98</average_rating>
<ratings_count>23069</ratings_count>
<publication_year>2010</publication_year>
<publication_month>7</publication_month>
<publication_day>16</publication_day>
<authors>
<author>
<id>72120</id>
<name>Arthur Ransome</name>
<link><![CDATA[https://www.goodreads.com/author/show/72120.Arthur_Ransome]]></link>
</author>
</authors>
</book>

          <book>
<id>411496</id>
<title>Voss</title>
<title_without_series>Voss</title_without_series>
<link><![CDATA[https://www.goodreads.com/book/show/411496.Voss]]></link>
<small_image_url><![CDATA[https://images.gr-assets.com/books/1330428809s/411496.jpg]]></small_image_url>
<image_url><![CDATA[https://images.gr-assets.com/books/1330428809m/411496.jpg]]></image_url>
<num_pages>448</num_pages>
<work>
<id>2938914</id>
</work>
<isbn>0099324717</isbn>
<isbn13>9780099324713</isbn13>
<average_rating>3.76</average_rating>
<ratings_count>1872</ratings_count>
<publication_year>1994</publication_year>
<publication_month>7</publication_month>
<publication_day>21</publication_day>
<authors>
<author>
<id>50783</id>
<name>Patrick White</name>
<link><![CDATA[https://www.goodreads.com/author/show/50783.Patrick_White]]></link>
</author>
</authors>
</book>

          <book>
<id>921359</id>
<title><![CDATA[The Ragged Trousered Philanthropists]]></title>
<title_without_series><![CDATA[The Ragged Trousered Philanthropists]]></title_without_series>
<link><![CDATA[https://www.goodreads.com/book/show/921359.The_Ragged_Trousered_Philanthropists]]></link>
<small_image_url><![CDATA[https://s.gr-assets.com/assets/nophoto/book/50x75-a91bf249278a81aabab721ef782c4a74.png]]></small_image_url>
<image_url><![CDATA[https://s.gr-assets.com/assets/nophoto/book/111x148-bcc042a9c91a29c1d680899eff700a03.png]]></image_url>
<num_pages>608</num_pages>
<work>
<id>906396</id>
</work>
<isbn>0586090363</isbn>
<isbn13>9780586090367</isbn13>
<average_rating>3.95</average_rating>
<ratings_count>5645</ratings_count>
<publication_year>1993</publication_year>
<publication_month></publication_month>
<publication_day></publication_day>
<authors>
<author>
<id>338068</id>
<name>Robert Tressell</name>
<link><![CDATA[https://www.goodreads.com/author/show/338068.Robert_Tressell]]></link>
</author>
</authors>
</book>

          <book>
<id>183586</id>
<title>The Cruel Sea</title>
<title_without_series>The Cruel Sea</title_without_series>
<link><![CDATA[https://www.goodreads.com/book/show/183586.The_Cruel_Sea]]></link>
<small_image_url><![CDATA[https://s.gr-assets.com/assets/nophoto/book/50x75-a91bf249278a81aabab721ef782c4a74.png]]></small_image_url>
<image_url><![CDATA[https://s.gr-assets.com/assets/nophoto/book/111x148-bcc042a9c91a29c1d680899eff700a03.png]]></image_url>
<num_pages>520</num_pages>
<work>
<id>1104357</id>
</work>
<isbn>1580800467</isbn>
<isbn13>9781580800464</isbn13>
<average_rating>4.18</average_rating>
<ratings_count>4593</ratings_count>
<publication_year>2000</publication_year>
<publication_month>3</publication_month>
<publication_day>14</publication_day>
<authors>
<author>
<id>47118</id>
<name>Nicholas Monsarrat</name>
<link><![CDATA[https://www.goodreads.com/author/show/47118.Nicholas_Monsarrat]]></link>
</author>
</authors>
</book>

          <book>
<id>92780</id>
<title>Cold Comfort Farm</title>
<title_without_series>Cold Comfort Farm</title_without_series>
<link><![CDATA[https://www.goodreads.com/book/show/92780.Cold_Comfort_Farm]]></link>
<small_image_url><![CDATA[https://images.gr-assets.com/books/1416161594s/92780.jpg]]></small_image_url>
<image_url><![CDATA[https://images.gr-assets.com/books/1416161594m/92780.jpg]]></image_url>
<num_pages>233</num_pages>
<work>
<id>847348</id>
</work>
<isbn>0143039598</isbn>
<isbn13>9780143039594</isbn13>
<average_rating>3.92</average_rating>
<ratings_count>33267</ratings_count>
<publication_year>2006</publication_year>
<publication_month>3</publication_month>
<publication_day>28</publication_day>
<authors>
<author>
<id>53259</id>
<name>Stella Gibbons</name>
<link><![CDATA[https://www.goodreads.com/author/show/53259.Stella_Gibbons]]></link>
</author>
</authors>
</book>

          <book>
<id>625198</id>
<title>The Shiralee</title>
<title_without_series>The Shiralee</title_without_series>
<link><![CDATA[https://www.goodreads.com/book/show/625198.The_Shiralee]]></link>
<small_image_url><![CDATA[https://s.gr-assets.com/assets/nophoto/book/50x75-a91bf249278a81aabab721ef782c4a74.png]]></small_image_url>
<image_url><![CDATA[https://s.gr-assets.com/assets/nophoto/book/111x148-bcc042a9c91a29c1d680899eff700a03.png]]></image_url>
<num_pages></num_pages>
<work>
<id>611556</id>
</work>
<isbn>0141186135</isbn>
<isbn13>9780141186139</isbn13>
<average_rating>4.05</average_rating>
<ratings_count>570</ratings_count>
<publication_year></publication_year>
<publication_month></publication_month>
<publication_day></publication_day>
<authors>
<author>
<id>338049</id>
<name>D&apos;Arcy Niland</name>
<link><![CDATA[https://www.goodreads.com/author/show/338049.D_Arcy_Niland]]></link>
</author>
</authors>
</book>

          <book>
<id>224740</id>
<title>One Lonely Night</title>
<title_without_series>One Lonely Night</title_without_series>
<link><![CDATA[https://www.goodreads.com/book/show/224740.One_Lonely_Night]]></link>
<small_image_url><![CDATA[https://images.gr-assets.com/books/1405015292s/224740.jpg]]></small_image_url>
<image_url><![CDATA[https://images.gr-assets.com/books/1405015292m/224740.jpg]]></image_url>
<num_pages></num_pages>
<work>
<id>2516211</id>
</work>
<isbn>0792721055</isbn>
<isbn13>9780792721055</isbn13>
<average_rating>3.61</average_rating>
<ratings_count>492</ratings_count>
<publication_year></publication_year>
<publication_month></publication_month>
<publication_day></publication_day>
<authors>
<author>
<id>50948</id>
<name>Mickey Spillane</name>
<link><![CDATA[https://www.goodreads.com/author/show/50948.Mickey_Spillane]]></link>
</author>
</authors>
</book>

          <book>
<id>6259</id>
<title>Birdsong</title>
<title_without_series>Birdsong</title_without_series>
<link><![CDATA[https://www.goodreads.com/book/show/6259.Birdsong]]></link>
<small_image_url><![CDATA[https://images.gr-assets.com/books/1349952101s/6259.jpg]]></small_image_url>
<image_url><![CDATA[https://images.gr-assets.com/books/1349952101m/6259.jpg]]></image_url>
<num_pages>483</num_pages>
<work>
<id>1093016</id>
</work>
<isbn>0679776818</isbn>
<isbn13>9780679776819</isbn13>
<average_rating>4.07</average_rating>
<ratings_count>55682</ratings_count>
<publication_year></publication_year>
<publication_month></publication_month>
<publication_day></publication_day>
<authors>
<author>
<id>4229</id>
<name>Sebastian Faulks</name>
<link><![CDATA[https://www.goodreads.com/author/show/4229.Sebastian_Faulks]]></link>
</author>
</authors>
</book>

          <book>
<id>258392</id>
<title>Gormenghast (Gormenghast, #2)</title>
<title_without_series>Gormenghast</title_without_series>
<link><![CDATA[https://www.goodreads.com/book/show/258392.Gormenghast]]></link>
<small_image_url><![CDATA[https://images.gr-assets.com/books/1480786154s/258392.jpg]]></small_image_url>
<image_url><![CDATA[https://images.gr-assets.com/books/1480786154m/258392.jpg]]></image_url>
<num_pages>505</num_pages>
<work>
<id>3599885</id>
</work>
<isbn>074939482X</isbn>
<isbn13>9780749394820</isbn13>
<average_rating>4.00</average_rating>
<ratings_count>9807</ratings_count>
<publication_year>1998</publication_year>
<publication_month>2</publication_month>
<publication_day>5</publication_day>
<authors>
<author>
<id>22018</id>
<name>Mervyn Peake</name>
<link><![CDATA[https://www.goodreads.com/author/show/22018.Mervyn_Peake]]></link>
</author>
</authors>
</book>

          <book>
<id>258475</id>
<title>Mulengro</title>
<title_without_series>Mulengro</title_without_series>
<link><![CDATA[https://www.goodreads.com/book/show/258475.Mulengro]]></link>
<small_image_url><![CDATA[https://images.gr-assets.com/books/1401387192s/258475.jpg]]></small_image_url>
<image_url><![CDATA[https://images.gr-assets.com/books/1401387192m/258475.jpg]]></image_url>
<num_pages>357</num_pages>
<work>
<id>14299576</id>
</work>
<isbn>0441544843</isbn>
<isbn13>9780441544844</isbn13>
<average_rating>3.86</average_rating>
<ratings_count>1250</ratings_count>
<publication_year>1985</publication_year>
<publication_month>10</publication_month>
<publication_day>1</publication_day>
<authors>
<author>
<id>8185168</id>
<name>Charles  de Lint</name>
<link><![CDATA[https://www.goodreads.com/author/show/8185168.Charles_de_Lint]]></link>
</author>
</authors>
</book>

          <book>
<id>952343</id>
<title>Fear</title>
<title_without_series>Fear</title_without_series>
<link><![CDATA[https://www.goodreads.com/book/show/952343.Fear]]></link>
<small_image_url><![CDATA[https://images.gr-assets.com/books/1349318665s/952343.jpg]]></small_image_url>
<image_url><![CDATA[https://images.gr-assets.com/books/1349318665m/952343.jpg]]></image_url>
<num_pages>280</num_pages>
<work>
<id>220921</id>
</work>
<isbn>1870451554</isbn>
<isbn13>9781870451550</isbn13>
<average_rating>3.17</average_rating>
<ratings_count>1168</ratings_count>
<publication_year>1992</publication_year>
<publication_month>10</publication_month>
<publication_day>1</publication_day>
<authors>
<author>
<id>33503</id>
<name>L. Ron Hubbard</name>
<link><![CDATA[https://www.goodreads.com/author/show/33503.L_Ron_Hubbard]]></link>
</author>
</authors>
</book>

          <book>
<id>161099</id>
<title>Good Night, Mr. Tom</title>
<title_without_series>Good Night, Mr. Tom</title_without_series>
<link><![CDATA[https://www.goodreads.com/book/show/161099.Good_Night_Mr_Tom]]></link>
<small_image_url><![CDATA[https://images.gr-assets.com/books/1282757902s/161099.jpg]]></small_image_url>
<image_url><![CDATA[https://images.gr-assets.com/books/1282757902m/161099.jpg]]></image_url>
<num_pages>320</num_pages>
<work>
<id>870671</id>
</work>
<isbn>006440174X</isbn>
<isbn13>9780064401746</isbn13>
<average_rating>4.28</average_rating>
<ratings_count>30421</ratings_count>
<publication_year>1986</publication_year>
<publication_month>11</publication_month>
<publication_day>13</publication_day>
<authors>
<author>
<id>93351</id>
<name>Michelle Magorian</name>
<link><![CDATA[https://www.goodreads.com/author/show/93351.Michelle_Magorian]]></link>
</author>
</authors>
</book>

          <book>
<id>50365</id>
<title><![CDATA[A Suitable Boy (A Suitable Boy, #1)]]></title>
<title_without_series>A Suitable Boy</title_without_series>
<link><![CDATA[https://www.goodreads.com/book/show/50365.A_Suitable_Boy]]></link>
<small_image_url><![CDATA[https://images.gr-assets.com/books/1329421639s/50365.jpg]]></small_image_url>
<image_url><![CDATA[https://images.gr-assets.com/books/1329421639m/50365.jpg]]></image_url>
<num_pages>1474</num_pages>
<work>
<id>1651078</id>
</work>
<isbn>0060786523</isbn>
<isbn13>9780060786526</isbn13>
<average_rating>4.10</average_rating>
<ratings_count>35520</ratings_count>
<publication_year></publication_year>
<publication_month></publication_month>
<publication_day></publication_day>
<authors>
<author>
<id>28345</id>
<name>Vikram Seth</name>
<link><![CDATA[https://www.goodreads.com/author/show/28345.Vikram_Seth]]></link>
</author>
</authors>
</book>

          <book>
<id>673234</id>
<title>The Getting of Wisdom</title>
<title_without_series>The Getting of Wisdom</title_without_series>
<link><![CDATA[https://www.goodreads.com/book/show/673234.The_Getting_of_Wisdom]]></link>
<small_image_url><![CDATA[https://images.gr-assets.com/books/1328022420s/673234.jpg]]></small_image_url>
<image_url><![CDATA[https://images.gr-assets.com/books/1328022420m/673234.jpg]]></image_url>
<num_pages>282</num_pages>
<work>
<id>2406130</id>
</work>
<isbn>0702231797</isbn>
<isbn13>9780702231797</isbn13>
<average_rating>3.50</average_rating>
<ratings_count>992</ratings_count>
<publication_year>2002</publication_year>
<publication_month>6</publication_month>
<publication_day>31</publication_day>
<authors>
<author>
<id>235275</id>
<name>Henry Handel Richardson</name>
<link><![CDATA[https://www.goodreads.com/author/show/235275.Henry_Handel_Richardson]]></link>
</author>
</authors>
</book>

          <book>
<id>2143538</id>
<title><![CDATA[Fair Stood the Wind for France]]></title>
<title_without_series><![CDATA[Fair Stood the Wind for France]]></title_without_series>
<link><![CDATA[https://www.goodreads.com/book/show/2143538.Fair_Stood_the_Wind_for_France]]></link>
<small_image_url><![CDATA[https://s.gr-assets.com/assets/nophoto/book/50x75-a91bf249278a81aabab721ef782c4a74.png]]></small_image_url>
<image_url><![CDATA[https://s.gr-assets.com/assets/nophoto/book/111x148-bcc042a9c91a29c1d680899eff700a03.png]]></image_url>
<num_pages>386</num_pages>
<work>
<id>2149028</id>
</work>
<isbn>078627218X</isbn>
<isbn13>9780786272181</isbn13>
<average_rating>3.89</average_rating>
<ratings_count>877</ratings_count>
<publication_year>2005</publication_year>
<publication_month>1</publication_month>
<publication_day>5</publication_day>
<authors>
<author>
<id>87094</id>
<name>H.E. Bates</name>
<link><![CDATA[https://www.goodreads.com/author/show/87094.H_E_Bates]]></link>
</author>
</authors>
</book>

          <book>
<id>1855153</id>
<title>The Harp in the South</title>
<title_without_series>The Harp in the South</title_without_series>
<link><![CDATA[https://www.goodreads.com/book/show/1855153.The_Harp_in_the_South]]></link>
<small_image_url><![CDATA[https://images.gr-assets.com/books/1320660117s/1855153.jpg]]></small_image_url>
<image_url><![CDATA[https://images.gr-assets.com/books/1320660117m/1855153.jpg]]></image_url>
<num_pages>251</num_pages>
<work>
<id>1855743</id>
</work>
<isbn>0140008535</isbn>
<isbn13>9780140008531</isbn13>
<average_rating>3.98</average_rating>
<ratings_count>3062</ratings_count>
<publication_year>1951</publication_year>
<publication_month>1</publication_month>
<publication_day></publication_day>
<authors>
<author>
<id>53234</id>
<name>Ruth Park</name>
<link><![CDATA[https://www.goodreads.com/author/show/53234.Ruth_Park]]></link>
</author>
</authors>
</book>

          <book>
<id>3388</id>
<title>Corelli&apos;s Mandolin</title>
<title_without_series>Corelli&apos;s Mandolin</title_without_series>
<link><![CDATA[https://www.goodreads.com/book/show/3388.Corelli_s_Mandolin]]></link>
<small_image_url><![CDATA[https://images.gr-assets.com/books/1479680795s/3388.jpg]]></small_image_url>
<image_url><![CDATA[https://images.gr-assets.com/books/1479680795m/3388.jpg]]></image_url>
<num_pages>437</num_pages>
<work>
<id>2771048</id>
</work>
<isbn>067976397X</isbn>
<isbn13>9780679763970</isbn13>
<average_rating>3.95</average_rating>
<ratings_count>65623</ratings_count>
<publication_year>1995</publication_year>
<publication_month>8</publication_month>
<publication_day>29</publication_day>
<authors>
<author>
<id>2313</id>
<name>Louis de Bernières</name>
<link><![CDATA[https://www.goodreads.com/author/show/2313.Louis_de_Berni_res]]></link>
</author>
</authors>
</book>

          <book>
<id>119042</id>
<title>My Brilliant Career</title>
<title_without_series>My Brilliant Career</title_without_series>
<link><![CDATA[https://www.goodreads.com/book/show/119042.My_Brilliant_Career]]></link>
<small_image_url><![CDATA[https://s.gr-assets.com/assets/nophoto/book/50x75-a91bf249278a81aabab721ef782c4a74.png]]></small_image_url>
<image_url><![CDATA[https://s.gr-assets.com/assets/nophoto/book/111x148-bcc042a9c91a29c1d680899eff700a03.png]]></image_url>
<num_pages></num_pages>
<work>
<id>114613</id>
</work>
<isbn>1600963781</isbn>
<isbn13>9781600963780</isbn13>
<average_rating>3.80</average_rating>
<ratings_count>4247</ratings_count>
<publication_year></publication_year>
<publication_month></publication_month>
<publication_day></publication_day>
<authors>
<author>
<id>68990</id>
<name>Miles Franklin</name>
<link><![CDATA[https://www.goodreads.com/author/show/68990.Miles_Franklin]]></link>
</author>
</authors>
</book>

  </similar_books>
</book>

</GoodreadsResponse>