<?xml version="1.0" encoding="UTF-8"?>
<GoodreadsResponse>
  <Request>
    <authentication>true</authentication>
      <key><![CDATA[all_men_must_serve]]></key>
    <method><![CDATA[book_show]]></method>
  </Request>
  <book>
  <id>10757833</id>
  <title><![CDATA[Beautiful Chaos (Caster Chronicles, #3)]]></title>
  <isbn><![CDATA[0316123528]]></isbn>
  <isbn13><![CDATA[9780316123525]]></isbn13>
  <asin><![CDATA[]]></asin>
  <kindle_asin><![CDATA[B005JZD382]]></kindle_asin>
  <marketplace_id><![CDATA[A1F83G8C2ARO7P]]></marketplace_id>
  <country_code><![CDATA[GB]]></country_code>
  <image_url>https://images.gr-assets.com/books/1327878503m/10757833.jpg</image_url>
  <small_image_url>https://images.gr-assets.com/books/1327878503s/10757833.jpg</small_image_url>
  <publication_year>2011</publication_year>
  <publication_month>10</publication_month>
  <publication_day>18</publication_day>
  <publisher>Little, Brown and Company</publisher>
  <language_code>en-US</language_code>
  <is_ebook>false</is_ebook>
  <description><![CDATA[Ethan Wate thought he was getting used to the strange, impossible events happening in Gatlin, his small Southern town. But now that Ethan and Lena have returned home, <i>strange</i> and <i>impossible</i> have taken on new meanings. Swarms of locusts, record-breaking heat, and devastating storms ravage Gatlin as Ethan and Lena struggle to understand the impact of Lena's Claiming. Even Lena's family of powerful Supernaturals is affected - and their abilities begin to dangerously misfire. As time passes, one question becomes clear: What — or who — will need to be sacrificed to save Gatlin?<br /><br />For Ethan, the chaos is a frightening but welcome distraction. He's being haunted in his dreams again, but this time it isn't by Lena - and whatever is haunting him is following him out of his dreams and into his everyday life. Even worse, Ethan is gradually losing pieces of himself — forgetting names, phone numbers, even memories. He doesn't know why, and most days he's too afraid to ask.<br /><br />Sometimes there isn't just one answer or one choice. Sometimes there's no going back. And this time there won't be a happy ending.]]></description>
  <work>
  <id type="integer">11254742</id>
  <books_count type="integer">60</books_count>
  <best_book_id type="integer">10757833</best_book_id>
  <reviews_count type="integer">153049</reviews_count>
  <ratings_sum type="integer">321935</ratings_sum>
  <ratings_count type="integer">81522</ratings_count>
  <text_reviews_count type="integer">4356</text_reviews_count>
  <original_publication_year type="integer">2011</original_publication_year>
  <original_publication_month type="integer">10</original_publication_month>
  <original_publication_day type="integer">18</original_publication_day>
  <original_title>Beautiful Chaos</original_title>
  <original_language_id type="integer" nil="true"/>
  <media_type>book</media_type>
  <rating_dist>5:29171|4:27034|3:18816|2:4995|1:1506|total:81522</rating_dist>
  <desc_user_id type="integer">27172796</desc_user_id>
  <default_chaptering_book_id type="integer" nil="true"/>
  <default_description_language_code nil="true"/>
</work>
  <average_rating>3.95</average_rating>
  <num_pages><![CDATA[516]]></num_pages>
  <format><![CDATA[Hardcover]]></format>
  <edition_information><![CDATA[]]></edition_information>
  <ratings_count><![CDATA[69728]]></ratings_count>
  <text_reviews_count><![CDATA[3725]]></text_reviews_count>
  <url><![CDATA[https://www.goodreads.com/book/show/10757833-beautiful-chaos]]></url>
  <link><![CDATA[https://www.goodreads.com/book/show/10757833-beautiful-chaos]]></link>
  <authors>
<author>
<id>2895706</id>
<name>Kami Garcia</name>
<role></role>
<image_url nophoto='false'>
<![CDATA[https://images.gr-assets.com/authors/1452664536p5/2895706.jpg]]>
</image_url>
<small_image_url nophoto='false'>
<![CDATA[https://images.gr-assets.com/authors/1452664536p2/2895706.jpg]]>
</small_image_url>
<link><![CDATA[https://www.goodreads.com/author/show/2895706.Kami_Garcia]]></link>
<average_rating>3.81</average_rating>
<ratings_count>784241</ratings_count>
<text_reviews_count>44480</text_reviews_count>
</author>
<author>
<id>2895707</id>
<name>Margaret Stohl</name>
<role></role>
<image_url nophoto='false'>
<![CDATA[https://images.gr-assets.com/authors/1400283110p5/2895707.jpg]]>
</image_url>
<small_image_url nophoto='false'>
<![CDATA[https://images.gr-assets.com/authors/1400283110p2/2895707.jpg]]>
</small_image_url>
<link><![CDATA[https://www.goodreads.com/author/show/2895707.Margaret_Stohl]]></link>
<average_rating>3.81</average_rating>
<ratings_count>775367</ratings_count>
<text_reviews_count>43692</text_reviews_count>
</author>
<author>
<id>4150084</id>
<name>Paz Pruneda</name>
<role>Translator</role>
<image_url nophoto='true'>
<![CDATA[https://s.gr-assets.com/assets/nophoto/user/u_200x266-e183445fd1a1b5cc7075bb1cf7043306.png]]>
</image_url>
<small_image_url nophoto='true'>
<![CDATA[https://s.gr-assets.com/assets/nophoto/user/u_50x66-632230dc9882b4352d753eedf9396530.png]]>
</small_image_url>
<link><![CDATA[https://www.goodreads.com/author/show/4150084.Paz_Pruneda]]></link>
<average_rating>3.96</average_rating>
<ratings_count>70262</ratings_count>
<text_reviews_count>3813</text_reviews_count>
</author>
</authors>

    <reviews_widget>
      <![CDATA[
        <style>
  #goodreads-widget {
    font-family: georgia, serif;
    padding: 18px 0;
    width:565px;
  }
  #goodreads-widget h1 {
    font-weight:normal;
    font-size: 16px;
    border-bottom: 1px solid #BBB596;
    margin-bottom: 0;
  }
  #goodreads-widget a {
    text-decoration: none;
    color:#660;
  }
  iframe{
    background-color: #fff;
  }
  #goodreads-widget a:hover { text-decoration: underline; }
  #goodreads-widget a:active {
    color:#660;
  }
  #gr_footer {
    width: 100%;
    border-top: 1px solid #BBB596;
    text-align: right;
  }
  #goodreads-widget .gr_branding{
    color: #382110;
    font-size: 11px;
    text-decoration: none;
    font-family: "Helvetica Neue", Helvetica, Arial, sans-serif;
  }
</style>
<div id="goodreads-widget">
  <div id="gr_header"><h1><a rel="nofollow" href="https://www.goodreads.com/book/show/10757833-beautiful-chaos">Beautiful Chaos Reviews</a></h1></div>
  <iframe id="the_iframe" src="https://www.goodreads.com/api/reviews_widget_iframe?did=DEVELOPER_ID&amp;format=html&amp;isbn=0316123528&amp;links=660&amp;min_rating=&amp;review_back=fff&amp;stars=000&amp;text=000" width="565" height="400" frameborder="0"></iframe>
  <div id="gr_footer">
    <a class="gr_branding" target="_blank" rel="nofollow" href="https://www.goodreads.com/book/show/10757833-beautiful-chaos?utm_medium=api&amp;utm_source=reviews_widget">Reviews from Goodreads.com</a>
  </div>
</div>

      ]]>
    </reviews_widget>
  <popular_shelves>
      <shelf name="to-read" count="54752"/>
      <shelf name="currently-reading" count="2120"/>
      <shelf name="young-adult" count="1376"/>
      <shelf name="fantasy" count="1220"/>
      <shelf name="favorites" count="874"/>
      <shelf name="ya" count="634"/>
      <shelf name="books-i-own" count="625"/>
      <shelf name="paranormal" count="618"/>
      <shelf name="series" count="536"/>
      <shelf name="romance" count="468"/>
      <shelf name="owned" count="365"/>
      <shelf name="magic" count="319"/>
      <shelf name="supernatural" count="283"/>
      <shelf name="fiction" count="248"/>
      <shelf name="caster-chronicles" count="239"/>
      <shelf name="witches" count="227"/>
      <shelf name="kindle" count="172"/>
      <shelf name="read-in-2013" count="169"/>
      <shelf name="paranormal-romance" count="169"/>
      <shelf name="urban-fantasy" count="168"/>
      <shelf name="owned-books" count="151"/>
      <shelf name="to-buy" count="151"/>
      <shelf name="beautiful-creatures" count="118"/>
      <shelf name="library" count="114"/>
      <shelf name="kami-garcia" count="113"/>
      <shelf name="my-books" count="111"/>
      <shelf name="teen" count="101"/>
      <shelf name="audiobook" count="87"/>
      <shelf name="ebooks" count="81"/>
      <shelf name="default" count="76"/>
      <shelf name="ya-fantasy" count="76"/>
      <shelf name="ebook" count="75"/>
      <shelf name="audiobooks" count="72"/>
      <shelf name="i-own" count="71"/>
      <shelf name="read-2013" count="69"/>
      <shelf name="wish-list" count="67"/>
      <shelf name="favourites" count="64"/>
      <shelf name="ya-fiction" count="51"/>
      <shelf name="read-in-2014" count="48"/>
      <shelf name="have" count="47"/>
      <shelf name="my-library" count="46"/>
      <shelf name="read-in-2012" count="45"/>
      <shelf name="books" count="44"/>
      <shelf name="own-it" count="44"/>
      <shelf name="2013-reads" count="42"/>
      <shelf name="e-books" count="42"/>
      <shelf name="need-to-buy" count="42"/>
      <shelf name="read-in-2011" count="41"/>
      <shelf name="audio" count="39"/>
      <shelf name="ya-paranormal" count="39"/>
      <shelf name="young-adult-fiction" count="39"/>
      <shelf name="gothic" count="37"/>
      <shelf name="ya-books" count="37"/>
      <shelf name="read-2014" count="36"/>
      <shelf name="sci-fi-fantasy" count="36"/>
      <shelf name="male-pov" count="35"/>
      <shelf name="audio-books" count="35"/>
      <shelf name="e-book" count="35"/>
      <shelf name="dnf" count="34"/>
      <shelf name="mystery" count="34"/>
      <shelf name="tbr" count="34"/>
      <shelf name="séries" count="33"/>
      <shelf name="did-not-finish" count="33"/>
      <shelf name="own-to-read" count="33"/>
      <shelf name="favorite-books" count="33"/>
      <shelf name="my-bookshelf" count="32"/>
      <shelf name="books-i-have" count="32"/>
      <shelf name="vampires" count="32"/>
      <shelf name="bookshelf" count="31"/>
      <shelf name="signed" count="31"/>
      <shelf name="series-to-finish" count="31"/>
      <shelf name="audible" count="30"/>
      <shelf name="nook" count="30"/>
      <shelf name="kindle-books" count="30"/>
      <shelf name="4-stars" count="29"/>
      <shelf name="bought" count="29"/>
      <shelf name="adventure" count="28"/>
      <shelf name="library-books" count="28"/>
      <shelf name="read-2012" count="28"/>
      <shelf name="ya-lit" count="28"/>
      <shelf name="beautiful-creatures-series" count="28"/>
      <shelf name="must-read" count="28"/>
      <shelf name="read-in-2015" count="27"/>
      <shelf name="audio-book" count="27"/>
      <shelf name="book-series" count="27"/>
      <shelf name="young-adult-fantasy" count="27"/>
      <shelf name="2013-books" count="26"/>
      <shelf name="on-my-shelf" count="25"/>
      <shelf name="books-read-in-2013" count="25"/>
      <shelf name="love" count="25"/>
      <shelf name="abandoned" count="25"/>
      <shelf name="fantasy-sci-fi" count="25"/>
      <shelf name="demons" count="25"/>
      <shelf name="paranormal-fantasy" count="25"/>
      <shelf name="contemporary" count="25"/>
      <shelf name="finished-series" count="24"/>
      <shelf name="made-me-cry" count="24"/>
      <shelf name="series-to-read" count="24"/>
      <shelf name="2013-read" count="23"/>
      <shelf name="teen-fiction" count="23"/>
  </popular_shelves>
  <book_links>
    <book_link>
  <id>8</id>
  <name>Libraries</name>
  <link>https://www.goodreads.com/book_link/follow/8</link>
</book_link>

  </book_links>
  <buy_links>
    <buy_link>
<id>1</id>
<name>Amazon</name>
<link>https://www.goodreads.com/book_link/follow/1</link>
</buy_link>
<buy_link>
<id>10</id>
<name>Audible</name>
<link>https://www.goodreads.com/book_link/follow/10</link>
</buy_link>
<buy_link>
<id>3</id>
<name>Barnes &amp; Noble</name>
<link>https://www.goodreads.com/book_link/follow/3</link>
</buy_link>
<buy_link>
<id>1027</id>
<name>Kobo</name>
<link>https://www.goodreads.com/book_link/follow/1027</link>
</buy_link>
<buy_link>
<id>2102</id>
<name>Apple iBooks</name>
<link>https://www.goodreads.com/book_link/follow/2102</link>
</buy_link>
<buy_link>
<id>8036</id>
<name>Google Play</name>
<link>https://www.goodreads.com/book_link/follow/8036</link>
</buy_link>
<buy_link>
<id>4</id>
<name>Abebooks</name>
<link>https://www.goodreads.com/book_link/follow/4</link>
</buy_link>
<buy_link>
<id>882</id>
<name>Book Depository</name>
<link>https://www.goodreads.com/book_link/follow/882</link>
</buy_link>
<buy_link>
<id>9</id>
<name>Indigo</name>
<link>https://www.goodreads.com/book_link/follow/9</link>
</buy_link>
<buy_link>
<id>2</id>
<name>Half.com</name>
<link>https://www.goodreads.com/book_link/follow/2</link>
</buy_link>
<buy_link>
<id>5</id>
<name>Alibris</name>
<link>https://www.goodreads.com/book_link/follow/5</link>
</buy_link>
<buy_link>
<id>107</id>
<name>Better World Books</name>
<link>https://www.goodreads.com/book_link/follow/107</link>
</buy_link>
<buy_link>
<id>7</id>
<name>IndieBound</name>
<link>https://www.goodreads.com/book_link/follow/7</link>
</buy_link>

  </buy_links>
  <series_works>
    <series_work>
<id>176622</id>
<user_position>3</user_position>
<series>
<id>46766</id>
<title>
<![CDATA[
    Beautiful Creatures
]]>
</title>
<description>
<![CDATA[
    http://beautifulcreaturesnovels.com/
    
    <b>This series is also known as:
    * Caster Chronicles
    * Beautiful Creatures
    * Le Livre des Lunes
    * Las Dieciséis Lunas
    * Хроники на чародейците
    * Τα Χρονικά των Κάστερ
    * Όμορφα Πλάσματα
    * Kronika prokletých zaklínačů
    * Kniha prekliatych zaklínačov
    * 16 mėnulių
    * Hronike o činotvorcima
    * Kroniki Obdarzonych
    * Sixteen Moons
    * Betoverd
    * Lijepa Stvorenja
    * Čarničke kronike</b>
    
    A spin-off series called <a href="http://www.goodreads.com/series/112013-dangerous-creatures" >Dangerous Creatures </a> is in the works.
]]>
</description>
<note>
<![CDATA[
]]>
</note>
<series_works_count>7</series_works_count>
<primary_work_count>4</primary_work_count>
<numbered>true</numbered>
</series>

</series_work>

  </series_works>
  <similar_books>
          <book>
<id>8139160</id>
<title>Balefire (Balefire, #1-4)</title>
<title_without_series>Balefire</title_without_series>
<link><![CDATA[https://www.goodreads.com/book/show/8139160-balefire]]></link>
<small_image_url><![CDATA[https://images.gr-assets.com/books/1304110510s/8139160.jpg]]></small_image_url>
<image_url><![CDATA[https://images.gr-assets.com/books/1304110510m/8139160.jpg]]></image_url>
<num_pages>974</num_pages>
<work>
<id>12935586</id>
</work>
<isbn></isbn>
<isbn13></isbn13>
<average_rating>4.15</average_rating>
<ratings_count>2363</ratings_count>
<publication_year>2010</publication_year>
<publication_month>12</publication_month>
<publication_day>16</publication_day>
<authors>
<author>
<id>191456</id>
<name>Cate Tiernan</name>
<link><![CDATA[https://www.goodreads.com/author/show/191456.Cate_Tiernan]]></link>
</author>
</authors>
</book>

          <book>
<id>10345642</id>
<title><![CDATA[The Savage Grace (The Dark Divine, #3)]]></title>
<title_without_series>The Savage Grace</title_without_series>
<link><![CDATA[https://www.goodreads.com/book/show/10345642-the-savage-grace]]></link>
<small_image_url><![CDATA[https://images.gr-assets.com/books/1318627217s/10345642.jpg]]></small_image_url>
<image_url><![CDATA[https://images.gr-assets.com/books/1318627217m/10345642.jpg]]></image_url>
<num_pages>488</num_pages>
<work>
<id>15248417</id>
</work>
<isbn>1606842218</isbn>
<isbn13>9781606842218</isbn13>
<average_rating>4.13</average_rating>
<ratings_count>6778</ratings_count>
<publication_year>2012</publication_year>
<publication_month>3</publication_month>
<publication_day>13</publication_day>
<authors>
<author>
<id>2891503</id>
<name>Bree Despain</name>
<link><![CDATA[https://www.goodreads.com/author/show/2891503.Bree_Despain]]></link>
</author>
</authors>
</book>

          <book>
<id>8542996</id>
<title>Shift (Shade, #2)</title>
<title_without_series>Shift</title_without_series>
<link><![CDATA[https://www.goodreads.com/book/show/8542996-shift]]></link>
<small_image_url><![CDATA[https://images.gr-assets.com/books/1327938912s/8542996.jpg]]></small_image_url>
<image_url><![CDATA[https://images.gr-assets.com/books/1327938912m/8542996.jpg]]></image_url>
<num_pages>367</num_pages>
<work>
<id>18157137</id>
</work>
<isbn>1416994084</isbn>
<isbn13>9781416994084</isbn13>
<average_rating>4.12</average_rating>
<ratings_count>6286</ratings_count>
<publication_year>2011</publication_year>
<publication_month>5</publication_month>
<publication_day>3</publication_day>
<authors>
<author>
<id>56019</id>
<name>Jeri Smith-Ready</name>
<link><![CDATA[https://www.goodreads.com/author/show/56019.Jeri_Smith_Ready]]></link>
</author>
</authors>
</book>

          <book>
<id>9239571</id>
<title>Enshadowed (Nevermore, #2)</title>
<title_without_series>Enshadowed</title_without_series>
<link><![CDATA[https://www.goodreads.com/book/show/9239571-enshadowed]]></link>
<small_image_url><![CDATA[https://images.gr-assets.com/books/1300481485s/9239571.jpg]]></small_image_url>
<image_url><![CDATA[https://images.gr-assets.com/books/1300481485m/9239571.jpg]]></image_url>
<num_pages>429</num_pages>
<work>
<id>14119894</id>
</work>
<isbn>1442402075</isbn>
<isbn13>9781442402072</isbn13>
<average_rating>3.96</average_rating>
<ratings_count>6810</ratings_count>
<publication_year>2012</publication_year>
<publication_month>8</publication_month>
<publication_day>28</publication_day>
<authors>
<author>
<id>3165706</id>
<name>Kelly Creagh</name>
<link><![CDATA[https://www.goodreads.com/author/show/3165706.Kelly_Creagh]]></link>
</author>
</authors>
</book>

          <book>
<id>10459088</id>
<title><![CDATA[Enthralled: Paranormal Diversions]]></title>
<title_without_series><![CDATA[Enthralled: Paranormal Diversions]]></title_without_series>
<link><![CDATA[https://www.goodreads.com/book/show/10459088-enthralled]]></link>
<small_image_url><![CDATA[https://images.gr-assets.com/books/1298938676s/10459088.jpg]]></small_image_url>
<image_url><![CDATA[https://images.gr-assets.com/books/1298938676m/10459088.jpg]]></image_url>
<num_pages>443</num_pages>
<work>
<id>15364019</id>
</work>
<isbn>0062015788</isbn>
<isbn13>9780062015785</isbn13>
<average_rating>3.79</average_rating>
<ratings_count>3728</ratings_count>
<publication_year>2011</publication_year>
<publication_month>9</publication_month>
<publication_day>20</publication_day>
<authors>
<author>
<id>175855</id>
<name>Melissa Marr</name>
<link><![CDATA[https://www.goodreads.com/author/show/175855.Melissa_Marr]]></link>
</author>
</authors>
</book>

          <book>
<id>8501304</id>
<title><![CDATA[Shadows in the Silence (Angelfire, #3)]]></title>
<title_without_series>Shadows in the Silence</title_without_series>
<link><![CDATA[https://www.goodreads.com/book/show/8501304-shadows-in-the-silence]]></link>
<small_image_url><![CDATA[https://images.gr-assets.com/books/1343084972s/8501304.jpg]]></small_image_url>
<image_url><![CDATA[https://images.gr-assets.com/books/1343084972m/8501304.jpg]]></image_url>
<num_pages>469</num_pages>
<work>
<id>13367210</id>
</work>
<isbn>0062002392</isbn>
<isbn13>9780062002396</isbn13>
<average_rating>4.28</average_rating>
<ratings_count>7651</ratings_count>
<publication_year>2013</publication_year>
<publication_month>1</publication_month>
<publication_day>29</publication_day>
<authors>
<author>
<id>3220024</id>
<name>Courtney Allison Moulton</name>
<link><![CDATA[https://www.goodreads.com/author/show/3220024.Courtney_Allison_Moulton]]></link>
</author>
</authors>
</book>

          <book>
<id>6682769</id>
<title><![CDATA[Guardian of the Gate (Prophecy of the Sisters, #2)]]></title>
<title_without_series>Guardian of the Gate</title_without_series>
<link><![CDATA[https://www.goodreads.com/book/show/6682769-guardian-of-the-gate]]></link>
<small_image_url><![CDATA[https://images.gr-assets.com/books/1306346854s/6682769.jpg]]></small_image_url>
<image_url><![CDATA[https://images.gr-assets.com/books/1306346854m/6682769.jpg]]></image_url>
<num_pages></num_pages>
<work>
<id>6878060</id>
</work>
<isbn>0316034479</isbn>
<isbn13>9780316034470</isbn13>
<average_rating>3.87</average_rating>
<ratings_count>4910</ratings_count>
<publication_year>2010</publication_year>
<publication_month>8</publication_month>
<publication_day>1</publication_day>
<authors>
<author>
<id>2232265</id>
<name>Michelle Zink</name>
<link><![CDATA[https://www.goodreads.com/author/show/2232265.Michelle_Zink]]></link>
</author>
</authors>
</book>

          <book>
<id>8572704</id>
<title>Always a Witch (Witch, #2)</title>
<title_without_series>Always a Witch</title_without_series>
<link><![CDATA[https://www.goodreads.com/book/show/8572704-always-a-witch]]></link>
<small_image_url><![CDATA[https://images.gr-assets.com/books/1286694645s/8572704.jpg]]></small_image_url>
<image_url><![CDATA[https://images.gr-assets.com/books/1286694645m/8572704.jpg]]></image_url>
<num_pages>276</num_pages>
<work>
<id>13441494</id>
</work>
<isbn>0547224850</isbn>
<isbn13>9780547224855</isbn13>
<average_rating>3.96</average_rating>
<ratings_count>6100</ratings_count>
<publication_year>2011</publication_year>
<publication_month>8</publication_month>
<publication_day>1</publication_day>
<authors>
<author>
<id>374429</id>
<name>Carolyn MacCullough</name>
<link><![CDATA[https://www.goodreads.com/author/show/374429.Carolyn_MacCullough]]></link>
</author>
</authors>
</book>

          <book>
<id>9680403</id>
<title>Reaper (Soul Screamers, #3.5)</title>
<title_without_series>Reaper</title_without_series>
<link><![CDATA[https://www.goodreads.com/book/show/9680403-reaper]]></link>
<small_image_url><![CDATA[https://s.gr-assets.com/assets/nophoto/book/50x75-a91bf249278a81aabab721ef782c4a74.png]]></small_image_url>
<image_url><![CDATA[https://s.gr-assets.com/assets/nophoto/book/111x148-bcc042a9c91a29c1d680899eff700a03.png]]></image_url>
<num_pages>64</num_pages>
<work>
<id>14568321</id>
</work>
<isbn>1426875754</isbn>
<isbn13>9781426875755</isbn13>
<average_rating>4.03</average_rating>
<ratings_count>6374</ratings_count>
<publication_year></publication_year>
<publication_month></publication_month>
<publication_day></publication_day>
<authors>
<author>
<id>415967</id>
<name>Rachel Vincent</name>
<link><![CDATA[https://www.goodreads.com/author/show/415967.Rachel_Vincent]]></link>
</author>
</authors>
</book>

          <book>
<id>9918128</id>
<title>The Hidden (The Hollow, #3)</title>
<title_without_series>The Hidden</title_without_series>
<link><![CDATA[https://www.goodreads.com/book/show/9918128-the-hidden]]></link>
<small_image_url><![CDATA[https://s.gr-assets.com/assets/nophoto/book/50x75-a91bf249278a81aabab721ef782c4a74.png]]></small_image_url>
<image_url><![CDATA[https://s.gr-assets.com/assets/nophoto/book/111x148-bcc042a9c91a29c1d680899eff700a03.png]]></image_url>
<num_pages>389</num_pages>
<work>
<id>13986452</id>
</work>
<isbn>1416978976</isbn>
<isbn13>9781416978978</isbn13>
<average_rating>4.15</average_rating>
<ratings_count>8091</ratings_count>
<publication_year>2011</publication_year>
<publication_month>9</publication_month>
<publication_day>6</publication_day>
<authors>
<author>
<id>1290625</id>
<name>Jessica Verday</name>
<link><![CDATA[https://www.goodreads.com/author/show/1290625.Jessica_Verday]]></link>
</author>
</authors>
</book>

          <book>
<id>9415956</id>
<title><![CDATA[Sweetly (Fairytale Retellings, #2)]]></title>
<title_without_series>Sweetly</title_without_series>
<link><![CDATA[https://www.goodreads.com/book/show/9415956-sweetly]]></link>
<small_image_url><![CDATA[https://s.gr-assets.com/assets/nophoto/book/50x75-a91bf249278a81aabab721ef782c4a74.png]]></small_image_url>
<image_url><![CDATA[https://s.gr-assets.com/assets/nophoto/book/111x148-bcc042a9c91a29c1d680899eff700a03.png]]></image_url>
<num_pages>310</num_pages>
<work>
<id>6898201</id>
</work>
<isbn>0316068659</isbn>
<isbn13>9780316068659</isbn13>
<average_rating>3.82</average_rating>
<ratings_count>5366</ratings_count>
<publication_year>2011</publication_year>
<publication_month>8</publication_month>
<publication_day>23</publication_day>
<authors>
<author>
<id>2761947</id>
<name>Jackson Pearce</name>
<link><![CDATA[https://www.goodreads.com/author/show/2761947.Jackson_Pearce]]></link>
</author>
</authors>
</book>

          <book>
<id>8581936</id>
<title><![CDATA[Supernaturally (Paranormalcy, #2)]]></title>
<title_without_series>Supernaturally</title_without_series>
<link><![CDATA[https://www.goodreads.com/book/show/8581936-supernaturally]]></link>
<small_image_url><![CDATA[https://images.gr-assets.com/books/1371926956s/8581936.jpg]]></small_image_url>
<image_url><![CDATA[https://images.gr-assets.com/books/1371926956m/8581936.jpg]]></image_url>
<num_pages>336</num_pages>
<work>
<id>13451137</id>
</work>
<isbn>0061985864</isbn>
<isbn13>9780061985867</isbn13>
<average_rating>3.92</average_rating>
<ratings_count>34003</ratings_count>
<publication_year>2011</publication_year>
<publication_month>7</publication_month>
<publication_day>26</publication_day>
<authors>
<author>
<id>3027554</id>
<name>Kiersten White</name>
<link><![CDATA[https://www.goodreads.com/author/show/3027554.Kiersten_White]]></link>
</author>
</authors>
</book>

          <book>
<id>16101026</id>
<title><![CDATA[Star Cursed (The Cahill Witch Chronicles #2)]]></title>
<title_without_series>Star Cursed</title_without_series>
<link><![CDATA[https://www.goodreads.com/book/show/16101026-star-cursed]]></link>
<small_image_url><![CDATA[https://images.gr-assets.com/books/1370258154s/16101026.jpg]]></small_image_url>
<image_url><![CDATA[https://images.gr-assets.com/books/1370258154m/16101026.jpg]]></image_url>
<num_pages>384</num_pages>
<work>
<id>19105351</id>
</work>
<isbn>0399257462</isbn>
<isbn13>9780399257469</isbn13>
<average_rating>4.13</average_rating>
<ratings_count>5497</ratings_count>
<publication_year>2013</publication_year>
<publication_month>6</publication_month>
<publication_day>18</publication_day>
<authors>
<author>
<id>4718528</id>
<name>Jessica Spotswood</name>
<link><![CDATA[https://www.goodreads.com/author/show/4718528.Jessica_Spotswood]]></link>
</author>
</authors>
</book>

          <book>
<id>7171880</id>
<title><![CDATA[Aerie and Reckoning (The Fallen, #3-4)]]></title>
<title_without_series>Aerie and Reckoning</title_without_series>
<link><![CDATA[https://www.goodreads.com/book/show/7171880-aerie-and-reckoning]]></link>
<small_image_url><![CDATA[https://images.gr-assets.com/books/1282266612s/7171880.jpg]]></small_image_url>
<image_url><![CDATA[https://images.gr-assets.com/books/1282266612m/7171880.jpg]]></image_url>
<num_pages>541</num_pages>
<work>
<id>18343086</id>
</work>
<isbn>1442408634</isbn>
<isbn13>9781442408630</isbn13>
<average_rating>4.09</average_rating>
<ratings_count>7551</ratings_count>
<publication_year>2011</publication_year>
<publication_month>3</publication_month>
<publication_day>8</publication_day>
<authors>
<author>
<id>27140</id>
<name>Thomas E. Sniegoski</name>
<link><![CDATA[https://www.goodreads.com/author/show/27140.Thomas_E_Sniegoski]]></link>
</author>
</authors>
</book>

          <book>
<id>11454587</id>
<title>Spell Bound (Hex Hall, #3)</title>
<title_without_series>Spell Bound</title_without_series>
<link><![CDATA[https://www.goodreads.com/book/show/11454587-spell-bound]]></link>
<small_image_url><![CDATA[https://images.gr-assets.com/books/1313010167s/11454587.jpg]]></small_image_url>
<image_url><![CDATA[https://images.gr-assets.com/books/1313010167m/11454587.jpg]]></image_url>
<num_pages>327</num_pages>
<work>
<id>15249128</id>
</work>
<isbn>1423121325</isbn>
<isbn13>9781423121329</isbn13>
<average_rating>4.09</average_rating>
<ratings_count>50662</ratings_count>
<publication_year>2012</publication_year>
<publication_month>3</publication_month>
<publication_day>13</publication_day>
<authors>
<author>
<id>2261547</id>
<name>Rachel Hawkins</name>
<link><![CDATA[https://www.goodreads.com/author/show/2261547.Rachel_Hawkins]]></link>
</author>
</authors>
</book>

          <book>
<id>9306028</id>
<title><![CDATA[Blood Ties (Blood Coven Vampire, #6)]]></title>
<title_without_series>Blood Ties</title_without_series>
<link><![CDATA[https://www.goodreads.com/book/show/9306028-blood-ties]]></link>
<small_image_url><![CDATA[https://images.gr-assets.com/books/1284500494s/9306028.jpg]]></small_image_url>
<image_url><![CDATA[https://images.gr-assets.com/books/1284500494m/9306028.jpg]]></image_url>
<num_pages>242</num_pages>
<work>
<id>14188997</id>
</work>
<isbn></isbn>
<isbn13></isbn13>
<average_rating>4.13</average_rating>
<ratings_count>2072</ratings_count>
<publication_year>2011</publication_year>
<publication_month>8</publication_month>
<publication_day>2</publication_day>
<authors>
<author>
<id>21701</id>
<name>Mari Mancusi</name>
<link><![CDATA[https://www.goodreads.com/author/show/21701.Mari_Mancusi]]></link>
</author>
</authors>
</book>

          <book>
<id>8567502</id>
<title>Nocturne (Claire de Lune, #2)</title>
<title_without_series>Nocturne</title_without_series>
<link><![CDATA[https://www.goodreads.com/book/show/8567502-nocturne]]></link>
<small_image_url><![CDATA[https://s.gr-assets.com/assets/nophoto/book/50x75-a91bf249278a81aabab721ef782c4a74.png]]></small_image_url>
<image_url><![CDATA[https://s.gr-assets.com/assets/nophoto/book/111x148-bcc042a9c91a29c1d680899eff700a03.png]]></image_url>
<num_pages>355</num_pages>
<work>
<id>13436098</id>
</work>
<isbn>144240776X</isbn>
<isbn13>9781442407763</isbn13>
<average_rating>3.75</average_rating>
<ratings_count>1227</ratings_count>
<publication_year>2011</publication_year>
<publication_month>8</publication_month>
<publication_day>23</publication_day>
<authors>
<author>
<id>5009050</id>
<name>Christine   Johnson</name>
<link><![CDATA[https://www.goodreads.com/author/show/5009050.Christine_Johnson]]></link>
</author>
</authors>
</book>

          <book>
<id>11765920</id>
<title><![CDATA[The Calling (Darkness Rising, #2)]]></title>
<title_without_series>The Calling</title_without_series>
<link><![CDATA[https://www.goodreads.com/book/show/11765920-the-calling]]></link>
<small_image_url><![CDATA[https://images.gr-assets.com/books/1478986621s/11765920.jpg]]></small_image_url>
<image_url><![CDATA[https://images.gr-assets.com/books/1478986621m/11765920.jpg]]></image_url>
<num_pages>326</num_pages>
<work>
<id>13535869</id>
</work>
<isbn>0061797057</isbn>
<isbn13>9780061797057</isbn13>
<average_rating>4.10</average_rating>
<ratings_count>27427</ratings_count>
<publication_year>2012</publication_year>
<publication_month>4</publication_month>
<publication_day>10</publication_day>
<authors>
<author>
<id>7581</id>
<name>Kelley Armstrong</name>
<link><![CDATA[https://www.goodreads.com/author/show/7581.Kelley_Armstrong]]></link>
</author>
</authors>
</book>

  </similar_books>
</book>

</GoodreadsResponse>