<?xml version="1.0" encoding="UTF-8"?>
<GoodreadsResponse>
  <Request>
    <authentication>true</authentication>
      <key><![CDATA[all_men_must_serve]]></key>
    <method><![CDATA[book_show]]></method>
  </Request>
  <book>
  <id>10757806</id>
  <title>How to Save a Life</title>
  <isbn><![CDATA[0316036064]]></isbn>
  <isbn13><![CDATA[9780316036061]]></isbn13>
  <asin><![CDATA[]]></asin>
  <kindle_asin><![CDATA[B00K1XTNVS]]></kindle_asin>
  <marketplace_id><![CDATA[A1F83G8C2ARO7P]]></marketplace_id>
  <country_code><![CDATA[GB]]></country_code>
  <image_url>https://images.gr-assets.com/books/1337211222m/10757806.jpg</image_url>
  <small_image_url>https://images.gr-assets.com/books/1337211222s/10757806.jpg</small_image_url>
  <publication_year>2011</publication_year>
  <publication_month>10</publication_month>
  <publication_day>18</publication_day>
  <publisher>Little, Brown Books for Young Readers</publisher>
  <language_code>en-US</language_code>
  <is_ebook>false</is_ebook>
  <description><![CDATA[Jill MacSweeney just wishes everything could go back to normal. But ever since her dad died, she’s been isolating herself from her boyfriend, her best friends—everyone who wants to support her. And when her mom decides to adopt a baby, it feels like she’s somehow trying to replace a lost family member with a new one.<br /><br />Mandy Kalinowski understands what it’s like to grow up unwanted—to be raised by a mother who never intended to have a child. So when Mandy becomes pregnant, one thing she’s sure of is that she wants a better life for her baby. It’s harder to be sure of herself. Will she ever find someone to care for her, too?<br /><br />As their worlds change around them, Jill and Mandy must learn to both let go and hold on, and that nothing is as easy—or as difficult—as it seems.]]></description>
  <work>
  <id type="integer">14982110</id>
  <books_count type="integer">21</books_count>
  <best_book_id type="integer">10757806</best_book_id>
  <reviews_count type="integer">51248</reviews_count>
  <ratings_sum type="integer">55826</ratings_sum>
  <ratings_count type="integer">14341</ratings_count>
  <text_reviews_count type="integer">1773</text_reviews_count>
  <original_publication_year type="integer">2011</original_publication_year>
  <original_publication_month type="integer">10</original_publication_month>
  <original_publication_day type="integer">18</original_publication_day>
  <original_title>How to Save a Life</original_title>
  <original_language_id type="integer" nil="true"/>
  <media_type>book</media_type>
  <rating_dist>5:4339|4:5513|3:3391|2:808|1:290|total:14341</rating_dist>
  <desc_user_id type="integer">2075644</desc_user_id>
  <default_chaptering_book_id type="integer" nil="true"/>
  <default_description_language_code nil="true"/>
</work>
  <average_rating>3.89</average_rating>
  <num_pages><![CDATA[341]]></num_pages>
  <format><![CDATA[]]></format>
  <edition_information><![CDATA[]]></edition_information>
  <ratings_count><![CDATA[13870]]></ratings_count>
  <text_reviews_count><![CDATA[1637]]></text_reviews_count>
  <url><![CDATA[https://www.goodreads.com/book/show/10757806-how-to-save-a-life]]></url>
  <link><![CDATA[https://www.goodreads.com/book/show/10757806-how-to-save-a-life]]></link>
  <authors>
<author>
<id>19093</id>
<name>Sara Zarr</name>
<role></role>
<image_url nophoto='false'>
<![CDATA[https://images.gr-assets.com/authors/1302718823p5/19093.jpg]]>
</image_url>
<small_image_url nophoto='false'>
<![CDATA[https://images.gr-assets.com/authors/1302718823p2/19093.jpg]]>
</small_image_url>
<link><![CDATA[https://www.goodreads.com/author/show/19093.Sara_Zarr]]></link>
<average_rating>3.71</average_rating>
<ratings_count>72625</ratings_count>
<text_reviews_count>8781</text_reviews_count>
</author>
</authors>

    <reviews_widget>
      <![CDATA[
        <style>
  #goodreads-widget {
    font-family: georgia, serif;
    padding: 18px 0;
    width:565px;
  }
  #goodreads-widget h1 {
    font-weight:normal;
    font-size: 16px;
    border-bottom: 1px solid #BBB596;
    margin-bottom: 0;
  }
  #goodreads-widget a {
    text-decoration: none;
    color:#660;
  }
  iframe{
    background-color: #fff;
  }
  #goodreads-widget a:hover { text-decoration: underline; }
  #goodreads-widget a:active {
    color:#660;
  }
  #gr_footer {
    width: 100%;
    border-top: 1px solid #BBB596;
    text-align: right;
  }
  #goodreads-widget .gr_branding{
    color: #382110;
    font-size: 11px;
    text-decoration: none;
    font-family: "Helvetica Neue", Helvetica, Arial, sans-serif;
  }
</style>
<div id="goodreads-widget">
  <div id="gr_header"><h1><a rel="nofollow" href="https://www.goodreads.com/book/show/10757806-how-to-save-a-life">How to Save a Life Reviews</a></h1></div>
  <iframe id="the_iframe" src="https://www.goodreads.com/api/reviews_widget_iframe?did=DEVELOPER_ID&amp;format=html&amp;isbn=0316036064&amp;links=660&amp;min_rating=&amp;review_back=fff&amp;stars=000&amp;text=000" width="565" height="400" frameborder="0"></iframe>
  <div id="gr_footer">
    <a class="gr_branding" target="_blank" rel="nofollow" href="https://www.goodreads.com/book/show/10757806-how-to-save-a-life?utm_medium=api&amp;utm_source=reviews_widget">Reviews from Goodreads.com</a>
  </div>
</div>

      ]]>
    </reviews_widget>
  <popular_shelves>
      <shelf name="to-read" count="35008"/>
      <shelf name="young-adult" count="690"/>
      <shelf name="ya" count="420"/>
      <shelf name="currently-reading" count="292"/>
      <shelf name="contemporary" count="292"/>
      <shelf name="favorites" count="200"/>
      <shelf name="realistic-fiction" count="199"/>
      <shelf name="fiction" count="142"/>
      <shelf name="romance" count="102"/>
      <shelf name="teen" count="88"/>
      <shelf name="family" count="73"/>
      <shelf name="library" count="72"/>
      <shelf name="books-i-own" count="64"/>
      <shelf name="to-buy" count="60"/>
      <shelf name="wish-list" count="52"/>
      <shelf name="realistic" count="50"/>
      <shelf name="adoption" count="47"/>
      <shelf name="ya-fiction" count="47"/>
      <shelf name="read-in-2012" count="43"/>
      <shelf name="audio" count="41"/>
      <shelf name="chick-lit" count="40"/>
      <shelf name="grief" count="39"/>
      <shelf name="young-adult-fiction" count="39"/>
      <shelf name="audiobook" count="37"/>
      <shelf name="death" count="36"/>
      <shelf name="owned" count="35"/>
      <shelf name="pregnancy" count="35"/>
      <shelf name="read-in-2013" count="34"/>
      <shelf name="audiobooks" count="33"/>
      <shelf name="teen-pregnancy" count="33"/>
      <shelf name="coming-of-age" count="32"/>
      <shelf name="read-in-2011" count="31"/>
      <shelf name="stand-alone" count="30"/>
      <shelf name="ya-contemporary" count="29"/>
      <shelf name="friendship" count="28"/>
      <shelf name="kindle" count="26"/>
      <shelf name="ya-lit" count="26"/>
      <shelf name="arc" count="26"/>
      <shelf name="contemporary-fiction" count="25"/>
      <shelf name="abuse" count="23"/>
      <shelf name="relationships" count="23"/>
      <shelf name="ya-books" count="22"/>
      <shelf name="favourites" count="21"/>
      <shelf name="drama" count="21"/>
      <shelf name="read-in-2014" count="19"/>
      <shelf name="teen-fiction" count="19"/>
      <shelf name="stand-alones" count="18"/>
      <shelf name="book-club" count="18"/>
      <shelf name="audio-books" count="18"/>
      <shelf name="contemporary-ya" count="18"/>
      <shelf name="youngadult" count="18"/>
      <shelf name="owned-books" count="17"/>
      <shelf name="made-me-cry" count="16"/>
      <shelf name="high-school" count="15"/>
      <shelf name="2012-reads" count="14"/>
      <shelf name="read-2012" count="14"/>
      <shelf name="want" count="14"/>
      <shelf name="ebook" count="14"/>
      <shelf name="library-books" count="13"/>
      <shelf name="abandoned" count="13"/>
      <shelf name="ya-to-read" count="13"/>
      <shelf name="want-to-read" count="13"/>
      <shelf name="2014-reads" count="12"/>
      <shelf name="audio-book" count="12"/>
      <shelf name="need-to-buy" count="12"/>
      <shelf name="novels" count="12"/>
      <shelf name="reviewed" count="12"/>
      <shelf name="i-own" count="12"/>
      <shelf name="maybe" count="12"/>
      <shelf name="2012-books" count="11"/>
      <shelf name="standalone" count="11"/>
      <shelf name="favorite-books" count="11"/>
      <shelf name="read-2014" count="10"/>
      <shelf name="did-not-finish" count="10"/>
      <shelf name="teens" count="10"/>
      <shelf name="young-adult-lit" count="10"/>
      <shelf name="library-book" count="10"/>
      <shelf name="colorado" count="10"/>
      <shelf name="families" count="10"/>
      <shelf name="e-books" count="9"/>
      <shelf name="read-2013" count="9"/>
      <shelf name="2013-reads" count="9"/>
      <shelf name="4-stars" count="9"/>
      <shelf name="multiple-pov" count="9"/>
      <shelf name="ebooks" count="9"/>
      <shelf name="adult" count="9"/>
      <shelf name="maybe-read" count="9"/>
      <shelf name="2011-release" count="9"/>
      <shelf name="sad" count="8"/>
      <shelf name="books-i-have" count="8"/>
      <shelf name="must-read" count="8"/>
      <shelf name="dual-pov" count="8"/>
      <shelf name="favorite" count="8"/>
      <shelf name="contemp" count="8"/>
      <shelf name="ya-realistic-fiction" count="8"/>
      <shelf name="signed" count="8"/>
      <shelf name="for-review" count="8"/>
      <shelf name="2011-releases" count="8"/>
      <shelf name="to-read-ya" count="8"/>
      <shelf name="young-adult-books" count="8"/>
  </popular_shelves>
  <book_links>
    <book_link>
  <id>8</id>
  <name>Libraries</name>
  <link>https://www.goodreads.com/book_link/follow/8</link>
</book_link>

  </book_links>
  <buy_links>
    <buy_link>
<id>1</id>
<name>Amazon</name>
<link>https://www.goodreads.com/book_link/follow/1</link>
</buy_link>
<buy_link>
<id>10</id>
<name>Audible</name>
<link>https://www.goodreads.com/book_link/follow/10</link>
</buy_link>
<buy_link>
<id>3</id>
<name>Barnes &amp; Noble</name>
<link>https://www.goodreads.com/book_link/follow/3</link>
</buy_link>
<buy_link>
<id>1027</id>
<name>Kobo</name>
<link>https://www.goodreads.com/book_link/follow/1027</link>
</buy_link>
<buy_link>
<id>2102</id>
<name>Apple iBooks</name>
<link>https://www.goodreads.com/book_link/follow/2102</link>
</buy_link>
<buy_link>
<id>8036</id>
<name>Google Play</name>
<link>https://www.goodreads.com/book_link/follow/8036</link>
</buy_link>
<buy_link>
<id>4</id>
<name>Abebooks</name>
<link>https://www.goodreads.com/book_link/follow/4</link>
</buy_link>
<buy_link>
<id>882</id>
<name>Book Depository</name>
<link>https://www.goodreads.com/book_link/follow/882</link>
</buy_link>
<buy_link>
<id>9</id>
<name>Indigo</name>
<link>https://www.goodreads.com/book_link/follow/9</link>
</buy_link>
<buy_link>
<id>2</id>
<name>Half.com</name>
<link>https://www.goodreads.com/book_link/follow/2</link>
</buy_link>
<buy_link>
<id>5</id>
<name>Alibris</name>
<link>https://www.goodreads.com/book_link/follow/5</link>
</buy_link>
<buy_link>
<id>107</id>
<name>Better World Books</name>
<link>https://www.goodreads.com/book_link/follow/107</link>
</buy_link>
<buy_link>
<id>7</id>
<name>IndieBound</name>
<link>https://www.goodreads.com/book_link/follow/7</link>
</buy_link>

  </buy_links>
  <series_works>
    
  </series_works>
  <similar_books>
          <book>
<id>8144079</id>
<title>Leverage</title>
<title_without_series>Leverage</title_without_series>
<link><![CDATA[https://www.goodreads.com/book/show/8144079-leverage]]></link>
<small_image_url><![CDATA[https://images.gr-assets.com/books/1311704883s/8144079.jpg]]></small_image_url>
<image_url><![CDATA[https://images.gr-assets.com/books/1311704883m/8144079.jpg]]></image_url>
<num_pages>425</num_pages>
<work>
<id>13404796</id>
</work>
<isbn>0525423060</isbn>
<isbn13>9780525423065</isbn13>
<average_rating>3.94</average_rating>
<ratings_count>1905</ratings_count>
<publication_year></publication_year>
<publication_month></publication_month>
<publication_day></publication_day>
<authors>
<author>
<id>4352931</id>
<name>Joshua C. Cohen</name>
<link><![CDATA[https://www.goodreads.com/author/show/4352931.Joshua_C_Cohen]]></link>
</author>
</authors>
</book>

          <book>
<id>9578513</id>
<title>The Summer I Learned to Fly</title>
<title_without_series>The Summer I Learned to Fly</title_without_series>
<link><![CDATA[https://www.goodreads.com/book/show/9578513-the-summer-i-learned-to-fly]]></link>
<small_image_url><![CDATA[https://s.gr-assets.com/assets/nophoto/book/50x75-a91bf249278a81aabab721ef782c4a74.png]]></small_image_url>
<image_url><![CDATA[https://s.gr-assets.com/assets/nophoto/book/111x148-bcc042a9c91a29c1d680899eff700a03.png]]></image_url>
<num_pages>224</num_pages>
<work>
<id>14465399</id>
</work>
<isbn>0385739540</isbn>
<isbn13>9780385739542</isbn13>
<average_rating>3.77</average_rating>
<ratings_count>1789</ratings_count>
<publication_year>2011</publication_year>
<publication_month>7</publication_month>
<publication_day>12</publication_day>
<authors>
<author>
<id>64085</id>
<name>Dana Reinhardt</name>
<link><![CDATA[https://www.goodreads.com/author/show/64085.Dana_Reinhardt]]></link>
</author>
</authors>
</book>

          <book>
<id>6531211</id>
<title>Pregnant Pause</title>
<title_without_series>Pregnant Pause</title_without_series>
<link><![CDATA[https://www.goodreads.com/book/show/6531211-pregnant-pause]]></link>
<small_image_url><![CDATA[https://images.gr-assets.com/books/1300018237s/6531211.jpg]]></small_image_url>
<image_url><![CDATA[https://images.gr-assets.com/books/1300018237m/6531211.jpg]]></image_url>
<num_pages>340</num_pages>
<work>
<id>6723227</id>
</work>
<isbn>0152065709</isbn>
<isbn13>9780152065706</isbn13>
<average_rating>3.75</average_rating>
<ratings_count>1566</ratings_count>
<publication_year>2011</publication_year>
<publication_month>9</publication_month>
<publication_day>20</publication_day>
<authors>
<author>
<id>140547</id>
<name>Han Nolan</name>
<link><![CDATA[https://www.goodreads.com/author/show/140547.Han_Nolan]]></link>
</author>
</authors>
</book>

          <book>
<id>10752154</id>
<title>Faking Faith</title>
<title_without_series>Faking Faith</title_without_series>
<link><![CDATA[https://www.goodreads.com/book/show/10752154-faking-faith]]></link>
<small_image_url><![CDATA[https://s.gr-assets.com/assets/nophoto/book/50x75-a91bf249278a81aabab721ef782c4a74.png]]></small_image_url>
<image_url><![CDATA[https://s.gr-assets.com/assets/nophoto/book/111x148-bcc042a9c91a29c1d680899eff700a03.png]]></image_url>
<num_pages>231</num_pages>
<work>
<id>15455873</id>
</work>
<isbn>0738727571</isbn>
<isbn13>9780738727578</isbn13>
<average_rating>3.60</average_rating>
<ratings_count>635</ratings_count>
<publication_year>2011</publication_year>
<publication_month>11</publication_month>
<publication_day>8</publication_day>
<authors>
<author>
<id>899519</id>
<name>Josie Bloss</name>
<link><![CDATA[https://www.goodreads.com/author/show/899519.Josie_Bloss]]></link>
</author>
</authors>
</book>

          <book>
<id>6763730</id>
<title>Sorta Like a Rock Star</title>
<title_without_series>Sorta Like a Rock Star</title_without_series>
<link><![CDATA[https://www.goodreads.com/book/show/6763730-sorta-like-a-rock-star]]></link>
<small_image_url><![CDATA[https://images.gr-assets.com/books/1263329051s/6763730.jpg]]></small_image_url>
<image_url><![CDATA[https://images.gr-assets.com/books/1263329051m/6763730.jpg]]></image_url>
<num_pages>355</num_pages>
<work>
<id>6961579</id>
</work>
<isbn>0316043524</isbn>
<isbn13>9780316043526</isbn13>
<average_rating>3.93</average_rating>
<ratings_count>4939</ratings_count>
<publication_year>2010</publication_year>
<publication_month>5</publication_month>
<publication_day>1</publication_day>
<authors>
<author>
<id>1251730</id>
<name>Matthew Quick</name>
<link><![CDATA[https://www.goodreads.com/author/show/1251730.Matthew_Quick]]></link>
</author>
</authors>
</book>

          <book>
<id>7447005</id>
<title>God Is in the Pancakes</title>
<title_without_series>God Is in the Pancakes</title_without_series>
<link><![CDATA[https://www.goodreads.com/book/show/7447005-god-is-in-the-pancakes]]></link>
<small_image_url><![CDATA[https://images.gr-assets.com/books/1342410069s/7447005.jpg]]></small_image_url>
<image_url><![CDATA[https://images.gr-assets.com/books/1342410069m/7447005.jpg]]></image_url>
<num_pages>272</num_pages>
<work>
<id>9471413</id>
</work>
<isbn>0803733828</isbn>
<isbn13>9780803733824</isbn13>
<average_rating>3.74</average_rating>
<ratings_count>508</ratings_count>
<publication_year>2010</publication_year>
<publication_month>5</publication_month>
<publication_day>13</publication_day>
<authors>
<author>
<id>234589</id>
<name>Robin Epstein</name>
<link><![CDATA[https://www.goodreads.com/author/show/234589.Robin_Epstein]]></link>
</author>
</authors>
</book>

          <book>
<id>9415957</id>
<title>I&apos;ll Be There</title>
<title_without_series>I&apos;ll Be There</title_without_series>
<link><![CDATA[https://www.goodreads.com/book/show/9415957-i-ll-be-there]]></link>
<small_image_url><![CDATA[https://images.gr-assets.com/books/1358261272s/9415957.jpg]]></small_image_url>
<image_url><![CDATA[https://images.gr-assets.com/books/1358261272m/9415957.jpg]]></image_url>
<num_pages>392</num_pages>
<work>
<id>14300276</id>
</work>
<isbn>0316122793</isbn>
<isbn13>9780316122795</isbn13>
<average_rating>4.01</average_rating>
<ratings_count>6554</ratings_count>
<publication_year></publication_year>
<publication_month></publication_month>
<publication_day></publication_day>
<authors>
<author>
<id>931363</id>
<name>Holly Goldberg Sloan</name>
<link><![CDATA[https://www.goodreads.com/author/show/931363.Holly_Goldberg_Sloan]]></link>
</author>
</authors>
</book>

          <book>
<id>8712325</id>
<title>Strings Attached</title>
<title_without_series>Strings Attached</title_without_series>
<link><![CDATA[https://www.goodreads.com/book/show/8712325-strings-attached]]></link>
<small_image_url><![CDATA[https://images.gr-assets.com/books/1328837891s/8712325.jpg]]></small_image_url>
<image_url><![CDATA[https://images.gr-assets.com/books/1328837891m/8712325.jpg]]></image_url>
<num_pages>313</num_pages>
<work>
<id>13585192</id>
</work>
<isbn>0545221269</isbn>
<isbn13>9780545221269</isbn13>
<average_rating>3.57</average_rating>
<ratings_count>2215</ratings_count>
<publication_year>2011</publication_year>
<publication_month>3</publication_month>
<publication_day>1</publication_day>
<authors>
<author>
<id>171517</id>
<name>Judy Blundell</name>
<link><![CDATA[https://www.goodreads.com/author/show/171517.Judy_Blundell]]></link>
</author>
</authors>
</book>

          <book>
<id>10668038</id>
<title>Virtuosity</title>
<title_without_series>Virtuosity</title_without_series>
<link><![CDATA[https://www.goodreads.com/book/show/10668038-virtuosity]]></link>
<small_image_url><![CDATA[https://images.gr-assets.com/books/1322969710s/10668038.jpg]]></small_image_url>
<image_url><![CDATA[https://images.gr-assets.com/books/1322969710m/10668038.jpg]]></image_url>
<num_pages>294</num_pages>
<work>
<id>13282328</id>
</work>
<isbn>1442420529</isbn>
<isbn13>9781442420526</isbn13>
<average_rating>3.77</average_rating>
<ratings_count>3782</ratings_count>
<publication_year>2011</publication_year>
<publication_month>10</publication_month>
<publication_day>18</publication_day>
<authors>
<author>
<id>4074037</id>
<name>Jessica Martinez</name>
<link><![CDATA[https://www.goodreads.com/author/show/4074037.Jessica_Martinez]]></link>
</author>
</authors>
</book>

          <book>
<id>10421534</id>
<title>You Are My Only</title>
<title_without_series>You Are My Only</title_without_series>
<link><![CDATA[https://www.goodreads.com/book/show/10421534-you-are-my-only]]></link>
<small_image_url><![CDATA[https://images.gr-assets.com/books/1320543594s/10421534.jpg]]></small_image_url>
<image_url><![CDATA[https://images.gr-assets.com/books/1320543594m/10421534.jpg]]></image_url>
<num_pages>240</num_pages>
<work>
<id>15219581</id>
</work>
<isbn>1606842722</isbn>
<isbn13>9781606842720</isbn13>
<average_rating>3.41</average_rating>
<ratings_count>936</ratings_count>
<publication_year>2011</publication_year>
<publication_month>10</publication_month>
<publication_day>25</publication_day>
<authors>
<author>
<id>218105</id>
<name>Beth Kephart</name>
<link><![CDATA[https://www.goodreads.com/author/show/218105.Beth_Kephart]]></link>
</author>
</authors>
</book>

          <book>
<id>7890134</id>
<title>Hush</title>
<title_without_series>Hush</title_without_series>
<link><![CDATA[https://www.goodreads.com/book/show/7890134-hush]]></link>
<small_image_url><![CDATA[https://images.gr-assets.com/books/1316727340s/7890134.jpg]]></small_image_url>
<image_url><![CDATA[https://images.gr-assets.com/books/1316727340m/7890134.jpg]]></image_url>
<num_pages>340</num_pages>
<work>
<id>11115634</id>
</work>
<isbn>0802720889</isbn>
<isbn13>9780802720887</isbn13>
<average_rating>3.94</average_rating>
<ratings_count>3105</ratings_count>
<publication_year></publication_year>
<publication_month></publication_month>
<publication_day></publication_day>
<authors>
<author>
<id>3430680</id>
<name>Eishes Chayil</name>
<link><![CDATA[https://www.goodreads.com/author/show/3430680.Eishes_Chayil]]></link>
</author>
</authors>
</book>

          <book>
<id>7124053</id>
<title>A Little Wanting Song</title>
<title_without_series>A Little Wanting Song</title_without_series>
<link><![CDATA[https://www.goodreads.com/book/show/7124053-a-little-wanting-song]]></link>
<small_image_url><![CDATA[https://images.gr-assets.com/books/1276426809s/7124053.jpg]]></small_image_url>
<image_url><![CDATA[https://images.gr-assets.com/books/1276426809m/7124053.jpg]]></image_url>
<num_pages>272</num_pages>
<work>
<id>7385632</id>
</work>
<isbn>0375860967</isbn>
<isbn13>9780375860966</isbn13>
<average_rating>3.74</average_rating>
<ratings_count>3139</ratings_count>
<publication_year>2010</publication_year>
<publication_month>6</publication_month>
<publication_day>8</publication_day>
<authors>
<author>
<id>1348627</id>
<name>Cath Crowley</name>
<link><![CDATA[https://www.goodreads.com/author/show/1348627.Cath_Crowley]]></link>
</author>
</authors>
</book>

          <book>
<id>11699055</id>
<title>The Disenchantments</title>
<title_without_series>The Disenchantments</title_without_series>
<link><![CDATA[https://www.goodreads.com/book/show/11699055-the-disenchantments]]></link>
<small_image_url><![CDATA[https://images.gr-assets.com/books/1309200951s/11699055.jpg]]></small_image_url>
<image_url><![CDATA[https://images.gr-assets.com/books/1309200951m/11699055.jpg]]></image_url>
<num_pages>310</num_pages>
<work>
<id>16646156</id>
</work>
<isbn>0525422196</isbn>
<isbn13>9780525422198</isbn13>
<average_rating>3.74</average_rating>
<ratings_count>7805</ratings_count>
<publication_year>2012</publication_year>
<publication_month>2</publication_month>
<publication_day>16</publication_day>
<authors>
<author>
<id>2889003</id>
<name>Nina LaCour</name>
<link><![CDATA[https://www.goodreads.com/author/show/2889003.Nina_LaCour]]></link>
</author>
</authors>
</book>

          <book>
<id>8715124</id>
<title>Dreamland Social Club</title>
<title_without_series>Dreamland Social Club</title_without_series>
<link><![CDATA[https://www.goodreads.com/book/show/8715124-dreamland-social-club]]></link>
<small_image_url><![CDATA[https://s.gr-assets.com/assets/nophoto/book/50x75-a91bf249278a81aabab721ef782c4a74.png]]></small_image_url>
<image_url><![CDATA[https://s.gr-assets.com/assets/nophoto/book/111x148-bcc042a9c91a29c1d680899eff700a03.png]]></image_url>
<num_pages>389</num_pages>
<work>
<id>13588007</id>
</work>
<isbn>0525423257</isbn>
<isbn13>9780525423256</isbn13>
<average_rating>3.71</average_rating>
<ratings_count>807</ratings_count>
<publication_year>2011</publication_year>
<publication_month>5</publication_month>
<publication_day>12</publication_day>
<authors>
<author>
<id>168413</id>
<name>Tara Altebrando</name>
<link><![CDATA[https://www.goodreads.com/author/show/168413.Tara_Altebrando]]></link>
</author>
</authors>
</book>

          <book>
<id>8470445</id>
<title>Fall for Anything</title>
<title_without_series>Fall for Anything</title_without_series>
<link><![CDATA[https://www.goodreads.com/book/show/8470445-fall-for-anything]]></link>
<small_image_url><![CDATA[https://images.gr-assets.com/books/1465546161s/8470445.jpg]]></small_image_url>
<image_url><![CDATA[https://images.gr-assets.com/books/1465546161m/8470445.jpg]]></image_url>
<num_pages>224</num_pages>
<work>
<id>13335096</id>
</work>
<isbn>0312656734</isbn>
<isbn13>9780312656737</isbn13>
<average_rating>3.77</average_rating>
<ratings_count>5411</ratings_count>
<publication_year></publication_year>
<publication_month></publication_month>
<publication_day></publication_day>
<authors>
<author>
<id>1487748</id>
<name>Courtney Summers</name>
<link><![CDATA[https://www.goodreads.com/author/show/1487748.Courtney_Summers]]></link>
</author>
</authors>
</book>

          <book>
<id>10355662</id>
<title>Stick</title>
<title_without_series>Stick</title_without_series>
<link><![CDATA[https://www.goodreads.com/book/show/10355662-stick]]></link>
<small_image_url><![CDATA[https://images.gr-assets.com/books/1344313191s/10355662.jpg]]></small_image_url>
<image_url><![CDATA[https://images.gr-assets.com/books/1344313191m/10355662.jpg]]></image_url>
<num_pages>292</num_pages>
<work>
<id>15258608</id>
</work>
<isbn>0312613415</isbn>
<isbn13>9780312613419</isbn13>
<average_rating>4.10</average_rating>
<ratings_count>1487</ratings_count>
<publication_year>2011</publication_year>
<publication_month>10</publication_month>
<publication_day>11</publication_day>
<authors>
<author>
<id>1383409</id>
<name>Andrew  Smith</name>
<link><![CDATA[https://www.goodreads.com/author/show/1383409.Andrew_Smith]]></link>
</author>
</authors>
</book>

          <book>
<id>10114382</id>
<title>My Beating Teenage Heart</title>
<title_without_series>My Beating Teenage Heart</title_without_series>
<link><![CDATA[https://www.goodreads.com/book/show/10114382-my-beating-teenage-heart]]></link>
<small_image_url><![CDATA[https://images.gr-assets.com/books/1320528094s/10114382.jpg]]></small_image_url>
<image_url><![CDATA[https://images.gr-assets.com/books/1320528094m/10114382.jpg]]></image_url>
<num_pages>288</num_pages>
<work>
<id>13563378</id>
</work>
<isbn>0375868550</isbn>
<isbn13>9780375868559</isbn13>
<average_rating>3.69</average_rating>
<ratings_count>1002</ratings_count>
<publication_year>2011</publication_year>
<publication_month>9</publication_month>
<publication_day>27</publication_day>
<authors>
<author>
<id>3015727</id>
<name>C.K. Kelly Martin</name>
<link><![CDATA[https://www.goodreads.com/author/show/3015727.C_K_Kelly_Martin]]></link>
</author>
</authors>
</book>

          <book>
<id>8574517</id>
<title>Like Mandarin</title>
<title_without_series>Like Mandarin</title_without_series>
<link><![CDATA[https://www.goodreads.com/book/show/8574517-like-mandarin]]></link>
<small_image_url><![CDATA[https://images.gr-assets.com/books/1320523816s/8574517.jpg]]></small_image_url>
<image_url><![CDATA[https://images.gr-assets.com/books/1320523816m/8574517.jpg]]></image_url>
<num_pages>320</num_pages>
<work>
<id>45283900</id>
</work>
<isbn>0385739354</isbn>
<isbn13>9780385739351</isbn13>
<average_rating>3.57</average_rating>
<ratings_count>1098</ratings_count>
<publication_year>2011</publication_year>
<publication_month>3</publication_month>
<publication_day>8</publication_day>
<authors>
<author>
<id>3101315</id>
<name>Kirsten Hubbard</name>
<link><![CDATA[https://www.goodreads.com/author/show/3101315.Kirsten_Hubbard]]></link>
</author>
</authors>
</book>

  </similar_books>
</book>

</GoodreadsResponse>