<?xml version="1.0" encoding="UTF-8"?>
<GoodreadsResponse>
  <Request>
    <authentication>true</authentication>
      <key><![CDATA[all_men_must_serve]]></key>
    <method><![CDATA[book_show]]></method>
  </Request>
  <book>
  <id>10767466</id>
  <title>Hark! A Vagrant</title>
  <isbn><![CDATA[1770460608]]></isbn>
  <isbn13><![CDATA[9781770460607]]></isbn13>
  <asin><![CDATA[]]></asin>
  <kindle_asin><![CDATA[]]></kindle_asin>
  <marketplace_id><![CDATA[]]></marketplace_id>
  <country_code><![CDATA[GB]]></country_code>
  <image_url>https://images.gr-assets.com/books/1327877328m/10767466.jpg</image_url>
  <small_image_url>https://images.gr-assets.com/books/1327877328s/10767466.jpg</small_image_url>
  <publication_year>2011</publication_year>
  <publication_month>9</publication_month>
  <publication_day>27</publication_day>
  <publisher>Drawn and Quarterly</publisher>
  <language_code>eng</language_code>
  <is_ebook>false</is_ebook>
  <description><![CDATA[<em>Hark! A Vagrant</em> is an uproarious romp through history and literature seen through the sharp, contemporary lens of <em>New Yorker</em> cartoonist and comics-sensation Kate Beaton. No era or tome emerges unscathbed as Beaton rightly skewers the Western world's revolutionaries, leaders, sycophants, and suffragists while equally honing her wit on the hapless heroes, heroines, and villains of the best-loved fiction. She deftly points out what really happened when Brahms fell asleep listening to Liszt, that the world's first hipsters were obviously the Incroyables and the Merveilleuses from eighteenth-century France, that Susan B. Anthony is, of course, a "Samantha," and that the polite banality of Canadian culture never gets old. <em>Hark! A Vagrant</em> features sexy Batman, the true stories behind classic <em>Nancy Drew</em> covers, and Queen Elizabeth doing the albatross. As the 5600.000 unique monthly visitors to <a href="http://www.harkavagrant.com" rel="nofollow">harkavagrant.com</a> already know, no one turns the ironic absurdities of history and literature into comedic fodder as hilarious as Beaton.]]></description>
  <work>
  <id type="integer">15678952</id>
  <books_count type="integer">6</books_count>
  <best_book_id type="integer">10767466</best_book_id>
  <reviews_count type="integer">42846</reviews_count>
  <ratings_sum type="integer">88867</ratings_sum>
  <ratings_count type="integer">20795</ratings_count>
  <text_reviews_count type="integer">1350</text_reviews_count>
  <original_publication_year type="integer">2011</original_publication_year>
  <original_publication_month type="integer">1</original_publication_month>
  <original_publication_day type="integer">1</original_publication_day>
  <original_title>Hark! A Vagrant</original_title>
  <original_language_id type="integer" nil="true"/>
  <media_type>book</media_type>
  <rating_dist>5:10858|4:6394|3:2406|2:646|1:491|total:20795</rating_dist>
  <desc_user_id type="integer">6182466</desc_user_id>
  <default_chaptering_book_id type="integer" nil="true"/>
  <default_description_language_code nil="true"/>
</work>
  <average_rating>4.27</average_rating>
  <num_pages><![CDATA[168]]></num_pages>
  <format><![CDATA[Hardcover]]></format>
  <edition_information><![CDATA[]]></edition_information>
  <ratings_count><![CDATA[20593]]></ratings_count>
  <text_reviews_count><![CDATA[1326]]></text_reviews_count>
  <url><![CDATA[https://www.goodreads.com/book/show/10767466-hark-a-vagrant]]></url>
  <link><![CDATA[https://www.goodreads.com/book/show/10767466-hark-a-vagrant]]></link>
  <authors>
<author>
<id>2921970</id>
<name>Kate Beaton</name>
<role></role>
<image_url nophoto='false'>
<![CDATA[https://images.gr-assets.com/authors/1318610112p5/2921970.jpg]]>
</image_url>
<small_image_url nophoto='false'>
<![CDATA[https://images.gr-assets.com/authors/1318610112p2/2921970.jpg]]>
</small_image_url>
<link><![CDATA[https://www.goodreads.com/author/show/2921970.Kate_Beaton]]></link>
<average_rating>4.17</average_rating>
<ratings_count>42670</ratings_count>
<text_reviews_count>4169</text_reviews_count>
</author>
</authors>

    <reviews_widget>
      <![CDATA[
        <style>
  #goodreads-widget {
    font-family: georgia, serif;
    padding: 18px 0;
    width:565px;
  }
  #goodreads-widget h1 {
    font-weight:normal;
    font-size: 16px;
    border-bottom: 1px solid #BBB596;
    margin-bottom: 0;
  }
  #goodreads-widget a {
    text-decoration: none;
    color:#660;
  }
  iframe{
    background-color: #fff;
  }
  #goodreads-widget a:hover { text-decoration: underline; }
  #goodreads-widget a:active {
    color:#660;
  }
  #gr_footer {
    width: 100%;
    border-top: 1px solid #BBB596;
    text-align: right;
  }
  #goodreads-widget .gr_branding{
    color: #382110;
    font-size: 11px;
    text-decoration: none;
    font-family: "Helvetica Neue", Helvetica, Arial, sans-serif;
  }
</style>
<div id="goodreads-widget">
  <div id="gr_header"><h1><a rel="nofollow" href="https://www.goodreads.com/book/show/10767466-hark-a-vagrant">Hark! A Vagrant Reviews</a></h1></div>
  <iframe id="the_iframe" src="https://www.goodreads.com/api/reviews_widget_iframe?did=DEVELOPER_ID&amp;format=html&amp;isbn=1770460608&amp;links=660&amp;min_rating=&amp;review_back=fff&amp;stars=000&amp;text=000" width="565" height="400" frameborder="0"></iframe>
  <div id="gr_footer">
    <a class="gr_branding" target="_blank" rel="nofollow" href="https://www.goodreads.com/book/show/10767466-hark-a-vagrant?utm_medium=api&amp;utm_source=reviews_widget">Reviews from Goodreads.com</a>
  </div>
</div>

      ]]>
    </reviews_widget>
  <popular_shelves>
      <shelf name="to-read" count="9505"/>
      <shelf name="graphic-novels" count="1033"/>
      <shelf name="comics" count="894"/>
      <shelf name="humor" count="504"/>
      <shelf name="graphic-novel" count="431"/>
      <shelf name="favorites" count="407"/>
      <shelf name="history" count="364"/>
      <shelf name="humour" count="142"/>
      <shelf name="currently-reading" count="142"/>
      <shelf name="historical" count="131"/>
      <shelf name="fiction" count="130"/>
      <shelf name="historical-fiction" count="122"/>
      <shelf name="non-fiction" count="108"/>
      <shelf name="graphic-novels-comics" count="99"/>
      <shelf name="comics-graphic-novels" count="91"/>
      <shelf name="graphic" count="90"/>
      <shelf name="comedy" count="83"/>
      <shelf name="owned" count="82"/>
      <shelf name="canadian" count="82"/>
      <shelf name="funny" count="80"/>
      <shelf name="comics-and-graphic-novels" count="76"/>
      <shelf name="books-i-own" count="75"/>
      <shelf name="adult" count="65"/>
      <shelf name="to-buy" count="55"/>
      <shelf name="comic" count="53"/>
      <shelf name="graphic-novels-and-comics" count="46"/>
      <shelf name="favourites" count="45"/>
      <shelf name="library" count="44"/>
      <shelf name="read-in-2012" count="43"/>
      <shelf name="webcomics" count="42"/>
      <shelf name="nonfiction" count="41"/>
      <shelf name="canada" count="37"/>
      <shelf name="comic-books" count="37"/>
      <shelf name="art" count="31"/>
      <shelf name="female-author" count="26"/>
      <shelf name="female-authors" count="26"/>
      <shelf name="wish-list" count="24"/>
      <shelf name="read-in-2015" count="23"/>
      <shelf name="comix" count="23"/>
      <shelf name="read-in-2014" count="22"/>
      <shelf name="read-in-2016" count="20"/>
      <shelf name="graphic-novel-comic" count="20"/>
      <shelf name="illustrated" count="20"/>
      <shelf name="library-books" count="19"/>
      <shelf name="sequential-art" count="19"/>
      <shelf name="satire" count="18"/>
      <shelf name="books-about-books" count="18"/>
      <shelf name="graphicnovels" count="18"/>
      <shelf name="owned-books" count="17"/>
      <shelf name="comic-strips" count="17"/>
      <shelf name="fun" count="15"/>
      <shelf name="comic-graphic-novel" count="15"/>
      <shelf name="graphic-novels-to-read" count="14"/>
      <shelf name="graphics" count="14"/>
      <shelf name="canadian-authors" count="14"/>
      <shelf name="21st-century" count="13"/>
      <shelf name="women-writers" count="13"/>
      <shelf name="read-in-2011" count="13"/>
      <shelf name="women-authors" count="12"/>
      <shelf name="comics-manga" count="12"/>
      <shelf name="cartoons" count="12"/>
      <shelf name="feminism" count="12"/>
      <shelf name="hilarious" count="12"/>
      <shelf name="humorous" count="12"/>
      <shelf name="2010s" count="12"/>
      <shelf name="webcomic" count="12"/>
      <shelf name="to-read-graphic-novels" count="11"/>
      <shelf name="my-library" count="11"/>
      <shelf name="canlit" count="11"/>
      <shelf name="canadian-lit" count="11"/>
      <shelf name="politics" count="11"/>
      <shelf name="borrowed" count="11"/>
      <shelf name="canadian-literature" count="10"/>
      <shelf name="read-in-2013" count="10"/>
      <shelf name="adult-fiction" count="10"/>
      <shelf name="all-time-favorites" count="10"/>
      <shelf name="read-in-2017" count="9"/>
      <shelf name="4-and-5-star-books" count="9"/>
      <shelf name="graphic-novel-comics" count="9"/>
      <shelf name="gn" count="9"/>
      <shelf name="literature" count="9"/>
      <shelf name="read-2012" count="9"/>
      <shelf name="canadian-author" count="9"/>
      <shelf name="graphic-novels-manga" count="8"/>
      <shelf name="comics-read" count="8"/>
      <shelf name="all-time-favourites" count="8"/>
      <shelf name="contemporary" count="8"/>
      <shelf name="graphic-novels-and-manga" count="8"/>
      <shelf name="graphic-novels-comics-manga" count="8"/>
      <shelf name="library-book" count="8"/>
      <shelf name="recommended" count="8"/>
      <shelf name="reviewed" count="8"/>
      <shelf name="biography" count="8"/>
      <shelf name="to-read-comics" count="8"/>
      <shelf name="read-2016" count="7"/>
      <shelf name="read-2015" count="7"/>
      <shelf name="2015-books" count="7"/>
      <shelf name="default" count="7"/>
      <shelf name="young-adult" count="7"/>
      <shelf name="comics-to-read" count="7"/>
  </popular_shelves>
  <book_links>
    <book_link>
  <id>8</id>
  <name>Libraries</name>
  <link>https://www.goodreads.com/book_link/follow/8</link>
</book_link>

  </book_links>
  <buy_links>
    <buy_link>
<id>1</id>
<name>Amazon</name>
<link>https://www.goodreads.com/book_link/follow/1</link>
</buy_link>
<buy_link>
<id>10</id>
<name>Audible</name>
<link>https://www.goodreads.com/book_link/follow/10</link>
</buy_link>
<buy_link>
<id>3</id>
<name>Barnes &amp; Noble</name>
<link>https://www.goodreads.com/book_link/follow/3</link>
</buy_link>
<buy_link>
<id>1027</id>
<name>Kobo</name>
<link>https://www.goodreads.com/book_link/follow/1027</link>
</buy_link>
<buy_link>
<id>2102</id>
<name>Apple iBooks</name>
<link>https://www.goodreads.com/book_link/follow/2102</link>
</buy_link>
<buy_link>
<id>8036</id>
<name>Google Play</name>
<link>https://www.goodreads.com/book_link/follow/8036</link>
</buy_link>
<buy_link>
<id>4</id>
<name>Abebooks</name>
<link>https://www.goodreads.com/book_link/follow/4</link>
</buy_link>
<buy_link>
<id>882</id>
<name>Book Depository</name>
<link>https://www.goodreads.com/book_link/follow/882</link>
</buy_link>
<buy_link>
<id>9</id>
<name>Indigo</name>
<link>https://www.goodreads.com/book_link/follow/9</link>
</buy_link>
<buy_link>
<id>2</id>
<name>Half.com</name>
<link>https://www.goodreads.com/book_link/follow/2</link>
</buy_link>
<buy_link>
<id>5</id>
<name>Alibris</name>
<link>https://www.goodreads.com/book_link/follow/5</link>
</buy_link>
<buy_link>
<id>107</id>
<name>Better World Books</name>
<link>https://www.goodreads.com/book_link/follow/107</link>
</buy_link>
<buy_link>
<id>7</id>
<name>IndieBound</name>
<link>https://www.goodreads.com/book_link/follow/7</link>
</buy_link>

  </buy_links>
  <series_works>
    <series_work>
<id>829551</id>
<user_position>2</user_position>
<series>
<id>163863</id>
<title>
<![CDATA[
    Hark! A Vagrant
]]>
</title>
<description>
<![CDATA[
    Collections of short comics that first appeared on Kate Beaton's website, <i>Hark! A Vagrant</i>. So far there have been three collections - the self-published <i>Never Learn Anything From History</i> in 2009; the eponymous second collection, released in 2011; and a third, <i>Step Aside Pops</i>, released in 2015.
    
    A fourth book, <i>The Princess and the Pony</i> (also 2015), is aimed at younger readers. While it is not a collection of comics from the website, it is directly inspired by Kate Beaton's "Shetland Pony" comics that first appeared there.
]]>
</description>
<note>
<![CDATA[
]]>
</note>
<series_works_count>4</series_works_count>
<primary_work_count>3</primary_work_count>
<numbered>true</numbered>
</series>

</series_work>

  </series_works>
  <similar_books>
          <book>
<id>1022983</id>
<title><![CDATA[The Trial of Colonel Sweeto and Other Stories]]></title>
<title_without_series><![CDATA[The Trial of Colonel Sweeto and Other Stories]]></title_without_series>
<link><![CDATA[https://www.goodreads.com/book/show/1022983.The_Trial_of_Colonel_Sweeto_and_Other_Stories]]></link>
<small_image_url><![CDATA[https://s.gr-assets.com/assets/nophoto/book/50x75-a91bf249278a81aabab721ef782c4a74.png]]></small_image_url>
<image_url><![CDATA[https://s.gr-assets.com/assets/nophoto/book/111x148-bcc042a9c91a29c1d680899eff700a03.png]]></image_url>
<num_pages>96</num_pages>
<work>
<id>1009214</id>
</work>
<isbn>1593078447</isbn>
<isbn13>9781593078447</isbn13>
<average_rating>4.37</average_rating>
<ratings_count>2059</ratings_count>
<publication_year>2007</publication_year>
<publication_month>11</publication_month>
<publication_day>14</publication_day>
<authors>
<author>
<id>511585</id>
<name>Nicholas Gurewitch</name>
<link><![CDATA[https://www.goodreads.com/author/show/511585.Nicholas_Gurewitch]]></link>
</author>
</authors>
</book>

          <book>
<id>15793709</id>
<title><![CDATA[You're All Just Jealous of My Jetpack]]></title>
<title_without_series><![CDATA[You're All Just Jealous of My Jetpack]]></title_without_series>
<link><![CDATA[https://www.goodreads.com/book/show/15793709-you-re-all-just-jealous-of-my-jetpack]]></link>
<small_image_url><![CDATA[https://images.gr-assets.com/books/1344320129s/15793709.jpg]]></small_image_url>
<image_url><![CDATA[https://images.gr-assets.com/books/1344320129m/15793709.jpg]]></image_url>
<num_pages>160</num_pages>
<work>
<id>21515683</id>
</work>
<isbn>1770461043</isbn>
<isbn13>9781770461048</isbn13>
<average_rating>3.92</average_rating>
<ratings_count>1409</ratings_count>
<publication_year>2013</publication_year>
<publication_month>4</publication_month>
<publication_day>16</publication_day>
<authors>
<author>
<id>189760</id>
<name>Tom Gauld</name>
<link><![CDATA[https://www.goodreads.com/author/show/189760.Tom_Gauld]]></link>
</author>
</authors>
</book>

          <book>
<id>16292250</id>
<title><![CDATA[The Case of the Team Spirit (Bad Machinery, #1)]]></title>
<title_without_series>The Case of the Team Spirit</title_without_series>
<link><![CDATA[https://www.goodreads.com/book/show/16292250-the-case-of-the-team-spirit]]></link>
<small_image_url><![CDATA[https://images.gr-assets.com/books/1356205721s/16292250.jpg]]></small_image_url>
<image_url><![CDATA[https://images.gr-assets.com/books/1356205721m/16292250.jpg]]></image_url>
<num_pages>135</num_pages>
<work>
<id>22419309</id>
</work>
<isbn>1620100843</isbn>
<isbn13>9781620100844</isbn13>
<average_rating>3.83</average_rating>
<ratings_count>1163</ratings_count>
<publication_year>2013</publication_year>
<publication_month>4</publication_month>
<publication_day>2</publication_day>
<authors>
<author>
<id>390509</id>
<name>John Allison</name>
<link><![CDATA[https://www.goodreads.com/author/show/390509.John_Allison]]></link>
</author>
</authors>
</book>

          <book>
<id>2915026</id>
<title><![CDATA[Gunnerkrigg Court, Vol. 1: Orientation (Gunnerkrigg Court #1)]]></title>
<title_without_series><![CDATA[Gunnerkrigg Court, Vol. 1: Orientation]]></title_without_series>
<link><![CDATA[https://www.goodreads.com/book/show/2915026-gunnerkrigg-court-vol-1]]></link>
<small_image_url><![CDATA[https://images.gr-assets.com/books/1279413625s/2915026.jpg]]></small_image_url>
<image_url><![CDATA[https://images.gr-assets.com/books/1279413625m/2915026.jpg]]></image_url>
<num_pages>296</num_pages>
<work>
<id>2942202</id>
</work>
<isbn>1932386343</isbn>
<isbn13>9781932386349</isbn13>
<average_rating>4.22</average_rating>
<ratings_count>4990</ratings_count>
<publication_year>2009</publication_year>
<publication_month>7</publication_month>
<publication_day>28</publication_day>
<authors>
<author>
<id>5741473</id>
<name>Thomas Siddell</name>
<link><![CDATA[https://www.goodreads.com/author/show/5741473.Thomas_Siddell]]></link>
</author>
</authors>
</book>

          <book>
<id>9970421</id>
<title>Big Questions</title>
<title_without_series>Big Questions</title_without_series>
<link><![CDATA[https://www.goodreads.com/book/show/9970421-big-questions]]></link>
<small_image_url><![CDATA[https://s.gr-assets.com/assets/nophoto/book/50x75-a91bf249278a81aabab721ef782c4a74.png]]></small_image_url>
<image_url><![CDATA[https://s.gr-assets.com/assets/nophoto/book/111x148-bcc042a9c91a29c1d680899eff700a03.png]]></image_url>
<num_pages>592</num_pages>
<work>
<id>14864623</id>
</work>
<isbn>1770460470</isbn>
<isbn13>9781770460478</isbn13>
<average_rating>4.12</average_rating>
<ratings_count>2472</ratings_count>
<publication_year>2011</publication_year>
<publication_month>8</publication_month>
<publication_day>16</publication_day>
<authors>
<author>
<id>94673</id>
<name>Anders Nilsen</name>
<link><![CDATA[https://www.goodreads.com/author/show/94673.Anders_Nilsen]]></link>
</author>
</authors>
</book>

          <book>
<id>9465043</id>
<title><![CDATA[Johnny Wander, Vol. 1: Don't Burn the House Down]]></title>
<title_without_series><![CDATA[Johnny Wander, Vol. 1: Don't Burn the House Down]]></title_without_series>
<link><![CDATA[https://www.goodreads.com/book/show/9465043-johnny-wander-vol-1]]></link>
<small_image_url><![CDATA[https://s.gr-assets.com/assets/nophoto/book/50x75-a91bf249278a81aabab721ef782c4a74.png]]></small_image_url>
<image_url><![CDATA[https://s.gr-assets.com/assets/nophoto/book/111x148-bcc042a9c91a29c1d680899eff700a03.png]]></image_url>
<num_pages>128</num_pages>
<work>
<id>14350037</id>
</work>
<isbn></isbn>
<isbn13>9780978501617</isbn13>
<average_rating>4.33</average_rating>
<ratings_count>347</ratings_count>
<publication_year>2010</publication_year>
<publication_month>9</publication_month>
<publication_day></publication_day>
<authors>
<author>
<id>2787903</id>
<name>Ananth Panagariya</name>
<link><![CDATA[https://www.goodreads.com/author/show/2787903.Ananth_Panagariya]]></link>
</author>
</authors>
</book>

          <book>
<id>16231347</id>
<title><![CDATA[The Adventures of Superhero Girl]]></title>
<title_without_series><![CDATA[The Adventures of Superhero Girl]]></title_without_series>
<link><![CDATA[https://www.goodreads.com/book/show/16231347-the-adventures-of-superhero-girl]]></link>
<small_image_url><![CDATA[https://images.gr-assets.com/books/1455007526s/16231347.jpg]]></small_image_url>
<image_url><![CDATA[https://images.gr-assets.com/books/1455007526m/16231347.jpg]]></image_url>
<num_pages>112</num_pages>
<work>
<id>22223422</id>
</work>
<isbn>1616550848</isbn>
<isbn13>9781616550844</isbn13>
<average_rating>3.93</average_rating>
<ratings_count>4997</ratings_count>
<publication_year>2013</publication_year>
<publication_month>2</publication_month>
<publication_day>26</publication_day>
<authors>
<author>
<id>996558</id>
<name>Faith Erin Hicks</name>
<link><![CDATA[https://www.goodreads.com/author/show/996558.Faith_Erin_Hicks]]></link>
</author>
</authors>
</book>

          <book>
<id>10237112</id>
<title>The Best American Comics 2011</title>
<title_without_series>The Best American Comics 2011</title_without_series>
<link><![CDATA[https://www.goodreads.com/book/show/10237112-the-best-american-comics-2011]]></link>
<small_image_url><![CDATA[https://s.gr-assets.com/assets/nophoto/book/50x75-a91bf249278a81aabab721ef782c4a74.png]]></small_image_url>
<image_url><![CDATA[https://s.gr-assets.com/assets/nophoto/book/111x148-bcc042a9c91a29c1d680899eff700a03.png]]></image_url>
<num_pages></num_pages>
<work>
<id>15137106</id>
</work>
<isbn>0547333625</isbn>
<isbn13>9780547333625</isbn13>
<average_rating>3.68</average_rating>
<ratings_count>676</ratings_count>
<publication_year></publication_year>
<publication_month></publication_month>
<publication_day></publication_day>
<authors>
<author>
<id>21982</id>
<name>Alison Bechdel</name>
<link><![CDATA[https://www.goodreads.com/author/show/21982.Alison_Bechdel]]></link>
</author>
</authors>
</book>

          <book>
<id>18444218</id>
<title>How To Be Happy</title>
<title_without_series>How To Be Happy</title_without_series>
<link><![CDATA[https://www.goodreads.com/book/show/18444218-how-to-be-happy]]></link>
<small_image_url><![CDATA[https://images.gr-assets.com/books/1397153220s/18444218.jpg]]></small_image_url>
<image_url><![CDATA[https://images.gr-assets.com/books/1397153220m/18444218.jpg]]></image_url>
<num_pages>145</num_pages>
<work>
<id>26087758</id>
</work>
<isbn>1606997408</isbn>
<isbn13>9781606997406</isbn13>
<average_rating>3.86</average_rating>
<ratings_count>2147</ratings_count>
<publication_year>2014</publication_year>
<publication_month>7</publication_month>
<publication_day>10</publication_day>
<authors>
<author>
<id>981303</id>
<name>Eleanor Davis</name>
<link><![CDATA[https://www.goodreads.com/author/show/981303.Eleanor_Davis]]></link>
</author>
</authors>
</book>

          <book>
<id>7779474</id>
<title>Chester 5000 XYV</title>
<title_without_series>Chester 5000 XYV</title_without_series>
<link><![CDATA[https://www.goodreads.com/book/show/7779474-chester-5000-xyv]]></link>
<small_image_url><![CDATA[https://images.gr-assets.com/books/1383670219s/7779474.jpg]]></small_image_url>
<image_url><![CDATA[https://images.gr-assets.com/books/1383670219m/7779474.jpg]]></image_url>
<num_pages>141</num_pages>
<work>
<id>10698538</id>
</work>
<isbn>1603090665</isbn>
<isbn13>9781603090667</isbn13>
<average_rating>4.19</average_rating>
<ratings_count>632</ratings_count>
<publication_year>2011</publication_year>
<publication_month>7</publication_month>
<publication_day>5</publication_day>
<authors>
<author>
<id>3391963</id>
<name>Jess Fink</name>
<link><![CDATA[https://www.goodreads.com/author/show/3391963.Jess_Fink]]></link>
</author>
</authors>
</book>

          <book>
<id>79841</id>
<title><![CDATA[Cat Getting Out of a Bag and Other Observations]]></title>
<title_without_series><![CDATA[Cat Getting Out of a Bag and Other Observations]]></title_without_series>
<link><![CDATA[https://www.goodreads.com/book/show/79841.Cat_Getting_Out_of_a_Bag_and_Other_Observations]]></link>
<small_image_url><![CDATA[https://images.gr-assets.com/books/1327936264s/79841.jpg]]></small_image_url>
<image_url><![CDATA[https://images.gr-assets.com/books/1327936264m/79841.jpg]]></image_url>
<num_pages></num_pages>
<work>
<id>77096</id>
</work>
<isbn>0811858227</isbn>
<isbn13>9780811858229</isbn13>
<average_rating>4.12</average_rating>
<ratings_count>1556</ratings_count>
<publication_year></publication_year>
<publication_month></publication_month>
<publication_day></publication_day>
<authors>
<author>
<id>45429</id>
<name>Jeffrey Brown</name>
<link><![CDATA[https://www.goodreads.com/author/show/45429.Jeffrey_Brown]]></link>
</author>
</authors>
</book>

          <book>
<id>13022038</id>
<title>Hilda and the Midnight Giant</title>
<title_without_series>Hilda and the Midnight Giant</title_without_series>
<link><![CDATA[https://www.goodreads.com/book/show/13022038-hilda-and-the-midnight-giant]]></link>
<small_image_url><![CDATA[https://images.gr-assets.com/books/1333575976s/13022038.jpg]]></small_image_url>
<image_url><![CDATA[https://images.gr-assets.com/books/1333575976m/13022038.jpg]]></image_url>
<num_pages>40</num_pages>
<work>
<id>18184678</id>
</work>
<isbn>1907704256</isbn>
<isbn13>9781907704253</isbn13>
<average_rating>4.16</average_rating>
<ratings_count>2439</ratings_count>
<publication_year>2012</publication_year>
<publication_month>4</publication_month>
<publication_day>17</publication_day>
<authors>
<author>
<id>4461106</id>
<name>Luke Pearson</name>
<link><![CDATA[https://www.goodreads.com/author/show/4461106.Luke_Pearson]]></link>
</author>
</authors>
</book>

          <book>
<id>80365</id>
<title><![CDATA[Your Whole Family is Made Out of Meat: The Best of Dinosaur Comics, 2003-2005 A.D.]]></title>
<title_without_series><![CDATA[Your Whole Family is Made Out of Meat: The Best of Dinosaur Comics, 2003-2005 A.D.]]></title_without_series>
<link><![CDATA[https://www.goodreads.com/book/show/80365.Your_Whole_Family_is_Made_Out_of_Meat]]></link>
<small_image_url><![CDATA[https://s.gr-assets.com/assets/nophoto/book/50x75-a91bf249278a81aabab721ef782c4a74.png]]></small_image_url>
<image_url><![CDATA[https://s.gr-assets.com/assets/nophoto/book/111x148-bcc042a9c91a29c1d680899eff700a03.png]]></image_url>
<num_pages></num_pages>
<work>
<id>77605</id>
</work>
<isbn>0756005183</isbn>
<isbn13>9780756005184</isbn13>
<average_rating>4.31</average_rating>
<ratings_count>384</ratings_count>
<publication_year></publication_year>
<publication_month></publication_month>
<publication_day></publication_day>
<authors>
<author>
<id>45763</id>
<name>Ryan North</name>
<link><![CDATA[https://www.goodreads.com/author/show/45763.Ryan_North]]></link>
</author>
</authors>
</book>

          <book>
<id>7946252</id>
<title><![CDATA[Castle Waiting, Vol. 2 (Castle Waiting Omnibus Collection #2)]]></title>
<title_without_series>Castle Waiting, Vol. 2</title_without_series>
<link><![CDATA[https://www.goodreads.com/book/show/7946252-castle-waiting-vol-2]]></link>
<small_image_url><![CDATA[https://images.gr-assets.com/books/1327912061s/7946252.jpg]]></small_image_url>
<image_url><![CDATA[https://images.gr-assets.com/books/1327912061m/7946252.jpg]]></image_url>
<num_pages>375</num_pages>
<work>
<id>14571116</id>
</work>
<isbn>1606994050</isbn>
<isbn13>9781606994054</isbn13>
<average_rating>4.17</average_rating>
<ratings_count>2040</ratings_count>
<publication_year>2010</publication_year>
<publication_month>12</publication_month>
<publication_day>6</publication_day>
<authors>
<author>
<id>103302</id>
<name>Linda Medley</name>
<link><![CDATA[https://www.goodreads.com/author/show/103302.Linda_Medley]]></link>
</author>
</authors>
</book>

          <book>
<id>8489053</id>
<title>Drinking at the Movies</title>
<title_without_series>Drinking at the Movies</title_without_series>
<link><![CDATA[https://www.goodreads.com/book/show/8489053-drinking-at-the-movies]]></link>
<small_image_url><![CDATA[https://images.gr-assets.com/books/1327887159s/8489053.jpg]]></small_image_url>
<image_url><![CDATA[https://images.gr-assets.com/books/1327887159m/8489053.jpg]]></image_url>
<num_pages>192</num_pages>
<work>
<id>13354451</id>
</work>
<isbn>0307591832</isbn>
<isbn13>9780307591838</isbn13>
<average_rating>3.90</average_rating>
<ratings_count>3071</ratings_count>
<publication_year>2010</publication_year>
<publication_month>8</publication_month>
<publication_day>31</publication_day>
<authors>
<author>
<id>939900</id>
<name>Julia Wertz</name>
<link><![CDATA[https://www.goodreads.com/author/show/939900.Julia_Wertz]]></link>
</author>
</authors>
</book>

          <book>
<id>16059657</id>
<title>My Dirty Dumb Eyes</title>
<title_without_series>My Dirty Dumb Eyes</title_without_series>
<link><![CDATA[https://www.goodreads.com/book/show/16059657-my-dirty-dumb-eyes]]></link>
<small_image_url><![CDATA[https://images.gr-assets.com/books/1358588674s/16059657.jpg]]></small_image_url>
<image_url><![CDATA[https://images.gr-assets.com/books/1358588674m/16059657.jpg]]></image_url>
<num_pages>120</num_pages>
<work>
<id>21846421</id>
</work>
<isbn>1770461167</isbn>
<isbn13>9781770461161</isbn13>
<average_rating>4.04</average_rating>
<ratings_count>1430</ratings_count>
<publication_year>2013</publication_year>
<publication_month>5</publication_month>
<publication_day>28</publication_day>
<authors>
<author>
<id>3407411</id>
<name>Lisa Hanawalt</name>
<link><![CDATA[https://www.goodreads.com/author/show/3407411.Lisa_Hanawalt]]></link>
</author>
</authors>
</book>

          <book>
<id>17210471</id>
<title>Saints (Boxers &amp; Saints, #2)</title>
<title_without_series>Saints</title_without_series>
<link><![CDATA[https://www.goodreads.com/book/show/17210471-saints]]></link>
<small_image_url><![CDATA[https://images.gr-assets.com/books/1359199657s/17210471.jpg]]></small_image_url>
<image_url><![CDATA[https://images.gr-assets.com/books/1359199657m/17210471.jpg]]></image_url>
<num_pages>170</num_pages>
<work>
<id>23691810</id>
</work>
<isbn>1596436891</isbn>
<isbn13>9781596436893</isbn13>
<average_rating>3.83</average_rating>
<ratings_count>10201</ratings_count>
<publication_year>2013</publication_year>
<publication_month>9</publication_month>
<publication_day>10</publication_day>
<authors>
<author>
<id>68959</id>
<name>Gene Luen Yang</name>
<link><![CDATA[https://www.goodreads.com/author/show/68959.Gene_Luen_Yang]]></link>
</author>
</authors>
</book>

          <book>
<id>2688432</id>
<title><![CDATA[Wondermark, Vol. 1: Beards of Our Forefathers]]></title>
<title_without_series><![CDATA[Wondermark, Vol. 1: Beards of Our Forefathers]]></title_without_series>
<link><![CDATA[https://www.goodreads.com/book/show/2688432-wondermark-vol-1]]></link>
<small_image_url><![CDATA[https://images.gr-assets.com/books/1361335183s/2688432.jpg]]></small_image_url>
<image_url><![CDATA[https://images.gr-assets.com/books/1361335183m/2688432.jpg]]></image_url>
<num_pages>96</num_pages>
<work>
<id>2713758</id>
</work>
<isbn>1593079842</isbn>
<isbn13>9781593079840</isbn13>
<average_rating>4.05</average_rating>
<ratings_count>250</ratings_count>
<publication_year>2008</publication_year>
<publication_month>7</publication_month>
<publication_day>15</publication_day>
<authors>
<author>
<id>1179783</id>
<name>David Malki</name>
<link><![CDATA[https://www.goodreads.com/author/show/1179783.David_Malki]]></link>
</author>
</authors>
</book>

  </similar_books>
</book>

</GoodreadsResponse>