<?xml version="1.0" encoding="UTF-8"?>
<GoodreadsResponse>
  <Request>
    <authentication>true</authentication>
      <key><![CDATA[all_men_must_serve]]></key>
    <method><![CDATA[book_show]]></method>
  </Request>
  <book>
  <id>107670</id>
  <title><![CDATA[Evil Star (The Gatekeepers, #2)]]></title>
  <isbn><![CDATA[0439679966]]></isbn>
  <isbn13><![CDATA[9780439679961]]></isbn13>
  <asin><![CDATA[]]></asin>
  <kindle_asin><![CDATA[B004J35DX8]]></kindle_asin>
  <marketplace_id><![CDATA[A1F83G8C2ARO7P]]></marketplace_id>
  <country_code><![CDATA[GB]]></country_code>
  <image_url>https://s.gr-assets.com/assets/nophoto/book/111x148-bcc042a9c91a29c1d680899eff700a03.png</image_url>
  <small_image_url>https://s.gr-assets.com/assets/nophoto/book/50x75-a91bf249278a81aabab721ef782c4a74.png</small_image_url>
  <publication_year></publication_year>
  <publication_month></publication_month>
  <publication_day></publication_day>
  <publisher></publisher>
  <language_code></language_code>
  <is_ebook>false</is_ebook>
  <description></description>
  <work>
  <id type="integer">2827335</id>
  <books_count type="integer">53</books_count>
  <best_book_id type="integer">107670</best_book_id>
  <reviews_count type="integer">20371</reviews_count>
  <ratings_sum type="integer">56781</ratings_sum>
  <ratings_count type="integer">14260</ratings_count>
  <text_reviews_count type="integer">447</text_reviews_count>
  <original_publication_year type="integer">2006</original_publication_year>
  <original_publication_month type="integer">1</original_publication_month>
  <original_publication_day type="integer">1</original_publication_day>
  <original_title>Evil Star</original_title>
  <original_language_id type="integer" nil="true"/>
  <media_type>book</media_type>
  <rating_dist>5:4828|4:5337|3:3251|2:696|1:148|total:14260</rating_dist>
  <desc_user_id type="integer">-30</desc_user_id>
  <default_chaptering_book_id type="integer" nil="true"/>
  <default_description_language_code nil="true"/>
</work>
  <average_rating>3.98</average_rating>
  <num_pages><![CDATA[]]></num_pages>
  <format><![CDATA[]]></format>
  <edition_information><![CDATA[]]></edition_information>
  <ratings_count><![CDATA[12396]]></ratings_count>
  <text_reviews_count><![CDATA[359]]></text_reviews_count>
  <url><![CDATA[https://www.goodreads.com/book/show/107670.Evil_Star]]></url>
  <link><![CDATA[https://www.goodreads.com/book/show/107670.Evil_Star]]></link>
  <authors>
<author>
<id>32590</id>
<name>Anthony Horowitz</name>
<role></role>
<image_url nophoto='false'>
<![CDATA[https://images.gr-assets.com/authors/1301176549p5/32590.jpg]]>
</image_url>
<small_image_url nophoto='false'>
<![CDATA[https://images.gr-assets.com/authors/1301176549p2/32590.jpg]]>
</small_image_url>
<link><![CDATA[https://www.goodreads.com/author/show/32590.Anthony_Horowitz]]></link>
<average_rating>4.06</average_rating>
<ratings_count>514828</ratings_count>
<text_reviews_count>25993</text_reviews_count>
</author>
</authors>

    <reviews_widget>
      <![CDATA[
        <style>
  #goodreads-widget {
    font-family: georgia, serif;
    padding: 18px 0;
    width:565px;
  }
  #goodreads-widget h1 {
    font-weight:normal;
    font-size: 16px;
    border-bottom: 1px solid #BBB596;
    margin-bottom: 0;
  }
  #goodreads-widget a {
    text-decoration: none;
    color:#660;
  }
  iframe{
    background-color: #fff;
  }
  #goodreads-widget a:hover { text-decoration: underline; }
  #goodreads-widget a:active {
    color:#660;
  }
  #gr_footer {
    width: 100%;
    border-top: 1px solid #BBB596;
    text-align: right;
  }
  #goodreads-widget .gr_branding{
    color: #382110;
    font-size: 11px;
    text-decoration: none;
    font-family: "Helvetica Neue", Helvetica, Arial, sans-serif;
  }
</style>
<div id="goodreads-widget">
  <div id="gr_header"><h1><a rel="nofollow" href="https://www.goodreads.com/book/show/107670.Evil_Star">Evil Star Reviews</a></h1></div>
  <iframe id="the_iframe" src="https://www.goodreads.com/api/reviews_widget_iframe?did=DEVELOPER_ID&amp;format=html&amp;isbn=0439679966&amp;links=660&amp;min_rating=&amp;review_back=fff&amp;stars=000&amp;text=000" width="565" height="400" frameborder="0"></iframe>
  <div id="gr_footer">
    <a class="gr_branding" target="_blank" rel="nofollow" href="https://www.goodreads.com/book/show/107670.Evil_Star?utm_medium=api&amp;utm_source=reviews_widget">Reviews from Goodreads.com</a>
  </div>
</div>

      ]]>
    </reviews_widget>
  <popular_shelves>
      <shelf name="to-read" count="3267"/>
      <shelf name="fantasy" count="341"/>
      <shelf name="currently-reading" count="190"/>
      <shelf name="young-adult" count="174"/>
      <shelf name="favorites" count="108"/>
      <shelf name="ya" count="70"/>
      <shelf name="anthony-horowitz" count="64"/>
      <shelf name="horror" count="62"/>
      <shelf name="books-i-own" count="61"/>
      <shelf name="series" count="60"/>
      <shelf name="adventure" count="59"/>
      <shelf name="supernatural" count="57"/>
      <shelf name="owned" count="53"/>
      <shelf name="paranormal" count="44"/>
      <shelf name="fiction" count="41"/>
      <shelf name="magic" count="38"/>
      <shelf name="thriller" count="34"/>
      <shelf name="default" count="29"/>
      <shelf name="action" count="24"/>
      <shelf name="mystery" count="23"/>
      <shelf name="teen" count="20"/>
      <shelf name="sci-fi" count="20"/>
      <shelf name="owned-books" count="19"/>
      <shelf name="urban-fantasy" count="19"/>
      <shelf name="science-fiction" count="19"/>
      <shelf name="gatekeepers" count="18"/>
      <shelf name="childrens" count="17"/>
      <shelf name="my-books" count="16"/>
      <shelf name="the-gatekeepers" count="15"/>
      <shelf name="to-buy" count="14"/>
      <shelf name="childhood" count="13"/>
      <shelf name="library" count="13"/>
      <shelf name="favourites" count="12"/>
      <shelf name="audio" count="11"/>
      <shelf name="books" count="10"/>
      <shelf name="ya-fantasy" count="10"/>
      <shelf name="sci-fi-fantasy" count="10"/>
      <shelf name="youth" count="9"/>
      <shelf name="children-s" count="8"/>
      <shelf name="the-power-of-five" count="8"/>
      <shelf name="i-own" count="8"/>
      <shelf name="have" count="8"/>
      <shelf name="middle-school" count="8"/>
      <shelf name="action-adventure" count="8"/>
      <shelf name="kids" count="7"/>
      <shelf name="ebook" count="7"/>
      <shelf name="my-library" count="7"/>
      <shelf name="audiobook" count="7"/>
      <shelf name="english" count="6"/>
      <shelf name="re-read" count="6"/>
      <shelf name="on-shelf" count="6"/>
      <shelf name="e-book" count="6"/>
      <shelf name="completed-series" count="6"/>
      <shelf name="childrens-books" count="6"/>
      <shelf name="borrowed" count="6"/>
      <shelf name="shelfari-favorites" count="5"/>
      <shelf name="h" count="5"/>
      <shelf name="children-s-books" count="5"/>
      <shelf name="read-more-than-once" count="5"/>
      <shelf name="ebooks" count="5"/>
      <shelf name="kindle" count="5"/>
      <shelf name="2006" count="5"/>
      <shelf name="contemporary" count="5"/>
      <shelf name="books-owned" count="5"/>
      <shelf name="horowitz" count="5"/>
      <shelf name="4-star" count="5"/>
      <shelf name="to-re-read" count="5"/>
      <shelf name="gate-keepers" count="5"/>
      <shelf name="teen-fiction" count="5"/>
      <shelf name="ya-books" count="5"/>
      <shelf name="fantasia" count="5"/>
      <shelf name="read-in-2015" count="4"/>
      <shelf name="young" count="4"/>
      <shelf name="bookshelf" count="4"/>
      <shelf name="young-adult-fiction" count="4"/>
      <shelf name="all-my-books" count="4"/>
      <shelf name="3-stars" count="4"/>
      <shelf name="4-stars" count="4"/>
      <shelf name="suspense" count="4"/>
      <shelf name="good-books" count="4"/>
      <shelf name="5-stars" count="4"/>
      <shelf name="young-adults" count="4"/>
      <shelf name="favourite-series" count="4"/>
      <shelf name="ya-paranormal" count="4"/>
      <shelf name="need-to-buy" count="4"/>
      <shelf name="high-school" count="4"/>
      <shelf name="audio-books" count="4"/>
      <shelf name="library-books" count="4"/>
      <shelf name="kid-books" count="4"/>
      <shelf name="scifi-fantasy" count="4"/>
      <shelf name="youngadult" count="4"/>
      <shelf name="read-2016" count="3"/>
      <shelf name="shelfari-wishlist" count="3"/>
      <shelf name="fantasy-paranormal" count="3"/>
      <shelf name="jeunesse" count="3"/>
      <shelf name="not-owned" count="3"/>
      <shelf name="dystopia" count="3"/>
      <shelf name="novel" count="3"/>
      <shelf name="young-adult-books" count="3"/>
      <shelf name="home" count="3"/>
  </popular_shelves>
  <book_links>
    <book_link>
  <id>8</id>
  <name>Libraries</name>
  <link>https://www.goodreads.com/book_link/follow/8</link>
</book_link>

  </book_links>
  <buy_links>
    <buy_link>
<id>1</id>
<name>Amazon</name>
<link>https://www.goodreads.com/book_link/follow/1</link>
</buy_link>
<buy_link>
<id>10</id>
<name>Audible</name>
<link>https://www.goodreads.com/book_link/follow/10</link>
</buy_link>
<buy_link>
<id>3</id>
<name>Barnes &amp; Noble</name>
<link>https://www.goodreads.com/book_link/follow/3</link>
</buy_link>
<buy_link>
<id>1027</id>
<name>Kobo</name>
<link>https://www.goodreads.com/book_link/follow/1027</link>
</buy_link>
<buy_link>
<id>2102</id>
<name>Apple iBooks</name>
<link>https://www.goodreads.com/book_link/follow/2102</link>
</buy_link>
<buy_link>
<id>8036</id>
<name>Google Play</name>
<link>https://www.goodreads.com/book_link/follow/8036</link>
</buy_link>
<buy_link>
<id>4</id>
<name>Abebooks</name>
<link>https://www.goodreads.com/book_link/follow/4</link>
</buy_link>
<buy_link>
<id>882</id>
<name>Book Depository</name>
<link>https://www.goodreads.com/book_link/follow/882</link>
</buy_link>
<buy_link>
<id>9</id>
<name>Indigo</name>
<link>https://www.goodreads.com/book_link/follow/9</link>
</buy_link>
<buy_link>
<id>2</id>
<name>Half.com</name>
<link>https://www.goodreads.com/book_link/follow/2</link>
</buy_link>
<buy_link>
<id>5</id>
<name>Alibris</name>
<link>https://www.goodreads.com/book_link/follow/5</link>
</buy_link>
<buy_link>
<id>107</id>
<name>Better World Books</name>
<link>https://www.goodreads.com/book_link/follow/107</link>
</buy_link>
<buy_link>
<id>7</id>
<name>IndieBound</name>
<link>https://www.goodreads.com/book_link/follow/7</link>
</buy_link>

  </buy_links>
  <series_works>
    <series_work>
<id>202713</id>
<user_position>2</user_position>
<series>
<id>52308</id>
<title>
<![CDATA[
    The Gatekeepers
]]>
</title>
<description>
<![CDATA[
    Also known as:
    - The Power of Five
    - O Poder dos Guardiães
    - Le Pouvoir des Cinq
    - Die fünf Tore
    - Los cinco guardianes
    - I 5 guardiani
    - Moč Petih [Slovenian]
]]>
</description>
<note>
<![CDATA[
]]>
</note>
<series_works_count>6</series_works_count>
<primary_work_count>5</primary_work_count>
<numbered>true</numbered>
</series>

</series_work>

  </series_works>
  <similar_books>
          <book>
<id>360918</id>
<title><![CDATA[Double or Die (Young Bond, #3)]]></title>
<title_without_series>Double or Die</title_without_series>
<link><![CDATA[https://www.goodreads.com/book/show/360918.Double_or_Die]]></link>
<small_image_url><![CDATA[https://s.gr-assets.com/assets/nophoto/book/50x75-a91bf249278a81aabab721ef782c4a74.png]]></small_image_url>
<image_url><![CDATA[https://s.gr-assets.com/assets/nophoto/book/111x148-bcc042a9c91a29c1d680899eff700a03.png]]></image_url>
<num_pages>390</num_pages>
<work>
<id>351018</id>
</work>
<isbn>0141322039</isbn>
<isbn13>9780141322032</isbn13>
<average_rating>4.07</average_rating>
<ratings_count>4898</ratings_count>
<publication_year>2007</publication_year>
<publication_month>1</publication_month>
<publication_day>4</publication_day>
<authors>
<author>
<id>162326</id>
<name>Charlie Higson</name>
<link><![CDATA[https://www.goodreads.com/author/show/162326.Charlie_Higson]]></link>
</author>
</authors>
</book>

          <book>
<id>8827905</id>
<title><![CDATA[The Doomsday Code (TimeRiders, #3)]]></title>
<title_without_series>The Doomsday Code</title_without_series>
<link><![CDATA[https://www.goodreads.com/book/show/8827905-the-doomsday-code]]></link>
<small_image_url><![CDATA[https://images.gr-assets.com/books/1344289577s/8827905.jpg]]></small_image_url>
<image_url><![CDATA[https://images.gr-assets.com/books/1344289577m/8827905.jpg]]></image_url>
<num_pages>448</num_pages>
<work>
<id>13702270</id>
</work>
<isbn>0141333480</isbn>
<isbn13>9780141333489</isbn13>
<average_rating>4.10</average_rating>
<ratings_count>3010</ratings_count>
<publication_year>2011</publication_year>
<publication_month>2</publication_month>
<publication_day>1</publication_day>
<authors>
<author>
<id>577975</id>
<name>Alex Scarrow</name>
<link><![CDATA[https://www.goodreads.com/author/show/577975.Alex_Scarrow]]></link>
</author>
</authors>
</book>

          <book>
<id>2049823</id>
<title><![CDATA[Superior Saturday (The Keys to the Kingdom, #6)]]></title>
<title_without_series>Superior Saturday</title_without_series>
<link><![CDATA[https://www.goodreads.com/book/show/2049823.Superior_Saturday]]></link>
<small_image_url><![CDATA[https://images.gr-assets.com/books/1304528878s/2049823.jpg]]></small_image_url>
<image_url><![CDATA[https://images.gr-assets.com/books/1304528878m/2049823.jpg]]></image_url>
<num_pages>336</num_pages>
<work>
<id>2998128</id>
</work>
<isbn>0439700892</isbn>
<isbn13>9780439700894</isbn13>
<average_rating>3.91</average_rating>
<ratings_count>11531</ratings_count>
<publication_year>2008</publication_year>
<publication_month>8</publication_month>
<publication_day>1</publication_day>
<authors>
<author>
<id>8347</id>
<name>Garth Nix</name>
<link><![CDATA[https://www.goodreads.com/author/show/8347.Garth_Nix]]></link>
</author>
</authors>
</book>

          <book>
<id>53168</id>
<title><![CDATA[Demon Thief (The Demonata, #2)]]></title>
<title_without_series>Demon Thief</title_without_series>
<link><![CDATA[https://www.goodreads.com/book/show/53168.Demon_Thief]]></link>
<small_image_url><![CDATA[https://images.gr-assets.com/books/1344268460s/53168.jpg]]></small_image_url>
<image_url><![CDATA[https://images.gr-assets.com/books/1344268460m/53168.jpg]]></image_url>
<num_pages>241</num_pages>
<work>
<id>3214256</id>
</work>
<isbn>0316012386</isbn>
<isbn13>9780316012386</isbn13>
<average_rating>4.14</average_rating>
<ratings_count>11738</ratings_count>
<publication_year>2007</publication_year>
<publication_month>4</publication_month>
<publication_day>1</publication_day>
<authors>
<author>
<id>5816</id>
<name>Darren Shan</name>
<link><![CDATA[https://www.goodreads.com/author/show/5816.Darren_Shan]]></link>
</author>
</authors>
</book>

          <book>
<id>6455701</id>
<title><![CDATA[Ice Shock (The Joshua Files, #2)]]></title>
<title_without_series>Ice Shock</title_without_series>
<link><![CDATA[https://www.goodreads.com/book/show/6455701-ice-shock]]></link>
<small_image_url><![CDATA[https://images.gr-assets.com/books/1329392868s/6455701.jpg]]></small_image_url>
<image_url><![CDATA[https://images.gr-assets.com/books/1329392868m/6455701.jpg]]></image_url>
<num_pages></num_pages>
<work>
<id>6645977</id>
</work>
<isbn>1407104039</isbn>
<isbn13>9781407104034</isbn13>
<average_rating>4.09</average_rating>
<ratings_count>633</ratings_count>
<publication_year>2009</publication_year>
<publication_month>3</publication_month>
<publication_day></publication_day>
<authors>
<author>
<id>2967731</id>
<name>M.G. Harris</name>
<link><![CDATA[https://www.goodreads.com/author/show/2967731.M_G_Harris]]></link>
</author>
</authors>
</book>

          <book>
<id>2195457</id>
<title>Vampyr Legion (Legendeer, #2)</title>
<title_without_series>Vampyr Legion</title_without_series>
<link><![CDATA[https://www.goodreads.com/book/show/2195457.Vampyr_Legion]]></link>
<small_image_url><![CDATA[https://images.gr-assets.com/books/1415589871s/2195457.jpg]]></small_image_url>
<image_url><![CDATA[https://images.gr-assets.com/books/1415589871m/2195457.jpg]]></image_url>
<num_pages>192</num_pages>
<work>
<id>2201194</id>
</work>
<isbn>1858818354</isbn>
<isbn13>9781858818351</isbn13>
<average_rating>3.79</average_rating>
<ratings_count>155</ratings_count>
<publication_year>2000</publication_year>
<publication_month>12</publication_month>
<publication_day>7</publication_day>
<authors>
<author>
<id>116897</id>
<name>Alan Gibbons</name>
<link><![CDATA[https://www.goodreads.com/author/show/116897.Alan_Gibbons]]></link>
</author>
</authors>
</book>

          <book>
<id>624716</id>
<title><![CDATA[Tide of Terror (Vampirates, #2)]]></title>
<title_without_series>Tide of Terror</title_without_series>
<link><![CDATA[https://www.goodreads.com/book/show/624716.Tide_of_Terror]]></link>
<small_image_url><![CDATA[https://images.gr-assets.com/books/1344267351s/624716.jpg]]></small_image_url>
<image_url><![CDATA[https://images.gr-assets.com/books/1344267351m/624716.jpg]]></image_url>
<num_pages>464</num_pages>
<work>
<id>2231450</id>
</work>
<isbn>0316013749</isbn>
<isbn13>9780316013741</isbn13>
<average_rating>4.01</average_rating>
<ratings_count>4855</ratings_count>
<publication_year>2007</publication_year>
<publication_month>6</publication_month>
<publication_day>1</publication_day>
<authors>
<author>
<id>337831</id>
<name>Justin Somper</name>
<link><![CDATA[https://www.goodreads.com/author/show/337831.Justin_Somper]]></link>
</author>
</authors>
</book>

          <book>
<id>12048297</id>
<title>Deadlock (Darcie Lock, #3)</title>
<title_without_series>Deadlock</title_without_series>
<link><![CDATA[https://www.goodreads.com/book/show/12048297-deadlock]]></link>
<small_image_url><![CDATA[https://images.gr-assets.com/books/1323472924s/12048297.jpg]]></small_image_url>
<image_url><![CDATA[https://images.gr-assets.com/books/1323472924m/12048297.jpg]]></image_url>
<num_pages>432</num_pages>
<work>
<id>17015107</id>
</work>
<isbn></isbn>
<isbn13></isbn13>
<average_rating>4.42</average_rating>
<ratings_count>135</ratings_count>
<publication_year>2012</publication_year>
<publication_month>3</publication_month>
<publication_day>3</publication_day>
<authors>
<author>
<id>1332</id>
<name>Julia Golding</name>
<link><![CDATA[https://www.goodreads.com/author/show/1332.Julia_Golding]]></link>
</author>
</authors>
</book>

          <book>
<id>8431746</id>
<title>Zero Hour (H.I.V.E, #6)</title>
<title_without_series>Zero Hour</title_without_series>
<link><![CDATA[https://www.goodreads.com/book/show/8431746-zero-hour]]></link>
<small_image_url><![CDATA[https://images.gr-assets.com/books/1327888987s/8431746.jpg]]></small_image_url>
<image_url><![CDATA[https://images.gr-assets.com/books/1327888987m/8431746.jpg]]></image_url>
<num_pages>286</num_pages>
<work>
<id>13295134</id>
</work>
<isbn>1408800160</isbn>
<isbn13>9781408800164</isbn13>
<average_rating>4.35</average_rating>
<ratings_count>3010</ratings_count>
<publication_year>2010</publication_year>
<publication_month>9</publication_month>
<publication_day>1</publication_day>
<authors>
<author>
<id>487718</id>
<name>Mark Walden</name>
<link><![CDATA[https://www.goodreads.com/author/show/487718.Mark_Walden]]></link>
</author>
</authors>
</book>

  </similar_books>
</book>

</GoodreadsResponse>