<?xml version="1.0" encoding="UTF-8"?>
<GoodreadsResponse>
  <Request>
    <authentication>true</authentication>
      <key><![CDATA[all_men_must_serve]]></key>
    <method><![CDATA[book_show]]></method>
  </Request>
  <book>
  <id>10762469</id>
  <title>The Leftovers</title>
  <isbn><![CDATA[0312358342]]></isbn>
  <isbn13><![CDATA[9780312358341]]></isbn13>
  <asin><![CDATA[]]></asin>
  <kindle_asin><![CDATA[B005ODY1K8]]></kindle_asin>
  <marketplace_id><![CDATA[A1F83G8C2ARO7P]]></marketplace_id>
  <country_code><![CDATA[GB]]></country_code>
  <image_url>https://images.gr-assets.com/books/1404872433m/10762469.jpg</image_url>
  <small_image_url>https://images.gr-assets.com/books/1404872433s/10762469.jpg</small_image_url>
  <publication_year>2011</publication_year>
  <publication_month>8</publication_month>
  <publication_day>30</publication_day>
  <publisher>St. Martin's Press</publisher>
  <language_code>en-US</language_code>
  <is_ebook>false</is_ebook>
  <description><![CDATA[What if — whoosh, right now, with no explanation — a number of us simply vanished? Would some of us collapse? Would others of us go on, one foot in front of the other, as we did before the world turned upside down? That's what the bewildered citizens of Mapleton, who lost many of their neighbors, friends and lovers in the event known as the Sudden Departure, have to figure out. Because nothing has been the same since it happened — not marriages, not friendships, not even the relationships between parents and children.<br /><br />Kevin Garvey, Mapleton's new mayor, wants to speed up the healing process, to bring a sense of renewed hope and purpose to his traumatized community. Kevin's own family has fallen apart in the wake of the disaster: his wife, Laurie, has left to join the Guilty Remnant, a homegrown cult whose members take a vow of silence; his son, Tom, is gone, too, dropping out of college to follow a sketchy prophet named Holy Wayne. Only Kevin's teenaged daughter, Jill, remains, and she's definitely not the sweet "A" student she used to be. Kevin wants to help her, but he's distracted by his growing relationship with Nora Durst, a woman who lost her entire family on October 14th and is still reeling from the tragedy, even as she struggles to move beyond it and make a new start.<br /><br />With heart, intelligence and a rare ability to illuminate the struggles inherent in ordinary lives, Tom Perrotta has written a startling, thought-provoking novel about love, connection and loss.]]></description>
  <work>
  <id type="integer">15455523</id>
  <books_count type="integer">53</books_count>
  <best_book_id type="integer">10762469</best_book_id>
  <reviews_count type="integer">70000</reviews_count>
  <ratings_sum type="integer">122637</ratings_sum>
  <ratings_count type="integer">36320</ratings_count>
  <text_reviews_count type="integer">5100</text_reviews_count>
  <original_publication_year type="integer">2011</original_publication_year>
  <original_publication_month type="integer">8</original_publication_month>
  <original_publication_day type="integer">11</original_publication_day>
  <original_title>The Leftovers</original_title>
  <original_language_id type="integer" nil="true"/>
  <media_type>book</media_type>
  <rating_dist>5:3970|4:12918|3:13445|2:4793|1:1194|total:36320</rating_dist>
  <desc_user_id type="integer">2231905</desc_user_id>
  <default_chaptering_book_id type="integer" nil="true"/>
  <default_description_language_code nil="true"/>
</work>
  <average_rating>3.38</average_rating>
  <num_pages><![CDATA[355]]></num_pages>
  <format><![CDATA[Hardcover]]></format>
  <edition_information><![CDATA[]]></edition_information>
  <ratings_count><![CDATA[31609]]></ratings_count>
  <text_reviews_count><![CDATA[4577]]></text_reviews_count>
  <url><![CDATA[https://www.goodreads.com/book/show/10762469-the-leftovers]]></url>
  <link><![CDATA[https://www.goodreads.com/book/show/10762469-the-leftovers]]></link>
  <authors>
<author>
<id>15907</id>
<name>Tom Perrotta</name>
<role></role>
<image_url nophoto='false'>
<![CDATA[https://images.gr-assets.com/authors/1204163131p5/15907.jpg]]>
</image_url>
<small_image_url nophoto='false'>
<![CDATA[https://images.gr-assets.com/authors/1204163131p2/15907.jpg]]>
</small_image_url>
<link><![CDATA[https://www.goodreads.com/author/show/15907.Tom_Perrotta]]></link>
<average_rating>3.48</average_rating>
<ratings_count>100315</ratings_count>
<text_reviews_count>11605</text_reviews_count>
</author>
</authors>

    <reviews_widget>
      <![CDATA[
        <style>
  #goodreads-widget {
    font-family: georgia, serif;
    padding: 18px 0;
    width:565px;
  }
  #goodreads-widget h1 {
    font-weight:normal;
    font-size: 16px;
    border-bottom: 1px solid #BBB596;
    margin-bottom: 0;
  }
  #goodreads-widget a {
    text-decoration: none;
    color:#660;
  }
  iframe{
    background-color: #fff;
  }
  #goodreads-widget a:hover { text-decoration: underline; }
  #goodreads-widget a:active {
    color:#660;
  }
  #gr_footer {
    width: 100%;
    border-top: 1px solid #BBB596;
    text-align: right;
  }
  #goodreads-widget .gr_branding{
    color: #382110;
    font-size: 11px;
    text-decoration: none;
    font-family: "Helvetica Neue", Helvetica, Arial, sans-serif;
  }
</style>
<div id="goodreads-widget">
  <div id="gr_header"><h1><a rel="nofollow" href="https://www.goodreads.com/book/show/10762469-the-leftovers">The Leftovers Reviews</a></h1></div>
  <iframe id="the_iframe" src="https://www.goodreads.com/api/reviews_widget_iframe?did=DEVELOPER_ID&amp;format=html&amp;isbn=0312358342&amp;links=660&amp;min_rating=&amp;review_back=fff&amp;stars=000&amp;text=000" width="565" height="400" frameborder="0"></iframe>
  <div id="gr_footer">
    <a class="gr_branding" target="_blank" rel="nofollow" href="https://www.goodreads.com/book/show/10762469-the-leftovers?utm_medium=api&amp;utm_source=reviews_widget">Reviews from Goodreads.com</a>
  </div>
</div>

      ]]>
    </reviews_widget>
  <popular_shelves>
      <shelf name="to-read" count="4871"/>
      <shelf name="fiction" count="966"/>
      <shelf name="book-club" count="224"/>
      <shelf name="fantasy" count="161"/>
      <shelf name="science-fiction" count="125"/>
      <shelf name="kindle" count="114"/>
      <shelf name="dystopia" count="114"/>
      <shelf name="favorites" count="110"/>
      <shelf name="contemporary" count="90"/>
      <shelf name="sci-fi" count="90"/>
      <shelf name="audiobook" count="82"/>
      <shelf name="contemporary-fiction" count="79"/>
      <shelf name="adult-fiction" count="77"/>
      <shelf name="books-i-own" count="74"/>
      <shelf name="owned" count="73"/>
      <shelf name="read-in-2014" count="68"/>
      <shelf name="audio" count="67"/>
      <shelf name="adult" count="65"/>
      <shelf name="audiobooks" count="65"/>
      <shelf name="post-apocalyptic" count="63"/>
      <shelf name="first-reads" count="60"/>
      <shelf name="literary-fiction" count="57"/>
      <shelf name="novels" count="52"/>
      <shelf name="read-in-2012" count="48"/>
      <shelf name="to-buy" count="48"/>
      <shelf name="religion" count="48"/>
      <shelf name="audio-books" count="44"/>
      <shelf name="ebook" count="44"/>
      <shelf name="abandoned" count="40"/>
      <shelf name="dystopian" count="39"/>
      <shelf name="read-in-2011" count="39"/>
      <shelf name="general-fiction" count="37"/>
      <shelf name="library" count="33"/>
      <shelf name="read-in-2015" count="32"/>
      <shelf name="read-2012" count="32"/>
      <shelf name="bookclub" count="32"/>
      <shelf name="audio-book" count="31"/>
      <shelf name="wish-list" count="31"/>
      <shelf name="mystery" count="30"/>
      <shelf name="novel" count="29"/>
      <shelf name="literature" count="27"/>
      <shelf name="literary" count="27"/>
      <shelf name="did-not-finish" count="26"/>
      <shelf name="apocalyptic" count="26"/>
      <shelf name="drama" count="26"/>
      <shelf name="owned-books" count="25"/>
      <shelf name="family" count="24"/>
      <shelf name="2014-reads" count="23"/>
      <shelf name="read-2014" count="23"/>
      <shelf name="unfinished" count="23"/>
      <shelf name="speculative-fiction" count="23"/>
      <shelf name="sci-fi-fantasy" count="21"/>
      <shelf name="ebooks" count="21"/>
      <shelf name="didn-t-finish" count="19"/>
      <shelf name="to-read-fiction" count="18"/>
      <shelf name="maybe" count="18"/>
      <shelf name="default" count="17"/>
      <shelf name="rapture" count="17"/>
      <shelf name="library-books" count="17"/>
      <shelf name="read-in-2016" count="16"/>
      <shelf name="nook" count="16"/>
      <shelf name="scifi" count="16"/>
      <shelf name="grief" count="15"/>
      <shelf name="library-book" count="15"/>
      <shelf name="audible" count="15"/>
      <shelf name="borrowed" count="15"/>
      <shelf name="end-of-the-world" count="15"/>
      <shelf name="read-in-2013" count="14"/>
      <shelf name="2012-books" count="14"/>
      <shelf name="modern-fiction" count="14"/>
      <shelf name="recommended" count="14"/>
      <shelf name="gave-up" count="14"/>
      <shelf name="fiction-to-read" count="14"/>
      <shelf name="tom-perrotta" count="14"/>
      <shelf name="read-in-2017" count="13"/>
      <shelf name="book-club-books" count="13"/>
      <shelf name="apocalypse" count="13"/>
      <shelf name="dnf" count="13"/>
      <shelf name="american" count="13"/>
      <shelf name="reviewed" count="13"/>
      <shelf name="i-own" count="13"/>
      <shelf name="read-2011" count="13"/>
      <shelf name="relationships" count="13"/>
      <shelf name="2014-books" count="12"/>
      <shelf name="suburbia" count="12"/>
      <shelf name="scifi-fantasy" count="12"/>
      <shelf name="finished" count="12"/>
      <shelf name="post-apocalypse" count="12"/>
      <shelf name="shelfari-wishlist" count="11"/>
      <shelf name="apocalyptic-anxiety" count="11"/>
      <shelf name="2015-reading-challenge" count="11"/>
      <shelf name="magical-realism" count="11"/>
      <shelf name="gave-up-on" count="11"/>
      <shelf name="book-club-reads" count="11"/>
      <shelf name="paranormal" count="11"/>
      <shelf name="fantasy-sci-fi" count="11"/>
      <shelf name="e-books" count="11"/>
      <shelf name="my-books" count="11"/>
      <shelf name="arc" count="11"/>
      <shelf name="read-2015" count="10"/>
  </popular_shelves>
  <book_links>
    <book_link>
  <id>8</id>
  <name>Libraries</name>
  <link>https://www.goodreads.com/book_link/follow/8</link>
</book_link>

  </book_links>
  <buy_links>
    <buy_link>
<id>1</id>
<name>Amazon</name>
<link>https://www.goodreads.com/book_link/follow/1</link>
</buy_link>
<buy_link>
<id>10</id>
<name>Audible</name>
<link>https://www.goodreads.com/book_link/follow/10</link>
</buy_link>
<buy_link>
<id>3</id>
<name>Barnes &amp; Noble</name>
<link>https://www.goodreads.com/book_link/follow/3</link>
</buy_link>
<buy_link>
<id>1027</id>
<name>Kobo</name>
<link>https://www.goodreads.com/book_link/follow/1027</link>
</buy_link>
<buy_link>
<id>2102</id>
<name>Apple iBooks</name>
<link>https://www.goodreads.com/book_link/follow/2102</link>
</buy_link>
<buy_link>
<id>8036</id>
<name>Google Play</name>
<link>https://www.goodreads.com/book_link/follow/8036</link>
</buy_link>
<buy_link>
<id>4</id>
<name>Abebooks</name>
<link>https://www.goodreads.com/book_link/follow/4</link>
</buy_link>
<buy_link>
<id>882</id>
<name>Book Depository</name>
<link>https://www.goodreads.com/book_link/follow/882</link>
</buy_link>
<buy_link>
<id>9</id>
<name>Indigo</name>
<link>https://www.goodreads.com/book_link/follow/9</link>
</buy_link>
<buy_link>
<id>2</id>
<name>Half.com</name>
<link>https://www.goodreads.com/book_link/follow/2</link>
</buy_link>
<buy_link>
<id>5</id>
<name>Alibris</name>
<link>https://www.goodreads.com/book_link/follow/5</link>
</buy_link>
<buy_link>
<id>107</id>
<name>Better World Books</name>
<link>https://www.goodreads.com/book_link/follow/107</link>
</buy_link>
<buy_link>
<id>7</id>
<name>IndieBound</name>
<link>https://www.goodreads.com/book_link/follow/7</link>
</buy_link>

  </buy_links>
  <series_works>
    
  </series_works>
  <similar_books>
          <book>
<id>552002</id>
<title>The Wanderer&apos;s Necklace</title>
<title_without_series>The Wanderer&apos;s Necklace</title_without_series>
<link><![CDATA[https://www.goodreads.com/book/show/552002.The_Wanderer_s_Necklace]]></link>
<small_image_url><![CDATA[https://s.gr-assets.com/assets/nophoto/book/50x75-a91bf249278a81aabab721ef782c4a74.png]]></small_image_url>
<image_url><![CDATA[https://s.gr-assets.com/assets/nophoto/book/111x148-bcc042a9c91a29c1d680899eff700a03.png]]></image_url>
<num_pages>280</num_pages>
<work>
<id>2154577</id>
</work>
<isbn>1600961665</isbn>
<isbn13>9781600961663</isbn13>
<average_rating>3.63</average_rating>
<ratings_count>270</ratings_count>
<publication_year>2008</publication_year>
<publication_month>7</publication_month>
<publication_day>1</publication_day>
<authors>
<author>
<id>4633123</id>
<name>H. Rider Haggard</name>
<link><![CDATA[https://www.goodreads.com/author/show/4633123.H_Rider_Haggard]]></link>
</author>
</authors>
</book>

          <book>
<id>10364994</id>
<title>The Submission</title>
<title_without_series>The Submission</title_without_series>
<link><![CDATA[https://www.goodreads.com/book/show/10364994-the-submission]]></link>
<small_image_url><![CDATA[https://s.gr-assets.com/assets/nophoto/book/50x75-a91bf249278a81aabab721ef782c4a74.png]]></small_image_url>
<image_url><![CDATA[https://s.gr-assets.com/assets/nophoto/book/111x148-bcc042a9c91a29c1d680899eff700a03.png]]></image_url>
<num_pages>300</num_pages>
<work>
<id>15268147</id>
</work>
<isbn>0374271569</isbn>
<isbn13>9780374271565</isbn13>
<average_rating>3.66</average_rating>
<ratings_count>11170</ratings_count>
<publication_year>2011</publication_year>
<publication_month>8</publication_month>
<publication_day>16</publication_day>
<authors>
<author>
<id>4619232</id>
<name>Amy Waldman</name>
<link><![CDATA[https://www.goodreads.com/author/show/4619232.Amy_Waldman]]></link>
</author>
</authors>
</book>

          <book>
<id>10733655</id>
<title>The Grief of Others</title>
<title_without_series>The Grief of Others</title_without_series>
<link><![CDATA[https://www.goodreads.com/book/show/10733655-the-grief-of-others]]></link>
<small_image_url><![CDATA[https://images.gr-assets.com/books/1311706022s/10733655.jpg]]></small_image_url>
<image_url><![CDATA[https://images.gr-assets.com/books/1311706022m/10733655.jpg]]></image_url>
<num_pages></num_pages>
<work>
<id>15644535</id>
</work>
<isbn>1594488053</isbn>
<isbn13>9781594488054</isbn13>
<average_rating>3.34</average_rating>
<ratings_count>2497</ratings_count>
<publication_year></publication_year>
<publication_month></publication_month>
<publication_day></publication_day>
<authors>
<author>
<id>180363</id>
<name>Leah Hager Cohen</name>
<link><![CDATA[https://www.goodreads.com/author/show/180363.Leah_Hager_Cohen]]></link>
</author>
</authors>
</book>

          <book>
<id>3393470</id>
<title><![CDATA[Confessions of a Counterfeit Farm Girl: A Memoir]]></title>
<title_without_series><![CDATA[Confessions of a Counterfeit Farm Girl: A Memoir]]></title_without_series>
<link><![CDATA[https://www.goodreads.com/book/show/3393470-confessions-of-a-counterfeit-farm-girl]]></link>
<small_image_url><![CDATA[https://images.gr-assets.com/books/1311703910s/3393470.jpg]]></small_image_url>
<image_url><![CDATA[https://images.gr-assets.com/books/1311703910m/3393470.jpg]]></image_url>
<num_pages></num_pages>
<work>
<id>3433344</id>
</work>
<isbn>0451224930</isbn>
<isbn13>9780451224934</isbn13>
<average_rating>2.78</average_rating>
<ratings_count>1117</ratings_count>
<publication_year></publication_year>
<publication_month></publication_month>
<publication_day></publication_day>
<authors>
<author>
<id>1429974</id>
<name>Susan McCorkindale</name>
<link><![CDATA[https://www.goodreads.com/author/show/1429974.Susan_McCorkindale]]></link>
</author>
</authors>
</book>

          <book>
<id>8472655</id>
<title>The Illumination</title>
<title_without_series>The Illumination</title_without_series>
<link><![CDATA[https://www.goodreads.com/book/show/8472655-the-illumination]]></link>
<small_image_url><![CDATA[https://images.gr-assets.com/books/1320397213s/8472655.jpg]]></small_image_url>
<image_url><![CDATA[https://images.gr-assets.com/books/1320397213m/8472655.jpg]]></image_url>
<num_pages>272</num_pages>
<work>
<id>13337362</id>
</work>
<isbn>0375425314</isbn>
<isbn13>9780375425318</isbn13>
<average_rating>3.38</average_rating>
<ratings_count>3115</ratings_count>
<publication_year>2011</publication_year>
<publication_month>2</publication_month>
<publication_day>1</publication_day>
<authors>
<author>
<id>16967</id>
<name>Kevin Brockmeier</name>
<link><![CDATA[https://www.goodreads.com/author/show/16967.Kevin_Brockmeier]]></link>
</author>
</authors>
</book>

          <book>
<id>8979518</id>
<title>The Year We Left Home</title>
<title_without_series>The Year We Left Home</title_without_series>
<link><![CDATA[https://www.goodreads.com/book/show/8979518-the-year-we-left-home]]></link>
<small_image_url><![CDATA[https://images.gr-assets.com/books/1327883554s/8979518.jpg]]></small_image_url>
<image_url><![CDATA[https://images.gr-assets.com/books/1327883554m/8979518.jpg]]></image_url>
<num_pages>325</num_pages>
<work>
<id>14617268</id>
</work>
<isbn>1439175888</isbn>
<isbn13>9781439175880</isbn13>
<average_rating>3.40</average_rating>
<ratings_count>5584</ratings_count>
<publication_year></publication_year>
<publication_month></publication_month>
<publication_day></publication_day>
<authors>
<author>
<id>170967</id>
<name>Jean Thompson</name>
<link><![CDATA[https://www.goodreads.com/author/show/170967.Jean_Thompson]]></link>
</author>
</authors>
</book>

          <book>
<id>9993143</id>
<title>The Winters in Bloom</title>
<title_without_series>The Winters in Bloom</title_without_series>
<link><![CDATA[https://www.goodreads.com/book/show/9993143-the-winters-in-bloom]]></link>
<small_image_url><![CDATA[https://images.gr-assets.com/books/1304470977s/9993143.jpg]]></small_image_url>
<image_url><![CDATA[https://images.gr-assets.com/books/1304470977m/9993143.jpg]]></image_url>
<num_pages>288</num_pages>
<work>
<id>14887943</id>
</work>
<isbn>1416575405</isbn>
<isbn13>9781416575405</isbn13>
<average_rating>3.31</average_rating>
<ratings_count>1042</ratings_count>
<publication_year>2011</publication_year>
<publication_month>9</publication_month>
<publication_day>13</publication_day>
<authors>
<author>
<id>8025</id>
<name>Lisa Tucker</name>
<link><![CDATA[https://www.goodreads.com/author/show/8025.Lisa_Tucker]]></link>
</author>
</authors>
</book>

          <book>
<id>9271896</id>
<title>The Tragedy of Arthur</title>
<title_without_series>The Tragedy of Arthur</title_without_series>
<link><![CDATA[https://www.goodreads.com/book/show/9271896-the-tragedy-of-arthur]]></link>
<small_image_url><![CDATA[https://images.gr-assets.com/books/1382094161s/9271896.jpg]]></small_image_url>
<image_url><![CDATA[https://images.gr-assets.com/books/1382094161m/9271896.jpg]]></image_url>
<num_pages>368</num_pages>
<work>
<id>14153607</id>
</work>
<isbn>1400066476</isbn>
<isbn13>9781400066476</isbn13>
<average_rating>3.45</average_rating>
<ratings_count>2710</ratings_count>
<publication_year>2011</publication_year>
<publication_month>4</publication_month>
<publication_day>19</publication_day>
<authors>
<author>
<id>16223</id>
<name>Arthur Phillips</name>
<link><![CDATA[https://www.goodreads.com/author/show/16223.Arthur_Phillips]]></link>
</author>
</authors>
</book>

          <book>
<id>12853341</id>
<title>Birds of Paradise</title>
<title_without_series>Birds of Paradise</title_without_series>
<link><![CDATA[https://www.goodreads.com/book/show/12853341-birds-of-paradise]]></link>
<small_image_url><![CDATA[https://images.gr-assets.com/books/1338411859s/12853341.jpg]]></small_image_url>
<image_url><![CDATA[https://images.gr-assets.com/books/1338411859m/12853341.jpg]]></image_url>
<num_pages>362</num_pages>
<work>
<id>15751449</id>
</work>
<isbn>039334259X</isbn>
<isbn13>9780393342598</isbn13>
<average_rating>3.31</average_rating>
<ratings_count>1417</ratings_count>
<publication_year>2012</publication_year>
<publication_month>5</publication_month>
<publication_day>7</publication_day>
<authors>
<author>
<id>6330</id>
<name>Diana Abu-Jaber</name>
<link><![CDATA[https://www.goodreads.com/author/show/6330.Diana_Abu_Jaber]]></link>
</author>
</authors>
</book>

          <book>
<id>10796814</id>
<title>American Boy</title>
<title_without_series>American Boy</title_without_series>
<link><![CDATA[https://www.goodreads.com/book/show/10796814-american-boy]]></link>
<small_image_url><![CDATA[https://images.gr-assets.com/books/1327927268s/10796814.jpg]]></small_image_url>
<image_url><![CDATA[https://images.gr-assets.com/books/1327927268m/10796814.jpg]]></image_url>
<num_pages>224</num_pages>
<work>
<id>15709470</id>
</work>
<isbn>1571310789</isbn>
<isbn13>9781571310781</isbn13>
<average_rating>3.59</average_rating>
<ratings_count>1203</ratings_count>
<publication_year>2011</publication_year>
<publication_month>9</publication_month>
<publication_day>13</publication_day>
<authors>
<author>
<id>86711</id>
<name>Larry Watson</name>
<link><![CDATA[https://www.goodreads.com/author/show/86711.Larry_Watson]]></link>
</author>
</authors>
</book>

          <book>
<id>10765349</id>
<title>The Orphan Sister</title>
<title_without_series>The Orphan Sister</title_without_series>
<link><![CDATA[https://www.goodreads.com/book/show/10765349-the-orphan-sister]]></link>
<small_image_url><![CDATA[https://images.gr-assets.com/books/1411958124s/10765349.jpg]]></small_image_url>
<image_url><![CDATA[https://images.gr-assets.com/books/1411958124m/10765349.jpg]]></image_url>
<num_pages></num_pages>
<work>
<id>15676773</id>
</work>
<isbn>1451623682</isbn>
<isbn13>9781451623680</isbn13>
<average_rating>3.11</average_rating>
<ratings_count>1100</ratings_count>
<publication_year></publication_year>
<publication_month></publication_month>
<publication_day></publication_day>
<authors>
<author>
<id>507640</id>
<name>Gwendolen Gross</name>
<link><![CDATA[https://www.goodreads.com/author/show/507640.Gwendolen_Gross]]></link>
</author>
</authors>
</book>

          <book>
<id>9592213</id>
<title>Faith</title>
<title_without_series>Faith</title_without_series>
<link><![CDATA[https://www.goodreads.com/book/show/9592213-faith]]></link>
<small_image_url><![CDATA[https://s.gr-assets.com/assets/nophoto/book/50x75-a91bf249278a81aabab721ef782c4a74.png]]></small_image_url>
<image_url><![CDATA[https://s.gr-assets.com/assets/nophoto/book/111x148-bcc042a9c91a29c1d680899eff700a03.png]]></image_url>
<num_pages>322</num_pages>
<work>
<id>14479209</id>
</work>
<isbn>0060755806</isbn>
<isbn13>9780060755805</isbn13>
<average_rating>3.83</average_rating>
<ratings_count>11873</ratings_count>
<publication_year></publication_year>
<publication_month></publication_month>
<publication_day></publication_day>
<authors>
<author>
<id>41209</id>
<name>Jennifer Haigh</name>
<link><![CDATA[https://www.goodreads.com/author/show/41209.Jennifer_Haigh]]></link>
</author>
</authors>
</book>

          <book>
<id>9498875</id>
<title>The Lonely Polygamist</title>
<title_without_series>The Lonely Polygamist</title_without_series>
<link><![CDATA[https://www.goodreads.com/book/show/9498875-the-lonely-polygamist]]></link>
<small_image_url><![CDATA[https://images.gr-assets.com/books/1327886093s/9498875.jpg]]></small_image_url>
<image_url><![CDATA[https://images.gr-assets.com/books/1327886093m/9498875.jpg]]></image_url>
<num_pages>602</num_pages>
<work>
<id>7178069</id>
</work>
<isbn>0393339718</isbn>
<isbn13>9780393339710</isbn13>
<average_rating>3.50</average_rating>
<ratings_count>13773</ratings_count>
<publication_year>2011</publication_year>
<publication_month>5</publication_month>
<publication_day>9</publication_day>
<authors>
<author>
<id>97389</id>
<name>Brady Udall</name>
<link><![CDATA[https://www.goodreads.com/author/show/97389.Brady_Udall]]></link>
</author>
</authors>
</book>

          <book>
<id>9663287</id>
<title>The Great Night</title>
<title_without_series>The Great Night</title_without_series>
<link><![CDATA[https://www.goodreads.com/book/show/9663287-the-great-night]]></link>
<small_image_url><![CDATA[https://s.gr-assets.com/assets/nophoto/book/50x75-a91bf249278a81aabab721ef782c4a74.png]]></small_image_url>
<image_url><![CDATA[https://s.gr-assets.com/assets/nophoto/book/111x148-bcc042a9c91a29c1d680899eff700a03.png]]></image_url>
<num_pages>292</num_pages>
<work>
<id>14550972</id>
</work>
<isbn>0374166412</isbn>
<isbn13>9780374166410</isbn13>
<average_rating>3.19</average_rating>
<ratings_count>1230</ratings_count>
<publication_year>2011</publication_year>
<publication_month>4</publication_month>
<publication_day>26</publication_day>
<authors>
<author>
<id>12177</id>
<name>Chris Adrian</name>
<link><![CDATA[https://www.goodreads.com/author/show/12177.Chris_Adrian]]></link>
</author>
</authors>
</book>

          <book>
<id>9875052</id>
<title>Ladies and Gentlemen</title>
<title_without_series>Ladies and Gentlemen</title_without_series>
<link><![CDATA[https://www.goodreads.com/book/show/9875052-ladies-and-gentlemen]]></link>
<small_image_url><![CDATA[https://images.gr-assets.com/books/1320548914s/9875052.jpg]]></small_image_url>
<image_url><![CDATA[https://images.gr-assets.com/books/1320548914m/9875052.jpg]]></image_url>
<num_pages>241</num_pages>
<work>
<id>20331042</id>
</work>
<isbn>0307270718</isbn>
<isbn13>9780307270719</isbn13>
<average_rating>3.65</average_rating>
<ratings_count>481</ratings_count>
<publication_year>2011</publication_year>
<publication_month>6</publication_month>
<publication_day>28</publication_day>
<authors>
<author>
<id>3085799</id>
<name>Adam Ross</name>
<link><![CDATA[https://www.goodreads.com/author/show/3085799.Adam_Ross]]></link>
</author>
</authors>
</book>

          <book>
<id>10673576</id>
<title>The Postmortal</title>
<title_without_series>The Postmortal</title_without_series>
<link><![CDATA[https://www.goodreads.com/book/show/10673576-the-postmortal]]></link>
<small_image_url><![CDATA[https://images.gr-assets.com/books/1311702649s/10673576.jpg]]></small_image_url>
<image_url><![CDATA[https://images.gr-assets.com/books/1311702649m/10673576.jpg]]></image_url>
<num_pages>369</num_pages>
<work>
<id>15583178</id>
</work>
<isbn>0143119826</isbn>
<isbn13>9780143119821</isbn13>
<average_rating>3.80</average_rating>
<ratings_count>7895</ratings_count>
<publication_year>2011</publication_year>
<publication_month>8</publication_month>
<publication_day>30</publication_day>
<authors>
<author>
<id>1616154</id>
<name>Drew Magary</name>
<link><![CDATA[https://www.goodreads.com/author/show/1616154.Drew_Magary]]></link>
</author>
</authors>
</book>

          <book>
<id>10870053</id>
<title>Lost Memory of Skin</title>
<title_without_series>Lost Memory of Skin</title_without_series>
<link><![CDATA[https://www.goodreads.com/book/show/10870053-lost-memory-of-skin]]></link>
<small_image_url><![CDATA[https://s.gr-assets.com/assets/nophoto/book/50x75-a91bf249278a81aabab721ef782c4a74.png]]></small_image_url>
<image_url><![CDATA[https://s.gr-assets.com/assets/nophoto/book/111x148-bcc042a9c91a29c1d680899eff700a03.png]]></image_url>
<num_pages>417</num_pages>
<work>
<id>15785308</id>
</work>
<isbn>0061857637</isbn>
<isbn13>9780061857638</isbn13>
<average_rating>3.58</average_rating>
<ratings_count>5721</ratings_count>
<publication_year>2011</publication_year>
<publication_month>9</publication_month>
<publication_day>27</publication_day>
<authors>
<author>
<id>15128</id>
<name>Russell Banks</name>
<link><![CDATA[https://www.goodreads.com/author/show/15128.Russell_Banks]]></link>
</author>
</authors>
</book>

          <book>
<id>6734417</id>
<title><![CDATA[36 Arguments for the Existence of God: A Work of Fiction]]></title>
<title_without_series><![CDATA[36 Arguments for the Existence of God: A Work of Fiction]]></title_without_series>
<link><![CDATA[https://www.goodreads.com/book/show/6734417-36-arguments-for-the-existence-of-god]]></link>
<small_image_url><![CDATA[https://images.gr-assets.com/books/1320519570s/6734417.jpg]]></small_image_url>
<image_url><![CDATA[https://images.gr-assets.com/books/1320519570m/6734417.jpg]]></image_url>
<num_pages></num_pages>
<work>
<id>6930684</id>
</work>
<isbn>0307378187</isbn>
<isbn13>9780307378187</isbn13>
<average_rating>3.52</average_rating>
<ratings_count>1838</ratings_count>
<publication_year></publication_year>
<publication_month></publication_month>
<publication_day></publication_day>
<authors>
<author>
<id>8107</id>
<name>Rebecca Goldstein</name>
<link><![CDATA[https://www.goodreads.com/author/show/8107.Rebecca_Goldstein]]></link>
</author>
</authors>
</book>

  </similar_books>
</book>

</GoodreadsResponse>