<?xml version="1.0" encoding="UTF-8"?>
<GoodreadsResponse>
  <Request>
    <authentication>true</authentication>
      <key><![CDATA[all_men_must_serve]]></key>
    <method><![CDATA[book_show]]></method>
  </Request>
  <book>
  <id>10762697</id>
  <title><![CDATA[The Farseer Trilogy (Farseer Trilogy #1-3)]]></title>
  <isbn><![CDATA[1780481012]]></isbn>
  <isbn13><![CDATA[9781780481012]]></isbn13>
  <asin><![CDATA[]]></asin>
  <kindle_asin><![CDATA[]]></kindle_asin>
  <marketplace_id><![CDATA[]]></marketplace_id>
  <country_code><![CDATA[GB]]></country_code>
  <image_url>https://images.gr-assets.com/books/1447493572m/10762697.jpg</image_url>
  <small_image_url>https://images.gr-assets.com/books/1447493572s/10762697.jpg</small_image_url>
  <publication_year>2013</publication_year>
  <publication_month></publication_month>
  <publication_day></publication_day>
  <publisher>Harper Voyager</publisher>
  <language_code>eng</language_code>
  <is_ebook>false</is_ebook>
  <description><![CDATA[This bundle includes Assassin’s Apprentice (book one), Royal Assassin (book two) and Assassin’s Quest (book three).<br /><br />In a faraway land where members of the royal family are named for the virtues they embody, one young boy will become a walking enigma.<br /><br />Born on the wrong side of the sheets, Fitz, son of Chivalry Farseer, is a royal bastard cast out into the world friendless and lonely. Only his magical link with animals – the old art known as the Wit – gives him solace and companionship. But the Wit, if used too often, is a perilous magic, and one abhorred by the nobility.<br /><br />So when Fitz is finally adopted into the royal household, he must give up his old ways and embrace a new life of weaponry, scribing, courtly manners; and how to kill a man secretly, as he trains to become a royal assassin…<br /><br />Enter the extraordinary world of Robin Hobb’s magnificent Farseer Trilogy.]]></description>
  <work>
  <id type="integer">15674065</id>
  <books_count type="integer">10</books_count>
  <best_book_id type="integer">10762697</best_book_id>
  <reviews_count type="integer">21062</reviews_count>
  <ratings_sum type="integer">67348</ratings_sum>
  <ratings_count type="integer">15542</ratings_count>
  <text_reviews_count type="integer">254</text_reviews_count>
  <original_publication_year type="integer">2011</original_publication_year>
  <original_publication_month type="integer">5</original_publication_month>
  <original_publication_day type="integer">16</original_publication_day>
  <original_title></original_title>
  <original_language_id type="integer" nil="true"/>
  <media_type>book</media_type>
  <rating_dist>5:8303|4:4846|3:1841|2:374|1:178|total:15542</rating_dist>
  <desc_user_id type="integer" nil="true"/>
  <default_chaptering_book_id type="integer" nil="true"/>
  <default_description_language_code nil="true"/>
</work>
  <average_rating>4.33</average_rating>
  <num_pages><![CDATA[1952]]></num_pages>
  <format><![CDATA[Paperback]]></format>
  <edition_information><![CDATA[]]></edition_information>
  <ratings_count><![CDATA[14317]]></ratings_count>
  <text_reviews_count><![CDATA[213]]></text_reviews_count>
  <url><![CDATA[https://www.goodreads.com/book/show/10762697-the-farseer-trilogy]]></url>
  <link><![CDATA[https://www.goodreads.com/book/show/10762697-the-farseer-trilogy]]></link>
  <authors>
<author>
<id>25307</id>
<name>Robin Hobb</name>
<role></role>
<image_url nophoto='false'>
<![CDATA[https://images.gr-assets.com/authors/1397885202p5/25307.jpg]]>
</image_url>
<small_image_url nophoto='false'>
<![CDATA[https://images.gr-assets.com/authors/1397885202p2/25307.jpg]]>
</small_image_url>
<link><![CDATA[https://www.goodreads.com/author/show/25307.Robin_Hobb]]></link>
<average_rating>4.17</average_rating>
<ratings_count>852354</ratings_count>
<text_reviews_count>31059</text_reviews_count>
</author>
</authors>

    <reviews_widget>
      <![CDATA[
        <style>
  #goodreads-widget {
    font-family: georgia, serif;
    padding: 18px 0;
    width:565px;
  }
  #goodreads-widget h1 {
    font-weight:normal;
    font-size: 16px;
    border-bottom: 1px solid #BBB596;
    margin-bottom: 0;
  }
  #goodreads-widget a {
    text-decoration: none;
    color:#660;
  }
  iframe{
    background-color: #fff;
  }
  #goodreads-widget a:hover { text-decoration: underline; }
  #goodreads-widget a:active {
    color:#660;
  }
  #gr_footer {
    width: 100%;
    border-top: 1px solid #BBB596;
    text-align: right;
  }
  #goodreads-widget .gr_branding{
    color: #382110;
    font-size: 11px;
    text-decoration: none;
    font-family: "Helvetica Neue", Helvetica, Arial, sans-serif;
  }
</style>
<div id="goodreads-widget">
  <div id="gr_header"><h1><a rel="nofollow" href="https://www.goodreads.com/book/show/10762697-the-farseer-trilogy">The Farseer Trilogy Reviews</a></h1></div>
  <iframe id="the_iframe" src="https://www.goodreads.com/api/reviews_widget_iframe?did=DEVELOPER_ID&amp;format=html&amp;isbn=1780481012&amp;links=660&amp;min_rating=&amp;review_back=fff&amp;stars=000&amp;text=000" width="565" height="400" frameborder="0"></iframe>
  <div id="gr_footer">
    <a class="gr_branding" target="_blank" rel="nofollow" href="https://www.goodreads.com/book/show/10762697-the-farseer-trilogy?utm_medium=api&amp;utm_source=reviews_widget">Reviews from Goodreads.com</a>
  </div>
</div>

      ]]>
    </reviews_widget>
  <popular_shelves>
      <shelf name="to-read" count="4050"/>
      <shelf name="fantasy" count="386"/>
      <shelf name="currently-reading" count="200"/>
      <shelf name="favorites" count="96"/>
      <shelf name="fiction" count="28"/>
      <shelf name="epic-fantasy" count="24"/>
      <shelf name="favourites" count="14"/>
      <shelf name="series" count="14"/>
      <shelf name="robin-hobb" count="13"/>
      <shelf name="high-fantasy" count="11"/>
      <shelf name="sci-fi-fantasy" count="9"/>
      <shelf name="owned" count="9"/>
      <shelf name="fantasy-sci-fi" count="7"/>
      <shelf name="ebooks" count="6"/>
      <shelf name="dragons" count="5"/>
      <shelf name="assassin" count="5"/>
      <shelf name="assassins" count="5"/>
      <shelf name="epic" count="4"/>
      <shelf name="scifi-fantasy" count="4"/>
      <shelf name="adventure" count="4"/>
      <shelf name="magic" count="4"/>
      <shelf name="wish-list" count="4"/>
      <shelf name="all-time-favourites" count="4"/>
      <shelf name="kindle" count="4"/>
      <shelf name="favs" count="3"/>
      <shelf name="best-fantasy" count="3"/>
      <shelf name="audiobooks" count="3"/>
      <shelf name="fantasy-to-read" count="3"/>
      <shelf name="classic-fantasy" count="3"/>
      <shelf name="fantasy-series" count="3"/>
      <shelf name="favourite" count="3"/>
      <shelf name="favorite-fantasy" count="3"/>
      <shelf name="favorite-books" count="3"/>
      <shelf name="english" count="3"/>
      <shelf name="to-buy" count="3"/>
      <shelf name="e-book" count="2"/>
      <shelf name="must-read" count="2"/>
      <shelf name="to-read-prn_fantasy" count="2"/>
      <shelf name="fantasy-novels" count="2"/>
      <shelf name="ebook" count="2"/>
      <shelf name="shelfari-favorites" count="2"/>
      <shelf name="enjoyed" count="2"/>
      <shelf name="all-time-favorites" count="2"/>
      <shelf name="speculative-fiction" count="2"/>
      <shelf name="unfinished" count="2"/>
      <shelf name="re-reading" count="2"/>
      <shelf name="fantasy-and-sci-fi" count="2"/>
      <shelf name="books" count="2"/>
      <shelf name="done" count="2"/>
      <shelf name="novels" count="2"/>
      <shelf name="tbr" count="2"/>
      <shelf name="assassins-and-spies" count="2"/>
      <shelf name="already-read" count="2"/>
      <shelf name="not-interested" count="2"/>
      <shelf name="my-library" count="2"/>
      <shelf name="1" count="2"/>
      <shelf name="need-to-read-next" count="2"/>
      <shelf name="best-of-the-best" count="2"/>
      <shelf name="mine" count="2"/>
      <shelf name="fantasy-scifi" count="2"/>
      <shelf name="all-time-faves" count="2"/>
      <shelf name="other" count="2"/>
      <shelf name="reread" count="2"/>
      <shelf name="fantasy-favorites" count="2"/>
      <shelf name="fanasty" count="2"/>
      <shelf name="bought" count="2"/>
      <shelf name="owned-books" count="2"/>
      <shelf name="mymap" count="2"/>
      <shelf name="read-fantasy" count="2"/>
      <shelf name="books-i-own" count="2"/>
      <shelf name="sci-fi-and-fantasy" count="2"/>
      <shelf name="to-read-fantasy" count="2"/>
      <shelf name="challenge" count="2"/>
      <shelf name="omnibus" count="2"/>
      <shelf name="best" count="2"/>
      <shelf name="recommended" count="2"/>
      <shelf name="hobb-robin" count="2"/>
      <shelf name="read-more-than-once" count="2"/>
      <shelf name="tbr-shelf-owned" count="1"/>
      <shelf name="fictioln" count="1"/>
      <shelf name="to-read-have" count="1"/>
      <shelf name="trigger-warning" count="1"/>
      <shelf name="female-genre-authors" count="1"/>
      <shelf name="adam" count="1"/>
      <shelf name="123" count="1"/>
      <shelf name="owned-and-unread" count="1"/>
      <shelf name="21st-century-lit" count="1"/>
      <shelf name="mystical" count="1"/>
      <shelf name="magical" count="1"/>
      <shelf name="intriguing" count="1"/>
      <shelf name="intense" count="1"/>
      <shelf name="heart-shattering" count="1"/>
      <shelf name="emotional" count="1"/>
      <shelf name="brilliant-writing" count="1"/>
      <shelf name="beautiful" count="1"/>
      <shelf name="action-packed" count="1"/>
      <shelf name="asddddddddddddddddddddddddddddd" count="1"/>
      <shelf name="cee-loves" count="1"/>
      <shelf name="alltime-fav" count="1"/>
      <shelf name="y-fantasy" count="1"/>
  </popular_shelves>
  <book_links>
    <book_link>
  <id>8</id>
  <name>Libraries</name>
  <link>https://www.goodreads.com/book_link/follow/8</link>
</book_link>

  </book_links>
  <buy_links>
    <buy_link>
<id>1</id>
<name>Amazon</name>
<link>https://www.goodreads.com/book_link/follow/1</link>
</buy_link>
<buy_link>
<id>10</id>
<name>Audible</name>
<link>https://www.goodreads.com/book_link/follow/10</link>
</buy_link>
<buy_link>
<id>3</id>
<name>Barnes &amp; Noble</name>
<link>https://www.goodreads.com/book_link/follow/3</link>
</buy_link>
<buy_link>
<id>1027</id>
<name>Kobo</name>
<link>https://www.goodreads.com/book_link/follow/1027</link>
</buy_link>
<buy_link>
<id>2102</id>
<name>Apple iBooks</name>
<link>https://www.goodreads.com/book_link/follow/2102</link>
</buy_link>
<buy_link>
<id>8036</id>
<name>Google Play</name>
<link>https://www.goodreads.com/book_link/follow/8036</link>
</buy_link>
<buy_link>
<id>4</id>
<name>Abebooks</name>
<link>https://www.goodreads.com/book_link/follow/4</link>
</buy_link>
<buy_link>
<id>882</id>
<name>Book Depository</name>
<link>https://www.goodreads.com/book_link/follow/882</link>
</buy_link>
<buy_link>
<id>9</id>
<name>Indigo</name>
<link>https://www.goodreads.com/book_link/follow/9</link>
</buy_link>
<buy_link>
<id>2</id>
<name>Half.com</name>
<link>https://www.goodreads.com/book_link/follow/2</link>
</buy_link>
<buy_link>
<id>5</id>
<name>Alibris</name>
<link>https://www.goodreads.com/book_link/follow/5</link>
</buy_link>
<buy_link>
<id>107</id>
<name>Better World Books</name>
<link>https://www.goodreads.com/book_link/follow/107</link>
</buy_link>
<buy_link>
<id>7</id>
<name>IndieBound</name>
<link>https://www.goodreads.com/book_link/follow/7</link>
</buy_link>

  </buy_links>
  <series_works>
    <series_work>
<id>844018</id>
<user_position>1-3</user_position>
<series>
<id>41452</id>
<title>
<![CDATA[
    Farseer Trilogy
]]>
</title>
<description>
<![CDATA[
    <b>Also known as:</b>
    *<i>刺客正传</i> (Chinese, simplified)
    *<i>La Trilogia dei Lungavista</i>
    *<i>Näkijän taru</i>
    *<i>Dinastija Videc</i> (Slovenian)
    
    <b>Editions with different numbering:</b>
    Containing 5 volumes in total:
    *<i>刺客正傳</i> (Chinese, traditional; sans book #1, each book is split into two volumes.)
    *<i>Farseeri triloogia</i> (Estonian; sans book #1, each book is split into two volumes.)
    *<i><a href="http://www.goodreads.com/series/65022-a-saga-do-assassino">A Saga do Assassino</a></i>
    (Portuguese; sans book #1, each book is split into two <b>separately numbered</b> parts.)
    ---
    *<i><a href="https://www.goodreads.com/series/167238-farseer-czech">Farseer</a></i> (Czech; published in 9 volumes)
    *<i><a href="https://www.goodreads.com/series/174690-vat-dico">Vatídico</a></i> (Spanish; published in 6 volumes)
    
    This series also receives a separate numbering and is combined with the <a href="https://www.goodreads.com/series/45182-tawny-man">Tawny Man</a> trilogy in French under the name: <a href="https://www.goodreads.com/series/89770-l-assassin-royal">L'assassin royal</a>.
]]>
</description>
<note>
<![CDATA[
]]>
</note>
<series_works_count>6</series_works_count>
<primary_work_count>3</primary_work_count>
<numbered>true</numbered>
</series>

</series_work>

  </series_works>
  <similar_books>
          <book>
<id>35233</id>
<title><![CDATA[The Wheel of Time: Boxed Set #1 (Wheel of Time, #1-3)]]></title>
<title_without_series><![CDATA[The Wheel of Time: Boxed Set #1]]></title_without_series>
<link><![CDATA[https://www.goodreads.com/book/show/35233.The_Wheel_of_Time]]></link>
<small_image_url><![CDATA[https://s.gr-assets.com/assets/nophoto/book/50x75-a91bf249278a81aabab721ef782c4a74.png]]></small_image_url>
<image_url><![CDATA[https://s.gr-assets.com/assets/nophoto/book/111x148-bcc042a9c91a29c1d680899eff700a03.png]]></image_url>
<num_pages>2272</num_pages>
<work>
<id>3251669</id>
</work>
<isbn>0812538366</isbn>
<isbn13>9780812538366</isbn13>
<average_rating>4.43</average_rating>
<ratings_count>13054</ratings_count>
<publication_year>1993</publication_year>
<publication_month>10</publication_month>
<publication_day>15</publication_day>
<authors>
<author>
<id>6252</id>
<name>Robert Jordan</name>
<link><![CDATA[https://www.goodreads.com/author/show/6252.Robert_Jordan]]></link>
</author>
</authors>
</book>

          <book>
<id>2041545</id>
<title><![CDATA[The Riftwar Saga (The Riftwar Saga, #1-4)]]></title>
<title_without_series>The Riftwar Saga</title_without_series>
<link><![CDATA[https://www.goodreads.com/book/show/2041545.The_Riftwar_Saga]]></link>
<small_image_url><![CDATA[https://s.gr-assets.com/assets/nophoto/book/50x75-a91bf249278a81aabab721ef782c4a74.png]]></small_image_url>
<image_url><![CDATA[https://s.gr-assets.com/assets/nophoto/book/111x148-bcc042a9c91a29c1d680899eff700a03.png]]></image_url>
<num_pages></num_pages>
<work>
<id>2046438</id>
</work>
<isbn>0553333240</isbn>
<isbn13>9780553333244</isbn13>
<average_rating>4.35</average_rating>
<ratings_count>8918</ratings_count>
<publication_year>1988</publication_year>
<publication_month>11</publication_month>
<publication_day></publication_day>
<authors>
<author>
<id>8588</id>
<name>Raymond E. Feist</name>
<link><![CDATA[https://www.goodreads.com/author/show/8588.Raymond_E_Feist]]></link>
</author>
</authors>
</book>

          <book>
<id>6122735</id>
<title><![CDATA[The Night Angel Trilogy (Night Angel, #1-3)]]></title>
<title_without_series>The Night Angel Trilogy</title_without_series>
<link><![CDATA[https://www.goodreads.com/book/show/6122735-the-night-angel-trilogy]]></link>
<small_image_url><![CDATA[https://images.gr-assets.com/books/1450327994s/6122735.jpg]]></small_image_url>
<image_url><![CDATA[https://images.gr-assets.com/books/1450327994m/6122735.jpg]]></image_url>
<num_pages>1392</num_pages>
<work>
<id>6537338</id>
</work>
<isbn>160751351X</isbn>
<isbn13>9781607513513</isbn13>
<average_rating>4.42</average_rating>
<ratings_count>19313</ratings_count>
<publication_year>2009</publication_year>
<publication_month>1</publication_month>
<publication_day></publication_day>
<authors>
<author>
<id>1370283</id>
<name>Brent Weeks</name>
<link><![CDATA[https://www.goodreads.com/author/show/1370283.Brent_Weeks]]></link>
</author>
</authors>
</book>

          <book>
<id>43885</id>
<title><![CDATA[The Sword of Truth Boxed Set II: Temple of the Winds; Soul of the Fire; Faith of the Fallen (Sword of Truth, #4-6)]]></title>
<title_without_series><![CDATA[The Sword of Truth Boxed Set II: Temple of the Winds; Soul of the Fire; Faith of the Fallen]]></title_without_series>
<link><![CDATA[https://www.goodreads.com/book/show/43885.The_Sword_of_Truth_Boxed_Set_II]]></link>
<small_image_url><![CDATA[https://images.gr-assets.com/books/1390659370s/43885.jpg]]></small_image_url>
<image_url><![CDATA[https://images.gr-assets.com/books/1390659370m/43885.jpg]]></image_url>
<num_pages></num_pages>
<work>
<id>43275</id>
</work>
<isbn>0765344947</isbn>
<isbn13>9780765344946</isbn13>
<average_rating>4.16</average_rating>
<ratings_count>6909</ratings_count>
<publication_year></publication_year>
<publication_month></publication_month>
<publication_day></publication_day>
<authors>
<author>
<id>3441</id>
<name>Terry Goodkind</name>
<link><![CDATA[https://www.goodreads.com/author/show/3441.Terry_Goodkind]]></link>
</author>
</authors>
</book>

          <book>
<id>189835</id>
<title><![CDATA[The Malloreon Boxed Set: Guardians of the West / King of the Murgos / Demon Lord of Karanda / Sorceress of Darshiva / The Seeress of Kell (The Malloreon, #1-5)]]></title>
<title_without_series><![CDATA[The Malloreon Boxed Set: Guardians of the West / King of the Murgos / Demon Lord of Karanda / Sorceress of Darshiva / The Seeress of Kell]]></title_without_series>
<link><![CDATA[https://www.goodreads.com/book/show/189835.The_Malloreon_Boxed_Set]]></link>
<small_image_url><![CDATA[https://s.gr-assets.com/assets/nophoto/book/50x75-a91bf249278a81aabab721ef782c4a74.png]]></small_image_url>
<image_url><![CDATA[https://s.gr-assets.com/assets/nophoto/book/111x148-bcc042a9c91a29c1d680899eff700a03.png]]></image_url>
<num_pages></num_pages>
<work>
<id>183520</id>
</work>
<isbn>0345379888</isbn>
<isbn13>9780345379887</isbn13>
<average_rating>4.33</average_rating>
<ratings_count>3391</ratings_count>
<publication_year></publication_year>
<publication_month></publication_month>
<publication_day></publication_day>
<authors>
<author>
<id>8732</id>
<name>David Eddings</name>
<link><![CDATA[https://www.goodreads.com/author/show/8732.David_Eddings]]></link>
</author>
</authors>
</book>

          <book>
<id>8320534</id>
<title><![CDATA[Raymond E. Feist's Magician Master]]></title>
<title_without_series><![CDATA[Raymond E. Feist's Magician Master]]></title_without_series>
<link><![CDATA[https://www.goodreads.com/book/show/8320534-raymond-e-feist-s-magician-master]]></link>
<small_image_url><![CDATA[https://s.gr-assets.com/assets/nophoto/book/50x75-a91bf249278a81aabab721ef782c4a74.png]]></small_image_url>
<image_url><![CDATA[https://s.gr-assets.com/assets/nophoto/book/111x148-bcc042a9c91a29c1d680899eff700a03.png]]></image_url>
<num_pages>120</num_pages>
<work>
<id>13169953</id>
</work>
<isbn>0785139877</isbn>
<isbn13>9780785139874</isbn13>
<average_rating>4.43</average_rating>
<ratings_count>18446</ratings_count>
<publication_year>2012</publication_year>
<publication_month>1</publication_month>
<publication_day>18</publication_day>
<authors>
<author>
<id>4350009</id>
<name>Bryan J.L. Glass</name>
<link><![CDATA[https://www.goodreads.com/author/show/4350009.Bryan_J_L_Glass]]></link>
</author>
</authors>
</book>

          <book>
<id>6604209</id>
<title><![CDATA[Mistborn Trilogy Boxed Set (Mistborn, #1-3)]]></title>
<title_without_series>Mistborn Trilogy Boxed Set</title_without_series>
<link><![CDATA[https://www.goodreads.com/book/show/6604209-mistborn-trilogy-boxed-set]]></link>
<small_image_url><![CDATA[https://images.gr-assets.com/books/1257442247s/6604209.jpg]]></small_image_url>
<image_url><![CDATA[https://images.gr-assets.com/books/1257442247m/6604209.jpg]]></image_url>
<num_pages>2201</num_pages>
<work>
<id>6798109</id>
</work>
<isbn>076536543X</isbn>
<isbn13>9780765365439</isbn13>
<average_rating>4.55</average_rating>
<ratings_count>32407</ratings_count>
<publication_year></publication_year>
<publication_month></publication_month>
<publication_day></publication_day>
<authors>
<author>
<id>38550</id>
<name>Brandon Sanderson</name>
<link><![CDATA[https://www.goodreads.com/author/show/38550.Brandon_Sanderson]]></link>
</author>
</authors>
</book>

          <book>
<id>9832370</id>
<title><![CDATA[BookRags Summary:  A Storm of Swords]]></title>
<title_without_series><![CDATA[BookRags Summary:  A Storm of Swords]]></title_without_series>
<link><![CDATA[https://www.goodreads.com/book/show/9832370-bookrags-summary]]></link>
<small_image_url><![CDATA[https://images.gr-assets.com/books/1369340463s/9832370.jpg]]></small_image_url>
<image_url><![CDATA[https://images.gr-assets.com/books/1369340463m/9832370.jpg]]></image_url>
<num_pages>144</num_pages>
<work>
<id>27881851</id>
</work>
<isbn></isbn>
<isbn13></isbn13>
<average_rating>4.59</average_rating>
<ratings_count>18963</ratings_count>
<publication_year>2010</publication_year>
<publication_month>11</publication_month>
<publication_day>10</publication_day>
<authors>
<author>
<id>4819027</id>
<name>BookRags</name>
<link><![CDATA[https://www.goodreads.com/author/show/4819027.BookRags]]></link>
</author>
</authors>
</book>

          <book>
<id>15580</id>
<title><![CDATA[In the Shadow of the Warlock Lord (The Sword of Shannara, #1)]]></title>
<title_without_series><![CDATA[In the Shadow of the Warlock Lord]]></title_without_series>
<link><![CDATA[https://www.goodreads.com/book/show/15580.In_the_Shadow_of_the_Warlock_Lord]]></link>
<small_image_url><![CDATA[https://images.gr-assets.com/books/1320425882s/15580.jpg]]></small_image_url>
<image_url><![CDATA[https://images.gr-assets.com/books/1320425882m/15580.jpg]]></image_url>
<num_pages>240</num_pages>
<work>
<id>6692457</id>
</work>
<isbn>0345461460</isbn>
<isbn13>9780345461469</isbn13>
<average_rating>4.04</average_rating>
<ratings_count>5194</ratings_count>
<publication_year>2009</publication_year>
<publication_month>8</publication_month>
<publication_day>5</publication_day>
<authors>
<author>
<id>9629</id>
<name>Terry Brooks</name>
<link><![CDATA[https://www.goodreads.com/author/show/9629.Terry_Brooks]]></link>
</author>
</authors>
</book>

          <book>
<id>11706669</id>
<title>The First Law Trilogy</title>
<title_without_series>The First Law Trilogy</title_without_series>
<link><![CDATA[https://www.goodreads.com/book/show/11706669-the-first-law-trilogy]]></link>
<small_image_url><![CDATA[https://images.gr-assets.com/books/1341090828s/11706669.jpg]]></small_image_url>
<image_url><![CDATA[https://images.gr-assets.com/books/1341090828m/11706669.jpg]]></image_url>
<num_pages>1600</num_pages>
<work>
<id>19033302</id>
</work>
<isbn></isbn>
<isbn13></isbn13>
<average_rating>4.48</average_rating>
<ratings_count>5762</ratings_count>
<publication_year>2008</publication_year>
<publication_month>9</publication_month>
<publication_day></publication_day>
<authors>
<author>
<id>276660</id>
<name>Joe Abercrombie</name>
<link><![CDATA[https://www.goodreads.com/author/show/276660.Joe_Abercrombie]]></link>
</author>
</authors>
</book>

          <book>
<id>68406</id>
<title><![CDATA[Homeland: The Graphic Novel (Legend of Drizzt: The Graphic Novel, #1)]]></title>
<title_without_series>Homeland: The Graphic Novel</title_without_series>
<link><![CDATA[https://www.goodreads.com/book/show/68406.Homeland]]></link>
<small_image_url><![CDATA[https://images.gr-assets.com/books/1331474460s/68406.jpg]]></small_image_url>
<image_url><![CDATA[https://images.gr-assets.com/books/1331474460m/68406.jpg]]></image_url>
<num_pages>160</num_pages>
<work>
<id>13902825</id>
</work>
<isbn>1932796584</isbn>
<isbn13>9781932796582</isbn13>
<average_rating>4.25</average_rating>
<ratings_count>2647</ratings_count>
<publication_year>2006</publication_year>
<publication_month>5</publication_month>
<publication_day>23</publication_day>
<authors>
<author>
<id>1023510</id>
<name>R.A. Salvatore</name>
<link><![CDATA[https://www.goodreads.com/author/show/1023510.R_A_Salvatore]]></link>
</author>
</authors>
</book>

          <book>
<id>2000210</id>
<title><![CDATA[The Lost Swords: The First Triad (Lost Swords, #1-3)]]></title>
<title_without_series><![CDATA[The Lost Swords: The First Triad]]></title_without_series>
<link><![CDATA[https://www.goodreads.com/book/show/2000210.The_Lost_Swords]]></link>
<small_image_url><![CDATA[https://images.gr-assets.com/books/1269112540s/2000210.jpg]]></small_image_url>
<image_url><![CDATA[https://images.gr-assets.com/books/1269112540m/2000210.jpg]]></image_url>
<num_pages>602</num_pages>
<work>
<id>2004032</id>
</work>
<isbn>1117236927</isbn>
<isbn13>9781117236926</isbn13>
<average_rating>3.93</average_rating>
<ratings_count>2219</ratings_count>
<publication_year>1989</publication_year>
<publication_month></publication_month>
<publication_day></publication_day>
<authors>
<author>
<id>10082</id>
<name>Fred Saberhagen</name>
<link><![CDATA[https://www.goodreads.com/author/show/10082.Fred_Saberhagen]]></link>
</author>
</authors>
</book>

          <book>
<id>18310619</id>
<title><![CDATA[The Crimson Vault (The Traveler's Gate Trilogy, #2)]]></title>
<title_without_series>The Crimson Vault</title_without_series>
<link><![CDATA[https://www.goodreads.com/book/show/18310619-the-crimson-vault]]></link>
<small_image_url><![CDATA[https://s.gr-assets.com/assets/nophoto/book/50x75-a91bf249278a81aabab721ef782c4a74.png]]></small_image_url>
<image_url><![CDATA[https://s.gr-assets.com/assets/nophoto/book/111x148-bcc042a9c91a29c1d680899eff700a03.png]]></image_url>
<num_pages>386</num_pages>
<work>
<id>25808004</id>
</work>
<isbn></isbn>
<isbn13></isbn13>
<average_rating>4.18</average_rating>
<ratings_count>5694</ratings_count>
<publication_year>2013</publication_year>
<publication_month>8</publication_month>
<publication_day>27</publication_day>
<authors>
<author>
<id>7125278</id>
<name>Will Wight</name>
<link><![CDATA[https://www.goodreads.com/author/show/7125278.Will_Wight]]></link>
</author>
</authors>
</book>

  </similar_books>
</book>

</GoodreadsResponse>