<?xml version="1.0" encoding="UTF-8"?>
<GoodreadsResponse>
  <Request>
    <authentication>true</authentication>
      <key><![CDATA[all_men_must_serve]]></key>
    <method><![CDATA[book_show]]></method>
  </Request>
  <book>
  <id>107789</id>
  <title><![CDATA[Heartbreaker (Buchanan-Renard, #1)]]></title>
  <isbn><![CDATA[1416503811]]></isbn>
  <isbn13><![CDATA[9781416503811]]></isbn13>
  <asin><![CDATA[]]></asin>
  <kindle_asin><![CDATA[B0088O100O]]></kindle_asin>
  <marketplace_id><![CDATA[A1F83G8C2ARO7P]]></marketplace_id>
  <country_code><![CDATA[GB]]></country_code>
  <image_url>https://s.gr-assets.com/assets/nophoto/book/111x148-bcc042a9c91a29c1d680899eff700a03.png</image_url>
  <small_image_url>https://s.gr-assets.com/assets/nophoto/book/50x75-a91bf249278a81aabab721ef782c4a74.png</small_image_url>
  <publication_year></publication_year>
  <publication_month></publication_month>
  <publication_day></publication_day>
  <publisher></publisher>
  <language_code>en-US</language_code>
  <is_ebook>false</is_ebook>
  <description></description>
  <work>
  <id type="integer">2604130</id>
  <books_count type="integer">60</books_count>
  <best_book_id type="integer">107789</best_book_id>
  <reviews_count type="integer">32245</reviews_count>
  <ratings_sum type="integer">83851</ratings_sum>
  <ratings_count type="integer">20871</ratings_count>
  <text_reviews_count type="integer">636</text_reviews_count>
  <original_publication_year type="integer">2000</original_publication_year>
  <original_publication_month type="integer" nil="true"/>
  <original_publication_day type="integer" nil="true"/>
  <original_title>Heartbreaker</original_title>
  <original_language_id type="integer" nil="true"/>
  <media_type>book</media_type>
  <rating_dist>5:7463|4:7789|3:4435|2:891|1:293|total:20871</rating_dist>
  <desc_user_id type="integer" nil="true"/>
  <default_chaptering_book_id type="integer" nil="true"/>
  <default_description_language_code nil="true"/>
</work>
  <average_rating>4.02</average_rating>
  <num_pages><![CDATA[520]]></num_pages>
  <format><![CDATA[]]></format>
  <edition_information><![CDATA[]]></edition_information>
  <ratings_count><![CDATA[19007]]></ratings_count>
  <text_reviews_count><![CDATA[486]]></text_reviews_count>
  <url><![CDATA[https://www.goodreads.com/book/show/107789.Heartbreaker]]></url>
  <link><![CDATA[https://www.goodreads.com/book/show/107789.Heartbreaker]]></link>
  <authors>
<author>
<id>6251</id>
<name>Julie Garwood</name>
<role></role>
<image_url nophoto='false'>
<![CDATA[https://images.gr-assets.com/authors/1414607796p5/6251.jpg]]>
</image_url>
<small_image_url nophoto='false'>
<![CDATA[https://images.gr-assets.com/authors/1414607796p2/6251.jpg]]>
</small_image_url>
<link><![CDATA[https://www.goodreads.com/author/show/6251.Julie_Garwood]]></link>
<average_rating>4.10</average_rating>
<ratings_count>475127</ratings_count>
<text_reviews_count>17259</text_reviews_count>
</author>
</authors>

    <reviews_widget>
      <![CDATA[
        <style>
  #goodreads-widget {
    font-family: georgia, serif;
    padding: 18px 0;
    width:565px;
  }
  #goodreads-widget h1 {
    font-weight:normal;
    font-size: 16px;
    border-bottom: 1px solid #BBB596;
    margin-bottom: 0;
  }
  #goodreads-widget a {
    text-decoration: none;
    color:#660;
  }
  iframe{
    background-color: #fff;
  }
  #goodreads-widget a:hover { text-decoration: underline; }
  #goodreads-widget a:active {
    color:#660;
  }
  #gr_footer {
    width: 100%;
    border-top: 1px solid #BBB596;
    text-align: right;
  }
  #goodreads-widget .gr_branding{
    color: #382110;
    font-size: 11px;
    text-decoration: none;
    font-family: "Helvetica Neue", Helvetica, Arial, sans-serif;
  }
</style>
<div id="goodreads-widget">
  <div id="gr_header"><h1><a rel="nofollow" href="https://www.goodreads.com/book/show/107789.Heartbreaker">Heartbreaker Reviews</a></h1></div>
  <iframe id="the_iframe" src="https://www.goodreads.com/api/reviews_widget_iframe?did=DEVELOPER_ID&amp;format=html&amp;isbn=1416503811&amp;links=660&amp;min_rating=&amp;review_back=fff&amp;stars=000&amp;text=000" width="565" height="400" frameborder="0"></iframe>
  <div id="gr_footer">
    <a class="gr_branding" target="_blank" rel="nofollow" href="https://www.goodreads.com/book/show/107789.Heartbreaker?utm_medium=api&amp;utm_source=reviews_widget">Reviews from Goodreads.com</a>
  </div>
</div>

      ]]>
    </reviews_widget>
  <popular_shelves>
      <shelf name="to-read" count="8077"/>
      <shelf name="romance" count="501"/>
      <shelf name="romantic-suspense" count="327"/>
      <shelf name="julie-garwood" count="291"/>
      <shelf name="currently-reading" count="232"/>
      <shelf name="suspense" count="155"/>
      <shelf name="mystery" count="152"/>
      <shelf name="contemporary" count="147"/>
      <shelf name="contemporary-romance" count="122"/>
      <shelf name="favorites" count="94"/>
      <shelf name="series" count="80"/>
      <shelf name="fiction" count="68"/>
      <shelf name="thriller" count="52"/>
      <shelf name="books-i-own" count="50"/>
      <shelf name="default" count="44"/>
      <shelf name="adult" count="39"/>
      <shelf name="owned" count="37"/>
      <shelf name="garwood-julie" count="36"/>
      <shelf name="mystery-suspense" count="32"/>
      <shelf name="romance-suspense" count="30"/>
      <shelf name="garwood" count="29"/>
      <shelf name="library" count="28"/>
      <shelf name="mystery-thriller" count="27"/>
      <shelf name="kindle" count="24"/>
      <shelf name="crime" count="23"/>
      <shelf name="romance-contemporary" count="22"/>
      <shelf name="owned-books" count="18"/>
      <shelf name="suspense-romance" count="18"/>
      <shelf name="historical-romance" count="16"/>
      <shelf name="ebook" count="16"/>
      <shelf name="fbi" count="16"/>
      <shelf name="audio" count="15"/>
      <shelf name="chick-lit" count="15"/>
      <shelf name="paperback" count="14"/>
      <shelf name="i-own" count="14"/>
      <shelf name="buchanan" count="13"/>
      <shelf name="dnf" count="12"/>
      <shelf name="audiobook" count="12"/>
      <shelf name="my-books" count="12"/>
      <shelf name="suspense-thriller" count="12"/>
      <shelf name="adult-fiction" count="12"/>
      <shelf name="audible" count="11"/>
      <shelf name="4-stars" count="11"/>
      <shelf name="romantic-suspence" count="11"/>
      <shelf name="first-in-series" count="11"/>
      <shelf name="thrillers" count="11"/>
      <shelf name="mysteries" count="11"/>
      <shelf name="my-library" count="10"/>
      <shelf name="have" count="10"/>
      <shelf name="to-buy" count="10"/>
      <shelf name="romance-mystery" count="10"/>
      <shelf name="audiobooks" count="9"/>
      <shelf name="romantic" count="9"/>
      <shelf name="re-read" count="9"/>
      <shelf name="favorite-authors" count="9"/>
      <shelf name="buchanan-renard-series" count="8"/>
      <shelf name="crime-mystery" count="8"/>
      <shelf name="favourites" count="8"/>
      <shelf name="audio-books" count="8"/>
      <shelf name="library-book" count="8"/>
      <shelf name="buchanan-renard" count="7"/>
      <shelf name="e-books" count="7"/>
      <shelf name="family" count="7"/>
      <shelf name="romance-to-read" count="7"/>
      <shelf name="ebooks" count="7"/>
      <shelf name="read-in-2011" count="7"/>
      <shelf name="book" count="7"/>
      <shelf name="own-it" count="7"/>
      <shelf name="adult-romance" count="7"/>
      <shelf name="wish-list" count="7"/>
      <shelf name="author-julie-garwood" count="7"/>
      <shelf name="action" count="7"/>
      <shelf name="suspence" count="7"/>
      <shelf name="suspense-mystery" count="7"/>
      <shelf name="read-2014" count="6"/>
      <shelf name="5-stars" count="6"/>
      <shelf name="small-town" count="6"/>
      <shelf name="e-book" count="6"/>
      <shelf name="part-of-a-series" count="6"/>
      <shelf name="cops" count="6"/>
      <shelf name="buchanan-series" count="6"/>
      <shelf name="contemporary-fiction" count="6"/>
      <shelf name="mystery-crime" count="6"/>
      <shelf name="crime-thriller" count="6"/>
      <shelf name="read-in-2017" count="5"/>
      <shelf name="read-in-2015" count="5"/>
      <shelf name="read-2015" count="5"/>
      <shelf name="books" count="5"/>
      <shelf name="paperbacks" count="5"/>
      <shelf name="contemp" count="5"/>
      <shelf name="stalker" count="5"/>
      <shelf name="murder-mystery" count="5"/>
      <shelf name="m-f" count="5"/>
      <shelf name="1st-in-series" count="5"/>
      <shelf name="law-enforcement" count="5"/>
      <shelf name="mystery-thrillers" count="5"/>
      <shelf name="reviewed" count="5"/>
      <shelf name="shelfari-favorites" count="4"/>
      <shelf name="read-in-2014" count="4"/>
      <shelf name="done" count="4"/>
  </popular_shelves>
  <book_links>
    <book_link>
  <id>8</id>
  <name>Libraries</name>
  <link>https://www.goodreads.com/book_link/follow/8</link>
</book_link>

  </book_links>
  <buy_links>
    <buy_link>
<id>1</id>
<name>Amazon</name>
<link>https://www.goodreads.com/book_link/follow/1</link>
</buy_link>
<buy_link>
<id>10</id>
<name>Audible</name>
<link>https://www.goodreads.com/book_link/follow/10</link>
</buy_link>
<buy_link>
<id>3</id>
<name>Barnes &amp; Noble</name>
<link>https://www.goodreads.com/book_link/follow/3</link>
</buy_link>
<buy_link>
<id>1027</id>
<name>Kobo</name>
<link>https://www.goodreads.com/book_link/follow/1027</link>
</buy_link>
<buy_link>
<id>2102</id>
<name>Apple iBooks</name>
<link>https://www.goodreads.com/book_link/follow/2102</link>
</buy_link>
<buy_link>
<id>8036</id>
<name>Google Play</name>
<link>https://www.goodreads.com/book_link/follow/8036</link>
</buy_link>
<buy_link>
<id>4</id>
<name>Abebooks</name>
<link>https://www.goodreads.com/book_link/follow/4</link>
</buy_link>
<buy_link>
<id>882</id>
<name>Book Depository</name>
<link>https://www.goodreads.com/book_link/follow/882</link>
</buy_link>
<buy_link>
<id>9</id>
<name>Indigo</name>
<link>https://www.goodreads.com/book_link/follow/9</link>
</buy_link>
<buy_link>
<id>2</id>
<name>Half.com</name>
<link>https://www.goodreads.com/book_link/follow/2</link>
</buy_link>
<buy_link>
<id>5</id>
<name>Alibris</name>
<link>https://www.goodreads.com/book_link/follow/5</link>
</buy_link>
<buy_link>
<id>107</id>
<name>Better World Books</name>
<link>https://www.goodreads.com/book_link/follow/107</link>
</buy_link>
<buy_link>
<id>7</id>
<name>IndieBound</name>
<link>https://www.goodreads.com/book_link/follow/7</link>
</buy_link>

  </buy_links>
  <series_works>
    <series_work>
<id>162988</id>
<user_position>1</user_position>
<series>
<id>40401</id>
<title>
<![CDATA[
    Buchanan-Renard
]]>
</title>
<description>
<![CDATA[
]]>
</description>
<note>
<![CDATA[
]]>
</note>
<series_works_count>14</series_works_count>
<primary_work_count>13</primary_work_count>
<numbered>true</numbered>
</series>

</series_work>

  </series_works>
  <similar_books>
          <book>
<id>411699</id>
<title>Dying to Please</title>
<title_without_series>Dying to Please</title_without_series>
<link><![CDATA[https://www.goodreads.com/book/show/411699.Dying_to_Please]]></link>
<small_image_url><![CDATA[https://images.gr-assets.com/books/1379878424s/411699.jpg]]></small_image_url>
<image_url><![CDATA[https://images.gr-assets.com/books/1379878424m/411699.jpg]]></image_url>
<num_pages>410</num_pages>
<work>
<id>3278897</id>
</work>
<isbn></isbn>
<isbn13></isbn13>
<average_rating>3.92</average_rating>
<ratings_count>11382</ratings_count>
<publication_year>2007</publication_year>
<publication_month>8</publication_month>
<publication_day>8</publication_day>
<authors>
<author>
<id>16961</id>
<name>Linda Howard</name>
<link><![CDATA[https://www.goodreads.com/author/show/16961.Linda_Howard]]></link>
</author>
</authors>
</book>

          <book>
<id>2463354</id>
<title>Fire and Ice (Ice, #5)</title>
<title_without_series>Fire and Ice</title_without_series>
<link><![CDATA[https://www.goodreads.com/book/show/2463354.Fire_and_Ice]]></link>
<small_image_url><![CDATA[https://s.gr-assets.com/assets/nophoto/book/50x75-a91bf249278a81aabab721ef782c4a74.png]]></small_image_url>
<image_url><![CDATA[https://s.gr-assets.com/assets/nophoto/book/111x148-bcc042a9c91a29c1d680899eff700a03.png]]></image_url>
<num_pages>379</num_pages>
<work>
<id>2470550</id>
</work>
<isbn>0778325369</isbn>
<isbn13>9780778325369</isbn13>
<average_rating>3.96</average_rating>
<ratings_count>2343</ratings_count>
<publication_year>2008</publication_year>
<publication_month>5</publication_month>
<publication_day>1</publication_day>
<authors>
<author>
<id>13635</id>
<name>Anne Stuart</name>
<link><![CDATA[https://www.goodreads.com/author/show/13635.Anne_Stuart]]></link>
</author>
</authors>
</book>

          <book>
<id>243746</id>
<title><![CDATA[Out of Control (Troubleshooters, #4)]]></title>
<title_without_series>Out of Control</title_without_series>
<link><![CDATA[https://www.goodreads.com/book/show/243746.Out_of_Control]]></link>
<small_image_url><![CDATA[https://s.gr-assets.com/assets/nophoto/book/50x75-a91bf249278a81aabab721ef782c4a74.png]]></small_image_url>
<image_url><![CDATA[https://s.gr-assets.com/assets/nophoto/book/111x148-bcc042a9c91a29c1d680899eff700a03.png]]></image_url>
<num_pages>470</num_pages>
<work>
<id>2451570</id>
</work>
<isbn>0345486404</isbn>
<isbn13>9780345486400</isbn13>
<average_rating>4.28</average_rating>
<ratings_count>8793</ratings_count>
<publication_year>2005</publication_year>
<publication_month>9</publication_month>
<publication_day>27</publication_day>
<authors>
<author>
<id>32638</id>
<name>Suzanne Brockmann</name>
<link><![CDATA[https://www.goodreads.com/author/show/32638.Suzanne_Brockmann]]></link>
</author>
</authors>
</book>

          <book>
<id>530341</id>
<title><![CDATA[Moving Target (Rarities Unlimited, #1)]]></title>
<title_without_series>Moving Target</title_without_series>
<link><![CDATA[https://www.goodreads.com/book/show/530341.Moving_Target]]></link>
<small_image_url><![CDATA[https://s.gr-assets.com/assets/nophoto/book/50x75-a91bf249278a81aabab721ef782c4a74.png]]></small_image_url>
<image_url><![CDATA[https://s.gr-assets.com/assets/nophoto/book/111x148-bcc042a9c91a29c1d680899eff700a03.png]]></image_url>
<num_pages>464</num_pages>
<work>
<id>6767857</id>
</work>
<isbn>0061031070</isbn>
<isbn13>9780061031076</isbn13>
<average_rating>3.80</average_rating>
<ratings_count>3760</ratings_count>
<publication_year>2002</publication_year>
<publication_month>4</publication_month>
<publication_day>30</publication_day>
<authors>
<author>
<id>19051</id>
<name>Elizabeth Lowell</name>
<link><![CDATA[https://www.goodreads.com/author/show/19051.Elizabeth_Lowell]]></link>
</author>
</authors>
</book>

          <book>
<id>6433341</id>
<title>Untraceable (Tracers, #1)</title>
<title_without_series>Untraceable</title_without_series>
<link><![CDATA[https://www.goodreads.com/book/show/6433341-untraceable]]></link>
<small_image_url><![CDATA[https://s.gr-assets.com/assets/nophoto/book/50x75-a91bf249278a81aabab721ef782c4a74.png]]></small_image_url>
<image_url><![CDATA[https://s.gr-assets.com/assets/nophoto/book/111x148-bcc042a9c91a29c1d680899eff700a03.png]]></image_url>
<num_pages>374</num_pages>
<work>
<id>6622832</id>
</work>
<isbn>1439149194</isbn>
<isbn13>9781439149195</isbn13>
<average_rating>3.88</average_rating>
<ratings_count>4830</ratings_count>
<publication_year>2009</publication_year>
<publication_month>11</publication_month>
<publication_day>24</publication_day>
<authors>
<author>
<id>84181</id>
<name>Laura Griffin</name>
<link><![CDATA[https://www.goodreads.com/author/show/84181.Laura_Griffin]]></link>
</author>
</authors>
</book>

          <book>
<id>353938</id>
<title>Someone to Watch Over Me</title>
<title_without_series>Someone to Watch Over Me</title_without_series>
<link><![CDATA[https://www.goodreads.com/book/show/353938.Someone_to_Watch_Over_Me]]></link>
<small_image_url><![CDATA[https://s.gr-assets.com/assets/nophoto/book/50x75-a91bf249278a81aabab721ef782c4a74.png]]></small_image_url>
<image_url><![CDATA[https://s.gr-assets.com/assets/nophoto/book/111x148-bcc042a9c91a29c1d680899eff700a03.png]]></image_url>
<num_pages></num_pages>
<work>
<id>620768</id>
</work>
<isbn>0743499719</isbn>
<isbn13>9780743499712</isbn13>
<average_rating>3.85</average_rating>
<ratings_count>6960</ratings_count>
<publication_year>2003</publication_year>
<publication_month></publication_month>
<publication_day></publication_day>
<authors>
<author>
<id>9885</id>
<name>Judith McNaught</name>
<link><![CDATA[https://www.goodreads.com/author/show/9885.Judith_McNaught]]></link>
</author>
</authors>
</book>

          <book>
<id>29616</id>
<title>All Night Long</title>
<title_without_series>All Night Long</title_without_series>
<link><![CDATA[https://www.goodreads.com/book/show/29616.All_Night_Long]]></link>
<small_image_url><![CDATA[https://images.gr-assets.com/books/1309209604s/29616.jpg]]></small_image_url>
<image_url><![CDATA[https://images.gr-assets.com/books/1309209604m/29616.jpg]]></image_url>
<num_pages>416</num_pages>
<work>
<id>1847252</id>
</work>
<isbn>0399153055</isbn>
<isbn13>9780399153051</isbn13>
<average_rating>3.95</average_rating>
<ratings_count>7356</ratings_count>
<publication_year>2006</publication_year>
<publication_month>1</publication_month>
<publication_day>3</publication_day>
<authors>
<author>
<id>2387</id>
<name>Jayne Ann Krentz</name>
<link><![CDATA[https://www.goodreads.com/author/show/2387.Jayne_Ann_Krentz]]></link>
</author>
</authors>
</book>

  </similar_books>
</book>

</GoodreadsResponse>