<?xml version="1.0" encoding="UTF-8"?>
<GoodreadsResponse>
  <Request>
    <authentication>true</authentication>
      <key><![CDATA[all_men_must_serve]]></key>
    <method><![CDATA[book_show]]></method>
  </Request>
  <book>
  <id>10776793</id>
  <title>War Brides</title>
  <isbn><![CDATA[]]></isbn>
  <isbn13><![CDATA[]]></isbn13>
  <asin><![CDATA[B007BSG026]]></asin>
  <kindle_asin><![CDATA[B007BSG026]]></kindle_asin>
  <marketplace_id><![CDATA[A1F83G8C2ARO7P]]></marketplace_id>
  <country_code><![CDATA[GB]]></country_code>
  <image_url>https://images.gr-assets.com/books/1341794666m/10776793.jpg</image_url>
  <small_image_url>https://images.gr-assets.com/books/1341794666s/10776793.jpg</small_image_url>
  <publication_year>2012</publication_year>
  <publication_month>6</publication_month>
  <publication_day>12</publication_day>
  <publisher>Lake Union Publishing</publisher>
  <language_code>en-CA</language_code>
  <is_ebook>true</is_ebook>
  <description><![CDATA[With war threatening to spread from Europe to England, the sleepy village of Crowmarsh Priors settles into a new sort of normal: Evacuees from London are billeted in local homes. Nightly air raids become grimly mundane. The tightening vice of rationing curtails every comfort. Men leave to fight and die. And five women forge an unlikely bond of friendship that will change their lives forever.<br /><br />Alice Osbourne, the stolid daughter of the late vicar, is reeling from the news that Richard Fairfax broke their engagement to marry Evangeline Fontaine, an American girl from the Deep South. Evangeline’s arrival causes a stir in the village—but not the chaos that would ensue if they knew her motives for being there. Scrappy Elsie Pigeon is among the poor of London who see the evacuations as a chance to escape a life of destitution. Another new arrival is Tanni Zayman, a young Jewish girl who fled the horrors of Europe and now waits with her newborn son, certain that the rest of her family is safe and bound to show up any day. And then there’s Frances Falconleigh, a madcap, fearless debutante whose father is determined to keep her in the countryside and out of the papers.<br /><br />As the war and its relentless hardships intensify around them, the same struggles that threaten to rip apart their lives also bring the five closer together. They draw strength from one another to defeat formidable enemies—hunger, falling bombs, the looming threat of a Nazi invasion, and a traitor in their midst—and find remarkable strength within themselves to help their friends. Theirs is a war-forged loyalty that will outlast the fiercest battle and endure years and distance.<br /><br />When four of the women return to Crowmarsh Priors for a VE Day celebration fifty years later, television cameras focus on the heartwarming story of these old women as war brides of a bygone age, but miss the more newsworthy angle. The women’s mission is not to commemorate or remember—they’ve returned to settle a score and avenge one of their own.]]></description>
  <work>
  <id type="integer">2543266</id>
  <books_count type="integer">24</books_count>
  <best_book_id type="integer">2535743</best_book_id>
  <reviews_count type="integer">53808</reviews_count>
  <ratings_sum type="integer">127664</ratings_sum>
  <ratings_count type="integer">34006</ratings_count>
  <text_reviews_count type="integer">3140</text_reviews_count>
  <original_publication_year type="integer">2007</original_publication_year>
  <original_publication_month type="integer" nil="true"/>
  <original_publication_day type="integer" nil="true"/>
  <original_title>War Brides</original_title>
  <original_language_id type="integer" nil="true"/>
  <media_type>book</media_type>
  <rating_dist>5:8467|4:12857|3:9316|2:2587|1:779|total:34006</rating_dist>
  <desc_user_id type="integer">-30</desc_user_id>
  <default_chaptering_book_id type="integer" nil="true"/>
  <default_description_language_code nil="true"/>
</work>
  <average_rating>3.75</average_rating>
  <num_pages><![CDATA[497]]></num_pages>
  <format><![CDATA[Kindle Edition]]></format>
  <edition_information><![CDATA[]]></edition_information>
  <ratings_count><![CDATA[16583]]></ratings_count>
  <text_reviews_count><![CDATA[688]]></text_reviews_count>
  <url><![CDATA[https://www.goodreads.com/book/show/10776793-war-brides]]></url>
  <link><![CDATA[https://www.goodreads.com/book/show/10776793-war-brides]]></link>
  <authors>
<author>
<id>526211</id>
<name>Helen Bryan</name>
<role></role>
<image_url nophoto='false'>
<![CDATA[https://images.gr-assets.com/authors/1206575516p5/526211.jpg]]>
</image_url>
<small_image_url nophoto='false'>
<![CDATA[https://images.gr-assets.com/authors/1206575516p2/526211.jpg]]>
</small_image_url>
<link><![CDATA[https://www.goodreads.com/author/show/526211.Helen_Bryan]]></link>
<average_rating>3.76</average_rating>
<ratings_count>52498</ratings_count>
<text_reviews_count>4550</text_reviews_count>
</author>
</authors>

    <reviews_widget>
      <![CDATA[
        <style>
  #goodreads-widget {
    font-family: georgia, serif;
    padding: 18px 0;
    width:565px;
  }
  #goodreads-widget h1 {
    font-weight:normal;
    font-size: 16px;
    border-bottom: 1px solid #BBB596;
    margin-bottom: 0;
  }
  #goodreads-widget a {
    text-decoration: none;
    color:#660;
  }
  iframe{
    background-color: #fff;
  }
  #goodreads-widget a:hover { text-decoration: underline; }
  #goodreads-widget a:active {
    color:#660;
  }
  #gr_footer {
    width: 100%;
    border-top: 1px solid #BBB596;
    text-align: right;
  }
  #goodreads-widget .gr_branding{
    color: #382110;
    font-size: 11px;
    text-decoration: none;
    font-family: "Helvetica Neue", Helvetica, Arial, sans-serif;
  }
</style>
<div id="goodreads-widget">
  <div id="gr_header"><h1><a rel="nofollow" href="https://www.goodreads.com/book/show/10776793-war-brides">War Brides Reviews</a></h1></div>
  <iframe id="the_iframe" src="https://www.goodreads.com/api/reviews_widget_iframe?did=DEVELOPER_ID&amp;format=html&amp;isbn=B007BSG026&amp;links=660&amp;min_rating=&amp;review_back=fff&amp;stars=000&amp;text=000" width="565" height="400" frameborder="0"></iframe>
  <div id="gr_footer">
    <a class="gr_branding" target="_blank" rel="nofollow" href="https://www.goodreads.com/book/show/10776793-war-brides?utm_medium=api&amp;utm_source=reviews_widget">Reviews from Goodreads.com</a>
  </div>
</div>

      ]]>
    </reviews_widget>
  <popular_shelves>
      <shelf name="to-read" count="1089"/>
      <shelf name="historical-fiction" count="465"/>
      <shelf name="currently-reading" count="309"/>
      <shelf name="kindle" count="259"/>
      <shelf name="fiction" count="198"/>
      <shelf name="book-club" count="113"/>
      <shelf name="historical" count="72"/>
      <shelf name="wwii" count="48"/>
      <shelf name="romance" count="45"/>
      <shelf name="history" count="39"/>
      <shelf name="owned" count="39"/>
      <shelf name="war" count="38"/>
      <shelf name="favorites" count="37"/>
      <shelf name="world-war-ii" count="37"/>
      <shelf name="kindle-books" count="37"/>
      <shelf name="ebook" count="35"/>
      <shelf name="england" count="32"/>
      <shelf name="ebooks" count="31"/>
      <shelf name="books-i-own" count="30"/>
      <shelf name="world-war-2" count="29"/>
      <shelf name="ww2" count="26"/>
      <shelf name="on-kindle" count="24"/>
      <shelf name="e-books" count="24"/>
      <shelf name="abandoned" count="23"/>
      <shelf name="audible" count="21"/>
      <shelf name="chick-lit" count="18"/>
      <shelf name="on-my-kindle" count="17"/>
      <shelf name="read-in-2014" count="14"/>
      <shelf name="couldn-t-finish" count="14"/>
      <shelf name="did-not-finish" count="13"/>
      <shelf name="kindle-unlimited" count="12"/>
      <shelf name="audiobook" count="12"/>
      <shelf name="friendship" count="12"/>
      <shelf name="finished" count="12"/>
      <shelf name="read-in-2013" count="12"/>
      <shelf name="adult" count="12"/>
      <shelf name="novel" count="11"/>
      <shelf name="e-book" count="11"/>
      <shelf name="owned-books" count="11"/>
      <shelf name="wish-list" count="11"/>
      <shelf name="own-it" count="10"/>
      <shelf name="book-club-books" count="10"/>
      <shelf name="mystery" count="10"/>
      <shelf name="didn-t-finish" count="10"/>
      <shelf name="novels" count="10"/>
      <shelf name="read-in-2012" count="10"/>
      <shelf name="read-2014" count="9"/>
      <shelf name="amazon" count="9"/>
      <shelf name="own-to-read" count="9"/>
      <shelf name="audiobooks" count="9"/>
      <shelf name="2013-books" count="9"/>
      <shelf name="gave-up" count="9"/>
      <shelf name="audio-books" count="9"/>
      <shelf name="bookclub" count="9"/>
      <shelf name="adult-fiction" count="9"/>
      <shelf name="drama" count="9"/>
      <shelf name="read-2016" count="8"/>
      <shelf name="read-in-2016" count="8"/>
      <shelf name="library" count="8"/>
      <shelf name="general-fiction" count="8"/>
      <shelf name="read-2012" count="8"/>
      <shelf name="own-kindle" count="8"/>
      <shelf name="historical-romance" count="8"/>
      <shelf name="britain" count="7"/>
      <shelf name="read-in-2015" count="7"/>
      <shelf name="holocaust" count="7"/>
      <shelf name="wwii-fiction" count="7"/>
      <shelf name="helen-bryan" count="7"/>
      <shelf name="british" count="7"/>
      <shelf name="purchased" count="7"/>
      <shelf name="book-club-reads" count="7"/>
      <shelf name="have" count="7"/>
      <shelf name="20th-century" count="7"/>
      <shelf name="ww-ii" count="7"/>
      <shelf name="own-ebook" count="6"/>
      <shelf name="audio" count="6"/>
      <shelf name="2014-books" count="6"/>
      <shelf name="unfinished" count="6"/>
      <shelf name="borrowed" count="6"/>
      <shelf name="kindle-library" count="6"/>
      <shelf name="non-fiction" count="6"/>
      <shelf name="dnf" count="6"/>
      <shelf name="book-club-read" count="6"/>
      <shelf name="2014-reads" count="6"/>
      <shelf name="war-brides" count="6"/>
      <shelf name="fiction-historical" count="6"/>
      <shelf name="kindle-to-read" count="6"/>
      <shelf name="amazon-prime" count="6"/>
      <shelf name="europe" count="6"/>
      <shelf name="read-in-2017" count="5"/>
      <shelf name="own-on-kindle" count="5"/>
      <shelf name="freebies" count="5"/>
      <shelf name="fiction-to-read" count="5"/>
      <shelf name="books-read-in-2015" count="5"/>
      <shelf name="to-read-kindle" count="5"/>
      <shelf name="world-war-two" count="5"/>
      <shelf name="gave-up-on" count="5"/>
      <shelf name="books" count="5"/>
      <shelf name="literary-fiction" count="5"/>
      <shelf name="to-buy" count="5"/>
  </popular_shelves>
  <book_links>
    <book_link>
  <id>8</id>
  <name>Libraries</name>
  <link>https://www.goodreads.com/book_link/follow/8</link>
</book_link>

  </book_links>
  <buy_links>
    <buy_link>
<id>1</id>
<name>Amazon</name>
<link>https://www.goodreads.com/book_link/follow/1</link>
</buy_link>
<buy_link>
<id>10</id>
<name>Audible</name>
<link>https://www.goodreads.com/book_link/follow/10</link>
</buy_link>
<buy_link>
<id>3</id>
<name>Barnes &amp; Noble</name>
<link>https://www.goodreads.com/book_link/follow/3</link>
</buy_link>
<buy_link>
<id>1027</id>
<name>Kobo</name>
<link>https://www.goodreads.com/book_link/follow/1027</link>
</buy_link>
<buy_link>
<id>2102</id>
<name>Apple iBooks</name>
<link>https://www.goodreads.com/book_link/follow/2102</link>
</buy_link>
<buy_link>
<id>8036</id>
<name>Google Play</name>
<link>https://www.goodreads.com/book_link/follow/8036</link>
</buy_link>
<buy_link>
<id>4</id>
<name>Abebooks</name>
<link>https://www.goodreads.com/book_link/follow/4</link>
</buy_link>
<buy_link>
<id>882</id>
<name>Book Depository</name>
<link>https://www.goodreads.com/book_link/follow/882</link>
</buy_link>
<buy_link>
<id>9</id>
<name>Indigo</name>
<link>https://www.goodreads.com/book_link/follow/9</link>
</buy_link>
<buy_link>
<id>2</id>
<name>Half.com</name>
<link>https://www.goodreads.com/book_link/follow/2</link>
</buy_link>
<buy_link>
<id>5</id>
<name>Alibris</name>
<link>https://www.goodreads.com/book_link/follow/5</link>
</buy_link>
<buy_link>
<id>107</id>
<name>Better World Books</name>
<link>https://www.goodreads.com/book_link/follow/107</link>
</buy_link>
<buy_link>
<id>7</id>
<name>IndieBound</name>
<link>https://www.goodreads.com/book_link/follow/7</link>
</buy_link>

  </buy_links>
  <series_works>
    
  </series_works>
  <similar_books>
          <book>
<id>423734</id>
<title>War Brides</title>
<title_without_series>War Brides</title_without_series>
<link><![CDATA[https://www.goodreads.com/book/show/423734.War_Brides]]></link>
<small_image_url><![CDATA[https://s.gr-assets.com/assets/nophoto/book/50x75-a91bf249278a81aabab721ef782c4a74.png]]></small_image_url>
<image_url><![CDATA[https://s.gr-assets.com/assets/nophoto/book/111x148-bcc042a9c91a29c1d680899eff700a03.png]]></image_url>
<num_pages>368</num_pages>
<work>
<id>412830</id>
</work>
<isbn>0140276432</isbn>
<isbn13>9780140276435</isbn13>
<average_rating>3.58</average_rating>
<ratings_count>1007</ratings_count>
<publication_year>1998</publication_year>
<publication_month>12</publication_month>
<publication_day>1</publication_day>
<authors>
<author>
<id>93266</id>
<name>Lois Battle</name>
<link><![CDATA[https://www.goodreads.com/author/show/93266.Lois_Battle]]></link>
</author>
</authors>
</book>

          <book>
<id>6589074</id>
<title>Elizabeth Street</title>
<title_without_series>Elizabeth Street</title_without_series>
<link><![CDATA[https://www.goodreads.com/book/show/6589074-elizabeth-street]]></link>
<small_image_url><![CDATA[https://images.gr-assets.com/books/1328420628s/6589074.jpg]]></small_image_url>
<image_url><![CDATA[https://images.gr-assets.com/books/1328420628m/6589074.jpg]]></image_url>
<num_pages></num_pages>
<work>
<id>6782627</id>
</work>
<isbn>1442152613</isbn>
<isbn13>9781442152618</isbn13>
<average_rating>3.90</average_rating>
<ratings_count>12577</ratings_count>
<publication_year></publication_year>
<publication_month></publication_month>
<publication_day></publication_day>
<authors>
<author>
<id>2976501</id>
<name>Laurie Fabiano</name>
<link><![CDATA[https://www.goodreads.com/author/show/2976501.Laurie_Fabiano]]></link>
</author>
</authors>
</book>

          <book>
<id>9517563</id>
<title>The Silence of Trees</title>
<title_without_series>The Silence of Trees</title_without_series>
<link><![CDATA[https://www.goodreads.com/book/show/9517563-the-silence-of-trees]]></link>
<small_image_url><![CDATA[https://images.gr-assets.com/books/1327940278s/9517563.jpg]]></small_image_url>
<image_url><![CDATA[https://images.gr-assets.com/books/1327940278m/9517563.jpg]]></image_url>
<num_pages>302</num_pages>
<work>
<id>14403425</id>
</work>
<isbn>0982126131</isbn>
<isbn13>9780982126134</isbn13>
<average_rating>3.94</average_rating>
<ratings_count>2605</ratings_count>
<publication_year>2010</publication_year>
<publication_month>12</publication_month>
<publication_day>31</publication_day>
<authors>
<author>
<id>2424249</id>
<name>Valya Dudycz Lupescu</name>
<link><![CDATA[https://www.goodreads.com/author/show/2424249.Valya_Dudycz_Lupescu]]></link>
</author>
</authors>
</book>

          <book>
<id>12809963</id>
<title>One More River</title>
<title_without_series>One More River</title_without_series>
<link><![CDATA[https://www.goodreads.com/book/show/12809963-one-more-river]]></link>
<small_image_url><![CDATA[https://images.gr-assets.com/books/1318258590s/12809963.jpg]]></small_image_url>
<image_url><![CDATA[https://images.gr-assets.com/books/1318258590m/12809963.jpg]]></image_url>
<num_pages>266</num_pages>
<work>
<id>17958981</id>
</work>
<isbn>1453219463</isbn>
<isbn13>9781453219461</isbn13>
<average_rating>3.58</average_rating>
<ratings_count>572</ratings_count>
<publication_year>2011</publication_year>
<publication_month>11</publication_month>
<publication_day>1</publication_day>
<authors>
<author>
<id>4414147</id>
<name>Mary Glickman</name>
<link><![CDATA[https://www.goodreads.com/author/show/4414147.Mary_Glickman]]></link>
</author>
</authors>
</book>

          <book>
<id>2009029</id>
<title>A Million Tears</title>
<title_without_series>A Million Tears</title_without_series>
<link><![CDATA[https://www.goodreads.com/book/show/2009029.A_Million_Tears]]></link>
<small_image_url><![CDATA[https://images.gr-assets.com/books/1337448892s/2009029.jpg]]></small_image_url>
<image_url><![CDATA[https://images.gr-assets.com/books/1337448892m/2009029.jpg]]></image_url>
<num_pages>544</num_pages>
<work>
<id>2013039</id>
</work>
<isbn>1902483006</isbn>
<isbn13>9781902483009</isbn13>
<average_rating>3.97</average_rating>
<ratings_count>215</ratings_count>
<publication_year>1998</publication_year>
<publication_month>5</publication_month>
<publication_day>1</publication_day>
<authors>
<author>
<id>648208</id>
<name>Paul Henke</name>
<link><![CDATA[https://www.goodreads.com/author/show/648208.Paul_Henke]]></link>
</author>
</authors>
</book>

          <book>
<id>2658724</id>
<title><![CDATA[The Misremembered Man (Tailorstown #1)]]></title>
<title_without_series>The Misremembered Man</title_without_series>
<link><![CDATA[https://www.goodreads.com/book/show/2658724-the-misremembered-man]]></link>
<small_image_url><![CDATA[https://s.gr-assets.com/assets/nophoto/book/50x75-a91bf249278a81aabab721ef782c4a74.png]]></small_image_url>
<image_url><![CDATA[https://s.gr-assets.com/assets/nophoto/book/111x148-bcc042a9c91a29c1d680899eff700a03.png]]></image_url>
<num_pages>309</num_pages>
<work>
<id>2683946</id>
</work>
<isbn>1592642195</isbn>
<isbn13>9781592642199</isbn13>
<average_rating>3.72</average_rating>
<ratings_count>10829</ratings_count>
<publication_year>2008</publication_year>
<publication_month>3</publication_month>
<publication_day>1</publication_day>
<authors>
<author>
<id>467065</id>
<name>Christina McKenna</name>
<link><![CDATA[https://www.goodreads.com/author/show/467065.Christina_McKenna]]></link>
</author>
</authors>
</book>

          <book>
<id>23288957</id>
<title>To Find a Mountain</title>
<title_without_series>To Find a Mountain</title_without_series>
<link><![CDATA[https://www.goodreads.com/book/show/23288957-to-find-a-mountain]]></link>
<small_image_url><![CDATA[https://images.gr-assets.com/books/1412069453s/23288957.jpg]]></small_image_url>
<image_url><![CDATA[https://images.gr-assets.com/books/1412069453m/23288957.jpg]]></image_url>
<num_pages>224</num_pages>
<work>
<id>18146694</id>
</work>
<isbn></isbn>
<isbn13></isbn13>
<average_rating>3.86</average_rating>
<ratings_count>2333</ratings_count>
<publication_year>2014</publication_year>
<publication_month>10</publication_month>
<publication_day>28</publication_day>
<authors>
<author>
<id>13765189</id>
<name>Dani Amore</name>
<link><![CDATA[https://www.goodreads.com/author/show/13765189.Dani_Amore]]></link>
</author>
</authors>
</book>

          <book>
<id>13599440</id>
<title>Between Love and Honor</title>
<title_without_series>Between Love and Honor</title_without_series>
<link><![CDATA[https://www.goodreads.com/book/show/13599440-between-love-and-honor]]></link>
<small_image_url><![CDATA[https://images.gr-assets.com/books/1334263155s/13599440.jpg]]></small_image_url>
<image_url><![CDATA[https://images.gr-assets.com/books/1334263155m/13599440.jpg]]></image_url>
<num_pages>536</num_pages>
<work>
<id>19190874</id>
</work>
<isbn>1611091454</isbn>
<isbn13>9781611091458</isbn13>
<average_rating>3.66</average_rating>
<ratings_count>706</ratings_count>
<publication_year>2012</publication_year>
<publication_month>4</publication_month>
<publication_day>10</publication_day>
<authors>
<author>
<id>104471</id>
<name>Alexandra Lapierre</name>
<link><![CDATA[https://www.goodreads.com/author/show/104471.Alexandra_Lapierre]]></link>
</author>
</authors>
</book>

          <book>
<id>17189580</id>
<title>Of Windmills and War</title>
<title_without_series>Of Windmills and War</title_without_series>
<link><![CDATA[https://www.goodreads.com/book/show/17189580-of-windmills-and-war]]></link>
<small_image_url><![CDATA[https://images.gr-assets.com/books/1380656605s/17189580.jpg]]></small_image_url>
<image_url><![CDATA[https://images.gr-assets.com/books/1380656605m/17189580.jpg]]></image_url>
<num_pages>598</num_pages>
<work>
<id>23641053</id>
</work>
<isbn></isbn>
<isbn13></isbn13>
<average_rating>4.19</average_rating>
<ratings_count>1869</ratings_count>
<publication_year>2012</publication_year>
<publication_month>11</publication_month>
<publication_day>21</publication_day>
<authors>
<author>
<id>4146185</id>
<name>Diane Moody</name>
<link><![CDATA[https://www.goodreads.com/author/show/4146185.Diane_Moody]]></link>
</author>
</authors>
</book>

          <book>
<id>4861018</id>
<title>Spirit Horses</title>
<title_without_series>Spirit Horses</title_without_series>
<link><![CDATA[https://www.goodreads.com/book/show/4861018-spirit-horses]]></link>
<small_image_url><![CDATA[https://images.gr-assets.com/books/1355140280s/4861018.jpg]]></small_image_url>
<image_url><![CDATA[https://images.gr-assets.com/books/1355140280m/4861018.jpg]]></image_url>
<num_pages>360</num_pages>
<work>
<id>4926349</id>
</work>
<isbn>193351549X</isbn>
<isbn13>9781933515496</isbn13>
<average_rating>4.02</average_rating>
<ratings_count>1735</ratings_count>
<publication_year>2009</publication_year>
<publication_month>4</publication_month>
<publication_day>1</publication_day>
<authors>
<author>
<id>4562670</id>
<name>Alan S. Evans</name>
<link><![CDATA[https://www.goodreads.com/author/show/4562670.Alan_S_Evans]]></link>
</author>
</authors>
</book>

          <book>
<id>13497672</id>
<title>She Wore Only White</title>
<title_without_series>She Wore Only White</title_without_series>
<link><![CDATA[https://www.goodreads.com/book/show/13497672-she-wore-only-white]]></link>
<small_image_url><![CDATA[https://images.gr-assets.com/books/1330906217s/13497672.jpg]]></small_image_url>
<image_url><![CDATA[https://images.gr-assets.com/books/1330906217m/13497672.jpg]]></image_url>
<num_pages>284</num_pages>
<work>
<id>5805326</id>
</work>
<isbn>1612182917</isbn>
<isbn13>9781612182919</isbn13>
<average_rating>3.24</average_rating>
<ratings_count>2228</ratings_count>
<publication_year>2012</publication_year>
<publication_month>4</publication_month>
<publication_day>10</publication_day>
<authors>
<author>
<id>731632</id>
<name>Dörthe Binkert</name>
<link><![CDATA[https://www.goodreads.com/author/show/731632.D_rthe_Binkert]]></link>
</author>
</authors>
</book>

          <book>
<id>563784</id>
<title><![CDATA[The Architecture of the Arkansas Ozarks]]></title>
<title_without_series><![CDATA[The Architecture of the Arkansas Ozarks]]></title_without_series>
<link><![CDATA[https://www.goodreads.com/book/show/563784.The_Architecture_of_the_Arkansas_Ozarks]]></link>
<small_image_url><![CDATA[https://s.gr-assets.com/assets/nophoto/book/50x75-a91bf249278a81aabab721ef782c4a74.png]]></small_image_url>
<image_url><![CDATA[https://s.gr-assets.com/assets/nophoto/book/111x148-bcc042a9c91a29c1d680899eff700a03.png]]></image_url>
<num_pages>425</num_pages>
<work>
<id>550915</id>
</work>
<isbn>1592640737</isbn>
<isbn13>9781592640737</isbn13>
<average_rating>3.88</average_rating>
<ratings_count>786</ratings_count>
<publication_year>2004</publication_year>
<publication_month>4</publication_month>
<publication_day>15</publication_day>
<authors>
<author>
<id>159630</id>
<name>Donald Harington</name>
<link><![CDATA[https://www.goodreads.com/author/show/159630.Donald_Harington]]></link>
</author>
</authors>
</book>

          <book>
<id>10263285</id>
<title>Whispers from the Ashes</title>
<title_without_series>Whispers from the Ashes</title_without_series>
<link><![CDATA[https://www.goodreads.com/book/show/10263285-whispers-from-the-ashes]]></link>
<small_image_url><![CDATA[https://s.gr-assets.com/assets/nophoto/book/50x75-a91bf249278a81aabab721ef782c4a74.png]]></small_image_url>
<image_url><![CDATA[https://s.gr-assets.com/assets/nophoto/book/111x148-bcc042a9c91a29c1d680899eff700a03.png]]></image_url>
<num_pages></num_pages>
<work>
<id>15163658</id>
</work>
<isbn></isbn>
<isbn13>2940011925054</isbn13>
<average_rating>3.71</average_rating>
<ratings_count>841</ratings_count>
<publication_year></publication_year>
<publication_month></publication_month>
<publication_day></publication_day>
<authors>
<author>
<id>4592168</id>
<name>Patricia Hester</name>
<link><![CDATA[https://www.goodreads.com/author/show/4592168.Patricia_Hester]]></link>
</author>
</authors>
</book>

          <book>
<id>12145169</id>
<title>Beyond All Price</title>
<title_without_series>Beyond All Price</title_without_series>
<link><![CDATA[https://www.goodreads.com/book/show/12145169-beyond-all-price]]></link>
<small_image_url><![CDATA[https://images.gr-assets.com/books/1328215806s/12145169.jpg]]></small_image_url>
<image_url><![CDATA[https://images.gr-assets.com/books/1328215806m/12145169.jpg]]></image_url>
<num_pages></num_pages>
<work>
<id>15661991</id>
</work>
<isbn></isbn>
<isbn13></isbn13>
<average_rating>3.55</average_rating>
<ratings_count>194</ratings_count>
<publication_year></publication_year>
<publication_month></publication_month>
<publication_day></publication_day>
<authors>
<author>
<id>5071754</id>
<name>Carolyn P. Schriber</name>
<link><![CDATA[https://www.goodreads.com/author/show/5071754.Carolyn_P_Schriber]]></link>
</author>
</authors>
</book>

          <book>
<id>11333934</id>
<title>The Last Letter (Letter #1)</title>
<title_without_series>The Last Letter</title_without_series>
<link><![CDATA[https://www.goodreads.com/book/show/11333934-the-last-letter]]></link>
<small_image_url><![CDATA[https://images.gr-assets.com/books/1330452429s/11333934.jpg]]></small_image_url>
<image_url><![CDATA[https://images.gr-assets.com/books/1330452429m/11333934.jpg]]></image_url>
<num_pages></num_pages>
<work>
<id>16016487</id>
</work>
<isbn></isbn>
<isbn13>2940012427939</isbn13>
<average_rating>3.66</average_rating>
<ratings_count>1046</ratings_count>
<publication_year></publication_year>
<publication_month></publication_month>
<publication_day></publication_day>
<authors>
<author>
<id>4787101</id>
<name>Kathleen Shoop</name>
<link><![CDATA[https://www.goodreads.com/author/show/4787101.Kathleen_Shoop]]></link>
</author>
</authors>
</book>

          <book>
<id>23257224</id>
<title>Voyage of the Heart</title>
<title_without_series>Voyage of the Heart</title_without_series>
<link><![CDATA[https://www.goodreads.com/book/show/23257224-voyage-of-the-heart]]></link>
<small_image_url><![CDATA[https://images.gr-assets.com/books/1411327175s/23257224.jpg]]></small_image_url>
<image_url><![CDATA[https://images.gr-assets.com/books/1411327175m/23257224.jpg]]></image_url>
<num_pages>368</num_pages>
<work>
<id>24255073</id>
</work>
<isbn></isbn>
<isbn13></isbn13>
<average_rating>3.93</average_rating>
<ratings_count>3399</ratings_count>
<publication_year>2014</publication_year>
<publication_month>11</publication_month>
<publication_day>18</publication_day>
<authors>
<author>
<id>4809447</id>
<name>Soraya Lane</name>
<link><![CDATA[https://www.goodreads.com/author/show/4809447.Soraya_Lane]]></link>
</author>
</authors>
</book>

          <book>
<id>2062048</id>
<title><![CDATA[The Diplomat's Wife (The Kommandant's Girl, #2)]]></title>
<title_without_series>The Diplomat&apos;s Wife</title_without_series>
<link><![CDATA[https://www.goodreads.com/book/show/2062048.The_Diplomat_s_Wife]]></link>
<small_image_url><![CDATA[https://s.gr-assets.com/assets/nophoto/book/50x75-a91bf249278a81aabab721ef782c4a74.png]]></small_image_url>
<image_url><![CDATA[https://s.gr-assets.com/assets/nophoto/book/111x148-bcc042a9c91a29c1d680899eff700a03.png]]></image_url>
<num_pages>360</num_pages>
<work>
<id>3288802</id>
</work>
<isbn>0778325121</isbn>
<isbn13>9780778325123</isbn13>
<average_rating>3.90</average_rating>
<ratings_count>4591</ratings_count>
<publication_year>2008</publication_year>
<publication_month>5</publication_month>
<publication_day>1</publication_day>
<authors>
<author>
<id>213562</id>
<name>Pam Jenoff</name>
<link><![CDATA[https://www.goodreads.com/author/show/213562.Pam_Jenoff]]></link>
</author>
</authors>
</book>

          <book>
<id>10275480</id>
<title>In This Hospitable Land</title>
<title_without_series>In This Hospitable Land</title_without_series>
<link><![CDATA[https://www.goodreads.com/book/show/10275480-in-this-hospitable-land]]></link>
<small_image_url><![CDATA[https://images.gr-assets.com/books/1355049583s/10275480.jpg]]></small_image_url>
<image_url><![CDATA[https://images.gr-assets.com/books/1355049583m/10275480.jpg]]></image_url>
<num_pages>606</num_pages>
<work>
<id>15176057</id>
</work>
<isbn>1935597469</isbn>
<isbn13>9781935597469</isbn13>
<average_rating>3.85</average_rating>
<ratings_count>545</ratings_count>
<publication_year>2011</publication_year>
<publication_month>4</publication_month>
<publication_day>26</publication_day>
<authors>
<author>
<id>2957017</id>
<name>Lynmar Brock Jr.</name>
<link><![CDATA[https://www.goodreads.com/author/show/2957017.Lynmar_Brock_Jr_]]></link>
</author>
</authors>
</book>

  </similar_books>
</book>

</GoodreadsResponse>