<?xml version="1.0" encoding="UTF-8"?>
<GoodreadsResponse>
  <Request>
    <authentication>true</authentication>
      <key><![CDATA[all_men_must_serve]]></key>
    <method><![CDATA[book_show]]></method>
  </Request>
  <book>
  <id>107772</id>
  <title>The Prize</title>
  <isbn><![CDATA[0671702513]]></isbn>
  <isbn13><![CDATA[9780671702519]]></isbn13>
  <asin><![CDATA[]]></asin>
  <kindle_asin><![CDATA[B0050OLFYG]]></kindle_asin>
  <marketplace_id><![CDATA[A1F83G8C2ARO7P]]></marketplace_id>
  <country_code><![CDATA[GB]]></country_code>
  <image_url>https://images.gr-assets.com/books/1304789713m/107772.jpg</image_url>
  <small_image_url>https://images.gr-assets.com/books/1304789713s/107772.jpg</small_image_url>
  <publication_year></publication_year>
  <publication_month></publication_month>
  <publication_day></publication_day>
  <publisher>Pocket Star Books</publisher>
  <language_code>eng</language_code>
  <is_ebook>false</is_ebook>
  <description><![CDATA[<i>Librarian's Note: Alternate cover for this ISBN can be found <a href="https://www.goodreads.com/book/show/7795220" rel="nofollow">here</a>.</i><br /><br />In the resplendence of William the Conqueror's London court, the lovely Saxon captive Lady Nicholaa was forced to choose a husband from the assembled Norman nobles. She chose Royce, a baron warrior whose fierce demeanor could not conceal his chivalrous and tender heart. A resourceful, rebellious and utterly naive, Nicholaa vowed to bend Royce to her will despite the whirlwind of feelings he aroused in her. Ferocious in battle, seasoned in passion, Royce was surprised by the depth of his emotion whenever he caressed his charming bride.<br /><br />In a climate of utmost treachery, where Saxons still intrigued against their Norman invaders, Royce and Nicholaa revelled in their precious new love ... a fervent bond soon to be disrupted by the call of blood, kin and country!]]></description>
  <work>
  <id type="integer">1913455</id>
  <books_count type="integer">40</books_count>
  <best_book_id type="integer">107772</best_book_id>
  <reviews_count type="integer">30127</reviews_count>
  <ratings_sum type="integer">95228</ratings_sum>
  <ratings_count type="integer">22578</ratings_count>
  <text_reviews_count type="integer">494</text_reviews_count>
  <original_publication_year type="integer">1991</original_publication_year>
  <original_publication_month type="integer" nil="true"/>
  <original_publication_day type="integer" nil="true"/>
  <original_title>The Prize</original_title>
  <original_language_id type="integer" nil="true"/>
  <media_type>book</media_type>
  <rating_dist>5:10363|4:7683|3:3753|2:643|1:136|total:22578</rating_dist>
  <desc_user_id type="integer" nil="true"/>
  <default_chaptering_book_id type="integer" nil="true"/>
  <default_description_language_code nil="true"/>
</work>
  <average_rating>4.22</average_rating>
  <num_pages><![CDATA[408]]></num_pages>
  <format><![CDATA[Mass Market Paperback]]></format>
  <edition_information><![CDATA[]]></edition_information>
  <ratings_count><![CDATA[21164]]></ratings_count>
  <text_reviews_count><![CDATA[397]]></text_reviews_count>
  <url><![CDATA[https://www.goodreads.com/book/show/107772.The_Prize]]></url>
  <link><![CDATA[https://www.goodreads.com/book/show/107772.The_Prize]]></link>
  <authors>
<author>
<id>6251</id>
<name>Julie Garwood</name>
<role></role>
<image_url nophoto='false'>
<![CDATA[https://images.gr-assets.com/authors/1414607796p5/6251.jpg]]>
</image_url>
<small_image_url nophoto='false'>
<![CDATA[https://images.gr-assets.com/authors/1414607796p2/6251.jpg]]>
</small_image_url>
<link><![CDATA[https://www.goodreads.com/author/show/6251.Julie_Garwood]]></link>
<average_rating>4.10</average_rating>
<ratings_count>475127</ratings_count>
<text_reviews_count>17259</text_reviews_count>
</author>
</authors>

    <reviews_widget>
      <![CDATA[
        <style>
  #goodreads-widget {
    font-family: georgia, serif;
    padding: 18px 0;
    width:565px;
  }
  #goodreads-widget h1 {
    font-weight:normal;
    font-size: 16px;
    border-bottom: 1px solid #BBB596;
    margin-bottom: 0;
  }
  #goodreads-widget a {
    text-decoration: none;
    color:#660;
  }
  iframe{
    background-color: #fff;
  }
  #goodreads-widget a:hover { text-decoration: underline; }
  #goodreads-widget a:active {
    color:#660;
  }
  #gr_footer {
    width: 100%;
    border-top: 1px solid #BBB596;
    text-align: right;
  }
  #goodreads-widget .gr_branding{
    color: #382110;
    font-size: 11px;
    text-decoration: none;
    font-family: "Helvetica Neue", Helvetica, Arial, sans-serif;
  }
</style>
<div id="goodreads-widget">
  <div id="gr_header"><h1><a rel="nofollow" href="https://www.goodreads.com/book/show/107772.The_Prize">The Prize Reviews</a></h1></div>
  <iframe id="the_iframe" src="https://www.goodreads.com/api/reviews_widget_iframe?did=DEVELOPER_ID&amp;format=html&amp;isbn=0671702513&amp;links=660&amp;min_rating=&amp;review_back=fff&amp;stars=000&amp;text=000" width="565" height="400" frameborder="0"></iframe>
  <div id="gr_footer">
    <a class="gr_branding" target="_blank" rel="nofollow" href="https://www.goodreads.com/book/show/107772.The_Prize?utm_medium=api&amp;utm_source=reviews_widget">Reviews from Goodreads.com</a>
  </div>
</div>

      ]]>
    </reviews_widget>
  <popular_shelves>
      <shelf name="historical-romance" count="827"/>
      <shelf name="romance" count="729"/>
      <shelf name="historical" count="375"/>
      <shelf name="julie-garwood" count="274"/>
      <shelf name="favorites" count="248"/>
      <shelf name="to-read" count="241"/>
      <shelf name="medieval" count="146"/>
      <shelf name="currently-reading" count="117"/>
      <shelf name="historical-fiction" count="96"/>
      <shelf name="romance-historical" count="58"/>
      <shelf name="medieval-romance" count="47"/>
      <shelf name="adult" count="44"/>
      <shelf name="owned" count="43"/>
      <shelf name="fiction" count="41"/>
      <shelf name="books-i-own" count="39"/>
      <shelf name="virgin-heroine" count="28"/>
      <shelf name="re-read" count="27"/>
      <shelf name="garwood" count="26"/>
      <shelf name="ebook" count="25"/>
      <shelf name="default" count="23"/>
      <shelf name="highlander" count="21"/>
      <shelf name="audiobook" count="20"/>
      <shelf name="england" count="19"/>
      <shelf name="kindle" count="18"/>
      <shelf name="library" count="18"/>
      <shelf name="marriage-of-convenience" count="18"/>
      <shelf name="5-stars" count="18"/>
      <shelf name="stand-alone" count="17"/>
      <shelf name="alpha-male" count="16"/>
      <shelf name="paperback" count="16"/>
      <shelf name="highlanders" count="16"/>
      <shelf name="garwood-julie" count="16"/>
      <shelf name="e-book" count="16"/>
      <shelf name="dnf" count="15"/>
      <shelf name="4-stars" count="15"/>
      <shelf name="owned-books" count="15"/>
      <shelf name="funny" count="15"/>
      <shelf name="historical-romances" count="15"/>
      <shelf name="highlander-romance" count="13"/>
      <shelf name="favourites" count="13"/>
      <shelf name="scotland" count="12"/>
      <shelf name="hr" count="12"/>
      <shelf name="audio" count="12"/>
      <shelf name="audiobooks" count="12"/>
      <shelf name="favorite-author" count="11"/>
      <shelf name="scottish" count="11"/>
      <shelf name="favorite" count="11"/>
      <shelf name="enemies-to-lovers" count="11"/>
      <shelf name="arranged-marriage" count="11"/>
      <shelf name="read-2015" count="10"/>
      <shelf name="did-not-finish" count="10"/>
      <shelf name="virgin" count="10"/>
      <shelf name="chick-lit" count="10"/>
      <shelf name="beauty-and-the-beast" count="10"/>
      <shelf name="historic-romance" count="10"/>
      <shelf name="history" count="10"/>
      <shelf name="regency" count="10"/>
      <shelf name="romance-novels" count="10"/>
      <shelf name="audible" count="9"/>
      <shelf name="humor" count="9"/>
      <shelf name="ebooks" count="9"/>
      <shelf name="adult-fiction" count="9"/>
      <shelf name="historicals" count="9"/>
      <shelf name="keepers" count="9"/>
      <shelf name="sweet" count="8"/>
      <shelf name="read-in-2012" count="8"/>
      <shelf name="pregnancy" count="8"/>
      <shelf name="m-f" count="8"/>
      <shelf name="favorite-books" count="8"/>
      <shelf name="i-own" count="8"/>
      <shelf name="marriage" count="8"/>
      <shelf name="5-star" count="8"/>
      <shelf name="11th-century" count="8"/>
      <shelf name="read-in-2010" count="8"/>
      <shelf name="warrior" count="8"/>
      <shelf name="favorite-authors" count="8"/>
      <shelf name="read-in-2015" count="7"/>
      <shelf name="historic" count="7"/>
      <shelf name="my-books" count="7"/>
      <shelf name="maybe" count="7"/>
      <shelf name="highland-romance" count="7"/>
      <shelf name="alpha-hero" count="7"/>
      <shelf name="series" count="7"/>
      <shelf name="scarred-hero" count="7"/>
      <shelf name="guilty-pleasures" count="7"/>
      <shelf name="favourite" count="7"/>
      <shelf name="shelfari-favorites" count="6"/>
      <shelf name="guilty-pleasure" count="6"/>
      <shelf name="read-in-2014" count="6"/>
      <shelf name="forced-marriage" count="6"/>
      <shelf name="bodice-ripper" count="6"/>
      <shelf name="historical-medieval" count="6"/>
      <shelf name="e-books" count="6"/>
      <shelf name="read-in-2011" count="6"/>
      <shelf name="adult-romance" count="6"/>
      <shelf name="nook" count="6"/>
      <shelf name="historical-romance-medieval" count="6"/>
      <shelf name="favorite-heroes" count="6"/>
      <shelf name="author-julie-garwood" count="6"/>
      <shelf name="genre-historical" count="6"/>
  </popular_shelves>
  <book_links>
    <book_link>
  <id>8</id>
  <name>Libraries</name>
  <link>https://www.goodreads.com/book_link/follow/8</link>
</book_link>

  </book_links>
  <buy_links>
    <buy_link>
<id>1</id>
<name>Amazon</name>
<link>https://www.goodreads.com/book_link/follow/1</link>
</buy_link>
<buy_link>
<id>10</id>
<name>Audible</name>
<link>https://www.goodreads.com/book_link/follow/10</link>
</buy_link>
<buy_link>
<id>3</id>
<name>Barnes &amp; Noble</name>
<link>https://www.goodreads.com/book_link/follow/3</link>
</buy_link>
<buy_link>
<id>1027</id>
<name>Kobo</name>
<link>https://www.goodreads.com/book_link/follow/1027</link>
</buy_link>
<buy_link>
<id>2102</id>
<name>Apple iBooks</name>
<link>https://www.goodreads.com/book_link/follow/2102</link>
</buy_link>
<buy_link>
<id>8036</id>
<name>Google Play</name>
<link>https://www.goodreads.com/book_link/follow/8036</link>
</buy_link>
<buy_link>
<id>4</id>
<name>Abebooks</name>
<link>https://www.goodreads.com/book_link/follow/4</link>
</buy_link>
<buy_link>
<id>882</id>
<name>Book Depository</name>
<link>https://www.goodreads.com/book_link/follow/882</link>
</buy_link>
<buy_link>
<id>9</id>
<name>Indigo</name>
<link>https://www.goodreads.com/book_link/follow/9</link>
</buy_link>
<buy_link>
<id>2</id>
<name>Half.com</name>
<link>https://www.goodreads.com/book_link/follow/2</link>
</buy_link>
<buy_link>
<id>5</id>
<name>Alibris</name>
<link>https://www.goodreads.com/book_link/follow/5</link>
</buy_link>
<buy_link>
<id>107</id>
<name>Better World Books</name>
<link>https://www.goodreads.com/book_link/follow/107</link>
</buy_link>
<buy_link>
<id>7</id>
<name>IndieBound</name>
<link>https://www.goodreads.com/book_link/follow/7</link>
</buy_link>

  </buy_links>
  <series_works>
    
  </series_works>
  <similar_books>
          <book>
<id>422222</id>
<title>The Warlord (Montagues, #1)</title>
<title_without_series>The Warlord</title_without_series>
<link><![CDATA[https://www.goodreads.com/book/show/422222.The_Warlord]]></link>
<small_image_url><![CDATA[https://images.gr-assets.com/books/1322483395s/422222.jpg]]></small_image_url>
<image_url><![CDATA[https://images.gr-assets.com/books/1322483395m/422222.jpg]]></image_url>
<num_pages>386</num_pages>
<work>
<id>411338</id>
</work>
<isbn>0553569104</isbn>
<isbn13>9780553569100</isbn13>
<average_rating>3.91</average_rating>
<ratings_count>1621</ratings_count>
<publication_year>1995</publication_year>
<publication_month>6</publication_month>
<publication_day>1</publication_day>
<authors>
<author>
<id>238127</id>
<name>Elizabeth Elliott</name>
<link><![CDATA[https://www.goodreads.com/author/show/238127.Elizabeth_Elliott]]></link>
</author>
</authors>
</book>

          <book>
<id>896622</id>
<title>The Wolf and the Dove</title>
<title_without_series>The Wolf and the Dove</title_without_series>
<link><![CDATA[https://www.goodreads.com/book/show/896622.The_Wolf_and_the_Dove]]></link>
<small_image_url><![CDATA[https://s.gr-assets.com/assets/nophoto/book/50x75-a91bf249278a81aabab721ef782c4a74.png]]></small_image_url>
<image_url><![CDATA[https://s.gr-assets.com/assets/nophoto/book/111x148-bcc042a9c91a29c1d680899eff700a03.png]]></image_url>
<num_pages>512</num_pages>
<work>
<id>1331430</id>
</work>
<isbn>0380007789</isbn>
<isbn13>9780380007783</isbn13>
<average_rating>4.14</average_rating>
<ratings_count>15109</ratings_count>
<publication_year></publication_year>
<publication_month></publication_month>
<publication_day></publication_day>
<authors>
<author>
<id>88445</id>
<name>Kathleen E. Woodiwiss</name>
<link><![CDATA[https://www.goodreads.com/author/show/88445.Kathleen_E_Woodiwiss]]></link>
</author>
</authors>
</book>

          <book>
<id>768313</id>
<title>Untamed (Medieval, #1)</title>
<title_without_series>Untamed</title_without_series>
<link><![CDATA[https://www.goodreads.com/book/show/768313.Untamed]]></link>
<small_image_url><![CDATA[https://s.gr-assets.com/assets/nophoto/book/50x75-a91bf249278a81aabab721ef782c4a74.png]]></small_image_url>
<image_url><![CDATA[https://s.gr-assets.com/assets/nophoto/book/111x148-bcc042a9c91a29c1d680899eff700a03.png]]></image_url>
<num_pages></num_pages>
<work>
<id>6767864</id>
</work>
<isbn>0380769530</isbn>
<isbn13>9780380769537</isbn13>
<average_rating>4.01</average_rating>
<ratings_count>5906</ratings_count>
<publication_year></publication_year>
<publication_month></publication_month>
<publication_day></publication_day>
<authors>
<author>
<id>19051</id>
<name>Elizabeth Lowell</name>
<link><![CDATA[https://www.goodreads.com/author/show/19051.Elizabeth_Lowell]]></link>
</author>
</authors>
</book>

          <book>
<id>247093</id>
<title><![CDATA[Born in Sin (Brotherhood of the Sword #3/MacAllister, #2)]]></title>
<title_without_series>Born in Sin</title_without_series>
<link><![CDATA[https://www.goodreads.com/book/show/247093.Born_in_Sin]]></link>
<small_image_url><![CDATA[https://images.gr-assets.com/books/1327876212s/247093.jpg]]></small_image_url>
<image_url><![CDATA[https://images.gr-assets.com/books/1327876212m/247093.jpg]]></image_url>
<num_pages>372</num_pages>
<work>
<id>239390</id>
</work>
<isbn>038081790X</isbn>
<isbn13>9780380817900</isbn13>
<average_rating>4.24</average_rating>
<ratings_count>7529</ratings_count>
<publication_year>2003</publication_year>
<publication_month></publication_month>
<publication_day></publication_day>
<authors>
<author>
<id>34820</id>
<name>Kinley MacGregor</name>
<link><![CDATA[https://www.goodreads.com/author/show/34820.Kinley_MacGregor]]></link>
</author>
</authors>
</book>

          <book>
<id>871835</id>
<title><![CDATA[Highland Velvet (Velvet Montgomery Annuals Quadrilogy #2)]]></title>
<title_without_series>Highland Velvet</title_without_series>
<link><![CDATA[https://www.goodreads.com/book/show/871835.Highland_Velvet]]></link>
<small_image_url><![CDATA[https://images.gr-assets.com/books/1297705106s/871835.jpg]]></small_image_url>
<image_url><![CDATA[https://images.gr-assets.com/books/1297705106m/871835.jpg]]></image_url>
<num_pages></num_pages>
<work>
<id>2455579</id>
</work>
<isbn>0671739727</isbn>
<isbn13>9780671739720</isbn13>
<average_rating>4.07</average_rating>
<ratings_count>10936</ratings_count>
<publication_year></publication_year>
<publication_month></publication_month>
<publication_day></publication_day>
<authors>
<author>
<id>28574</id>
<name>Jude Deveraux</name>
<link><![CDATA[https://www.goodreads.com/author/show/28574.Jude_Deveraux]]></link>
</author>
</authors>
</book>

          <book>
<id>450924</id>
<title><![CDATA[Charming the Prince (Once Upon A Time, #1)]]></title>
<title_without_series>Charming the Prince</title_without_series>
<link><![CDATA[https://www.goodreads.com/book/show/450924.Charming_the_Prince]]></link>
<small_image_url><![CDATA[https://s.gr-assets.com/assets/nophoto/book/50x75-a91bf249278a81aabab721ef782c4a74.png]]></small_image_url>
<image_url><![CDATA[https://s.gr-assets.com/assets/nophoto/book/111x148-bcc042a9c91a29c1d680899eff700a03.png]]></image_url>
<num_pages>342</num_pages>
<work>
<id>439559</id>
</work>
<isbn>0553575023</isbn>
<isbn13>9780553575026</isbn13>
<average_rating>3.92</average_rating>
<ratings_count>4728</ratings_count>
<publication_year></publication_year>
<publication_month></publication_month>
<publication_day></publication_day>
<authors>
<author>
<id>19971</id>
<name>Teresa Medeiros</name>
<link><![CDATA[https://www.goodreads.com/author/show/19971.Teresa_Medeiros]]></link>
</author>
</authors>
</book>

          <book>
<id>350710</id>
<title><![CDATA[The Magic of You (Malory-Anderson Family, #4)]]></title>
<title_without_series>The Magic of You</title_without_series>
<link><![CDATA[https://www.goodreads.com/book/show/350710.The_Magic_of_You]]></link>
<small_image_url><![CDATA[https://images.gr-assets.com/books/1358293494s/350710.jpg]]></small_image_url>
<image_url><![CDATA[https://images.gr-assets.com/books/1358293494m/350710.jpg]]></image_url>
<num_pages>407</num_pages>
<work>
<id>3062730</id>
</work>
<isbn>0380756293</isbn>
<isbn13>9780380756292</isbn13>
<average_rating>4.17</average_rating>
<ratings_count>11654</ratings_count>
<publication_year></publication_year>
<publication_month></publication_month>
<publication_day></publication_day>
<authors>
<author>
<id>29542</id>
<name>Johanna Lindsey</name>
<link><![CDATA[https://www.goodreads.com/author/show/29542.Johanna_Lindsey]]></link>
</author>
</authors>
</book>

          <book>
<id>129618</id>
<title>Until You (Westmoreland, #3)</title>
<title_without_series>Until You</title_without_series>
<link><![CDATA[https://www.goodreads.com/book/show/129618.Until_You]]></link>
<small_image_url><![CDATA[https://images.gr-assets.com/books/1354435714s/129618.jpg]]></small_image_url>
<image_url><![CDATA[https://images.gr-assets.com/books/1354435714m/129618.jpg]]></image_url>
<num_pages>430</num_pages>
<work>
<id>726849</id>
</work>
<isbn>0552143545</isbn>
<isbn13>9780552143547</isbn13>
<average_rating>4.12</average_rating>
<ratings_count>15958</ratings_count>
<publication_year>1995</publication_year>
<publication_month>12</publication_month>
<publication_day>7</publication_day>
<authors>
<author>
<id>9885</id>
<name>Judith McNaught</name>
<link><![CDATA[https://www.goodreads.com/author/show/9885.Judith_McNaught]]></link>
</author>
</authors>
</book>

          <book>
<id>13360101</id>
<title><![CDATA[Never Seduce a Scot (The Montgomerys and Armstrongs, #1)]]></title>
<title_without_series>Never Seduce a Scot</title_without_series>
<link><![CDATA[https://www.goodreads.com/book/show/13360101-never-seduce-a-scot]]></link>
<small_image_url><![CDATA[https://images.gr-assets.com/books/1328116176s/13360101.jpg]]></small_image_url>
<image_url><![CDATA[https://images.gr-assets.com/books/1328116176m/13360101.jpg]]></image_url>
<num_pages>372</num_pages>
<work>
<id>18588471</id>
</work>
<isbn>0345533232</isbn>
<isbn13>9780345533234</isbn13>
<average_rating>4.19</average_rating>
<ratings_count>17888</ratings_count>
<publication_year>2012</publication_year>
<publication_month>9</publication_month>
<publication_day>25</publication_day>
<authors>
<author>
<id>24978</id>
<name>Maya Banks</name>
<link><![CDATA[https://www.goodreads.com/author/show/24978.Maya_Banks]]></link>
</author>
</authors>
</book>

          <book>
<id>629124</id>
<title><![CDATA[Dream of Me/Believe in Me (Viking & Saxon, #1 & #2)]]></title>
<title_without_series>Dream of Me/Believe in Me</title_without_series>
<link><![CDATA[https://www.goodreads.com/book/show/629124.Dream_of_Me_Believe_in_Me]]></link>
<small_image_url><![CDATA[https://images.gr-assets.com/books/1320469553s/629124.jpg]]></small_image_url>
<image_url><![CDATA[https://images.gr-assets.com/books/1320469553m/629124.jpg]]></image_url>
<num_pages>816</num_pages>
<work>
<id>615459</id>
</work>
<isbn>0553584367</isbn>
<isbn13>9780553584363</isbn13>
<average_rating>4.17</average_rating>
<ratings_count>1363</ratings_count>
<publication_year>2001</publication_year>
<publication_month>10</publication_month>
<publication_day>2</publication_day>
<authors>
<author>
<id>339874</id>
<name>Josie Litton</name>
<link><![CDATA[https://www.goodreads.com/author/show/339874.Josie_Litton]]></link>
</author>
</authors>
</book>

          <book>
<id>451125</id>
<title><![CDATA[Lord of Desire (The Risande Family, #1)]]></title>
<title_without_series>Lord of Desire</title_without_series>
<link><![CDATA[https://www.goodreads.com/book/show/451125.Lord_of_Desire]]></link>
<small_image_url><![CDATA[https://s.gr-assets.com/assets/nophoto/book/50x75-a91bf249278a81aabab721ef782c4a74.png]]></small_image_url>
<image_url><![CDATA[https://s.gr-assets.com/assets/nophoto/book/111x148-bcc042a9c91a29c1d680899eff700a03.png]]></image_url>
<num_pages>327</num_pages>
<work>
<id>439759</id>
</work>
<isbn>0446615943</isbn>
<isbn13>9780446615945</isbn13>
<average_rating>3.94</average_rating>
<ratings_count>1200</ratings_count>
<publication_year>2005</publication_year>
<publication_month>8</publication_month>
<publication_day>1</publication_day>
<authors>
<author>
<id>253272</id>
<name>Paula Quinn</name>
<link><![CDATA[https://www.goodreads.com/author/show/253272.Paula_Quinn]]></link>
</author>
</authors>
</book>

          <book>
<id>3711150</id>
<title><![CDATA[Untamed (MacKinnon's Rangers, #2)]]></title>
<title_without_series>Untamed</title_without_series>
<link><![CDATA[https://www.goodreads.com/book/show/3711150-untamed]]></link>
<small_image_url><![CDATA[https://images.gr-assets.com/books/1325216112s/3711150.jpg]]></small_image_url>
<image_url><![CDATA[https://images.gr-assets.com/books/1325216112m/3711150.jpg]]></image_url>
<num_pages>347</num_pages>
<work>
<id>3754715</id>
</work>
<isbn>0843954892</isbn>
<isbn13>9780843954890</isbn13>
<average_rating>4.26</average_rating>
<ratings_count>3196</ratings_count>
<publication_year></publication_year>
<publication_month></publication_month>
<publication_day></publication_day>
<authors>
<author>
<id>92650</id>
<name>Pamela Clare</name>
<link><![CDATA[https://www.goodreads.com/author/show/92650.Pamela_Clare]]></link>
</author>
</authors>
</book>

          <book>
<id>330721</id>
<title><![CDATA[Dreaming of You (The Gamblers, #2)]]></title>
<title_without_series>Dreaming of You</title_without_series>
<link><![CDATA[https://www.goodreads.com/book/show/330721.Dreaming_of_You]]></link>
<small_image_url><![CDATA[https://images.gr-assets.com/books/1443223862s/330721.jpg]]></small_image_url>
<image_url><![CDATA[https://images.gr-assets.com/books/1443223862m/330721.jpg]]></image_url>
<num_pages>373</num_pages>
<work>
<id>679378</id>
</work>
<isbn>038077352X</isbn>
<isbn13>9780380773527</isbn13>
<average_rating>4.22</average_rating>
<ratings_count>26399</ratings_count>
<publication_year></publication_year>
<publication_month></publication_month>
<publication_day></publication_day>
<authors>
<author>
<id>27847</id>
<name>Lisa Kleypas</name>
<link><![CDATA[https://www.goodreads.com/author/show/27847.Lisa_Kleypas]]></link>
</author>
</authors>
</book>

  </similar_books>
</book>

</GoodreadsResponse>