<?xml version="1.0" encoding="UTF-8"?>
<GoodreadsResponse>
  <Request>
    <authentication>true</authentication>
      <key><![CDATA[all_men_must_serve]]></key>
    <method><![CDATA[book_show]]></method>
  </Request>
  <book>
  <id>1078</id>
  <title><![CDATA[The Good Earth (House of Earth, #1)]]></title>
  <isbn><![CDATA[1416500189]]></isbn>
  <isbn13><![CDATA[9781416500186]]></isbn13>
  <asin><![CDATA[]]></asin>
  <kindle_asin><![CDATA[B008F4NRA8]]></kindle_asin>
  <marketplace_id><![CDATA[A1F83G8C2ARO7P]]></marketplace_id>
  <country_code><![CDATA[GB]]></country_code>
  <image_url>https://images.gr-assets.com/books/1312497600m/1078.jpg</image_url>
  <small_image_url>https://images.gr-assets.com/books/1312497600s/1078.jpg</small_image_url>
  <publication_year>2009</publication_year>
  <publication_month>3</publication_month>
  <publication_day>4</publication_day>
  <publisher>Howard Publishing Co</publisher>
  <language_code>eng</language_code>
  <is_ebook>false</is_ebook>
  <description><![CDATA[This tells the poignant tale of a Chinese farmer and his family in old agrarian China. The humble Wang Lung glories in the soil he works, nurturing the land as it nurtures him and his family. Nearby, the nobles of the House of Hwang consider themselves above the land and its workers; but they will soon meet their own downfall.<br /><br />Hard times come upon Wang Lung and his family when flood and drought force them to seek work in the city. The working people riot, breaking into the homes of the rich and forcing them to flee. When Wang Lung shows mercy to one noble and is rewarded, he begins to rise in the world, even as the House of Hwang falls.]]></description>
  <work>
  <id type="integer">2346070</id>
  <books_count type="integer">210</books_count>
  <best_book_id type="integer">1078</best_book_id>
  <reviews_count type="integer">272788</reviews_count>
  <ratings_sum type="integer">767828</ratings_sum>
  <ratings_count type="integer">193452</ratings_count>
  <text_reviews_count type="integer">8262</text_reviews_count>
  <original_publication_year type="integer">1931</original_publication_year>
  <original_publication_month type="integer" nil="true"/>
  <original_publication_day type="integer" nil="true"/>
  <original_title>The Good Earth</original_title>
  <original_language_id type="integer" nil="true"/>
  <media_type>book</media_type>
  <rating_dist>5:71208|4:67070|3:38422|2:11490|1:5262|total:193452</rating_dist>
  <desc_user_id type="integer">47867602</desc_user_id>
  <default_chaptering_book_id type="integer" nil="true"/>
  <default_description_language_code nil="true"/>
</work>
  <average_rating>3.97</average_rating>
  <num_pages><![CDATA[418]]></num_pages>
  <format><![CDATA[Paperback]]></format>
  <edition_information><![CDATA[(Enriched Classics)]]></edition_information>
  <ratings_count><![CDATA[182257]]></ratings_count>
  <text_reviews_count><![CDATA[6837]]></text_reviews_count>
  <url><![CDATA[https://www.goodreads.com/book/show/1078.The_Good_Earth]]></url>
  <link><![CDATA[https://www.goodreads.com/book/show/1078.The_Good_Earth]]></link>
  <authors>
<author>
<id>704</id>
<name>Pearl S. Buck</name>
<role></role>
<image_url nophoto='false'>
<![CDATA[https://images.gr-assets.com/authors/1344969427p5/704.jpg]]>
</image_url>
<small_image_url nophoto='false'>
<![CDATA[https://images.gr-assets.com/authors/1344969427p2/704.jpg]]>
</small_image_url>
<link><![CDATA[https://www.goodreads.com/author/show/704.Pearl_S_Buck]]></link>
<average_rating>3.97</average_rating>
<ratings_count>245320</ratings_count>
<text_reviews_count>12538</text_reviews_count>
</author>
</authors>

    <reviews_widget>
      <![CDATA[
        <style>
  #goodreads-widget {
    font-family: georgia, serif;
    padding: 18px 0;
    width:565px;
  }
  #goodreads-widget h1 {
    font-weight:normal;
    font-size: 16px;
    border-bottom: 1px solid #BBB596;
    margin-bottom: 0;
  }
  #goodreads-widget a {
    text-decoration: none;
    color:#660;
  }
  iframe{
    background-color: #fff;
  }
  #goodreads-widget a:hover { text-decoration: underline; }
  #goodreads-widget a:active {
    color:#660;
  }
  #gr_footer {
    width: 100%;
    border-top: 1px solid #BBB596;
    text-align: right;
  }
  #goodreads-widget .gr_branding{
    color: #382110;
    font-size: 11px;
    text-decoration: none;
    font-family: "Helvetica Neue", Helvetica, Arial, sans-serif;
  }
</style>
<div id="goodreads-widget">
  <div id="gr_header"><h1><a rel="nofollow" href="https://www.goodreads.com/book/show/1078.The_Good_Earth">The Good Earth Reviews</a></h1></div>
  <iframe id="the_iframe" src="https://www.goodreads.com/api/reviews_widget_iframe?did=DEVELOPER_ID&amp;format=html&amp;isbn=1416500189&amp;links=660&amp;min_rating=&amp;review_back=fff&amp;stars=000&amp;text=000" width="565" height="400" frameborder="0"></iframe>
  <div id="gr_footer">
    <a class="gr_branding" target="_blank" rel="nofollow" href="https://www.goodreads.com/book/show/1078.The_Good_Earth?utm_medium=api&amp;utm_source=reviews_widget">Reviews from Goodreads.com</a>
  </div>
</div>

      ]]>
    </reviews_widget>
  <popular_shelves>
      <shelf name="to-read" count="1413"/>
      <shelf name="china" count="694"/>
      <shelf name="book-club" count="421"/>
      <shelf name="literature" count="349"/>
      <shelf name="owned" count="295"/>
      <shelf name="pulitzer" count="294"/>
      <shelf name="books-i-own" count="287"/>
      <shelf name="asia" count="252"/>
      <shelf name="novels" count="206"/>
      <shelf name="pulitzer-prize" count="195"/>
      <shelf name="school" count="151"/>
      <shelf name="currently-reading" count="137"/>
      <shelf name="adult-fiction" count="123"/>
      <shelf name="classic-literature" count="118"/>
      <shelf name="novel" count="113"/>
      <shelf name="audiobook" count="112"/>
      <shelf name="clàssics" count="104"/>
      <shelf name="audio" count="102"/>
      <shelf name="adult" count="97"/>
      <shelf name="owned-books" count="96"/>
      <shelf name="series" count="93"/>
      <shelf name="library" count="90"/>
      <shelf name="audiobooks" count="88"/>
      <shelf name="asian" count="85"/>
      <shelf name="default" count="83"/>
      <shelf name="pulitzer-prize-winners" count="74"/>
      <shelf name="bookclub" count="74"/>
      <shelf name="american-literature" count="73"/>
      <shelf name="oprah-s-book-club" count="73"/>
      <shelf name="oprah" count="70"/>
      <shelf name="20th-century" count="70"/>
      <shelf name="nobel-prize" count="69"/>
      <shelf name="read-for-school" count="69"/>
      <shelf name="to-buy" count="67"/>
      <shelf name="american" count="65"/>
      <shelf name="general-fiction" count="61"/>
      <shelf name="nobel" count="61"/>
      <shelf name="kindle" count="60"/>
      <shelf name="pearl-s-buck" count="58"/>
      <shelf name="classic-fiction" count="58"/>
      <shelf name="family" count="58"/>
      <shelf name="book-group" count="55"/>
      <shelf name="all-time-favorites" count="54"/>
      <shelf name="cultural" count="53"/>
      <shelf name="chinese" count="51"/>
      <shelf name="pulitzer-winners" count="51"/>
      <shelf name="my-library" count="51"/>
      <shelf name="school-books" count="50"/>
      <shelf name="favorite-books" count="49"/>
      <shelf name="own-it" count="48"/>
      <shelf name="for-school" count="48"/>
      <shelf name="classic-lit" count="48"/>
      <shelf name="pulitzers" count="48"/>
      <shelf name="i-own" count="47"/>
      <shelf name="fiction" count="45"/>
      <shelf name="pulitzer-fiction" count="45"/>
      <shelf name="oprah-book-club" count="45"/>
      <shelf name="to-re-read" count="45"/>
      <shelf name="shelfari-favorites" count="44"/>
      <shelf name="classics-to-read" count="44"/>
      <shelf name="oprahs-book-club" count="43"/>
      <shelf name="favourites" count="43"/>
      <shelf name="audible" count="42"/>
      <shelf name="modern-classics" count="41"/>
      <shelf name="audio-books" count="41"/>
      <shelf name="book-club-books" count="40"/>
      <shelf name="audio-book" count="39"/>
      <shelf name="literary" count="39"/>
      <shelf name="drama" count="36"/>
      <shelf name="re-read" count="35"/>
      <shelf name="nobel-laureates" count="35"/>
      <shelf name="award-winners" count="35"/>
      <shelf name="women" count="35"/>
      <shelf name="favorite" count="34"/>
      <shelf name="abandoned" count="33"/>
      <shelf name="culture" count="32"/>
      <shelf name="my-favorites" count="32"/>
      <shelf name="to-read-fiction" count="31"/>
      <shelf name="female-authors" count="31"/>
      <shelf name="fiction-historical" count="31"/>
      <shelf name="young-adult" count="31"/>
      <shelf name="read-in-school" count="31"/>
      <shelf name="favorites" count="30"/>
      <shelf name="female-author" count="30"/>
      <shelf name="american-lit" count="30"/>
      <shelf name="english" count="29"/>
      <shelf name="borrowed" count="29"/>
      <shelf name="fiction-classics" count="29"/>
      <shelf name="wish-list" count="28"/>
      <shelf name="my-books" count="28"/>
      <shelf name="1930s" count="27"/>
      <shelf name="chinese-culture" count="26"/>
      <shelf name="asian-lit" count="26"/>
      <shelf name="east-asia" count="26"/>
      <shelf name="finished" count="26"/>
      <shelf name="read-again" count="25"/>
      <shelf name="100-books-to-read-in-a-lifetime" count="24"/>
      <shelf name="asian-literature" count="24"/>
      <shelf name="to-read-classics" count="24"/>
      <shelf name="pulitzer-prize-fiction" count="23"/>
  </popular_shelves>
  <book_links>
    <book_link>
  <id>8</id>
  <name>Libraries</name>
  <link>https://www.goodreads.com/book_link/follow/8</link>
</book_link>

  </book_links>
  <buy_links>
    <buy_link>
<id>1</id>
<name>Amazon</name>
<link>https://www.goodreads.com/book_link/follow/1</link>
</buy_link>
<buy_link>
<id>10</id>
<name>Audible</name>
<link>https://www.goodreads.com/book_link/follow/10</link>
</buy_link>
<buy_link>
<id>3</id>
<name>Barnes &amp; Noble</name>
<link>https://www.goodreads.com/book_link/follow/3</link>
</buy_link>
<buy_link>
<id>1027</id>
<name>Kobo</name>
<link>https://www.goodreads.com/book_link/follow/1027</link>
</buy_link>
<buy_link>
<id>2102</id>
<name>Apple iBooks</name>
<link>https://www.goodreads.com/book_link/follow/2102</link>
</buy_link>
<buy_link>
<id>8036</id>
<name>Google Play</name>
<link>https://www.goodreads.com/book_link/follow/8036</link>
</buy_link>
<buy_link>
<id>4</id>
<name>Abebooks</name>
<link>https://www.goodreads.com/book_link/follow/4</link>
</buy_link>
<buy_link>
<id>882</id>
<name>Book Depository</name>
<link>https://www.goodreads.com/book_link/follow/882</link>
</buy_link>
<buy_link>
<id>9</id>
<name>Indigo</name>
<link>https://www.goodreads.com/book_link/follow/9</link>
</buy_link>
<buy_link>
<id>2</id>
<name>Half.com</name>
<link>https://www.goodreads.com/book_link/follow/2</link>
</buy_link>
<buy_link>
<id>5</id>
<name>Alibris</name>
<link>https://www.goodreads.com/book_link/follow/5</link>
</buy_link>
<buy_link>
<id>107</id>
<name>Better World Books</name>
<link>https://www.goodreads.com/book_link/follow/107</link>
</buy_link>
<buy_link>
<id>7</id>
<name>IndieBound</name>
<link>https://www.goodreads.com/book_link/follow/7</link>
</buy_link>

  </buy_links>
  <series_works>
    <series_work>
<id>161837</id>
<user_position>1</user_position>
<series>
<id>45124</id>
<title>
<![CDATA[
    House of Earth
]]>
</title>
<description>
<![CDATA[
]]>
</description>
<note>
<![CDATA[
]]>
</note>
<series_works_count>4</series_works_count>
<primary_work_count>3</primary_work_count>
<numbered>true</numbered>
</series>

</series_work>
<series_work>
<id>1071985</id>
<user_position></user_position>
<series>
<id>208180</id>
<title>
<![CDATA[
    The Good Earth Trilogy Book 1
]]>
</title>
<description>
<![CDATA[
]]>
</description>
<note>
<![CDATA[
]]>
</note>
<series_works_count>1</series_works_count>
<primary_work_count>1</primary_work_count>
<numbered>false</numbered>
</series>

</series_work>

  </series_works>
  <similar_books>
          <book>
<id>267115</id>
<title>Now in November</title>
<title_without_series>Now in November</title_without_series>
<link><![CDATA[https://www.goodreads.com/book/show/267115.Now_in_November]]></link>
<small_image_url><![CDATA[https://s.gr-assets.com/assets/nophoto/book/50x75-a91bf249278a81aabab721ef782c4a74.png]]></small_image_url>
<image_url><![CDATA[https://s.gr-assets.com/assets/nophoto/book/111x148-bcc042a9c91a29c1d680899eff700a03.png]]></image_url>
<num_pages>288</num_pages>
<work>
<id>258987</id>
</work>
<isbn>1558610359</isbn>
<isbn13>9781558610354</isbn13>
<average_rating>3.64</average_rating>
<ratings_count>1030</ratings_count>
<publication_year>1993</publication_year>
<publication_month></publication_month>
<publication_day></publication_day>
<authors>
<author>
<id>736298</id>
<name>Josephine Winslow Johnson</name>
<link><![CDATA[https://www.goodreads.com/author/show/736298.Josephine_Winslow_Johnson]]></link>
</author>
</authors>
</book>

          <book>
<id>102855</id>
<title>Scarlet Sister Mary</title>
<title_without_series>Scarlet Sister Mary</title_without_series>
<link><![CDATA[https://www.goodreads.com/book/show/102855.Scarlet_Sister_Mary]]></link>
<small_image_url><![CDATA[https://images.gr-assets.com/books/1328809244s/102855.jpg]]></small_image_url>
<image_url><![CDATA[https://images.gr-assets.com/books/1328809244m/102855.jpg]]></image_url>
<num_pages>376</num_pages>
<work>
<id>274315</id>
</work>
<isbn>0820323772</isbn>
<isbn13>9780820323770</isbn13>
<average_rating>3.59</average_rating>
<ratings_count>856</ratings_count>
<publication_year>2004</publication_year>
<publication_month>1</publication_month>
<publication_day>9</publication_day>
<authors>
<author>
<id>59407</id>
<name>Julia Peterkin</name>
<link><![CDATA[https://www.goodreads.com/author/show/59407.Julia_Peterkin]]></link>
</author>
</authors>
</book>

          <book>
<id>1457221</id>
<title>Years of Grace</title>
<title_without_series>Years of Grace</title_without_series>
<link><![CDATA[https://www.goodreads.com/book/show/1457221.Years_of_Grace]]></link>
<small_image_url><![CDATA[https://images.gr-assets.com/books/1248301688s/1457221.jpg]]></small_image_url>
<image_url><![CDATA[https://images.gr-assets.com/books/1248301688m/1457221.jpg]]></image_url>
<num_pages>581</num_pages>
<work>
<id>2791537</id>
</work>
<isbn>087797179X</isbn>
<isbn13>9780877971795</isbn13>
<average_rating>3.72</average_rating>
<ratings_count>672</ratings_count>
<publication_year>2007</publication_year>
<publication_month>4</publication_month>
<publication_day>1</publication_day>
<authors>
<author>
<id>316716</id>
<name>Margaret Ayer Barnes</name>
<link><![CDATA[https://www.goodreads.com/author/show/316716.Margaret_Ayer_Barnes]]></link>
</author>
</authors>
</book>

          <book>
<id>11389</id>
<title>Arrowsmith</title>
<title_without_series>Arrowsmith</title_without_series>
<link><![CDATA[https://www.goodreads.com/book/show/11389.Arrowsmith]]></link>
<small_image_url><![CDATA[https://images.gr-assets.com/books/1328006651s/11389.jpg]]></small_image_url>
<image_url><![CDATA[https://images.gr-assets.com/books/1328006651m/11389.jpg]]></image_url>
<num_pages>428</num_pages>
<work>
<id>1446230</id>
</work>
<isbn>0451526910</isbn>
<isbn13>9780451526915</isbn13>
<average_rating>3.81</average_rating>
<ratings_count>5719</ratings_count>
<publication_year>1953</publication_year>
<publication_month>6</publication_month>
<publication_day>1</publication_day>
<authors>
<author>
<id>7330</id>
<name>Sinclair Lewis</name>
<link><![CDATA[https://www.goodreads.com/author/show/7330.Sinclair_Lewis]]></link>
</author>
</authors>
</book>

          <book>
<id>221327</id>
<title><![CDATA[Early Autumn: A Story of a Lady]]></title>
<title_without_series><![CDATA[Early Autumn: A Story of a Lady]]></title_without_series>
<link><![CDATA[https://www.goodreads.com/book/show/221327.Early_Autumn]]></link>
<small_image_url><![CDATA[https://s.gr-assets.com/assets/nophoto/book/50x75-a91bf249278a81aabab721ef782c4a74.png]]></small_image_url>
<image_url><![CDATA[https://s.gr-assets.com/assets/nophoto/book/111x148-bcc042a9c91a29c1d680899eff700a03.png]]></image_url>
<num_pages></num_pages>
<work>
<id>214320</id>
</work>
<isbn>1888683317</isbn>
<isbn13>9781888683318</isbn13>
<average_rating>3.60</average_rating>
<ratings_count>836</ratings_count>
<publication_year></publication_year>
<publication_month></publication_month>
<publication_day></publication_day>
<authors>
<author>
<id>129457</id>
<name>Louis Bromfield</name>
<link><![CDATA[https://www.goodreads.com/author/show/129457.Louis_Bromfield]]></link>
</author>
</authors>
</book>

          <book>
<id>274607</id>
<title>The Store</title>
<title_without_series>The Store</title_without_series>
<link><![CDATA[https://www.goodreads.com/book/show/274607.The_Store]]></link>
<small_image_url><![CDATA[https://images.gr-assets.com/books/1418462796s/274607.jpg]]></small_image_url>
<image_url><![CDATA[https://images.gr-assets.com/books/1418462796m/274607.jpg]]></image_url>
<num_pages>592</num_pages>
<work>
<id>266277</id>
</work>
<isbn>1568490569</isbn>
<isbn13>9781568490564</isbn13>
<average_rating>3.74</average_rating>
<ratings_count>470</ratings_count>
<publication_year></publication_year>
<publication_month></publication_month>
<publication_day></publication_day>
<authors>
<author>
<id>761995</id>
<name>T.S. Stribling</name>
<link><![CDATA[https://www.goodreads.com/author/show/761995.T_S_Stribling]]></link>
</author>
</authors>
</book>

          <book>
<id>267418</id>
<title>The Late George Apley</title>
<title_without_series>The Late George Apley</title_without_series>
<link><![CDATA[https://www.goodreads.com/book/show/267418.The_Late_George_Apley]]></link>
<small_image_url><![CDATA[https://s.gr-assets.com/assets/nophoto/book/50x75-a91bf249278a81aabab721ef782c4a74.png]]></small_image_url>
<image_url><![CDATA[https://s.gr-assets.com/assets/nophoto/book/111x148-bcc042a9c91a29c1d680899eff700a03.png]]></image_url>
<num_pages></num_pages>
<work>
<id>1220530</id>
</work>
<isbn>0316735671</isbn>
<isbn13>9780316735674</isbn13>
<average_rating>3.70</average_rating>
<ratings_count>1800</ratings_count>
<publication_year></publication_year>
<publication_month></publication_month>
<publication_day></publication_day>
<authors>
<author>
<id>156078</id>
<name>John P. Marquand</name>
<link><![CDATA[https://www.goodreads.com/author/show/156078.John_P_Marquand]]></link>
</author>
</authors>
</book>

          <book>
<id>267478</id>
<title>Lamb in His Bosom</title>
<title_without_series>Lamb in His Bosom</title_without_series>
<link><![CDATA[https://www.goodreads.com/book/show/267478.Lamb_in_His_Bosom]]></link>
<small_image_url><![CDATA[https://s.gr-assets.com/assets/nophoto/book/50x75-a91bf249278a81aabab721ef782c4a74.png]]></small_image_url>
<image_url><![CDATA[https://s.gr-assets.com/assets/nophoto/book/111x148-bcc042a9c91a29c1d680899eff700a03.png]]></image_url>
<num_pages>357</num_pages>
<work>
<id>259320</id>
</work>
<isbn>156145074X</isbn>
<isbn13>9781561450749</isbn13>
<average_rating>3.82</average_rating>
<ratings_count>1071</ratings_count>
<publication_year>2005</publication_year>
<publication_month>12</publication_month>
<publication_day>1</publication_day>
<authors>
<author>
<id>156110</id>
<name>Caroline Miller</name>
<link><![CDATA[https://www.goodreads.com/author/show/156110.Caroline_Miller]]></link>
</author>
</authors>
</book>

          <book>
<id>748029</id>
<title>Journey in the Dark</title>
<title_without_series>Journey in the Dark</title_without_series>
<link><![CDATA[https://www.goodreads.com/book/show/748029.Journey_in_the_Dark]]></link>
<small_image_url><![CDATA[https://s.gr-assets.com/assets/nophoto/book/50x75-a91bf249278a81aabab721ef782c4a74.png]]></small_image_url>
<image_url><![CDATA[https://s.gr-assets.com/assets/nophoto/book/111x148-bcc042a9c91a29c1d680899eff700a03.png]]></image_url>
<num_pages></num_pages>
<work>
<id>734171</id>
</work>
<isbn>0837133378</isbn>
<isbn13>9780837133379</isbn13>
<average_rating>3.59</average_rating>
<ratings_count>610</ratings_count>
<publication_year></publication_year>
<publication_month></publication_month>
<publication_day></publication_day>
<authors>
<author>
<id>155758</id>
<name>Martin Flavin</name>
<link><![CDATA[https://www.goodreads.com/author/show/155758.Martin_Flavin]]></link>
</author>
</authors>
</book>

          <book>
<id>1052571</id>
<title>Honey in the Horn</title>
<title_without_series>Honey in the Horn</title_without_series>
<link><![CDATA[https://www.goodreads.com/book/show/1052571.Honey_in_the_Horn]]></link>
<small_image_url><![CDATA[https://images.gr-assets.com/books/1351803884s/1052571.jpg]]></small_image_url>
<image_url><![CDATA[https://images.gr-assets.com/books/1351803884m/1052571.jpg]]></image_url>
<num_pages>408</num_pages>
<work>
<id>1039050</id>
</work>
<isbn>089301155X</isbn>
<isbn13>9780893011550</isbn13>
<average_rating>3.59</average_rating>
<ratings_count>813</ratings_count>
<publication_year>1992</publication_year>
<publication_month>10</publication_month>
<publication_day>1</publication_day>
<authors>
<author>
<id>3082834</id>
<name>H.L. Davis</name>
<link><![CDATA[https://www.goodreads.com/author/show/3082834.H_L_Davis]]></link>
</author>
</authors>
</book>

          <book>
<id>274746</id>
<title><![CDATA[The Travels of Jaimie McPheeters]]></title>
<title_without_series><![CDATA[The Travels of Jaimie McPheeters]]></title_without_series>
<link><![CDATA[https://www.goodreads.com/book/show/274746.The_Travels_of_Jaimie_McPheeters]]></link>
<small_image_url><![CDATA[https://s.gr-assets.com/assets/nophoto/book/50x75-a91bf249278a81aabab721ef782c4a74.png]]></small_image_url>
<image_url><![CDATA[https://s.gr-assets.com/assets/nophoto/book/111x148-bcc042a9c91a29c1d680899eff700a03.png]]></image_url>
<num_pages>544</num_pages>
<work>
<id>266412</id>
</work>
<isbn>0385422229</isbn>
<isbn13>9780385422222</isbn13>
<average_rating>3.93</average_rating>
<ratings_count>2388</ratings_count>
<publication_year>1992</publication_year>
<publication_month>12</publication_month>
<publication_day>1</publication_day>
<authors>
<author>
<id>160131</id>
<name>Robert Lewis Taylor</name>
<link><![CDATA[https://www.goodreads.com/author/show/160131.Robert_Lewis_Taylor]]></link>
</author>
</authors>
</book>

          <book>
<id>1045278</id>
<title>Guard of Honor</title>
<title_without_series>Guard of Honor</title_without_series>
<link><![CDATA[https://www.goodreads.com/book/show/1045278.Guard_of_Honor]]></link>
<small_image_url><![CDATA[https://images.gr-assets.com/books/1393484792s/1045278.jpg]]></small_image_url>
<image_url><![CDATA[https://images.gr-assets.com/books/1393484792m/1045278.jpg]]></image_url>
<num_pages>614</num_pages>
<work>
<id>1031701</id>
</work>
<isbn>0679603050</isbn>
<isbn13>9780679603054</isbn13>
<average_rating>3.50</average_rating>
<ratings_count>948</ratings_count>
<publication_year>1998</publication_year>
<publication_month>5</publication_month>
<publication_day>26</publication_day>
<authors>
<author>
<id>296437</id>
<name>James Gould Cozzens</name>
<link><![CDATA[https://www.goodreads.com/author/show/296437.James_Gould_Cozzens]]></link>
</author>
</authors>
</book>

          <book>
<id>1791813</id>
<title>In This Our Life</title>
<title_without_series>In This Our Life</title_without_series>
<link><![CDATA[https://www.goodreads.com/book/show/1791813.In_This_Our_Life]]></link>
<small_image_url><![CDATA[https://images.gr-assets.com/books/1351346945s/1791813.jpg]]></small_image_url>
<image_url><![CDATA[https://images.gr-assets.com/books/1351346945m/1791813.jpg]]></image_url>
<num_pages>350</num_pages>
<work>
<id>4849214</id>
</work>
<isbn>1568496273</isbn>
<isbn13>9781568496276</isbn13>
<average_rating>3.60</average_rating>
<ratings_count>710</ratings_count>
<publication_year>1995</publication_year>
<publication_month>12</publication_month>
<publication_day>1</publication_day>
<authors>
<author>
<id>155811</id>
<name>Ellen Glasgow</name>
<link><![CDATA[https://www.goodreads.com/author/show/155811.Ellen_Glasgow]]></link>
</author>
</authors>
</book>

          <book>
<id>415412</id>
<title>A Bell for Adano</title>
<title_without_series>A Bell for Adano</title_without_series>
<link><![CDATA[https://www.goodreads.com/book/show/415412.A_Bell_for_Adano]]></link>
<small_image_url><![CDATA[https://images.gr-assets.com/books/1403185397s/415412.jpg]]></small_image_url>
<image_url><![CDATA[https://images.gr-assets.com/books/1403185397m/415412.jpg]]></image_url>
<num_pages>269</num_pages>
<work>
<id>1798417</id>
</work>
<isbn>0394756959</isbn>
<isbn13>9780394756950</isbn13>
<average_rating>3.96</average_rating>
<ratings_count>6640</ratings_count>
<publication_year>1988</publication_year>
<publication_month>3</publication_month>
<publication_day>12</publication_day>
<authors>
<author>
<id>15328</id>
<name>John Hersey</name>
<link><![CDATA[https://www.goodreads.com/author/show/15328.John_Hersey]]></link>
</author>
</authors>
</book>

          <book>
<id>542883</id>
<title>The Able McLaughlins</title>
<title_without_series>The Able McLaughlins</title_without_series>
<link><![CDATA[https://www.goodreads.com/book/show/542883.The_Able_McLaughlins]]></link>
<small_image_url><![CDATA[https://s.gr-assets.com/assets/nophoto/book/50x75-a91bf249278a81aabab721ef782c4a74.png]]></small_image_url>
<image_url><![CDATA[https://s.gr-assets.com/assets/nophoto/book/111x148-bcc042a9c91a29c1d680899eff700a03.png]]></image_url>
<num_pages>262</num_pages>
<work>
<id>530204</id>
</work>
<isbn>0877972885</isbn>
<isbn13>9780877972884</isbn13>
<average_rating>3.64</average_rating>
<ratings_count>823</ratings_count>
<publication_year>2007</publication_year>
<publication_month>4</publication_month>
<publication_day>1</publication_day>
<authors>
<author>
<id>298677</id>
<name>Margaret Wilson</name>
<link><![CDATA[https://www.goodreads.com/author/show/298677.Margaret_Wilson]]></link>
</author>
</authors>
</book>

          <book>
<id>54844</id>
<title><![CDATA[Dragon's Teeth I (World's End)]]></title>
<title_without_series>Dragon&apos;s Teeth I</title_without_series>
<link><![CDATA[https://www.goodreads.com/book/show/54844.Dragon_s_Teeth_I]]></link>
<small_image_url><![CDATA[https://s.gr-assets.com/assets/nophoto/book/50x75-a91bf249278a81aabab721ef782c4a74.png]]></small_image_url>
<image_url><![CDATA[https://s.gr-assets.com/assets/nophoto/book/111x148-bcc042a9c91a29c1d680899eff700a03.png]]></image_url>
<num_pages></num_pages>
<work>
<id>2318018</id>
</work>
<isbn>1931313032</isbn>
<isbn13>9781931313032</isbn13>
<average_rating>3.74</average_rating>
<ratings_count>408</ratings_count>
<publication_year></publication_year>
<publication_month></publication_month>
<publication_day></publication_day>
<authors>
<author>
<id>23510</id>
<name>Upton Sinclair</name>
<link><![CDATA[https://www.goodreads.com/author/show/23510.Upton_Sinclair]]></link>
</author>
</authors>
</book>

          <book>
<id>538059</id>
<title>Elbow Room</title>
<title_without_series>Elbow Room</title_without_series>
<link><![CDATA[https://www.goodreads.com/book/show/538059.Elbow_Room]]></link>
<small_image_url><![CDATA[https://images.gr-assets.com/books/1403178953s/538059.jpg]]></small_image_url>
<image_url><![CDATA[https://images.gr-assets.com/books/1403178953m/538059.jpg]]></image_url>
<num_pages>288</num_pages>
<work>
<id>183367</id>
</work>
<isbn>0449213579</isbn>
<isbn13>9780449213575</isbn13>
<average_rating>3.68</average_rating>
<ratings_count>1282</ratings_count>
<publication_year></publication_year>
<publication_month></publication_month>
<publication_day></publication_day>
<authors>
<author>
<id>110540</id>
<name>James Alan McPherson</name>
<link><![CDATA[https://www.goodreads.com/author/show/110540.James_Alan_McPherson]]></link>
</author>
</authors>
</book>

          <book>
<id>543095</id>
<title>His Family</title>
<title_without_series>His Family</title_without_series>
<link><![CDATA[https://www.goodreads.com/book/show/543095.His_Family]]></link>
<small_image_url><![CDATA[https://s.gr-assets.com/assets/nophoto/book/50x75-a91bf249278a81aabab721ef782c4a74.png]]></small_image_url>
<image_url><![CDATA[https://s.gr-assets.com/assets/nophoto/book/111x148-bcc042a9c91a29c1d680899eff700a03.png]]></image_url>
<num_pages>336</num_pages>
<work>
<id>2976878</id>
</work>
<isbn>1594624089</isbn>
<isbn13>9781594624087</isbn13>
<average_rating>3.62</average_rating>
<ratings_count>1390</ratings_count>
<publication_year>2007</publication_year>
<publication_month>2</publication_month>
<publication_day>8</publication_day>
<authors>
<author>
<id>298787</id>
<name>Ernest Poole</name>
<link><![CDATA[https://www.goodreads.com/author/show/298787.Ernest_Poole]]></link>
</author>
</authors>
</book>

  </similar_books>
</book>

</GoodreadsResponse>