<?xml version="1.0" encoding="UTF-8"?>
<GoodreadsResponse>
  <Request>
    <authentication>true</authentication>
      <key><![CDATA[all_men_must_serve]]></key>
    <method><![CDATA[book_show]]></method>
  </Request>
  <book>
  <id>107896</id>
  <title>Starter for Ten</title>
  <isbn><![CDATA[0345498127]]></isbn>
  <isbn13><![CDATA[9780345498120]]></isbn13>
  <asin><![CDATA[]]></asin>
  <kindle_asin><![CDATA[B004GHN2OE]]></kindle_asin>
  <marketplace_id><![CDATA[A1F83G8C2ARO7P]]></marketplace_id>
  <country_code><![CDATA[GB]]></country_code>
  <image_url>https://s.gr-assets.com/assets/nophoto/book/111x148-bcc042a9c91a29c1d680899eff700a03.png</image_url>
  <small_image_url>https://s.gr-assets.com/assets/nophoto/book/50x75-a91bf249278a81aabab721ef782c4a74.png</small_image_url>
  <publication_year>2007</publication_year>
  <publication_month>1</publication_month>
  <publication_day>23</publication_day>
  <publisher>Villard</publisher>
  <language_code>eng</language_code>
  <is_ebook>false</is_ebook>
  <description><![CDATA[The year is 1985. Brian Jackson, a working-class kid on full scholarship, has started his first term at university. He has a dark secret—a long-held, burning ambition to appear on the wildly popular British TV quiz show <i>University Challenge</i>—and now, finally, it seems the dream is about to become reality. He's made the school team, and they've completed the qualifying rounds and are limbering up for their first televised match. (And, what's more, he's fallen head over heels for one of his teammates, the beautiful, brainy, and intimidatingly posh Alice Harbinson.) Life seems perfect and triumph inevitable—but as his world opens up, Brian learns that a little knowledge can be a dangerous thing.]]></description>
  <work>
  <id type="integer">16511713</id>
  <books_count type="integer">65</books_count>
  <best_book_id type="integer">107896</best_book_id>
  <reviews_count type="integer">25719</reviews_count>
  <ratings_sum type="integer">54952</ratings_sum>
  <ratings_count type="integer">15348</ratings_count>
  <text_reviews_count type="integer">1089</text_reviews_count>
  <original_publication_year type="integer">2003</original_publication_year>
  <original_publication_month type="integer" nil="true"/>
  <original_publication_day type="integer" nil="true"/>
  <original_title>Starter for Ten</original_title>
  <original_language_id type="integer" nil="true"/>
  <media_type>book</media_type>
  <rating_dist>5:2585|4:5924|3:5010|2:1472|1:357|total:15348</rating_dist>
  <desc_user_id type="integer">39669069</desc_user_id>
  <default_chaptering_book_id type="integer" nil="true"/>
  <default_description_language_code nil="true"/>
</work>
  <average_rating>3.58</average_rating>
  <num_pages><![CDATA[352]]></num_pages>
  <format><![CDATA[Paperback]]></format>
  <edition_information><![CDATA[]]></edition_information>
  <ratings_count><![CDATA[11766]]></ratings_count>
  <text_reviews_count><![CDATA[699]]></text_reviews_count>
  <url><![CDATA[https://www.goodreads.com/book/show/107896.Starter_for_Ten]]></url>
  <link><![CDATA[https://www.goodreads.com/book/show/107896.Starter_for_Ten]]></link>
  <authors>
<author>
<id>46118</id>
<name>David Nicholls</name>
<role></role>
<image_url nophoto='false'>
<![CDATA[https://images.gr-assets.com/authors/1283277096p5/46118.jpg]]>
</image_url>
<small_image_url nophoto='false'>
<![CDATA[https://images.gr-assets.com/authors/1283277096p2/46118.jpg]]>
</small_image_url>
<link><![CDATA[https://www.goodreads.com/author/show/46118.David_Nicholls]]></link>
<average_rating>3.73</average_rating>
<ratings_count>305969</ratings_count>
<text_reviews_count>21564</text_reviews_count>
</author>
</authors>

    <reviews_widget>
      <![CDATA[
        <style>
  #goodreads-widget {
    font-family: georgia, serif;
    padding: 18px 0;
    width:565px;
  }
  #goodreads-widget h1 {
    font-weight:normal;
    font-size: 16px;
    border-bottom: 1px solid #BBB596;
    margin-bottom: 0;
  }
  #goodreads-widget a {
    text-decoration: none;
    color:#660;
  }
  iframe{
    background-color: #fff;
  }
  #goodreads-widget a:hover { text-decoration: underline; }
  #goodreads-widget a:active {
    color:#660;
  }
  #gr_footer {
    width: 100%;
    border-top: 1px solid #BBB596;
    text-align: right;
  }
  #goodreads-widget .gr_branding{
    color: #382110;
    font-size: 11px;
    text-decoration: none;
    font-family: "Helvetica Neue", Helvetica, Arial, sans-serif;
  }
</style>
<div id="goodreads-widget">
  <div id="gr_header"><h1><a rel="nofollow" href="https://www.goodreads.com/book/show/107896.Starter_for_Ten">Starter for Ten Reviews</a></h1></div>
  <iframe id="the_iframe" src="https://www.goodreads.com/api/reviews_widget_iframe?did=DEVELOPER_ID&amp;format=html&amp;isbn=0345498127&amp;links=660&amp;min_rating=&amp;review_back=fff&amp;stars=000&amp;text=000" width="565" height="400" frameborder="0"></iframe>
  <div id="gr_footer">
    <a class="gr_branding" target="_blank" rel="nofollow" href="https://www.goodreads.com/book/show/107896.Starter_for_Ten?utm_medium=api&amp;utm_source=reviews_widget">Reviews from Goodreads.com</a>
  </div>
</div>

      ]]>
    </reviews_widget>
  <popular_shelves>
      <shelf name="to-read" count="331"/>
      <shelf name="currently-reading" count="137"/>
      <shelf name="books-i-own" count="101"/>
      <shelf name="favorites" count="99"/>
      <shelf name="contemporary" count="88"/>
      <shelf name="fiction" count="84"/>
      <shelf name="owned" count="66"/>
      <shelf name="humour" count="64"/>
      <shelf name="romance" count="59"/>
      <shelf name="kindle" count="39"/>
      <shelf name="young-adult" count="35"/>
      <shelf name="humor" count="35"/>
      <shelf name="owned-books" count="32"/>
      <shelf name="to-buy" count="29"/>
      <shelf name="default" count="28"/>
      <shelf name="adult" count="28"/>
      <shelf name="coming-of-age" count="27"/>
      <shelf name="comedy" count="27"/>
      <shelf name="favourites" count="26"/>
      <shelf name="general-fiction" count="19"/>
      <shelf name="british" count="18"/>
      <shelf name="contemporary-fiction" count="17"/>
      <shelf name="read-in-2015" count="16"/>
      <shelf name="david-nicholls" count="16"/>
      <shelf name="english" count="15"/>
      <shelf name="ebook" count="15"/>
      <shelf name="audiobook" count="14"/>
      <shelf name="library" count="14"/>
      <shelf name="read-in-2016" count="13"/>
      <shelf name="funny" count="13"/>
      <shelf name="my-books" count="13"/>
      <shelf name="novels" count="12"/>
      <shelf name="book-club" count="12"/>
      <shelf name="adult-fiction" count="11"/>
      <shelf name="uk" count="11"/>
      <shelf name="ya" count="10"/>
      <shelf name="read-in-2013" count="10"/>
      <shelf name="read-in-2012" count="10"/>
      <shelf name="read-in-2011" count="10"/>
      <shelf name="read-in-2014" count="9"/>
      <shelf name="england" count="9"/>
      <shelf name="bought" count="9"/>
      <shelf name="read-2014" count="8"/>
      <shelf name="chick-lit" count="8"/>
      <shelf name="my-library" count="8"/>
      <shelf name="read-2011" count="8"/>
      <shelf name="read-in-english" count="8"/>
      <shelf name="21st-century" count="7"/>
      <shelf name="e-book" count="7"/>
      <shelf name="maybe" count="7"/>
      <shelf name="literary-fiction" count="7"/>
      <shelf name="british-literature" count="7"/>
      <shelf name="relationships" count="7"/>
      <shelf name="novel" count="7"/>
      <shelf name="college" count="7"/>
      <shelf name="read-2016" count="6"/>
      <shelf name="read-2015" count="6"/>
      <shelf name="new-adult" count="6"/>
      <shelf name="did-not-finish" count="6"/>
      <shelf name="read-2012" count="6"/>
      <shelf name="2012-reads" count="6"/>
      <shelf name="modern-fiction" count="6"/>
      <shelf name="i-own" count="6"/>
      <shelf name="first-reads" count="6"/>
      <shelf name="book-to-movie" count="6"/>
      <shelf name="to-read-owned" count="5"/>
      <shelf name="tbr" count="5"/>
      <shelf name="audiobooks" count="5"/>
      <shelf name="bookshelf" count="5"/>
      <shelf name="read-2013" count="5"/>
      <shelf name="abandoned" count="5"/>
      <shelf name="owned-to-read" count="5"/>
      <shelf name="drama" count="5"/>
      <shelf name="paperback" count="5"/>
      <shelf name="borrowed" count="5"/>
      <shelf name="british-fiction" count="5"/>
      <shelf name="brit-lit" count="5"/>
      <shelf name="wish-list" count="5"/>
      <shelf name="on-my-shelf" count="5"/>
      <shelf name="literature" count="5"/>
      <shelf name="e-books" count="5"/>
      <shelf name="2016-reading-challenge" count="4"/>
      <shelf name="shelfari-favorites" count="4"/>
      <shelf name="2000s" count="4"/>
      <shelf name="stand-alone" count="4"/>
      <shelf name="sub" count="4"/>
      <shelf name="ebooks" count="4"/>
      <shelf name="lad-lit" count="4"/>
      <shelf name="misc" count="4"/>
      <shelf name="kindle-books" count="4"/>
      <shelf name="other" count="4"/>
      <shelf name="movies" count="4"/>
      <shelf name="unfinished" count="4"/>
      <shelf name="3-star" count="4"/>
      <shelf name="hard-copy" count="4"/>
      <shelf name="easy-reading" count="4"/>
      <shelf name="reviewed" count="4"/>
      <shelf name="leituras-2012" count="4"/>
      <shelf name="home-library" count="4"/>
      <shelf name="friendship" count="4"/>
  </popular_shelves>
  <book_links>
    <book_link>
  <id>8</id>
  <name>Libraries</name>
  <link>https://www.goodreads.com/book_link/follow/8</link>
</book_link>

  </book_links>
  <buy_links>
    <buy_link>
<id>1</id>
<name>Amazon</name>
<link>https://www.goodreads.com/book_link/follow/1</link>
</buy_link>
<buy_link>
<id>10</id>
<name>Audible</name>
<link>https://www.goodreads.com/book_link/follow/10</link>
</buy_link>
<buy_link>
<id>3</id>
<name>Barnes &amp; Noble</name>
<link>https://www.goodreads.com/book_link/follow/3</link>
</buy_link>
<buy_link>
<id>1027</id>
<name>Kobo</name>
<link>https://www.goodreads.com/book_link/follow/1027</link>
</buy_link>
<buy_link>
<id>2102</id>
<name>Apple iBooks</name>
<link>https://www.goodreads.com/book_link/follow/2102</link>
</buy_link>
<buy_link>
<id>8036</id>
<name>Google Play</name>
<link>https://www.goodreads.com/book_link/follow/8036</link>
</buy_link>
<buy_link>
<id>4</id>
<name>Abebooks</name>
<link>https://www.goodreads.com/book_link/follow/4</link>
</buy_link>
<buy_link>
<id>882</id>
<name>Book Depository</name>
<link>https://www.goodreads.com/book_link/follow/882</link>
</buy_link>
<buy_link>
<id>9</id>
<name>Indigo</name>
<link>https://www.goodreads.com/book_link/follow/9</link>
</buy_link>
<buy_link>
<id>2</id>
<name>Half.com</name>
<link>https://www.goodreads.com/book_link/follow/2</link>
</buy_link>
<buy_link>
<id>5</id>
<name>Alibris</name>
<link>https://www.goodreads.com/book_link/follow/5</link>
</buy_link>
<buy_link>
<id>107</id>
<name>Better World Books</name>
<link>https://www.goodreads.com/book_link/follow/107</link>
</buy_link>
<buy_link>
<id>7</id>
<name>IndieBound</name>
<link>https://www.goodreads.com/book_link/follow/7</link>
</buy_link>

  </buy_links>
  <series_works>
    
  </series_works>
  <similar_books>
          <book>
<id>15739968</id>
<title>The Knot</title>
<title_without_series>The Knot</title_without_series>
<link><![CDATA[https://www.goodreads.com/book/show/15739968-the-knot]]></link>
<small_image_url><![CDATA[https://images.gr-assets.com/books/1341650444s/15739968.jpg]]></small_image_url>
<image_url><![CDATA[https://images.gr-assets.com/books/1341650444m/15739968.jpg]]></image_url>
<num_pages>361</num_pages>
<work>
<id>19109351</id>
</work>
<isbn>1471113434</isbn>
<isbn13>9781471113437</isbn13>
<average_rating>3.56</average_rating>
<ratings_count>1235</ratings_count>
<publication_year>2012</publication_year>
<publication_month>8</publication_month>
<publication_day></publication_day>
<authors>
<author>
<id>14</id>
<name>Mark Watson</name>
<link><![CDATA[https://www.goodreads.com/author/show/14.Mark_Watson]]></link>
</author>
</authors>
</book>

          <book>
<id>7552763</id>
<title>The News Where You Are</title>
<title_without_series>The News Where You Are</title_without_series>
<link><![CDATA[https://www.goodreads.com/book/show/7552763-the-news-where-you-are]]></link>
<small_image_url><![CDATA[https://images.gr-assets.com/books/1328998304s/7552763.jpg]]></small_image_url>
<image_url><![CDATA[https://images.gr-assets.com/books/1328998304m/7552763.jpg]]></image_url>
<num_pages>320</num_pages>
<work>
<id>9850452</id>
</work>
<isbn>0670918555</isbn>
<isbn13>9780670918553</isbn13>
<average_rating>3.23</average_rating>
<ratings_count>1059</ratings_count>
<publication_year>2010</publication_year>
<publication_month>7</publication_month>
<publication_day>1</publication_day>
<authors>
<author>
<id>459007</id>
<name>Catherine O&apos;Flynn</name>
<link><![CDATA[https://www.goodreads.com/author/show/459007.Catherine_O_Flynn]]></link>
</author>
</authors>
</book>

          <book>
<id>12956970</id>
<title>Bird Brain</title>
<title_without_series>Bird Brain</title_without_series>
<link><![CDATA[https://www.goodreads.com/book/show/12956970-bird-brain]]></link>
<small_image_url><![CDATA[https://images.gr-assets.com/books/1352847353s/12956970.jpg]]></small_image_url>
<image_url><![CDATA[https://images.gr-assets.com/books/1352847353m/12956970.jpg]]></image_url>
<num_pages>291</num_pages>
<work>
<id>18114249</id>
</work>
<isbn>0224093991</isbn>
<isbn13>9780224093996</isbn13>
<average_rating>3.89</average_rating>
<ratings_count>174</ratings_count>
<publication_year>2011</publication_year>
<publication_month>10</publication_month>
<publication_day>6</publication_day>
<authors>
<author>
<id>588613</id>
<name>Guy Kennaway</name>
<link><![CDATA[https://www.goodreads.com/author/show/588613.Guy_Kennaway]]></link>
</author>
</authors>
</book>

          <book>
<id>289147</id>
<title>The Best A Man Can Get</title>
<title_without_series>The Best A Man Can Get</title_without_series>
<link><![CDATA[https://www.goodreads.com/book/show/289147.The_Best_A_Man_Can_Get]]></link>
<small_image_url><![CDATA[https://s.gr-assets.com/assets/nophoto/book/50x75-a91bf249278a81aabab721ef782c4a74.png]]></small_image_url>
<image_url><![CDATA[https://s.gr-assets.com/assets/nophoto/book/111x148-bcc042a9c91a29c1d680899eff700a03.png]]></image_url>
<num_pages>301</num_pages>
<work>
<id>1741619</id>
</work>
<isbn>0552998443</isbn>
<isbn13>9780552998444</isbn13>
<average_rating>3.58</average_rating>
<ratings_count>1904</ratings_count>
<publication_year>2001</publication_year>
<publication_month>6</publication_month>
<publication_day>4</publication_day>
<authors>
<author>
<id>167562</id>
<name>John O&apos;Farrell</name>
<link><![CDATA[https://www.goodreads.com/author/show/167562.John_O_Farrell]]></link>
</author>
</authors>
</book>

          <book>
<id>10363953</id>
<title><![CDATA[I Left My Tent in San Francisco]]></title>
<title_without_series><![CDATA[I Left My Tent in San Francisco]]></title_without_series>
<link><![CDATA[https://www.goodreads.com/book/show/10363953-i-left-my-tent-in-san-francisco]]></link>
<small_image_url><![CDATA[https://s.gr-assets.com/assets/nophoto/book/50x75-a91bf249278a81aabab721ef782c4a74.png]]></small_image_url>
<image_url><![CDATA[https://s.gr-assets.com/assets/nophoto/book/111x148-bcc042a9c91a29c1d680899eff700a03.png]]></image_url>
<num_pages>311</num_pages>
<work>
<id>15266998</id>
</work>
<isbn>0091935954</isbn>
<isbn13>9780091935955</isbn13>
<average_rating>3.89</average_rating>
<ratings_count>626</ratings_count>
<publication_year>2011</publication_year>
<publication_month>5</publication_month>
<publication_day>5</publication_day>
<authors>
<author>
<id>663538</id>
<name>Emma Kennedy</name>
<link><![CDATA[https://www.goodreads.com/author/show/663538.Emma_Kennedy]]></link>
</author>
</authors>
</book>

          <book>
<id>41038</id>
<title>The Rotters&apos; Club</title>
<title_without_series>The Rotters&apos; Club</title_without_series>
<link><![CDATA[https://www.goodreads.com/book/show/41038.The_Rotters_Club]]></link>
<small_image_url><![CDATA[https://images.gr-assets.com/books/1320495527s/41038.jpg]]></small_image_url>
<image_url><![CDATA[https://images.gr-assets.com/books/1320495527m/41038.jpg]]></image_url>
<num_pages>415</num_pages>
<work>
<id>2951664</id>
</work>
<isbn>0375713123</isbn>
<isbn13>9780375713125</isbn13>
<average_rating>3.95</average_rating>
<ratings_count>7386</ratings_count>
<publication_year>2003</publication_year>
<publication_month>2</publication_month>
<publication_day>4</publication_day>
<authors>
<author>
<id>19916</id>
<name>Jonathan Coe</name>
<link><![CDATA[https://www.goodreads.com/author/show/19916.Jonathan_Coe]]></link>
</author>
</authors>
</book>

          <book>
<id>18600508</id>
<title><![CDATA[There's More to Life Than Cupcakes]]></title>
<title_without_series><![CDATA[There's More to Life Than Cupcakes]]></title_without_series>
<link><![CDATA[https://www.goodreads.com/book/show/18600508-there-s-more-to-life-than-cupcakes]]></link>
<small_image_url><![CDATA[https://images.gr-assets.com/books/1380822255s/18600508.jpg]]></small_image_url>
<image_url><![CDATA[https://images.gr-assets.com/books/1380822255m/18600508.jpg]]></image_url>
<num_pages></num_pages>
<work>
<id>26369970</id>
</work>
<isbn></isbn>
<isbn13>9781910014004</isbn13>
<average_rating>3.75</average_rating>
<ratings_count>204</ratings_count>
<publication_year>2013</publication_year>
<publication_month>10</publication_month>
<publication_day>10</publication_day>
<authors>
<author>
<id>6040352</id>
<name>Poppy Dolan</name>
<link><![CDATA[https://www.goodreads.com/author/show/6040352.Poppy_Dolan]]></link>
</author>
</authors>
</book>

          <book>
<id>17610948</id>
<title><![CDATA[This Twentysomething Life: A sort-of prequel to This Thirtysomething Life]]></title>
<title_without_series><![CDATA[This Twentysomething Life: A sort-of prequel to This Thirtysomething Life]]></title_without_series>
<link><![CDATA[https://www.goodreads.com/book/show/17610948-this-twentysomething-life]]></link>
<small_image_url><![CDATA[https://images.gr-assets.com/books/1363208631s/17610948.jpg]]></small_image_url>
<image_url><![CDATA[https://images.gr-assets.com/books/1363208631m/17610948.jpg]]></image_url>
<num_pages>80</num_pages>
<work>
<id>25971704</id>
</work>
<isbn></isbn>
<isbn13></isbn13>
<average_rating>3.35</average_rating>
<ratings_count>201</ratings_count>
<publication_year>2013</publication_year>
<publication_month>3</publication_month>
<publication_day>7</publication_day>
<authors>
<author>
<id>5896066</id>
<name>Jon Rance</name>
<link><![CDATA[https://www.goodreads.com/author/show/5896066.Jon_Rance]]></link>
</author>
</authors>
</book>

          <book>
<id>51072</id>
<title><![CDATA[Adrian Mole and the Weapons of Mass Destruction (Adrian Mole, #6)]]></title>
<title_without_series><![CDATA[Adrian Mole and the Weapons of Mass Destruction]]></title_without_series>
<link><![CDATA[https://www.goodreads.com/book/show/51072.Adrian_Mole_and_the_Weapons_of_Mass_Destruction]]></link>
<small_image_url><![CDATA[https://s.gr-assets.com/assets/nophoto/book/50x75-a91bf249278a81aabab721ef782c4a74.png]]></small_image_url>
<image_url><![CDATA[https://s.gr-assets.com/assets/nophoto/book/111x148-bcc042a9c91a29c1d680899eff700a03.png]]></image_url>
<num_pages></num_pages>
<work>
<id>806415</id>
</work>
<isbn>1569474389</isbn>
<isbn13>9781569474389</isbn13>
<average_rating>3.86</average_rating>
<ratings_count>4833</ratings_count>
<publication_year></publication_year>
<publication_month></publication_month>
<publication_day></publication_day>
<authors>
<author>
<id>28707</id>
<name>Sue Townsend</name>
<link><![CDATA[https://www.goodreads.com/author/show/28707.Sue_Townsend]]></link>
</author>
</authors>
</book>

          <book>
<id>13448885</id>
<title>Charlotte Street</title>
<title_without_series>Charlotte Street</title_without_series>
<link><![CDATA[https://www.goodreads.com/book/show/13448885-charlotte-street]]></link>
<small_image_url><![CDATA[https://images.gr-assets.com/books/1328130731s/13448885.jpg]]></small_image_url>
<image_url><![CDATA[https://images.gr-assets.com/books/1328130731m/13448885.jpg]]></image_url>
<num_pages>416</num_pages>
<work>
<id>18969404</id>
</work>
<isbn>0091919029</isbn>
<isbn13>9780091919023</isbn13>
<average_rating>3.55</average_rating>
<ratings_count>3351</ratings_count>
<publication_year>2012</publication_year>
<publication_month>5</publication_month>
<publication_day>10</publication_day>
<authors>
<author>
<id>50428</id>
<name>Danny Wallace</name>
<link><![CDATA[https://www.goodreads.com/author/show/50428.Danny_Wallace]]></link>
</author>
</authors>
</book>

          <book>
<id>13508320</id>
<title>Going Out</title>
<title_without_series>Going Out</title_without_series>
<link><![CDATA[https://www.goodreads.com/book/show/13508320-going-out]]></link>
<small_image_url><![CDATA[https://images.gr-assets.com/books/1330718651s/13508320.jpg]]></small_image_url>
<image_url><![CDATA[https://images.gr-assets.com/books/1330718651m/13508320.jpg]]></image_url>
<num_pages>377</num_pages>
<work>
<id>2098562</id>
</work>
<isbn>0857862103</isbn>
<isbn13>9780857862105</isbn13>
<average_rating>3.51</average_rating>
<ratings_count>1395</ratings_count>
<publication_year>2012</publication_year>
<publication_month>4</publication_month>
<publication_day>5</publication_day>
<authors>
<author>
<id>53597</id>
<name>Scarlett Thomas</name>
<link><![CDATA[https://www.goodreads.com/author/show/53597.Scarlett_Thomas]]></link>
</author>
</authors>
</book>

          <book>
<id>23644132</id>
<title>The Two of Us</title>
<title_without_series>The Two of Us</title_without_series>
<link><![CDATA[https://www.goodreads.com/book/show/23644132-the-two-of-us]]></link>
<small_image_url><![CDATA[https://images.gr-assets.com/books/1422778441s/23644132.jpg]]></small_image_url>
<image_url><![CDATA[https://images.gr-assets.com/books/1422778441m/23644132.jpg]]></image_url>
<num_pages>400</num_pages>
<work>
<id>43248988</id>
</work>
<isbn>1471142442</isbn>
<isbn13>9781471142444</isbn13>
<average_rating>3.57</average_rating>
<ratings_count>2157</ratings_count>
<publication_year>2015</publication_year>
<publication_month>5</publication_month>
<publication_day>7</publication_day>
<authors>
<author>
<id>13071029</id>
<name>Andy  Jones</name>
<link><![CDATA[https://www.goodreads.com/author/show/13071029.Andy_Jones]]></link>
</author>
</authors>
</book>

          <book>
<id>47341</id>
<title>The Family Way</title>
<title_without_series>The Family Way</title_without_series>
<link><![CDATA[https://www.goodreads.com/book/show/47341.The_Family_Way]]></link>
<small_image_url><![CDATA[https://s.gr-assets.com/assets/nophoto/book/50x75-a91bf249278a81aabab721ef782c4a74.png]]></small_image_url>
<image_url><![CDATA[https://s.gr-assets.com/assets/nophoto/book/111x148-bcc042a9c91a29c1d680899eff700a03.png]]></image_url>
<num_pages>400</num_pages>
<work>
<id>1891440</id>
</work>
<isbn>0007151241</isbn>
<isbn13>9780007151240</isbn13>
<average_rating>3.49</average_rating>
<ratings_count>2035</ratings_count>
<publication_year>2005</publication_year>
<publication_month></publication_month>
<publication_day></publication_day>
<authors>
<author>
<id>26629</id>
<name>Tony Parsons</name>
<link><![CDATA[https://www.goodreads.com/author/show/26629.Tony_Parsons]]></link>
</author>
</authors>
</book>

          <book>
<id>1127444</id>
<title><![CDATA[Never the Bride (Brenda and Effie Mystery #1)]]></title>
<title_without_series>Never the Bride</title_without_series>
<link><![CDATA[https://www.goodreads.com/book/show/1127444.Never_the_Bride]]></link>
<small_image_url><![CDATA[https://images.gr-assets.com/books/1415584117s/1127444.jpg]]></small_image_url>
<image_url><![CDATA[https://images.gr-assets.com/books/1415584117m/1127444.jpg]]></image_url>
<num_pages>280</num_pages>
<work>
<id>630826</id>
</work>
<isbn>0755332881</isbn>
<isbn13>9780755332885</isbn13>
<average_rating>3.70</average_rating>
<ratings_count>815</ratings_count>
<publication_year>2007</publication_year>
<publication_month>5</publication_month>
<publication_day>3</publication_day>
<authors>
<author>
<id>128041</id>
<name>Paul Magrs</name>
<link><![CDATA[https://www.goodreads.com/author/show/128041.Paul_Magrs]]></link>
</author>
</authors>
</book>

          <book>
<id>9486211</id>
<title>Where the Bodies Are Buried</title>
<title_without_series>Where the Bodies Are Buried</title_without_series>
<link><![CDATA[https://www.goodreads.com/book/show/9486211-where-the-bodies-are-buried]]></link>
<small_image_url><![CDATA[https://images.gr-assets.com/books/1290950020s/9486211.jpg]]></small_image_url>
<image_url><![CDATA[https://images.gr-assets.com/books/1290950020m/9486211.jpg]]></image_url>
<num_pages>304</num_pages>
<work>
<id>14371638</id>
</work>
<isbn>140870269X</isbn>
<isbn13>9781408702697</isbn13>
<average_rating>3.87</average_rating>
<ratings_count>1767</ratings_count>
<publication_year>2011</publication_year>
<publication_month></publication_month>
<publication_day></publication_day>
<authors>
<author>
<id>167572</id>
<name>Christopher Brookmyre</name>
<link><![CDATA[https://www.goodreads.com/author/show/167572.Christopher_Brookmyre]]></link>
</author>
</authors>
</book>

          <book>
<id>2889252</id>
<title><![CDATA[Trust Me, I'm a (Junior) Doctor]]></title>
<title_without_series><![CDATA[Trust Me, I'm a (Junior) Doctor]]></title_without_series>
<link><![CDATA[https://www.goodreads.com/book/show/2889252-trust-me-i-m-a-junior-doctor]]></link>
<small_image_url><![CDATA[https://images.gr-assets.com/books/1327241707s/2889252.jpg]]></small_image_url>
<image_url><![CDATA[https://images.gr-assets.com/books/1327241707m/2889252.jpg]]></image_url>
<num_pages>304</num_pages>
<work>
<id>2915505</id>
</work>
<isbn>0340951672</isbn>
<isbn13>9780340951675</isbn13>
<average_rating>3.96</average_rating>
<ratings_count>862</ratings_count>
<publication_year>2008</publication_year>
<publication_month>2</publication_month>
<publication_day>21</publication_day>
<authors>
<author>
<id>364148</id>
<name>Max Pemberton</name>
<link><![CDATA[https://www.goodreads.com/author/show/364148.Max_Pemberton]]></link>
</author>
</authors>
</book>

          <book>
<id>7575266</id>
<title>The Bed I Made</title>
<title_without_series>The Bed I Made</title_without_series>
<link><![CDATA[https://www.goodreads.com/book/show/7575266-the-bed-i-made]]></link>
<small_image_url><![CDATA[https://images.gr-assets.com/books/1327915073s/7575266.jpg]]></small_image_url>
<image_url><![CDATA[https://images.gr-assets.com/books/1327915073m/7575266.jpg]]></image_url>
<num_pages>320</num_pages>
<work>
<id>9931642</id>
</work>
<isbn>074759029X</isbn>
<isbn13>9780747590293</isbn13>
<average_rating>3.50</average_rating>
<ratings_count>1529</ratings_count>
<publication_year>2010</publication_year>
<publication_month>6</publication_month>
<publication_day>21</publication_day>
<authors>
<author>
<id>885506</id>
<name>Lucie Whitehouse</name>
<link><![CDATA[https://www.goodreads.com/author/show/885506.Lucie_Whitehouse]]></link>
</author>
</authors>
</book>

          <book>
<id>372859</id>
<title>Diana (Coronet Books)</title>
<title_without_series>Diana</title_without_series>
<link><![CDATA[https://www.goodreads.com/book/show/372859.Diana]]></link>
<small_image_url><![CDATA[https://s.gr-assets.com/assets/nophoto/book/50x75-a91bf249278a81aabab721ef782c4a74.png]]></small_image_url>
<image_url><![CDATA[https://s.gr-assets.com/assets/nophoto/book/111x148-bcc042a9c91a29c1d680899eff700a03.png]]></image_url>
<num_pages>671</num_pages>
<work>
<id>362780</id>
</work>
<isbn>0340238402</isbn>
<isbn13>9780340238400</isbn13>
<average_rating>4.03</average_rating>
<ratings_count>445</ratings_count>
<publication_year>1980</publication_year>
<publication_month>3</publication_month>
<publication_day>1</publication_day>
<authors>
<author>
<id>3108215</id>
<name>R.F. Delderfield</name>
<link><![CDATA[https://www.goodreads.com/author/show/3108215.R_F_Delderfield]]></link>
</author>
</authors>
</book>

  </similar_books>
</book>

</GoodreadsResponse>