<?xml version="1.0" encoding="UTF-8"?>
<GoodreadsResponse>
  <Request>
    <authentication>true</authentication>
      <key><![CDATA[all_men_must_serve]]></key>
    <method><![CDATA[book_show]]></method>
  </Request>
  <book>
  <id>10785687</id>
  <title><![CDATA[Harry Potter Page to Screen: The Complete Filmmaking Journey]]></title>
  <isbn><![CDATA[0062101897]]></isbn>
  <isbn13><![CDATA[9780062101891]]></isbn13>
  <asin><![CDATA[]]></asin>
  <kindle_asin><![CDATA[]]></kindle_asin>
  <marketplace_id><![CDATA[]]></marketplace_id>
  <country_code><![CDATA[GB]]></country_code>
  <image_url>https://images.gr-assets.com/books/1317345385m/10785687.jpg</image_url>
  <small_image_url>https://images.gr-assets.com/books/1317345385s/10785687.jpg</small_image_url>
  <publication_year>2011</publication_year>
  <publication_month>10</publication_month>
  <publication_day>25</publication_day>
  <publisher>Harper Design</publisher>
  <language_code></language_code>
  <is_ebook>false</is_ebook>
  <description><![CDATA["Harry Potter: Page to Screen" opens the doors to Hogwarts castle and the wizarding world of Harry Potter to reveal the complete behind-the-scenes secrets, techniques, and over-the-top artistry that brought J.K. Rowling's acclaimed novels to cinematic life. Developed in collaboration with the creative team behind the celebrated movie series, this deluxe, 500-plus page compendium features exclusive stories from the cast and crew, hundreds of never-before-seen photographs and concept illustrations sourced from the closed film sets, and rare memorabilia. As the definitive look at the magic that made cinematic history, "Page to Screen" is the ultimate collectible, perfect for Muggles everywhere.]]></description>
  <work>
  <id type="integer">15697851</id>
  <books_count type="integer">8</books_count>
  <best_book_id type="integer">10785687</best_book_id>
  <reviews_count type="integer">50465</reviews_count>
  <ratings_sum type="integer">125851</ratings_sum>
  <ratings_count type="integer">27627</ratings_count>
  <text_reviews_count type="integer">369</text_reviews_count>
  <original_publication_year type="integer">2011</original_publication_year>
  <original_publication_month type="integer">1</original_publication_month>
  <original_publication_day type="integer">1</original_publication_day>
  <original_title>Harry Potter Page to Screen: The Complete Filmmaking Journey</original_title>
  <original_language_id type="integer" nil="true"/>
  <media_type>book</media_type>
  <rating_dist>5:19886|4:4632|3:2152|2:480|1:477|total:27627</rating_dist>
  <desc_user_id type="integer">8138275</desc_user_id>
  <default_chaptering_book_id type="integer" nil="true"/>
  <default_description_language_code nil="true"/>
</work>
  <average_rating>4.56</average_rating>
  <num_pages><![CDATA[531]]></num_pages>
  <format><![CDATA[Hardcover]]></format>
  <edition_information><![CDATA[]]></edition_information>
  <ratings_count><![CDATA[27377]]></ratings_count>
  <text_reviews_count><![CDATA[343]]></text_reviews_count>
  <url><![CDATA[https://www.goodreads.com/book/show/10785687-harry-potter-page-to-screen]]></url>
  <link><![CDATA[https://www.goodreads.com/book/show/10785687-harry-potter-page-to-screen]]></link>
  <authors>
<author>
<id>9445</id>
<name>Bob McCabe</name>
<role></role>
<image_url nophoto='true'>
<![CDATA[https://s.gr-assets.com/assets/nophoto/user/u_200x266-e183445fd1a1b5cc7075bb1cf7043306.png]]>
</image_url>
<small_image_url nophoto='true'>
<![CDATA[https://s.gr-assets.com/assets/nophoto/user/u_50x66-632230dc9882b4352d753eedf9396530.png]]>
</small_image_url>
<link><![CDATA[https://www.goodreads.com/author/show/9445.Bob_McCabe]]></link>
<average_rating>4.54</average_rating>
<ratings_count>28519</ratings_count>
<text_reviews_count>452</text_reviews_count>
</author>
</authors>

    <reviews_widget>
      <![CDATA[
        <style>
  #goodreads-widget {
    font-family: georgia, serif;
    padding: 18px 0;
    width:565px;
  }
  #goodreads-widget h1 {
    font-weight:normal;
    font-size: 16px;
    border-bottom: 1px solid #BBB596;
    margin-bottom: 0;
  }
  #goodreads-widget a {
    text-decoration: none;
    color:#660;
  }
  iframe{
    background-color: #fff;
  }
  #goodreads-widget a:hover { text-decoration: underline; }
  #goodreads-widget a:active {
    color:#660;
  }
  #gr_footer {
    width: 100%;
    border-top: 1px solid #BBB596;
    text-align: right;
  }
  #goodreads-widget .gr_branding{
    color: #382110;
    font-size: 11px;
    text-decoration: none;
    font-family: "Helvetica Neue", Helvetica, Arial, sans-serif;
  }
</style>
<div id="goodreads-widget">
  <div id="gr_header"><h1><a rel="nofollow" href="https://www.goodreads.com/book/show/10785687-harry-potter-page-to-screen">Harry Potter Page to Screen Reviews</a></h1></div>
  <iframe id="the_iframe" src="https://www.goodreads.com/api/reviews_widget_iframe?did=DEVELOPER_ID&amp;format=html&amp;isbn=0062101897&amp;links=660&amp;min_rating=&amp;review_back=fff&amp;stars=000&amp;text=000" width="565" height="400" frameborder="0"></iframe>
  <div id="gr_footer">
    <a class="gr_branding" target="_blank" rel="nofollow" href="https://www.goodreads.com/book/show/10785687-harry-potter-page-to-screen?utm_medium=api&amp;utm_source=reviews_widget">Reviews from Goodreads.com</a>
  </div>
</div>

      ]]>
    </reviews_widget>
  <popular_shelves>
      <shelf name="to-read" count="22448"/>
      <shelf name="currently-reading" count="438"/>
      <shelf name="harry-potter" count="283"/>
      <shelf name="non-fiction" count="258"/>
      <shelf name="favorites" count="139"/>
      <shelf name="books-i-own" count="126"/>
      <shelf name="fantasy" count="105"/>
      <shelf name="nonfiction" count="83"/>
      <shelf name="owned" count="77"/>
      <shelf name="to-buy" count="49"/>
      <shelf name="owned-books" count="37"/>
      <shelf name="wish-list" count="30"/>
      <shelf name="i-own" count="26"/>
      <shelf name="film" count="25"/>
      <shelf name="young-adult" count="23"/>
      <shelf name="favourites" count="22"/>
      <shelf name="art" count="22"/>
      <shelf name="reference" count="21"/>
      <shelf name="magic" count="20"/>
      <shelf name="default" count="16"/>
      <shelf name="want-to-buy" count="13"/>
      <shelf name="hp" count="13"/>
      <shelf name="my-library" count="13"/>
      <shelf name="my-books" count="12"/>
      <shelf name="movies" count="12"/>
      <shelf name="books-to-buy" count="11"/>
      <shelf name="j-k-rowling" count="11"/>
      <shelf name="fiction" count="10"/>
      <shelf name="want" count="10"/>
      <shelf name="read-in-2014" count="10"/>
      <shelf name="my-bookshelf" count="10"/>
      <shelf name="coffee-table-books" count="10"/>
      <shelf name="5-stars" count="9"/>
      <shelf name="ya" count="9"/>
      <shelf name="tbr" count="8"/>
      <shelf name="on-hold" count="8"/>
      <shelf name="harry-potter-related" count="8"/>
      <shelf name="read-in-2012" count="8"/>
      <shelf name="movie" count="8"/>
      <shelf name="need-to-buy" count="7"/>
      <shelf name="bookshelf" count="7"/>
      <shelf name="potter" count="7"/>
      <shelf name="library" count="7"/>
      <shelf name="behind-the-scenes" count="7"/>
      <shelf name="adult" count="7"/>
      <shelf name="series" count="7"/>
      <shelf name="read-in-english" count="6"/>
      <shelf name="own-to-read" count="6"/>
      <shelf name="companion-books" count="6"/>
      <shelf name="books-i-have" count="6"/>
      <shelf name="favourite-books" count="6"/>
      <shelf name="art-books" count="6"/>
      <shelf name="witches" count="5"/>
      <shelf name="read-in-2016" count="5"/>
      <shelf name="nonfic" count="5"/>
      <shelf name="harry-potter-books" count="5"/>
      <shelf name="own-read" count="5"/>
      <shelf name="books" count="5"/>
      <shelf name="already-own" count="5"/>
      <shelf name="filmmaking" count="5"/>
      <shelf name="bought" count="5"/>
      <shelf name="on-my-bookshelf" count="5"/>
      <shelf name="entertainment" count="5"/>
      <shelf name="media-tie-in" count="5"/>
      <shelf name="want-to-own" count="5"/>
      <shelf name="children" count="5"/>
      <shelf name="favorite-books" count="5"/>
      <shelf name="books-about-books" count="5"/>
      <shelf name="on-my-shelf" count="5"/>
      <shelf name="harry-potter-universe" count="4"/>
      <shelf name="shelfari-wishlist" count="4"/>
      <shelf name="read-in-2015" count="4"/>
      <shelf name="scanned" count="4"/>
      <shelf name="owned-tbr" count="4"/>
      <shelf name="cover-love" count="4"/>
      <shelf name="read-in-2013" count="4"/>
      <shelf name="my-favorites" count="4"/>
      <shelf name="read-2013" count="4"/>
      <shelf name="harry-potter-world" count="4"/>
      <shelf name="have" count="4"/>
      <shelf name="hardcover" count="4"/>
      <shelf name="physical-books" count="4"/>
      <shelf name="childrens" count="4"/>
      <shelf name="to-own" count="4"/>
      <shelf name="documentary" count="4"/>
      <shelf name="other" count="4"/>
      <shelf name="pop-culture" count="4"/>
      <shelf name="i-own-a-copy" count="4"/>
      <shelf name="non-fic" count="4"/>
      <shelf name="companions" count="4"/>
      <shelf name="hardback" count="4"/>
      <shelf name="in-my-bookshelf" count="4"/>
      <shelf name="library-books" count="4"/>
      <shelf name="english" count="4"/>
      <shelf name="jk-rowling" count="4"/>
      <shelf name="wizarding-world" count="3"/>
      <shelf name="hp-related" count="3"/>
      <shelf name="own-it" count="3"/>
      <shelf name="wish" count="3"/>
      <shelf name="home-library" count="3"/>
  </popular_shelves>
  <book_links>
    <book_link>
  <id>8</id>
  <name>Libraries</name>
  <link>https://www.goodreads.com/book_link/follow/8</link>
</book_link>

  </book_links>
  <buy_links>
    <buy_link>
<id>1</id>
<name>Amazon</name>
<link>https://www.goodreads.com/book_link/follow/1</link>
</buy_link>
<buy_link>
<id>10</id>
<name>Audible</name>
<link>https://www.goodreads.com/book_link/follow/10</link>
</buy_link>
<buy_link>
<id>3</id>
<name>Barnes &amp; Noble</name>
<link>https://www.goodreads.com/book_link/follow/3</link>
</buy_link>
<buy_link>
<id>1027</id>
<name>Kobo</name>
<link>https://www.goodreads.com/book_link/follow/1027</link>
</buy_link>
<buy_link>
<id>2102</id>
<name>Apple iBooks</name>
<link>https://www.goodreads.com/book_link/follow/2102</link>
</buy_link>
<buy_link>
<id>8036</id>
<name>Google Play</name>
<link>https://www.goodreads.com/book_link/follow/8036</link>
</buy_link>
<buy_link>
<id>4</id>
<name>Abebooks</name>
<link>https://www.goodreads.com/book_link/follow/4</link>
</buy_link>
<buy_link>
<id>882</id>
<name>Book Depository</name>
<link>https://www.goodreads.com/book_link/follow/882</link>
</buy_link>
<buy_link>
<id>9</id>
<name>Indigo</name>
<link>https://www.goodreads.com/book_link/follow/9</link>
</buy_link>
<buy_link>
<id>2</id>
<name>Half.com</name>
<link>https://www.goodreads.com/book_link/follow/2</link>
</buy_link>
<buy_link>
<id>5</id>
<name>Alibris</name>
<link>https://www.goodreads.com/book_link/follow/5</link>
</buy_link>
<buy_link>
<id>107</id>
<name>Better World Books</name>
<link>https://www.goodreads.com/book_link/follow/107</link>
</buy_link>
<buy_link>
<id>7</id>
<name>IndieBound</name>
<link>https://www.goodreads.com/book_link/follow/7</link>
</buy_link>

  </buy_links>
  <series_works>
    
  </series_works>
  <similar_books>
          <book>
<id>11534309</id>
<title><![CDATA[Dear Mr. Potter: Letters of Love, Loss, and Magic]]></title>
<title_without_series><![CDATA[Dear Mr. Potter: Letters of Love, Loss, and Magic]]></title_without_series>
<link><![CDATA[https://www.goodreads.com/book/show/11534309-dear-mr-potter]]></link>
<small_image_url><![CDATA[https://images.gr-assets.com/books/1309356720s/11534309.jpg]]></small_image_url>
<image_url><![CDATA[https://images.gr-assets.com/books/1309356720m/11534309.jpg]]></image_url>
<num_pages>223</num_pages>
<work>
<id>16472757</id>
</work>
<isbn>0615479316</isbn>
<isbn13>9780615479316</isbn13>
<average_rating>4.46</average_rating>
<ratings_count>1793</ratings_count>
<publication_year>2011</publication_year>
<publication_month>6</publication_month>
<publication_day></publication_day>
<authors>
<author>
<id>4899786</id>
<name>Lily Zalon</name>
<link><![CDATA[https://www.goodreads.com/author/show/4899786.Lily_Zalon]]></link>
</author>
</authors>
</book>

          <book>
<id>7952502</id>
<title>Harry Potter: Film Wizardry</title>
<title_without_series>Harry Potter: Film Wizardry</title_without_series>
<link><![CDATA[https://www.goodreads.com/book/show/7952502-harry-potter]]></link>
<small_image_url><![CDATA[https://images.gr-assets.com/books/1464452934s/7952502.jpg]]></small_image_url>
<image_url><![CDATA[https://images.gr-assets.com/books/1464452934m/7952502.jpg]]></image_url>
<num_pages>160</num_pages>
<work>
<id>11580916</id>
</work>
<isbn>0061997811</isbn>
<isbn13>9780061997815</isbn13>
<average_rating>4.48</average_rating>
<ratings_count>46101</ratings_count>
<publication_year>2010</publication_year>
<publication_month>10</publication_month>
<publication_day>19</publication_day>
<authors>
<author>
<id>4941</id>
<name>Brian Sibley</name>
<link><![CDATA[https://www.goodreads.com/author/show/4941.Brian_Sibley]]></link>
</author>
</authors>
</book>

          <book>
<id>6075580</id>
<title><![CDATA[Harry Potter's Bookshelf: The Great Books behind the Hogwarts Adventures]]></title>
<title_without_series><![CDATA[Harry Potter's Bookshelf: The Great Books behind the Hogwarts Adventures]]></title_without_series>
<link><![CDATA[https://www.goodreads.com/book/show/6075580-harry-potter-s-bookshelf]]></link>
<small_image_url><![CDATA[https://s.gr-assets.com/assets/nophoto/book/50x75-a91bf249278a81aabab721ef782c4a74.png]]></small_image_url>
<image_url><![CDATA[https://s.gr-assets.com/assets/nophoto/book/111x148-bcc042a9c91a29c1d680899eff700a03.png]]></image_url>
<num_pages>336</num_pages>
<work>
<id>6252106</id>
</work>
<isbn>0425229793</isbn>
<isbn13>9780425229798</isbn13>
<average_rating>4.26</average_rating>
<ratings_count>1455</ratings_count>
<publication_year>2009</publication_year>
<publication_month>7</publication_month>
<publication_day>7</publication_day>
<authors>
<author>
<id>9472</id>
<name>John Granger</name>
<link><![CDATA[https://www.goodreads.com/author/show/9472.John_Granger]]></link>
</author>
</authors>
</book>

          <book>
<id>15877</id>
<title><![CDATA[Ultimate Unofficial Guide to the Mysteries of Harry Potter: Analysis of Books 1-4]]></title>
<title_without_series><![CDATA[Ultimate Unofficial Guide to the Mysteries of Harry Potter: Analysis of Books 1-4]]></title_without_series>
<link><![CDATA[https://www.goodreads.com/book/show/15877.Ultimate_Unofficial_Guide_to_the_Mysteries_of_Harry_Potter]]></link>
<small_image_url><![CDATA[https://s.gr-assets.com/assets/nophoto/book/50x75-a91bf249278a81aabab721ef782c4a74.png]]></small_image_url>
<image_url><![CDATA[https://s.gr-assets.com/assets/nophoto/book/111x148-bcc042a9c91a29c1d680899eff700a03.png]]></image_url>
<num_pages>412</num_pages>
<work>
<id>17691</id>
</work>
<isbn>0972393617</isbn>
<isbn13>9780972393614</isbn13>
<average_rating>4.04</average_rating>
<ratings_count>2515</ratings_count>
<publication_year>2003</publication_year>
<publication_month>1</publication_month>
<publication_day>1</publication_day>
<authors>
<author>
<id>9830</id>
<name>Galadriel Waters</name>
<link><![CDATA[https://www.goodreads.com/author/show/9830.Galadriel_Waters]]></link>
</author>
</authors>
</book>

          <book>
<id>15873</id>
<title><![CDATA[Fact, Fiction, and Folklore in Harry Potter's World: An Unofficial Guide]]></title>
<title_without_series><![CDATA[Fact, Fiction, and Folklore in Harry Potter's World: An Unofficial Guide]]></title_without_series>
<link><![CDATA[https://www.goodreads.com/book/show/15873.Fact_Fiction_and_Folklore_in_Harry_Potter_s_World]]></link>
<small_image_url><![CDATA[https://s.gr-assets.com/assets/nophoto/book/50x75-a91bf249278a81aabab721ef782c4a74.png]]></small_image_url>
<image_url><![CDATA[https://s.gr-assets.com/assets/nophoto/book/111x148-bcc042a9c91a29c1d680899eff700a03.png]]></image_url>
<num_pages></num_pages>
<work>
<id>17687</id>
</work>
<isbn>1571744401</isbn>
<isbn13>9781571744401</isbn13>
<average_rating>4.18</average_rating>
<ratings_count>834</ratings_count>
<publication_year></publication_year>
<publication_month></publication_month>
<publication_day></publication_day>
<authors>
<author>
<id>9827</id>
<name>George Beahm</name>
<link><![CDATA[https://www.goodreads.com/author/show/9827.George_Beahm]]></link>
</author>
</authors>
</book>

          <book>
<id>589503</id>
<title><![CDATA[An Unofficial Muggle's Guide to the Wizarding World: Exploring the Harry Potter Universe]]></title>
<title_without_series><![CDATA[An Unofficial Muggle's Guide to the Wizarding World: Exploring the Harry Potter Universe]]></title_without_series>
<link><![CDATA[https://www.goodreads.com/book/show/589503.An_Unofficial_Muggle_s_Guide_to_the_Wizarding_World]]></link>
<small_image_url><![CDATA[https://s.gr-assets.com/assets/nophoto/book/50x75-a91bf249278a81aabab721ef782c4a74.png]]></small_image_url>
<image_url><![CDATA[https://s.gr-assets.com/assets/nophoto/book/111x148-bcc042a9c91a29c1d680899eff700a03.png]]></image_url>
<num_pages>466</num_pages>
<work>
<id>576274</id>
</work>
<isbn>155022655X</isbn>
<isbn13>9781550226553</isbn13>
<average_rating>4.27</average_rating>
<ratings_count>1930</ratings_count>
<publication_year>2004</publication_year>
<publication_month>9</publication_month>
<publication_day>1</publication_day>
<authors>
<author>
<id>321133</id>
<name>Fionna Boyle</name>
<link><![CDATA[https://www.goodreads.com/author/show/321133.Fionna_Boyle]]></link>
</author>
</authors>
</book>

          <book>
<id>389547</id>
<title>The End of Harry Potter?</title>
<title_without_series>The End of Harry Potter?</title_without_series>
<link><![CDATA[https://www.goodreads.com/book/show/389547.The_End_of_Harry_Potter_]]></link>
<small_image_url><![CDATA[https://images.gr-assets.com/books/1312059991s/389547.jpg]]></small_image_url>
<image_url><![CDATA[https://images.gr-assets.com/books/1312059991m/389547.jpg]]></image_url>
<num_pages>208</num_pages>
<work>
<id>379164</id>
</work>
<isbn>0765319349</isbn>
<isbn13>9780765319340</isbn13>
<average_rating>4.36</average_rating>
<ratings_count>6173</ratings_count>
<publication_year>2007</publication_year>
<publication_month>3</publication_month>
<publication_day>20</publication_day>
<authors>
<author>
<id>19443</id>
<name>David Langford</name>
<link><![CDATA[https://www.goodreads.com/author/show/19443.David_Langford]]></link>
</author>
</authors>
</book>

          <book>
<id>3130430</id>
<title><![CDATA[Harry, a History: The True Story of a Boy Wizard, His Fans, and Life Inside the Harry Potter Phenomenon]]></title>
<title_without_series><![CDATA[Harry, a History: The True Story of a Boy Wizard, His Fans, and Life Inside the Harry Potter Phenomenon]]></title_without_series>
<link><![CDATA[https://www.goodreads.com/book/show/3130430-harry-a-history]]></link>
<small_image_url><![CDATA[https://s.gr-assets.com/assets/nophoto/book/50x75-a91bf249278a81aabab721ef782c4a74.png]]></small_image_url>
<image_url><![CDATA[https://s.gr-assets.com/assets/nophoto/book/111x148-bcc042a9c91a29c1d680899eff700a03.png]]></image_url>
<num_pages>356</num_pages>
<work>
<id>3161838</id>
</work>
<isbn>1416554955</isbn>
<isbn13>9781416554950</isbn13>
<average_rating>4.09</average_rating>
<ratings_count>12532</ratings_count>
<publication_year>2008</publication_year>
<publication_month>11</publication_month>
<publication_day>4</publication_day>
<authors>
<author>
<id>1336408</id>
<name>Melissa Anelli</name>
<link><![CDATA[https://www.goodreads.com/author/show/1336408.Melissa_Anelli]]></link>
</author>
</authors>
</book>

          <book>
<id>10307761</id>
<title>Harry Potter and History</title>
<title_without_series>Harry Potter and History</title_without_series>
<link><![CDATA[https://www.goodreads.com/book/show/10307761-harry-potter-and-history]]></link>
<small_image_url><![CDATA[https://s.gr-assets.com/assets/nophoto/book/50x75-a91bf249278a81aabab721ef782c4a74.png]]></small_image_url>
<image_url><![CDATA[https://s.gr-assets.com/assets/nophoto/book/111x148-bcc042a9c91a29c1d680899eff700a03.png]]></image_url>
<num_pages>352</num_pages>
<work>
<id>15209882</id>
</work>
<isbn>0470574720</isbn>
<isbn13>9780470574720</isbn13>
<average_rating>4.37</average_rating>
<ratings_count>2816</ratings_count>
<publication_year>2011</publication_year>
<publication_month>5</publication_month>
<publication_day>1</publication_day>
<authors>
<author>
<id>4603639</id>
<name>Nancy Reagin</name>
<link><![CDATA[https://www.goodreads.com/author/show/4603639.Nancy_Reagin]]></link>
</author>
</authors>
</book>

          <book>
<id>47530</id>
<title><![CDATA[Mapping the World of Harry Potter: Science Fiction and Fantasy Writers Explore the Bestselling Series of All Time]]></title>
<title_without_series><![CDATA[Mapping the World of Harry Potter: Science Fiction and Fantasy Writers Explore the Bestselling Series of All Time]]></title_without_series>
<link><![CDATA[https://www.goodreads.com/book/show/47530.Mapping_the_World_of_Harry_Potter]]></link>
<small_image_url><![CDATA[https://images.gr-assets.com/books/1346946952s/47530.jpg]]></small_image_url>
<image_url><![CDATA[https://images.gr-assets.com/books/1346946952m/47530.jpg]]></image_url>
<num_pages>195</num_pages>
<work>
<id>46552</id>
</work>
<isbn>1932100598</isbn>
<isbn13>9781932100594</isbn13>
<average_rating>4.30</average_rating>
<ratings_count>2070</ratings_count>
<publication_year>2005</publication_year>
<publication_month>12</publication_month>
<publication_day>11</publication_day>
<authors>
<author>
<id>8685</id>
<name>Mercedes Lackey</name>
<link><![CDATA[https://www.goodreads.com/author/show/8685.Mercedes_Lackey]]></link>
</author>
</authors>
</book>

          <book>
<id>15867</id>
<title><![CDATA[MuggleNet.com's What Will Happen in Harry Potter 7: Who Lives, Who Dies, Who Falls in Love and How Will the Adventure Finally End?]]></title>
<title_without_series><![CDATA[MuggleNet.com's What Will Happen in Harry Potter 7: Who Lives, Who Dies, Who Falls in Love and How Will the Adventure Finally End?]]></title_without_series>
<link><![CDATA[https://www.goodreads.com/book/show/15867.MuggleNet_com_s_What_Will_Happen_in_Harry_Potter_7]]></link>
<small_image_url><![CDATA[https://s.gr-assets.com/assets/nophoto/book/50x75-a91bf249278a81aabab721ef782c4a74.png]]></small_image_url>
<image_url><![CDATA[https://s.gr-assets.com/assets/nophoto/book/111x148-bcc042a9c91a29c1d680899eff700a03.png]]></image_url>
<num_pages>216</num_pages>
<work>
<id>17682</id>
</work>
<isbn>1569755833</isbn>
<isbn13>9781569755839</isbn13>
<average_rating>4.18</average_rating>
<ratings_count>7734</ratings_count>
<publication_year></publication_year>
<publication_month></publication_month>
<publication_day></publication_day>
<authors>
<author>
<id>9822</id>
<name>Ben Schoen</name>
<link><![CDATA[https://www.goodreads.com/author/show/9822.Ben_Schoen]]></link>
</author>
</authors>
</book>

          <book>
<id>483445</id>
<title><![CDATA[The Magical Worlds of Harry Potter: A Treasury of Myths, Legends, and Fascinating Facts]]></title>
<title_without_series><![CDATA[The Magical Worlds of Harry Potter: A Treasury of Myths, Legends, and Fascinating Facts]]></title_without_series>
<link><![CDATA[https://www.goodreads.com/book/show/483445.The_Magical_Worlds_of_Harry_Potter]]></link>
<small_image_url><![CDATA[https://s.gr-assets.com/assets/nophoto/book/50x75-a91bf249278a81aabab721ef782c4a74.png]]></small_image_url>
<image_url><![CDATA[https://s.gr-assets.com/assets/nophoto/book/111x148-bcc042a9c91a29c1d680899eff700a03.png]]></image_url>
<num_pages></num_pages>
<work>
<id>471792</id>
</work>
<isbn>042519891X</isbn>
<isbn13>9780425198919</isbn13>
<average_rating>3.96</average_rating>
<ratings_count>15151</ratings_count>
<publication_year></publication_year>
<publication_month></publication_month>
<publication_day></publication_day>
<authors>
<author>
<id>9516</id>
<name>David Colbert</name>
<link><![CDATA[https://www.goodreads.com/author/show/9516.David_Colbert]]></link>
</author>
</authors>
</book>

          <book>
<id>8346300</id>
<title><![CDATA[Harry Potter: A Pop-Up Book: Based on the Film Phenomenon]]></title>
<title_without_series><![CDATA[Harry Potter: A Pop-Up Book: Based on the Film Phenomenon]]></title_without_series>
<link><![CDATA[https://www.goodreads.com/book/show/8346300-harry-potter]]></link>
<small_image_url><![CDATA[https://images.gr-assets.com/books/1328739344s/8346300.jpg]]></small_image_url>
<image_url><![CDATA[https://images.gr-assets.com/books/1328739344m/8346300.jpg]]></image_url>
<num_pages>12</num_pages>
<work>
<id>13197781</id>
</work>
<isbn>1608870081</isbn>
<isbn13>9781608870080</isbn13>
<average_rating>4.55</average_rating>
<ratings_count>22872</ratings_count>
<publication_year>2010</publication_year>
<publication_month>11</publication_month>
<publication_day>16</publication_day>
<authors>
<author>
<id>156342</id>
<name>Andrew Williamson</name>
<link><![CDATA[https://www.goodreads.com/author/show/156342.Andrew_Williamson]]></link>
</author>
</authors>
</book>

          <book>
<id>7942674</id>
<title><![CDATA[The Ultimate Harry Potter and Philosophy: Hogwarts for Muggles]]></title>
<title_without_series><![CDATA[The Ultimate Harry Potter and Philosophy: Hogwarts for Muggles]]></title_without_series>
<link><![CDATA[https://www.goodreads.com/book/show/7942674-the-ultimate-harry-potter-and-philosophy]]></link>
<small_image_url><![CDATA[https://s.gr-assets.com/assets/nophoto/book/50x75-a91bf249278a81aabab721ef782c4a74.png]]></small_image_url>
<image_url><![CDATA[https://s.gr-assets.com/assets/nophoto/book/111x148-bcc042a9c91a29c1d680899eff700a03.png]]></image_url>
<num_pages>288</num_pages>
<work>
<id>11383649</id>
</work>
<isbn>0470398256</isbn>
<isbn13>9780470398258</isbn13>
<average_rating>4.41</average_rating>
<ratings_count>5846</ratings_count>
<publication_year>2010</publication_year>
<publication_month>9</publication_month>
<publication_day>14</publication_day>
<authors>
<author>
<id>449812</id>
<name>Gregory Bassham</name>
<link><![CDATA[https://www.goodreads.com/author/show/449812.Gregory_Bassham]]></link>
</author>
</authors>
</book>

          <book>
<id>6085703</id>
<title><![CDATA[Mugglenet.com's Harry Potter Should Have Died: Controversial Views from the #1 Fan Site]]></title>
<title_without_series><![CDATA[Mugglenet.com's Harry Potter Should Have Died: Controversial Views from the #1 Fan Site]]></title_without_series>
<link><![CDATA[https://www.goodreads.com/book/show/6085703-mugglenet-com-s-harry-potter-should-have-died]]></link>
<small_image_url><![CDATA[https://images.gr-assets.com/books/1328751741s/6085703.jpg]]></small_image_url>
<image_url><![CDATA[https://images.gr-assets.com/books/1328751741m/6085703.jpg]]></image_url>
<num_pages>187</num_pages>
<work>
<id>6751040</id>
</work>
<isbn>1569757116</isbn>
<isbn13>9781569757116</isbn13>
<average_rating>3.91</average_rating>
<ratings_count>2817</ratings_count>
<publication_year>2009</publication_year>
<publication_month>6</publication_month>
<publication_day>2</publication_day>
<authors>
<author>
<id>9819</id>
<name>Emerson Spartz</name>
<link><![CDATA[https://www.goodreads.com/author/show/9819.Emerson_Spartz]]></link>
</author>
</authors>
</book>

          <book>
<id>15189</id>
<title><![CDATA[Who Killed Albus Dumbledore?: What Really Happened in Harry Potter and the Half-Blood Prince? Six Expert Harry Potter Detectives Examine the Evidenc]]></title>
<title_without_series><![CDATA[Who Killed Albus Dumbledore?: What Really Happened in Harry Potter and the Half-Blood Prince? Six Expert Harry Potter Detectives Examine the Evidenc]]></title_without_series>
<link><![CDATA[https://www.goodreads.com/book/show/15189.Who_Killed_Albus_Dumbledore_]]></link>
<small_image_url><![CDATA[https://s.gr-assets.com/assets/nophoto/book/50x75-a91bf249278a81aabab721ef782c4a74.png]]></small_image_url>
<image_url><![CDATA[https://s.gr-assets.com/assets/nophoto/book/111x148-bcc042a9c91a29c1d680899eff700a03.png]]></image_url>
<num_pages></num_pages>
<work>
<id>17097</id>
</work>
<isbn>0972322116</isbn>
<isbn13>9780972322119</isbn13>
<average_rating>4.33</average_rating>
<ratings_count>971</ratings_count>
<publication_year></publication_year>
<publication_month></publication_month>
<publication_day></publication_day>
<authors>
<author>
<id>9471</id>
<name>Odel Joyce</name>
<link><![CDATA[https://www.goodreads.com/author/show/9471.Odel_Joyce]]></link>
</author>
</authors>
</book>

          <book>
<id>124978</id>
<title><![CDATA[The Psychology of Harry Potter: An Unauthorized Examination Of The Boy Who Lived]]></title>
<title_without_series><![CDATA[The Psychology of Harry Potter: An Unauthorized Examination Of The Boy Who Lived]]></title_without_series>
<link><![CDATA[https://www.goodreads.com/book/show/124978.The_Psychology_of_Harry_Potter]]></link>
<small_image_url><![CDATA[https://images.gr-assets.com/books/1328837351s/124978.jpg]]></small_image_url>
<image_url><![CDATA[https://images.gr-assets.com/books/1328837351m/124978.jpg]]></image_url>
<num_pages>326</num_pages>
<work>
<id>120363</id>
</work>
<isbn>1932100881</isbn>
<isbn13>9781932100884</isbn13>
<average_rating>4.26</average_rating>
<ratings_count>1474</ratings_count>
<publication_year>2007</publication_year>
<publication_month>4</publication_month>
<publication_day>10</publication_day>
<authors>
<author>
<id>71988</id>
<name>Neil Mulholland</name>
<link><![CDATA[https://www.goodreads.com/author/show/71988.Neil_Mulholland]]></link>
</author>
</authors>
</book>

          <book>
<id>167032</id>
<title><![CDATA[Charmed Knits: Projects for Fans of Harry Potter]]></title>
<title_without_series><![CDATA[Charmed Knits: Projects for Fans of Harry Potter]]></title_without_series>
<link><![CDATA[https://www.goodreads.com/book/show/167032.Charmed_Knits]]></link>
<small_image_url><![CDATA[https://s.gr-assets.com/assets/nophoto/book/50x75-a91bf249278a81aabab721ef782c4a74.png]]></small_image_url>
<image_url><![CDATA[https://s.gr-assets.com/assets/nophoto/book/111x148-bcc042a9c91a29c1d680899eff700a03.png]]></image_url>
<num_pages>166</num_pages>
<work>
<id>161302</id>
</work>
<isbn>0470067314</isbn>
<isbn13>9780470067314</isbn13>
<average_rating>4.13</average_rating>
<ratings_count>3145</ratings_count>
<publication_year>2007</publication_year>
<publication_month>5</publication_month>
<publication_day>7</publication_day>
<authors>
<author>
<id>97179</id>
<name>Alison Hansel</name>
<link><![CDATA[https://www.goodreads.com/author/show/97179.Alison_Hansel]]></link>
</author>
</authors>
</book>

  </similar_books>
</book>

</GoodreadsResponse>