<?xml version="1.0" encoding="UTF-8"?>
<GoodreadsResponse>
  <Request>
    <authentication>true</authentication>
      <key><![CDATA[all_men_must_serve]]></key>
    <method><![CDATA[book_show]]></method>
  </Request>
  <book>
  <id>10790277</id>
  <title><![CDATA[Rise of Empire (The Riyria Revelations, #3-4)]]></title>
  <isbn><![CDATA[0316187704]]></isbn>
  <isbn13><![CDATA[9780316187701]]></isbn13>
  <asin><![CDATA[]]></asin>
  <kindle_asin><![CDATA[B005XWC7OC]]></kindle_asin>
  <marketplace_id><![CDATA[A1F83G8C2ARO7P]]></marketplace_id>
  <country_code><![CDATA[GB]]></country_code>
  <image_url>https://images.gr-assets.com/books/1307960500m/10790277.jpg</image_url>
  <small_image_url>https://images.gr-assets.com/books/1307960500s/10790277.jpg</small_image_url>
  <publication_year>2011</publication_year>
  <publication_month>12</publication_month>
  <publication_day>14</publication_day>
  <publisher>Orbit</publisher>
  <language_code>eng</language_code>
  <is_ebook>false</is_ebook>
  <description><![CDATA[<i>A PUPPET IS CROWNED. THE TRUE HEIR REMAINS HIDDEN. A ROGUE'S SECRET COULD CHANGE EVERYTHING.</i><br /><br />War has come to Melengar and once more Royce and Hadrian are hired to make a desperate gamble and form an alliance with the Nationalists whom are fighting the Imperialists in the south. As the power of the Nyphron Empire grows, so does Royce's suspicion that the wizard Esrahaddon is using the thieves as pawns in his own grab for power. To find the truth, he must unravel the secret of Hadrian's past--what he discovers may end their friendship and break Riyria in two.]]></description>
  <work>
  <id type="integer">15702555</id>
  <books_count type="integer">18</books_count>
  <best_book_id type="integer">10790277</best_book_id>
  <reviews_count type="integer">40076</reviews_count>
  <ratings_sum type="integer">125580</ratings_sum>
  <ratings_count type="integer">28878</ratings_count>
  <text_reviews_count type="integer">1215</text_reviews_count>
  <original_publication_year type="integer">2010</original_publication_year>
  <original_publication_month type="integer">4</original_publication_month>
  <original_publication_day type="integer">8</original_publication_day>
  <original_title>Rise of Empire</original_title>
  <original_language_id type="integer" nil="true"/>
  <media_type>book</media_type>
  <rating_dist>5:14186|4:11177|3:3022|2:383|1:110|total:28878</rating_dist>
  <desc_user_id type="integer">21615361</desc_user_id>
  <default_chaptering_book_id type="integer" nil="true"/>
  <default_description_language_code nil="true"/>
</work>
  <average_rating>4.35</average_rating>
  <num_pages><![CDATA[786]]></num_pages>
  <format><![CDATA[Paperback]]></format>
  <edition_information><![CDATA[]]></edition_information>
  <ratings_count><![CDATA[25796]]></ratings_count>
  <text_reviews_count><![CDATA[1045]]></text_reviews_count>
  <url><![CDATA[https://www.goodreads.com/book/show/10790277-rise-of-empire]]></url>
  <link><![CDATA[https://www.goodreads.com/book/show/10790277-rise-of-empire]]></link>
  <authors>
<author>
<id>2063919</id>
<name>Michael J. Sullivan</name>
<role></role>
<image_url nophoto='false'>
<![CDATA[https://images.gr-assets.com/authors/1433443335p5/2063919.jpg]]>
</image_url>
<small_image_url nophoto='false'>
<![CDATA[https://images.gr-assets.com/authors/1433443335p2/2063919.jpg]]>
</small_image_url>
<link><![CDATA[https://www.goodreads.com/author/show/2063919.Michael_J_Sullivan]]></link>
<average_rating>4.29</average_rating>
<ratings_count>207186</ratings_count>
<text_reviews_count>13942</text_reviews_count>
</author>
</authors>

    <reviews_widget>
      <![CDATA[
        <style>
  #goodreads-widget {
    font-family: georgia, serif;
    padding: 18px 0;
    width:565px;
  }
  #goodreads-widget h1 {
    font-weight:normal;
    font-size: 16px;
    border-bottom: 1px solid #BBB596;
    margin-bottom: 0;
  }
  #goodreads-widget a {
    text-decoration: none;
    color:#660;
  }
  iframe{
    background-color: #fff;
  }
  #goodreads-widget a:hover { text-decoration: underline; }
  #goodreads-widget a:active {
    color:#660;
  }
  #gr_footer {
    width: 100%;
    border-top: 1px solid #BBB596;
    text-align: right;
  }
  #goodreads-widget .gr_branding{
    color: #382110;
    font-size: 11px;
    text-decoration: none;
    font-family: "Helvetica Neue", Helvetica, Arial, sans-serif;
  }
</style>
<div id="goodreads-widget">
  <div id="gr_header"><h1><a rel="nofollow" href="https://www.goodreads.com/book/show/10790277-rise-of-empire">Rise of Empire Reviews</a></h1></div>
  <iframe id="the_iframe" src="https://www.goodreads.com/api/reviews_widget_iframe?did=DEVELOPER_ID&amp;format=html&amp;isbn=0316187704&amp;links=660&amp;min_rating=&amp;review_back=fff&amp;stars=000&amp;text=000" width="565" height="400" frameborder="0"></iframe>
  <div id="gr_footer">
    <a class="gr_branding" target="_blank" rel="nofollow" href="https://www.goodreads.com/book/show/10790277-rise-of-empire?utm_medium=api&amp;utm_source=reviews_widget">Reviews from Goodreads.com</a>
  </div>
</div>

      ]]>
    </reviews_widget>
  <popular_shelves>
      <shelf name="to-read" count="7778"/>
      <shelf name="fantasy" count="1705"/>
      <shelf name="currently-reading" count="697"/>
      <shelf name="favorites" count="401"/>
      <shelf name="epic-fantasy" count="128"/>
      <shelf name="fiction" count="101"/>
      <shelf name="audiobook" count="72"/>
      <shelf name="adventure" count="72"/>
      <shelf name="series" count="62"/>
      <shelf name="audiobooks" count="57"/>
      <shelf name="owned" count="56"/>
      <shelf name="high-fantasy" count="54"/>
      <shelf name="audible" count="52"/>
      <shelf name="magic" count="48"/>
      <shelf name="audio" count="40"/>
      <shelf name="kindle" count="40"/>
      <shelf name="favourites" count="38"/>
      <shelf name="books-i-own" count="35"/>
      <shelf name="riyria" count="34"/>
      <shelf name="epic" count="34"/>
      <shelf name="sci-fi-fantasy" count="33"/>
      <shelf name="thieves" count="28"/>
      <shelf name="adult" count="27"/>
      <shelf name="fantasy-sci-fi" count="26"/>
      <shelf name="library" count="24"/>
      <shelf name="ebooks" count="24"/>
      <shelf name="to-buy" count="24"/>
      <shelf name="ebook" count="23"/>
      <shelf name="owned-books" count="22"/>
      <shelf name="michael-j-sullivan" count="22"/>
      <shelf name="favorite" count="17"/>
      <shelf name="read-2016" count="15"/>
      <shelf name="audio-books" count="15"/>
      <shelf name="action" count="14"/>
      <shelf name="fantasy-epic" count="14"/>
      <shelf name="medieval" count="14"/>
      <shelf name="elves" count="14"/>
      <shelf name="all-time-favorites" count="13"/>
      <shelf name="fantasy-series" count="13"/>
      <shelf name="read-in-2016" count="12"/>
      <shelf name="read-in-2013" count="12"/>
      <shelf name="audio-book" count="12"/>
      <shelf name="favorite-books" count="12"/>
      <shelf name="scifi-fantasy" count="12"/>
      <shelf name="read-in-2017" count="11"/>
      <shelf name="the-riyria-revelations" count="11"/>
      <shelf name="sword-and-sorcery" count="11"/>
      <shelf name="e-book" count="10"/>
      <shelf name="thief" count="10"/>
      <shelf name="read-in-2012" count="10"/>
      <shelf name="riyria-revelations" count="10"/>
      <shelf name="read-in-2015" count="9"/>
      <shelf name="to-read-fantasy" count="9"/>
      <shelf name="science-fiction-fantasy" count="9"/>
      <shelf name="listened-to" count="9"/>
      <shelf name="re-read" count="9"/>
      <shelf name="read-2013" count="9"/>
      <shelf name="e-books" count="9"/>
      <shelf name="fantasy-scifi" count="9"/>
      <shelf name="wish-list" count="9"/>
      <shelf name="assassins" count="9"/>
      <shelf name="read-2015" count="8"/>
      <shelf name="fantasy-read" count="8"/>
      <shelf name="default" count="8"/>
      <shelf name="assassin" count="8"/>
      <shelf name="own-it" count="8"/>
      <shelf name="genre-fantasy" count="8"/>
      <shelf name="listened" count="8"/>
      <shelf name="best-fantasy" count="8"/>
      <shelf name="owned-tbr" count="7"/>
      <shelf name="read-2014" count="7"/>
      <shelf name="good-fantasy" count="7"/>
      <shelf name="loved" count="7"/>
      <shelf name="bromance" count="7"/>
      <shelf name="completed-series" count="7"/>
      <shelf name="adult-fantasy" count="7"/>
      <shelf name="abandoned" count="7"/>
      <shelf name="omnibus" count="7"/>
      <shelf name="2016-read" count="6"/>
      <shelf name="2016-reads" count="6"/>
      <shelf name="sullivan" count="6"/>
      <shelf name="5-star" count="6"/>
      <shelf name="need-to-buy" count="6"/>
      <shelf name="read-in-2014" count="6"/>
      <shelf name="my-favorites" count="6"/>
      <shelf name="favorite-fantasy" count="6"/>
      <shelf name="thieves-and-assassins" count="6"/>
      <shelf name="mystery" count="6"/>
      <shelf name="read-fantasy" count="6"/>
      <shelf name="science-fiction" count="6"/>
      <shelf name="5-stars" count="6"/>
      <shelf name="action-adventure" count="6"/>
      <shelf name="heroic-fantasy" count="6"/>
      <shelf name="recommended" count="6"/>
      <shelf name="historical-fiction" count="6"/>
      <shelf name="books" count="6"/>
      <shelf name="romance" count="6"/>
      <shelf name="adult-fiction" count="6"/>
      <shelf name="sf-fantasy" count="6"/>
      <shelf name="my-books" count="6"/>
  </popular_shelves>
  <book_links>
    <book_link>
  <id>8</id>
  <name>Libraries</name>
  <link>https://www.goodreads.com/book_link/follow/8</link>
</book_link>

  </book_links>
  <buy_links>
    <buy_link>
<id>1</id>
<name>Amazon</name>
<link>https://www.goodreads.com/book_link/follow/1</link>
</buy_link>
<buy_link>
<id>10</id>
<name>Audible</name>
<link>https://www.goodreads.com/book_link/follow/10</link>
</buy_link>
<buy_link>
<id>3</id>
<name>Barnes &amp; Noble</name>
<link>https://www.goodreads.com/book_link/follow/3</link>
</buy_link>
<buy_link>
<id>1027</id>
<name>Kobo</name>
<link>https://www.goodreads.com/book_link/follow/1027</link>
</buy_link>
<buy_link>
<id>2102</id>
<name>Apple iBooks</name>
<link>https://www.goodreads.com/book_link/follow/2102</link>
</buy_link>
<buy_link>
<id>8036</id>
<name>Google Play</name>
<link>https://www.goodreads.com/book_link/follow/8036</link>
</buy_link>
<buy_link>
<id>4</id>
<name>Abebooks</name>
<link>https://www.goodreads.com/book_link/follow/4</link>
</buy_link>
<buy_link>
<id>882</id>
<name>Book Depository</name>
<link>https://www.goodreads.com/book_link/follow/882</link>
</buy_link>
<buy_link>
<id>9</id>
<name>Indigo</name>
<link>https://www.goodreads.com/book_link/follow/9</link>
</buy_link>
<buy_link>
<id>2</id>
<name>Half.com</name>
<link>https://www.goodreads.com/book_link/follow/2</link>
</buy_link>
<buy_link>
<id>5</id>
<name>Alibris</name>
<link>https://www.goodreads.com/book_link/follow/5</link>
</buy_link>
<buy_link>
<id>107</id>
<name>Better World Books</name>
<link>https://www.goodreads.com/book_link/follow/107</link>
</buy_link>
<buy_link>
<id>7</id>
<name>IndieBound</name>
<link>https://www.goodreads.com/book_link/follow/7</link>
</buy_link>

  </buy_links>
  <series_works>
    <series_work>
<id>481331</id>
<user_position>3-4</user_position>
<series>
<id>96465</id>
<title>
<![CDATA[
    The Riyria Revelations
]]>
</title>
<description>
<![CDATA[
    see also
    <a href="https://www.goodreads.com/series/175806-the-riyria-chronicles"><i>The Riyria Chronicles</i></a>
    
    This series was published in two different ways (six-book originally self-published and three, two-book omnibus editions). The original versions are out of print (having been replaced by Orbit releases). The series includes:
    
    * Theft of Swords: The Crown Conspiracy & Avempartha
    * Rise of Empire: Nyphron Rising & The Emerald Storm
    * Heir of Novron: Wintertide & Percepliquis
    
    <a href="http://www.michaelsullivan-author.com/images/riyria_new_to_old.jpg"><img src="http://www.michaelsullivan-author.com/images/riyria_new_to_old.jpg"></a>
    
    <b>ABOUT THE SERIES:</b> Instead of a string of sequels, the entire series was conceived as a single epic tale divided into individual episodes. All were written before the first was released so that plot elements are intertwined, yet each is self-contained with it's own conflict and resolution.
    
    <a href="https://www.goodreads.com/series/87887-the-riyria-chronicles"><i>The Riyria Chronicles</i></a> is a prequel series to <i>The Riyria Revelations</i> which explores: the origin of the partnership between Royce and Hadrian, how Riyria was formed, and the adventures the two went on during the twelve years prior to the events in <i>The Riyria Revelations</i>.
    
    While you can read the books in either publication order (starting with <i>Theft of Swords</i>) or chronologically (starting with <i>The Crown Tower</i>) the author suggest publication order as you are introduced to the characters and world as originally intended. In addition, there are some subtle winks and nods for veterans of Revelations when reading Chronicles. These aren't major plot points just little extras for "those in the know."
    
    The two reading options are:
    
    <img src="http://bit.ly/1MwMUAH">
]]>
</description>
<note>
<![CDATA[
    Additional info re: series moved from blurb of one book to here.
]]>
</note>
<series_works_count>10</series_works_count>
<primary_work_count>6</primary_work_count>
<numbered>true</numbered>
</series>

</series_work>
<series_work>
<id>535553</id>
<user_position>7-8</user_position>
<series>
<id>110612</id>
<title>
<![CDATA[
    Riyria
]]>
</title>
<description>
<![CDATA[
    Collecting the various Riyria novels and shorts into one chronologically ordered list.
    
    For the novels, two reading options exist:
    
    <img src="http://bit.ly/1MwMUAH">
]]>
</description>
<note>
<![CDATA[
]]>
</note>
<series_works_count>14</series_works_count>
<primary_work_count>7</primary_work_count>
<numbered>true</numbered>
</series>

</series_work>

  </series_works>
  <similar_books>
          <book>
<id>10834868</id>
<title><![CDATA[The Spirit War (The Legend of Eli Monpress, #4)]]></title>
<title_without_series>The Spirit War</title_without_series>
<link><![CDATA[https://www.goodreads.com/book/show/10834868-the-spirit-war]]></link>
<small_image_url><![CDATA[https://images.gr-assets.com/books/1330089634s/10834868.jpg]]></small_image_url>
<image_url><![CDATA[https://images.gr-assets.com/books/1330089634m/10834868.jpg]]></image_url>
<num_pages>320</num_pages>
<work>
<id>15748974</id>
</work>
<isbn>0316128198</isbn>
<isbn13>9780316128193</isbn13>
<average_rating>4.22</average_rating>
<ratings_count>4568</ratings_count>
<publication_year>2012</publication_year>
<publication_month>6</publication_month>
<publication_day>5</publication_day>
<authors>
<author>
<id>3504189</id>
<name>Rachel Aaron</name>
<link><![CDATA[https://www.goodreads.com/author/show/3504189.Rachel_Aaron]]></link>
</author>
</authors>
</book>

          <book>
<id>12395241</id>
<title><![CDATA[Sworn in Steel (Tales of the Kin, #2)]]></title>
<title_without_series>Sworn in Steel</title_without_series>
<link><![CDATA[https://www.goodreads.com/book/show/12395241-sworn-in-steel]]></link>
<small_image_url><![CDATA[https://images.gr-assets.com/books/1323247012s/12395241.jpg]]></small_image_url>
<image_url><![CDATA[https://images.gr-assets.com/books/1323247012m/12395241.jpg]]></image_url>
<num_pages>499</num_pages>
<work>
<id>17376418</id>
</work>
<isbn>0451464478</isbn>
<isbn13>9780451464477</isbn13>
<average_rating>4.20</average_rating>
<ratings_count>4205</ratings_count>
<publication_year>2014</publication_year>
<publication_month>5</publication_month>
<publication_day>6</publication_day>
<authors>
<author>
<id>4178213</id>
<name>Douglas Hulick</name>
<link><![CDATA[https://www.goodreads.com/author/show/4178213.Douglas_Hulick]]></link>
</author>
</authors>
</book>

          <book>
<id>17608111</id>
<title><![CDATA[The Crimson Campaign (Powder Mage, #2)]]></title>
<title_without_series>The Crimson Campaign</title_without_series>
<link><![CDATA[https://www.goodreads.com/book/show/17608111-the-crimson-campaign]]></link>
<small_image_url><![CDATA[https://images.gr-assets.com/books/1363102695s/17608111.jpg]]></small_image_url>
<image_url><![CDATA[https://images.gr-assets.com/books/1363102695m/17608111.jpg]]></image_url>
<num_pages>596</num_pages>
<work>
<id>24566794</id>
</work>
<isbn>0356502023</isbn>
<isbn13>9780356502021</isbn13>
<average_rating>4.36</average_rating>
<ratings_count>17104</ratings_count>
<publication_year>2014</publication_year>
<publication_month>5</publication_month>
<publication_day>6</publication_day>
<authors>
<author>
<id>6524620</id>
<name>Brian  McClellan</name>
<link><![CDATA[https://www.goodreads.com/author/show/6524620.Brian_McClellan]]></link>
</author>
</authors>
</book>

          <book>
<id>12759057</id>
<title><![CDATA[The King's Blood (The Dagger and the Coin, #2)]]></title>
<title_without_series>The King&apos;s Blood</title_without_series>
<link><![CDATA[https://www.goodreads.com/book/show/12759057-the-king-s-blood]]></link>
<small_image_url><![CDATA[https://images.gr-assets.com/books/1356495172s/12759057.jpg]]></small_image_url>
<image_url><![CDATA[https://images.gr-assets.com/books/1356495172m/12759057.jpg]]></image_url>
<num_pages>501</num_pages>
<work>
<id>17901316</id>
</work>
<isbn>1841498890</isbn>
<isbn13>9781841498898</isbn13>
<average_rating>4.00</average_rating>
<ratings_count>9192</ratings_count>
<publication_year>2012</publication_year>
<publication_month>5</publication_month>
<publication_day>3</publication_day>
<authors>
<author>
<id>13557729</id>
<name>Daniel Abraham</name>
<link><![CDATA[https://www.goodreads.com/author/show/13557729.Daniel_Abraham]]></link>
</author>
</authors>
</book>

          <book>
<id>13590715</id>
<title><![CDATA[The Tainted City (Shattered Sigil, #2)]]></title>
<title_without_series>The Tainted City</title_without_series>
<link><![CDATA[https://www.goodreads.com/book/show/13590715-the-tainted-city]]></link>
<small_image_url><![CDATA[https://images.gr-assets.com/books/1340241078s/13590715.jpg]]></small_image_url>
<image_url><![CDATA[https://images.gr-assets.com/books/1340241078m/13590715.jpg]]></image_url>
<num_pages>402</num_pages>
<work>
<id>19178702</id>
</work>
<isbn>1597804037</isbn>
<isbn13>9781597804035</isbn13>
<average_rating>3.94</average_rating>
<ratings_count>604</ratings_count>
<publication_year>2012</publication_year>
<publication_month>9</publication_month>
<publication_day>25</publication_day>
<authors>
<author>
<id>4752492</id>
<name>Courtney Schafer</name>
<link><![CDATA[https://www.goodreads.com/author/show/4752492.Courtney_Schafer]]></link>
</author>
</authors>
</book>

          <book>
<id>12499290</id>
<title><![CDATA[The Blinding Knife (Lightbringer, #2)]]></title>
<title_without_series>The Blinding Knife</title_without_series>
<link><![CDATA[https://www.goodreads.com/book/show/12499290-the-blinding-knife]]></link>
<small_image_url><![CDATA[https://images.gr-assets.com/books/1338432693s/12499290.jpg]]></small_image_url>
<image_url><![CDATA[https://images.gr-assets.com/books/1338432693m/12499290.jpg]]></image_url>
<num_pages>671</num_pages>
<work>
<id>17484647</id>
</work>
<isbn>031607991X</isbn>
<isbn13>9780316079914</isbn13>
<average_rating>4.45</average_rating>
<ratings_count>47334</ratings_count>
<publication_year>2012</publication_year>
<publication_month>9</publication_month>
<publication_day>11</publication_day>
<authors>
<author>
<id>1370283</id>
<name>Brent Weeks</name>
<link><![CDATA[https://www.goodreads.com/author/show/1370283.Brent_Weeks]]></link>
</author>
</authors>
</book>

          <book>
<id>18138189</id>
<title><![CDATA[Tower Lord (Raven's Shadow, #2)]]></title>
<title_without_series>Tower Lord</title_without_series>
<link><![CDATA[https://www.goodreads.com/book/show/18138189-tower-lord]]></link>
<small_image_url><![CDATA[https://images.gr-assets.com/books/1382486392s/18138189.jpg]]></small_image_url>
<image_url><![CDATA[https://images.gr-assets.com/books/1382486392m/18138189.jpg]]></image_url>
<num_pages>602</num_pages>
<work>
<id>25481154</id>
</work>
<isbn>0425265625</isbn>
<isbn13>9780425265628</isbn13>
<average_rating>4.19</average_rating>
<ratings_count>29310</ratings_count>
<publication_year>2014</publication_year>
<publication_month>7</publication_month>
<publication_day>1</publication_day>
<authors>
<author>
<id>5804101</id>
<name>Anthony  Ryan</name>
<link><![CDATA[https://www.goodreads.com/author/show/5804101.Anthony_Ryan]]></link>
</author>
</authors>
</book>

          <book>
<id>2930018</id>
<title><![CDATA[The Rats and the Ruling Sea (The Chathrand Voyage, #2)]]></title>
<title_without_series>The Rats and the Ruling Sea</title_without_series>
<link><![CDATA[https://www.goodreads.com/book/show/2930018-the-rats-and-the-ruling-sea]]></link>
<small_image_url><![CDATA[https://s.gr-assets.com/assets/nophoto/book/50x75-a91bf249278a81aabab721ef782c4a74.png]]></small_image_url>
<image_url><![CDATA[https://s.gr-assets.com/assets/nophoto/book/111x148-bcc042a9c91a29c1d680899eff700a03.png]]></image_url>
<num_pages>560</num_pages>
<work>
<id>2957447</id>
</work>
<isbn>0575081791</isbn>
<isbn13>9780575081796</isbn13>
<average_rating>3.80</average_rating>
<ratings_count>1824</ratings_count>
<publication_year>2009</publication_year>
<publication_month>10</publication_month>
<publication_day>1</publication_day>
<authors>
<author>
<id>2845500</id>
<name>Robert V.S. Redick</name>
<link><![CDATA[https://www.goodreads.com/author/show/2845500.Robert_V_S_Redick]]></link>
</author>
</authors>
</book>

          <book>
<id>18657632</id>
<title><![CDATA[The Shadow Throne (The Shadow Campaigns, #2)]]></title>
<title_without_series>The Shadow Throne</title_without_series>
<link><![CDATA[https://www.goodreads.com/book/show/18657632-the-shadow-throne]]></link>
<small_image_url><![CDATA[https://images.gr-assets.com/books/1422248599s/18657632.jpg]]></small_image_url>
<image_url><![CDATA[https://images.gr-assets.com/books/1422248599m/18657632.jpg]]></image_url>
<num_pages>512</num_pages>
<work>
<id>26473563</id>
</work>
<isbn>0091950589</isbn>
<isbn13>9780091950583</isbn13>
<average_rating>4.12</average_rating>
<ratings_count>6621</ratings_count>
<publication_year>2014</publication_year>
<publication_month>7</publication_month>
<publication_day>3</publication_day>
<authors>
<author>
<id>639491</id>
<name>Django Wexler</name>
<link><![CDATA[https://www.goodreads.com/author/show/639491.Django_Wexler]]></link>
</author>
</authors>
</book>

          <book>
<id>17737893</id>
<title><![CDATA[The Fell Sword (The Traitor Son Cycle, #2)]]></title>
<title_without_series>The Fell Sword</title_without_series>
<link><![CDATA[https://www.goodreads.com/book/show/17737893-the-fell-sword]]></link>
<small_image_url><![CDATA[https://images.gr-assets.com/books/1395781457s/17737893.jpg]]></small_image_url>
<image_url><![CDATA[https://images.gr-assets.com/books/1395781457m/17737893.jpg]]></image_url>
<num_pages>606</num_pages>
<work>
<id>24817137</id>
</work>
<isbn>1407247190</isbn>
<isbn13>9781407247199</isbn13>
<average_rating>4.28</average_rating>
<ratings_count>5764</ratings_count>
<publication_year>2014</publication_year>
<publication_month>1</publication_month>
<publication_day>30</publication_day>
<authors>
<author>
<id>6535608</id>
<name>Miles  Cameron</name>
<link><![CDATA[https://www.goodreads.com/author/show/6535608.Miles_Cameron]]></link>
</author>
</authors>
</book>

          <book>
<id>9268487</id>
<title><![CDATA[The Daylight War (Demon Cycle, #3)]]></title>
<title_without_series>The Daylight War</title_without_series>
<link><![CDATA[https://www.goodreads.com/book/show/9268487-the-daylight-war]]></link>
<small_image_url><![CDATA[https://images.gr-assets.com/books/1360777092s/9268487.jpg]]></small_image_url>
<image_url><![CDATA[https://images.gr-assets.com/books/1360777092m/9268487.jpg]]></image_url>
<num_pages>639</num_pages>
<work>
<id>14150105</id>
</work>
<isbn>0345503821</isbn>
<isbn13>9780345503824</isbn13>
<average_rating>4.23</average_rating>
<ratings_count>39229</ratings_count>
<publication_year>2013</publication_year>
<publication_month>2</publication_month>
<publication_day>12</publication_day>
<authors>
<author>
<id>1405152</id>
<name>Peter V. Brett</name>
<link><![CDATA[https://www.goodreads.com/author/show/1405152.Peter_V_Brett]]></link>
</author>
</authors>
</book>

          <book>
<id>18513718</id>
<title><![CDATA[Valor (The Faithful and the Fallen, #2)]]></title>
<title_without_series>Valor</title_without_series>
<link><![CDATA[https://www.goodreads.com/book/show/18513718-valor]]></link>
<small_image_url><![CDATA[https://images.gr-assets.com/books/1404588116s/18513718.jpg]]></small_image_url>
<image_url><![CDATA[https://images.gr-assets.com/books/1404588116m/18513718.jpg]]></image_url>
<num_pages>688</num_pages>
<work>
<id>26208659</id>
</work>
<isbn>0316399744</isbn>
<isbn13>9780316399746</isbn13>
<average_rating>4.37</average_rating>
<ratings_count>5242</ratings_count>
<publication_year>2014</publication_year>
<publication_month>7</publication_month>
<publication_day>22</publication_day>
<authors>
<author>
<id>5898355</id>
<name>John Gwynne</name>
<link><![CDATA[https://www.goodreads.com/author/show/5898355.John_Gwynne]]></link>
</author>
</authors>
</book>

  </similar_books>
</book>

</GoodreadsResponse>