<?xml version="1.0" encoding="UTF-8"?>
<GoodreadsResponse>
  <Request>
    <authentication>true</authentication>
      <key><![CDATA[all_men_must_serve]]></key>
    <method><![CDATA[book_show]]></method>
  </Request>
  <book>
  <id>10798418</id>
  <title>Why We Broke Up</title>
  <isbn><![CDATA[0316127256]]></isbn>
  <isbn13><![CDATA[9780316127257]]></isbn13>
  <asin><![CDATA[]]></asin>
  <kindle_asin><![CDATA[B008GSD28K]]></kindle_asin>
  <marketplace_id><![CDATA[A1F83G8C2ARO7P]]></marketplace_id>
  <country_code><![CDATA[GB]]></country_code>
  <image_url>https://images.gr-assets.com/books/1348728685m/10798418.jpg</image_url>
  <small_image_url>https://images.gr-assets.com/books/1348728685s/10798418.jpg</small_image_url>
  <publication_year>2011</publication_year>
  <publication_month>12</publication_month>
  <publication_day>27</publication_day>
  <publisher>Little, Brown Books for Young Readers</publisher>
  <language_code>eng</language_code>
  <is_ebook>false</is_ebook>
  <description><![CDATA[<i>I'm telling you why we broke up, Ed. I'm writing it in this letter, the whole truth of why it happened.</i><br /><br />Min Green and Ed Slaterton are breaking up, so Min is writing Ed a letter and giving him a box. Inside the box is why they broke up. Two bottle caps, a movie ticket, a folded note, a box of matches, a protractor, books, a toy truck, a pair of ugly earrings, a comb from a motel room, and every other item collected over the course of a giddy, intimate, heartbreaking relationship. Item after item is illustrated and accounted for, and then the box, like a girlfriend, will be dumped.]]></description>
  <work>
  <id type="integer">15293391</id>
  <books_count type="integer">55</books_count>
  <best_book_id type="integer">10798418</best_book_id>
  <reviews_count type="integer">128349</reviews_count>
  <ratings_sum type="integer">159586</ratings_sum>
  <ratings_count type="integer">45745</ratings_count>
  <text_reviews_count type="integer">6389</text_reviews_count>
  <original_publication_year type="integer">2011</original_publication_year>
  <original_publication_month type="integer">12</original_publication_month>
  <original_publication_day type="integer">27</original_publication_day>
  <original_title>Why We Broke Up</original_title>
  <original_language_id type="integer" nil="true"/>
  <media_type>book</media_type>
  <rating_dist>5:9555|4:14255|3:13479|2:5898|1:2558|total:45745</rating_dist>
  <desc_user_id type="integer">353227</desc_user_id>
  <default_chaptering_book_id type="integer" nil="true"/>
  <default_description_language_code nil="true"/>
</work>
  <average_rating>3.49</average_rating>
  <num_pages><![CDATA[354]]></num_pages>
  <format><![CDATA[Hardcover]]></format>
  <edition_information><![CDATA[]]></edition_information>
  <ratings_count><![CDATA[41220]]></ratings_count>
  <text_reviews_count><![CDATA[5472]]></text_reviews_count>
  <url><![CDATA[https://www.goodreads.com/book/show/10798418-why-we-broke-up]]></url>
  <link><![CDATA[https://www.goodreads.com/book/show/10798418-why-we-broke-up]]></link>
  <authors>
<author>
<id>7176</id>
<name>Daniel Handler</name>
<role></role>
<image_url nophoto='false'>
<![CDATA[https://images.gr-assets.com/authors/1403033761p5/7176.jpg]]>
</image_url>
<small_image_url nophoto='false'>
<![CDATA[https://images.gr-assets.com/authors/1403033761p2/7176.jpg]]>
</small_image_url>
<link><![CDATA[https://www.goodreads.com/author/show/7176.Daniel_Handler]]></link>
<average_rating>3.51</average_rating>
<ratings_count>64000</ratings_count>
<text_reviews_count>8923</text_reviews_count>
</author>
<author>
<id>55084</id>
<name>Maira Kalman</name>
<role>Illustrator</role>
<image_url nophoto='false'>
<![CDATA[https://images.gr-assets.com/authors/1249696266p5/55084.jpg]]>
</image_url>
<small_image_url nophoto='false'>
<![CDATA[https://images.gr-assets.com/authors/1249696266p2/55084.jpg]]>
</small_image_url>
<link><![CDATA[https://www.goodreads.com/author/show/55084.Maira_Kalman]]></link>
<average_rating>3.69</average_rating>
<ratings_count>69955</ratings_count>
<text_reviews_count>9565</text_reviews_count>
</author>
</authors>

    <reviews_widget>
      <![CDATA[
        <style>
  #goodreads-widget {
    font-family: georgia, serif;
    padding: 18px 0;
    width:565px;
  }
  #goodreads-widget h1 {
    font-weight:normal;
    font-size: 16px;
    border-bottom: 1px solid #BBB596;
    margin-bottom: 0;
  }
  #goodreads-widget a {
    text-decoration: none;
    color:#660;
  }
  iframe{
    background-color: #fff;
  }
  #goodreads-widget a:hover { text-decoration: underline; }
  #goodreads-widget a:active {
    color:#660;
  }
  #gr_footer {
    width: 100%;
    border-top: 1px solid #BBB596;
    text-align: right;
  }
  #goodreads-widget .gr_branding{
    color: #382110;
    font-size: 11px;
    text-decoration: none;
    font-family: "Helvetica Neue", Helvetica, Arial, sans-serif;
  }
</style>
<div id="goodreads-widget">
  <div id="gr_header"><h1><a rel="nofollow" href="https://www.goodreads.com/book/show/10798418-why-we-broke-up">Why We Broke Up Reviews</a></h1></div>
  <iframe id="the_iframe" src="https://www.goodreads.com/api/reviews_widget_iframe?did=DEVELOPER_ID&amp;format=html&amp;isbn=0316127256&amp;links=660&amp;min_rating=&amp;review_back=fff&amp;stars=000&amp;text=000" width="565" height="400" frameborder="0"></iframe>
  <div id="gr_footer">
    <a class="gr_branding" target="_blank" rel="nofollow" href="https://www.goodreads.com/book/show/10798418-why-we-broke-up?utm_medium=api&amp;utm_source=reviews_widget">Reviews from Goodreads.com</a>
  </div>
</div>

      ]]>
    </reviews_widget>
  <popular_shelves>
      <shelf name="to-read" count="74467"/>
      <shelf name="currently-reading" count="2269"/>
      <shelf name="young-adult" count="1252"/>
      <shelf name="ya" count="784"/>
      <shelf name="favorites" count="753"/>
      <shelf name="romance" count="534"/>
      <shelf name="contemporary" count="500"/>
      <shelf name="fiction" count="377"/>
      <shelf name="books-i-own" count="365"/>
      <shelf name="owned" count="236"/>
      <shelf name="realistic-fiction" count="228"/>
      <shelf name="to-buy" count="175"/>
      <shelf name="teen" count="130"/>
      <shelf name="dnf" count="110"/>
      <shelf name="library" count="106"/>
      <shelf name="read-in-2012" count="95"/>
      <shelf name="owned-books" count="89"/>
      <shelf name="chick-lit" count="84"/>
      <shelf name="did-not-finish" count="83"/>
      <shelf name="printz" count="83"/>
      <shelf name="favourites" count="80"/>
      <shelf name="wish-list" count="79"/>
      <shelf name="abandoned" count="79"/>
      <shelf name="ya-fiction" count="79"/>
      <shelf name="read-in-2014" count="72"/>
      <shelf name="stand-alone" count="70"/>
      <shelf name="realistic" count="68"/>
      <shelf name="young-adult-fiction" count="68"/>
      <shelf name="read-in-2013" count="67"/>
      <shelf name="ya-contemporary" count="65"/>
      <shelf name="high-school" count="64"/>
      <shelf name="ebook" count="62"/>
      <shelf name="coming-of-age" count="62"/>
      <shelf name="ebooks" count="60"/>
      <shelf name="read-in-2015" count="58"/>
      <shelf name="relationships" count="57"/>
      <shelf name="audiobook" count="52"/>
      <shelf name="kindle" count="50"/>
      <shelf name="illustrated" count="49"/>
      <shelf name="i-own" count="48"/>
      <shelf name="didn-t-finish" count="48"/>
      <shelf name="audio" count="47"/>
      <shelf name="my-books" count="45"/>
      <shelf name="audiobooks" count="45"/>
      <shelf name="read-in-2016" count="44"/>
      <shelf name="unfinished" count="43"/>
      <shelf name="ya-lit" count="43"/>
      <shelf name="read-2012" count="42"/>
      <shelf name="read-2014" count="41"/>
      <shelf name="love" count="41"/>
      <shelf name="maybe" count="41"/>
      <shelf name="teen-fiction" count="40"/>
      <shelf name="friendship" count="39"/>
      <shelf name="ya-books" count="38"/>
      <shelf name="graphic-novels" count="36"/>
      <shelf name="stand-alones" count="33"/>
      <shelf name="printz-award" count="33"/>
      <shelf name="on-hold" count="33"/>
      <shelf name="read-2015" count="32"/>
      <shelf name="2012-reads" count="32"/>
      <shelf name="tbr" count="31"/>
      <shelf name="library-books" count="31"/>
      <shelf name="contemporary-fiction" count="31"/>
      <shelf name="e-books" count="30"/>
      <shelf name="my-library" count="30"/>
      <shelf name="borrowed" count="29"/>
      <shelf name="want" count="29"/>
      <shelf name="2014-reads" count="28"/>
      <shelf name="ya-romance" count="28"/>
      <shelf name="printz-honor" count="28"/>
      <shelf name="novels" count="28"/>
      <shelf name="on-my-shelf" count="27"/>
      <shelf name="epistolary" count="27"/>
      <shelf name="arc" count="26"/>
      <shelf name="2015-reads" count="25"/>
      <shelf name="2013-reads" count="25"/>
      <shelf name="humor" count="25"/>
      <shelf name="read-2013" count="24"/>
      <shelf name="cover-love" count="23"/>
      <shelf name="own-it" count="22"/>
      <shelf name="book-club" count="21"/>
      <shelf name="books" count="21"/>
      <shelf name="adult" count="21"/>
      <shelf name="need-to-buy" count="21"/>
      <shelf name="read-in-english" count="20"/>
      <shelf name="summer-reads" count="20"/>
      <shelf name="tbr-pile" count="20"/>
      <shelf name="graphic-novel" count="20"/>
      <shelf name="gave-up-on" count="20"/>
      <shelf name="reviewed" count="20"/>
      <shelf name="young-adult-lit" count="19"/>
      <shelf name="teen-books" count="19"/>
      <shelf name="love-story" count="19"/>
      <shelf name="standalones" count="18"/>
      <shelf name="books-to-buy" count="18"/>
      <shelf name="school" count="18"/>
      <shelf name="e-book" count="18"/>
      <shelf name="art" count="18"/>
      <shelf name="couldn-t-finish" count="18"/>
      <shelf name="english" count="18"/>
  </popular_shelves>
  <book_links>
    <book_link>
  <id>8</id>
  <name>Libraries</name>
  <link>https://www.goodreads.com/book_link/follow/8</link>
</book_link>

  </book_links>
  <buy_links>
    <buy_link>
<id>1</id>
<name>Amazon</name>
<link>https://www.goodreads.com/book_link/follow/1</link>
</buy_link>
<buy_link>
<id>10</id>
<name>Audible</name>
<link>https://www.goodreads.com/book_link/follow/10</link>
</buy_link>
<buy_link>
<id>3</id>
<name>Barnes &amp; Noble</name>
<link>https://www.goodreads.com/book_link/follow/3</link>
</buy_link>
<buy_link>
<id>1027</id>
<name>Kobo</name>
<link>https://www.goodreads.com/book_link/follow/1027</link>
</buy_link>
<buy_link>
<id>2102</id>
<name>Apple iBooks</name>
<link>https://www.goodreads.com/book_link/follow/2102</link>
</buy_link>
<buy_link>
<id>8036</id>
<name>Google Play</name>
<link>https://www.goodreads.com/book_link/follow/8036</link>
</buy_link>
<buy_link>
<id>4</id>
<name>Abebooks</name>
<link>https://www.goodreads.com/book_link/follow/4</link>
</buy_link>
<buy_link>
<id>882</id>
<name>Book Depository</name>
<link>https://www.goodreads.com/book_link/follow/882</link>
</buy_link>
<buy_link>
<id>9</id>
<name>Indigo</name>
<link>https://www.goodreads.com/book_link/follow/9</link>
</buy_link>
<buy_link>
<id>2</id>
<name>Half.com</name>
<link>https://www.goodreads.com/book_link/follow/2</link>
</buy_link>
<buy_link>
<id>5</id>
<name>Alibris</name>
<link>https://www.goodreads.com/book_link/follow/5</link>
</buy_link>
<buy_link>
<id>107</id>
<name>Better World Books</name>
<link>https://www.goodreads.com/book_link/follow/107</link>
</buy_link>
<buy_link>
<id>7</id>
<name>IndieBound</name>
<link>https://www.goodreads.com/book_link/follow/7</link>
</buy_link>

  </buy_links>
  <series_works>
    
  </series_works>
  <similar_books>
          <book>
<id>8608525</id>
<title>The Returning</title>
<title_without_series>The Returning</title_without_series>
<link><![CDATA[https://www.goodreads.com/book/show/8608525-the-returning]]></link>
<small_image_url><![CDATA[https://images.gr-assets.com/books/1330581506s/8608525.jpg]]></small_image_url>
<image_url><![CDATA[https://images.gr-assets.com/books/1330581506m/8608525.jpg]]></image_url>
<num_pages>302</num_pages>
<work>
<id>6726930</id>
</work>
<isbn></isbn>
<isbn13></isbn13>
<average_rating>3.11</average_rating>
<ratings_count>823</ratings_count>
<publication_year>2011</publication_year>
<publication_month>4</publication_month>
<publication_day>14</publication_day>
<authors>
<author>
<id>2956424</id>
<name>Christine Hinwood</name>
<link><![CDATA[https://www.goodreads.com/author/show/2956424.Christine_Hinwood]]></link>
</author>
</authors>
</book>

          <book>
<id>13590977</id>
<title><![CDATA[The White Bicycle (Wild Orchard, #3)]]></title>
<title_without_series>The White Bicycle</title_without_series>
<link><![CDATA[https://www.goodreads.com/book/show/13590977-the-white-bicycle]]></link>
<small_image_url><![CDATA[https://images.gr-assets.com/books/1352964196s/13590977.jpg]]></small_image_url>
<image_url><![CDATA[https://images.gr-assets.com/books/1352964196m/13590977.jpg]]></image_url>
<num_pages>216</num_pages>
<work>
<id>19178984</id>
</work>
<isbn>0889954836</isbn>
<isbn13>9780889954830</isbn13>
<average_rating>3.60</average_rating>
<ratings_count>345</ratings_count>
<publication_year>2012</publication_year>
<publication_month>10</publication_month>
<publication_day>30</publication_day>
<authors>
<author>
<id>52544</id>
<name>Beverley Brenna</name>
<link><![CDATA[https://www.goodreads.com/author/show/52544.Beverley_Brenna]]></link>
</author>
</authors>
</book>

          <book>
<id>10757844</id>
<title>Winter Town</title>
<title_without_series>Winter Town</title_without_series>
<link><![CDATA[https://www.goodreads.com/book/show/10757844-winter-town]]></link>
<small_image_url><![CDATA[https://images.gr-assets.com/books/1371968905s/10757844.jpg]]></small_image_url>
<image_url><![CDATA[https://images.gr-assets.com/books/1371968905m/10757844.jpg]]></image_url>
<num_pages>331</num_pages>
<work>
<id>14697097</id>
</work>
<isbn>0316133329</isbn>
<isbn13>9780316133326</isbn13>
<average_rating>3.43</average_rating>
<ratings_count>2867</ratings_count>
<publication_year></publication_year>
<publication_month></publication_month>
<publication_day></publication_day>
<authors>
<author>
<id>2915925</id>
<name>Stephen Emond</name>
<link><![CDATA[https://www.goodreads.com/author/show/2915925.Stephen_Emond]]></link>
</author>
</authors>
</book>

          <book>
<id>499602</id>
<title>One Whole and Perfect Day</title>
<title_without_series>One Whole and Perfect Day</title_without_series>
<link><![CDATA[https://www.goodreads.com/book/show/499602.One_Whole_and_Perfect_Day]]></link>
<small_image_url><![CDATA[https://s.gr-assets.com/assets/nophoto/book/50x75-a91bf249278a81aabab721ef782c4a74.png]]></small_image_url>
<image_url><![CDATA[https://s.gr-assets.com/assets/nophoto/book/111x148-bcc042a9c91a29c1d680899eff700a03.png]]></image_url>
<num_pages>250</num_pages>
<work>
<id>487717</id>
</work>
<isbn>1932425950</isbn>
<isbn13>9781932425956</isbn13>
<average_rating>3.46</average_rating>
<ratings_count>992</ratings_count>
<publication_year>2007</publication_year>
<publication_month>3</publication_month>
<publication_day>1</publication_day>
<authors>
<author>
<id>278372</id>
<name>Judith Clarke</name>
<link><![CDATA[https://www.goodreads.com/author/show/278372.Judith_Clarke]]></link>
</author>
</authors>
</book>

          <book>
<id>4583614</id>
<title>Punkzilla</title>
<title_without_series>Punkzilla</title_without_series>
<link><![CDATA[https://www.goodreads.com/book/show/4583614-punkzilla]]></link>
<small_image_url><![CDATA[https://images.gr-assets.com/books/1320496660s/4583614.jpg]]></small_image_url>
<image_url><![CDATA[https://images.gr-assets.com/books/1320496660m/4583614.jpg]]></image_url>
<num_pages>244</num_pages>
<work>
<id>4633022</id>
</work>
<isbn>0763630314</isbn>
<isbn13>9780763630317</isbn13>
<average_rating>3.56</average_rating>
<ratings_count>1312</ratings_count>
<publication_year>2009</publication_year>
<publication_month>5</publication_month>
<publication_day>12</publication_day>
<authors>
<author>
<id>52277</id>
<name>Adam Rapp</name>
<link><![CDATA[https://www.goodreads.com/author/show/52277.Adam_Rapp]]></link>
</author>
</authors>
</book>

          <book>
<id>11293784</id>
<title>A Straight Line to My Heart</title>
<title_without_series>A Straight Line to My Heart</title_without_series>
<link><![CDATA[https://www.goodreads.com/book/show/11293784-a-straight-line-to-my-heart]]></link>
<small_image_url><![CDATA[https://images.gr-assets.com/books/1307452528s/11293784.jpg]]></small_image_url>
<image_url><![CDATA[https://images.gr-assets.com/books/1307452528m/11293784.jpg]]></image_url>
<num_pages>228</num_pages>
<work>
<id>16221253</id>
</work>
<isbn>1742377300</isbn>
<isbn13>9781742377308</isbn13>
<average_rating>3.63</average_rating>
<ratings_count>1848</ratings_count>
<publication_year>2011</publication_year>
<publication_month>8</publication_month>
<publication_day>1</publication_day>
<authors>
<author>
<id>45533</id>
<name>Bill Condon</name>
<link><![CDATA[https://www.goodreads.com/author/show/45533.Bill_Condon]]></link>
</author>
</authors>
</book>

          <book>
<id>10757806</id>
<title>How to Save a Life</title>
<title_without_series>How to Save a Life</title_without_series>
<link><![CDATA[https://www.goodreads.com/book/show/10757806-how-to-save-a-life]]></link>
<small_image_url><![CDATA[https://images.gr-assets.com/books/1337211222s/10757806.jpg]]></small_image_url>
<image_url><![CDATA[https://images.gr-assets.com/books/1337211222m/10757806.jpg]]></image_url>
<num_pages>341</num_pages>
<work>
<id>14982110</id>
</work>
<isbn>0316036064</isbn>
<isbn13>9780316036061</isbn13>
<average_rating>3.89</average_rating>
<ratings_count>14341</ratings_count>
<publication_year>2011</publication_year>
<publication_month>10</publication_month>
<publication_day>18</publication_day>
<authors>
<author>
<id>19093</id>
<name>Sara Zarr</name>
<link><![CDATA[https://www.goodreads.com/author/show/19093.Sara_Zarr]]></link>
</author>
</authors>
</book>

          <book>
<id>9369717</id>
<title>Paper Covers Rock</title>
<title_without_series>Paper Covers Rock</title_without_series>
<link><![CDATA[https://www.goodreads.com/book/show/9369717-paper-covers-rock]]></link>
<small_image_url><![CDATA[https://images.gr-assets.com/books/1333578378s/9369717.jpg]]></small_image_url>
<image_url><![CDATA[https://images.gr-assets.com/books/1333578378m/9369717.jpg]]></image_url>
<num_pages>192</num_pages>
<work>
<id>14253264</id>
</work>
<isbn>0385740557</isbn>
<isbn13>9780385740555</isbn13>
<average_rating>3.40</average_rating>
<ratings_count>2062</ratings_count>
<publication_year>2011</publication_year>
<publication_month>6</publication_month>
<publication_day>14</publication_day>
<authors>
<author>
<id>4372734</id>
<name>Jenny Hubbard</name>
<link><![CDATA[https://www.goodreads.com/author/show/4372734.Jenny_Hubbard]]></link>
</author>
</authors>
</book>

          <book>
<id>6665671</id>
<title>Please Ignore Vera Dietz</title>
<title_without_series>Please Ignore Vera Dietz</title_without_series>
<link><![CDATA[https://www.goodreads.com/book/show/6665671-please-ignore-vera-dietz]]></link>
<small_image_url><![CDATA[https://images.gr-assets.com/books/1394240671s/6665671.jpg]]></small_image_url>
<image_url><![CDATA[https://images.gr-assets.com/books/1394240671m/6665671.jpg]]></image_url>
<num_pages>326</num_pages>
<work>
<id>6860540</id>
</work>
<isbn>0375865861</isbn>
<isbn13>9780375865862</isbn13>
<average_rating>3.91</average_rating>
<ratings_count>23343</ratings_count>
<publication_year>2010</publication_year>
<publication_month>10</publication_month>
<publication_day>12</publication_day>
<authors>
<author>
<id>1651879</id>
<name>A.S. King</name>
<link><![CDATA[https://www.goodreads.com/author/show/1651879.A_S_King]]></link>
</author>
</authors>
</book>

          <book>
<id>8563789</id>
<title>Where Things Come Back</title>
<title_without_series>Where Things Come Back</title_without_series>
<link><![CDATA[https://www.goodreads.com/book/show/8563789-where-things-come-back]]></link>
<small_image_url><![CDATA[https://images.gr-assets.com/books/1330581469s/8563789.jpg]]></small_image_url>
<image_url><![CDATA[https://images.gr-assets.com/books/1330581469m/8563789.jpg]]></image_url>
<num_pages>228</num_pages>
<work>
<id>13432259</id>
</work>
<isbn>1442413336</isbn>
<isbn13>9781442413337</isbn13>
<average_rating>3.81</average_rating>
<ratings_count>17541</ratings_count>
<publication_year>2011</publication_year>
<publication_month>5</publication_month>
<publication_day>3</publication_day>
<authors>
<author>
<id>4113638</id>
<name>John Corey Whaley</name>
<link><![CDATA[https://www.goodreads.com/author/show/4113638.John_Corey_Whaley]]></link>
</author>
</authors>
</book>

          <book>
<id>11451112</id>
<title>In Darkness</title>
<title_without_series>In Darkness</title_without_series>
<link><![CDATA[https://www.goodreads.com/book/show/11451112-in-darkness]]></link>
<small_image_url><![CDATA[https://images.gr-assets.com/books/1329102541s/11451112.jpg]]></small_image_url>
<image_url><![CDATA[https://images.gr-assets.com/books/1329102541m/11451112.jpg]]></image_url>
<num_pages>337</num_pages>
<work>
<id>16385066</id>
</work>
<isbn>140881997X</isbn>
<isbn13>9781408819975</isbn13>
<average_rating>3.74</average_rating>
<ratings_count>3383</ratings_count>
<publication_year>2012</publication_year>
<publication_month>1</publication_month>
<publication_day>5</publication_day>
<authors>
<author>
<id>2885318</id>
<name>Nick Lake</name>
<link><![CDATA[https://www.goodreads.com/author/show/2885318.Nick_Lake]]></link>
</author>
</authors>
</book>

          <book>
<id>11699055</id>
<title>The Disenchantments</title>
<title_without_series>The Disenchantments</title_without_series>
<link><![CDATA[https://www.goodreads.com/book/show/11699055-the-disenchantments]]></link>
<small_image_url><![CDATA[https://images.gr-assets.com/books/1309200951s/11699055.jpg]]></small_image_url>
<image_url><![CDATA[https://images.gr-assets.com/books/1309200951m/11699055.jpg]]></image_url>
<num_pages>310</num_pages>
<work>
<id>16646156</id>
</work>
<isbn>0525422196</isbn>
<isbn13>9780525422198</isbn13>
<average_rating>3.74</average_rating>
<ratings_count>7805</ratings_count>
<publication_year>2012</publication_year>
<publication_month>2</publication_month>
<publication_day>16</publication_day>
<authors>
<author>
<id>2889003</id>
<name>Nina LaCour</name>
<link><![CDATA[https://www.goodreads.com/author/show/2889003.Nina_LaCour]]></link>
</author>
</authors>
</book>

          <book>
<id>5807187</id>
<title><![CDATA[King of Heists: The Sensational Bank Robbery of 1878 That Shocked America]]></title>
<title_without_series><![CDATA[King of Heists: The Sensational Bank Robbery of 1878 That Shocked America]]></title_without_series>
<link><![CDATA[https://www.goodreads.com/book/show/5807187-king-of-heists]]></link>
<small_image_url><![CDATA[https://images.gr-assets.com/books/1328748914s/5807187.jpg]]></small_image_url>
<image_url><![CDATA[https://images.gr-assets.com/books/1328748914m/5807187.jpg]]></image_url>
<num_pages>240</num_pages>
<work>
<id>5979189</id>
</work>
<isbn>1599215381</isbn>
<isbn13>9781599215389</isbn13>
<average_rating>3.25</average_rating>
<ratings_count>231</ratings_count>
<publication_year>2009</publication_year>
<publication_month>8</publication_month>
<publication_day>4</publication_day>
<authors>
<author>
<id>1364419</id>
<name>J. North Conway</name>
<link><![CDATA[https://www.goodreads.com/author/show/1364419.J_North_Conway]]></link>
</author>
</authors>
</book>

          <book>
<id>12458860</id>
<title><![CDATA[No Crystal Stair: A Documentary Novel of the Life and Work of Lewis Michaux, Harlem Bookseller]]></title>
<title_without_series><![CDATA[No Crystal Stair: A Documentary Novel of the Life and Work of Lewis Michaux, Harlem Bookseller]]></title_without_series>
<link><![CDATA[https://www.goodreads.com/book/show/12458860-no-crystal-stair]]></link>
<small_image_url><![CDATA[https://s.gr-assets.com/assets/nophoto/book/50x75-a91bf249278a81aabab721ef782c4a74.png]]></small_image_url>
<image_url><![CDATA[https://s.gr-assets.com/assets/nophoto/book/111x148-bcc042a9c91a29c1d680899eff700a03.png]]></image_url>
<num_pages>188</num_pages>
<work>
<id>17442476</id>
</work>
<isbn>0761361693</isbn>
<isbn13>9780761361695</isbn13>
<average_rating>3.91</average_rating>
<ratings_count>1349</ratings_count>
<publication_year>2012</publication_year>
<publication_month>2</publication_month>
<publication_day>1</publication_day>
<authors>
<author>
<id>57823</id>
<name>Vaunda Micheaux Nelson</name>
<link><![CDATA[https://www.goodreads.com/author/show/57823.Vaunda_Micheaux_Nelson]]></link>
</author>
</authors>
</book>

          <book>
<id>7507905</id>
<title>The Things a Brother Knows</title>
<title_without_series>The Things a Brother Knows</title_without_series>
<link><![CDATA[https://www.goodreads.com/book/show/7507905-the-things-a-brother-knows]]></link>
<small_image_url><![CDATA[https://images.gr-assets.com/books/1320408816s/7507905.jpg]]></small_image_url>
<image_url><![CDATA[https://images.gr-assets.com/books/1320408816m/7507905.jpg]]></image_url>
<num_pages>256</num_pages>
<work>
<id>9694865</id>
</work>
<isbn>0375844554</isbn>
<isbn13>9780375844553</isbn13>
<average_rating>3.85</average_rating>
<ratings_count>2605</ratings_count>
<publication_year>2010</publication_year>
<publication_month>9</publication_month>
<publication_day>14</publication_day>
<authors>
<author>
<id>64085</id>
<name>Dana Reinhardt</name>
<link><![CDATA[https://www.goodreads.com/author/show/64085.Dana_Reinhardt]]></link>
</author>
</authors>
</book>

          <book>
<id>5819551</id>
<title><![CDATA[The Treasure Map of Boys: Noel, Jackson, Finn, Hutch, Gideon—and me, Ruby Oliver  (Ruby Oliver, #3)]]></title>
<title_without_series><![CDATA[The Treasure Map of Boys: Noel, Jackson, Finn, Hutch, Gideon—and me, Ruby Oliver]]></title_without_series>
<link><![CDATA[https://www.goodreads.com/book/show/5819551-the-treasure-map-of-boys]]></link>
<small_image_url><![CDATA[https://s.gr-assets.com/assets/nophoto/book/50x75-a91bf249278a81aabab721ef782c4a74.png]]></small_image_url>
<image_url><![CDATA[https://s.gr-assets.com/assets/nophoto/book/111x148-bcc042a9c91a29c1d680899eff700a03.png]]></image_url>
<num_pages>244</num_pages>
<work>
<id>5991564</id>
</work>
<isbn>0385734263</isbn>
<isbn13>9780385734264</isbn13>
<average_rating>3.95</average_rating>
<ratings_count>6757</ratings_count>
<publication_year></publication_year>
<publication_month></publication_month>
<publication_day></publication_day>
<authors>
<author>
<id>173491</id>
<name>E. Lockhart</name>
<link><![CDATA[https://www.goodreads.com/author/show/173491.E_Lockhart]]></link>
</author>
</authors>
</book>

          <book>
<id>233906</id>
<title><![CDATA[John Lennon: All I Want is the Truth ]]></title>
<title_without_series><![CDATA[John Lennon: All I Want is the Truth]]></title_without_series>
<link><![CDATA[https://www.goodreads.com/book/show/233906.John_Lennon]]></link>
<small_image_url><![CDATA[https://s.gr-assets.com/assets/nophoto/book/50x75-a91bf249278a81aabab721ef782c4a74.png]]></small_image_url>
<image_url><![CDATA[https://s.gr-assets.com/assets/nophoto/book/111x148-bcc042a9c91a29c1d680899eff700a03.png]]></image_url>
<num_pages>256</num_pages>
<work>
<id>226533</id>
</work>
<isbn>0670059544</isbn>
<isbn13>9780670059546</isbn13>
<average_rating>3.94</average_rating>
<ratings_count>532</ratings_count>
<publication_year>2005</publication_year>
<publication_month>10</publication_month>
<publication_day>6</publication_day>
<authors>
<author>
<id>136860</id>
<name>Elizabeth Partridge</name>
<link><![CDATA[https://www.goodreads.com/author/show/136860.Elizabeth_Partridge]]></link>
</author>
</authors>
</book>

          <book>
<id>15764032</id>
<title><![CDATA[Dr. Bird's Advice for Sad Poets]]></title>
<title_without_series><![CDATA[Dr. Bird's Advice for Sad Poets]]></title_without_series>
<link><![CDATA[https://www.goodreads.com/book/show/15764032-dr-bird-s-advice-for-sad-poets]]></link>
<small_image_url><![CDATA[https://images.gr-assets.com/books/1391614286s/15764032.jpg]]></small_image_url>
<image_url><![CDATA[https://images.gr-assets.com/books/1391614286m/15764032.jpg]]></image_url>
<num_pages>310</num_pages>
<work>
<id>21466579</id>
</work>
<isbn>054792853X</isbn>
<isbn13>9780547928531</isbn13>
<average_rating>3.84</average_rating>
<ratings_count>3227</ratings_count>
<publication_year>2013</publication_year>
<publication_month>3</publication_month>
<publication_day>5</publication_day>
<authors>
<author>
<id>2329</id>
<name>Evan Roskos</name>
<link><![CDATA[https://www.goodreads.com/author/show/2329.Evan_Roskos]]></link>
</author>
</authors>
</book>

  </similar_books>
</book>

</GoodreadsResponse>