<?xml version="1.0" encoding="UTF-8"?>
<GoodreadsResponse>
  <Request>
    <authentication>true</authentication>
      <key><![CDATA[all_men_must_serve]]></key>
    <method><![CDATA[book_show]]></method>
  </Request>
  <book>
  <id>10808006</id>
  <title><![CDATA[Private #1 Suspect (Private, #2)]]></title>
  <isbn><![CDATA[0316097403]]></isbn>
  <isbn13><![CDATA[9780316097406]]></isbn13>
  <asin><![CDATA[]]></asin>
  <kindle_asin><![CDATA[B0076ZS5UE]]></kindle_asin>
  <marketplace_id><![CDATA[A1F83G8C2ARO7P]]></marketplace_id>
  <country_code><![CDATA[GB]]></country_code>
  <image_url>https://s.gr-assets.com/assets/nophoto/book/111x148-bcc042a9c91a29c1d680899eff700a03.png</image_url>
  <small_image_url>https://s.gr-assets.com/assets/nophoto/book/50x75-a91bf249278a81aabab721ef782c4a74.png</small_image_url>
  <publication_year>2012</publication_year>
  <publication_month>1</publication_month>
  <publication_day>2</publication_day>
  <publisher>Little, Brown and Company</publisher>
  <language_code>eng</language_code>
  <is_ebook>false</is_ebook>
  <description><![CDATA[<strong>Unsolvable cases<br /><br /></strong>Since former Marine Jack Morgan started Private, it has become the world's most effective investigation firm--sought out by the famous and the powerful to discreetly handle their most intimate problems. Private's investigators are the smartest, the fastest, and the most technologically advanced in the world--and they always uncover the truth.<br /><br /><b>Impossible murders</b><br /><br />When his former lover is found murdered in Jack Morgan's bed, he is instantly the number one suspect. While Jack is under police investigation, the mob strong-arms him into recovering $30 million in stolen pharmaceuticals for them. And the beautiful manager of a luxury hotel chain persuades him to quietly investigate a string of murders at her properties. <br /><br /><b>The #1 suspect is Jack Morgan</b><br /><br />While Jack is fighting for his life, one of his most trusted colleagues threatens to leave Private, and Jack realizes he is confronting the cleverest and most powerful enemies ever. With more action, more intrigue, and more twists than ever before, PRIVATE #1 SUSPECT is James Patterson at his unstoppable best.]]></description>
  <work>
  <id type="integer">15721497</id>
  <books_count type="integer">45</books_count>
  <best_book_id type="integer">10808006</best_book_id>
  <reviews_count type="integer">28313</reviews_count>
  <ratings_sum type="integer">64784</ratings_sum>
  <ratings_count type="integer">16420</ratings_count>
  <text_reviews_count type="integer">967</text_reviews_count>
  <original_publication_year type="integer">2011</original_publication_year>
  <original_publication_month type="integer">12</original_publication_month>
  <original_publication_day type="integer">29</original_publication_day>
  <original_title>Private:  #1 Suspect</original_title>
  <original_language_id type="integer" nil="true"/>
  <media_type>book</media_type>
  <rating_dist>5:4950|4:6630|3:3995|2:684|1:161|total:16420</rating_dist>
  <desc_user_id type="integer">-46</desc_user_id>
  <default_chaptering_book_id type="integer" nil="true"/>
  <default_description_language_code nil="true"/>
</work>
  <average_rating>3.95</average_rating>
  <num_pages><![CDATA[401]]></num_pages>
  <format><![CDATA[Hardcover]]></format>
  <edition_information><![CDATA[]]></edition_information>
  <ratings_count><![CDATA[13436]]></ratings_count>
  <text_reviews_count><![CDATA[823]]></text_reviews_count>
  <url><![CDATA[https://www.goodreads.com/book/show/10808006-private-1-suspect]]></url>
  <link><![CDATA[https://www.goodreads.com/book/show/10808006-private-1-suspect]]></link>
  <authors>
<author>
<id>3780</id>
<name>James Patterson</name>
<role></role>
<image_url nophoto='false'>
<![CDATA[https://images.gr-assets.com/authors/1468347205p5/3780.jpg]]>
</image_url>
<small_image_url nophoto='false'>
<![CDATA[https://images.gr-assets.com/authors/1468347205p2/3780.jpg]]>
</small_image_url>
<link><![CDATA[https://www.goodreads.com/author/show/3780.James_Patterson]]></link>
<average_rating>3.97</average_rating>
<ratings_count>4601899</ratings_count>
<text_reviews_count>214826</text_reviews_count>
</author>
<author>
<id>8215</id>
<name>Maxine Paetro</name>
<role></role>
<image_url nophoto='false'>
<![CDATA[https://images.gr-assets.com/authors/1329856149p5/8215.jpg]]>
</image_url>
<small_image_url nophoto='false'>
<![CDATA[https://images.gr-assets.com/authors/1329856149p2/8215.jpg]]>
</small_image_url>
<link><![CDATA[https://www.goodreads.com/author/show/8215.Maxine_Paetro]]></link>
<average_rating>3.98</average_rating>
<ratings_count>503021</ratings_count>
<text_reviews_count>29703</text_reviews_count>
</author>
</authors>

    <reviews_widget>
      <![CDATA[
        <style>
  #goodreads-widget {
    font-family: georgia, serif;
    padding: 18px 0;
    width:565px;
  }
  #goodreads-widget h1 {
    font-weight:normal;
    font-size: 16px;
    border-bottom: 1px solid #BBB596;
    margin-bottom: 0;
  }
  #goodreads-widget a {
    text-decoration: none;
    color:#660;
  }
  iframe{
    background-color: #fff;
  }
  #goodreads-widget a:hover { text-decoration: underline; }
  #goodreads-widget a:active {
    color:#660;
  }
  #gr_footer {
    width: 100%;
    border-top: 1px solid #BBB596;
    text-align: right;
  }
  #goodreads-widget .gr_branding{
    color: #382110;
    font-size: 11px;
    text-decoration: none;
    font-family: "Helvetica Neue", Helvetica, Arial, sans-serif;
  }
</style>
<div id="goodreads-widget">
  <div id="gr_header"><h1><a rel="nofollow" href="https://www.goodreads.com/book/show/10808006-private-1-suspect">Private #1 Suspect Reviews</a></h1></div>
  <iframe id="the_iframe" src="https://www.goodreads.com/api/reviews_widget_iframe?did=DEVELOPER_ID&amp;format=html&amp;isbn=0316097403&amp;links=660&amp;min_rating=&amp;review_back=fff&amp;stars=000&amp;text=000" width="565" height="400" frameborder="0"></iframe>
  <div id="gr_footer">
    <a class="gr_branding" target="_blank" rel="nofollow" href="https://www.goodreads.com/book/show/10808006-private-1-suspect?utm_medium=api&amp;utm_source=reviews_widget">Reviews from Goodreads.com</a>
  </div>
</div>

      ]]>
    </reviews_widget>
  <popular_shelves>
      <shelf name="james-patterson" count="452"/>
      <shelf name="to-read" count="342"/>
      <shelf name="currently-reading" count="318"/>
      <shelf name="mystery" count="122"/>
      <shelf name="fiction" count="96"/>
      <shelf name="thriller" count="87"/>
      <shelf name="patterson" count="82"/>
      <shelf name="default" count="60"/>
      <shelf name="series" count="57"/>
      <shelf name="private" count="56"/>
      <shelf name="crime" count="56"/>
      <shelf name="audio" count="43"/>
      <shelf name="books-i-own" count="41"/>
      <shelf name="patterson-james" count="34"/>
      <shelf name="owned" count="32"/>
      <shelf name="suspense" count="32"/>
      <shelf name="audiobook" count="29"/>
      <shelf name="library" count="28"/>
      <shelf name="james-patterson-private" count="27"/>
      <shelf name="kindle" count="25"/>
      <shelf name="private-series" count="24"/>
      <shelf name="mystery-thriller" count="22"/>
      <shelf name="read-2012" count="22"/>
      <shelf name="mystery-suspense" count="20"/>
      <shelf name="audible" count="19"/>
      <shelf name="read-in-2012" count="19"/>
      <shelf name="audiobooks" count="18"/>
      <shelf name="audio-books" count="18"/>
      <shelf name="ebooks" count="17"/>
      <shelf name="favorites" count="16"/>
      <shelf name="jack-morgan" count="15"/>
      <shelf name="murder-mystery" count="14"/>
      <shelf name="to-buy" count="14"/>
      <shelf name="my-books" count="13"/>
      <shelf name="jack-morgan-series" count="13"/>
      <shelf name="james-patterson-private-series" count="13"/>
      <shelf name="wish-list" count="13"/>
      <shelf name="have" count="12"/>
      <shelf name="patterson-private" count="12"/>
      <shelf name="adult" count="12"/>
      <shelf name="owned-books" count="11"/>
      <shelf name="my-library" count="11"/>
      <shelf name="2012-reads" count="11"/>
      <shelf name="thrillers" count="11"/>
      <shelf name="mysteries" count="11"/>
      <shelf name="crime-mystery" count="10"/>
      <shelf name="read-in-2014" count="9"/>
      <shelf name="books-i-have" count="9"/>
      <shelf name="i-own" count="9"/>
      <shelf name="crime-thriller" count="9"/>
      <shelf name="detective" count="9"/>
      <shelf name="nook" count="9"/>
      <shelf name="audio-book" count="9"/>
      <shelf name="read-2016" count="8"/>
      <shelf name="read-2013" count="8"/>
      <shelf name="crime-fiction" count="8"/>
      <shelf name="ebook" count="8"/>
      <shelf name="library-book" count="8"/>
      <shelf name="overdrive" count="7"/>
      <shelf name="mystery-crime" count="7"/>
      <shelf name="jp-private" count="7"/>
      <shelf name="library-books" count="7"/>
      <shelf name="private-investigators" count="6"/>
      <shelf name="patterson-j" count="6"/>
      <shelf name="private-james-patterson" count="6"/>
      <shelf name="mystery-series" count="6"/>
      <shelf name="james-patterson-read" count="6"/>
      <shelf name="2012-books" count="6"/>
      <shelf name="need-to-buy" count="6"/>
      <shelf name="book-2" count="5"/>
      <shelf name="2015-reads" count="5"/>
      <shelf name="mystery-suspense-thriller" count="5"/>
      <shelf name="p" count="5"/>
      <shelf name="series-books" count="5"/>
      <shelf name="own-to-read" count="5"/>
      <shelf name="finished" count="5"/>
      <shelf name="thriller-mystery" count="5"/>
      <shelf name="murder" count="5"/>
      <shelf name="e-book" count="5"/>
      <shelf name="borrowed" count="5"/>
      <shelf name="favorite-authors" count="5"/>
      <shelf name="books-read-in-2012" count="5"/>
      <shelf name="mystery-thrillers" count="5"/>
      <shelf name="action-adventure" count="5"/>
      <shelf name="calibre" count="5"/>
      <shelf name="adult-fiction" count="5"/>
      <shelf name="2016-books" count="4"/>
      <shelf name="read-in-2015" count="4"/>
      <shelf name="want-to-buy" count="4"/>
      <shelf name="books" count="4"/>
      <shelf name="already-read" count="4"/>
      <shelf name="listened-to" count="4"/>
      <shelf name="mysteries-thrillers" count="4"/>
      <shelf name="2013-books" count="4"/>
      <shelf name="want" count="4"/>
      <shelf name="part-of-a-series" count="4"/>
      <shelf name="thriller-suspense" count="4"/>
      <shelf name="crime-suspense" count="4"/>
      <shelf name="suspense-thriller" count="4"/>
      <shelf name="kindle-books" count="4"/>
  </popular_shelves>
  <book_links>
    <book_link>
  <id>8</id>
  <name>Libraries</name>
  <link>https://www.goodreads.com/book_link/follow/8</link>
</book_link>

  </book_links>
  <buy_links>
    <buy_link>
<id>1</id>
<name>Amazon</name>
<link>https://www.goodreads.com/book_link/follow/1</link>
</buy_link>
<buy_link>
<id>10</id>
<name>Audible</name>
<link>https://www.goodreads.com/book_link/follow/10</link>
</buy_link>
<buy_link>
<id>3</id>
<name>Barnes &amp; Noble</name>
<link>https://www.goodreads.com/book_link/follow/3</link>
</buy_link>
<buy_link>
<id>1027</id>
<name>Kobo</name>
<link>https://www.goodreads.com/book_link/follow/1027</link>
</buy_link>
<buy_link>
<id>2102</id>
<name>Apple iBooks</name>
<link>https://www.goodreads.com/book_link/follow/2102</link>
</buy_link>
<buy_link>
<id>8036</id>
<name>Google Play</name>
<link>https://www.goodreads.com/book_link/follow/8036</link>
</buy_link>
<buy_link>
<id>4</id>
<name>Abebooks</name>
<link>https://www.goodreads.com/book_link/follow/4</link>
</buy_link>
<buy_link>
<id>882</id>
<name>Book Depository</name>
<link>https://www.goodreads.com/book_link/follow/882</link>
</buy_link>
<buy_link>
<id>9</id>
<name>Indigo</name>
<link>https://www.goodreads.com/book_link/follow/9</link>
</buy_link>
<buy_link>
<id>2</id>
<name>Half.com</name>
<link>https://www.goodreads.com/book_link/follow/2</link>
</buy_link>
<buy_link>
<id>5</id>
<name>Alibris</name>
<link>https://www.goodreads.com/book_link/follow/5</link>
</buy_link>
<buy_link>
<id>107</id>
<name>Better World Books</name>
<link>https://www.goodreads.com/book_link/follow/107</link>
</buy_link>
<buy_link>
<id>7</id>
<name>IndieBound</name>
<link>https://www.goodreads.com/book_link/follow/7</link>
</buy_link>

  </buy_links>
  <series_works>
    <series_work>
<id>657684</id>
<user_position>2</user_position>
<series>
<id>132156</id>
<title>
<![CDATA[
    Private
]]>
</title>
<description>
<![CDATA[
    For an alternative number/order of the books, please see <a href="http://www.jamespatterson.co.uk/private/">the author's UK website</a> 
    *
    Books listed here in chronological order/US publication date.  The Private series as listed on the author's US website is as follows:
    
    PRIVATE
    Private
    Private: #1 Suspect 
    Private L.A. 
    Private Vegas
    Private Paris
    The Games/Private Rio
    *
    <i>Others:</i> (Not part of the main series)
    Private Games
    Private London
    Private Berlin
    Private Oz/Private Down Under 
    Private India: City on Fire 
    Private Sydney/The Missing (US)
    Private Delhi/Count to Ten (US)
    
    http://www.jamespatterson.com/books_checklist.php#jpSeries
]]>
</description>
<note>
<![CDATA[
    ***Please don't change to reflect author's UK website- he is from the US, and this is updated to reflect author's US website, since that's where he's based, not UK.  Listed here in chronological order, since he states on his website that half of them aren't technically part of the main series.
    
    Please create an alternate series listing for ordering in different countries.
]]>
</note>
<series_works_count>16</series_works_count>
<primary_work_count>13</primary_work_count>
<numbered>true</numbered>
</series>

</series_work>

  </series_works>
  <similar_books>
          <book>
<id>11890806</id>
<title><![CDATA[D.C. Dead (Stone Barrington, #22)]]></title>
<title_without_series>D.C. Dead</title_without_series>
<link><![CDATA[https://www.goodreads.com/book/show/11890806-d-c-dead]]></link>
<small_image_url><![CDATA[https://images.gr-assets.com/books/1314730445s/11890806.jpg]]></small_image_url>
<image_url><![CDATA[https://images.gr-assets.com/books/1314730445m/11890806.jpg]]></image_url>
<num_pages>290</num_pages>
<work>
<id>16849808</id>
</work>
<isbn>0399157662</isbn>
<isbn13>9780399157660</isbn13>
<average_rating>3.75</average_rating>
<ratings_count>3937</ratings_count>
<publication_year>2011</publication_year>
<publication_month>12</publication_month>
<publication_day>22</publication_day>
<authors>
<author>
<id>3936</id>
<name>Stuart Woods</name>
<link><![CDATA[https://www.goodreads.com/author/show/3936.Stuart_Woods]]></link>
</author>
</authors>
</book>

          <book>
<id>13044811</id>
<title>15 Seconds</title>
<title_without_series>15 Seconds</title_without_series>
<link><![CDATA[https://www.goodreads.com/book/show/13044811-15-seconds]]></link>
<small_image_url><![CDATA[https://images.gr-assets.com/books/1331442246s/13044811.jpg]]></small_image_url>
<image_url><![CDATA[https://images.gr-assets.com/books/1331442246m/13044811.jpg]]></image_url>
<num_pages>324</num_pages>
<work>
<id>18209109</id>
</work>
<isbn>006165597X</isbn>
<isbn13>9780061655975</isbn13>
<average_rating>3.71</average_rating>
<ratings_count>4766</ratings_count>
<publication_year></publication_year>
<publication_month></publication_month>
<publication_day></publication_day>
<authors>
<author>
<id>8214</id>
<name>Andrew Gross</name>
<link><![CDATA[https://www.goodreads.com/author/show/8214.Andrew_Gross]]></link>
</author>
</authors>
</book>

          <book>
<id>11746175</id>
<title><![CDATA[Capitol Murder (Dana Cutler, #3)]]></title>
<title_without_series>Capitol Murder</title_without_series>
<link><![CDATA[https://www.goodreads.com/book/show/11746175-capitol-murder]]></link>
<small_image_url><![CDATA[https://s.gr-assets.com/assets/nophoto/book/50x75-a91bf249278a81aabab721ef782c4a74.png]]></small_image_url>
<image_url><![CDATA[https://s.gr-assets.com/assets/nophoto/book/111x148-bcc042a9c91a29c1d680899eff700a03.png]]></image_url>
<num_pages>340</num_pages>
<work>
<id>16695790</id>
</work>
<isbn>0062069888</isbn>
<isbn13>9780062069887</isbn13>
<average_rating>3.80</average_rating>
<ratings_count>2220</ratings_count>
<publication_year>2012</publication_year>
<publication_month>4</publication_month>
<publication_day>3</publication_day>
<authors>
<author>
<id>7153</id>
<name>Phillip Margolin</name>
<link><![CDATA[https://www.goodreads.com/author/show/7153.Phillip_Margolin]]></link>
</author>
</authors>
</book>

          <book>
<id>13126128</id>
<title>Backfire (FBI Thriller, #16)</title>
<title_without_series>Backfire</title_without_series>
<link><![CDATA[https://www.goodreads.com/book/show/13126128-backfire]]></link>
<small_image_url><![CDATA[https://s.gr-assets.com/assets/nophoto/book/50x75-a91bf249278a81aabab721ef782c4a74.png]]></small_image_url>
<image_url><![CDATA[https://s.gr-assets.com/assets/nophoto/book/111x148-bcc042a9c91a29c1d680899eff700a03.png]]></image_url>
<num_pages>405</num_pages>
<work>
<id>18301987</id>
</work>
<isbn>0399157328</isbn>
<isbn13>9780399157325</isbn13>
<average_rating>4.12</average_rating>
<ratings_count>7219</ratings_count>
<publication_year>2012</publication_year>
<publication_month>7</publication_month>
<publication_day>10</publication_day>
<authors>
<author>
<id>1239</id>
<name>Catherine Coulter</name>
<link><![CDATA[https://www.goodreads.com/author/show/1239.Catherine_Coulter]]></link>
</author>
</authors>
</book>

          <book>
<id>12958346</id>
<title>The Hunter (Wyatt Hunt, #3)</title>
<title_without_series>The Hunter</title_without_series>
<link><![CDATA[https://www.goodreads.com/book/show/12958346-the-hunter]]></link>
<small_image_url><![CDATA[https://s.gr-assets.com/assets/nophoto/book/50x75-a91bf249278a81aabab721ef782c4a74.png]]></small_image_url>
<image_url><![CDATA[https://s.gr-assets.com/assets/nophoto/book/111x148-bcc042a9c91a29c1d680899eff700a03.png]]></image_url>
<num_pages></num_pages>
<work>
<id>18115678</id>
</work>
<isbn></isbn>
<isbn13></isbn13>
<average_rating>3.87</average_rating>
<ratings_count>2170</ratings_count>
<publication_year></publication_year>
<publication_month></publication_month>
<publication_day></publication_day>
<authors>
<author>
<id>10521</id>
<name>John Lescroart</name>
<link><![CDATA[https://www.goodreads.com/author/show/10521.John_Lescroart]]></link>
</author>
</authors>
</book>

          <book>
<id>12027850</id>
<title>Boys Will Be Boys</title>
<title_without_series>Boys Will Be Boys</title_without_series>
<link><![CDATA[https://www.goodreads.com/book/show/12027850-boys-will-be-boys]]></link>
<small_image_url><![CDATA[https://s.gr-assets.com/assets/nophoto/book/50x75-a91bf249278a81aabab721ef782c4a74.png]]></small_image_url>
<image_url><![CDATA[https://s.gr-assets.com/assets/nophoto/book/111x148-bcc042a9c91a29c1d680899eff700a03.png]]></image_url>
<num_pages></num_pages>
<work>
<id>16993972</id>
</work>
<isbn></isbn>
<isbn13></isbn13>
<average_rating>2.87</average_rating>
<ratings_count>105</ratings_count>
<publication_year></publication_year>
<publication_month></publication_month>
<publication_day></publication_day>
<authors>
<author>
<id>15889427</id>
<name>James    Patterson</name>
<link><![CDATA[https://www.goodreads.com/author/show/15889427.James_Patterson]]></link>
</author>
</authors>
</book>

          <book>
<id>12025895</id>
<title><![CDATA[Gun Games (Peter Decker/Rina Lazarus, #20)]]></title>
<title_without_series>Gun Games</title_without_series>
<link><![CDATA[https://www.goodreads.com/book/show/12025895-gun-games]]></link>
<small_image_url><![CDATA[https://s.gr-assets.com/assets/nophoto/book/50x75-a91bf249278a81aabab721ef782c4a74.png]]></small_image_url>
<image_url><![CDATA[https://s.gr-assets.com/assets/nophoto/book/111x148-bcc042a9c91a29c1d680899eff700a03.png]]></image_url>
<num_pages></num_pages>
<work>
<id>16991893</id>
</work>
<isbn>0062064320</isbn>
<isbn13>9780062064325</isbn13>
<average_rating>3.85</average_rating>
<ratings_count>4870</ratings_count>
<publication_year></publication_year>
<publication_month></publication_month>
<publication_day></publication_day>
<authors>
<author>
<id>48913</id>
<name>Faye Kellerman</name>
<link><![CDATA[https://www.goodreads.com/author/show/48913.Faye_Kellerman]]></link>
</author>
</authors>
</book>

          <book>
<id>9879867</id>
<title>Bermuda Shorts</title>
<title_without_series>Bermuda Shorts</title_without_series>
<link><![CDATA[https://www.goodreads.com/book/show/9879867-bermuda-shorts]]></link>
<small_image_url><![CDATA[https://images.gr-assets.com/books/1344677491s/9879867.jpg]]></small_image_url>
<image_url><![CDATA[https://images.gr-assets.com/books/1344677491m/9879867.jpg]]></image_url>
<num_pages>0</num_pages>
<work>
<id>14771709</id>
</work>
<isbn>0982625111</isbn>
<isbn13>9780982625118</isbn13>
<average_rating>3.51</average_rating>
<ratings_count>89</ratings_count>
<publication_year>2012</publication_year>
<publication_month>4</publication_month>
<publication_day>1</publication_day>
<authors>
<author>
<id>4103380</id>
<name>James J. Patterson</name>
<link><![CDATA[https://www.goodreads.com/author/show/4103380.James_J_Patterson]]></link>
</author>
</authors>
</book>

          <book>
<id>9789566</id>
<title><![CDATA[Quinn (Eve Duncan, #13; Eve, Quinn and Bonnie #2)]]></title>
<title_without_series>Quinn</title_without_series>
<link><![CDATA[https://www.goodreads.com/book/show/9789566-quinn]]></link>
<small_image_url><![CDATA[https://s.gr-assets.com/assets/nophoto/book/50x75-a91bf249278a81aabab721ef782c4a74.png]]></small_image_url>
<image_url><![CDATA[https://s.gr-assets.com/assets/nophoto/book/111x148-bcc042a9c91a29c1d680899eff700a03.png]]></image_url>
<num_pages>374</num_pages>
<work>
<id>14679600</id>
</work>
<isbn>031265121X</isbn>
<isbn13>9780312651213</isbn13>
<average_rating>4.14</average_rating>
<ratings_count>10599</ratings_count>
<publication_year></publication_year>
<publication_month></publication_month>
<publication_day></publication_day>
<authors>
<author>
<id>32498</id>
<name>Iris Johansen</name>
<link><![CDATA[https://www.goodreads.com/author/show/32498.Iris_Johansen]]></link>
</author>
</authors>
</book>

          <book>
<id>20938684</id>
<title><![CDATA[Private L.A.: by James Patterson and Mark Sullivan -- Review]]></title>
<title_without_series><![CDATA[Private L.A.: by James Patterson and Mark Sullivan -- Review]]></title_without_series>
<link><![CDATA[https://www.goodreads.com/book/show/20938684-private-l-a]]></link>
<small_image_url><![CDATA[https://s.gr-assets.com/assets/nophoto/book/50x75-a91bf249278a81aabab721ef782c4a74.png]]></small_image_url>
<image_url><![CDATA[https://s.gr-assets.com/assets/nophoto/book/111x148-bcc042a9c91a29c1d680899eff700a03.png]]></image_url>
<num_pages></num_pages>
<work>
<id>40309315</id>
</work>
<isbn></isbn>
<isbn13></isbn13>
<average_rating>4.08</average_rating>
<ratings_count>295</ratings_count>
<publication_year></publication_year>
<publication_month></publication_month>
<publication_day></publication_day>
<authors>
<author>
<id>7235460</id>
<name>Expert Book Reviews</name>
<link><![CDATA[https://www.goodreads.com/author/show/7235460.Expert_Book_Reviews]]></link>
</author>
</authors>
</book>

          <book>
<id>9925913</id>
<title><![CDATA[Shock Wave (Virgil Flowers, #5)]]></title>
<title_without_series>Shock Wave</title_without_series>
<link><![CDATA[https://www.goodreads.com/book/show/9925913-shock-wave]]></link>
<small_image_url><![CDATA[https://images.gr-assets.com/books/1292472145s/9925913.jpg]]></small_image_url>
<image_url><![CDATA[https://images.gr-assets.com/books/1292472145m/9925913.jpg]]></image_url>
<num_pages></num_pages>
<work>
<id>14818841</id>
</work>
<isbn></isbn>
<isbn13></isbn13>
<average_rating>4.19</average_rating>
<ratings_count>14841</ratings_count>
<publication_year>2011</publication_year>
<publication_month>10</publication_month>
<publication_day>4</publication_day>
<authors>
<author>
<id>4610</id>
<name>John Sandford</name>
<link><![CDATA[https://www.goodreads.com/author/show/4610.John_Sandford]]></link>
</author>
</authors>
</book>

          <book>
<id>12445552</id>
<title><![CDATA[Left for Dead (Ali Reynolds, #7)]]></title>
<title_without_series>Left for Dead</title_without_series>
<link><![CDATA[https://www.goodreads.com/book/show/12445552-left-for-dead]]></link>
<small_image_url><![CDATA[https://images.gr-assets.com/books/1331565970s/12445552.jpg]]></small_image_url>
<image_url><![CDATA[https://images.gr-assets.com/books/1331565970m/12445552.jpg]]></image_url>
<num_pages>304</num_pages>
<work>
<id>17428541</id>
</work>
<isbn>1451628625</isbn>
<isbn13>9781451628623</isbn13>
<average_rating>3.96</average_rating>
<ratings_count>3496</ratings_count>
<publication_year>2012</publication_year>
<publication_month>2</publication_month>
<publication_day>7</publication_day>
<authors>
<author>
<id>3453636</id>
<name>J.A. Jance</name>
<link><![CDATA[https://www.goodreads.com/author/show/3453636.J_A_Jance]]></link>
</author>
</authors>
</book>

          <book>
<id>12022496</id>
<title>Victims (Alex Delaware, #27)</title>
<title_without_series>Victims</title_without_series>
<link><![CDATA[https://www.goodreads.com/book/show/12022496-victims]]></link>
<small_image_url><![CDATA[https://images.gr-assets.com/books/1313220531s/12022496.jpg]]></small_image_url>
<image_url><![CDATA[https://images.gr-assets.com/books/1313220531m/12022496.jpg]]></image_url>
<num_pages>338</num_pages>
<work>
<id>17079585</id>
</work>
<isbn>0345505719</isbn>
<isbn13>9780345505712</isbn13>
<average_rating>3.94</average_rating>
<ratings_count>12561</ratings_count>
<publication_year>2012</publication_year>
<publication_month>2</publication_month>
<publication_day>28</publication_day>
<authors>
<author>
<id>43626</id>
<name>Jonathan Kellerman</name>
<link><![CDATA[https://www.goodreads.com/author/show/43626.Jonathan_Kellerman]]></link>
</author>
</authors>
</book>

          <book>
<id>10778948</id>
<title><![CDATA[Down the Darkest Road (Oak Knoll, #3)]]></title>
<title_without_series>Down the Darkest Road</title_without_series>
<link><![CDATA[https://www.goodreads.com/book/show/10778948-down-the-darkest-road]]></link>
<small_image_url><![CDATA[https://s.gr-assets.com/assets/nophoto/book/50x75-a91bf249278a81aabab721ef782c4a74.png]]></small_image_url>
<image_url><![CDATA[https://s.gr-assets.com/assets/nophoto/book/111x148-bcc042a9c91a29c1d680899eff700a03.png]]></image_url>
<num_pages>432</num_pages>
<work>
<id>15690818</id>
</work>
<isbn>052595239X</isbn>
<isbn13>9780525952398</isbn13>
<average_rating>4.03</average_rating>
<ratings_count>11264</ratings_count>
<publication_year>2011</publication_year>
<publication_month>12</publication_month>
<publication_day>27</publication_day>
<authors>
<author>
<id>9890</id>
<name>Tami Hoag</name>
<link><![CDATA[https://www.goodreads.com/author/show/9890.Tami_Hoag]]></link>
</author>
</authors>
</book>

          <book>
<id>11057626</id>
<title>Red Mist (Kay Scarpetta, #19)</title>
<title_without_series>Red Mist</title_without_series>
<link><![CDATA[https://www.goodreads.com/book/show/11057626-red-mist]]></link>
<small_image_url><![CDATA[https://s.gr-assets.com/assets/nophoto/book/50x75-a91bf249278a81aabab721ef782c4a74.png]]></small_image_url>
<image_url><![CDATA[https://s.gr-assets.com/assets/nophoto/book/111x148-bcc042a9c91a29c1d680899eff700a03.png]]></image_url>
<num_pages>512</num_pages>
<work>
<id>15978848</id>
</work>
<isbn>0399158022</isbn>
<isbn13>9780399158025</isbn13>
<average_rating>3.75</average_rating>
<ratings_count>19304</ratings_count>
<publication_year>2011</publication_year>
<publication_month>12</publication_month>
<publication_day>6</publication_day>
<authors>
<author>
<id>1025097</id>
<name>Patricia Cornwell</name>
<link><![CDATA[https://www.goodreads.com/author/show/1025097.Patricia_Cornwell]]></link>
</author>
</authors>
</book>

          <book>
<id>206786</id>
<title><![CDATA[The Viking Funeral (Shane Scully, #2)]]></title>
<title_without_series>The Viking Funeral</title_without_series>
<link><![CDATA[https://www.goodreads.com/book/show/206786.The_Viking_Funeral]]></link>
<small_image_url><![CDATA[https://images.gr-assets.com/books/1312009956s/206786.jpg]]></small_image_url>
<image_url><![CDATA[https://images.gr-assets.com/books/1312009956m/206786.jpg]]></image_url>
<num_pages>366</num_pages>
<work>
<id>1988538</id>
</work>
<isbn>0312983433</isbn>
<isbn13>9780312983437</isbn13>
<average_rating>3.80</average_rating>
<ratings_count>1102</ratings_count>
<publication_year>2002</publication_year>
<publication_month>12</publication_month>
<publication_day>15</publication_day>
<authors>
<author>
<id>12469</id>
<name>Stephen J. Cannell</name>
<link><![CDATA[https://www.goodreads.com/author/show/12469.Stephen_J_Cannell]]></link>
</author>
</authors>
</book>

          <book>
<id>13009682</id>
<title><![CDATA[Fireproof (Maggie O'Dell, #10)]]></title>
<title_without_series>Fireproof</title_without_series>
<link><![CDATA[https://www.goodreads.com/book/show/13009682-fireproof]]></link>
<small_image_url><![CDATA[https://s.gr-assets.com/assets/nophoto/book/50x75-a91bf249278a81aabab721ef782c4a74.png]]></small_image_url>
<image_url><![CDATA[https://s.gr-assets.com/assets/nophoto/book/111x148-bcc042a9c91a29c1d680899eff700a03.png]]></image_url>
<num_pages>307</num_pages>
<work>
<id>18171297</id>
</work>
<isbn>0385535511</isbn>
<isbn13>9780385535519</isbn13>
<average_rating>3.90</average_rating>
<ratings_count>2702</ratings_count>
<publication_year>2012</publication_year>
<publication_month>7</publication_month>
<publication_day>10</publication_day>
<authors>
<author>
<id>167395</id>
<name>Alex Kava</name>
<link><![CDATA[https://www.goodreads.com/author/show/167395.Alex_Kava]]></link>
</author>
</authors>
</book>

  </similar_books>
</book>

</GoodreadsResponse>