<?xml version="1.0" encoding="UTF-8"?>
<GoodreadsResponse>
  <Request>
    <authentication>true</authentication>
      <key><![CDATA[all_men_must_serve]]></key>
    <method><![CDATA[book_show]]></method>
  </Request>
  <book>
  <id>10813469</id>
  <title><![CDATA[Rock Chick Renegade (Rock Chick, #4)]]></title>
  <isbn><![CDATA[]]></isbn>
  <isbn13><![CDATA[]]></isbn13>
  <asin><![CDATA[B004S7BFXW]]></asin>
  <kindle_asin><![CDATA[B004S7BFXW]]></kindle_asin>
  <marketplace_id><![CDATA[A1F83G8C2ARO7P]]></marketplace_id>
  <country_code><![CDATA[GB]]></country_code>
  <image_url>https://images.gr-assets.com/books/1328299907m/10813469.jpg</image_url>
  <small_image_url>https://images.gr-assets.com/books/1328299907s/10813469.jpg</small_image_url>
  <publication_year>2011</publication_year>
  <publication_month>3</publication_month>
  <publication_day>14</publication_day>
  <publisher></publisher>
  <language_code>en-GB</language_code>
  <is_ebook>true</is_ebook>
  <description><![CDATA[Jules has got a score to settle against the drug dealers of Denver. Vance has made it his mission that Jules won’t get dead while dishing out vigilante justice. Jules doesn’t have time for romance, she’s too busy saving the world and she enlists Zip (the gunstore owner), Heavy (an ex-PI) and Frank (a mysterious recluse) to help.<br /><br />The Rock Chicks of Fortnum’s Bookstore get involved to provide romantic advice and guidance, none of which Jules accepts at first. The Hot Bunch of Nightingale Investigations adopt Jules as one of their own. Even though Jules tries to hang on to her inner Head Crackin’ Mamma Jamma, the Rock Chicks; Hot Bunch; Jules’s long-suffering Uncle Nick; Jules’s friend the rotund, African-American, Jackie-O wannabe, May; and especially Vance will stop at nothing to wear her down.<br /><br />But Jules makes some bad guys pretty angry and one is dedicated to taking her out. Vance and the Hot Bunch have to pull out all the stops to keep her alive. At the same time, Jules and Vance learn the true meaning of home but once they find this precious entity they’ve been searching for all their lives, will Jules’s enemies tear it away?]]></description>
  <work>
  <id type="integer">15727084</id>
  <books_count type="integer">6</books_count>
  <best_book_id type="integer">10813469</best_book_id>
  <reviews_count type="integer">35769</reviews_count>
  <ratings_sum type="integer">119626</ratings_sum>
  <ratings_count type="integer">26805</ratings_count>
  <text_reviews_count type="integer">1409</text_reviews_count>
  <original_publication_year type="integer">2011</original_publication_year>
  <original_publication_month type="integer">3</original_publication_month>
  <original_publication_day type="integer">14</original_publication_day>
  <original_title></original_title>
  <original_language_id type="integer" nil="true"/>
  <media_type>book</media_type>
  <rating_dist>5:15695|4:8431|3:2219|2:310|1:150|total:26805</rating_dist>
  <desc_user_id type="integer">4027979</desc_user_id>
  <default_chaptering_book_id type="integer" nil="true"/>
  <default_description_language_code nil="true"/>
</work>
  <average_rating>4.46</average_rating>
  <num_pages><![CDATA[449]]></num_pages>
  <format><![CDATA[]]></format>
  <edition_information><![CDATA[]]></edition_information>
  <ratings_count><![CDATA[26563]]></ratings_count>
  <text_reviews_count><![CDATA[1356]]></text_reviews_count>
  <url><![CDATA[https://www.goodreads.com/book/show/10813469-rock-chick-renegade]]></url>
  <link><![CDATA[https://www.goodreads.com/book/show/10813469-rock-chick-renegade]]></link>
  <authors>
<author>
<id>2958084</id>
<name>Kristen Ashley</name>
<role></role>
<image_url nophoto='false'>
<![CDATA[https://images.gr-assets.com/authors/1442937365p5/2958084.jpg]]>
</image_url>
<small_image_url nophoto='false'>
<![CDATA[https://images.gr-assets.com/authors/1442937365p2/2958084.jpg]]>
</small_image_url>
<link><![CDATA[https://www.goodreads.com/author/show/2958084.Kristen_Ashley]]></link>
<average_rating>4.30</average_rating>
<ratings_count>1192591</ratings_count>
<text_reviews_count>88410</text_reviews_count>
</author>
</authors>

    <reviews_widget>
      <![CDATA[
        <style>
  #goodreads-widget {
    font-family: georgia, serif;
    padding: 18px 0;
    width:565px;
  }
  #goodreads-widget h1 {
    font-weight:normal;
    font-size: 16px;
    border-bottom: 1px solid #BBB596;
    margin-bottom: 0;
  }
  #goodreads-widget a {
    text-decoration: none;
    color:#660;
  }
  iframe{
    background-color: #fff;
  }
  #goodreads-widget a:hover { text-decoration: underline; }
  #goodreads-widget a:active {
    color:#660;
  }
  #gr_footer {
    width: 100%;
    border-top: 1px solid #BBB596;
    text-align: right;
  }
  #goodreads-widget .gr_branding{
    color: #382110;
    font-size: 11px;
    text-decoration: none;
    font-family: "Helvetica Neue", Helvetica, Arial, sans-serif;
  }
</style>
<div id="goodreads-widget">
  <div id="gr_header"><h1><a rel="nofollow" href="https://www.goodreads.com/book/show/10813469-rock-chick-renegade">Rock Chick Renegade Reviews</a></h1></div>
  <iframe id="the_iframe" src="https://www.goodreads.com/api/reviews_widget_iframe?did=DEVELOPER_ID&amp;format=html&amp;isbn=B004S7BFXW&amp;links=660&amp;min_rating=&amp;review_back=fff&amp;stars=000&amp;text=000" width="565" height="400" frameborder="0"></iframe>
  <div id="gr_footer">
    <a class="gr_branding" target="_blank" rel="nofollow" href="https://www.goodreads.com/book/show/10813469-rock-chick-renegade?utm_medium=api&amp;utm_source=reviews_widget">Reviews from Goodreads.com</a>
  </div>
</div>

      ]]>
    </reviews_widget>
  <popular_shelves>
      <shelf name="to-read" count="4974"/>
      <shelf name="favorites" count="733"/>
      <shelf name="kristen-ashley" count="580"/>
      <shelf name="romance" count="565"/>
      <shelf name="contemporary-romance" count="305"/>
      <shelf name="contemporary" count="238"/>
      <shelf name="currently-reading" count="212"/>
      <shelf name="alpha-male" count="190"/>
      <shelf name="series" count="189"/>
      <shelf name="kindle" count="126"/>
      <shelf name="funny" count="119"/>
      <shelf name="romantic-suspense" count="107"/>
      <shelf name="chick-lit" count="89"/>
      <shelf name="adult" count="85"/>
      <shelf name="suspense" count="74"/>
      <shelf name="rock-chick" count="67"/>
      <shelf name="ka" count="65"/>
      <shelf name="humor" count="60"/>
      <shelf name="5-stars" count="59"/>
      <shelf name="alpha-males" count="55"/>
      <shelf name="favourites" count="52"/>
      <shelf name="ebook" count="50"/>
      <shelf name="re-read" count="49"/>
      <shelf name="action" count="47"/>
      <shelf name="alpha" count="43"/>
      <shelf name="erotica" count="42"/>
      <shelf name="favorite-series" count="40"/>
      <shelf name="audible" count="39"/>
      <shelf name="read-in-2012" count="37"/>
      <shelf name="virgin-heroine" count="37"/>
      <shelf name="audiobook" count="36"/>
      <shelf name="read-in-2013" count="36"/>
      <shelf name="fiction" count="36"/>
      <shelf name="bad-boys" count="34"/>
      <shelf name="ebooks" count="34"/>
      <shelf name="favorite" count="33"/>
      <shelf name="part-of-a-series" count="33"/>
      <shelf name="favorite-authors" count="33"/>
      <shelf name="audio" count="32"/>
      <shelf name="owned" count="29"/>
      <shelf name="read-2013" count="28"/>
      <shelf name="steamy" count="28"/>
      <shelf name="ashley-kristen" count="28"/>
      <shelf name="read-in-2014" count="26"/>
      <shelf name="bad-boy" count="26"/>
      <shelf name="favorite-author" count="25"/>
      <shelf name="new-adult" count="24"/>
      <shelf name="virgin" count="24"/>
      <shelf name="rock-chick-series" count="24"/>
      <shelf name="audiobooks" count="23"/>
      <shelf name="kristen-ashley-books" count="23"/>
      <shelf name="books-i-own" count="23"/>
      <shelf name="crime" count="22"/>
      <shelf name="4-stars" count="22"/>
      <shelf name="drama" count="21"/>
      <shelf name="author-kristen-ashley" count="21"/>
      <shelf name="e-books" count="21"/>
      <shelf name="book-boyfriend" count="20"/>
      <shelf name="mystery" count="20"/>
      <shelf name="5-star" count="20"/>
      <shelf name="read-in-2015" count="19"/>
      <shelf name="read-2014" count="19"/>
      <shelf name="kindle-books" count="19"/>
      <shelf name="re-reads" count="19"/>
      <shelf name="hilarious" count="19"/>
      <shelf name="kick-ass-heroine" count="19"/>
      <shelf name="faves" count="18"/>
      <shelf name="love" count="18"/>
      <shelf name="lol" count="18"/>
      <shelf name="reread" count="18"/>
      <shelf name="loved-it" count="18"/>
      <shelf name="adult-romance" count="17"/>
      <shelf name="alpha-hero" count="17"/>
      <shelf name="romance-contemporary" count="17"/>
      <shelf name="book-boyfriends" count="16"/>
      <shelf name="rock-chicks" count="16"/>
      <shelf name="read-2012" count="16"/>
      <shelf name="e-book" count="16"/>
      <shelf name="2013-reads" count="15"/>
      <shelf name="law-enforcement" count="15"/>
      <shelf name="bikers" count="15"/>
      <shelf name="nook" count="15"/>
      <shelf name="favorite-books" count="15"/>
      <shelf name="read-in-2016" count="14"/>
      <shelf name="hot" count="14"/>
      <shelf name="favs" count="14"/>
      <shelf name="adult-fiction" count="14"/>
      <shelf name="all-time-favorites" count="14"/>
      <shelf name="humorous" count="14"/>
      <shelf name="romantic-comedy" count="14"/>
      <shelf name="erotic-romance" count="14"/>
      <shelf name="read-2016" count="13"/>
      <shelf name="badass-heroine" count="13"/>
      <shelf name="fav-series" count="13"/>
      <shelf name="funny-as-hell" count="13"/>
      <shelf name="laugh-out-loud" count="13"/>
      <shelf name="loved" count="13"/>
      <shelf name="cute" count="13"/>
      <shelf name="audio-book" count="12"/>
      <shelf name="2014-read" count="12"/>
  </popular_shelves>
  <book_links>
    <book_link>
  <id>8</id>
  <name>Libraries</name>
  <link>https://www.goodreads.com/book_link/follow/8</link>
</book_link>

  </book_links>
  <buy_links>
    <buy_link>
<id>1</id>
<name>Amazon</name>
<link>https://www.goodreads.com/book_link/follow/1</link>
</buy_link>
<buy_link>
<id>10</id>
<name>Audible</name>
<link>https://www.goodreads.com/book_link/follow/10</link>
</buy_link>
<buy_link>
<id>3</id>
<name>Barnes &amp; Noble</name>
<link>https://www.goodreads.com/book_link/follow/3</link>
</buy_link>
<buy_link>
<id>1027</id>
<name>Kobo</name>
<link>https://www.goodreads.com/book_link/follow/1027</link>
</buy_link>
<buy_link>
<id>2102</id>
<name>Apple iBooks</name>
<link>https://www.goodreads.com/book_link/follow/2102</link>
</buy_link>
<buy_link>
<id>8036</id>
<name>Google Play</name>
<link>https://www.goodreads.com/book_link/follow/8036</link>
</buy_link>
<buy_link>
<id>4</id>
<name>Abebooks</name>
<link>https://www.goodreads.com/book_link/follow/4</link>
</buy_link>
<buy_link>
<id>882</id>
<name>Book Depository</name>
<link>https://www.goodreads.com/book_link/follow/882</link>
</buy_link>
<buy_link>
<id>9</id>
<name>Indigo</name>
<link>https://www.goodreads.com/book_link/follow/9</link>
</buy_link>
<buy_link>
<id>2</id>
<name>Half.com</name>
<link>https://www.goodreads.com/book_link/follow/2</link>
</buy_link>
<buy_link>
<id>5</id>
<name>Alibris</name>
<link>https://www.goodreads.com/book_link/follow/5</link>
</buy_link>
<buy_link>
<id>107</id>
<name>Better World Books</name>
<link>https://www.goodreads.com/book_link/follow/107</link>
</buy_link>
<buy_link>
<id>7</id>
<name>IndieBound</name>
<link>https://www.goodreads.com/book_link/follow/7</link>
</buy_link>

  </buy_links>
  <series_works>
    <series_work>
<id>310843</id>
<user_position>4</user_position>
<series>
<id>69392</id>
<title>
<![CDATA[
    Rock Chick
]]>
</title>
<description>
<![CDATA[
    Based in Denver, the Rock Chick Series is eight books and several novellas that take you on the wild ride of the courtships of the Rock Chicks and the Hot Bunch.
]]>
</description>
<note>
<![CDATA[
]]>
</note>
<series_works_count>11</series_works_count>
<primary_work_count>8</primary_work_count>
<numbered>true</numbered>
</series>

</series_work>

  </series_works>
  <similar_books>
          <book>
<id>13552225</id>
<title>Skin Deep (I-Team, #5.5)</title>
<title_without_series>Skin Deep</title_without_series>
<link><![CDATA[https://www.goodreads.com/book/show/13552225-skin-deep]]></link>
<small_image_url><![CDATA[https://images.gr-assets.com/books/1332122232s/13552225.jpg]]></small_image_url>
<image_url><![CDATA[https://images.gr-assets.com/books/1332122232m/13552225.jpg]]></image_url>
<num_pages>181</num_pages>
<work>
<id>19120319</id>
</work>
<isbn></isbn>
<isbn13></isbn13>
<average_rating>4.17</average_rating>
<ratings_count>5178</ratings_count>
<publication_year>2012</publication_year>
<publication_month>5</publication_month>
<publication_day>15</publication_day>
<authors>
<author>
<id>92650</id>
<name>Pamela Clare</name>
<link><![CDATA[https://www.goodreads.com/author/show/92650.Pamela_Clare]]></link>
</author>
</authors>
</book>

          <book>
<id>25856051</id>
<title><![CDATA[Sweet Seduction Serenade (Sweet Seduction, #2)]]></title>
<title_without_series>Sweet Seduction Serenade</title_without_series>
<link><![CDATA[https://www.goodreads.com/book/show/25856051-sweet-seduction-serenade]]></link>
<small_image_url><![CDATA[https://images.gr-assets.com/books/1444952587s/25856051.jpg]]></small_image_url>
<image_url><![CDATA[https://images.gr-assets.com/books/1444952587m/25856051.jpg]]></image_url>
<num_pages></num_pages>
<work>
<id>25520270</id>
</work>
<isbn></isbn>
<isbn13>9780473235734</isbn13>
<average_rating>3.89</average_rating>
<ratings_count>1122</ratings_count>
<publication_year></publication_year>
<publication_month></publication_month>
<publication_day></publication_day>
<authors>
<author>
<id>5831941</id>
<name>Nicola Claire</name>
<link><![CDATA[https://www.goodreads.com/author/show/5831941.Nicola_Claire]]></link>
</author>
</authors>
</book>

          <book>
<id>13518380</id>
<title><![CDATA[Heller's Punishment (Heller, #4)]]></title>
<title_without_series>Heller&apos;s Punishment</title_without_series>
<link><![CDATA[https://www.goodreads.com/book/show/13518380-heller-s-punishment]]></link>
<small_image_url><![CDATA[https://images.gr-assets.com/books/1379143017s/13518380.jpg]]></small_image_url>
<image_url><![CDATA[https://images.gr-assets.com/books/1379143017m/13518380.jpg]]></image_url>
<num_pages>299</num_pages>
<work>
<id>19077379</id>
</work>
<isbn></isbn>
<isbn13></isbn13>
<average_rating>4.32</average_rating>
<ratings_count>3182</ratings_count>
<publication_year>2012</publication_year>
<publication_month>3</publication_month>
<publication_day>4</publication_day>
<authors>
<author>
<id>5016580</id>
<name>J.D. Nixon</name>
<link><![CDATA[https://www.goodreads.com/author/show/5016580.J_D_Nixon]]></link>
</author>
</authors>
</book>

          <book>
<id>16167949</id>
<title>Lumberjack in Love</title>
<title_without_series>Lumberjack in Love</title_without_series>
<link><![CDATA[https://www.goodreads.com/book/show/16167949-lumberjack-in-love]]></link>
<small_image_url><![CDATA[https://images.gr-assets.com/books/1353762850s/16167949.jpg]]></small_image_url>
<image_url><![CDATA[https://images.gr-assets.com/books/1353762850m/16167949.jpg]]></image_url>
<num_pages>114</num_pages>
<work>
<id>21751069</id>
</work>
<isbn></isbn>
<isbn13></isbn13>
<average_rating>3.56</average_rating>
<ratings_count>1279</ratings_count>
<publication_year>2012</publication_year>
<publication_month>9</publication_month>
<publication_day>7</publication_day>
<authors>
<author>
<id>703032</id>
<name>Penny Watson</name>
<link><![CDATA[https://www.goodreads.com/author/show/703032.Penny_Watson]]></link>
</author>
</authors>
</book>

          <book>
<id>13088405</id>
<title><![CDATA[In Rides Trouble (Black Knights Inc., #2)]]></title>
<title_without_series>In Rides Trouble</title_without_series>
<link><![CDATA[https://www.goodreads.com/book/show/13088405-in-rides-trouble]]></link>
<small_image_url><![CDATA[https://images.gr-assets.com/books/1345059617s/13088405.jpg]]></small_image_url>
<image_url><![CDATA[https://images.gr-assets.com/books/1345059617m/13088405.jpg]]></image_url>
<num_pages>311</num_pages>
<work>
<id>18259537</id>
</work>
<isbn>1402267169</isbn>
<isbn13>9781402267161</isbn13>
<average_rating>4.11</average_rating>
<ratings_count>7986</ratings_count>
<publication_year>2012</publication_year>
<publication_month>9</publication_month>
<publication_day>4</publication_day>
<authors>
<author>
<id>5342916</id>
<name>Julie Ann Walker</name>
<link><![CDATA[https://www.goodreads.com/author/show/5342916.Julie_Ann_Walker]]></link>
</author>
</authors>
</book>

          <book>
<id>25170969</id>
<title>Cage (Corps Security, #2)</title>
<title_without_series>Cage</title_without_series>
<link><![CDATA[https://www.goodreads.com/book/show/25170969-cage]]></link>
<small_image_url><![CDATA[https://images.gr-assets.com/books/1426715026s/25170969.jpg]]></small_image_url>
<image_url><![CDATA[https://images.gr-assets.com/books/1426715026m/25170969.jpg]]></image_url>
<num_pages>283</num_pages>
<work>
<id>25365963</id>
</work>
<isbn></isbn>
<isbn13></isbn13>
<average_rating>4.29</average_rating>
<ratings_count>24739</ratings_count>
<publication_year></publication_year>
<publication_month></publication_month>
<publication_day></publication_day>
<authors>
<author>
<id>7122060</id>
<name>Harper Sloan</name>
<link><![CDATA[https://www.goodreads.com/author/show/7122060.Harper_Sloan]]></link>
</author>
</authors>
</book>

          <book>
<id>31182806</id>
<title><![CDATA[Star Crossed (Battered Hearts Book 2)]]></title>
<title_without_series>Star Crossed</title_without_series>
<link><![CDATA[https://www.goodreads.com/book/show/31182806-star-crossed]]></link>
<small_image_url><![CDATA[https://s.gr-assets.com/assets/nophoto/book/50x75-a91bf249278a81aabab721ef782c4a74.png]]></small_image_url>
<image_url><![CDATA[https://s.gr-assets.com/assets/nophoto/book/111x148-bcc042a9c91a29c1d680899eff700a03.png]]></image_url>
<num_pages>432</num_pages>
<work>
<id>20409386</id>
</work>
<isbn></isbn>
<isbn13></isbn13>
<average_rating>4.14</average_rating>
<ratings_count>6628</ratings_count>
<publication_year></publication_year>
<publication_month></publication_month>
<publication_day></publication_day>
<authors>
<author>
<id>4340854</id>
<name>Kele Moon</name>
<link><![CDATA[https://www.goodreads.com/author/show/4340854.Kele_Moon]]></link>
</author>
</authors>
</book>

          <book>
<id>18717917</id>
<title>The Missing Link (Marked, #1)</title>
<title_without_series>The Missing Link</title_without_series>
<link><![CDATA[https://www.goodreads.com/book/show/18717917-the-missing-link]]></link>
<small_image_url><![CDATA[https://images.gr-assets.com/books/1384114578s/18717917.jpg]]></small_image_url>
<image_url><![CDATA[https://images.gr-assets.com/books/1384114578m/18717917.jpg]]></image_url>
<num_pages>330</num_pages>
<work>
<id>26582910</id>
</work>
<isbn></isbn>
<isbn13></isbn13>
<average_rating>4.21</average_rating>
<ratings_count>8854</ratings_count>
<publication_year>2013</publication_year>
<publication_month>10</publication_month>
<publication_day>26</publication_day>
<authors>
<author>
<id>7339924</id>
<name>J.M. Sevilla</name>
<link><![CDATA[https://www.goodreads.com/author/show/7339924.J_M_Sevilla]]></link>
</author>
</authors>
</book>

          <book>
<id>16249388</id>
<title>Edible (Exquisite, #3)</title>
<title_without_series>Edible</title_without_series>
<link><![CDATA[https://www.goodreads.com/book/show/16249388-edible]]></link>
<small_image_url><![CDATA[https://images.gr-assets.com/books/1368453690s/16249388.jpg]]></small_image_url>
<image_url><![CDATA[https://images.gr-assets.com/books/1368453690m/16249388.jpg]]></image_url>
<num_pages>377</num_pages>
<work>
<id>22289401</id>
</work>
<isbn></isbn>
<isbn13></isbn13>
<average_rating>4.19</average_rating>
<ratings_count>5828</ratings_count>
<publication_year>2013</publication_year>
<publication_month>7</publication_month>
<publication_day>2</publication_day>
<authors>
<author>
<id>6451816</id>
<name>Ella Frank</name>
<link><![CDATA[https://www.goodreads.com/author/show/6451816.Ella_Frank]]></link>
</author>
</authors>
</book>

          <book>
<id>13624367</id>
<title><![CDATA[Checkmate (Neighbor from Hell, #3)]]></title>
<title_without_series>Checkmate</title_without_series>
<link><![CDATA[https://www.goodreads.com/book/show/13624367-checkmate]]></link>
<small_image_url><![CDATA[https://images.gr-assets.com/books/1406585363s/13624367.jpg]]></small_image_url>
<image_url><![CDATA[https://images.gr-assets.com/books/1406585363m/13624367.jpg]]></image_url>
<num_pages>302</num_pages>
<work>
<id>19228205</id>
</work>
<isbn></isbn>
<isbn13></isbn13>
<average_rating>4.15</average_rating>
<ratings_count>41691</ratings_count>
<publication_year>2012</publication_year>
<publication_month>10</publication_month>
<publication_day>29</publication_day>
<authors>
<author>
<id>4586597</id>
<name>R.L. Mathewson</name>
<link><![CDATA[https://www.goodreads.com/author/show/4586597.R_L_Mathewson]]></link>
</author>
</authors>
</book>

          <book>
<id>16114861</id>
<title><![CDATA[Unbeautifully (Undeniable, #2)]]></title>
<title_without_series>Unbeautifully</title_without_series>
<link><![CDATA[https://www.goodreads.com/book/show/16114861-unbeautifully]]></link>
<small_image_url><![CDATA[https://images.gr-assets.com/books/1356218822s/16114861.jpg]]></small_image_url>
<image_url><![CDATA[https://images.gr-assets.com/books/1356218822m/16114861.jpg]]></image_url>
<num_pages>374</num_pages>
<work>
<id>21932118</id>
</work>
<isbn></isbn>
<isbn13>9781301345670</isbn13>
<average_rating>4.38</average_rating>
<ratings_count>28778</ratings_count>
<publication_year>2013</publication_year>
<publication_month>5</publication_month>
<publication_day>13</publication_day>
<authors>
<author>
<id>6554504</id>
<name>Madeline Sheehan</name>
<link><![CDATA[https://www.goodreads.com/author/show/6554504.Madeline_Sheehan]]></link>
</author>
</authors>
</book>

          <book>
<id>15746858</id>
<title><![CDATA[The Dex-Files (Experiment in Terror, #5.7)]]></title>
<title_without_series>The Dex-Files</title_without_series>
<link><![CDATA[https://www.goodreads.com/book/show/15746858-the-dex-files]]></link>
<small_image_url><![CDATA[https://images.gr-assets.com/books/1344824329s/15746858.jpg]]></small_image_url>
<image_url><![CDATA[https://images.gr-assets.com/books/1344824329m/15746858.jpg]]></image_url>
<num_pages>139</num_pages>
<work>
<id>21437922</id>
</work>
<isbn></isbn>
<isbn13></isbn13>
<average_rating>4.50</average_rating>
<ratings_count>3793</ratings_count>
<publication_year>2012</publication_year>
<publication_month>8</publication_month>
<publication_day>13</publication_day>
<authors>
<author>
<id>4785031</id>
<name>Karina Halle</name>
<link><![CDATA[https://www.goodreads.com/author/show/4785031.Karina_Halle]]></link>
</author>
</authors>
</book>

          <book>
<id>17730406</id>
<title><![CDATA[Love Thy Neighbour (Friend-Zoned, #2)]]></title>
<title_without_series>Love Thy Neighbour</title_without_series>
<link><![CDATA[https://www.goodreads.com/book/show/17730406-love-thy-neighbour]]></link>
<small_image_url><![CDATA[https://images.gr-assets.com/books/1369628346s/17730406.jpg]]></small_image_url>
<image_url><![CDATA[https://images.gr-assets.com/books/1369628346m/17730406.jpg]]></image_url>
<num_pages>268</num_pages>
<work>
<id>24803357</id>
</work>
<isbn></isbn>
<isbn13>9781301872121</isbn13>
<average_rating>4.21</average_rating>
<ratings_count>15318</ratings_count>
<publication_year>2013</publication_year>
<publication_month>6</publication_month>
<publication_day>26</publication_day>
<authors>
<author>
<id>6983012</id>
<name>Belle Aurora</name>
<link><![CDATA[https://www.goodreads.com/author/show/6983012.Belle_Aurora]]></link>
</author>
</authors>
</book>

          <book>
<id>29069611</id>
<title>Midnight Angel (Midnight, #3)</title>
<title_without_series>Midnight Angel</title_without_series>
<link><![CDATA[https://www.goodreads.com/book/show/29069611-midnight-angel]]></link>
<small_image_url><![CDATA[https://images.gr-assets.com/books/1455170262s/29069611.jpg]]></small_image_url>
<image_url><![CDATA[https://images.gr-assets.com/books/1455170262m/29069611.jpg]]></image_url>
<num_pages>300</num_pages>
<work>
<id>71301</id>
</work>
<isbn></isbn>
<isbn13></isbn13>
<average_rating>4.07</average_rating>
<ratings_count>3470</ratings_count>
<publication_year>2016</publication_year>
<publication_month>2</publication_month>
<publication_day>14</publication_day>
<authors>
<author>
<id>41762</id>
<name>Lisa Marie Rice</name>
<link><![CDATA[https://www.goodreads.com/author/show/41762.Lisa_Marie_Rice]]></link>
</author>
</authors>
</book>

  </similar_books>
</book>

</GoodreadsResponse>