<?xml version="1.0" encoding="UTF-8"?>
<GoodreadsResponse>
  <Request>
    <authentication>true</authentication>
      <key><![CDATA[all_men_must_serve]]></key>
    <method><![CDATA[book_show]]></method>
  </Request>
  <book>
  <id>10822174</id>
  <title><![CDATA[The Walking Dead, Vol. 14: No Way Out]]></title>
  <isbn><![CDATA[1607063921]]></isbn>
  <isbn13><![CDATA[9781607063926]]></isbn13>
  <asin><![CDATA[]]></asin>
  <kindle_asin><![CDATA[B0085XRBZG]]></kindle_asin>
  <marketplace_id><![CDATA[A1F83G8C2ARO7P]]></marketplace_id>
  <country_code><![CDATA[GB]]></country_code>
  <image_url>https://images.gr-assets.com/books/1327883131m/10822174.jpg</image_url>
  <small_image_url>https://images.gr-assets.com/books/1327883131s/10822174.jpg</small_image_url>
  <publication_year>2011</publication_year>
  <publication_month>6</publication_month>
  <publication_day>29</publication_day>
  <publisher>Image Comics</publisher>
  <language_code>eng</language_code>
  <is_ebook>false</is_ebook>
  <description><![CDATA[The survivors of Robert Kirkman and Charlie Adlard's Eisner Award-winning post-apocalyptic survival adventure have found relative safety in the confines of the community's walls—or have they? As conflicts continue within, the undead approach from the outside. Everyone is forced to make hard decisions, and this chapter of New York Times Best-Seller The Walking Dead proves again- no one is safe.]]></description>
  <work>
  <id type="integer">15245057</id>
  <books_count type="integer">19</books_count>
  <best_book_id type="integer">10822174</best_book_id>
  <reviews_count type="integer">19147</reviews_count>
  <ratings_sum type="integer">61270</ratings_sum>
  <ratings_count type="integer">14119</ratings_count>
  <text_reviews_count type="integer">557</text_reviews_count>
  <original_publication_year type="integer">2011</original_publication_year>
  <original_publication_month type="integer">6</original_publication_month>
  <original_publication_day type="integer">15</original_publication_day>
  <original_title>The Walking Dead, Vol. 14: No Way Out </original_title>
  <original_language_id type="integer" nil="true"/>
  <media_type>book</media_type>
  <rating_dist>5:7158|4:4980|3:1671|2:237|1:73|total:14119</rating_dist>
  <desc_user_id type="integer">2241510</desc_user_id>
  <default_chaptering_book_id type="integer" nil="true"/>
  <default_description_language_code nil="true"/>
</work>
  <average_rating>4.34</average_rating>
  <num_pages><![CDATA[136]]></num_pages>
  <format><![CDATA[Paperback]]></format>
  <edition_information><![CDATA[]]></edition_information>
  <ratings_count><![CDATA[13598]]></ratings_count>
  <text_reviews_count><![CDATA[527]]></text_reviews_count>
  <url><![CDATA[https://www.goodreads.com/book/show/10822174-the-walking-dead-vol-14]]></url>
  <link><![CDATA[https://www.goodreads.com/book/show/10822174-the-walking-dead-vol-14]]></link>
  <authors>
<author>
<id>12425</id>
<name>Robert Kirkman</name>
<role></role>
<image_url nophoto='false'>
<![CDATA[https://images.gr-assets.com/authors/1238103316p5/12425.jpg]]>
</image_url>
<small_image_url nophoto='false'>
<![CDATA[https://images.gr-assets.com/authors/1238103316p2/12425.jpg]]>
</small_image_url>
<link><![CDATA[https://www.goodreads.com/author/show/12425.Robert_Kirkman]]></link>
<average_rating>4.27</average_rating>
<ratings_count>881380</ratings_count>
<text_reviews_count>37313</text_reviews_count>
</author>
<author>
<id>16962</id>
<name>Charlie Adlard</name>
<role>Illustrator</role>
<image_url nophoto='true'>
<![CDATA[https://s.gr-assets.com/assets/nophoto/user/m_200x266-d279b33f8eec0f27b7272477f09806be.png]]>
</image_url>
<small_image_url nophoto='true'>
<![CDATA[https://s.gr-assets.com/assets/nophoto/user/m_50x66-82093808bca726cb3249a493fbd3bd0f.png]]>
</small_image_url>
<link><![CDATA[https://www.goodreads.com/author/show/16962.Charlie_Adlard]]></link>
<average_rating>4.30</average_rating>
<ratings_count>479623</ratings_count>
<text_reviews_count>21762</text_reviews_count>
</author>
<author>
<id>16966</id>
<name>Cliff Rathburn</name>
<role>Illustrator</role>
<image_url nophoto='true'>
<![CDATA[https://s.gr-assets.com/assets/nophoto/user/u_200x266-e183445fd1a1b5cc7075bb1cf7043306.png]]>
</image_url>
<small_image_url nophoto='true'>
<![CDATA[https://s.gr-assets.com/assets/nophoto/user/u_50x66-632230dc9882b4352d753eedf9396530.png]]>
</small_image_url>
<link><![CDATA[https://www.goodreads.com/author/show/16966.Cliff_Rathburn]]></link>
<average_rating>4.29</average_rating>
<ratings_count>374667</ratings_count>
<text_reviews_count>16444</text_reviews_count>
</author>
</authors>

    <reviews_widget>
      <![CDATA[
        <style>
  #goodreads-widget {
    font-family: georgia, serif;
    padding: 18px 0;
    width:565px;
  }
  #goodreads-widget h1 {
    font-weight:normal;
    font-size: 16px;
    border-bottom: 1px solid #BBB596;
    margin-bottom: 0;
  }
  #goodreads-widget a {
    text-decoration: none;
    color:#660;
  }
  iframe{
    background-color: #fff;
  }
  #goodreads-widget a:hover { text-decoration: underline; }
  #goodreads-widget a:active {
    color:#660;
  }
  #gr_footer {
    width: 100%;
    border-top: 1px solid #BBB596;
    text-align: right;
  }
  #goodreads-widget .gr_branding{
    color: #382110;
    font-size: 11px;
    text-decoration: none;
    font-family: "Helvetica Neue", Helvetica, Arial, sans-serif;
  }
</style>
<div id="goodreads-widget">
  <div id="gr_header"><h1><a rel="nofollow" href="https://www.goodreads.com/book/show/10822174-the-walking-dead-vol-14">The Walking Dead, Vol. 14 Reviews</a></h1></div>
  <iframe id="the_iframe" src="https://www.goodreads.com/api/reviews_widget_iframe?did=DEVELOPER_ID&amp;format=html&amp;isbn=1607063921&amp;links=660&amp;min_rating=&amp;review_back=fff&amp;stars=000&amp;text=000" width="565" height="400" frameborder="0"></iframe>
  <div id="gr_footer">
    <a class="gr_branding" target="_blank" rel="nofollow" href="https://www.goodreads.com/book/show/10822174-the-walking-dead-vol-14?utm_medium=api&amp;utm_source=reviews_widget">Reviews from Goodreads.com</a>
  </div>
</div>

      ]]>
    </reviews_widget>
  <popular_shelves>
      <shelf name="to-read" count="2683"/>
      <shelf name="graphic-novels" count="761"/>
      <shelf name="comics" count="665"/>
      <shelf name="horror" count="396"/>
      <shelf name="graphic-novel" count="347"/>
      <shelf name="zombies" count="328"/>
      <shelf name="fiction" count="128"/>
      <shelf name="the-walking-dead" count="109"/>
      <shelf name="comics-graphic-novels" count="76"/>
      <shelf name="comic-books" count="72"/>
      <shelf name="post-apocalyptic" count="72"/>
      <shelf name="walking-dead" count="64"/>
      <shelf name="series" count="56"/>
      <shelf name="zombie" count="56"/>
      <shelf name="currently-reading" count="56"/>
      <shelf name="graphic-novels-comics" count="47"/>
      <shelf name="favorites" count="47"/>
      <shelf name="cómic" count="38"/>
      <shelf name="comic" count="38"/>
      <shelf name="dystopian" count="38"/>
      <shelf name="owned" count="36"/>
      <shelf name="apocalyptic" count="30"/>
      <shelf name="fantasy" count="29"/>
      <shelf name="apocalypse" count="29"/>
      <shelf name="library" count="29"/>
      <shelf name="science-fiction" count="29"/>
      <shelf name="dystopia" count="29"/>
      <shelf name="adult" count="28"/>
      <shelf name="comics-and-graphic-novels" count="27"/>
      <shelf name="image" count="27"/>
      <shelf name="graphic" count="26"/>
      <shelf name="read-in-2015" count="25"/>
      <shelf name="read-in-2012" count="25"/>
      <shelf name="bd" count="24"/>
      <shelf name="books-i-own" count="23"/>
      <shelf name="read-in-2013" count="22"/>
      <shelf name="image-comics" count="22"/>
      <shelf name="survival" count="20"/>
      <shelf name="comics-read" count="20"/>
      <shelf name="comic-book" count="20"/>
      <shelf name="read-in-2016" count="18"/>
      <shelf name="default" count="18"/>
      <shelf name="sci-fi" count="18"/>
      <shelf name="read-in-2014" count="17"/>
      <shelf name="ebook" count="17"/>
      <shelf name="robert-kirkman" count="17"/>
      <shelf name="thriller" count="14"/>
      <shelf name="read-in-2011" count="14"/>
      <shelf name="graphic-novels-read" count="13"/>
      <shelf name="to-buy" count="13"/>
      <shelf name="twd" count="12"/>
      <shelf name="graphic-novels-and-comics" count="12"/>
      <shelf name="read-comics" count="12"/>
      <shelf name="read-graphic-novels" count="12"/>
      <shelf name="paranormal" count="11"/>
      <shelf name="supernatural" count="10"/>
      <shelf name="manga-comics" count="10"/>
      <shelf name="borrowed" count="10"/>
      <shelf name="drama" count="9"/>
      <shelf name="comic-graphic-novel" count="9"/>
      <shelf name="post-apocalypse" count="9"/>
      <shelf name="ebooks" count="9"/>
      <shelf name="action" count="8"/>
      <shelf name="graphic_novels" count="8"/>
      <shelf name="graphics" count="8"/>
      <shelf name="adventure" count="8"/>
      <shelf name="graphic-novels-comic-books" count="7"/>
      <shelf name="4-stars" count="7"/>
      <shelf name="suspense" count="7"/>
      <shelf name="owned-books" count="7"/>
      <shelf name="graphic-novels-manga" count="7"/>
      <shelf name="death" count="7"/>
      <shelf name="2012-reads" count="7"/>
      <shelf name="read-2012" count="7"/>
      <shelf name="in-english" count="7"/>
      <shelf name="comix" count="7"/>
      <shelf name="read-2014" count="6"/>
      <shelf name="hq" count="6"/>
      <shelf name="comics-manga" count="6"/>
      <shelf name="e-book" count="6"/>
      <shelf name="my-library" count="6"/>
      <shelf name="kindle" count="6"/>
      <shelf name="family" count="6"/>
      <shelf name="kirkman" count="6"/>
      <shelf name="sci-fi-fantasy" count="6"/>
      <shelf name="graphic-novel-comic" count="6"/>
      <shelf name="adult-fiction" count="6"/>
      <shelf name="my-books" count="6"/>
      <shelf name="sequential-art" count="6"/>
      <shelf name="library-book" count="6"/>
      <shelf name="horreur" count="6"/>
      <shelf name="favourites" count="6"/>
      <shelf name="read-in-2017" count="5"/>
      <shelf name="read-2016" count="5"/>
      <shelf name="2016-reads" count="5"/>
      <shelf name="read-in-english" count="5"/>
      <shelf name="5-stars" count="5"/>
      <shelf name="graphic-novel-comics" count="5"/>
      <shelf name="e-books" count="5"/>
      <shelf name="comics-to-read" count="5"/>
  </popular_shelves>
  <book_links>
    <book_link>
  <id>8</id>
  <name>Libraries</name>
  <link>https://www.goodreads.com/book_link/follow/8</link>
</book_link>

  </book_links>
  <buy_links>
    <buy_link>
<id>1</id>
<name>Amazon</name>
<link>https://www.goodreads.com/book_link/follow/1</link>
</buy_link>
<buy_link>
<id>10</id>
<name>Audible</name>
<link>https://www.goodreads.com/book_link/follow/10</link>
</buy_link>
<buy_link>
<id>3</id>
<name>Barnes &amp; Noble</name>
<link>https://www.goodreads.com/book_link/follow/3</link>
</buy_link>
<buy_link>
<id>1027</id>
<name>Kobo</name>
<link>https://www.goodreads.com/book_link/follow/1027</link>
</buy_link>
<buy_link>
<id>2102</id>
<name>Apple iBooks</name>
<link>https://www.goodreads.com/book_link/follow/2102</link>
</buy_link>
<buy_link>
<id>8036</id>
<name>Google Play</name>
<link>https://www.goodreads.com/book_link/follow/8036</link>
</buy_link>
<buy_link>
<id>4</id>
<name>Abebooks</name>
<link>https://www.goodreads.com/book_link/follow/4</link>
</buy_link>
<buy_link>
<id>882</id>
<name>Book Depository</name>
<link>https://www.goodreads.com/book_link/follow/882</link>
</buy_link>
<buy_link>
<id>9</id>
<name>Indigo</name>
<link>https://www.goodreads.com/book_link/follow/9</link>
</buy_link>
<buy_link>
<id>2</id>
<name>Half.com</name>
<link>https://www.goodreads.com/book_link/follow/2</link>
</buy_link>
<buy_link>
<id>5</id>
<name>Alibris</name>
<link>https://www.goodreads.com/book_link/follow/5</link>
</buy_link>
<buy_link>
<id>107</id>
<name>Better World Books</name>
<link>https://www.goodreads.com/book_link/follow/107</link>
</buy_link>
<buy_link>
<id>7</id>
<name>IndieBound</name>
<link>https://www.goodreads.com/book_link/follow/7</link>
</buy_link>

  </buy_links>
  <series_works>
    <series_work>
<id>404309</id>
<user_position>14</user_position>
<series>
<id>54615</id>
<title>
<![CDATA[
    The Walking Dead
]]>
</title>
<description>
<![CDATA[
    The Walking Dead trade paperbacks.
]]>
</description>
<note>
<![CDATA[
]]>
</note>
<series_works_count>28</series_works_count>
<primary_work_count>28</primary_work_count>
<numbered>true</numbered>
</series>

</series_work>

  </series_works>
  <similar_books>
          <book>
<id>13556942</id>
<title>Chew, Vol. 5: Major League</title>
<title_without_series>Chew, Vol. 5: Major League</title_without_series>
<link><![CDATA[https://www.goodreads.com/book/show/13556942-chew-vol-5]]></link>
<small_image_url><![CDATA[https://images.gr-assets.com/books/1332447560s/13556942.jpg]]></small_image_url>
<image_url><![CDATA[https://images.gr-assets.com/books/1332447560m/13556942.jpg]]></image_url>
<num_pages>120</num_pages>
<work>
<id>19128556</id>
</work>
<isbn>1607065231</isbn>
<isbn13>9781607065234</isbn13>
<average_rating>4.15</average_rating>
<ratings_count>7111</ratings_count>
<publication_year>2012</publication_year>
<publication_month>4</publication_month>
<publication_day>18</publication_day>
<authors>
<author>
<id>93094</id>
<name>John Layman</name>
<link><![CDATA[https://www.goodreads.com/author/show/93094.John_Layman]]></link>
</author>
</authors>
</book>

          <book>
<id>9674335</id>
<title><![CDATA[Locke & Key, Vol. 4: Keys to the Kingdom]]></title>
<title_without_series><![CDATA[Locke & Key, Vol. 4: Keys to the Kingdom]]></title_without_series>
<link><![CDATA[https://www.goodreads.com/book/show/9674335-locke-key-vol-4]]></link>
<small_image_url><![CDATA[https://images.gr-assets.com/books/1377306592s/9674335.jpg]]></small_image_url>
<image_url><![CDATA[https://images.gr-assets.com/books/1377306592m/9674335.jpg]]></image_url>
<num_pages>152</num_pages>
<work>
<id>14562177</id>
</work>
<isbn>1600108865</isbn>
<isbn13>9781600108860</isbn13>
<average_rating>4.44</average_rating>
<ratings_count>18803</ratings_count>
<publication_year>2013</publication_year>
<publication_month>2</publication_month>
<publication_day></publication_day>
<authors>
<author>
<id>88506</id>
<name>Joe Hill</name>
<link><![CDATA[https://www.goodreads.com/author/show/88506.Joe_Hill]]></link>
</author>
</authors>
</book>

          <book>
<id>9908518</id>
<title>American Vampire, Vol. 2</title>
<title_without_series>American Vampire, Vol. 2</title_without_series>
<link><![CDATA[https://www.goodreads.com/book/show/9908518-american-vampire-vol-2]]></link>
<small_image_url><![CDATA[https://images.gr-assets.com/books/1308881625s/9908518.jpg]]></small_image_url>
<image_url><![CDATA[https://images.gr-assets.com/books/1308881625m/9908518.jpg]]></image_url>
<num_pages>160</num_pages>
<work>
<id>14800967</id>
</work>
<isbn></isbn>
<isbn13>9781401230xxx</isbn13>
<average_rating>4.08</average_rating>
<ratings_count>9327</ratings_count>
<publication_year>2011</publication_year>
<publication_month>5</publication_month>
<publication_day>31</publication_day>
<authors>
<author>
<id>70026</id>
<name>Scott Snyder</name>
<link><![CDATA[https://www.goodreads.com/author/show/70026.Scott_Snyder]]></link>
</author>
</authors>
</book>

          <book>
<id>11363156</id>
<title><![CDATA[28 Days Later, Vol. 6: Homecoming]]></title>
<title_without_series><![CDATA[28 Days Later, Vol. 6: Homecoming]]></title_without_series>
<link><![CDATA[https://www.goodreads.com/book/show/11363156-28-days-later-vol-6]]></link>
<small_image_url><![CDATA[https://s.gr-assets.com/assets/nophoto/book/50x75-a91bf249278a81aabab721ef782c4a74.png]]></small_image_url>
<image_url><![CDATA[https://s.gr-assets.com/assets/nophoto/book/111x148-bcc042a9c91a29c1d680899eff700a03.png]]></image_url>
<num_pages>112</num_pages>
<work>
<id>46236170</id>
</work>
<isbn>1608866521</isbn>
<isbn13>9781608866526</isbn13>
<average_rating>3.96</average_rating>
<ratings_count>158</ratings_count>
<publication_year>2011</publication_year>
<publication_month>12</publication_month>
<publication_day>6</publication_day>
<authors>
<author>
<id>73097</id>
<name>Michael Alan Nelson</name>
<link><![CDATA[https://www.goodreads.com/author/show/73097.Michael_Alan_Nelson]]></link>
</author>
</authors>
</book>

          <book>
<id>156532</id>
<title><![CDATA[Y: The Last Man, Vol. 9: Motherland (Y: The Last Man, #9)]]></title>
<title_without_series><![CDATA[Y: The Last Man, Vol. 9: Motherland]]></title_without_series>
<link><![CDATA[https://www.goodreads.com/book/show/156532.Y]]></link>
<small_image_url><![CDATA[https://s.gr-assets.com/assets/nophoto/book/50x75-a91bf249278a81aabab721ef782c4a74.png]]></small_image_url>
<image_url><![CDATA[https://s.gr-assets.com/assets/nophoto/book/111x148-bcc042a9c91a29c1d680899eff700a03.png]]></image_url>
<num_pages>144</num_pages>
<work>
<id>885421</id>
</work>
<isbn>1401213510</isbn>
<isbn13>9781401213510</isbn13>
<average_rating>4.27</average_rating>
<ratings_count>20730</ratings_count>
<publication_year>2007</publication_year>
<publication_month>5</publication_month>
<publication_day>9</publication_day>
<authors>
<author>
<id>24514</id>
<name>Brian K. Vaughan</name>
<link><![CDATA[https://www.goodreads.com/author/show/24514.Brian_K_Vaughan]]></link>
</author>
</authors>
</book>

          <book>
<id>10974311</id>
<title>Fables, Vol. 16: Super Team</title>
<title_without_series>Fables, Vol. 16: Super Team</title_without_series>
<link><![CDATA[https://www.goodreads.com/book/show/10974311-fables-vol-16]]></link>
<small_image_url><![CDATA[https://images.gr-assets.com/books/1375404173s/10974311.jpg]]></small_image_url>
<image_url><![CDATA[https://images.gr-assets.com/books/1375404173m/10974311.jpg]]></image_url>
<num_pages>160</num_pages>
<work>
<id>15892402</id>
</work>
<isbn>1401233066</isbn>
<isbn13>9781401233068</isbn13>
<average_rating>3.84</average_rating>
<ratings_count>5737</ratings_count>
<publication_year>2011</publication_year>
<publication_month>12</publication_month>
<publication_day>20</publication_day>
<authors>
<author>
<id>12444</id>
<name>Bill Willingham</name>
<link><![CDATA[https://www.goodreads.com/author/show/12444.Bill_Willingham]]></link>
</author>
</authors>
</book>

          <book>
<id>18809215</id>
<title><![CDATA[Revival, Vol. 3: A Faraway Place]]></title>
<title_without_series><![CDATA[Revival, Vol. 3: A Faraway Place]]></title_without_series>
<link><![CDATA[https://www.goodreads.com/book/show/18809215-revival-vol-3]]></link>
<small_image_url><![CDATA[https://images.gr-assets.com/books/1384616428s/18809215.jpg]]></small_image_url>
<image_url><![CDATA[https://images.gr-assets.com/books/1384616428m/18809215.jpg]]></image_url>
<num_pages>128</num_pages>
<work>
<id>26742644</id>
</work>
<isbn>1607068605</isbn>
<isbn13>9781607068600</isbn13>
<average_rating>4.03</average_rating>
<ratings_count>1779</ratings_count>
<publication_year>2014</publication_year>
<publication_month>2</publication_month>
<publication_day>19</publication_day>
<authors>
<author>
<id>37607</id>
<name>Tim Seeley</name>
<link><![CDATA[https://www.goodreads.com/author/show/37607.Tim_Seeley]]></link>
</author>
</authors>
</book>

          <book>
<id>18339901</id>
<title><![CDATA[Afterlife with Archie, Vol. 1: Escape from Riverdale]]></title>
<title_without_series><![CDATA[Afterlife with Archie, Vol. 1: Escape from Riverdale]]></title_without_series>
<link><![CDATA[https://www.goodreads.com/book/show/18339901-afterlife-with-archie-vol-1]]></link>
<small_image_url><![CDATA[https://images.gr-assets.com/books/1437379744s/18339901.jpg]]></small_image_url>
<image_url><![CDATA[https://images.gr-assets.com/books/1437379744m/18339901.jpg]]></image_url>
<num_pages>160</num_pages>
<work>
<id>25893269</id>
</work>
<isbn>1619889080</isbn>
<isbn13>9781619889088</isbn13>
<average_rating>4.10</average_rating>
<ratings_count>4355</ratings_count>
<publication_year>2014</publication_year>
<publication_month>6</publication_month>
<publication_day>10</publication_day>
<authors>
<author>
<id>55794</id>
<name>Roberto Aguirre-Sacasa</name>
<link><![CDATA[https://www.goodreads.com/author/show/55794.Roberto_Aguirre_Sacasa]]></link>
</author>
</authors>
</book>

  </similar_books>
</book>

</GoodreadsResponse>