<?xml version="1.0" encoding="UTF-8"?>
<GoodreadsResponse>
  <Request>
    <authentication>true</authentication>
      <key><![CDATA[all_men_must_serve]]></key>
    <method><![CDATA[book_show]]></method>
  </Request>
  <book>
  <id>10836810</id>
  <title>The Last Nude</title>
  <isbn><![CDATA[1594488134]]></isbn>
  <isbn13><![CDATA[9781594488139]]></isbn13>
  <asin><![CDATA[]]></asin>
  <kindle_asin><![CDATA[]]></kindle_asin>
  <marketplace_id><![CDATA[]]></marketplace_id>
  <country_code><![CDATA[GB]]></country_code>
  <image_url>https://images.gr-assets.com/books/1305496356m/10836810.jpg</image_url>
  <small_image_url>https://images.gr-assets.com/books/1305496356s/10836810.jpg</small_image_url>
  <publication_year>2012</publication_year>
  <publication_month>1</publication_month>
  <publication_day>5</publication_day>
  <publisher>Riverhead</publisher>
  <language_code>en-US</language_code>
  <is_ebook>false</is_ebook>
  <description><![CDATA[<b>A stunning story of love, sexual obsession, treachery, and tragedy, about an artist and her most famous muse in Paris between the World Wars.</b><br /><br />Paris, 1927. In the heady years before the crash, financiers drape their mistresses in Chanel, while expatriates flock to the avant-garde bookshop Shakespeare and Company. One day in July, a young American named Rafaela Fano gets into the car of a coolly dazzling stranger, the Art Deco painter Tamara de Lempicka.<br /><br />Struggling to halt a downward slide toward prostitution, Rafaela agrees to model for the artist, a dispossessed Saint Petersburg aristocrat with a murky past. The two become lovers, and Rafaela inspires Tamara's most iconic Jazz Age images, among them her most accomplished—and coveted—works of art. A season as the painter's muse teaches Rafaela some hard lessons: Tamara is a cocktail of raw hunger and glittering artifice. And all the while, their romantic idyll is threatened by history's darkening tide.<br /><br />Inspired by real events in de Lempicka's history, <i>The Last Nude</i> is a tour de force of historical imagination. Avery gives the reader a tantalizing window into a lost Paris, an age already vanishing as the inexorable forces of history close in on two tangled lives. Spellbinding and provocative, <i>The Last Nude</i> is a novel about genius and craft, love and desire, regret, and, most of all, hope that can transcend time and circumstance.]]></description>
  <work>
  <id type="integer">15467346</id>
  <books_count type="integer">9</books_count>
  <best_book_id type="integer">10836810</best_book_id>
  <reviews_count type="integer">29180</reviews_count>
  <ratings_sum type="integer">50663</ratings_sum>
  <ratings_count type="integer">13426</ratings_count>
  <text_reviews_count type="integer">330</text_reviews_count>
  <original_publication_year type="integer">2012</original_publication_year>
  <original_publication_month type="integer" nil="true"/>
  <original_publication_day type="integer" nil="true"/>
  <original_title>The Last Nude</original_title>
  <original_language_id type="integer" nil="true"/>
  <media_type>book</media_type>
  <rating_dist>5:4942|4:3259|3:3231|2:1230|1:764|total:13426</rating_dist>
  <desc_user_id type="integer">39669069</desc_user_id>
  <default_chaptering_book_id type="integer" nil="true"/>
  <default_description_language_code nil="true"/>
</work>
  <average_rating>3.77</average_rating>
  <num_pages><![CDATA[320]]></num_pages>
  <format><![CDATA[Hardcover]]></format>
  <edition_information><![CDATA[]]></edition_information>
  <ratings_count><![CDATA[13293]]></ratings_count>
  <text_reviews_count><![CDATA[322]]></text_reviews_count>
  <url><![CDATA[https://www.goodreads.com/book/show/10836810-the-last-nude]]></url>
  <link><![CDATA[https://www.goodreads.com/book/show/10836810-the-last-nude]]></link>
  <authors>
<author>
<id>26770</id>
<name>Ellis Avery</name>
<role></role>
<image_url nophoto='false'>
<![CDATA[https://images.gr-assets.com/authors/1428814695p5/26770.jpg]]>
</image_url>
<small_image_url nophoto='false'>
<![CDATA[https://images.gr-assets.com/authors/1428814695p2/26770.jpg]]>
</small_image_url>
<link><![CDATA[https://www.goodreads.com/author/show/26770.Ellis_Avery]]></link>
<average_rating>3.72</average_rating>
<ratings_count>16651</ratings_count>
<text_reviews_count>760</text_reviews_count>
</author>
</authors>

    <reviews_widget>
      <![CDATA[
        <style>
  #goodreads-widget {
    font-family: georgia, serif;
    padding: 18px 0;
    width:565px;
  }
  #goodreads-widget h1 {
    font-weight:normal;
    font-size: 16px;
    border-bottom: 1px solid #BBB596;
    margin-bottom: 0;
  }
  #goodreads-widget a {
    text-decoration: none;
    color:#660;
  }
  iframe{
    background-color: #fff;
  }
  #goodreads-widget a:hover { text-decoration: underline; }
  #goodreads-widget a:active {
    color:#660;
  }
  #gr_footer {
    width: 100%;
    border-top: 1px solid #BBB596;
    text-align: right;
  }
  #goodreads-widget .gr_branding{
    color: #382110;
    font-size: 11px;
    text-decoration: none;
    font-family: "Helvetica Neue", Helvetica, Arial, sans-serif;
  }
</style>
<div id="goodreads-widget">
  <div id="gr_header"><h1><a rel="nofollow" href="https://www.goodreads.com/book/show/10836810-the-last-nude">The Last Nude Reviews</a></h1></div>
  <iframe id="the_iframe" src="https://www.goodreads.com/api/reviews_widget_iframe?did=DEVELOPER_ID&amp;format=html&amp;isbn=1594488134&amp;links=660&amp;min_rating=&amp;review_back=fff&amp;stars=000&amp;text=000" width="565" height="400" frameborder="0"></iframe>
  <div id="gr_footer">
    <a class="gr_branding" target="_blank" rel="nofollow" href="https://www.goodreads.com/book/show/10836810-the-last-nude?utm_medium=api&amp;utm_source=reviews_widget">Reviews from Goodreads.com</a>
  </div>
</div>

      ]]>
    </reviews_widget>
  <popular_shelves>
      <shelf name="to-read" count="16191"/>
      <shelf name="historical-fiction" count="157"/>
      <shelf name="currently-reading" count="111"/>
      <shelf name="fiction" count="90"/>
      <shelf name="art" count="48"/>
      <shelf name="lgbt" count="45"/>
      <shelf name="historical" count="30"/>
      <shelf name="queer" count="25"/>
      <shelf name="france" count="24"/>
      <shelf name="lesbian" count="24"/>
      <shelf name="paris" count="15"/>
      <shelf name="lgbtq" count="15"/>
      <shelf name="1920s" count="12"/>
      <shelf name="glbt" count="12"/>
      <shelf name="adult" count="12"/>
      <shelf name="favorites" count="12"/>
      <shelf name="novels" count="11"/>
      <shelf name="literary-fiction" count="11"/>
      <shelf name="book-club" count="10"/>
      <shelf name="first-reads" count="10"/>
      <shelf name="owned" count="9"/>
      <shelf name="audiobooks" count="9"/>
      <shelf name="romance" count="9"/>
      <shelf name="bisexual" count="9"/>
      <shelf name="adult-fiction" count="8"/>
      <shelf name="audio" count="7"/>
      <shelf name="to-read-fiction" count="6"/>
      <shelf name="art-history" count="6"/>
      <shelf name="library" count="6"/>
      <shelf name="history" count="6"/>
      <shelf name="wish-list" count="6"/>
      <shelf name="fiction-literature" count="5"/>
      <shelf name="audiobook" count="5"/>
      <shelf name="lgbtqia" count="5"/>
      <shelf name="artists" count="5"/>
      <shelf name="books-i-own" count="4"/>
      <shelf name="women-writers" count="4"/>
      <shelf name="a" count="4"/>
      <shelf name="novel" count="4"/>
      <shelf name="women" count="4"/>
      <shelf name="love" count="4"/>
      <shelf name="glbtq" count="4"/>
      <shelf name="fashion" count="4"/>
      <shelf name="erotica" count="4"/>
      <shelf name="20th-century" count="4"/>
      <shelf name="contemporary-fiction" count="4"/>
      <shelf name="jazz-age" count="4"/>
      <shelf name="arc" count="4"/>
      <shelf name="art-deco-painter" count="3"/>
      <shelf name="read-in-2014" count="3"/>
      <shelf name="lesbian-fiction" count="3"/>
      <shelf name="cultural" count="3"/>
      <shelf name="queer-lit" count="3"/>
      <shelf name="f-f" count="3"/>
      <shelf name="art-and-artists" count="3"/>
      <shelf name="sexuality" count="3"/>
      <shelf name="lesbian-gay" count="3"/>
      <shelf name="dnf" count="3"/>
      <shelf name="gay" count="3"/>
      <shelf name="historical-fiction-to-read" count="3"/>
      <shelf name="art-books" count="3"/>
      <shelf name="kindle" count="3"/>
      <shelf name="read-2012" count="3"/>
      <shelf name="ebook" count="3"/>
      <shelf name="maybe" count="3"/>
      <shelf name="lgbtqi" count="3"/>
      <shelf name="art-themed-fiction" count="3"/>
      <shelf name="general-fiction" count="3"/>
      <shelf name="diversity" count="2"/>
      <shelf name="queer-books" count="2"/>
      <shelf name="2012-releases" count="2"/>
      <shelf name="woman-trans-agender-authors" count="2"/>
      <shelf name="lgbtqq2sia" count="2"/>
      <shelf name="book-club-ideas" count="2"/>
      <shelf name="sex-work" count="2"/>
      <shelf name="wlw" count="2"/>
      <shelf name="english" count="2"/>
      <shelf name="research" count="2"/>
      <shelf name="mogai" count="2"/>
      <shelf name="did-not-finish" count="2"/>
      <shelf name="lg" count="2"/>
      <shelf name="audio-books" count="2"/>
      <shelf name="default" count="2"/>
      <shelf name="lgbt-to-read" count="2"/>
      <shelf name="lesbians" count="2"/>
      <shelf name="french-literature" count="2"/>
      <shelf name="to-purchase" count="2"/>
      <shelf name="non-fiction" count="2"/>
      <shelf name="queer-reads" count="2"/>
      <shelf name="art-photography" count="2"/>
      <shelf name="owned-books" count="2"/>
      <shelf name="love-story" count="2"/>
      <shelf name="not-interested" count="2"/>
      <shelf name="european-history" count="2"/>
      <shelf name="books" count="2"/>
      <shelf name="unread-owned-books" count="2"/>
      <shelf name="books-read-in-2013" count="2"/>
      <shelf name="from-the-library" count="2"/>
      <shelf name="g" count="2"/>
      <shelf name="lgbt-fiction" count="2"/>
  </popular_shelves>
  <book_links>
    <book_link>
  <id>8</id>
  <name>Libraries</name>
  <link>https://www.goodreads.com/book_link/follow/8</link>
</book_link>

  </book_links>
  <buy_links>
    <buy_link>
<id>1</id>
<name>Amazon</name>
<link>https://www.goodreads.com/book_link/follow/1</link>
</buy_link>
<buy_link>
<id>10</id>
<name>Audible</name>
<link>https://www.goodreads.com/book_link/follow/10</link>
</buy_link>
<buy_link>
<id>3</id>
<name>Barnes &amp; Noble</name>
<link>https://www.goodreads.com/book_link/follow/3</link>
</buy_link>
<buy_link>
<id>1027</id>
<name>Kobo</name>
<link>https://www.goodreads.com/book_link/follow/1027</link>
</buy_link>
<buy_link>
<id>2102</id>
<name>Apple iBooks</name>
<link>https://www.goodreads.com/book_link/follow/2102</link>
</buy_link>
<buy_link>
<id>8036</id>
<name>Google Play</name>
<link>https://www.goodreads.com/book_link/follow/8036</link>
</buy_link>
<buy_link>
<id>4</id>
<name>Abebooks</name>
<link>https://www.goodreads.com/book_link/follow/4</link>
</buy_link>
<buy_link>
<id>882</id>
<name>Book Depository</name>
<link>https://www.goodreads.com/book_link/follow/882</link>
</buy_link>
<buy_link>
<id>9</id>
<name>Indigo</name>
<link>https://www.goodreads.com/book_link/follow/9</link>
</buy_link>
<buy_link>
<id>2</id>
<name>Half.com</name>
<link>https://www.goodreads.com/book_link/follow/2</link>
</buy_link>
<buy_link>
<id>5</id>
<name>Alibris</name>
<link>https://www.goodreads.com/book_link/follow/5</link>
</buy_link>
<buy_link>
<id>107</id>
<name>Better World Books</name>
<link>https://www.goodreads.com/book_link/follow/107</link>
</buy_link>
<buy_link>
<id>7</id>
<name>IndieBound</name>
<link>https://www.goodreads.com/book_link/follow/7</link>
</buy_link>

  </buy_links>
  <series_works>
    
  </series_works>
  <similar_books>
          <book>
<id>11996019</id>
<title>The King&apos;s Agent</title>
<title_without_series>The King&apos;s Agent</title_without_series>
<link><![CDATA[https://www.goodreads.com/book/show/11996019-the-king-s-agent]]></link>
<small_image_url><![CDATA[https://images.gr-assets.com/books/1313276211s/11996019.jpg]]></small_image_url>
<image_url><![CDATA[https://images.gr-assets.com/books/1313276211m/11996019.jpg]]></image_url>
<num_pages>411</num_pages>
<work>
<id>16960201</id>
</work>
<isbn>075824682X</isbn>
<isbn13>9780758246820</isbn13>
<average_rating>3.81</average_rating>
<ratings_count>8261</ratings_count>
<publication_year></publication_year>
<publication_month></publication_month>
<publication_day></publication_day>
<authors>
<author>
<id>2729597</id>
<name>Donna Russo Morin</name>
<link><![CDATA[https://www.goodreads.com/author/show/2729597.Donna_Russo_Morin]]></link>
</author>
</authors>
</book>

          <book>
<id>10508526</id>
<title><![CDATA[The Chronicles of Harris Burdick: 14 Amazing Authors Tell the Tales]]></title>
<title_without_series><![CDATA[The Chronicles of Harris Burdick: 14 Amazing Authors Tell the Tales]]></title_without_series>
<link><![CDATA[https://www.goodreads.com/book/show/10508526-the-chronicles-of-harris-burdick]]></link>
<small_image_url><![CDATA[https://images.gr-assets.com/books/1327949098s/10508526.jpg]]></small_image_url>
<image_url><![CDATA[https://images.gr-assets.com/books/1327949098m/10508526.jpg]]></image_url>
<num_pages>221</num_pages>
<work>
<id>15414441</id>
</work>
<isbn>0547548109</isbn>
<isbn13>9780547548104</isbn13>
<average_rating>3.91</average_rating>
<ratings_count>13354</ratings_count>
<publication_year></publication_year>
<publication_month></publication_month>
<publication_day></publication_day>
<authors>
<author>
<id>9685</id>
<name>Chris Van Allsburg</name>
<link><![CDATA[https://www.goodreads.com/author/show/9685.Chris_Van_Allsburg]]></link>
</author>
</authors>
</book>

          <book>
<id>11101772</id>
<title><![CDATA[The Scrapbook of Frankie Pratt]]></title>
<title_without_series><![CDATA[The Scrapbook of Frankie Pratt]]></title_without_series>
<link><![CDATA[https://www.goodreads.com/book/show/11101772-the-scrapbook-of-frankie-pratt]]></link>
<small_image_url><![CDATA[https://s.gr-assets.com/assets/nophoto/book/50x75-a91bf249278a81aabab721ef782c4a74.png]]></small_image_url>
<image_url><![CDATA[https://s.gr-assets.com/assets/nophoto/book/111x148-bcc042a9c91a29c1d680899eff700a03.png]]></image_url>
<num_pages>233</num_pages>
<work>
<id>16023890</id>
</work>
<isbn>0061966908</isbn>
<isbn13>9780061966903</isbn13>
<average_rating>3.72</average_rating>
<ratings_count>20573</ratings_count>
<publication_year>2011</publication_year>
<publication_month></publication_month>
<publication_day></publication_day>
<authors>
<author>
<id>7086</id>
<name>Caroline Preston</name>
<link><![CDATA[https://www.goodreads.com/author/show/7086.Caroline_Preston]]></link>
</author>
</authors>
</book>

          <book>
<id>13129803</id>
<title>Miss Fuller</title>
<title_without_series>Miss Fuller</title_without_series>
<link><![CDATA[https://www.goodreads.com/book/show/13129803-miss-fuller]]></link>
<small_image_url><![CDATA[https://images.gr-assets.com/books/1333580688s/13129803.jpg]]></small_image_url>
<image_url><![CDATA[https://images.gr-assets.com/books/1333580688m/13129803.jpg]]></image_url>
<num_pages>192</num_pages>
<work>
<id>18305922</id>
</work>
<isbn>1586421956</isbn>
<isbn13>9781586421953</isbn13>
<average_rating>3.42</average_rating>
<ratings_count>326</ratings_count>
<publication_year>2012</publication_year>
<publication_month>4</publication_month>
<publication_day>3</publication_day>
<authors>
<author>
<id>350563</id>
<name>April Bernard</name>
<link><![CDATA[https://www.goodreads.com/author/show/350563.April_Bernard]]></link>
</author>
</authors>
</book>

          <book>
<id>8296140</id>
<title>Clara and Mr. Tiffany</title>
<title_without_series>Clara and Mr. Tiffany</title_without_series>
<link><![CDATA[https://www.goodreads.com/book/show/8296140-clara-and-mr-tiffany]]></link>
<small_image_url><![CDATA[https://images.gr-assets.com/books/1320562282s/8296140.jpg]]></small_image_url>
<image_url><![CDATA[https://images.gr-assets.com/books/1320562282m/8296140.jpg]]></image_url>
<num_pages>432</num_pages>
<work>
<id>13144758</id>
</work>
<isbn>1400068169</isbn>
<isbn13>9781400068166</isbn13>
<average_rating>3.71</average_rating>
<ratings_count>24733</ratings_count>
<publication_year>2011</publication_year>
<publication_month>1</publication_month>
<publication_day>11</publication_day>
<authors>
<author>
<id>11075</id>
<name>Susan Vreeland</name>
<link><![CDATA[https://www.goodreads.com/author/show/11075.Susan_Vreeland]]></link>
</author>
</authors>
</book>

          <book>
<id>10702453</id>
<title>Girl Reading</title>
<title_without_series>Girl Reading</title_without_series>
<link><![CDATA[https://www.goodreads.com/book/show/10702453-girl-reading]]></link>
<small_image_url><![CDATA[https://images.gr-assets.com/books/1327932980s/10702453.jpg]]></small_image_url>
<image_url><![CDATA[https://images.gr-assets.com/books/1327932980m/10702453.jpg]]></image_url>
<num_pages>342</num_pages>
<work>
<id>15612733</id>
</work>
<isbn>1844087387</isbn>
<isbn13>9781844087389</isbn13>
<average_rating>3.51</average_rating>
<ratings_count>2108</ratings_count>
<publication_year>2011</publication_year>
<publication_month>5</publication_month>
<publication_day></publication_day>
<authors>
<author>
<id>5458621</id>
<name>Katie  Ward</name>
<link><![CDATA[https://www.goodreads.com/author/show/5458621.Katie_Ward]]></link>
</author>
</authors>
</book>

          <book>
<id>11391817</id>
<title>Drawing from Memory</title>
<title_without_series>Drawing from Memory</title_without_series>
<link><![CDATA[https://www.goodreads.com/book/show/11391817-drawing-from-memory]]></link>
<small_image_url><![CDATA[https://images.gr-assets.com/books/1328837508s/11391817.jpg]]></small_image_url>
<image_url><![CDATA[https://images.gr-assets.com/books/1328837508m/11391817.jpg]]></image_url>
<num_pages>64</num_pages>
<work>
<id>16323867</id>
</work>
<isbn>0545176867</isbn>
<isbn13>9780545176866</isbn13>
<average_rating>3.81</average_rating>
<ratings_count>21193</ratings_count>
<publication_year>2011</publication_year>
<publication_month>9</publication_month>
<publication_day>1</publication_day>
<authors>
<author>
<id>121814</id>
<name>Allen Say</name>
<link><![CDATA[https://www.goodreads.com/author/show/121814.Allen_Say]]></link>
</author>
</authors>
</book>

          <book>
<id>11266880</id>
<title>It Chooses You</title>
<title_without_series>It Chooses You</title_without_series>
<link><![CDATA[https://www.goodreads.com/book/show/11266880-it-chooses-you]]></link>
<small_image_url><![CDATA[https://images.gr-assets.com/books/1328693226s/11266880.jpg]]></small_image_url>
<image_url><![CDATA[https://images.gr-assets.com/books/1328693226m/11266880.jpg]]></image_url>
<num_pages>218</num_pages>
<work>
<id>16193779</id>
</work>
<isbn>1936365014</isbn>
<isbn13>9781936365012</isbn13>
<average_rating>3.88</average_rating>
<ratings_count>16400</ratings_count>
<publication_year>2011</publication_year>
<publication_month>11</publication_month>
<publication_day>15</publication_day>
<authors>
<author>
<id>65678</id>
<name>Miranda July</name>
<link><![CDATA[https://www.goodreads.com/author/show/65678.Miranda_July]]></link>
</author>
</authors>
</book>

          <book>
<id>27398</id>
<title>The Lost Painting</title>
<title_without_series>The Lost Painting</title_without_series>
<link><![CDATA[https://www.goodreads.com/book/show/27398.The_Lost_Painting]]></link>
<small_image_url><![CDATA[https://s.gr-assets.com/assets/nophoto/book/50x75-a91bf249278a81aabab721ef782c4a74.png]]></small_image_url>
<image_url><![CDATA[https://s.gr-assets.com/assets/nophoto/book/111x148-bcc042a9c91a29c1d680899eff700a03.png]]></image_url>
<num_pages>320</num_pages>
<work>
<id>1054249</id>
</work>
<isbn>0375759867</isbn>
<isbn13>9780375759864</isbn13>
<average_rating>3.71</average_rating>
<ratings_count>19571</ratings_count>
<publication_year>2006</publication_year>
<publication_month>11</publication_month>
<publication_day>7</publication_day>
<authors>
<author>
<id>7519</id>
<name>Jonathan Harr</name>
<link><![CDATA[https://www.goodreads.com/author/show/7519.Jonathan_Harr]]></link>
</author>
</authors>
</book>

          <book>
<id>679464</id>
<title>Olivia</title>
<title_without_series>Olivia</title_without_series>
<link><![CDATA[https://www.goodreads.com/book/show/679464.Olivia]]></link>
<small_image_url><![CDATA[https://images.gr-assets.com/books/1328856064s/679464.jpg]]></small_image_url>
<image_url><![CDATA[https://images.gr-assets.com/books/1328856064m/679464.jpg]]></image_url>
<num_pages>135</num_pages>
<work>
<id>665866</id>
</work>
<isbn>1573442429</isbn>
<isbn13>9781573442428</isbn13>
<average_rating>3.62</average_rating>
<ratings_count>471</ratings_count>
<publication_year>2006</publication_year>
<publication_month>5</publication_month>
<publication_day>5</publication_day>
<authors>
<author>
<id>974919</id>
<name>Dorothy Bussy</name>
<link><![CDATA[https://www.goodreads.com/author/show/974919.Dorothy_Bussy]]></link>
</author>
</authors>
</book>

          <book>
<id>13592316</id>
<title><![CDATA[The Raven's Heart: A Story of a Quest, a Castle and Mary Queen of Scots]]></title>
<title_without_series><![CDATA[The Raven's Heart: A Story of a Quest, a Castle and Mary Queen of Scots]]></title_without_series>
<link><![CDATA[https://www.goodreads.com/book/show/13592316-the-raven-s-heart]]></link>
<small_image_url><![CDATA[https://images.gr-assets.com/books/1338865451s/13592316.jpg]]></small_image_url>
<image_url><![CDATA[https://images.gr-assets.com/books/1338865451m/13592316.jpg]]></image_url>
<num_pages>464</num_pages>
<work>
<id>15053379</id>
</work>
<isbn>1612940277</isbn>
<isbn13>9781612940274</isbn13>
<average_rating>3.84</average_rating>
<ratings_count>239</ratings_count>
<publication_year>2012</publication_year>
<publication_month>9</publication_month>
<publication_day>11</publication_day>
<authors>
<author>
<id>4077756</id>
<name>Jesse Blackadder</name>
<link><![CDATA[https://www.goodreads.com/author/show/4077756.Jesse_Blackadder]]></link>
</author>
</authors>
</book>

          <book>
<id>13569304</id>
<title>Gay Pride and Prejudice</title>
<title_without_series>Gay Pride and Prejudice</title_without_series>
<link><![CDATA[https://www.goodreads.com/book/show/13569304-gay-pride-and-prejudice]]></link>
<small_image_url><![CDATA[https://images.gr-assets.com/books/1333211592s/13569304.jpg]]></small_image_url>
<image_url><![CDATA[https://images.gr-assets.com/books/1333211592m/13569304.jpg]]></image_url>
<num_pages>360</num_pages>
<work>
<id>19148401</id>
</work>
<isbn>0985367709</isbn>
<isbn13>9780985367701</isbn13>
<average_rating>3.72</average_rating>
<ratings_count>173</ratings_count>
<publication_year>2012</publication_year>
<publication_month>3</publication_month>
<publication_day>23</publication_day>
<authors>
<author>
<id>1426948</id>
<name>Kate Christie</name>
<link><![CDATA[https://www.goodreads.com/author/show/1426948.Kate_Christie]]></link>
</author>
</authors>
</book>

          <book>
<id>10710392</id>
<title>Chopsticks</title>
<title_without_series>Chopsticks</title_without_series>
<link><![CDATA[https://www.goodreads.com/book/show/10710392-chopsticks]]></link>
<small_image_url><![CDATA[https://images.gr-assets.com/books/1364073067s/10710392.jpg]]></small_image_url>
<image_url><![CDATA[https://images.gr-assets.com/books/1364073067m/10710392.jpg]]></image_url>
<num_pages>272</num_pages>
<work>
<id>15620818</id>
</work>
<isbn>1595144358</isbn>
<isbn13>9781595144355</isbn13>
<average_rating>3.72</average_rating>
<ratings_count>18380</ratings_count>
<publication_year>2012</publication_year>
<publication_month>2</publication_month>
<publication_day>2</publication_day>
<authors>
<author>
<id>80769</id>
<name>Jessica Anthony</name>
<link><![CDATA[https://www.goodreads.com/author/show/80769.Jessica_Anthony]]></link>
</author>
</authors>
</book>

          <book>
<id>4519339</id>
<title>With Violets</title>
<title_without_series>With Violets</title_without_series>
<link><![CDATA[https://www.goodreads.com/book/show/4519339-with-violets]]></link>
<small_image_url><![CDATA[https://s.gr-assets.com/assets/nophoto/book/50x75-a91bf249278a81aabab721ef782c4a74.png]]></small_image_url>
<image_url><![CDATA[https://s.gr-assets.com/assets/nophoto/book/111x148-bcc042a9c91a29c1d680899eff700a03.png]]></image_url>
<num_pages>320</num_pages>
<work>
<id>4568418</id>
</work>
<isbn>0061579122</isbn>
<isbn13>9780061579127</isbn13>
<average_rating>3.62</average_rating>
<ratings_count>610</ratings_count>
<publication_year>2008</publication_year>
<publication_month>10</publication_month>
<publication_day>21</publication_day>
<authors>
<author>
<id>490989</id>
<name>Elizabeth Robards</name>
<link><![CDATA[https://www.goodreads.com/author/show/490989.Elizabeth_Robards]]></link>
</author>
</authors>
</book>

          <book>
<id>13073377</id>
<title>The Bay of Foxes</title>
<title_without_series>The Bay of Foxes</title_without_series>
<link><![CDATA[https://www.goodreads.com/book/show/13073377-the-bay-of-foxes]]></link>
<small_image_url><![CDATA[https://images.gr-assets.com/books/1340923066s/13073377.jpg]]></small_image_url>
<image_url><![CDATA[https://images.gr-assets.com/books/1340923066m/13073377.jpg]]></image_url>
<num_pages>240</num_pages>
<work>
<id>18239839</id>
</work>
<isbn>0143121014</isbn>
<isbn13>9780143121015</isbn13>
<average_rating>3.33</average_rating>
<ratings_count>160</ratings_count>
<publication_year>2012</publication_year>
<publication_month>6</publication_month>
<publication_day>26</publication_day>
<authors>
<author>
<id>105871</id>
<name>Sheila Kohler</name>
<link><![CDATA[https://www.goodreads.com/author/show/105871.Sheila_Kohler]]></link>
</author>
</authors>
</book>

          <book>
<id>7598836</id>
<title><![CDATA[Inseparable: Desire Between Women in Literature]]></title>
<title_without_series><![CDATA[Inseparable: Desire Between Women in Literature]]></title_without_series>
<link><![CDATA[https://www.goodreads.com/book/show/7598836-inseparable]]></link>
<small_image_url><![CDATA[https://images.gr-assets.com/books/1320486174s/7598836.jpg]]></small_image_url>
<image_url><![CDATA[https://images.gr-assets.com/books/1320486174m/7598836.jpg]]></image_url>
<num_pages>288</num_pages>
<work>
<id>10012101</id>
</work>
<isbn>0307270947</isbn>
<isbn13>9780307270948</isbn13>
<average_rating>3.97</average_rating>
<ratings_count>213</ratings_count>
<publication_year>2010</publication_year>
<publication_month>5</publication_month>
<publication_day>25</publication_day>
<authors>
<author>
<id>23613</id>
<name>Emma Donoghue</name>
<link><![CDATA[https://www.goodreads.com/author/show/23613.Emma_Donoghue]]></link>
</author>
</authors>
</book>

          <book>
<id>7821828</id>
<title><![CDATA[The Hare With Amber Eyes: A Family's Century of Art and Loss]]></title>
<title_without_series><![CDATA[The Hare With Amber Eyes: A Family's Century of Art and Loss]]></title_without_series>
<link><![CDATA[https://www.goodreads.com/book/show/7821828-the-hare-with-amber-eyes]]></link>
<small_image_url><![CDATA[https://images.gr-assets.com/books/1316730175s/7821828.jpg]]></small_image_url>
<image_url><![CDATA[https://images.gr-assets.com/books/1316730175m/7821828.jpg]]></image_url>
<num_pages>368</num_pages>
<work>
<id>10861805</id>
</work>
<isbn>0374105979</isbn>
<isbn13>9780374105976</isbn13>
<average_rating>3.85</average_rating>
<ratings_count>26040</ratings_count>
<publication_year>2010</publication_year>
<publication_month>8</publication_month>
<publication_day>31</publication_day>
<authors>
<author>
<id>471230</id>
<name>Edmund de Waal</name>
<link><![CDATA[https://www.goodreads.com/author/show/471230.Edmund_de_Waal]]></link>
</author>
</authors>
</book>

          <book>
<id>12065943</id>
<title><![CDATA[Extra Yarn (E. B. White Read-Aloud Award. Picture Books)]]></title>
<title_without_series>Extra Yarn</title_without_series>
<link><![CDATA[https://www.goodreads.com/book/show/12065943-extra-yarn]]></link>
<small_image_url><![CDATA[https://images.gr-assets.com/books/1424982446s/12065943.jpg]]></small_image_url>
<image_url><![CDATA[https://images.gr-assets.com/books/1424982446m/12065943.jpg]]></image_url>
<num_pages></num_pages>
<work>
<id>17033359</id>
</work>
<isbn>0061953385</isbn>
<isbn13>9780061953385</isbn13>
<average_rating>4.07</average_rating>
<ratings_count>12714</ratings_count>
<publication_year></publication_year>
<publication_month></publication_month>
<publication_day></publication_day>
<authors>
<author>
<id>2855221</id>
<name>Mac Barnett</name>
<link><![CDATA[https://www.goodreads.com/author/show/2855221.Mac_Barnett]]></link>
</author>
</authors>
</book>

  </similar_books>
</book>

</GoodreadsResponse>