<?xml version="1.0" encoding="UTF-8"?>
<GoodreadsResponse>
  <Request>
    <authentication>true</authentication>
      <key><![CDATA[all_men_must_serve]]></key>
    <method><![CDATA[book_show]]></method>
  </Request>
  <book>
  <id>108385</id>
  <title>Dark Gold (Dark, #3)</title>
  <isbn><![CDATA[0843958448]]></isbn>
  <isbn13><![CDATA[9780843958447]]></isbn13>
  <asin><![CDATA[]]></asin>
  <kindle_asin><![CDATA[B0062QWUXG]]></kindle_asin>
  <marketplace_id><![CDATA[A1F83G8C2ARO7P]]></marketplace_id>
  <country_code><![CDATA[GB]]></country_code>
  <image_url>https://s.gr-assets.com/assets/nophoto/book/111x148-bcc042a9c91a29c1d680899eff700a03.png</image_url>
  <small_image_url>https://s.gr-assets.com/assets/nophoto/book/50x75-a91bf249278a81aabab721ef782c4a74.png</small_image_url>
  <publication_year>2007</publication_year>
  <publication_month>3</publication_month>
  <publication_day>1</publication_day>
  <publisher>Love Spell</publisher>
  <language_code>eng</language_code>
  <is_ebook>false</is_ebook>
  <description><![CDATA[<b>They were masters of the darkness, searching through eternity for a mistress of the light...</b><br /><br /><i>Was he a man...or a miracle?</i><br /><br />Alexandria Houton would sacrifice anything - ever her life - to protect her orphaned little brother. But when both encountered unspeakable evil in the swirling San Francisco mists, Alex could only cry to heaven for their deliverance...<br /><br />And out of the darkness swooped Aidan Savage, a golden being more powerful, more mysterious than any other creature of the night. The ageless Carpathian male snatched them from a hideous fate. But was Aidan a miracle...or a monster? Alex's salvation...or her sin? If she surrendered to Aidan's savage, unearthly seduction - gave him the color, the light, the family he craved - would Alex truly save her brother? Or sacrifice more than her life?]]></description>
  <work>
  <id type="integer">3019372</id>
  <books_count type="integer">37</books_count>
  <best_book_id type="integer">108385</best_book_id>
  <reviews_count type="integer">29823</reviews_count>
  <ratings_sum type="integer">87256</ratings_sum>
  <ratings_count type="integer">20969</ratings_count>
  <text_reviews_count type="integer">562</text_reviews_count>
  <original_publication_year type="integer">2000</original_publication_year>
  <original_publication_month type="integer">4</original_publication_month>
  <original_publication_day type="integer">1</original_publication_day>
  <original_title>Dark Gold (Dark #3)</original_title>
  <original_language_id type="integer" nil="true"/>
  <media_type>book</media_type>
  <rating_dist>5:9532|4:6559|3:3797|2:888|1:193|total:20969</rating_dist>
  <desc_user_id type="integer">10308842</desc_user_id>
  <default_chaptering_book_id type="integer" nil="true"/>
  <default_description_language_code nil="true"/>
</work>
  <average_rating>4.16</average_rating>
  <num_pages><![CDATA[382]]></num_pages>
  <format><![CDATA[Mass Market Paperback]]></format>
  <edition_information><![CDATA[2nd Edition]]></edition_information>
  <ratings_count><![CDATA[19216]]></ratings_count>
  <text_reviews_count><![CDATA[445]]></text_reviews_count>
  <url><![CDATA[https://www.goodreads.com/book/show/108385.Dark_Gold]]></url>
  <link><![CDATA[https://www.goodreads.com/book/show/108385.Dark_Gold]]></link>
  <authors>
<author>
<id>6268</id>
<name>Christine Feehan</name>
<role></role>
<image_url nophoto='false'>
<![CDATA[https://images.gr-assets.com/authors/1422470257p5/6268.jpg]]>
</image_url>
<small_image_url nophoto='false'>
<![CDATA[https://images.gr-assets.com/authors/1422470257p2/6268.jpg]]>
</small_image_url>
<link><![CDATA[https://www.goodreads.com/author/show/6268.Christine_Feehan]]></link>
<average_rating>4.23</average_rating>
<ratings_count>735706</ratings_count>
<text_reviews_count>26722</text_reviews_count>
</author>
</authors>

    <reviews_widget>
      <![CDATA[
        <style>
  #goodreads-widget {
    font-family: georgia, serif;
    padding: 18px 0;
    width:565px;
  }
  #goodreads-widget h1 {
    font-weight:normal;
    font-size: 16px;
    border-bottom: 1px solid #BBB596;
    margin-bottom: 0;
  }
  #goodreads-widget a {
    text-decoration: none;
    color:#660;
  }
  iframe{
    background-color: #fff;
  }
  #goodreads-widget a:hover { text-decoration: underline; }
  #goodreads-widget a:active {
    color:#660;
  }
  #gr_footer {
    width: 100%;
    border-top: 1px solid #BBB596;
    text-align: right;
  }
  #goodreads-widget .gr_branding{
    color: #382110;
    font-size: 11px;
    text-decoration: none;
    font-family: "Helvetica Neue", Helvetica, Arial, sans-serif;
  }
</style>
<div id="goodreads-widget">
  <div id="gr_header"><h1><a rel="nofollow" href="https://www.goodreads.com/book/show/108385.Dark_Gold">Dark Gold Reviews</a></h1></div>
  <iframe id="the_iframe" src="https://www.goodreads.com/api/reviews_widget_iframe?did=DEVELOPER_ID&amp;format=html&amp;isbn=0843958448&amp;links=660&amp;min_rating=&amp;review_back=fff&amp;stars=000&amp;text=000" width="565" height="400" frameborder="0"></iframe>
  <div id="gr_footer">
    <a class="gr_branding" target="_blank" rel="nofollow" href="https://www.goodreads.com/book/show/108385.Dark_Gold?utm_medium=api&amp;utm_source=reviews_widget">Reviews from Goodreads.com</a>
  </div>
</div>

      ]]>
    </reviews_widget>
  <popular_shelves>
      <shelf name="to-read" count="2166"/>
      <shelf name="romance" count="415"/>
      <shelf name="paranormal" count="407"/>
      <shelf name="vampires" count="294"/>
      <shelf name="vampire" count="200"/>
      <shelf name="paranormal-romance" count="159"/>
      <shelf name="christine-feehan" count="147"/>
      <shelf name="currently-reading" count="136"/>
      <shelf name="fantasy" count="114"/>
      <shelf name="series" count="102"/>
      <shelf name="favorites" count="97"/>
      <shelf name="carpathians" count="96"/>
      <shelf name="dark-series" count="83"/>
      <shelf name="default" count="82"/>
      <shelf name="owned" count="73"/>
      <shelf name="books-i-own" count="65"/>
      <shelf name="feehan" count="56"/>
      <shelf name="pnr" count="54"/>
      <shelf name="fiction" count="52"/>
      <shelf name="adult" count="45"/>
      <shelf name="feehan-christine" count="42"/>
      <shelf name="romance-paranormal" count="33"/>
      <shelf name="audiobook" count="31"/>
      <shelf name="supernatural" count="31"/>
      <shelf name="urban-fantasy" count="30"/>
      <shelf name="dark" count="30"/>
      <shelf name="carpathian" count="29"/>
      <shelf name="kindle" count="28"/>
      <shelf name="contemporary" count="27"/>
      <shelf name="library" count="25"/>
      <shelf name="ebooks" count="22"/>
      <shelf name="ebook" count="22"/>
      <shelf name="part-of-a-series" count="21"/>
      <shelf name="paperback" count="20"/>
      <shelf name="shapeshifters" count="20"/>
      <shelf name="carpathian-series" count="20"/>
      <shelf name="audiobooks" count="18"/>
      <shelf name="owned-books" count="18"/>
      <shelf name="audio" count="18"/>
      <shelf name="erotica" count="18"/>
      <shelf name="vampire-romance" count="18"/>
      <shelf name="my-books" count="15"/>
      <shelf name="shifters" count="15"/>
      <shelf name="fantasy-romance" count="15"/>
      <shelf name="alpha-male" count="15"/>
      <shelf name="to-buy" count="15"/>
      <shelf name="magic" count="14"/>
      <shelf name="vamps" count="13"/>
      <shelf name="suspense" count="12"/>
      <shelf name="nook" count="12"/>
      <shelf name="m-f" count="12"/>
      <shelf name="carpathians-series" count="12"/>
      <shelf name="audio-books" count="11"/>
      <shelf name="mf" count="11"/>
      <shelf name="read-in-2010" count="11"/>
      <shelf name="paranormal-fantasy" count="11"/>
      <shelf name="re-read" count="11"/>
      <shelf name="wish-list" count="11"/>
      <shelf name="books" count="10"/>
      <shelf name="c-feehan" count="10"/>
      <shelf name="adult-fiction" count="10"/>
      <shelf name="feehan--christine" count="10"/>
      <shelf name="vampire-books" count="10"/>
      <shelf name="fantasy-paranormal" count="9"/>
      <shelf name="my-library" count="9"/>
      <shelf name="vamp" count="9"/>
      <shelf name="virgin-heroine" count="9"/>
      <shelf name="psychic" count="9"/>
      <shelf name="supernatural-romance" count="9"/>
      <shelf name="sci-fi-fantasy" count="9"/>
      <shelf name="author-christine-feehan" count="9"/>
      <shelf name="paranormal-vampires" count="9"/>
      <shelf name="shapeshifter" count="8"/>
      <shelf name="i-own" count="8"/>
      <shelf name="shelfari-wishlist" count="7"/>
      <shelf name="have" count="7"/>
      <shelf name="erotic" count="7"/>
      <shelf name="favorite-series" count="7"/>
      <shelf name="own-ebook" count="7"/>
      <shelf name="favorite-authors" count="7"/>
      <shelf name="pnr-uf" count="7"/>
      <shelf name="e-books" count="7"/>
      <shelf name="christine-feehan-dark" count="7"/>
      <shelf name="erotic-romance" count="7"/>
      <shelf name="own-it" count="7"/>
      <shelf name="audio-book" count="7"/>
      <shelf name="christine-feehan-dark-series" count="7"/>
      <shelf name="shifter" count="7"/>
      <shelf name="library-book" count="7"/>
      <shelf name="paranormal-urban-fantasy" count="7"/>
      <shelf name="finished" count="7"/>
      <shelf name="read-in-2016" count="6"/>
      <shelf name="read-in-2014" count="6"/>
      <shelf name="action" count="6"/>
      <shelf name="calibre" count="6"/>
      <shelf name="paranormal-series" count="6"/>
      <shelf name="3-stars" count="6"/>
      <shelf name="favourites" count="6"/>
      <shelf name="contemporary-romance" count="6"/>
      <shelf name="m-f-romance" count="6"/>
  </popular_shelves>
  <book_links>
    <book_link>
  <id>8</id>
  <name>Libraries</name>
  <link>https://www.goodreads.com/book_link/follow/8</link>
</book_link>

  </book_links>
  <buy_links>
    <buy_link>
<id>1</id>
<name>Amazon</name>
<link>https://www.goodreads.com/book_link/follow/1</link>
</buy_link>
<buy_link>
<id>10</id>
<name>Audible</name>
<link>https://www.goodreads.com/book_link/follow/10</link>
</buy_link>
<buy_link>
<id>3</id>
<name>Barnes &amp; Noble</name>
<link>https://www.goodreads.com/book_link/follow/3</link>
</buy_link>
<buy_link>
<id>1027</id>
<name>Kobo</name>
<link>https://www.goodreads.com/book_link/follow/1027</link>
</buy_link>
<buy_link>
<id>2102</id>
<name>Apple iBooks</name>
<link>https://www.goodreads.com/book_link/follow/2102</link>
</buy_link>
<buy_link>
<id>8036</id>
<name>Google Play</name>
<link>https://www.goodreads.com/book_link/follow/8036</link>
</buy_link>
<buy_link>
<id>4</id>
<name>Abebooks</name>
<link>https://www.goodreads.com/book_link/follow/4</link>
</buy_link>
<buy_link>
<id>882</id>
<name>Book Depository</name>
<link>https://www.goodreads.com/book_link/follow/882</link>
</buy_link>
<buy_link>
<id>9</id>
<name>Indigo</name>
<link>https://www.goodreads.com/book_link/follow/9</link>
</buy_link>
<buy_link>
<id>2</id>
<name>Half.com</name>
<link>https://www.goodreads.com/book_link/follow/2</link>
</buy_link>
<buy_link>
<id>5</id>
<name>Alibris</name>
<link>https://www.goodreads.com/book_link/follow/5</link>
</buy_link>
<buy_link>
<id>107</id>
<name>Better World Books</name>
<link>https://www.goodreads.com/book_link/follow/107</link>
</buy_link>
<buy_link>
<id>7</id>
<name>IndieBound</name>
<link>https://www.goodreads.com/book_link/follow/7</link>
</buy_link>

  </buy_links>
  <series_works>
    <series_work>
<id>164705</id>
<user_position>3</user_position>
<series>
<id>41089</id>
<title>
<![CDATA[
    Dark
]]>
</title>
<description>
<![CDATA[
    Christine Feehan's ongoing series follows the stories of the Carpathians, an ancient, near-immortal race of powerful beings who mate for life and bear the distinctive traits of familiar folklore figures. Without their lifemates, and facing a scarcity of females, male Carpathians live a cold, colorless existence fighting encroaching madness.
    
    When their solitary prince discovers a possible lifemate in a unique human woman, the Carpathians realize there may yet be hope of saving their species from extinction and sparing innocent lives from those fully-crazed males: vampires.
]]>
</description>
<note>
<![CDATA[
    Per her official website, Feehan terms this the "Dark Series" not "Dark Carpathians" or "Carpathians."
    
    http://www.christinefeehan.com/dark_series
]]>
</note>
<series_works_count>46</series_works_count>
<primary_work_count>31</primary_work_count>
<numbered>true</numbered>
</series>

</series_work>

  </series_works>
  <similar_books>
          <book>
<id>490216</id>
<title>After Twilight (Dark, #7)</title>
<title_without_series>After Twilight</title_without_series>
<link><![CDATA[https://www.goodreads.com/book/show/490216.After_Twilight]]></link>
<small_image_url><![CDATA[https://images.gr-assets.com/books/1327939643s/490216.jpg]]></small_image_url>
<image_url><![CDATA[https://images.gr-assets.com/books/1327939643m/490216.jpg]]></image_url>
<num_pages>395</num_pages>
<work>
<id>478447</id>
</work>
<isbn>0505524503</isbn>
<isbn13>9780505524508</isbn13>
<average_rating>4.17</average_rating>
<ratings_count>6969</ratings_count>
<publication_year>2001</publication_year>
<publication_month>9</publication_month>
<publication_day>10</publication_day>
<authors>
<author>
<id>48190</id>
<name>Amanda Ashley</name>
<link><![CDATA[https://www.goodreads.com/author/show/48190.Amanda_Ashley]]></link>
</author>
</authors>
</book>

          <book>
<id>387061</id>
<title><![CDATA[Tall, Dark & Hungry (Argeneau #4)]]></title>
<title_without_series>Tall, Dark &amp; Hungry</title_without_series>
<link><![CDATA[https://www.goodreads.com/book/show/387061.Tall_Dark_Hungry]]></link>
<small_image_url><![CDATA[https://images.gr-assets.com/books/1354343523s/387061.jpg]]></small_image_url>
<image_url><![CDATA[https://images.gr-assets.com/books/1354343523m/387061.jpg]]></image_url>
<num_pages>372</num_pages>
<work>
<id>376701</id>
</work>
<isbn>0505525836</isbn>
<isbn13>9780505525833</isbn13>
<average_rating>4.20</average_rating>
<ratings_count>16314</ratings_count>
<publication_year>2004</publication_year>
<publication_month>7</publication_month>
<publication_day>6</publication_day>
<authors>
<author>
<id>17059</id>
<name>Lynsay Sands</name>
<link><![CDATA[https://www.goodreads.com/author/show/17059.Lynsay_Sands]]></link>
</author>
</authors>
</book>

          <book>
<id>1017306</id>
<title>I Thirst for You (Primes, #2)</title>
<title_without_series>I Thirst for You</title_without_series>
<link><![CDATA[https://www.goodreads.com/book/show/1017306.I_Thirst_for_You]]></link>
<small_image_url><![CDATA[https://s.gr-assets.com/assets/nophoto/book/50x75-a91bf249278a81aabab721ef782c4a74.png]]></small_image_url>
<image_url><![CDATA[https://s.gr-assets.com/assets/nophoto/book/111x148-bcc042a9c91a29c1d680899eff700a03.png]]></image_url>
<num_pages>325</num_pages>
<work>
<id>1282544</id>
</work>
<isbn>1416523545</isbn>
<isbn13>9781416523543</isbn13>
<average_rating>3.98</average_rating>
<ratings_count>1906</ratings_count>
<publication_year>2006</publication_year>
<publication_month>3</publication_month>
<publication_day>28</publication_day>
<authors>
<author>
<id>88608</id>
<name>Susan Sizemore</name>
<link><![CDATA[https://www.goodreads.com/author/show/88608.Susan_Sizemore]]></link>
</author>
</authors>
</book>

          <book>
<id>19910</id>
<title><![CDATA[Master of Wolves (Mageverse, #3)]]></title>
<title_without_series>Master of Wolves</title_without_series>
<link><![CDATA[https://www.goodreads.com/book/show/19910.Master_of_Wolves]]></link>
<small_image_url><![CDATA[https://images.gr-assets.com/books/1373166700s/19910.jpg]]></small_image_url>
<image_url><![CDATA[https://images.gr-assets.com/books/1373166700m/19910.jpg]]></image_url>
<num_pages>294</num_pages>
<work>
<id>21109</id>
</work>
<isbn>0425207439</isbn>
<isbn13>9780425207437</isbn13>
<average_rating>4.18</average_rating>
<ratings_count>3687</ratings_count>
<publication_year>2006</publication_year>
<publication_month>4</publication_month>
<publication_day>4</publication_day>
<authors>
<author>
<id>23</id>
<name>Angela Knight</name>
<link><![CDATA[https://www.goodreads.com/author/show/23.Angela_Knight]]></link>
</author>
</authors>
</book>

          <book>
<id>38522</id>
<title><![CDATA[Love at First Bite (Dark-Hunter #6.5; Wild Wulfs of London #2.5; Companion #3.5)]]></title>
<title_without_series>Love at First Bite</title_without_series>
<link><![CDATA[https://www.goodreads.com/book/show/38522.Love_at_First_Bite]]></link>
<small_image_url><![CDATA[https://s.gr-assets.com/assets/nophoto/book/50x75-a91bf249278a81aabab721ef782c4a74.png]]></small_image_url>
<image_url><![CDATA[https://s.gr-assets.com/assets/nophoto/book/111x148-bcc042a9c91a29c1d680899eff700a03.png]]></image_url>
<num_pages>373</num_pages>
<work>
<id>38284</id>
</work>
<isbn>0312349297</isbn>
<isbn13>9780312349295</isbn13>
<average_rating>4.05</average_rating>
<ratings_count>7774</ratings_count>
<publication_year>2006</publication_year>
<publication_month>10</publication_month>
<publication_day>3</publication_day>
<authors>
<author>
<id>4430</id>
<name>Sherrilyn Kenyon</name>
<link><![CDATA[https://www.goodreads.com/author/show/4430.Sherrilyn_Kenyon]]></link>
</author>
</authors>
</book>

          <book>
<id>732242</id>
<title>Night Lost (Darkyn #4)</title>
<title_without_series>Night Lost</title_without_series>
<link><![CDATA[https://www.goodreads.com/book/show/732242.Night_Lost]]></link>
<small_image_url><![CDATA[https://s.gr-assets.com/assets/nophoto/book/50x75-a91bf249278a81aabab721ef782c4a74.png]]></small_image_url>
<image_url><![CDATA[https://s.gr-assets.com/assets/nophoto/book/111x148-bcc042a9c91a29c1d680899eff700a03.png]]></image_url>
<num_pages>287</num_pages>
<work>
<id>718432</id>
</work>
<isbn>0451221028</isbn>
<isbn13>9780451221025</isbn13>
<average_rating>4.11</average_rating>
<ratings_count>3839</ratings_count>
<publication_year>2007</publication_year>
<publication_month>5</publication_month>
<publication_day>1</publication_day>
<authors>
<author>
<id>241301</id>
<name>Lynn Viehl</name>
<link><![CDATA[https://www.goodreads.com/author/show/241301.Lynn_Viehl]]></link>
</author>
</authors>
</book>

          <book>
<id>357788</id>
<title><![CDATA[Embrace the Twilight (Wings in the Night, #8)]]></title>
<title_without_series>Embrace the Twilight</title_without_series>
<link><![CDATA[https://www.goodreads.com/book/show/357788.Embrace_the_Twilight]]></link>
<small_image_url><![CDATA[https://s.gr-assets.com/assets/nophoto/book/50x75-a91bf249278a81aabab721ef782c4a74.png]]></small_image_url>
<image_url><![CDATA[https://s.gr-assets.com/assets/nophoto/book/111x148-bcc042a9c91a29c1d680899eff700a03.png]]></image_url>
<num_pages>392</num_pages>
<work>
<id>347933</id>
</work>
<isbn>0778322645</isbn>
<isbn13>9780778322641</isbn13>
<average_rating>4.12</average_rating>
<ratings_count>1487</ratings_count>
<publication_year>2006</publication_year>
<publication_month>9</publication_month>
<publication_day>1</publication_day>
<authors>
<author>
<id>17064</id>
<name>Maggie Shayne</name>
<link><![CDATA[https://www.goodreads.com/author/show/17064.Maggie_Shayne]]></link>
</author>
</authors>
</book>

          <book>
<id>1388813</id>
<title><![CDATA[Midnight Awakening (Midnight Breed, #3)]]></title>
<title_without_series>Midnight Awakening</title_without_series>
<link><![CDATA[https://www.goodreads.com/book/show/1388813.Midnight_Awakening]]></link>
<small_image_url><![CDATA[https://images.gr-assets.com/books/1343539714s/1388813.jpg]]></small_image_url>
<image_url><![CDATA[https://images.gr-assets.com/books/1343539714m/1388813.jpg]]></image_url>
<num_pages>369</num_pages>
<work>
<id>1378890</id>
</work>
<isbn>0553589393</isbn>
<isbn13>9780553589399</isbn13>
<average_rating>4.25</average_rating>
<ratings_count>36747</ratings_count>
<publication_year>2007</publication_year>
<publication_month>11</publication_month>
<publication_day>27</publication_day>
<authors>
<author>
<id>375626</id>
<name>Lara Adrian</name>
<link><![CDATA[https://www.goodreads.com/author/show/375626.Lara_Adrian]]></link>
</author>
</authors>
</book>

  </similar_books>
</book>

</GoodreadsResponse>