<?xml version="1.0" encoding="UTF-8"?>
<GoodreadsResponse>
  <Request>
    <authentication>true</authentication>
      <key><![CDATA[all_men_must_serve]]></key>
    <method><![CDATA[book_show]]></method>
  </Request>
  <book>
  <id>10830444</id>
  <title>Guilty Wives</title>
  <isbn><![CDATA[]]></isbn>
  <isbn13><![CDATA[]]></isbn13>
  <asin><![CDATA[]]></asin>
  <kindle_asin><![CDATA[]]></kindle_asin>
  <marketplace_id><![CDATA[]]></marketplace_id>
  <country_code><![CDATA[GB]]></country_code>
  <image_url>https://s.gr-assets.com/assets/nophoto/book/111x148-bcc042a9c91a29c1d680899eff700a03.png</image_url>
  <small_image_url>https://s.gr-assets.com/assets/nophoto/book/50x75-a91bf249278a81aabab721ef782c4a74.png</small_image_url>
  <publication_year>2012</publication_year>
  <publication_month>3</publication_month>
  <publication_day>26</publication_day>
  <publisher>Little, Brown and Company</publisher>
  <language_code>eng</language_code>
  <is_ebook>true</is_ebook>
  <description><![CDATA[No husbands allowed <p>Only minutes after Abbie Elliot and her three best friends step off of a private helicopter, they enter the most luxurious, sumptuous, sensually pampering hotel they have ever been to. Their lavish presidential suite overlooks Monte Carlo, and they surrender: to the sun and pool, to the sashimi and sake, to the Bruno Paillard champagne. For four days they're free to live someone else's life. As the weekend moves into pulsating discos, high-stakes casinos, and beyond, Abbie is transported to the greatest pleasure and release she has ever known.</p><p>What happened last night?</p><p>In the morning's harsh light, Abbie awakens on a yacht, surrounded by police. Something awful has happenedsomething impossible, unthinkable. Abbie, Winnie, Serena, and Bryah are arrested and accused of the foulest crime imaginable. And now the vacation of a lifetime becomes the fight of a lifetime &amp; for survival. GUILTY WIVES is the ultimate indulgence, the kind of nonstop joy-ride of excess, friendship, betrayal, and danger that only James Patterson can create.</p>]]></description>
  <work>
  <id type="integer">15744431</id>
  <books_count type="integer">42</books_count>
  <best_book_id type="integer">10830444</best_book_id>
  <reviews_count type="integer">48327</reviews_count>
  <ratings_sum type="integer">101889</ratings_sum>
  <ratings_count type="integer">26637</ratings_count>
  <text_reviews_count type="integer">2530</text_reviews_count>
  <original_publication_year type="integer">2012</original_publication_year>
  <original_publication_month type="integer">3</original_publication_month>
  <original_publication_day type="integer">26</original_publication_day>
  <original_title>Guilty Wives</original_title>
  <original_language_id type="integer" nil="true"/>
  <media_type>book</media_type>
  <rating_dist>5:7962|4:9553|3:6440|2:1865|1:817|total:26637</rating_dist>
  <desc_user_id type="integer">-46</desc_user_id>
  <default_chaptering_book_id type="integer" nil="true"/>
  <default_description_language_code nil="true"/>
</work>
  <average_rating>3.83</average_rating>
  <num_pages><![CDATA[455]]></num_pages>
  <format><![CDATA[Kindle Edition]]></format>
  <edition_information><![CDATA[]]></edition_information>
  <ratings_count><![CDATA[22673]]></ratings_count>
  <text_reviews_count><![CDATA[2153]]></text_reviews_count>
  <url><![CDATA[https://www.goodreads.com/book/show/10830444-guilty-wives]]></url>
  <link><![CDATA[https://www.goodreads.com/book/show/10830444-guilty-wives]]></link>
  <authors>
<author>
<id>3780</id>
<name>James Patterson</name>
<role></role>
<image_url nophoto='false'>
<![CDATA[https://images.gr-assets.com/authors/1468347205p5/3780.jpg]]>
</image_url>
<small_image_url nophoto='false'>
<![CDATA[https://images.gr-assets.com/authors/1468347205p2/3780.jpg]]>
</small_image_url>
<link><![CDATA[https://www.goodreads.com/author/show/3780.James_Patterson]]></link>
<average_rating>3.97</average_rating>
<ratings_count>4601862</ratings_count>
<text_reviews_count>214824</text_reviews_count>
</author>
<author>
<id>4490971</id>
<name>David Ellis</name>
<role></role>
<image_url nophoto='false'>
<![CDATA[https://images.gr-assets.com/authors/1303677482p5/4490971.jpg]]>
</image_url>
<small_image_url nophoto='false'>
<![CDATA[https://images.gr-assets.com/authors/1303677482p2/4490971.jpg]]>
</small_image_url>
<link><![CDATA[https://www.goodreads.com/author/show/4490971.David_Ellis]]></link>
<average_rating>3.91</average_rating>
<ratings_count>95458</ratings_count>
<text_reviews_count>9985</text_reviews_count>
</author>
</authors>

    <reviews_widget>
      <![CDATA[
        <style>
  #goodreads-widget {
    font-family: georgia, serif;
    padding: 18px 0;
    width:565px;
  }
  #goodreads-widget h1 {
    font-weight:normal;
    font-size: 16px;
    border-bottom: 1px solid #BBB596;
    margin-bottom: 0;
  }
  #goodreads-widget a {
    text-decoration: none;
    color:#660;
  }
  iframe{
    background-color: #fff;
  }
  #goodreads-widget a:hover { text-decoration: underline; }
  #goodreads-widget a:active {
    color:#660;
  }
  #gr_footer {
    width: 100%;
    border-top: 1px solid #BBB596;
    text-align: right;
  }
  #goodreads-widget .gr_branding{
    color: #382110;
    font-size: 11px;
    text-decoration: none;
    font-family: "Helvetica Neue", Helvetica, Arial, sans-serif;
  }
</style>
<div id="goodreads-widget">
  <div id="gr_header"><h1><a rel="nofollow" href="https://www.goodreads.com/book/show/10830444-guilty-wives">Guilty Wives Reviews</a></h1></div>
  <iframe id="the_iframe" src="https://www.goodreads.com/api/reviews_widget_iframe?did=DEVELOPER_ID&amp;format=html&amp;links=660&amp;min_rating=&amp;review_back=fff&amp;stars=000&amp;text=000" width="565" height="400" frameborder="0"></iframe>
  <div id="gr_footer">
    <a class="gr_branding" target="_blank" rel="nofollow" href="https://www.goodreads.com/book/show/10830444-guilty-wives?utm_medium=api&amp;utm_source=reviews_widget">Reviews from Goodreads.com</a>
  </div>
</div>

      ]]>
    </reviews_widget>
  <popular_shelves>
      <shelf name="to-read" count="993"/>
      <shelf name="currently-reading" count="646"/>
      <shelf name="james-patterson" count="447"/>
      <shelf name="mystery" count="176"/>
      <shelf name="fiction" count="123"/>
      <shelf name="patterson" count="83"/>
      <shelf name="thriller" count="78"/>
      <shelf name="default" count="61"/>
      <shelf name="suspense" count="54"/>
      <shelf name="favorites" count="47"/>
      <shelf name="crime" count="41"/>
      <shelf name="audio" count="40"/>
      <shelf name="book-club" count="40"/>
      <shelf name="mystery-thriller" count="37"/>
      <shelf name="library" count="36"/>
      <shelf name="books-i-own" count="36"/>
      <shelf name="owned" count="36"/>
      <shelf name="audiobook" count="35"/>
      <shelf name="audiobooks" count="34"/>
      <shelf name="patterson-james" count="32"/>
      <shelf name="read-in-2012" count="29"/>
      <shelf name="read-2012" count="29"/>
      <shelf name="audio-books" count="26"/>
      <shelf name="kindle" count="25"/>
      <shelf name="mystery-suspense" count="24"/>
      <shelf name="to-buy" count="20"/>
      <shelf name="audio-book" count="19"/>
      <shelf name="read-in-2013" count="19"/>
      <shelf name="adult" count="18"/>
      <shelf name="my-books" count="16"/>
      <shelf name="thrillers" count="16"/>
      <shelf name="betrayal" count="15"/>
      <shelf name="ebooks" count="15"/>
      <shelf name="contemporary" count="13"/>
      <shelf name="audible" count="13"/>
      <shelf name="my-library" count="13"/>
      <shelf name="read-2013" count="12"/>
      <shelf name="i-own" count="12"/>
      <shelf name="finished" count="12"/>
      <shelf name="chick-lit" count="11"/>
      <shelf name="wish-list" count="11"/>
      <shelf name="owned-books" count="11"/>
      <shelf name="murder-mystery" count="10"/>
      <shelf name="james-patterson-books" count="10"/>
      <shelf name="crime-fiction" count="10"/>
      <shelf name="suspense-thriller" count="9"/>
      <shelf name="2012-reads" count="9"/>
      <shelf name="adult-fiction" count="9"/>
      <shelf name="thriller-mystery" count="9"/>
      <shelf name="have" count="9"/>
      <shelf name="crime-thriller" count="9"/>
      <shelf name="thriller-suspense" count="9"/>
      <shelf name="2012-books" count="9"/>
      <shelf name="imprisonment" count="8"/>
      <shelf name="frame-up" count="8"/>
      <shelf name="abandoned" count="8"/>
      <shelf name="library-book" count="7"/>
      <shelf name="france" count="7"/>
      <shelf name="didn-t-finish" count="7"/>
      <shelf name="books-read-in-2012" count="7"/>
      <shelf name="library-books" count="7"/>
      <shelf name="read-in-2014" count="7"/>
      <shelf name="did-not-finish" count="7"/>
      <shelf name="ebook" count="7"/>
      <shelf name="james-patterson-read" count="7"/>
      <shelf name="nook" count="7"/>
      <shelf name="crime-mystery" count="7"/>
      <shelf name="mysteries" count="7"/>
      <shelf name="overdrive" count="6"/>
      <shelf name="e-books" count="6"/>
      <shelf name="calibre" count="6"/>
      <shelf name="2013-books" count="6"/>
      <shelf name="j-patterson" count="6"/>
      <shelf name="drama" count="6"/>
      <shelf name="listened-to" count="6"/>
      <shelf name="read-2015" count="5"/>
      <shelf name="suspense-mystery" count="5"/>
      <shelf name="james" count="5"/>
      <shelf name="4-stars" count="5"/>
      <shelf name="own-to-read" count="5"/>
      <shelf name="books-i-have" count="5"/>
      <shelf name="favourites" count="5"/>
      <shelf name="favorite-authors" count="5"/>
      <shelf name="stand-alone" count="5"/>
      <shelf name="david-ellis" count="5"/>
      <shelf name="couldn-t-finish" count="5"/>
      <shelf name="james-patterson-to-read" count="5"/>
      <shelf name="read-in-2016" count="4"/>
      <shelf name="bookshelf" count="4"/>
      <shelf name="read-2016" count="4"/>
      <shelf name="read-in-2015" count="4"/>
      <shelf name="never-finished" count="4"/>
      <shelf name="mystery-suspense-thriller" count="4"/>
      <shelf name="dnf" count="4"/>
      <shelf name="prison" count="4"/>
      <shelf name="books" count="4"/>
      <shelf name="james-patterson-stand-alone" count="4"/>
      <shelf name="books-read-in-2013" count="4"/>
      <shelf name="need-to-buy" count="4"/>
      <shelf name="mystery-crime" count="4"/>
  </popular_shelves>
  <book_links>
    <book_link>
  <id>8</id>
  <name>Libraries</name>
  <link>https://www.goodreads.com/book_link/follow/8</link>
</book_link>

  </book_links>
  <buy_links>
    <buy_link>
<id>1</id>
<name>Amazon</name>
<link>https://www.goodreads.com/book_link/follow/1</link>
</buy_link>
<buy_link>
<id>10</id>
<name>Audible</name>
<link>https://www.goodreads.com/book_link/follow/10</link>
</buy_link>
<buy_link>
<id>3</id>
<name>Barnes &amp; Noble</name>
<link>https://www.goodreads.com/book_link/follow/3</link>
</buy_link>
<buy_link>
<id>1027</id>
<name>Kobo</name>
<link>https://www.goodreads.com/book_link/follow/1027</link>
</buy_link>
<buy_link>
<id>2102</id>
<name>Apple iBooks</name>
<link>https://www.goodreads.com/book_link/follow/2102</link>
</buy_link>
<buy_link>
<id>8036</id>
<name>Google Play</name>
<link>https://www.goodreads.com/book_link/follow/8036</link>
</buy_link>
<buy_link>
<id>4</id>
<name>Abebooks</name>
<link>https://www.goodreads.com/book_link/follow/4</link>
</buy_link>
<buy_link>
<id>882</id>
<name>Book Depository</name>
<link>https://www.goodreads.com/book_link/follow/882</link>
</buy_link>
<buy_link>
<id>9</id>
<name>Indigo</name>
<link>https://www.goodreads.com/book_link/follow/9</link>
</buy_link>
<buy_link>
<id>2</id>
<name>Half.com</name>
<link>https://www.goodreads.com/book_link/follow/2</link>
</buy_link>
<buy_link>
<id>5</id>
<name>Alibris</name>
<link>https://www.goodreads.com/book_link/follow/5</link>
</buy_link>
<buy_link>
<id>107</id>
<name>Better World Books</name>
<link>https://www.goodreads.com/book_link/follow/107</link>
</buy_link>
<buy_link>
<id>7</id>
<name>IndieBound</name>
<link>https://www.goodreads.com/book_link/follow/7</link>
</buy_link>

  </buy_links>
  <series_works>
    
  </series_works>
  <similar_books>
          <book>
<id>9879867</id>
<title>Bermuda Shorts</title>
<title_without_series>Bermuda Shorts</title_without_series>
<link><![CDATA[https://www.goodreads.com/book/show/9879867-bermuda-shorts]]></link>
<small_image_url><![CDATA[https://images.gr-assets.com/books/1344677491s/9879867.jpg]]></small_image_url>
<image_url><![CDATA[https://images.gr-assets.com/books/1344677491m/9879867.jpg]]></image_url>
<num_pages>0</num_pages>
<work>
<id>14771709</id>
</work>
<isbn>0982625111</isbn>
<isbn13>9780982625118</isbn13>
<average_rating>3.51</average_rating>
<ratings_count>89</ratings_count>
<publication_year>2012</publication_year>
<publication_month>4</publication_month>
<publication_day>1</publication_day>
<authors>
<author>
<id>4103380</id>
<name>James J. Patterson</name>
<link><![CDATA[https://www.goodreads.com/author/show/4103380.James_J_Patterson]]></link>
</author>
</authors>
</book>

          <book>
<id>11737271</id>
<title>Stay Close</title>
<title_without_series>Stay Close</title_without_series>
<link><![CDATA[https://www.goodreads.com/book/show/11737271-stay-close]]></link>
<small_image_url><![CDATA[https://s.gr-assets.com/assets/nophoto/book/50x75-a91bf249278a81aabab721ef782c4a74.png]]></small_image_url>
<image_url><![CDATA[https://s.gr-assets.com/assets/nophoto/book/111x148-bcc042a9c91a29c1d680899eff700a03.png]]></image_url>
<num_pages>387</num_pages>
<work>
<id>16686457</id>
</work>
<isbn>0525952276</isbn>
<isbn13>9780525952275</isbn13>
<average_rating>3.87</average_rating>
<ratings_count>32834</ratings_count>
<publication_year>2012</publication_year>
<publication_month>3</publication_month>
<publication_day>20</publication_day>
<authors>
<author>
<id>24689</id>
<name>Harlan Coben</name>
<link><![CDATA[https://www.goodreads.com/author/show/24689.Harlan_Coben]]></link>
</author>
</authors>
</book>

          <book>
<id>13044811</id>
<title>15 Seconds</title>
<title_without_series>15 Seconds</title_without_series>
<link><![CDATA[https://www.goodreads.com/book/show/13044811-15-seconds]]></link>
<small_image_url><![CDATA[https://images.gr-assets.com/books/1331442246s/13044811.jpg]]></small_image_url>
<image_url><![CDATA[https://images.gr-assets.com/books/1331442246m/13044811.jpg]]></image_url>
<num_pages>324</num_pages>
<work>
<id>18209109</id>
</work>
<isbn>006165597X</isbn>
<isbn13>9780061655975</isbn13>
<average_rating>3.71</average_rating>
<ratings_count>4766</ratings_count>
<publication_year></publication_year>
<publication_month></publication_month>
<publication_day></publication_day>
<authors>
<author>
<id>8214</id>
<name>Andrew Gross</name>
<link><![CDATA[https://www.goodreads.com/author/show/8214.Andrew_Gross]]></link>
</author>
</authors>
</book>

          <book>
<id>11720382</id>
<title><![CDATA[Catch Me (Detective D.D. Warren, #6)]]></title>
<title_without_series>Catch Me</title_without_series>
<link><![CDATA[https://www.goodreads.com/book/show/11720382-catch-me]]></link>
<small_image_url><![CDATA[https://images.gr-assets.com/books/1325628802s/11720382.jpg]]></small_image_url>
<image_url><![CDATA[https://images.gr-assets.com/books/1325628802m/11720382.jpg]]></image_url>
<num_pages>400</num_pages>
<work>
<id>16668559</id>
</work>
<isbn>0525952764</isbn>
<isbn13>9780525952763</isbn13>
<average_rating>4.17</average_rating>
<ratings_count>24051</ratings_count>
<publication_year>2012</publication_year>
<publication_month>2</publication_month>
<publication_day>7</publication_day>
<authors>
<author>
<id>18282</id>
<name>Lisa Gardner</name>
<link><![CDATA[https://www.goodreads.com/author/show/18282.Lisa_Gardner]]></link>
</author>
</authors>
</book>

          <book>
<id>33669</id>
<title>The Lazarus Pit</title>
<title_without_series>The Lazarus Pit</title_without_series>
<link><![CDATA[https://www.goodreads.com/book/show/33669.The_Lazarus_Pit]]></link>
<small_image_url><![CDATA[https://s.gr-assets.com/assets/nophoto/book/50x75-a91bf249278a81aabab721ef782c4a74.png]]></small_image_url>
<image_url><![CDATA[https://s.gr-assets.com/assets/nophoto/book/111x148-bcc042a9c91a29c1d680899eff700a03.png]]></image_url>
<num_pages>447</num_pages>
<work>
<id>33721</id>
</work>
<isbn>1420816799</isbn>
<isbn13>9781420816792</isbn13>
<average_rating>3.90</average_rating>
<ratings_count>139</ratings_count>
<publication_year>2005</publication_year>
<publication_month>2</publication_month>
<publication_day>9</publication_day>
<authors>
<author>
<id>2730922</id>
<name>James   Patterson</name>
<link><![CDATA[https://www.goodreads.com/author/show/2730922.James_Patterson]]></link>
</author>
</authors>
</book>

          <book>
<id>10778948</id>
<title><![CDATA[Down the Darkest Road (Oak Knoll, #3)]]></title>
<title_without_series>Down the Darkest Road</title_without_series>
<link><![CDATA[https://www.goodreads.com/book/show/10778948-down-the-darkest-road]]></link>
<small_image_url><![CDATA[https://s.gr-assets.com/assets/nophoto/book/50x75-a91bf249278a81aabab721ef782c4a74.png]]></small_image_url>
<image_url><![CDATA[https://s.gr-assets.com/assets/nophoto/book/111x148-bcc042a9c91a29c1d680899eff700a03.png]]></image_url>
<num_pages>432</num_pages>
<work>
<id>15690818</id>
</work>
<isbn>052595239X</isbn>
<isbn13>9780525952398</isbn13>
<average_rating>4.03</average_rating>
<ratings_count>11264</ratings_count>
<publication_year>2011</publication_year>
<publication_month>12</publication_month>
<publication_day>27</publication_day>
<authors>
<author>
<id>9890</id>
<name>Tami Hoag</name>
<link><![CDATA[https://www.goodreads.com/author/show/9890.Tami_Hoag]]></link>
</author>
</authors>
</book>

          <book>
<id>11038266</id>
<title><![CDATA[Son of Stone (Stone Barrington, #21)]]></title>
<title_without_series>Son of Stone</title_without_series>
<link><![CDATA[https://www.goodreads.com/book/show/11038266-son-of-stone]]></link>
<small_image_url><![CDATA[https://s.gr-assets.com/assets/nophoto/book/50x75-a91bf249278a81aabab721ef782c4a74.png]]></small_image_url>
<image_url><![CDATA[https://s.gr-assets.com/assets/nophoto/book/111x148-bcc042a9c91a29c1d680899eff700a03.png]]></image_url>
<num_pages>320</num_pages>
<work>
<id>15958401</id>
</work>
<isbn>0399157654</isbn>
<isbn13>9780399157653</isbn13>
<average_rating>3.69</average_rating>
<ratings_count>4649</ratings_count>
<publication_year>2011</publication_year>
<publication_month>9</publication_month>
<publication_day>20</publication_day>
<authors>
<author>
<id>3936</id>
<name>Stuart Woods</name>
<link><![CDATA[https://www.goodreads.com/author/show/3936.Stuart_Woods]]></link>
</author>
</authors>
</book>

          <book>
<id>13624050</id>
<title><![CDATA[Nightwatcher (Nightwatcher #1)]]></title>
<title_without_series>Nightwatcher</title_without_series>
<link><![CDATA[https://www.goodreads.com/book/show/13624050-nightwatcher]]></link>
<small_image_url><![CDATA[https://images.gr-assets.com/books/1340384308s/13624050.jpg]]></small_image_url>
<image_url><![CDATA[https://images.gr-assets.com/books/1340384308m/13624050.jpg]]></image_url>
<num_pages></num_pages>
<work>
<id>26687771</id>
</work>
<isbn>0062070282</isbn>
<isbn13>9780062070289</isbn13>
<average_rating>3.87</average_rating>
<ratings_count>990</ratings_count>
<publication_year></publication_year>
<publication_month></publication_month>
<publication_day></publication_day>
<authors>
<author>
<id>31869</id>
<name>Wendy Corsi Staub</name>
<link><![CDATA[https://www.goodreads.com/author/show/31869.Wendy_Corsi_Staub]]></link>
</author>
</authors>
</book>

          <book>
<id>12988463</id>
<title>Betrayal</title>
<title_without_series>Betrayal</title_without_series>
<link><![CDATA[https://www.goodreads.com/book/show/12988463-betrayal]]></link>
<small_image_url><![CDATA[https://s.gr-assets.com/assets/nophoto/book/50x75-a91bf249278a81aabab721ef782c4a74.png]]></small_image_url>
<image_url><![CDATA[https://s.gr-assets.com/assets/nophoto/book/111x148-bcc042a9c91a29c1d680899eff700a03.png]]></image_url>
<num_pages></num_pages>
<work>
<id>16987697</id>
</work>
<isbn></isbn>
<isbn13></isbn13>
<average_rating>3.75</average_rating>
<ratings_count>4868</ratings_count>
<publication_year>2012</publication_year>
<publication_month>3</publication_month>
<publication_day>27</publication_day>
<authors>
<author>
<id>14255</id>
<name>Danielle Steel</name>
<link><![CDATA[https://www.goodreads.com/author/show/14255.Danielle_Steel]]></link>
</author>
</authors>
</book>

          <book>
<id>11746175</id>
<title><![CDATA[Capitol Murder (Dana Cutler, #3)]]></title>
<title_without_series>Capitol Murder</title_without_series>
<link><![CDATA[https://www.goodreads.com/book/show/11746175-capitol-murder]]></link>
<small_image_url><![CDATA[https://s.gr-assets.com/assets/nophoto/book/50x75-a91bf249278a81aabab721ef782c4a74.png]]></small_image_url>
<image_url><![CDATA[https://s.gr-assets.com/assets/nophoto/book/111x148-bcc042a9c91a29c1d680899eff700a03.png]]></image_url>
<num_pages>340</num_pages>
<work>
<id>16695790</id>
</work>
<isbn>0062069888</isbn>
<isbn13>9780062069887</isbn13>
<average_rating>3.80</average_rating>
<ratings_count>2220</ratings_count>
<publication_year>2012</publication_year>
<publication_month>4</publication_month>
<publication_day>3</publication_day>
<authors>
<author>
<id>7153</id>
<name>Phillip Margolin</name>
<link><![CDATA[https://www.goodreads.com/author/show/7153.Phillip_Margolin]]></link>
</author>
</authors>
</book>

          <book>
<id>12025895</id>
<title><![CDATA[Gun Games (Peter Decker/Rina Lazarus, #20)]]></title>
<title_without_series>Gun Games</title_without_series>
<link><![CDATA[https://www.goodreads.com/book/show/12025895-gun-games]]></link>
<small_image_url><![CDATA[https://s.gr-assets.com/assets/nophoto/book/50x75-a91bf249278a81aabab721ef782c4a74.png]]></small_image_url>
<image_url><![CDATA[https://s.gr-assets.com/assets/nophoto/book/111x148-bcc042a9c91a29c1d680899eff700a03.png]]></image_url>
<num_pages></num_pages>
<work>
<id>16991893</id>
</work>
<isbn>0062064320</isbn>
<isbn13>9780062064325</isbn13>
<average_rating>3.85</average_rating>
<ratings_count>4870</ratings_count>
<publication_year></publication_year>
<publication_month></publication_month>
<publication_day></publication_day>
<authors>
<author>
<id>48913</id>
<name>Faye Kellerman</name>
<link><![CDATA[https://www.goodreads.com/author/show/48913.Faye_Kellerman]]></link>
</author>
</authors>
</book>

          <book>
<id>12393699</id>
<title><![CDATA[Oath of Office (Dr. Lou Welcome, #1)]]></title>
<title_without_series>Oath of Office</title_without_series>
<link><![CDATA[https://www.goodreads.com/book/show/12393699-oath-of-office]]></link>
<small_image_url><![CDATA[https://images.gr-assets.com/books/1317794441s/12393699.jpg]]></small_image_url>
<image_url><![CDATA[https://images.gr-assets.com/books/1317794441m/12393699.jpg]]></image_url>
<num_pages>374</num_pages>
<work>
<id>17374825</id>
</work>
<isbn>0312587538</isbn>
<isbn13>9780312587536</isbn13>
<average_rating>3.66</average_rating>
<ratings_count>2511</ratings_count>
<publication_year></publication_year>
<publication_month></publication_month>
<publication_day></publication_day>
<authors>
<author>
<id>110485</id>
<name>Michael Palmer</name>
<link><![CDATA[https://www.goodreads.com/author/show/110485.Michael_Palmer]]></link>
</author>
</authors>
</book>

          <book>
<id>12037026</id>
<title>Come Home</title>
<title_without_series>Come Home</title_without_series>
<link><![CDATA[https://www.goodreads.com/book/show/12037026-come-home]]></link>
<small_image_url><![CDATA[https://s.gr-assets.com/assets/nophoto/book/50x75-a91bf249278a81aabab721ef782c4a74.png]]></small_image_url>
<image_url><![CDATA[https://s.gr-assets.com/assets/nophoto/book/111x148-bcc042a9c91a29c1d680899eff700a03.png]]></image_url>
<num_pages>371</num_pages>
<work>
<id>17003601</id>
</work>
<isbn>0312380828</isbn>
<isbn13>9780312380823</isbn13>
<average_rating>3.56</average_rating>
<ratings_count>14135</ratings_count>
<publication_year>2012</publication_year>
<publication_month>4</publication_month>
<publication_day>10</publication_day>
<authors>
<author>
<id>20258</id>
<name>Lisa Scottoline</name>
<link><![CDATA[https://www.goodreads.com/author/show/20258.Lisa_Scottoline]]></link>
</author>
</authors>
</book>

          <book>
<id>7109143</id>
<title>Without Mercy</title>
<title_without_series>Without Mercy</title_without_series>
<link><![CDATA[https://www.goodreads.com/book/show/7109143-without-mercy]]></link>
<small_image_url><![CDATA[https://s.gr-assets.com/assets/nophoto/book/50x75-a91bf249278a81aabab721ef782c4a74.png]]></small_image_url>
<image_url><![CDATA[https://s.gr-assets.com/assets/nophoto/book/111x148-bcc042a9c91a29c1d680899eff700a03.png]]></image_url>
<num_pages></num_pages>
<work>
<id>7368186</id>
</work>
<isbn>0758225644</isbn>
<isbn13>9780758225641</isbn13>
<average_rating>3.87</average_rating>
<ratings_count>5590</ratings_count>
<publication_year></publication_year>
<publication_month></publication_month>
<publication_day></publication_day>
<authors>
<author>
<id>13757</id>
<name>Lisa Jackson</name>
<link><![CDATA[https://www.goodreads.com/author/show/13757.Lisa_Jackson]]></link>
</author>
</authors>
</book>

          <book>
<id>2354961</id>
<title><![CDATA[The Murderers' Club (Sophie Anderson, #2)]]></title>
<title_without_series>The Murderers&apos; Club</title_without_series>
<link><![CDATA[https://www.goodreads.com/book/show/2354961.The_Murderers_Club]]></link>
<small_image_url><![CDATA[https://s.gr-assets.com/assets/nophoto/book/50x75-a91bf249278a81aabab721ef782c4a74.png]]></small_image_url>
<image_url><![CDATA[https://s.gr-assets.com/assets/nophoto/book/111x148-bcc042a9c91a29c1d680899eff700a03.png]]></image_url>
<num_pages>376</num_pages>
<work>
<id>2361686</id>
</work>
<isbn>0778324419</isbn>
<isbn13>9780778324416</isbn13>
<average_rating>3.76</average_rating>
<ratings_count>443</ratings_count>
<publication_year>2007</publication_year>
<publication_month>12</publication_month>
<publication_day>1</publication_day>
<authors>
<author>
<id>329526</id>
<name>P.D. Martin</name>
<link><![CDATA[https://www.goodreads.com/author/show/329526.P_D_Martin]]></link>
</author>
</authors>
</book>

          <book>
<id>12716613</id>
<title>The Witness</title>
<title_without_series>The Witness</title_without_series>
<link><![CDATA[https://www.goodreads.com/book/show/12716613-the-witness]]></link>
<small_image_url><![CDATA[https://images.gr-assets.com/books/1329921937s/12716613.jpg]]></small_image_url>
<image_url><![CDATA[https://images.gr-assets.com/books/1329921937m/12716613.jpg]]></image_url>
<num_pages>757</num_pages>
<work>
<id>17851429</id>
</work>
<isbn>0399159371</isbn>
<isbn13>9780399159374</isbn13>
<average_rating>4.19</average_rating>
<ratings_count>49469</ratings_count>
<publication_year></publication_year>
<publication_month></publication_month>
<publication_day></publication_day>
<authors>
<author>
<id>625</id>
<name>Nora Roberts</name>
<link><![CDATA[https://www.goodreads.com/author/show/625.Nora_Roberts]]></link>
</author>
</authors>
</book>

          <book>
<id>12022496</id>
<title>Victims (Alex Delaware, #27)</title>
<title_without_series>Victims</title_without_series>
<link><![CDATA[https://www.goodreads.com/book/show/12022496-victims]]></link>
<small_image_url><![CDATA[https://images.gr-assets.com/books/1313220531s/12022496.jpg]]></small_image_url>
<image_url><![CDATA[https://images.gr-assets.com/books/1313220531m/12022496.jpg]]></image_url>
<num_pages>338</num_pages>
<work>
<id>17079585</id>
</work>
<isbn>0345505719</isbn>
<isbn13>9780345505712</isbn13>
<average_rating>3.94</average_rating>
<ratings_count>12561</ratings_count>
<publication_year>2012</publication_year>
<publication_month>2</publication_month>
<publication_day>28</publication_day>
<authors>
<author>
<id>43626</id>
<name>Jonathan Kellerman</name>
<link><![CDATA[https://www.goodreads.com/author/show/43626.Jonathan_Kellerman]]></link>
</author>
</authors>
</book>

          <book>
<id>12999076</id>
<title><![CDATA[Close Your Eyes (Kendra Michael, #1)]]></title>
<title_without_series>Close Your Eyes</title_without_series>
<link><![CDATA[https://www.goodreads.com/book/show/12999076-close-your-eyes]]></link>
<small_image_url><![CDATA[https://s.gr-assets.com/assets/nophoto/book/50x75-a91bf249278a81aabab721ef782c4a74.png]]></small_image_url>
<image_url><![CDATA[https://s.gr-assets.com/assets/nophoto/book/111x148-bcc042a9c91a29c1d680899eff700a03.png]]></image_url>
<num_pages>368</num_pages>
<work>
<id>18159819</id>
</work>
<isbn>0312611617</isbn>
<isbn13>9780312611613</isbn13>
<average_rating>3.96</average_rating>
<ratings_count>4879</ratings_count>
<publication_year>2012</publication_year>
<publication_month>7</publication_month>
<publication_day>17</publication_day>
<authors>
<author>
<id>32498</id>
<name>Iris Johansen</name>
<link><![CDATA[https://www.goodreads.com/author/show/32498.Iris_Johansen]]></link>
</author>
</authors>
</book>

  </similar_books>
</book>

</GoodreadsResponse>