<?xml version="1.0" encoding="UTF-8"?>
<GoodreadsResponse>
  <Request>
    <authentication>true</authentication>
      <key><![CDATA[all_men_must_serve]]></key>
    <method><![CDATA[book_show]]></method>
  </Request>
  <book>
  <id>10836813</id>
  <title>The Time in Between</title>
  <isbn><![CDATA[1451616880]]></isbn>
  <isbn13><![CDATA[9781451616880]]></isbn13>
  <asin><![CDATA[]]></asin>
  <kindle_asin><![CDATA[]]></kindle_asin>
  <marketplace_id><![CDATA[]]></marketplace_id>
  <country_code><![CDATA[GB]]></country_code>
  <image_url>https://images.gr-assets.com/books/1319148738m/10836813.jpg</image_url>
  <small_image_url>https://images.gr-assets.com/books/1319148738s/10836813.jpg</small_image_url>
  <publication_year>2011</publication_year>
  <publication_month>11</publication_month>
  <publication_day>8</publication_day>
  <publisher>Atria Books</publisher>
  <language_code>eng</language_code>
  <is_ebook>false</is_ebook>
  <description><![CDATA[<i>The Time In Between</i> is a word-of-mouth phenomenon that catapulted María Dueñas, a debut author, to the top of Spain's bestseller lists.<br /><br />This sweeping novel, which combines the storytelling power of <i>The Shadow of the Wind</i> with the irresistible romance of <i>Casablanca</i>, moves at an unstoppable pace. Suddenly left abandoned and penniless in Morocco by her lover, Sira Quiroga forges a new identity. Against all odds she becomes the most sought-after couture designer for the socialite wives of German Nazi officers. But she is soon embroiled in a dangerous political conspiracy as she passes information to the British Secret Service through a code stitched into the hems of her dresses.]]></description>
  <work>
  <id type="integer">9674864</id>
  <books_count type="integer">89</books_count>
  <best_book_id type="integer">10836813</best_book_id>
  <reviews_count type="integer">41293</reviews_count>
  <ratings_sum type="integer">74735</ratings_sum>
  <ratings_count type="integer">18495</ratings_count>
  <text_reviews_count type="integer">2441</text_reviews_count>
  <original_publication_year type="integer">2009</original_publication_year>
  <original_publication_month type="integer">6</original_publication_month>
  <original_publication_day type="integer" nil="true"/>
  <original_title>El tiempo entre costuras</original_title>
  <original_language_id type="integer" nil="true"/>
  <media_type>book</media_type>
  <rating_dist>5:6606|4:7403|3:3373|2:861|1:252|total:18495</rating_dist>
  <desc_user_id type="integer">52577325</desc_user_id>
  <default_chaptering_book_id type="integer" nil="true"/>
  <default_description_language_code nil="true"/>
</work>
  <average_rating>4.04</average_rating>
  <num_pages><![CDATA[615]]></num_pages>
  <format><![CDATA[Hardcover]]></format>
  <edition_information><![CDATA[]]></edition_information>
  <ratings_count><![CDATA[10177]]></ratings_count>
  <text_reviews_count><![CDATA[1544]]></text_reviews_count>
  <url><![CDATA[https://www.goodreads.com/book/show/10836813-the-time-in-between]]></url>
  <link><![CDATA[https://www.goodreads.com/book/show/10836813-the-time-in-between]]></link>
  <authors>
<author>
<id>3295744</id>
<name>María Dueñas</name>
<role></role>
<image_url nophoto='false'>
<![CDATA[https://images.gr-assets.com/authors/1379880125p5/3295744.jpg]]>
</image_url>
<small_image_url nophoto='false'>
<![CDATA[https://images.gr-assets.com/authors/1379880125p2/3295744.jpg]]>
</small_image_url>
<link><![CDATA[https://www.goodreads.com/author/show/3295744.Mar_a_Due_as]]></link>
<average_rating>3.94</average_rating>
<ratings_count>21715</ratings_count>
<text_reviews_count>2884</text_reviews_count>
</author>
<author>
<id>162159</id>
<name>Daniel Hahn</name>
<role>Translator</role>
<image_url nophoto='true'>
<![CDATA[https://s.gr-assets.com/assets/nophoto/user/m_200x266-d279b33f8eec0f27b7272477f09806be.png]]>
</image_url>
<small_image_url nophoto='true'>
<![CDATA[https://s.gr-assets.com/assets/nophoto/user/m_50x66-82093808bca726cb3249a493fbd3bd0f.png]]>
</small_image_url>
<link><![CDATA[https://www.goodreads.com/author/show/162159.Daniel_Hahn]]></link>
<average_rating>3.96</average_rating>
<ratings_count>15180</ratings_count>
<text_reviews_count>2349</text_reviews_count>
</author>
</authors>

    <reviews_widget>
      <![CDATA[
        <style>
  #goodreads-widget {
    font-family: georgia, serif;
    padding: 18px 0;
    width:565px;
  }
  #goodreads-widget h1 {
    font-weight:normal;
    font-size: 16px;
    border-bottom: 1px solid #BBB596;
    margin-bottom: 0;
  }
  #goodreads-widget a {
    text-decoration: none;
    color:#660;
  }
  iframe{
    background-color: #fff;
  }
  #goodreads-widget a:hover { text-decoration: underline; }
  #goodreads-widget a:active {
    color:#660;
  }
  #gr_footer {
    width: 100%;
    border-top: 1px solid #BBB596;
    text-align: right;
  }
  #goodreads-widget .gr_branding{
    color: #382110;
    font-size: 11px;
    text-decoration: none;
    font-family: "Helvetica Neue", Helvetica, Arial, sans-serif;
  }
</style>
<div id="goodreads-widget">
  <div id="gr_header"><h1><a rel="nofollow" href="https://www.goodreads.com/book/show/10836813-the-time-in-between">The Time in Between Reviews</a></h1></div>
  <iframe id="the_iframe" src="https://www.goodreads.com/api/reviews_widget_iframe?did=DEVELOPER_ID&amp;format=html&amp;isbn=1451616880&amp;links=660&amp;min_rating=&amp;review_back=fff&amp;stars=000&amp;text=000" width="565" height="400" frameborder="0"></iframe>
  <div id="gr_footer">
    <a class="gr_branding" target="_blank" rel="nofollow" href="https://www.goodreads.com/book/show/10836813-the-time-in-between?utm_medium=api&amp;utm_source=reviews_widget">Reviews from Goodreads.com</a>
  </div>
</div>

      ]]>
    </reviews_widget>
  <popular_shelves>
      <shelf name="to-read" count="3581"/>
      <shelf name="currently-reading" count="218"/>
      <shelf name="favorites" count="183"/>
      <shelf name="historical-fiction" count="159"/>
      <shelf name="fiction" count="95"/>
      <shelf name="book-club" count="79"/>
      <shelf name="historical" count="78"/>
      <shelf name="spain" count="68"/>
      <shelf name="spanish" count="56"/>
      <shelf name="romance" count="48"/>
      <shelf name="wwii" count="42"/>
      <shelf name="library" count="38"/>
      <shelf name="books-i-own" count="35"/>
      <shelf name="owned" count="33"/>
      <shelf name="war" count="31"/>
      <shelf name="history" count="30"/>
      <shelf name="kindle" count="26"/>
      <shelf name="abandoned" count="25"/>
      <shelf name="espionage" count="24"/>
      <shelf name="to-buy" count="24"/>
      <shelf name="ebook" count="24"/>
      <shelf name="world-war-ii" count="22"/>
      <shelf name="default" count="21"/>
      <shelf name="owned-books" count="21"/>
      <shelf name="morocco" count="21"/>
      <shelf name="novel" count="21"/>
      <shelf name="europe" count="20"/>
      <shelf name="spanish-literature" count="20"/>
      <shelf name="ww2" count="19"/>
      <shelf name="did-not-finish" count="18"/>
      <shelf name="wish-list" count="16"/>
      <shelf name="adult-fiction" count="16"/>
      <shelf name="drama" count="15"/>
      <shelf name="español" count="14"/>
      <shelf name="africa" count="14"/>
      <shelf name="translated" count="14"/>
      <shelf name="espanol" count="13"/>
      <shelf name="read-in-2014" count="13"/>
      <shelf name="en-español" count="13"/>
      <shelf name="e-book" count="12"/>
      <shelf name="maybe" count="12"/>
      <shelf name="literature" count="12"/>
      <shelf name="spanish-civil-war" count="12"/>
      <shelf name="my-library" count="11"/>
      <shelf name="favourites" count="11"/>
      <shelf name="didn-t-finish" count="11"/>
      <shelf name="own-it" count="11"/>
      <shelf name="first-reads" count="11"/>
      <shelf name="read-in-2012" count="10"/>
      <shelf name="general-fiction" count="10"/>
      <shelf name="book-club-books" count="10"/>
      <shelf name="book-group" count="10"/>
      <shelf name="unfinished" count="10"/>
      <shelf name="favoritos" count="9"/>
      <shelf name="bookclub" count="9"/>
      <shelf name="contemporary" count="9"/>
      <shelf name="in-spanish" count="9"/>
      <shelf name="mystery" count="9"/>
      <shelf name="suspense" count="9"/>
      <shelf name="women" count="9"/>
      <shelf name="adventure" count="9"/>
      <shelf name="read-in-2013" count="8"/>
      <shelf name="ebooks" count="8"/>
      <shelf name="finished" count="8"/>
      <shelf name="gave-up" count="8"/>
      <shelf name="thriller" count="8"/>
      <shelf name="in-translation" count="8"/>
      <shelf name="literary-fiction" count="8"/>
      <shelf name="20th-century" count="8"/>
      <shelf name="dnf" count="8"/>
      <shelf name="spies" count="8"/>
      <shelf name="read-2015" count="7"/>
      <shelf name="owned-to-read" count="7"/>
      <shelf name="abandonados" count="7"/>
      <shelf name="read-2014" count="7"/>
      <shelf name="literatura-española" count="7"/>
      <shelf name="historical-romance" count="7"/>
      <shelf name="read-2013" count="7"/>
      <shelf name="fiction-historical" count="7"/>
      <shelf name="narrativa" count="7"/>
      <shelf name="to-read-fiction" count="7"/>
      <shelf name="audible" count="7"/>
      <shelf name="novela" count="7"/>
      <shelf name="read-2012" count="7"/>
      <shelf name="library-book" count="7"/>
      <shelf name="travel" count="7"/>
      <shelf name="audio" count="7"/>
      <shelf name="around-the-world" count="7"/>
      <shelf name="read-in-2015" count="6"/>
      <shelf name="mis-libros" count="6"/>
      <shelf name="historico" count="6"/>
      <shelf name="my-books" count="6"/>
      <shelf name="favorite" count="6"/>
      <shelf name="to-read-library" count="6"/>
      <shelf name="couldn-t-finish" count="6"/>
      <shelf name="library-books" count="6"/>
      <shelf name="gave-up-on" count="6"/>
      <shelf name="recommended" count="6"/>
      <shelf name="fashion" count="6"/>
      <shelf name="international" count="6"/>
  </popular_shelves>
  <book_links>
    <book_link>
  <id>8</id>
  <name>Libraries</name>
  <link>https://www.goodreads.com/book_link/follow/8</link>
</book_link>

  </book_links>
  <buy_links>
    <buy_link>
<id>1</id>
<name>Amazon</name>
<link>https://www.goodreads.com/book_link/follow/1</link>
</buy_link>
<buy_link>
<id>10</id>
<name>Audible</name>
<link>https://www.goodreads.com/book_link/follow/10</link>
</buy_link>
<buy_link>
<id>3</id>
<name>Barnes &amp; Noble</name>
<link>https://www.goodreads.com/book_link/follow/3</link>
</buy_link>
<buy_link>
<id>1027</id>
<name>Kobo</name>
<link>https://www.goodreads.com/book_link/follow/1027</link>
</buy_link>
<buy_link>
<id>2102</id>
<name>Apple iBooks</name>
<link>https://www.goodreads.com/book_link/follow/2102</link>
</buy_link>
<buy_link>
<id>8036</id>
<name>Google Play</name>
<link>https://www.goodreads.com/book_link/follow/8036</link>
</buy_link>
<buy_link>
<id>4</id>
<name>Abebooks</name>
<link>https://www.goodreads.com/book_link/follow/4</link>
</buy_link>
<buy_link>
<id>882</id>
<name>Book Depository</name>
<link>https://www.goodreads.com/book_link/follow/882</link>
</buy_link>
<buy_link>
<id>9</id>
<name>Indigo</name>
<link>https://www.goodreads.com/book_link/follow/9</link>
</buy_link>
<buy_link>
<id>2</id>
<name>Half.com</name>
<link>https://www.goodreads.com/book_link/follow/2</link>
</buy_link>
<buy_link>
<id>5</id>
<name>Alibris</name>
<link>https://www.goodreads.com/book_link/follow/5</link>
</buy_link>
<buy_link>
<id>107</id>
<name>Better World Books</name>
<link>https://www.goodreads.com/book_link/follow/107</link>
</buy_link>
<buy_link>
<id>7</id>
<name>IndieBound</name>
<link>https://www.goodreads.com/book_link/follow/7</link>
</buy_link>

  </buy_links>
  <series_works>
    
  </series_works>
  <similar_books>
          <book>
<id>8062894</id>
<title>Dime quién soy</title>
<title_without_series>Dime quién soy</title_without_series>
<link><![CDATA[https://www.goodreads.com/book/show/8062894-dime-qui-n-soy]]></link>
<small_image_url><![CDATA[https://images.gr-assets.com/books/1438003480s/8062894.jpg]]></small_image_url>
<image_url><![CDATA[https://images.gr-assets.com/books/1438003480m/8062894.jpg]]></image_url>
<num_pages>1096</num_pages>
<work>
<id>12747596</id>
</work>
<isbn>8401337550</isbn>
<isbn13>9788401337550</isbn13>
<average_rating>4.18</average_rating>
<ratings_count>5281</ratings_count>
<publication_year>2010</publication_year>
<publication_month>3</publication_month>
<publication_day>30</publication_day>
<authors>
<author>
<id>38457</id>
<name>Julia Navarro</name>
<link><![CDATA[https://www.goodreads.com/author/show/38457.Julia_Navarro]]></link>
</author>
</authors>
</book>

          <book>
<id>13543548</id>
<title>Palmeras en la nieve</title>
<title_without_series>Palmeras en la nieve</title_without_series>
<link><![CDATA[https://www.goodreads.com/book/show/13543548-palmeras-en-la-nieve]]></link>
<small_image_url><![CDATA[https://images.gr-assets.com/books/1331798858s/13543548.jpg]]></small_image_url>
<image_url><![CDATA[https://images.gr-assets.com/books/1331798858m/13543548.jpg]]></image_url>
<num_pages>736</num_pages>
<work>
<id>19107929</id>
</work>
<isbn>8499980236</isbn>
<isbn13>9788499980232</isbn13>
<average_rating>4.03</average_rating>
<ratings_count>3443</ratings_count>
<publication_year>2012</publication_year>
<publication_month></publication_month>
<publication_day></publication_day>
<authors>
<author>
<id>5777249</id>
<name>Luz Gabás</name>
<link><![CDATA[https://www.goodreads.com/author/show/5777249.Luz_Gab_s]]></link>
</author>
</authors>
</book>

          <book>
<id>8958575</id>
<title><![CDATA[Inés y la alegría (Episodios de una guerra interminable, #1)]]></title>
<title_without_series>Inés y la alegría</title_without_series>
<link><![CDATA[https://www.goodreads.com/book/show/8958575-in-s-y-la-alegr-a]]></link>
<small_image_url><![CDATA[https://images.gr-assets.com/books/1282306112s/8958575.jpg]]></small_image_url>
<image_url><![CDATA[https://images.gr-assets.com/books/1282306112m/8958575.jpg]]></image_url>
<num_pages>729</num_pages>
<work>
<id>13835384</id>
</work>
<isbn>8483832534</isbn>
<isbn13>9788483832530</isbn13>
<average_rating>4.09</average_rating>
<ratings_count>691</ratings_count>
<publication_year>2013</publication_year>
<publication_month>11</publication_month>
<publication_day></publication_day>
<authors>
<author>
<id>34291</id>
<name>Almudena Grandes</name>
<link><![CDATA[https://www.goodreads.com/author/show/34291.Almudena_Grandes]]></link>
</author>
</authors>
</book>

          <book>
<id>13974851</id>
<title>La tabla esmeralda</title>
<title_without_series>La tabla esmeralda</title_without_series>
<link><![CDATA[https://www.goodreads.com/book/show/13974851-la-tabla-esmeralda]]></link>
<small_image_url><![CDATA[https://images.gr-assets.com/books/1337347924s/13974851.jpg]]></small_image_url>
<image_url><![CDATA[https://images.gr-assets.com/books/1337347924m/13974851.jpg]]></image_url>
<num_pages>722</num_pages>
<work>
<id>19609922</id>
</work>
<isbn>8401353106</isbn>
<isbn13>9788401353109</isbn13>
<average_rating>3.96</average_rating>
<ratings_count>656</ratings_count>
<publication_year>2012</publication_year>
<publication_month>5</publication_month>
<publication_day></publication_day>
<authors>
<author>
<id>5886201</id>
<name>Carla Montero</name>
<link><![CDATA[https://www.goodreads.com/author/show/5886201.Carla_Montero]]></link>
</author>
</authors>
</book>

          <book>
<id>6567677</id>
<title><![CDATA[Our Lady of the Night: A Novel]]></title>
<title_without_series><![CDATA[Our Lady of the Night: A Novel]]></title_without_series>
<link><![CDATA[https://www.goodreads.com/book/show/6567677-our-lady-of-the-night]]></link>
<small_image_url><![CDATA[https://s.gr-assets.com/assets/nophoto/book/50x75-a91bf249278a81aabab721ef782c4a74.png]]></small_image_url>
<image_url><![CDATA[https://s.gr-assets.com/assets/nophoto/book/111x148-bcc042a9c91a29c1d680899eff700a03.png]]></image_url>
<num_pages></num_pages>
<work>
<id>6760656</id>
</work>
<isbn>0061731307</isbn>
<isbn13>9780061731303</isbn13>
<average_rating>3.62</average_rating>
<ratings_count>117</ratings_count>
<publication_year></publication_year>
<publication_month></publication_month>
<publication_day></publication_day>
<authors>
<author>
<id>128496</id>
<name>Mayra Santos-Febres</name>
<link><![CDATA[https://www.goodreads.com/author/show/128496.Mayra_Santos_Febres]]></link>
</author>
</authors>
</book>

          <book>
<id>10178343</id>
<title>The Girl in the Blue Beret</title>
<title_without_series>The Girl in the Blue Beret</title_without_series>
<link><![CDATA[https://www.goodreads.com/book/show/10178343-the-girl-in-the-blue-beret]]></link>
<small_image_url><![CDATA[https://s.gr-assets.com/assets/nophoto/book/50x75-a91bf249278a81aabab721ef782c4a74.png]]></small_image_url>
<image_url><![CDATA[https://s.gr-assets.com/assets/nophoto/book/111x148-bcc042a9c91a29c1d680899eff700a03.png]]></image_url>
<num_pages>345</num_pages>
<work>
<id>15077231</id>
</work>
<isbn>1400067189</isbn>
<isbn13>9781400067183</isbn13>
<average_rating>3.33</average_rating>
<ratings_count>2461</ratings_count>
<publication_year>2011</publication_year>
<publication_month>6</publication_month>
<publication_day>28</publication_day>
<authors>
<author>
<id>43848</id>
<name>Bobbie Ann Mason</name>
<link><![CDATA[https://www.goodreads.com/author/show/43848.Bobbie_Ann_Mason]]></link>
</author>
</authors>
</book>

          <book>
<id>13183688</id>
<title>El imperio eres tú</title>
<title_without_series>El imperio eres tú</title_without_series>
<link><![CDATA[https://www.goodreads.com/book/show/13183688-el-imperio-eres-t]]></link>
<small_image_url><![CDATA[https://images.gr-assets.com/books/1328467357s/13183688.jpg]]></small_image_url>
<image_url><![CDATA[https://images.gr-assets.com/books/1328467357m/13183688.jpg]]></image_url>
<num_pages>553</num_pages>
<work>
<id>18364179</id>
</work>
<isbn>8408104829</isbn>
<isbn13>9788408104827</isbn13>
<average_rating>4.07</average_rating>
<ratings_count>1052</ratings_count>
<publication_year>2011</publication_year>
<publication_month>11</publication_month>
<publication_day>4</publication_day>
<authors>
<author>
<id>107163</id>
<name>Javier Moro</name>
<link><![CDATA[https://www.goodreads.com/author/show/107163.Javier_Moro]]></link>
</author>
</authors>
</book>

          <book>
<id>686583</id>
<title>La voz dormida</title>
<title_without_series>La voz dormida</title_without_series>
<link><![CDATA[https://www.goodreads.com/book/show/686583.La_voz_dormida]]></link>
<small_image_url><![CDATA[https://s.gr-assets.com/assets/nophoto/book/50x75-a91bf249278a81aabab721ef782c4a74.png]]></small_image_url>
<image_url><![CDATA[https://s.gr-assets.com/assets/nophoto/book/111x148-bcc042a9c91a29c1d680899eff700a03.png]]></image_url>
<num_pages>387</num_pages>
<work>
<id>672944</id>
</work>
<isbn>8420464384</isbn>
<isbn13>9788420464381</isbn13>
<average_rating>4.24</average_rating>
<ratings_count>1400</ratings_count>
<publication_year>2002</publication_year>
<publication_month>1</publication_month>
<publication_day>1</publication_day>
<authors>
<author>
<id>4468889</id>
<name>Dulce Chacón</name>
<link><![CDATA[https://www.goodreads.com/author/show/4468889.Dulce_Chac_n]]></link>
</author>
</authors>
</book>

          <book>
<id>15710145</id>
<title><![CDATA[La conjura de Cortés (Martín Ojo de Plata, #3)]]></title>
<title_without_series>La conjura de Cortés</title_without_series>
<link><![CDATA[https://www.goodreads.com/book/show/15710145-la-conjura-de-cort-s]]></link>
<small_image_url><![CDATA[https://images.gr-assets.com/books/1339962342s/15710145.jpg]]></small_image_url>
<image_url><![CDATA[https://images.gr-assets.com/books/1339962342m/15710145.jpg]]></image_url>
<num_pages>384</num_pages>
<work>
<id>21376150</id>
</work>
<isbn>840800803X</isbn>
<isbn13>9788408008033</isbn13>
<average_rating>3.84</average_rating>
<ratings_count>648</ratings_count>
<publication_year>2012</publication_year>
<publication_month>6</publication_month>
<publication_day>19</publication_day>
<authors>
<author>
<id>38030</id>
<name>Matilde Asensi</name>
<link><![CDATA[https://www.goodreads.com/author/show/38030.Matilde_Asensi]]></link>
</author>
</authors>
</book>

          <book>
<id>7545202</id>
<title>The Sandalwood Tree</title>
<title_without_series>The Sandalwood Tree</title_without_series>
<link><![CDATA[https://www.goodreads.com/book/show/7545202-the-sandalwood-tree]]></link>
<small_image_url><![CDATA[https://images.gr-assets.com/books/1327977413s/7545202.jpg]]></small_image_url>
<image_url><![CDATA[https://images.gr-assets.com/books/1327977413m/7545202.jpg]]></image_url>
<num_pages></num_pages>
<work>
<id>9825530</id>
</work>
<isbn>1416590595</isbn>
<isbn13>9781416590590</isbn13>
<average_rating>3.83</average_rating>
<ratings_count>2685</ratings_count>
<publication_year></publication_year>
<publication_month></publication_month>
<publication_day></publication_day>
<authors>
<author>
<id>904960</id>
<name>Elle Newmark</name>
<link><![CDATA[https://www.goodreads.com/author/show/904960.Elle_Newmark]]></link>
</author>
</authors>
</book>

          <book>
<id>10818181</id>
<title>The Sisters</title>
<title_without_series>The Sisters</title_without_series>
<link><![CDATA[https://www.goodreads.com/book/show/10818181-the-sisters]]></link>
<small_image_url><![CDATA[https://images.gr-assets.com/books/1312078276s/10818181.jpg]]></small_image_url>
<image_url><![CDATA[https://images.gr-assets.com/books/1312078276m/10818181.jpg]]></image_url>
<num_pages>324</num_pages>
<work>
<id>15731872</id>
</work>
<isbn>0312542704</isbn>
<isbn13>9780312542702</isbn13>
<average_rating>3.30</average_rating>
<ratings_count>3253</ratings_count>
<publication_year>2011</publication_year>
<publication_month>11</publication_month>
<publication_day>8</publication_day>
<authors>
<author>
<id>1996867</id>
<name>Nancy Jensen</name>
<link><![CDATA[https://www.goodreads.com/author/show/1996867.Nancy_Jensen]]></link>
</author>
</authors>
</book>

          <book>
<id>6532610</id>
<title>La mano de Fátima</title>
<title_without_series>La mano de Fátima</title_without_series>
<link><![CDATA[https://www.goodreads.com/book/show/6532610-la-mano-de-f-tima]]></link>
<small_image_url><![CDATA[https://images.gr-assets.com/books/1320442483s/6532610.jpg]]></small_image_url>
<image_url><![CDATA[https://images.gr-assets.com/books/1320442483m/6532610.jpg]]></image_url>
<num_pages>960</num_pages>
<work>
<id>6724722</id>
</work>
<isbn>0307476065</isbn>
<isbn13>9780307476067</isbn13>
<average_rating>3.83</average_rating>
<ratings_count>4183</ratings_count>
<publication_year>2009</publication_year>
<publication_month>8</publication_month>
<publication_day>18</publication_day>
<authors>
<author>
<id>31003</id>
<name>Ildefonso Falcones</name>
<link><![CDATA[https://www.goodreads.com/author/show/31003.Ildefonso_Falcones]]></link>
</author>
</authors>
</book>

          <book>
<id>917491</id>
<title>Isle of Passion</title>
<title_without_series>Isle of Passion</title_without_series>
<link><![CDATA[https://www.goodreads.com/book/show/917491.Isle_of_Passion]]></link>
<small_image_url><![CDATA[https://s.gr-assets.com/assets/nophoto/book/50x75-a91bf249278a81aabab721ef782c4a74.png]]></small_image_url>
<image_url><![CDATA[https://s.gr-assets.com/assets/nophoto/book/111x148-bcc042a9c91a29c1d680899eff700a03.png]]></image_url>
<num_pages>298</num_pages>
<work>
<id>57579</id>
</work>
<isbn>0060088982</isbn>
<isbn13>9780060088989</isbn13>
<average_rating>3.88</average_rating>
<ratings_count>711</ratings_count>
<publication_year>2005</publication_year>
<publication_month>10</publication_month>
<publication_day>25</publication_day>
<authors>
<author>
<id>33407</id>
<name>Laura Restrepo</name>
<link><![CDATA[https://www.goodreads.com/author/show/33407.Laura_Restrepo]]></link>
</author>
</authors>
</book>

          <book>
<id>420260</id>
<title>El cuarto de atrás</title>
<title_without_series>El cuarto de atrás</title_without_series>
<link><![CDATA[https://www.goodreads.com/book/show/420260.El_cuarto_de_atr_s]]></link>
<small_image_url><![CDATA[https://images.gr-assets.com/books/1332118895s/420260.jpg]]></small_image_url>
<image_url><![CDATA[https://images.gr-assets.com/books/1332118895m/420260.jpg]]></image_url>
<num_pages></num_pages>
<work>
<id>409394</id>
</work>
<isbn>8423311015</isbn>
<isbn13>9788423311019</isbn13>
<average_rating>3.88</average_rating>
<ratings_count>681</ratings_count>
<publication_year></publication_year>
<publication_month></publication_month>
<publication_day></publication_day>
<authors>
<author>
<id>39195</id>
<name>Carmen Martín Gaite</name>
<link><![CDATA[https://www.goodreads.com/author/show/39195.Carmen_Mart_n_Gaite]]></link>
</author>
</authors>
</book>

          <book>
<id>12877</id>
<title><![CDATA[Death of a Nationalist (Tejada, #1)]]></title>
<title_without_series>Death of a Nationalist</title_without_series>
<link><![CDATA[https://www.goodreads.com/book/show/12877.Death_of_a_Nationalist]]></link>
<small_image_url><![CDATA[https://images.gr-assets.com/books/1320405604s/12877.jpg]]></small_image_url>
<image_url><![CDATA[https://images.gr-assets.com/books/1320405604m/12877.jpg]]></image_url>
<num_pages>280</num_pages>
<work>
<id>2673252</id>
</work>
<isbn>1569473447</isbn>
<isbn13>9781569473443</isbn13>
<average_rating>3.80</average_rating>
<ratings_count>515</ratings_count>
<publication_year>2004</publication_year>
<publication_month>2</publication_month>
<publication_day>1</publication_day>
<authors>
<author>
<id>8108</id>
<name>Rebecca Pawel</name>
<link><![CDATA[https://www.goodreads.com/author/show/8108.Rebecca_Pawel]]></link>
</author>
</authors>
</book>

          <book>
<id>16161136</id>
<title>El tango de la Guardia Vieja</title>
<title_without_series>El tango de la Guardia Vieja</title_without_series>
<link><![CDATA[https://www.goodreads.com/book/show/16161136-el-tango-de-la-guardia-vieja]]></link>
<small_image_url><![CDATA[https://images.gr-assets.com/books/1353418855s/16161136.jpg]]></small_image_url>
<image_url><![CDATA[https://images.gr-assets.com/books/1353418855m/16161136.jpg]]></image_url>
<num_pages>504</num_pages>
<work>
<id>22002783</id>
</work>
<isbn>8420413097</isbn>
<isbn13>9788420413099</isbn13>
<average_rating>3.83</average_rating>
<ratings_count>2306</ratings_count>
<publication_year>2012</publication_year>
<publication_month>11</publication_month>
<publication_day>21</publication_day>
<authors>
<author>
<id>40398</id>
<name>Arturo Pérez-Reverte</name>
<link><![CDATA[https://www.goodreads.com/author/show/40398.Arturo_P_rez_Reverte]]></link>
</author>
</authors>
</book>

          <book>
<id>10785670</id>
<title>Gillespie and I</title>
<title_without_series>Gillespie and I</title_without_series>
<link><![CDATA[https://www.goodreads.com/book/show/10785670-gillespie-and-i]]></link>
<small_image_url><![CDATA[https://images.gr-assets.com/books/1327913398s/10785670.jpg]]></small_image_url>
<image_url><![CDATA[https://images.gr-assets.com/books/1327913398m/10785670.jpg]]></image_url>
<num_pages>504</num_pages>
<work>
<id>15697834</id>
</work>
<isbn>0571275168</isbn>
<isbn13>9780571275168</isbn13>
<average_rating>3.81</average_rating>
<ratings_count>3182</ratings_count>
<publication_year>2011</publication_year>
<publication_month>5</publication_month>
<publication_day>5</publication_day>
<authors>
<author>
<id>2967123</id>
<name>Jane  Harris</name>
<link><![CDATA[https://www.goodreads.com/author/show/2967123.Jane_Harris]]></link>
</author>
</authors>
</book>

          <book>
<id>15814435</id>
<title>The House of Impossible Loves</title>
<title_without_series>The House of Impossible Loves</title_without_series>
<link><![CDATA[https://www.goodreads.com/book/show/15814435-the-house-of-impossible-loves]]></link>
<small_image_url><![CDATA[https://images.gr-assets.com/books/1348098476s/15814435.jpg]]></small_image_url>
<image_url><![CDATA[https://images.gr-assets.com/books/1348098476m/15814435.jpg]]></image_url>
<num_pages>336</num_pages>
<work>
<id>14031373</id>
</work>
<isbn>0547661193</isbn>
<isbn13>9780547661193</isbn13>
<average_rating>3.52</average_rating>
<ratings_count>772</ratings_count>
<publication_year>2013</publication_year>
<publication_month>6</publication_month>
<publication_day>4</publication_day>
<authors>
<author>
<id>4066954</id>
<name>Cristina López Barrio</name>
<link><![CDATA[https://www.goodreads.com/author/show/4066954.Cristina_L_pez_Barrio]]></link>
</author>
</authors>
</book>

  </similar_books>
</book>

</GoodreadsResponse>