<?xml version="1.0" encoding="UTF-8"?>
<GoodreadsResponse>
  <Request>
    <authentication>true</authentication>
      <key><![CDATA[all_men_must_serve]]></key>
    <method><![CDATA[book_show]]></method>
  </Request>
  <book>
  <id>10846336</id>
  <title>Salvage the Bones</title>
  <isbn><![CDATA[1608195228]]></isbn>
  <isbn13><![CDATA[9781608195220]]></isbn13>
  <asin><![CDATA[]]></asin>
  <kindle_asin><![CDATA[B00AQZ4M9E]]></kindle_asin>
  <marketplace_id><![CDATA[A1F83G8C2ARO7P]]></marketplace_id>
  <country_code><![CDATA[GB]]></country_code>
  <image_url>https://images.gr-assets.com/books/1317067649m/10846336.jpg</image_url>
  <small_image_url>https://images.gr-assets.com/books/1317067649s/10846336.jpg</small_image_url>
  <publication_year>2011</publication_year>
  <publication_month></publication_month>
  <publication_day></publication_day>
  <publisher>Bloomsbury</publisher>
  <language_code>eng</language_code>
  <is_ebook>false</is_ebook>
  <description><![CDATA[<div>
  <p>A hurricane is building over the Gulf of Mexico, threatening the coastal town of Bois Sauvage, Mississippi, and Esch’s father is growing concerned. A hard drinker, largely absent, he doesnt show concern for much else. Esch and her three brothers are stocking food, but there isn’t much to save. Lately, Esch can’t keep down what food she gets; she’s fourteen and pregnant. Her brother Skeetah is sneaking scraps for his prized pitbull’s new litter, dying one by one in the dirt. Meanwhile, brothers Randall and Junior try to stake their claim in a family long on child’s play and short on parenting.</p>
  <p>As the twelve days that make up the novel’s framework yield to their dramatic conclusion, this unforgettable family—motherless children sacrificing for one another as they can, protecting and nurturing where love is scarce—pulls itself up to face another day. A big-hearted novel about familial love and community against all odds, and a wrenching look at the lonesome, brutal, and restrictive realities of rural poverty, <i>Salvage the Bones</i> is muscled with poetry, revelatory, and real.</p>
</div>]]></description>
  <work>
  <id type="integer">15760836</id>
  <books_count type="integer">25</books_count>
  <best_book_id type="integer">10846336</best_book_id>
  <reviews_count type="integer">51706</reviews_count>
  <ratings_sum type="integer">78623</ratings_sum>
  <ratings_count type="integer">20648</ratings_count>
  <text_reviews_count type="integer">3130</text_reviews_count>
  <original_publication_year type="integer">2010</original_publication_year>
  <original_publication_month type="integer" nil="true"/>
  <original_publication_day type="integer" nil="true"/>
  <original_title>Salvage the Bones</original_title>
  <original_language_id type="integer" nil="true"/>
  <media_type>book</media_type>
  <rating_dist>5:5580|4:8114|3:4898|2:1517|1:539|total:20648</rating_dist>
  <desc_user_id type="integer">359630</desc_user_id>
  <default_chaptering_book_id type="integer" nil="true"/>
  <default_description_language_code nil="true"/>
</work>
  <average_rating>3.81</average_rating>
  <num_pages><![CDATA[261]]></num_pages>
  <format><![CDATA[Hardcover]]></format>
  <edition_information><![CDATA[]]></edition_information>
  <ratings_count><![CDATA[18535]]></ratings_count>
  <text_reviews_count><![CDATA[2889]]></text_reviews_count>
  <url><![CDATA[https://www.goodreads.com/book/show/10846336-salvage-the-bones]]></url>
  <link><![CDATA[https://www.goodreads.com/book/show/10846336-salvage-the-bones]]></link>
  <authors>
<author>
<id>1676417</id>
<name>Jesmyn Ward</name>
<role></role>
<image_url nophoto='false'>
<![CDATA[https://images.gr-assets.com/authors/1314898674p5/1676417.jpg]]>
</image_url>
<small_image_url nophoto='false'>
<![CDATA[https://images.gr-assets.com/authors/1314898674p2/1676417.jpg]]>
</small_image_url>
<link><![CDATA[https://www.goodreads.com/author/show/1676417.Jesmyn_Ward]]></link>
<average_rating>3.90</average_rating>
<ratings_count>30373</ratings_count>
<text_reviews_count>4612</text_reviews_count>
</author>
</authors>

    <reviews_widget>
      <![CDATA[
        <style>
  #goodreads-widget {
    font-family: georgia, serif;
    padding: 18px 0;
    width:565px;
  }
  #goodreads-widget h1 {
    font-weight:normal;
    font-size: 16px;
    border-bottom: 1px solid #BBB596;
    margin-bottom: 0;
  }
  #goodreads-widget a {
    text-decoration: none;
    color:#660;
  }
  iframe{
    background-color: #fff;
  }
  #goodreads-widget a:hover { text-decoration: underline; }
  #goodreads-widget a:active {
    color:#660;
  }
  #gr_footer {
    width: 100%;
    border-top: 1px solid #BBB596;
    text-align: right;
  }
  #goodreads-widget .gr_branding{
    color: #382110;
    font-size: 11px;
    text-decoration: none;
    font-family: "Helvetica Neue", Helvetica, Arial, sans-serif;
  }
</style>
<div id="goodreads-widget">
  <div id="gr_header"><h1><a rel="nofollow" href="https://www.goodreads.com/book/show/10846336-salvage-the-bones">Salvage the Bones Reviews</a></h1></div>
  <iframe id="the_iframe" src="https://www.goodreads.com/api/reviews_widget_iframe?did=DEVELOPER_ID&amp;format=html&amp;isbn=1608195228&amp;links=660&amp;min_rating=&amp;review_back=fff&amp;stars=000&amp;text=000" width="565" height="400" frameborder="0"></iframe>
  <div id="gr_footer">
    <a class="gr_branding" target="_blank" rel="nofollow" href="https://www.goodreads.com/book/show/10846336-salvage-the-bones?utm_medium=api&amp;utm_source=reviews_widget">Reviews from Goodreads.com</a>
  </div>
</div>

      ]]>
    </reviews_widget>
  <popular_shelves>
      <shelf name="to-read" count="27728"/>
      <shelf name="currently-reading" count="788"/>
      <shelf name="fiction" count="738"/>
      <shelf name="book-club" count="181"/>
      <shelf name="favorites" count="179"/>
      <shelf name="national-book-award" count="125"/>
      <shelf name="kindle" count="94"/>
      <shelf name="african-american" count="86"/>
      <shelf name="contemporary" count="78"/>
      <shelf name="literary-fiction" count="75"/>
      <shelf name="contemporary-fiction" count="69"/>
      <shelf name="historical-fiction" count="67"/>
      <shelf name="adult-fiction" count="67"/>
      <shelf name="library" count="55"/>
      <shelf name="novels" count="54"/>
      <shelf name="adult" count="52"/>
      <shelf name="owned" count="46"/>
      <shelf name="southern" count="43"/>
      <shelf name="abandoned" count="41"/>
      <shelf name="literature" count="40"/>
      <shelf name="books-i-own" count="36"/>
      <shelf name="read-in-2012" count="34"/>
      <shelf name="mississippi" count="33"/>
      <shelf name="coming-of-age" count="31"/>
      <shelf name="family" count="31"/>
      <shelf name="southern-lit" count="30"/>
      <shelf name="did-not-finish" count="30"/>
      <shelf name="to-buy" count="30"/>
      <shelf name="hurricane-katrina" count="27"/>
      <shelf name="award-winners" count="27"/>
      <shelf name="audio" count="26"/>
      <shelf name="poverty" count="25"/>
      <shelf name="ebook" count="25"/>
      <shelf name="novel" count="24"/>
      <shelf name="general-fiction" count="23"/>
      <shelf name="literary" count="22"/>
      <shelf name="audiobook" count="21"/>
      <shelf name="realistic-fiction" count="21"/>
      <shelf name="book-group" count="20"/>
      <shelf name="american" count="20"/>
      <shelf name="young-adult" count="20"/>
      <shelf name="audiobooks" count="19"/>
      <shelf name="race" count="18"/>
      <shelf name="ebooks" count="18"/>
      <shelf name="to-read-fiction" count="18"/>
      <shelf name="wish-list" count="18"/>
      <shelf name="national-book-award-winners" count="17"/>
      <shelf name="survival" count="16"/>
      <shelf name="family-relationships" count="16"/>
      <shelf name="bookclub" count="16"/>
      <shelf name="katrina" count="16"/>
      <shelf name="didn-t-finish" count="16"/>
      <shelf name="read-in-2016" count="15"/>
      <shelf name="audible" count="15"/>
      <shelf name="school" count="15"/>
      <shelf name="read-in-2013" count="15"/>
      <shelf name="women" count="15"/>
      <shelf name="ya" count="15"/>
      <shelf name="dogs" count="15"/>
      <shelf name="award-winner" count="15"/>
      <shelf name="first-reads" count="15"/>
      <shelf name="read-in-2015" count="14"/>
      <shelf name="tournament-of-books" count="14"/>
      <shelf name="maybe" count="14"/>
      <shelf name="read-in-2017" count="13"/>
      <shelf name="book-club-books" count="13"/>
      <shelf name="women-authors" count="13"/>
      <shelf name="2012-reads" count="13"/>
      <shelf name="owned-books" count="13"/>
      <shelf name="female-author" count="13"/>
      <shelf name="read-2013" count="12"/>
      <shelf name="read-2012" count="12"/>
      <shelf name="tournament-of-books-2012" count="12"/>
      <shelf name="tob-2012" count="12"/>
      <shelf name="animals" count="12"/>
      <shelf name="the-south" count="12"/>
      <shelf name="read-in-2014" count="11"/>
      <shelf name="gave-up-on" count="11"/>
      <shelf name="audio-book" count="11"/>
      <shelf name="american-literature" count="11"/>
      <shelf name="2012-books" count="11"/>
      <shelf name="kindle-books" count="11"/>
      <shelf name="america" count="11"/>
      <shelf name="want-to-read" count="11"/>
      <shelf name="new-orleans" count="11"/>
      <shelf name="nook" count="11"/>
      <shelf name="21st-century" count="11"/>
      <shelf name="shelfari-wishlist" count="10"/>
      <shelf name="african-american-lit" count="10"/>
      <shelf name="southern-literature" count="10"/>
      <shelf name="unfinished" count="10"/>
      <shelf name="alex-award" count="10"/>
      <shelf name="women-writers" count="10"/>
      <shelf name="southern-fiction" count="10"/>
      <shelf name="read-2017" count="9"/>
      <shelf name="teen-pregnancy" count="9"/>
      <shelf name="overdrive" count="9"/>
      <shelf name="writers-of-color" count="9"/>
      <shelf name="poc" count="9"/>
      <shelf name="fiction-to-read" count="9"/>
  </popular_shelves>
  <book_links>
    <book_link>
  <id>8</id>
  <name>Libraries</name>
  <link>https://www.goodreads.com/book_link/follow/8</link>
</book_link>

  </book_links>
  <buy_links>
    <buy_link>
<id>1</id>
<name>Amazon</name>
<link>https://www.goodreads.com/book_link/follow/1</link>
</buy_link>
<buy_link>
<id>10</id>
<name>Audible</name>
<link>https://www.goodreads.com/book_link/follow/10</link>
</buy_link>
<buy_link>
<id>3</id>
<name>Barnes &amp; Noble</name>
<link>https://www.goodreads.com/book_link/follow/3</link>
</buy_link>
<buy_link>
<id>1027</id>
<name>Kobo</name>
<link>https://www.goodreads.com/book_link/follow/1027</link>
</buy_link>
<buy_link>
<id>2102</id>
<name>Apple iBooks</name>
<link>https://www.goodreads.com/book_link/follow/2102</link>
</buy_link>
<buy_link>
<id>8036</id>
<name>Google Play</name>
<link>https://www.goodreads.com/book_link/follow/8036</link>
</buy_link>
<buy_link>
<id>4</id>
<name>Abebooks</name>
<link>https://www.goodreads.com/book_link/follow/4</link>
</buy_link>
<buy_link>
<id>882</id>
<name>Book Depository</name>
<link>https://www.goodreads.com/book_link/follow/882</link>
</buy_link>
<buy_link>
<id>9</id>
<name>Indigo</name>
<link>https://www.goodreads.com/book_link/follow/9</link>
</buy_link>
<buy_link>
<id>2</id>
<name>Half.com</name>
<link>https://www.goodreads.com/book_link/follow/2</link>
</buy_link>
<buy_link>
<id>5</id>
<name>Alibris</name>
<link>https://www.goodreads.com/book_link/follow/5</link>
</buy_link>
<buy_link>
<id>107</id>
<name>Better World Books</name>
<link>https://www.goodreads.com/book_link/follow/107</link>
</buy_link>
<buy_link>
<id>7</id>
<name>IndieBound</name>
<link>https://www.goodreads.com/book_link/follow/7</link>
</buy_link>

  </buy_links>
  <series_works>
    
  </series_works>
      <public_document>
        <id>23906</id>
        <document_url>
          https://s3.amazonaws.com/compressed.photo.goodreads.com/documents/1341357882books/10846336.pdf
        </document_url>
      </public_document>
  <similar_books>
          <book>
<id>1501238</id>
<title>The Field of Vision</title>
<title_without_series>The Field of Vision</title_without_series>
<link><![CDATA[https://www.goodreads.com/book/show/1501238.The_Field_of_Vision]]></link>
<small_image_url><![CDATA[https://images.gr-assets.com/books/1479598130s/1501238.jpg]]></small_image_url>
<image_url><![CDATA[https://images.gr-assets.com/books/1479598130m/1501238.jpg]]></image_url>
<num_pages>251</num_pages>
<work>
<id>1492665</id>
</work>
<isbn>0451027612</isbn>
<isbn13>9780451027610</isbn13>
<average_rating>3.37</average_rating>
<ratings_count>75</ratings_count>
<publication_year></publication_year>
<publication_month></publication_month>
<publication_day></publication_day>
<authors>
<author>
<id>30333</id>
<name>Wright Morris</name>
<link><![CDATA[https://www.goodreads.com/author/show/30333.Wright_Morris]]></link>
</author>
</authors>
</book>

          <book>
<id>11225026</id>
<title>Gathering of Waters</title>
<title_without_series>Gathering of Waters</title_without_series>
<link><![CDATA[https://www.goodreads.com/book/show/11225026-gathering-of-waters]]></link>
<small_image_url><![CDATA[https://images.gr-assets.com/books/1344705496s/11225026.jpg]]></small_image_url>
<image_url><![CDATA[https://images.gr-assets.com/books/1344705496m/11225026.jpg]]></image_url>
<num_pages></num_pages>
<work>
<id>16150852</id>
</work>
<isbn>161775031X</isbn>
<isbn13>9781617750311</isbn13>
<average_rating>3.94</average_rating>
<ratings_count>1941</ratings_count>
<publication_year></publication_year>
<publication_month></publication_month>
<publication_day></publication_day>
<authors>
<author>
<id>119881</id>
<name>Bernice L. McFadden</name>
<link><![CDATA[https://www.goodreads.com/author/show/119881.Bernice_L_McFadden]]></link>
</author>
</authors>
</book>

          <book>
<id>775997</id>
<title>Blood Tie</title>
<title_without_series>Blood Tie</title_without_series>
<link><![CDATA[https://www.goodreads.com/book/show/775997.Blood_Tie]]></link>
<small_image_url><![CDATA[https://s.gr-assets.com/assets/nophoto/book/50x75-a91bf249278a81aabab721ef782c4a74.png]]></small_image_url>
<image_url><![CDATA[https://s.gr-assets.com/assets/nophoto/book/111x148-bcc042a9c91a29c1d680899eff700a03.png]]></image_url>
<num_pages>404</num_pages>
<work>
<id>762035</id>
</work>
<isbn>1570030979</isbn>
<isbn13>9781570030970</isbn13>
<average_rating>3.48</average_rating>
<ratings_count>112</ratings_count>
<publication_year>1995</publication_year>
<publication_month>10</publication_month>
<publication_day>1</publication_day>
<authors>
<author>
<id>147350</id>
<name>Mary Lee Settle</name>
<link><![CDATA[https://www.goodreads.com/author/show/147350.Mary_Lee_Settle]]></link>
</author>
</authors>
</book>

          <book>
<id>13239385</id>
<title>Elsewhere, California</title>
<title_without_series>Elsewhere, California</title_without_series>
<link><![CDATA[https://www.goodreads.com/book/show/13239385-elsewhere-california]]></link>
<small_image_url><![CDATA[https://images.gr-assets.com/books/1344683173s/13239385.jpg]]></small_image_url>
<image_url><![CDATA[https://images.gr-assets.com/books/1344683173m/13239385.jpg]]></image_url>
<num_pages>304</num_pages>
<work>
<id>18438541</id>
</work>
<isbn>158243784X</isbn>
<isbn13>9781582437842</isbn13>
<average_rating>3.82</average_rating>
<ratings_count>299</ratings_count>
<publication_year>2012</publication_year>
<publication_month>6</publication_month>
<publication_day>12</publication_day>
<authors>
<author>
<id>61294</id>
<name>Dana Johnson</name>
<link><![CDATA[https://www.goodreads.com/author/show/61294.Dana_Johnson]]></link>
</author>
</authors>
</book>

          <book>
<id>9505561</id>
<title>Lord of Misrule</title>
<title_without_series>Lord of Misrule</title_without_series>
<link><![CDATA[https://www.goodreads.com/book/show/9505561-lord-of-misrule]]></link>
<small_image_url><![CDATA[https://images.gr-assets.com/books/1290561320s/9505561.jpg]]></small_image_url>
<image_url><![CDATA[https://images.gr-assets.com/books/1290561320m/9505561.jpg]]></image_url>
<num_pages>294</num_pages>
<work>
<id>14391222</id>
</work>
<isbn>0929701836</isbn>
<isbn13>9780929701837</isbn13>
<average_rating>3.32</average_rating>
<ratings_count>2581</ratings_count>
<publication_year>2010</publication_year>
<publication_month>11</publication_month>
<publication_day>15</publication_day>
<authors>
<author>
<id>246730</id>
<name>Jaimy Gordon</name>
<link><![CDATA[https://www.goodreads.com/author/show/246730.Jaimy_Gordon]]></link>
</author>
</authors>
</book>

          <book>
<id>9501104</id>
<title>The Sojourn</title>
<title_without_series>The Sojourn</title_without_series>
<link><![CDATA[https://www.goodreads.com/book/show/9501104-the-sojourn]]></link>
<small_image_url><![CDATA[https://images.gr-assets.com/books/1344666585s/9501104.jpg]]></small_image_url>
<image_url><![CDATA[https://images.gr-assets.com/books/1344666585m/9501104.jpg]]></image_url>
<num_pages>192</num_pages>
<work>
<id>14386678</id>
</work>
<isbn>1934137340</isbn>
<isbn13>9781934137345</isbn13>
<average_rating>3.76</average_rating>
<ratings_count>2026</ratings_count>
<publication_year>2011</publication_year>
<publication_month>4</publication_month>
<publication_day>19</publication_day>
<authors>
<author>
<id>509654</id>
<name>Andrew Krivak</name>
<link><![CDATA[https://www.goodreads.com/author/show/509654.Andrew_Krivak]]></link>
</author>
</authors>
</book>

          <book>
<id>9142881</id>
<title><![CDATA[Binocular Vision: New and Selected Stories]]></title>
<title_without_series><![CDATA[Binocular Vision: New and Selected Stories]]></title_without_series>
<link><![CDATA[https://www.goodreads.com/book/show/9142881-binocular-vision]]></link>
<small_image_url><![CDATA[https://images.gr-assets.com/books/1293056543s/9142881.jpg]]></small_image_url>
<image_url><![CDATA[https://images.gr-assets.com/books/1293056543m/9142881.jpg]]></image_url>
<num_pages>373</num_pages>
<work>
<id>14021698</id>
</work>
<isbn>0982338295</isbn>
<isbn13>9780982338292</isbn13>
<average_rating>3.90</average_rating>
<ratings_count>1823</ratings_count>
<publication_year>2011</publication_year>
<publication_month>1</publication_month>
<publication_day>11</publication_day>
<authors>
<author>
<id>171618</id>
<name>Edith Pearlman</name>
<link><![CDATA[https://www.goodreads.com/author/show/171618.Edith_Pearlman]]></link>
</author>
</authors>
</book>

          <book>
<id>310214</id>
<title>A Crown of Feathers</title>
<title_without_series>A Crown of Feathers</title_without_series>
<link><![CDATA[https://www.goodreads.com/book/show/310214.A_Crown_of_Feathers]]></link>
<small_image_url><![CDATA[https://images.gr-assets.com/books/1312016209s/310214.jpg]]></small_image_url>
<image_url><![CDATA[https://images.gr-assets.com/books/1312016209m/310214.jpg]]></image_url>
<num_pages>342</num_pages>
<work>
<id>3152000</id>
</work>
<isbn>0374516243</isbn>
<isbn13>9780374516246</isbn13>
<average_rating>4.10</average_rating>
<ratings_count>403</ratings_count>
<publication_year>1981</publication_year>
<publication_month>4</publication_month>
<publication_day>1</publication_day>
<authors>
<author>
<id>14444</id>
<name>Isaac Bashevis Singer</name>
<link><![CDATA[https://www.goodreads.com/author/show/14444.Isaac_Bashevis_Singer]]></link>
</author>
</authors>
</book>

          <book>
<id>10002787</id>
<title>The Hair of Harold Roux</title>
<title_without_series>The Hair of Harold Roux</title_without_series>
<link><![CDATA[https://www.goodreads.com/book/show/10002787-the-hair-of-harold-roux]]></link>
<small_image_url><![CDATA[https://images.gr-assets.com/books/1312232829s/10002787.jpg]]></small_image_url>
<image_url><![CDATA[https://images.gr-assets.com/books/1312232829m/10002787.jpg]]></image_url>
<num_pages>400</num_pages>
<work>
<id>1406276</id>
</work>
<isbn>160819583X</isbn>
<isbn13>9781608195831</isbn13>
<average_rating>3.69</average_rating>
<ratings_count>271</ratings_count>
<publication_year>2011</publication_year>
<publication_month>6</publication_month>
<publication_day>7</publication_day>
<authors>
<author>
<id>7038738</id>
<name>Thomas    Williams</name>
<link><![CDATA[https://www.goodreads.com/author/show/7038738.Thomas_Williams]]></link>
</author>
</authors>
</book>

          <book>
<id>10460266</id>
<title>The Talk-Funny Girl</title>
<title_without_series>The Talk-Funny Girl</title_without_series>
<link><![CDATA[https://www.goodreads.com/book/show/10460266-the-talk-funny-girl]]></link>
<small_image_url><![CDATA[https://images.gr-assets.com/books/1320457188s/10460266.jpg]]></small_image_url>
<image_url><![CDATA[https://images.gr-assets.com/books/1320457188m/10460266.jpg]]></image_url>
<num_pages>320</num_pages>
<work>
<id>15365213</id>
</work>
<isbn>0307452921</isbn>
<isbn13>9780307452924</isbn13>
<average_rating>4.09</average_rating>
<ratings_count>2333</ratings_count>
<publication_year>2011</publication_year>
<publication_month>7</publication_month>
<publication_day>5</publication_day>
<authors>
<author>
<id>49473</id>
<name>Roland Merullo</name>
<link><![CDATA[https://www.goodreads.com/author/show/49473.Roland_Merullo]]></link>
</author>
</authors>
</book>

          <book>
<id>10917836</id>
<title>Lightning Rods</title>
<title_without_series>Lightning Rods</title_without_series>
<link><![CDATA[https://www.goodreads.com/book/show/10917836-lightning-rods]]></link>
<small_image_url><![CDATA[https://images.gr-assets.com/books/1332433884s/10917836.jpg]]></small_image_url>
<image_url><![CDATA[https://images.gr-assets.com/books/1332433884m/10917836.jpg]]></image_url>
<num_pages>273</num_pages>
<work>
<id>15834221</id>
</work>
<isbn>0811219437</isbn>
<isbn13>9780811219433</isbn13>
<average_rating>3.32</average_rating>
<ratings_count>1357</ratings_count>
<publication_year>2011</publication_year>
<publication_month>10</publication_month>
<publication_day>5</publication_day>
<authors>
<author>
<id>110897</id>
<name>Helen DeWitt</name>
<link><![CDATA[https://www.goodreads.com/author/show/110897.Helen_DeWitt]]></link>
</author>
</authors>
</book>

          <book>
<id>713055</id>
<title>Paco&apos;s Story</title>
<title_without_series>Paco&apos;s Story</title_without_series>
<link><![CDATA[https://www.goodreads.com/book/show/713055.Paco_s_Story]]></link>
<small_image_url><![CDATA[https://images.gr-assets.com/books/1320494499s/713055.jpg]]></small_image_url>
<image_url><![CDATA[https://images.gr-assets.com/books/1320494499m/713055.jpg]]></image_url>
<num_pages>224</num_pages>
<work>
<id>699313</id>
</work>
<isbn>1400076838</isbn>
<isbn13>9781400076833</isbn13>
<average_rating>3.78</average_rating>
<ratings_count>662</ratings_count>
<publication_year>2005</publication_year>
<publication_month>4</publication_month>
<publication_day>12</publication_day>
<authors>
<author>
<id>33009</id>
<name>Larry Heinemann</name>
<link><![CDATA[https://www.goodreads.com/author/show/33009.Larry_Heinemann]]></link>
</author>
</authors>
</book>

          <book>
<id>77691</id>
<title>The News from Paraguay</title>
<title_without_series>The News from Paraguay</title_without_series>
<link><![CDATA[https://www.goodreads.com/book/show/77691.The_News_from_Paraguay]]></link>
<small_image_url><![CDATA[https://images.gr-assets.com/books/1410132758s/77691.jpg]]></small_image_url>
<image_url><![CDATA[https://images.gr-assets.com/books/1410132758m/77691.jpg]]></image_url>
<num_pages>248</num_pages>
<work>
<id>1325348</id>
</work>
<isbn>0060934867</isbn>
<isbn13>9780060934866</isbn13>
<average_rating>3.05</average_rating>
<ratings_count>1862</ratings_count>
<publication_year>2004</publication_year>
<publication_month>11</publication_month>
<publication_day>30</publication_day>
<authors>
<author>
<id>44031</id>
<name>Lily Tuck</name>
<link><![CDATA[https://www.goodreads.com/author/show/44031.Lily_Tuck]]></link>
</author>
</authors>
</book>

          <book>
<id>9083994</id>
<title>The Last Brother</title>
<title_without_series>The Last Brother</title_without_series>
<link><![CDATA[https://www.goodreads.com/book/show/9083994-the-last-brother]]></link>
<small_image_url><![CDATA[https://images.gr-assets.com/books/1312024054s/9083994.jpg]]></small_image_url>
<image_url><![CDATA[https://images.gr-assets.com/books/1312024054m/9083994.jpg]]></image_url>
<num_pages>165</num_pages>
<work>
<id>13962226</id>
</work>
<isbn>1555975755</isbn>
<isbn13>9781555975753</isbn13>
<average_rating>3.74</average_rating>
<ratings_count>1135</ratings_count>
<publication_year>2011</publication_year>
<publication_month>2</publication_month>
<publication_day>1</publication_day>
<authors>
<author>
<id>698775</id>
<name>Nathacha Appanah</name>
<link><![CDATA[https://www.goodreads.com/author/show/698775.Nathacha_Appanah]]></link>
</author>
</authors>
</book>

          <book>
<id>796907</id>
<title>Ten North Frederick</title>
<title_without_series>Ten North Frederick</title_without_series>
<link><![CDATA[https://www.goodreads.com/book/show/796907.Ten_North_Frederick]]></link>
<small_image_url><![CDATA[https://images.gr-assets.com/books/1440620321s/796907.jpg]]></small_image_url>
<image_url><![CDATA[https://images.gr-assets.com/books/1440620321m/796907.jpg]]></image_url>
<num_pages></num_pages>
<work>
<id>1092644</id>
</work>
<isbn>0394448146</isbn>
<isbn13>9780394448145</isbn13>
<average_rating>3.73</average_rating>
<ratings_count>469</ratings_count>
<publication_year></publication_year>
<publication_month></publication_month>
<publication_day></publication_day>
<authors>
<author>
<id>27991</id>
<name>John O&apos;Hara</name>
<link><![CDATA[https://www.goodreads.com/author/show/27991.John_O_Hara]]></link>
</author>
</authors>
</book>

          <book>
<id>930392</id>
<title>The Waters of Kronos</title>
<title_without_series>The Waters of Kronos</title_without_series>
<link><![CDATA[https://www.goodreads.com/book/show/930392.The_Waters_of_Kronos]]></link>
<small_image_url><![CDATA[https://s.gr-assets.com/assets/nophoto/book/50x75-a91bf249278a81aabab721ef782c4a74.png]]></small_image_url>
<image_url><![CDATA[https://s.gr-assets.com/assets/nophoto/book/111x148-bcc042a9c91a29c1d680899eff700a03.png]]></image_url>
<num_pages>176</num_pages>
<work>
<id>915385</id>
</work>
<isbn>027102240X</isbn>
<isbn13>9780271022406</isbn13>
<average_rating>3.55</average_rating>
<ratings_count>217</ratings_count>
<publication_year>2003</publication_year>
<publication_month>1</publication_month>
<publication_day>8</publication_day>
<authors>
<author>
<id>8559</id>
<name>Conrad Richter</name>
<link><![CDATA[https://www.goodreads.com/author/show/8559.Conrad_Richter]]></link>
</author>
</authors>
</book>

          <book>
<id>9749711</id>
<title>Silver Sparrow</title>
<title_without_series>Silver Sparrow</title_without_series>
<link><![CDATA[https://www.goodreads.com/book/show/9749711-silver-sparrow]]></link>
<small_image_url><![CDATA[https://images.gr-assets.com/books/1327358458s/9749711.jpg]]></small_image_url>
<image_url><![CDATA[https://images.gr-assets.com/books/1327358458m/9749711.jpg]]></image_url>
<num_pages></num_pages>
<work>
<id>14638927</id>
</work>
<isbn>1565129903</isbn>
<isbn13>9781565129900</isbn13>
<average_rating>3.74</average_rating>
<ratings_count>9315</ratings_count>
<publication_year></publication_year>
<publication_month></publication_month>
<publication_day></publication_day>
<authors>
<author>
<id>292970</id>
<name>Tayari Jones</name>
<link><![CDATA[https://www.goodreads.com/author/show/292970.Tayari_Jones]]></link>
</author>
</authors>
</book>

          <book>
<id>4682558</id>
<title>The Book of Night Women</title>
<title_without_series>The Book of Night Women</title_without_series>
<link><![CDATA[https://www.goodreads.com/book/show/4682558-the-book-of-night-women]]></link>
<small_image_url><![CDATA[https://s.gr-assets.com/assets/nophoto/book/50x75-a91bf249278a81aabab721ef782c4a74.png]]></small_image_url>
<image_url><![CDATA[https://s.gr-assets.com/assets/nophoto/book/111x148-bcc042a9c91a29c1d680899eff700a03.png]]></image_url>
<num_pages>417</num_pages>
<work>
<id>4733113</id>
</work>
<isbn>1594488576</isbn>
<isbn13>9781594488573</isbn13>
<average_rating>4.32</average_rating>
<ratings_count>5542</ratings_count>
<publication_year></publication_year>
<publication_month></publication_month>
<publication_day></publication_day>
<authors>
<author>
<id>56064</id>
<name>Marlon James</name>
<link><![CDATA[https://www.goodreads.com/author/show/56064.Marlon_James]]></link>
</author>
</authors>
</book>

  </similar_books>
</book>

</GoodreadsResponse>