<?xml version="1.0" encoding="UTF-8"?>
<GoodreadsResponse>
  <Request>
    <authentication>true</authentication>
      <key><![CDATA[all_men_must_serve]]></key>
    <method><![CDATA[book_show]]></method>
  </Request>
  <book>
  <id>1085771</id>
  <title><![CDATA[The Walking Dead, Vol. 07: The Calm Before]]></title>
  <isbn><![CDATA[1582408289]]></isbn>
  <isbn13><![CDATA[9781582408286]]></isbn13>
  <asin><![CDATA[]]></asin>
  <kindle_asin><![CDATA[B015XCCD5E]]></kindle_asin>
  <marketplace_id><![CDATA[A1F83G8C2ARO7P]]></marketplace_id>
  <country_code><![CDATA[GB]]></country_code>
  <image_url>https://images.gr-assets.com/books/1289097173m/1085771.jpg</image_url>
  <small_image_url>https://images.gr-assets.com/books/1289097173s/1085771.jpg</small_image_url>
  <publication_year>2010</publication_year>
  <publication_month>11</publication_month>
  <publication_day>9</publication_day>
  <publisher>Image Comics</publisher>
  <language_code>eng</language_code>
  <is_ebook>false</is_ebook>
  <description><![CDATA[Rick et ses compagnons ont pu échapper aux griffes du Gouverneur, le leader psychopathe de la communauté de Woodbury, située aux environs du pénitencier. Un calme relatif semble être retombé sur la petite communauté et, comme un signe d'apaisement, Rick et Lori se préparent à accueillir un heureux événement. Les liens se renforcent, les tensions s'apaisent, la vigilance baisse... C'est le moment que choisit l'horreur pour frapper à nouveau !]]></description>
  <work>
  <id type="integer">1072542</id>
  <books_count type="integer">25</books_count>
  <best_book_id type="integer">1085771</best_book_id>
  <reviews_count type="integer">24285</reviews_count>
  <ratings_sum type="integer">75087</ratings_sum>
  <ratings_count type="integer">17569</ratings_count>
  <text_reviews_count type="integer">584</text_reviews_count>
  <original_publication_year type="integer">2007</original_publication_year>
  <original_publication_month type="integer">9</original_publication_month>
  <original_publication_day type="integer">26</original_publication_day>
  <original_title>The Walking Dead V 7</original_title>
  <original_language_id type="integer" nil="true"/>
  <media_type>book</media_type>
  <rating_dist>5:8139|4:6520|3:2546|2:310|1:54|total:17569</rating_dist>
  <desc_user_id type="integer">1355869</desc_user_id>
  <default_chaptering_book_id type="integer" nil="true"/>
  <default_description_language_code nil="true"/>
</work>
  <average_rating>4.27</average_rating>
  <num_pages><![CDATA[136]]></num_pages>
  <format><![CDATA[Paperback]]></format>
  <edition_information><![CDATA[]]></edition_information>
  <ratings_count><![CDATA[16778]]></ratings_count>
  <text_reviews_count><![CDATA[547]]></text_reviews_count>
  <url><![CDATA[https://www.goodreads.com/book/show/1085771.The_Walking_Dead_Vol_07]]></url>
  <link><![CDATA[https://www.goodreads.com/book/show/1085771.The_Walking_Dead_Vol_07]]></link>
  <authors>
<author>
<id>12425</id>
<name>Robert Kirkman</name>
<role></role>
<image_url nophoto='false'>
<![CDATA[https://images.gr-assets.com/authors/1238103316p5/12425.jpg]]>
</image_url>
<small_image_url nophoto='false'>
<![CDATA[https://images.gr-assets.com/authors/1238103316p2/12425.jpg]]>
</small_image_url>
<link><![CDATA[https://www.goodreads.com/author/show/12425.Robert_Kirkman]]></link>
<average_rating>4.27</average_rating>
<ratings_count>881380</ratings_count>
<text_reviews_count>37313</text_reviews_count>
</author>
<author>
<id>16962</id>
<name>Charlie Adlard</name>
<role></role>
<image_url nophoto='true'>
<![CDATA[https://s.gr-assets.com/assets/nophoto/user/m_200x266-d279b33f8eec0f27b7272477f09806be.png]]>
</image_url>
<small_image_url nophoto='true'>
<![CDATA[https://s.gr-assets.com/assets/nophoto/user/m_50x66-82093808bca726cb3249a493fbd3bd0f.png]]>
</small_image_url>
<link><![CDATA[https://www.goodreads.com/author/show/16962.Charlie_Adlard]]></link>
<average_rating>4.30</average_rating>
<ratings_count>479627</ratings_count>
<text_reviews_count>21762</text_reviews_count>
</author>
<author>
<id>16966</id>
<name>Cliff Rathburn</name>
<role></role>
<image_url nophoto='true'>
<![CDATA[https://s.gr-assets.com/assets/nophoto/user/u_200x266-e183445fd1a1b5cc7075bb1cf7043306.png]]>
</image_url>
<small_image_url nophoto='true'>
<![CDATA[https://s.gr-assets.com/assets/nophoto/user/u_50x66-632230dc9882b4352d753eedf9396530.png]]>
</small_image_url>
<link><![CDATA[https://www.goodreads.com/author/show/16966.Cliff_Rathburn]]></link>
<average_rating>4.29</average_rating>
<ratings_count>374667</ratings_count>
<text_reviews_count>16444</text_reviews_count>
</author>
</authors>

    <reviews_widget>
      <![CDATA[
        <style>
  #goodreads-widget {
    font-family: georgia, serif;
    padding: 18px 0;
    width:565px;
  }
  #goodreads-widget h1 {
    font-weight:normal;
    font-size: 16px;
    border-bottom: 1px solid #BBB596;
    margin-bottom: 0;
  }
  #goodreads-widget a {
    text-decoration: none;
    color:#660;
  }
  iframe{
    background-color: #fff;
  }
  #goodreads-widget a:hover { text-decoration: underline; }
  #goodreads-widget a:active {
    color:#660;
  }
  #gr_footer {
    width: 100%;
    border-top: 1px solid #BBB596;
    text-align: right;
  }
  #goodreads-widget .gr_branding{
    color: #382110;
    font-size: 11px;
    text-decoration: none;
    font-family: "Helvetica Neue", Helvetica, Arial, sans-serif;
  }
</style>
<div id="goodreads-widget">
  <div id="gr_header"><h1><a rel="nofollow" href="https://www.goodreads.com/book/show/1085771.The_Walking_Dead_Vol_07">The Walking Dead, Vol. 07 Reviews</a></h1></div>
  <iframe id="the_iframe" src="https://www.goodreads.com/api/reviews_widget_iframe?did=DEVELOPER_ID&amp;format=html&amp;isbn=1582408289&amp;links=660&amp;min_rating=&amp;review_back=fff&amp;stars=000&amp;text=000" width="565" height="400" frameborder="0"></iframe>
  <div id="gr_footer">
    <a class="gr_branding" target="_blank" rel="nofollow" href="https://www.goodreads.com/book/show/1085771.The_Walking_Dead_Vol_07?utm_medium=api&amp;utm_source=reviews_widget">Reviews from Goodreads.com</a>
  </div>
</div>

      ]]>
    </reviews_widget>
  <popular_shelves>
      <shelf name="graphic-novels" count="1001"/>
      <shelf name="horror" count="498"/>
      <shelf name="comics" count="463"/>
      <shelf name="cómics" count="462"/>
      <shelf name="graphic-novel" count="414"/>
      <shelf name="fiction" count="145"/>
      <shelf name="the-walking-dead" count="122"/>
      <shelf name="zombies" count="103"/>
      <shelf name="comic" count="101"/>
      <shelf name="post-apocalyptic" count="98"/>
      <shelf name="comic-books" count="97"/>
      <shelf name="comics-graphic-novels" count="92"/>
      <shelf name="currently-reading" count="89"/>
      <shelf name="zombie" count="86"/>
      <shelf name="walking-dead" count="75"/>
      <shelf name="series" count="68"/>
      <shelf name="to-read" count="63"/>
      <shelf name="graphic-novels-comics" count="61"/>
      <shelf name="dystopian" count="52"/>
      <shelf name="favorites" count="52"/>
      <shelf name="owned" count="45"/>
      <shelf name="apocalypse" count="44"/>
      <shelf name="graphic" count="41"/>
      <shelf name="dystopia" count="40"/>
      <shelf name="library" count="39"/>
      <shelf name="science-fiction" count="38"/>
      <shelf name="books-i-own" count="37"/>
      <shelf name="image" count="36"/>
      <shelf name="fantasy" count="36"/>
      <shelf name="apocalyptic" count="35"/>
      <shelf name="comics-and-graphic-novels" count="34"/>
      <shelf name="bd" count="33"/>
      <shelf name="adult" count="33"/>
      <shelf name="default" count="27"/>
      <shelf name="read-in-2015" count="26"/>
      <shelf name="image-comics" count="25"/>
      <shelf name="comic-book" count="25"/>
      <shelf name="read-in-2016" count="24"/>
      <shelf name="read-in-2013" count="24"/>
      <shelf name="sci-fi" count="24"/>
      <shelf name="robert-kirkman" count="23"/>
      <shelf name="read-comics" count="23"/>
      <shelf name="read-in-2014" count="22"/>
      <shelf name="read-in-2012" count="22"/>
      <shelf name="comics-read" count="22"/>
      <shelf name="ebook" count="22"/>
      <shelf name="survival" count="20"/>
      <shelf name="paranormal" count="18"/>
      <shelf name="graphic-novels-read" count="18"/>
      <shelf name="twd" count="15"/>
      <shelf name="thriller" count="15"/>
      <shelf name="read-in-2011" count="15"/>
      <shelf name="comics-manga" count="15"/>
      <shelf name="graphic-novels-and-comics" count="15"/>
      <shelf name="supernatural" count="14"/>
      <shelf name="read-graphic-novels" count="14"/>
      <shelf name="owned-books" count="13"/>
      <shelf name="read-in-english" count="13"/>
      <shelf name="borrowed" count="13"/>
      <shelf name="manga-comics" count="13"/>
      <shelf name="comic-graphic-novel" count="12"/>
      <shelf name="drama" count="11"/>
      <shelf name="post-apocalypse" count="11"/>
      <shelf name="graphic-novel-comic" count="11"/>
      <shelf name="5-stars" count="10"/>
      <shelf name="ebooks" count="10"/>
      <shelf name="action" count="10"/>
      <shelf name="adventure" count="10"/>
      <shelf name="read-2015" count="9"/>
      <shelf name="to-buy" count="9"/>
      <shelf name="my-books" count="9"/>
      <shelf name="graphic-novels-manga" count="9"/>
      <shelf name="fumetti" count="9"/>
      <shelf name="favourites" count="9"/>
      <shelf name="e-book" count="9"/>
      <shelf name="adult-fiction" count="9"/>
      <shelf name="graphic-novel-comics" count="9"/>
      <shelf name="graphic-novels-comic-books" count="9"/>
      <shelf name="read-2014" count="8"/>
      <shelf name="hq" count="8"/>
      <shelf name="in-english" count="8"/>
      <shelf name="graphic_novels" count="8"/>
      <shelf name="read-in-2010" count="8"/>
      <shelf name="manga" count="8"/>
      <shelf name="graphicnovels" count="8"/>
      <shelf name="sci-fi-fantasy" count="7"/>
      <shelf name="my-library" count="7"/>
      <shelf name="kindle" count="7"/>
      <shelf name="comics-and-manga" count="7"/>
      <shelf name="2012-reads" count="7"/>
      <shelf name="4-stars" count="7"/>
      <shelf name="tv" count="7"/>
      <shelf name="graphic-novel-manga" count="7"/>
      <shelf name="sequential-art" count="7"/>
      <shelf name="3-stars" count="6"/>
      <shelf name="dystopian-post-apocalyptic" count="6"/>
      <shelf name="re-read" count="6"/>
      <shelf name="comic-manga" count="6"/>
      <shelf name="graphics" count="6"/>
      <shelf name="suicide" count="6"/>
  </popular_shelves>
  <book_links>
    <book_link>
  <id>8</id>
  <name>Libraries</name>
  <link>https://www.goodreads.com/book_link/follow/8</link>
</book_link>

  </book_links>
  <buy_links>
    <buy_link>
<id>1</id>
<name>Amazon</name>
<link>https://www.goodreads.com/book_link/follow/1</link>
</buy_link>
<buy_link>
<id>10</id>
<name>Audible</name>
<link>https://www.goodreads.com/book_link/follow/10</link>
</buy_link>
<buy_link>
<id>3</id>
<name>Barnes &amp; Noble</name>
<link>https://www.goodreads.com/book_link/follow/3</link>
</buy_link>
<buy_link>
<id>1027</id>
<name>Kobo</name>
<link>https://www.goodreads.com/book_link/follow/1027</link>
</buy_link>
<buy_link>
<id>2102</id>
<name>Apple iBooks</name>
<link>https://www.goodreads.com/book_link/follow/2102</link>
</buy_link>
<buy_link>
<id>8036</id>
<name>Google Play</name>
<link>https://www.goodreads.com/book_link/follow/8036</link>
</buy_link>
<buy_link>
<id>4</id>
<name>Abebooks</name>
<link>https://www.goodreads.com/book_link/follow/4</link>
</buy_link>
<buy_link>
<id>882</id>
<name>Book Depository</name>
<link>https://www.goodreads.com/book_link/follow/882</link>
</buy_link>
<buy_link>
<id>9</id>
<name>Indigo</name>
<link>https://www.goodreads.com/book_link/follow/9</link>
</buy_link>
<buy_link>
<id>2</id>
<name>Half.com</name>
<link>https://www.goodreads.com/book_link/follow/2</link>
</buy_link>
<buy_link>
<id>5</id>
<name>Alibris</name>
<link>https://www.goodreads.com/book_link/follow/5</link>
</buy_link>
<buy_link>
<id>107</id>
<name>Better World Books</name>
<link>https://www.goodreads.com/book_link/follow/107</link>
</buy_link>
<buy_link>
<id>7</id>
<name>IndieBound</name>
<link>https://www.goodreads.com/book_link/follow/7</link>
</buy_link>

  </buy_links>
  <series_works>
    <series_work>
<id>404302</id>
<user_position>7</user_position>
<series>
<id>54615</id>
<title>
<![CDATA[
    The Walking Dead
]]>
</title>
<description>
<![CDATA[
    The Walking Dead trade paperbacks.
]]>
</description>
<note>
<![CDATA[
]]>
</note>
<series_works_count>28</series_works_count>
<primary_work_count>28</primary_work_count>
<numbered>true</numbered>
</series>

</series_work>

  </series_works>
  <similar_books>
          <book>
<id>18809215</id>
<title><![CDATA[Revival, Vol. 3: A Faraway Place]]></title>
<title_without_series><![CDATA[Revival, Vol. 3: A Faraway Place]]></title_without_series>
<link><![CDATA[https://www.goodreads.com/book/show/18809215-revival-vol-3]]></link>
<small_image_url><![CDATA[https://images.gr-assets.com/books/1384616428s/18809215.jpg]]></small_image_url>
<image_url><![CDATA[https://images.gr-assets.com/books/1384616428m/18809215.jpg]]></image_url>
<num_pages>128</num_pages>
<work>
<id>26742644</id>
</work>
<isbn>1607068605</isbn>
<isbn13>9781607068600</isbn13>
<average_rating>4.03</average_rating>
<ratings_count>1779</ratings_count>
<publication_year>2014</publication_year>
<publication_month>2</publication_month>
<publication_day>19</publication_day>
<authors>
<author>
<id>37607</id>
<name>Tim Seeley</name>
<link><![CDATA[https://www.goodreads.com/author/show/37607.Tim_Seeley]]></link>
</author>
</authors>
</book>

          <book>
<id>332631</id>
<title><![CDATA[Y: The Last Man, Vol. 2: Cycles (Y: The Last Man, #2)]]></title>
<title_without_series><![CDATA[Y: The Last Man, Vol. 2: Cycles]]></title_without_series>
<link><![CDATA[https://www.goodreads.com/book/show/332631.Y]]></link>
<small_image_url><![CDATA[https://s.gr-assets.com/assets/nophoto/book/50x75-a91bf249278a81aabab721ef782c4a74.png]]></small_image_url>
<image_url><![CDATA[https://s.gr-assets.com/assets/nophoto/book/111x148-bcc042a9c91a29c1d680899eff700a03.png]]></image_url>
<num_pages>128</num_pages>
<work>
<id>1584086</id>
</work>
<isbn>1401200761</isbn>
<isbn13>9781401200763</isbn13>
<average_rating>4.23</average_rating>
<ratings_count>31187</ratings_count>
<publication_year>2003</publication_year>
<publication_month>9</publication_month>
<publication_day>1</publication_day>
<authors>
<author>
<id>24514</id>
<name>Brian K. Vaughan</name>
<link><![CDATA[https://www.goodreads.com/author/show/24514.Brian_K_Vaughan]]></link>
</author>
</authors>
</book>

          <book>
<id>17929633</id>
<title>Chew, Vol. 7: Bad Apples</title>
<title_without_series>Chew, Vol. 7: Bad Apples</title_without_series>
<link><![CDATA[https://www.goodreads.com/book/show/17929633-chew-vol-7]]></link>
<small_image_url><![CDATA[https://images.gr-assets.com/books/1383435403s/17929633.jpg]]></small_image_url>
<image_url><![CDATA[https://images.gr-assets.com/books/1383435403m/17929633.jpg]]></image_url>
<num_pages>128</num_pages>
<work>
<id>25131327</id>
</work>
<isbn>1607067676</isbn>
<isbn13>9781607067672</isbn13>
<average_rating>4.21</average_rating>
<ratings_count>3389</ratings_count>
<publication_year>2013</publication_year>
<publication_month>8</publication_month>
<publication_day>21</publication_day>
<authors>
<author>
<id>93094</id>
<name>John Layman</name>
<link><![CDATA[https://www.goodreads.com/author/show/93094.John_Layman]]></link>
</author>
</authors>
</book>

          <book>
<id>6120349</id>
<title><![CDATA[Locke & Key, Vol. 2: Head Games]]></title>
<title_without_series><![CDATA[Locke & Key, Vol. 2: Head Games]]></title_without_series>
<link><![CDATA[https://www.goodreads.com/book/show/6120349-locke-key-vol-2]]></link>
<small_image_url><![CDATA[https://images.gr-assets.com/books/1351338040s/6120349.jpg]]></small_image_url>
<image_url><![CDATA[https://images.gr-assets.com/books/1351338040m/6120349.jpg]]></image_url>
<num_pages>160</num_pages>
<work>
<id>6298472</id>
</work>
<isbn>1600104835</isbn>
<isbn13>9781600104831</isbn13>
<average_rating>4.36</average_rating>
<ratings_count>24304</ratings_count>
<publication_year>2015</publication_year>
<publication_month>2</publication_month>
<publication_day></publication_day>
<authors>
<author>
<id>88506</id>
<name>Joe Hill</name>
<link><![CDATA[https://www.goodreads.com/author/show/88506.Joe_Hill]]></link>
</author>
</authors>
</book>

          <book>
<id>13532244</id>
<title>American Vampire, Vol. 4</title>
<title_without_series>American Vampire, Vol. 4</title_without_series>
<link><![CDATA[https://www.goodreads.com/book/show/13532244-american-vampire-vol-4]]></link>
<small_image_url><![CDATA[https://images.gr-assets.com/books/1346376061s/13532244.jpg]]></small_image_url>
<image_url><![CDATA[https://images.gr-assets.com/books/1346376061m/13532244.jpg]]></image_url>
<num_pages>208</num_pages>
<work>
<id>19093920</id>
</work>
<isbn>1401237185</isbn>
<isbn13>9781401237189</isbn13>
<average_rating>4.09</average_rating>
<ratings_count>4997</ratings_count>
<publication_year>2012</publication_year>
<publication_month>10</publication_month>
<publication_day>2</publication_day>
<authors>
<author>
<id>70026</id>
<name>Scott Snyder</name>
<link><![CDATA[https://www.goodreads.com/author/show/70026.Scott_Snyder]]></link>
</author>
</authors>
</book>

          <book>
<id>21329</id>
<title><![CDATA[Fables, Vol. 3: Storybook Love]]></title>
<title_without_series><![CDATA[Fables, Vol. 3: Storybook Love]]></title_without_series>
<link><![CDATA[https://www.goodreads.com/book/show/21329.Fables_Vol_3]]></link>
<small_image_url><![CDATA[https://images.gr-assets.com/books/1363682851s/21329.jpg]]></small_image_url>
<image_url><![CDATA[https://images.gr-assets.com/books/1363682851m/21329.jpg]]></image_url>
<num_pages>190</num_pages>
<work>
<id>1138856</id>
</work>
<isbn>140120256X</isbn>
<isbn13>9781401202569</isbn13>
<average_rating>4.15</average_rating>
<ratings_count>25220</ratings_count>
<publication_year>2004</publication_year>
<publication_month>5</publication_month>
<publication_day>1</publication_day>
<authors>
<author>
<id>12444</id>
<name>Bill Willingham</name>
<link><![CDATA[https://www.goodreads.com/author/show/12444.Bill_Willingham]]></link>
</author>
</authors>
</book>

          <book>
<id>17137619</id>
<title><![CDATA[Sweet Tooth, Volume 6: Wild Game]]></title>
<title_without_series><![CDATA[Sweet Tooth, Volume 6: Wild Game]]></title_without_series>
<link><![CDATA[https://www.goodreads.com/book/show/17137619-sweet-tooth-volume-6]]></link>
<small_image_url><![CDATA[https://images.gr-assets.com/books/1370220599s/17137619.jpg]]></small_image_url>
<image_url><![CDATA[https://images.gr-assets.com/books/1370220599m/17137619.jpg]]></image_url>
<num_pages>198</num_pages>
<work>
<id>23539659</id>
</work>
<isbn>1401240291</isbn>
<isbn13>9781401240295</isbn13>
<average_rating>4.33</average_rating>
<ratings_count>3012</ratings_count>
<publication_year></publication_year>
<publication_month></publication_month>
<publication_day></publication_day>
<authors>
<author>
<id>543719</id>
<name>Jeff Lemire</name>
<link><![CDATA[https://www.goodreads.com/author/show/543719.Jeff_Lemire]]></link>
</author>
</authors>
</book>

          <book>
<id>3596856</id>
<title><![CDATA[DMZ, Vol. 6: Blood in the Game]]></title>
<title_without_series><![CDATA[DMZ, Vol. 6: Blood in the Game]]></title_without_series>
<link><![CDATA[https://www.goodreads.com/book/show/3596856-dmz-vol-6]]></link>
<small_image_url><![CDATA[https://s.gr-assets.com/assets/nophoto/book/50x75-a91bf249278a81aabab721ef782c4a74.png]]></small_image_url>
<image_url><![CDATA[https://s.gr-assets.com/assets/nophoto/book/111x148-bcc042a9c91a29c1d680899eff700a03.png]]></image_url>
<num_pages>144</num_pages>
<work>
<id>3639539</id>
</work>
<isbn>1401221300</isbn>
<isbn13>9781401221300</isbn13>
<average_rating>3.98</average_rating>
<ratings_count>2492</ratings_count>
<publication_year>2009</publication_year>
<publication_month>2</publication_month>
<publication_day>17</publication_day>
<authors>
<author>
<id>20493</id>
<name>Brian Wood</name>
<link><![CDATA[https://www.goodreads.com/author/show/20493.Brian_Wood]]></link>
</author>
</authors>
</book>

          <book>
<id>690290</id>
<title><![CDATA[The Goon, Volume 2: My Murderous Childhood (and Other Grievous Yarns)]]></title>
<title_without_series><![CDATA[The Goon, Volume 2: My Murderous Childhood]]></title_without_series>
<link><![CDATA[https://www.goodreads.com/book/show/690290.The_Goon_Volume_2]]></link>
<small_image_url><![CDATA[https://images.gr-assets.com/books/1341277357s/690290.jpg]]></small_image_url>
<image_url><![CDATA[https://images.gr-assets.com/books/1341277357m/690290.jpg]]></image_url>
<num_pages>128</num_pages>
<work>
<id>676637</id>
</work>
<isbn>1593071094</isbn>
<isbn13>9781593071097</isbn13>
<average_rating>4.24</average_rating>
<ratings_count>1584</ratings_count>
<publication_year>2004</publication_year>
<publication_month>5</publication_month>
<publication_day>18</publication_day>
<authors>
<author>
<id>66497</id>
<name>Eric Powell</name>
<link><![CDATA[https://www.goodreads.com/author/show/66497.Eric_Powell]]></link>
</author>
</authors>
</book>

          <book>
<id>4184715</id>
<title><![CDATA[The Boys, Volume 3: Good For The Soul]]></title>
<title_without_series><![CDATA[The Boys, Volume 3: Good For The Soul]]></title_without_series>
<link><![CDATA[https://www.goodreads.com/book/show/4184715-the-boys-volume-3]]></link>
<small_image_url><![CDATA[https://images.gr-assets.com/books/1353827662s/4184715.jpg]]></small_image_url>
<image_url><![CDATA[https://images.gr-assets.com/books/1353827662m/4184715.jpg]]></image_url>
<num_pages></num_pages>
<work>
<id>4232030</id>
</work>
<isbn>1933305924</isbn>
<isbn13>9781933305929</isbn13>
<average_rating>4.10</average_rating>
<ratings_count>3459</ratings_count>
<publication_year></publication_year>
<publication_month></publication_month>
<publication_day></publication_day>
<authors>
<author>
<id>14965</id>
<name>Garth Ennis</name>
<link><![CDATA[https://www.goodreads.com/author/show/14965.Garth_Ennis]]></link>
</author>
</authors>
</book>

  </similar_books>
</book>

</GoodreadsResponse>