<?xml version="1.0" encoding="UTF-8"?>
<GoodreadsResponse>
  <Request>
    <authentication>true</authentication>
      <key><![CDATA[all_men_must_serve]]></key>
    <method><![CDATA[book_show]]></method>
  </Request>
  <book>
  <id>10866233</id>
  <title>The List</title>
  <isbn><![CDATA[0545169178]]></isbn>
  <isbn13><![CDATA[9780545169172]]></isbn13>
  <asin><![CDATA[]]></asin>
  <kindle_asin><![CDATA[B018RLPB66]]></kindle_asin>
  <marketplace_id><![CDATA[A1F83G8C2ARO7P]]></marketplace_id>
  <country_code><![CDATA[GB]]></country_code>
  <image_url>https://images.gr-assets.com/books/1439733432m/10866233.jpg</image_url>
  <small_image_url>https://images.gr-assets.com/books/1439733432s/10866233.jpg</small_image_url>
  <publication_year>2012</publication_year>
  <publication_month>4</publication_month>
  <publication_day>1</publication_day>
  <publisher> Push</publisher>
  <language_code>eng</language_code>
  <is_ebook>false</is_ebook>
  <description><![CDATA[An intense look at the rules of high school attraction - and the price that's paid for them.<br /><br />It happens every year. A list is posted, and one girl from each grade is chosen as the prettiest, and another is chosen as the ugliest. Nobody knows who makes the list. It almost doesn't matter. The damage is done the minute it goes up.<br /><br />This is the story of eight girls, freshman to senior, "pretty" and "ugly." And it's also the story of how we see ourselves, and how other people see us, and the tangled connection of the two.]]></description>
  <work>
  <id type="integer">15781430</id>
  <books_count type="integer">8</books_count>
  <best_book_id type="integer">10866233</best_book_id>
  <reviews_count type="integer">46139</reviews_count>
  <ratings_sum type="integer">64823</ratings_sum>
  <ratings_count type="integer">18719</ratings_count>
  <text_reviews_count type="integer">2601</text_reviews_count>
  <original_publication_year type="integer">2012</original_publication_year>
  <original_publication_month type="integer">4</original_publication_month>
  <original_publication_day type="integer">1</original_publication_day>
  <original_title>The List</original_title>
  <original_language_id type="integer" nil="true"/>
  <media_type>book</media_type>
  <rating_dist>5:3612|4:5479|3:6338|2:2543|1:747|total:18719</rating_dist>
  <desc_user_id type="integer">2075644</desc_user_id>
  <default_chaptering_book_id type="integer" nil="true"/>
  <default_description_language_code nil="true"/>
</work>
  <average_rating>3.46</average_rating>
  <num_pages><![CDATA[336]]></num_pages>
  <format><![CDATA[Hardcover]]></format>
  <edition_information><![CDATA[]]></edition_information>
  <ratings_count><![CDATA[16584]]></ratings_count>
  <text_reviews_count><![CDATA[2353]]></text_reviews_count>
  <url><![CDATA[https://www.goodreads.com/book/show/10866233-the-list]]></url>
  <link><![CDATA[https://www.goodreads.com/book/show/10866233-the-list]]></link>
  <authors>
<author>
<id>800187</id>
<name>Siobhan Vivian</name>
<role></role>
<image_url nophoto='false'>
<![CDATA[https://images.gr-assets.com/authors/1447441386p5/800187.jpg]]>
</image_url>
<small_image_url nophoto='false'>
<![CDATA[https://images.gr-assets.com/authors/1447441386p2/800187.jpg]]>
</small_image_url>
<link><![CDATA[https://www.goodreads.com/author/show/800187.Siobhan_Vivian]]></link>
<average_rating>3.74</average_rating>
<ratings_count>74107</ratings_count>
<text_reviews_count>10051</text_reviews_count>
</author>
</authors>

    <reviews_widget>
      <![CDATA[
        <style>
  #goodreads-widget {
    font-family: georgia, serif;
    padding: 18px 0;
    width:565px;
  }
  #goodreads-widget h1 {
    font-weight:normal;
    font-size: 16px;
    border-bottom: 1px solid #BBB596;
    margin-bottom: 0;
  }
  #goodreads-widget a {
    text-decoration: none;
    color:#660;
  }
  iframe{
    background-color: #fff;
  }
  #goodreads-widget a:hover { text-decoration: underline; }
  #goodreads-widget a:active {
    color:#660;
  }
  #gr_footer {
    width: 100%;
    border-top: 1px solid #BBB596;
    text-align: right;
  }
  #goodreads-widget .gr_branding{
    color: #382110;
    font-size: 11px;
    text-decoration: none;
    font-family: "Helvetica Neue", Helvetica, Arial, sans-serif;
  }
</style>
<div id="goodreads-widget">
  <div id="gr_header"><h1><a rel="nofollow" href="https://www.goodreads.com/book/show/10866233-the-list">The List Reviews</a></h1></div>
  <iframe id="the_iframe" src="https://www.goodreads.com/api/reviews_widget_iframe?did=DEVELOPER_ID&amp;format=html&amp;isbn=0545169178&amp;links=660&amp;min_rating=&amp;review_back=fff&amp;stars=000&amp;text=000" width="565" height="400" frameborder="0"></iframe>
  <div id="gr_footer">
    <a class="gr_branding" target="_blank" rel="nofollow" href="https://www.goodreads.com/book/show/10866233-the-list?utm_medium=api&amp;utm_source=reviews_widget">Reviews from Goodreads.com</a>
  </div>
</div>

      ]]>
    </reviews_widget>
  <popular_shelves>
      <shelf name="to-read" count="22701"/>
      <shelf name="currently-reading" count="928"/>
      <shelf name="young-adult" count="566"/>
      <shelf name="ya" count="336"/>
      <shelf name="contemporary" count="248"/>
      <shelf name="favorites" count="152"/>
      <shelf name="realistic-fiction" count="152"/>
      <shelf name="fiction" count="117"/>
      <shelf name="books-i-own" count="112"/>
      <shelf name="teen" count="76"/>
      <shelf name="high-school" count="69"/>
      <shelf name="chick-lit" count="61"/>
      <shelf name="owned" count="55"/>
      <shelf name="stand-alone" count="50"/>
      <shelf name="library" count="49"/>
      <shelf name="read-in-2012" count="45"/>
      <shelf name="romance" count="45"/>
      <shelf name="ya-fiction" count="41"/>
      <shelf name="realistic" count="39"/>
      <shelf name="to-buy" count="36"/>
      <shelf name="wish-list" count="34"/>
      <shelf name="kindle" count="33"/>
      <shelf name="ebook" count="33"/>
      <shelf name="bullying" count="33"/>
      <shelf name="ya-contemporary" count="30"/>
      <shelf name="young-adult-fiction" count="28"/>
      <shelf name="read-in-2016" count="27"/>
      <shelf name="read-in-2014" count="26"/>
      <shelf name="owned-books" count="26"/>
      <shelf name="read-in-2013" count="25"/>
      <shelf name="friendship" count="25"/>
      <shelf name="dnf" count="23"/>
      <shelf name="ebooks" count="23"/>
      <shelf name="arc" count="23"/>
      <shelf name="maybe" count="23"/>
      <shelf name="my-books" count="22"/>
      <shelf name="read-in-2015" count="20"/>
      <shelf name="contemporary-fiction" count="20"/>
      <shelf name="drama" count="20"/>
      <shelf name="2012-release" count="20"/>
      <shelf name="library-books" count="19"/>
      <shelf name="read-2012" count="19"/>
      <shelf name="2012-reads" count="19"/>
      <shelf name="stand-alones" count="18"/>
      <shelf name="want-to-read" count="18"/>
      <shelf name="ya-lit" count="17"/>
      <shelf name="contemporary-ya" count="17"/>
      <shelf name="multiple-pov" count="16"/>
      <shelf name="reviewed" count="16"/>
      <shelf name="teen-fiction" count="16"/>
      <shelf name="did-not-finish" count="15"/>
      <shelf name="i-own" count="15"/>
      <shelf name="maybe-read" count="15"/>
      <shelf name="read-2014" count="14"/>
      <shelf name="2012-releases" count="14"/>
      <shelf name="school" count="13"/>
      <shelf name="standalone" count="13"/>
      <shelf name="read-2016" count="12"/>
      <shelf name="ya-books" count="12"/>
      <shelf name="ya-realistic-fiction" count="12"/>
      <shelf name="relationships" count="12"/>
      <shelf name="audiobook" count="11"/>
      <shelf name="books-to-buy" count="11"/>
      <shelf name="e-books" count="11"/>
      <shelf name="meh" count="11"/>
      <shelf name="for-review" count="11"/>
      <shelf name="teen-books" count="11"/>
      <shelf name="youngadult" count="11"/>
      <shelf name="read-2015" count="10"/>
      <shelf name="summer-2014" count="10"/>
      <shelf name="didn-t-finish" count="10"/>
      <shelf name="books-i-have" count="10"/>
      <shelf name="tbr" count="10"/>
      <shelf name="kindle-books" count="10"/>
      <shelf name="english" count="10"/>
      <shelf name="ya-to-read" count="10"/>
      <shelf name="2015-reads" count="9"/>
      <shelf name="2014-reads" count="9"/>
      <shelf name="have" count="9"/>
      <shelf name="books" count="9"/>
      <shelf name="sub" count="9"/>
      <shelf name="book-club" count="9"/>
      <shelf name="3-stars" count="9"/>
      <shelf name="favourites" count="9"/>
      <shelf name="girly" count="9"/>
      <shelf name="borrowed" count="9"/>
      <shelf name="read-in-english" count="9"/>
      <shelf name="4-stars" count="9"/>
      <shelf name="ya-novels" count="9"/>
      <shelf name="lost-interest" count="9"/>
      <shelf name="coming-of-age" count="9"/>
      <shelf name="abandoned" count="9"/>
      <shelf name="need-to-buy" count="9"/>
      <shelf name="must-read" count="9"/>
      <shelf name="siobhan-vivian" count="9"/>
      <shelf name="read-in-2017" count="8"/>
      <shelf name="netgalley" count="8"/>
      <shelf name="2016-reads" count="8"/>
      <shelf name="scanned" count="8"/>
      <shelf name="read-2013" count="8"/>
  </popular_shelves>
  <book_links>
    <book_link>
  <id>8</id>
  <name>Libraries</name>
  <link>https://www.goodreads.com/book_link/follow/8</link>
</book_link>

  </book_links>
  <buy_links>
    <buy_link>
<id>1</id>
<name>Amazon</name>
<link>https://www.goodreads.com/book_link/follow/1</link>
</buy_link>
<buy_link>
<id>10</id>
<name>Audible</name>
<link>https://www.goodreads.com/book_link/follow/10</link>
</buy_link>
<buy_link>
<id>3</id>
<name>Barnes &amp; Noble</name>
<link>https://www.goodreads.com/book_link/follow/3</link>
</buy_link>
<buy_link>
<id>1027</id>
<name>Kobo</name>
<link>https://www.goodreads.com/book_link/follow/1027</link>
</buy_link>
<buy_link>
<id>2102</id>
<name>Apple iBooks</name>
<link>https://www.goodreads.com/book_link/follow/2102</link>
</buy_link>
<buy_link>
<id>8036</id>
<name>Google Play</name>
<link>https://www.goodreads.com/book_link/follow/8036</link>
</buy_link>
<buy_link>
<id>4</id>
<name>Abebooks</name>
<link>https://www.goodreads.com/book_link/follow/4</link>
</buy_link>
<buy_link>
<id>882</id>
<name>Book Depository</name>
<link>https://www.goodreads.com/book_link/follow/882</link>
</buy_link>
<buy_link>
<id>9</id>
<name>Indigo</name>
<link>https://www.goodreads.com/book_link/follow/9</link>
</buy_link>
<buy_link>
<id>2</id>
<name>Half.com</name>
<link>https://www.goodreads.com/book_link/follow/2</link>
</buy_link>
<buy_link>
<id>5</id>
<name>Alibris</name>
<link>https://www.goodreads.com/book_link/follow/5</link>
</buy_link>
<buy_link>
<id>107</id>
<name>Better World Books</name>
<link>https://www.goodreads.com/book_link/follow/107</link>
</buy_link>
<buy_link>
<id>7</id>
<name>IndieBound</name>
<link>https://www.goodreads.com/book_link/follow/7</link>
</buy_link>

  </buy_links>
  <series_works>
    
  </series_works>
  <similar_books>
          <book>
<id>11699323</id>
<title><![CDATA[Freshman Year & Other Unnatural Disasters]]></title>
<title_without_series><![CDATA[Freshman Year & Other Unnatural Disasters]]></title_without_series>
<link><![CDATA[https://www.goodreads.com/book/show/11699323-freshman-year-other-unnatural-disasters]]></link>
<small_image_url><![CDATA[https://images.gr-assets.com/books/1314883523s/11699323.jpg]]></small_image_url>
<image_url><![CDATA[https://images.gr-assets.com/books/1314883523m/11699323.jpg]]></image_url>
<num_pages>282</num_pages>
<work>
<id>16646431</id>
</work>
<isbn>0399254234</isbn>
<isbn13>9780399254239</isbn13>
<average_rating>3.82</average_rating>
<ratings_count>1314</ratings_count>
<publication_year>2012</publication_year>
<publication_month>3</publication_month>
<publication_day>1</publication_day>
<authors>
<author>
<id>3251352</id>
<name>Meredith Zeitlin</name>
<link><![CDATA[https://www.goodreads.com/author/show/3251352.Meredith_Zeitlin]]></link>
</author>
</authors>
</book>

          <book>
<id>9268789</id>
<title>Purity</title>
<title_without_series>Purity</title_without_series>
<link><![CDATA[https://www.goodreads.com/book/show/9268789-purity]]></link>
<small_image_url><![CDATA[https://images.gr-assets.com/books/1326474250s/9268789.jpg]]></small_image_url>
<image_url><![CDATA[https://images.gr-assets.com/books/1326474250m/9268789.jpg]]></image_url>
<num_pages>218</num_pages>
<work>
<id>14150414</id>
</work>
<isbn>031618246X</isbn>
<isbn13>9780316182461</isbn13>
<average_rating>3.40</average_rating>
<ratings_count>1804</ratings_count>
<publication_year>2012</publication_year>
<publication_month>4</publication_month>
<publication_day>24</publication_day>
<authors>
<author>
<id>2761947</id>
<name>Jackson Pearce</name>
<link><![CDATA[https://www.goodreads.com/author/show/2761947.Jackson_Pearce]]></link>
</author>
</authors>
</book>

          <book>
<id>10194548</id>
<title>Ditched: A Love Story</title>
<title_without_series>Ditched: A Love Story</title_without_series>
<link><![CDATA[https://www.goodreads.com/book/show/10194548-ditched]]></link>
<small_image_url><![CDATA[https://images.gr-assets.com/books/1327879478s/10194548.jpg]]></small_image_url>
<image_url><![CDATA[https://images.gr-assets.com/books/1327879478m/10194548.jpg]]></image_url>
<num_pages>277</num_pages>
<work>
<id>15093724</id>
</work>
<isbn>1423143388</isbn>
<isbn13>9781423143383</isbn13>
<average_rating>3.60</average_rating>
<ratings_count>3205</ratings_count>
<publication_year>2012</publication_year>
<publication_month>1</publication_month>
<publication_day>10</publication_day>
<authors>
<author>
<id>4575379</id>
<name>Robin Mellom</name>
<link><![CDATA[https://www.goodreads.com/author/show/4575379.Robin_Mellom]]></link>
</author>
</authors>
</book>

          <book>
<id>11984469</id>
<title>Supergirl Mixtapes</title>
<title_without_series>Supergirl Mixtapes</title_without_series>
<link><![CDATA[https://www.goodreads.com/book/show/11984469-supergirl-mixtapes]]></link>
<small_image_url><![CDATA[https://images.gr-assets.com/books/1317794523s/11984469.jpg]]></small_image_url>
<image_url><![CDATA[https://images.gr-assets.com/books/1317794523m/11984469.jpg]]></image_url>
<num_pages>245</num_pages>
<work>
<id>16948023</id>
</work>
<isbn>0805080813</isbn>
<isbn13>9780805080810</isbn13>
<average_rating>3.47</average_rating>
<ratings_count>448</ratings_count>
<publication_year>2012</publication_year>
<publication_month>4</publication_month>
<publication_day>24</publication_day>
<authors>
<author>
<id>999247</id>
<name>Meagan Brothers</name>
<link><![CDATA[https://www.goodreads.com/author/show/999247.Meagan_Brothers]]></link>
</author>
</authors>
</book>

          <book>
<id>11534332</id>
<title>Irises</title>
<title_without_series>Irises</title_without_series>
<link><![CDATA[https://www.goodreads.com/book/show/11534332-irises]]></link>
<small_image_url><![CDATA[https://images.gr-assets.com/books/1310098792s/11534332.jpg]]></small_image_url>
<image_url><![CDATA[https://images.gr-assets.com/books/1310098792m/11534332.jpg]]></image_url>
<num_pages>288</num_pages>
<work>
<id>16472782</id>
</work>
<isbn>054515135X</isbn>
<isbn13>9780545151351</isbn13>
<average_rating>3.31</average_rating>
<ratings_count>823</ratings_count>
<publication_year>2012</publication_year>
<publication_month>1</publication_month>
<publication_day>1</publication_day>
<authors>
<author>
<id>1379540</id>
<name>Francisco X. Stork</name>
<link><![CDATA[https://www.goodreads.com/author/show/1379540.Francisco_X_Stork]]></link>
</author>
</authors>
</book>

          <book>
<id>11775171</id>
<title>Thou Shalt Not Road Trip</title>
<title_without_series>Thou Shalt Not Road Trip</title_without_series>
<link><![CDATA[https://www.goodreads.com/book/show/11775171-thou-shalt-not-road-trip]]></link>
<small_image_url><![CDATA[https://images.gr-assets.com/books/1333755628s/11775171.jpg]]></small_image_url>
<image_url><![CDATA[https://images.gr-assets.com/books/1333755628m/11775171.jpg]]></image_url>
<num_pages>336</num_pages>
<work>
<id>16726635</id>
</work>
<isbn>0803734344</isbn>
<isbn13>9780803734340</isbn13>
<average_rating>3.39</average_rating>
<ratings_count>648</ratings_count>
<publication_year>2012</publication_year>
<publication_month>4</publication_month>
<publication_day>12</publication_day>
<authors>
<author>
<id>1441644</id>
<name>Antony John</name>
<link><![CDATA[https://www.goodreads.com/author/show/1441644.Antony_John]]></link>
</author>
</authors>
</book>

          <book>
<id>11979900</id>
<title>Take a Bow</title>
<title_without_series>Take a Bow</title_without_series>
<link><![CDATA[https://www.goodreads.com/book/show/11979900-take-a-bow]]></link>
<small_image_url><![CDATA[https://images.gr-assets.com/books/1344675629s/11979900.jpg]]></small_image_url>
<image_url><![CDATA[https://images.gr-assets.com/books/1344675629m/11979900.jpg]]></image_url>
<num_pages>278</num_pages>
<work>
<id>16943257</id>
</work>
<isbn>0545334748</isbn>
<isbn13>9780545334747</isbn13>
<average_rating>3.91</average_rating>
<ratings_count>6001</ratings_count>
<publication_year>2012</publication_year>
<publication_month>4</publication_month>
<publication_day>1</publication_day>
<authors>
<author>
<id>2983974</id>
<name>Elizabeth Eulberg</name>
<link><![CDATA[https://www.goodreads.com/author/show/2983974.Elizabeth_Eulberg]]></link>
</author>
</authors>
</book>

          <book>
<id>11886526</id>
<title>The Story of Us</title>
<title_without_series>The Story of Us</title_without_series>
<link><![CDATA[https://www.goodreads.com/book/show/11886526-the-story-of-us]]></link>
<small_image_url><![CDATA[https://images.gr-assets.com/books/1327881683s/11886526.jpg]]></small_image_url>
<image_url><![CDATA[https://images.gr-assets.com/books/1327881683m/11886526.jpg]]></image_url>
<num_pages>389</num_pages>
<work>
<id>16845241</id>
</work>
<isbn>1442423463</isbn>
<isbn13>9781442423466</isbn13>
<average_rating>3.68</average_rating>
<ratings_count>5744</ratings_count>
<publication_year>2012</publication_year>
<publication_month>4</publication_month>
<publication_day>24</publication_day>
<authors>
<author>
<id>135786</id>
<name>Deb Caletti</name>
<link><![CDATA[https://www.goodreads.com/author/show/135786.Deb_Caletti]]></link>
</author>
</authors>
</book>

          <book>
<id>11724858</id>
<title>Where It Began</title>
<title_without_series>Where It Began</title_without_series>
<link><![CDATA[https://www.goodreads.com/book/show/11724858-where-it-began]]></link>
<small_image_url><![CDATA[https://images.gr-assets.com/books/1331687791s/11724858.jpg]]></small_image_url>
<image_url><![CDATA[https://images.gr-assets.com/books/1331687791m/11724858.jpg]]></image_url>
<num_pages>369</num_pages>
<work>
<id>16672439</id>
</work>
<isbn>1442423218</isbn>
<isbn13>9781442423213</isbn13>
<average_rating>3.41</average_rating>
<ratings_count>3302</ratings_count>
<publication_year></publication_year>
<publication_month></publication_month>
<publication_day></publication_day>
<authors>
<author>
<id>4949584</id>
<name>Ann Redisch Stampler</name>
<link><![CDATA[https://www.goodreads.com/author/show/4949584.Ann_Redisch_Stampler]]></link>
</author>
</authors>
</book>

          <book>
<id>12988064</id>
<title>Reunited</title>
<title_without_series>Reunited</title_without_series>
<link><![CDATA[https://www.goodreads.com/book/show/12988064-reunited]]></link>
<small_image_url><![CDATA[https://images.gr-assets.com/books/1327899537s/12988064.jpg]]></small_image_url>
<image_url><![CDATA[https://images.gr-assets.com/books/1327899537m/12988064.jpg]]></image_url>
<num_pages>325</num_pages>
<work>
<id>13402780</id>
</work>
<isbn>144243984X</isbn>
<isbn13>9781442439849</isbn13>
<average_rating>3.67</average_rating>
<ratings_count>1637</ratings_count>
<publication_year>2012</publication_year>
<publication_month>6</publication_month>
<publication_day>12</publication_day>
<authors>
<author>
<id>4106085</id>
<name>Hilary Weisman Graham</name>
<link><![CDATA[https://www.goodreads.com/author/show/4106085.Hilary_Weisman_Graham]]></link>
</author>
</authors>
</book>

          <book>
<id>10413869</id>
<title>Someone Else&apos;s Life</title>
<title_without_series>Someone Else&apos;s Life</title_without_series>
<link><![CDATA[https://www.goodreads.com/book/show/10413869-someone-else-s-life]]></link>
<small_image_url><![CDATA[https://images.gr-assets.com/books/1328386297s/10413869.jpg]]></small_image_url>
<image_url><![CDATA[https://images.gr-assets.com/books/1328386297m/10413869.jpg]]></image_url>
<num_pages>485</num_pages>
<work>
<id>15318074</id>
</work>
<isbn>0857071416</isbn>
<isbn13>9780857071415</isbn13>
<average_rating>3.89</average_rating>
<ratings_count>4361</ratings_count>
<publication_year>2012</publication_year>
<publication_month>2</publication_month>
<publication_day>2</publication_day>
<authors>
<author>
<id>4632961</id>
<name>Katie Dale</name>
<link><![CDATA[https://www.goodreads.com/author/show/4632961.Katie_Dale]]></link>
</author>
</authors>
</book>

          <book>
<id>11182074</id>
<title><![CDATA[Pretty Crooked (Pretty Crooked, #1)]]></title>
<title_without_series>Pretty Crooked</title_without_series>
<link><![CDATA[https://www.goodreads.com/book/show/11182074-pretty-crooked]]></link>
<small_image_url><![CDATA[https://images.gr-assets.com/books/1309195599s/11182074.jpg]]></small_image_url>
<image_url><![CDATA[https://images.gr-assets.com/books/1309195599m/11182074.jpg]]></image_url>
<num_pages>358</num_pages>
<work>
<id>16106655</id>
</work>
<isbn>0062066064</isbn>
<isbn13>9780062066060</isbn13>
<average_rating>3.59</average_rating>
<ratings_count>2134</ratings_count>
<publication_year>2012</publication_year>
<publication_month>3</publication_month>
<publication_day>13</publication_day>
<authors>
<author>
<id>45927</id>
<name>Elisa Ludwig</name>
<link><![CDATA[https://www.goodreads.com/author/show/45927.Elisa_Ludwig]]></link>
</author>
</authors>
</book>

          <book>
<id>11797479</id>
<title>7 Clues to Winning You</title>
<title_without_series>7 Clues to Winning You</title_without_series>
<link><![CDATA[https://www.goodreads.com/book/show/11797479-7-clues-to-winning-you]]></link>
<small_image_url><![CDATA[https://images.gr-assets.com/books/1413160143s/11797479.jpg]]></small_image_url>
<image_url><![CDATA[https://images.gr-assets.com/books/1413160143m/11797479.jpg]]></image_url>
<num_pages>252</num_pages>
<work>
<id>19202918</id>
</work>
<isbn>0692275789</isbn>
<isbn13>9780692275788</isbn13>
<average_rating>3.88</average_rating>
<ratings_count>1858</ratings_count>
<publication_year>2014</publication_year>
<publication_month>8</publication_month>
<publication_day>19</publication_day>
<authors>
<author>
<id>2414644</id>
<name>Kristin Walker</name>
<link><![CDATA[https://www.goodreads.com/author/show/2414644.Kristin_Walker]]></link>
</author>
</authors>
</book>

          <book>
<id>10914560</id>
<title>Breaking Beautiful</title>
<title_without_series>Breaking Beautiful</title_without_series>
<link><![CDATA[https://www.goodreads.com/book/show/10914560-breaking-beautiful]]></link>
<small_image_url><![CDATA[https://images.gr-assets.com/books/1311740644s/10914560.jpg]]></small_image_url>
<image_url><![CDATA[https://images.gr-assets.com/books/1311740644m/10914560.jpg]]></image_url>
<num_pages>354</num_pages>
<work>
<id>15830837</id>
</work>
<isbn>0802723527</isbn>
<isbn13>9780802723529</isbn13>
<average_rating>3.96</average_rating>
<ratings_count>5159</ratings_count>
<publication_year>2012</publication_year>
<publication_month>4</publication_month>
<publication_day>24</publication_day>
<authors>
<author>
<id>4750309</id>
<name>Jennifer Shaw Wolf</name>
<link><![CDATA[https://www.goodreads.com/author/show/4750309.Jennifer_Shaw_Wolf]]></link>
</author>
</authors>
</book>

          <book>
<id>11983951</id>
<title>Shooting Stars</title>
<title_without_series>Shooting Stars</title_without_series>
<link><![CDATA[https://www.goodreads.com/book/show/11983951-shooting-stars]]></link>
<small_image_url><![CDATA[https://images.gr-assets.com/books/1312225655s/11983951.jpg]]></small_image_url>
<image_url><![CDATA[https://images.gr-assets.com/books/1312225655m/11983951.jpg]]></image_url>
<num_pages></num_pages>
<work>
<id>16947488</id>
</work>
<isbn>0802722989</isbn>
<isbn13>9780802722980</isbn13>
<average_rating>3.64</average_rating>
<ratings_count>3604</ratings_count>
<publication_year>2012</publication_year>
<publication_month>2</publication_month>
<publication_day>28</publication_day>
<authors>
<author>
<id>103615</id>
<name>Allison Rushby</name>
<link><![CDATA[https://www.goodreads.com/author/show/103615.Allison_Rushby]]></link>
</author>
</authors>
</book>

          <book>
<id>11788433</id>
<title>In Too Deep</title>
<title_without_series>In Too Deep</title_without_series>
<link><![CDATA[https://www.goodreads.com/book/show/11788433-in-too-deep]]></link>
<small_image_url><![CDATA[https://images.gr-assets.com/books/1327879552s/11788433.jpg]]></small_image_url>
<image_url><![CDATA[https://images.gr-assets.com/books/1327879552m/11788433.jpg]]></image_url>
<num_pages>228</num_pages>
<work>
<id>16108105</id>
</work>
<isbn>0738726001</isbn>
<isbn13>9780738726007</isbn13>
<average_rating>3.51</average_rating>
<ratings_count>1444</ratings_count>
<publication_year>2012</publication_year>
<publication_month>2</publication_month>
<publication_day>8</publication_day>
<authors>
<author>
<id>3161921</id>
<name>Amanda Grace</name>
<link><![CDATA[https://www.goodreads.com/author/show/3161921.Amanda_Grace]]></link>
</author>
</authors>
</book>

          <book>
<id>12814519</id>
<title>Belles (Belles, #1)</title>
<title_without_series>Belles</title_without_series>
<link><![CDATA[https://www.goodreads.com/book/show/12814519-belles]]></link>
<small_image_url><![CDATA[https://images.gr-assets.com/books/1319591576s/12814519.jpg]]></small_image_url>
<image_url><![CDATA[https://images.gr-assets.com/books/1319591576m/12814519.jpg]]></image_url>
<num_pages>356</num_pages>
<work>
<id>17935556</id>
</work>
<isbn>0316091138</isbn>
<isbn13>9780316091138</isbn13>
<average_rating>3.92</average_rating>
<ratings_count>4004</ratings_count>
<publication_year>2012</publication_year>
<publication_month>4</publication_month>
<publication_day>10</publication_day>
<authors>
<author>
<id>114528</id>
<name>Jen Calonita</name>
<link><![CDATA[https://www.goodreads.com/author/show/114528.Jen_Calonita]]></link>
</author>
</authors>
</book>

          <book>
<id>12805941</id>
<title>Perfect Escape</title>
<title_without_series>Perfect Escape</title_without_series>
<link><![CDATA[https://www.goodreads.com/book/show/12805941-perfect-escape]]></link>
<small_image_url><![CDATA[https://images.gr-assets.com/books/1320899550s/12805941.jpg]]></small_image_url>
<image_url><![CDATA[https://images.gr-assets.com/books/1320899550m/12805941.jpg]]></image_url>
<num_pages>352</num_pages>
<work>
<id>17954707</id>
</work>
<isbn>0316185574</isbn>
<isbn13>9780316185578</isbn13>
<average_rating>3.80</average_rating>
<ratings_count>2255</ratings_count>
<publication_year>2012</publication_year>
<publication_month>7</publication_month>
<publication_day>10</publication_day>
<authors>
<author>
<id>432859</id>
<name>Jennifer Brown</name>
<link><![CDATA[https://www.goodreads.com/author/show/432859.Jennifer_Brown]]></link>
</author>
</authors>
</book>

  </similar_books>
</book>

</GoodreadsResponse>