<?xml version="1.0" encoding="UTF-8"?>
<GoodreadsResponse>
  <Request>
    <authentication>true</authentication>
      <key><![CDATA[all_men_must_serve]]></key>
    <method><![CDATA[book_show]]></method>
  </Request>
  <book>
  <id>10866624</id>
  <title><![CDATA[Unspoken (The Lynburn Legacy, #1)]]></title>
  <isbn><![CDATA[0375870415]]></isbn>
  <isbn13><![CDATA[9780375870415]]></isbn13>
  <asin><![CDATA[]]></asin>
  <kindle_asin><![CDATA[B00816Q7T8]]></kindle_asin>
  <marketplace_id><![CDATA[A1F83G8C2ARO7P]]></marketplace_id>
  <country_code><![CDATA[GB]]></country_code>
  <image_url>https://images.gr-assets.com/books/1333397426m/10866624.jpg</image_url>
  <small_image_url>https://images.gr-assets.com/books/1333397426s/10866624.jpg</small_image_url>
  <publication_year>2012</publication_year>
  <publication_month>9</publication_month>
  <publication_day>11</publication_day>
  <publisher>Random House Books for Young Readers</publisher>
  <language_code>eng</language_code>
  <is_ebook>false</is_ebook>
  <description><![CDATA[Kami Glass loves someone she’s never met... a boy she’s talked to in her head ever since she was born. She wasn’t silent about her imaginary friend during her childhood, and is thus a bit of an outsider in her sleepy English town of Sorry-in-the-Vale. Still, Kami hasn’t suffered too much from not fitting in. She has a best friend, runs the school newspaper, and is only occasionally caught talking to herself. Her life is in order, just the way she likes it, despite the voice in her head.<br /><br />But all that changes when the Lynburns return.<br /><br />The Lynburn family has owned the spectacular and sinister manor that overlooks Sorry-in-the-Vale for centuries. The mysterious twin sisters who abandoned their ancestral home a generation ago are back, along with their teenage sons, Jared and Ash, one of whom is eerily familiar to Kami. Kami is not one to shy away from the unknown—in fact, she’s determined to find answers for all the questions Sorry-in-the-Vale is suddenly posing. Who is responsible for the bloody deeds in the depths of the woods? What is her own mother hiding? And now that her imaginary friend has become a real boy, does she still love him? Does she hate him? Can she trust him?]]></description>
  <work>
  <id type="integer">15781826</id>
  <books_count type="integer">18</books_count>
  <best_book_id type="integer">10866624</best_book_id>
  <reviews_count type="integer">88593</reviews_count>
  <ratings_sum type="integer">94106</ratings_sum>
  <ratings_count type="integer">24427</ratings_count>
  <text_reviews_count type="integer">3364</text_reviews_count>
  <original_publication_year type="integer">2012</original_publication_year>
  <original_publication_month type="integer">9</original_publication_month>
  <original_publication_day type="integer">11</original_publication_day>
  <original_title>Unspoken</original_title>
  <original_language_id type="integer" nil="true"/>
  <media_type>book</media_type>
  <rating_dist>5:7702|4:8718|3:5489|2:1739|1:779|total:24427</rating_dist>
  <desc_user_id type="integer">10610959</desc_user_id>
  <default_chaptering_book_id type="integer" nil="true"/>
  <default_description_language_code nil="true"/>
</work>
  <average_rating>3.85</average_rating>
  <num_pages><![CDATA[370]]></num_pages>
  <format><![CDATA[Hardcover]]></format>
  <edition_information><![CDATA[First Edition]]></edition_information>
  <ratings_count><![CDATA[22934]]></ratings_count>
  <text_reviews_count><![CDATA[2950]]></text_reviews_count>
  <url><![CDATA[https://www.goodreads.com/book/show/10866624-unspoken]]></url>
  <link><![CDATA[https://www.goodreads.com/book/show/10866624-unspoken]]></link>
  <authors>
<author>
<id>836009</id>
<name>Sarah Rees Brennan</name>
<role></role>
<image_url nophoto='false'>
<![CDATA[https://images.gr-assets.com/authors/1254149255p5/836009.jpg]]>
</image_url>
<small_image_url nophoto='false'>
<![CDATA[https://images.gr-assets.com/authors/1254149255p2/836009.jpg]]>
</small_image_url>
<link><![CDATA[https://www.goodreads.com/author/show/836009.Sarah_Rees_Brennan]]></link>
<average_rating>4.08</average_rating>
<ratings_count>291881</ratings_count>
<text_reviews_count>32629</text_reviews_count>
</author>
</authors>

    <reviews_widget>
      <![CDATA[
        <style>
  #goodreads-widget {
    font-family: georgia, serif;
    padding: 18px 0;
    width:565px;
  }
  #goodreads-widget h1 {
    font-weight:normal;
    font-size: 16px;
    border-bottom: 1px solid #BBB596;
    margin-bottom: 0;
  }
  #goodreads-widget a {
    text-decoration: none;
    color:#660;
  }
  iframe{
    background-color: #fff;
  }
  #goodreads-widget a:hover { text-decoration: underline; }
  #goodreads-widget a:active {
    color:#660;
  }
  #gr_footer {
    width: 100%;
    border-top: 1px solid #BBB596;
    text-align: right;
  }
  #goodreads-widget .gr_branding{
    color: #382110;
    font-size: 11px;
    text-decoration: none;
    font-family: "Helvetica Neue", Helvetica, Arial, sans-serif;
  }
</style>
<div id="goodreads-widget">
  <div id="gr_header"><h1><a rel="nofollow" href="https://www.goodreads.com/book/show/10866624-unspoken">Unspoken Reviews</a></h1></div>
  <iframe id="the_iframe" src="https://www.goodreads.com/api/reviews_widget_iframe?did=DEVELOPER_ID&amp;format=html&amp;isbn=0375870415&amp;links=660&amp;min_rating=&amp;review_back=fff&amp;stars=000&amp;text=000" width="565" height="400" frameborder="0"></iframe>
  <div id="gr_footer">
    <a class="gr_branding" target="_blank" rel="nofollow" href="https://www.goodreads.com/book/show/10866624-unspoken?utm_medium=api&amp;utm_source=reviews_widget">Reviews from Goodreads.com</a>
  </div>
</div>

      ]]>
    </reviews_widget>
  <popular_shelves>
      <shelf name="to-read" count="60925"/>
      <shelf name="young-adult" count="1354"/>
      <shelf name="fantasy" count="1262"/>
      <shelf name="ya" count="881"/>
      <shelf name="paranormal" count="741"/>
      <shelf name="favorites" count="705"/>
      <shelf name="romance" count="452"/>
      <shelf name="mystery" count="430"/>
      <shelf name="magic" count="395"/>
      <shelf name="currently-reading" count="395"/>
      <shelf name="series" count="345"/>
      <shelf name="urban-fantasy" count="229"/>
      <shelf name="gothic" count="178"/>
      <shelf name="books-i-own" count="172"/>
      <shelf name="supernatural" count="167"/>
      <shelf name="fiction" count="156"/>
      <shelf name="to-buy" count="120"/>
      <shelf name="ya-fantasy" count="109"/>
      <shelf name="library" count="103"/>
      <shelf name="paranormal-romance" count="99"/>
      <shelf name="wish-list" count="98"/>
      <shelf name="maybe" count="94"/>
      <shelf name="read-in-2013" count="90"/>
      <shelf name="owned" count="82"/>
      <shelf name="dnf" count="81"/>
      <shelf name="favourites" count="76"/>
      <shelf name="ebook" count="72"/>
      <shelf name="read-in-2012" count="71"/>
      <shelf name="teen" count="66"/>
      <shelf name="ya-paranormal" count="65"/>
      <shelf name="kindle" count="63"/>
      <shelf name="witches" count="61"/>
      <shelf name="read-in-2014" count="60"/>
      <shelf name="ya-fiction" count="58"/>
      <shelf name="arc" count="57"/>
      <shelf name="funny" count="52"/>
      <shelf name="first-in-series" count="52"/>
      <shelf name="netgalley" count="51"/>
      <shelf name="ebooks" count="50"/>
      <shelf name="contemporary" count="46"/>
      <shelf name="reviewed" count="43"/>
      <shelf name="did-not-finish" count="42"/>
      <shelf name="read-2013" count="39"/>
      <shelf name="cover-love" count="39"/>
      <shelf name="england" count="37"/>
      <shelf name="i-own" count="35"/>
      <shelf name="ya-books" count="35"/>
      <shelf name="adventure" count="35"/>
      <shelf name="must-read" count="35"/>
      <shelf name="love-triangle" count="33"/>
      <shelf name="high-school" count="33"/>
      <shelf name="read-in-2015" count="32"/>
      <shelf name="lgbt" count="32"/>
      <shelf name="want-to-read" count="32"/>
      <shelf name="fantasy-paranormal" count="30"/>
      <shelf name="2012-releases" count="30"/>
      <shelf name="owned-books" count="29"/>
      <shelf name="abandoned" count="28"/>
      <shelf name="library-books" count="28"/>
      <shelf name="humor" count="28"/>
      <shelf name="horror" count="28"/>
      <shelf name="read-2014" count="27"/>
      <shelf name="2013-reads" count="27"/>
      <shelf name="young-adult-fiction" count="27"/>
      <shelf name="2012-release" count="27"/>
      <shelf name="4-stars" count="26"/>
      <shelf name="family" count="26"/>
      <shelf name="fantasy-sci-fi" count="26"/>
      <shelf name="ya-lit" count="26"/>
      <shelf name="tbr" count="25"/>
      <shelf name="series-to-start" count="25"/>
      <shelf name="5-stars" count="24"/>
      <shelf name="on-hold" count="24"/>
      <shelf name="friendship" count="24"/>
      <shelf name="read-2012" count="24"/>
      <shelf name="all-time-favorites" count="24"/>
      <shelf name="first-in-a-series" count="24"/>
      <shelf name="the-lynburn-legacy" count="23"/>
      <shelf name="2012-reads" count="23"/>
      <shelf name="trilogy" count="22"/>
      <shelf name="teen-fiction" count="22"/>
      <shelf name="have" count="22"/>
      <shelf name="ya-to-read" count="22"/>
      <shelf name="want" count="21"/>
      <shelf name="hilarious" count="21"/>
      <shelf name="e-book" count="21"/>
      <shelf name="read-2015" count="20"/>
      <shelf name="read-in-english" count="20"/>
      <shelf name="book-club" count="20"/>
      <shelf name="meh" count="20"/>
      <shelf name="to-read-series" count="20"/>
      <shelf name="to-read-ya" count="20"/>
      <shelf name="need-to-buy" count="20"/>
      <shelf name="mystery-thriller" count="20"/>
      <shelf name="re-read" count="19"/>
      <shelf name="suspense" count="19"/>
      <shelf name="sci-fi-fantasy" count="19"/>
      <shelf name="youngadult" count="19"/>
      <shelf name="read-in-2016" count="18"/>
      <shelf name="2014-reads" count="18"/>
  </popular_shelves>
  <book_links>
    <book_link>
  <id>8</id>
  <name>Libraries</name>
  <link>https://www.goodreads.com/book_link/follow/8</link>
</book_link>

  </book_links>
  <buy_links>
    <buy_link>
<id>1</id>
<name>Amazon</name>
<link>https://www.goodreads.com/book_link/follow/1</link>
</buy_link>
<buy_link>
<id>10</id>
<name>Audible</name>
<link>https://www.goodreads.com/book_link/follow/10</link>
</buy_link>
<buy_link>
<id>3</id>
<name>Barnes &amp; Noble</name>
<link>https://www.goodreads.com/book_link/follow/3</link>
</buy_link>
<buy_link>
<id>1027</id>
<name>Kobo</name>
<link>https://www.goodreads.com/book_link/follow/1027</link>
</buy_link>
<buy_link>
<id>2102</id>
<name>Apple iBooks</name>
<link>https://www.goodreads.com/book_link/follow/2102</link>
</buy_link>
<buy_link>
<id>8036</id>
<name>Google Play</name>
<link>https://www.goodreads.com/book_link/follow/8036</link>
</buy_link>
<buy_link>
<id>4</id>
<name>Abebooks</name>
<link>https://www.goodreads.com/book_link/follow/4</link>
</buy_link>
<buy_link>
<id>882</id>
<name>Book Depository</name>
<link>https://www.goodreads.com/book_link/follow/882</link>
</buy_link>
<buy_link>
<id>9</id>
<name>Indigo</name>
<link>https://www.goodreads.com/book_link/follow/9</link>
</buy_link>
<buy_link>
<id>2</id>
<name>Half.com</name>
<link>https://www.goodreads.com/book_link/follow/2</link>
</buy_link>
<buy_link>
<id>5</id>
<name>Alibris</name>
<link>https://www.goodreads.com/book_link/follow/5</link>
</buy_link>
<buy_link>
<id>107</id>
<name>Better World Books</name>
<link>https://www.goodreads.com/book_link/follow/107</link>
</buy_link>
<buy_link>
<id>7</id>
<name>IndieBound</name>
<link>https://www.goodreads.com/book_link/follow/7</link>
</buy_link>

  </buy_links>
  <series_works>
    <series_work>
<id>273430</id>
<user_position>1</user_position>
<series>
<id>63212</id>
<title>
<![CDATA[
    The Lynburn Legacy
]]>
</title>
<description>
<![CDATA[
]]>
</description>
<note>
<![CDATA[
]]>
</note>
<series_works_count>6</series_works_count>
<primary_work_count>3</primary_work_count>
<numbered>true</numbered>
</series>

</series_work>

  </series_works>
  <similar_books>
          <book>
<id>12411635</id>
<title><![CDATA[The Nightmare Affair (The Arkwell Academy, #1)]]></title>
<title_without_series>The Nightmare Affair</title_without_series>
<link><![CDATA[https://www.goodreads.com/book/show/12411635-the-nightmare-affair]]></link>
<small_image_url><![CDATA[https://images.gr-assets.com/books/1358468998s/12411635.jpg]]></small_image_url>
<image_url><![CDATA[https://images.gr-assets.com/books/1358468998m/12411635.jpg]]></image_url>
<num_pages>367</num_pages>
<work>
<id>17393303</id>
</work>
<isbn>0765333333</isbn>
<isbn13>9780765333339</isbn13>
<average_rating>3.79</average_rating>
<ratings_count>6973</ratings_count>
<publication_year>2013</publication_year>
<publication_month>3</publication_month>
<publication_day>5</publication_day>
<authors>
<author>
<id>5145808</id>
<name>Mindee Arnett</name>
<link><![CDATA[https://www.goodreads.com/author/show/5145808.Mindee_Arnett]]></link>
</author>
</authors>
</book>

          <book>
<id>10165761</id>
<title><![CDATA[Quintana of Charyn (Lumatere Chronicles, #3)]]></title>
<title_without_series>Quintana of Charyn</title_without_series>
<link><![CDATA[https://www.goodreads.com/book/show/10165761-quintana-of-charyn]]></link>
<small_image_url><![CDATA[https://images.gr-assets.com/books/1331187719s/10165761.jpg]]></small_image_url>
<image_url><![CDATA[https://images.gr-assets.com/books/1331187719m/10165761.jpg]]></image_url>
<num_pages>516</num_pages>
<work>
<id>15064476</id>
</work>
<isbn>0670076244</isbn>
<isbn13>9780670076246</isbn13>
<average_rating>4.34</average_rating>
<ratings_count>11707</ratings_count>
<publication_year>2012</publication_year>
<publication_month>9</publication_month>
<publication_day>26</publication_day>
<authors>
<author>
<id>47104</id>
<name>Melina Marchetta</name>
<link><![CDATA[https://www.goodreads.com/author/show/47104.Melina_Marchetta]]></link>
</author>
</authors>
</book>

          <book>
<id>15714677</id>
<title><![CDATA[Spirit and Dust (Goodnight Family #2)]]></title>
<title_without_series>Spirit and Dust</title_without_series>
<link><![CDATA[https://www.goodreads.com/book/show/15714677-spirit-and-dust]]></link>
<small_image_url><![CDATA[https://images.gr-assets.com/books/1367611486s/15714677.jpg]]></small_image_url>
<image_url><![CDATA[https://images.gr-assets.com/books/1367611486m/15714677.jpg]]></image_url>
<num_pages>387</num_pages>
<work>
<id>21383625</id>
</work>
<isbn>0385740808</isbn>
<isbn13>9780385740807</isbn13>
<average_rating>3.90</average_rating>
<ratings_count>1682</ratings_count>
<publication_year>2013</publication_year>
<publication_month>5</publication_month>
<publication_day>14</publication_day>
<authors>
<author>
<id>224004</id>
<name>Rosemary Clement-Moore</name>
<link><![CDATA[https://www.goodreads.com/author/show/224004.Rosemary_Clement_Moore]]></link>
</author>
</authors>
</book>

          <book>
<id>6369113</id>
<title>Lips Touch: Three Times</title>
<title_without_series>Lips Touch: Three Times</title_without_series>
<link><![CDATA[https://www.goodreads.com/book/show/6369113-lips-touch]]></link>
<small_image_url><![CDATA[https://images.gr-assets.com/books/1341175359s/6369113.jpg]]></small_image_url>
<image_url><![CDATA[https://images.gr-assets.com/books/1341175359m/6369113.jpg]]></image_url>
<num_pages>266</num_pages>
<work>
<id>6556598</id>
</work>
<isbn>0545055857</isbn>
<isbn13>9780545055857</isbn13>
<average_rating>3.87</average_rating>
<ratings_count>10723</ratings_count>
<publication_year>2009</publication_year>
<publication_month>10</publication_month>
<publication_day>1</publication_day>
<authors>
<author>
<id>324620</id>
<name>Laini Taylor</name>
<link><![CDATA[https://www.goodreads.com/author/show/324620.Laini_Taylor]]></link>
</author>
</authors>
</book>

          <book>
<id>12795973</id>
<title><![CDATA[Dust Girl (The American Fairy, #1)]]></title>
<title_without_series>Dust Girl</title_without_series>
<link><![CDATA[https://www.goodreads.com/book/show/12795973-dust-girl]]></link>
<small_image_url><![CDATA[https://images.gr-assets.com/books/1334267938s/12795973.jpg]]></small_image_url>
<image_url><![CDATA[https://images.gr-assets.com/books/1334267938m/12795973.jpg]]></image_url>
<num_pages>304</num_pages>
<work>
<id>17944089</id>
</work>
<isbn>0375869387</isbn>
<isbn13>9780375869389</isbn13>
<average_rating>3.46</average_rating>
<ratings_count>1351</ratings_count>
<publication_year>2012</publication_year>
<publication_month>6</publication_month>
<publication_day>26</publication_day>
<authors>
<author>
<id>110249</id>
<name>Sarah Zettel</name>
<link><![CDATA[https://www.goodreads.com/author/show/110249.Sarah_Zettel]]></link>
</author>
</authors>
</book>

          <book>
<id>13018514</id>
<title><![CDATA[The Hallowed Ones (The Hallowed Ones, #1)]]></title>
<title_without_series>The Hallowed Ones</title_without_series>
<link><![CDATA[https://www.goodreads.com/book/show/13018514-the-hallowed-ones]]></link>
<small_image_url><![CDATA[https://images.gr-assets.com/books/1421561945s/13018514.jpg]]></small_image_url>
<image_url><![CDATA[https://images.gr-assets.com/books/1421561945m/13018514.jpg]]></image_url>
<num_pages>311</num_pages>
<work>
<id>18180824</id>
</work>
<isbn>0547859260</isbn>
<isbn13>9780547859262</isbn13>
<average_rating>3.86</average_rating>
<ratings_count>3332</ratings_count>
<publication_year>2012</publication_year>
<publication_month>9</publication_month>
<publication_day>25</publication_day>
<authors>
<author>
<id>2964564</id>
<name>Laura Bickle</name>
<link><![CDATA[https://www.goodreads.com/author/show/2964564.Laura_Bickle]]></link>
</author>
</authors>
</book>

          <book>
<id>13149420</id>
<title>Quicksilver (Ultraviolet, #2)</title>
<title_without_series>Quicksilver</title_without_series>
<link><![CDATA[https://www.goodreads.com/book/show/13149420-quicksilver]]></link>
<small_image_url><![CDATA[https://images.gr-assets.com/books/1328591713s/13149420.jpg]]></small_image_url>
<image_url><![CDATA[https://images.gr-assets.com/books/1328591713m/13149420.jpg]]></image_url>
<num_pages>375</num_pages>
<work>
<id>18327258</id>
</work>
<isbn>1408316285</isbn>
<isbn13>9781408316283</isbn13>
<average_rating>3.95</average_rating>
<ratings_count>1863</ratings_count>
<publication_year>2013</publication_year>
<publication_month>5</publication_month>
<publication_day>2</publication_day>
<authors>
<author>
<id>1330287</id>
<name>R.J. Anderson</name>
<link><![CDATA[https://www.goodreads.com/author/show/1330287.R_J_Anderson]]></link>
</author>
</authors>
</book>

          <book>
<id>11164732</id>
<title><![CDATA[The Gathering Storm (Katerina, #1)]]></title>
<title_without_series>The Gathering Storm</title_without_series>
<link><![CDATA[https://www.goodreads.com/book/show/11164732-the-gathering-storm]]></link>
<small_image_url><![CDATA[https://images.gr-assets.com/books/1333578368s/11164732.jpg]]></small_image_url>
<image_url><![CDATA[https://images.gr-assets.com/books/1333578368m/11164732.jpg]]></image_url>
<num_pages>400</num_pages>
<work>
<id>14475205</id>
</work>
<isbn>0385740220</isbn>
<isbn13>9780385740227</isbn13>
<average_rating>3.61</average_rating>
<ratings_count>3682</ratings_count>
<publication_year>2012</publication_year>
<publication_month>1</publication_month>
<publication_day>10</publication_day>
<authors>
<author>
<id>4094048</id>
<name>Robin Bridges</name>
<link><![CDATA[https://www.goodreads.com/author/show/4094048.Robin_Bridges]]></link>
</author>
</authors>
</book>

          <book>
<id>8884616</id>
<title><![CDATA[Black Heart (Curse Workers, #3)]]></title>
<title_without_series>Black Heart</title_without_series>
<link><![CDATA[https://www.goodreads.com/book/show/8884616-black-heart]]></link>
<small_image_url><![CDATA[https://images.gr-assets.com/books/1418591869s/8884616.jpg]]></small_image_url>
<image_url><![CDATA[https://images.gr-assets.com/books/1418591869m/8884616.jpg]]></image_url>
<num_pages>297</num_pages>
<work>
<id>13760521</id>
</work>
<isbn>1442403462</isbn>
<isbn13>9781442403468</isbn13>
<average_rating>4.09</average_rating>
<ratings_count>12904</ratings_count>
<publication_year>2012</publication_year>
<publication_month>4</publication_month>
<publication_day>3</publication_day>
<authors>
<author>
<id>25422</id>
<name>Holly Black</name>
<link><![CDATA[https://www.goodreads.com/author/show/25422.Holly_Black]]></link>
</author>
</authors>
</book>

          <book>
<id>12971662</id>
<title>Monstrous Beauty</title>
<title_without_series>Monstrous Beauty</title_without_series>
<link><![CDATA[https://www.goodreads.com/book/show/12971662-monstrous-beauty]]></link>
<small_image_url><![CDATA[https://images.gr-assets.com/books/1348416192s/12971662.jpg]]></small_image_url>
<image_url><![CDATA[https://images.gr-assets.com/books/1348416192m/12971662.jpg]]></image_url>
<num_pages>295</num_pages>
<work>
<id>18015113</id>
</work>
<isbn>0374373663</isbn>
<isbn13>9780374373665</isbn13>
<average_rating>3.64</average_rating>
<ratings_count>3946</ratings_count>
<publication_year>2012</publication_year>
<publication_month>9</publication_month>
<publication_day>4</publication_day>
<authors>
<author>
<id>386853</id>
<name>Elizabeth Fama</name>
<link><![CDATA[https://www.goodreads.com/author/show/386853.Elizabeth_Fama]]></link>
</author>
</authors>
</book>

          <book>
<id>11750412</id>
<title>Every Other Day</title>
<title_without_series>Every Other Day</title_without_series>
<link><![CDATA[https://www.goodreads.com/book/show/11750412-every-other-day]]></link>
<small_image_url><![CDATA[https://images.gr-assets.com/books/1349024061s/11750412.jpg]]></small_image_url>
<image_url><![CDATA[https://images.gr-assets.com/books/1349024061m/11750412.jpg]]></image_url>
<num_pages>336</num_pages>
<work>
<id>13356589</id>
</work>
<isbn></isbn>
<isbn13></isbn13>
<average_rating>3.90</average_rating>
<ratings_count>5667</ratings_count>
<publication_year>2011</publication_year>
<publication_month>12</publication_month>
<publication_day>27</publication_day>
<authors>
<author>
<id>164187</id>
<name>Jennifer Lynn Barnes</name>
<link><![CDATA[https://www.goodreads.com/author/show/164187.Jennifer_Lynn_Barnes]]></link>
</author>
</authors>
</book>

          <book>
<id>16004807</id>
<title>The Gathering Darkness</title>
<title_without_series>The Gathering Darkness</title_without_series>
<link><![CDATA[https://www.goodreads.com/book/show/16004807-the-gathering-darkness]]></link>
<small_image_url><![CDATA[https://images.gr-assets.com/books/1411389878s/16004807.jpg]]></small_image_url>
<image_url><![CDATA[https://images.gr-assets.com/books/1411389878m/16004807.jpg]]></image_url>
<num_pages>320</num_pages>
<work>
<id>21768737</id>
</work>
<isbn>1620070936</isbn>
<isbn13>9781620070932</isbn13>
<average_rating>3.83</average_rating>
<ratings_count>189</ratings_count>
<publication_year>2012</publication_year>
<publication_month>9</publication_month>
<publication_day>22</publication_day>
<authors>
<author>
<id>6525721</id>
<name>Lisa Collicutt</name>
<link><![CDATA[https://www.goodreads.com/author/show/6525721.Lisa_Collicutt]]></link>
</author>
</authors>
</book>

          <book>
<id>11378763</id>
<title>The Book of Blood and Shadow</title>
<title_without_series>The Book of Blood and Shadow</title_without_series>
<link><![CDATA[https://www.goodreads.com/book/show/11378763-the-book-of-blood-and-shadow]]></link>
<small_image_url><![CDATA[https://images.gr-assets.com/books/1334338932s/11378763.jpg]]></small_image_url>
<image_url><![CDATA[https://images.gr-assets.com/books/1334338932m/11378763.jpg]]></image_url>
<num_pages>448</num_pages>
<work>
<id>11095627</id>
</work>
<isbn>0375968768</isbn>
<isbn13>9780375968761</isbn13>
<average_rating>3.55</average_rating>
<ratings_count>4978</ratings_count>
<publication_year>2012</publication_year>
<publication_month>4</publication_month>
<publication_day>10</publication_day>
<authors>
<author>
<id>21981</id>
<name>Robin Wasserman</name>
<link><![CDATA[https://www.goodreads.com/author/show/21981.Robin_Wasserman]]></link>
</author>
</authors>
</book>

          <book>
<id>13447878</id>
<title>Blackwood</title>
<title_without_series>Blackwood</title_without_series>
<link><![CDATA[https://www.goodreads.com/book/show/13447878-blackwood]]></link>
<small_image_url><![CDATA[https://images.gr-assets.com/books/1333047310s/13447878.jpg]]></small_image_url>
<image_url><![CDATA[https://images.gr-assets.com/books/1333047310m/13447878.jpg]]></image_url>
<num_pages>416</num_pages>
<work>
<id>18965236</id>
</work>
<isbn></isbn>
<isbn13></isbn13>
<average_rating>3.40</average_rating>
<ratings_count>921</ratings_count>
<publication_year>2012</publication_year>
<publication_month>9</publication_month>
<publication_day>4</publication_day>
<authors>
<author>
<id>1951011</id>
<name>Gwenda Bond</name>
<link><![CDATA[https://www.goodreads.com/author/show/1951011.Gwenda_Bond]]></link>
</author>
</authors>
</book>

          <book>
<id>13316241</id>
<title>Scorch (Croak, #2)</title>
<title_without_series>Scorch</title_without_series>
<link><![CDATA[https://www.goodreads.com/book/show/13316241-scorch]]></link>
<small_image_url><![CDATA[https://images.gr-assets.com/books/1343996586s/13316241.jpg]]></small_image_url>
<image_url><![CDATA[https://images.gr-assets.com/books/1343996586m/13316241.jpg]]></image_url>
<num_pages>332</num_pages>
<work>
<id>18522327</id>
</work>
<isbn>0547624573</isbn>
<isbn13>9780547624570</isbn13>
<average_rating>4.05</average_rating>
<ratings_count>3629</ratings_count>
<publication_year>2012</publication_year>
<publication_month>9</publication_month>
<publication_day>25</publication_day>
<authors>
<author>
<id>4983109</id>
<name>Gina Damico</name>
<link><![CDATA[https://www.goodreads.com/author/show/4983109.Gina_Damico]]></link>
</author>
</authors>
</book>

          <book>
<id>13414964</id>
<title>Velveteen</title>
<title_without_series>Velveteen</title_without_series>
<link><![CDATA[https://www.goodreads.com/book/show/13414964-velveteen]]></link>
<small_image_url><![CDATA[https://images.gr-assets.com/books/1331730846s/13414964.jpg]]></small_image_url>
<image_url><![CDATA[https://images.gr-assets.com/books/1331730846m/13414964.jpg]]></image_url>
<num_pages>447</num_pages>
<work>
<id>15768614</id>
</work>
<isbn>038574224X</isbn>
<isbn13>9780385742245</isbn13>
<average_rating>3.57</average_rating>
<ratings_count>1972</ratings_count>
<publication_year>2012</publication_year>
<publication_month>10</publication_month>
<publication_day>9</publication_day>
<authors>
<author>
<id>519824</id>
<name>Daniel Marks</name>
<link><![CDATA[https://www.goodreads.com/author/show/519824.Daniel_Marks]]></link>
</author>
</authors>
</book>

          <book>
<id>12507214</id>
<title>Girl of Nightmares (Anna, #2)</title>
<title_without_series>Girl of Nightmares</title_without_series>
<link><![CDATA[https://www.goodreads.com/book/show/12507214-girl-of-nightmares]]></link>
<small_image_url><![CDATA[https://images.gr-assets.com/books/1344463840s/12507214.jpg]]></small_image_url>
<image_url><![CDATA[https://images.gr-assets.com/books/1344463840m/12507214.jpg]]></image_url>
<num_pages>332</num_pages>
<work>
<id>17492836</id>
</work>
<isbn>0765328666</isbn>
<isbn13>9780765328663</isbn13>
<average_rating>3.90</average_rating>
<ratings_count>22657</ratings_count>
<publication_year>2012</publication_year>
<publication_month>8</publication_month>
<publication_day>7</publication_day>
<authors>
<author>
<id>4086715</id>
<name>Kendare Blake</name>
<link><![CDATA[https://www.goodreads.com/author/show/4086715.Kendare_Blake]]></link>
</author>
</authors>
</book>

          <book>
<id>12109772</id>
<title>Paper Valentine</title>
<title_without_series>Paper Valentine</title_without_series>
<link><![CDATA[https://www.goodreads.com/book/show/12109772-paper-valentine]]></link>
<small_image_url><![CDATA[https://images.gr-assets.com/books/1350335466s/12109772.jpg]]></small_image_url>
<image_url><![CDATA[https://images.gr-assets.com/books/1350335466m/12109772.jpg]]></image_url>
<num_pages>304</num_pages>
<work>
<id>17393387</id>
</work>
<isbn>1595145990</isbn>
<isbn13>9781595145994</isbn13>
<average_rating>3.73</average_rating>
<ratings_count>6144</ratings_count>
<publication_year>2013</publication_year>
<publication_month>1</publication_month>
<publication_day>8</publication_day>
<authors>
<author>
<id>3023658</id>
<name>Brenna Yovanoff</name>
<link><![CDATA[https://www.goodreads.com/author/show/3023658.Brenna_Yovanoff]]></link>
</author>
</authors>
</book>

  </similar_books>
</book>

</GoodreadsResponse>