<?xml version="1.0" encoding="UTF-8"?>
<GoodreadsResponse>
  <Request>
    <authentication>true</authentication>
      <key><![CDATA[all_men_must_serve]]></key>
    <method><![CDATA[book_show]]></method>
  </Request>
  <book>
  <id>10875239</id>
  <title>Lethal</title>
  <isbn><![CDATA[1455501476]]></isbn>
  <isbn13><![CDATA[9781455501472]]></isbn13>
  <asin><![CDATA[]]></asin>
  <kindle_asin><![CDATA[B005MZMZR4]]></kindle_asin>
  <marketplace_id><![CDATA[A1F83G8C2ARO7P]]></marketplace_id>
  <country_code><![CDATA[GB]]></country_code>
  <image_url>https://images.gr-assets.com/books/1301590794m/10875239.jpg</image_url>
  <small_image_url>https://images.gr-assets.com/books/1301590794s/10875239.jpg</small_image_url>
  <publication_year></publication_year>
  <publication_month></publication_month>
  <publication_day></publication_day>
  <publisher></publisher>
  <language_code></language_code>
  <is_ebook>false</is_ebook>
  <description><![CDATA[When her four year old daughter informs her a sick man is in their yard, Honor Gillette rushes out to help him. But that "sick" man turns out to be Lee Coburn, the man accused of murdering seven people the night before. Dangerous, desperate, and armed, he promises Honor that she and her daughter won't be hurt as long as she does everything he asks. She has no choice but to accept him at his word.<br /><br />But Honor soon discovers that even those close to her can't be trusted. Coburn claims that her beloved late husband possessed something extremely valuable that places Honor and her daughter in grave danger. Coburn is there to retrieve it -- at any cost. From FBI offices in Washington, D.C., to a rundown shrimp boat in coastal Louisiana, Coburn and Honor run for their lives from the very people sworn to protect them, and unravel a web of corruption and depravity that threatens not only them, but the fabric of our society.]]></description>
  <work>
  <id type="integer">15729222</id>
  <books_count type="integer">38</books_count>
  <best_book_id type="integer">10875239</best_book_id>
  <reviews_count type="integer">41420</reviews_count>
  <ratings_sum type="integer">91983</ratings_sum>
  <ratings_count type="integer">22789</ratings_count>
  <text_reviews_count type="integer">1872</text_reviews_count>
  <original_publication_year type="integer">2011</original_publication_year>
  <original_publication_month type="integer">1</original_publication_month>
  <original_publication_day type="integer">1</original_publication_day>
  <original_title>Lethal</original_title>
  <original_language_id type="integer" nil="true"/>
  <media_type>book</media_type>
  <rating_dist>5:7507|4:9764|3:4568|2:738|1:212|total:22789</rating_dist>
  <desc_user_id type="integer">-9</desc_user_id>
  <default_chaptering_book_id type="integer" nil="true"/>
  <default_description_language_code nil="true"/>
</work>
  <average_rating>4.04</average_rating>
  <num_pages><![CDATA[472]]></num_pages>
  <format><![CDATA[]]></format>
  <edition_information><![CDATA[]]></edition_information>
  <ratings_count><![CDATA[20367]]></ratings_count>
  <text_reviews_count><![CDATA[1605]]></text_reviews_count>
  <url><![CDATA[https://www.goodreads.com/book/show/10875239-lethal]]></url>
  <link><![CDATA[https://www.goodreads.com/book/show/10875239-lethal]]></link>
  <authors>
<author>
<id>6218</id>
<name>Sandra Brown</name>
<role></role>
<image_url nophoto='false'>
<![CDATA[https://images.gr-assets.com/authors/1500485527p5/6218.jpg]]>
</image_url>
<small_image_url nophoto='false'>
<![CDATA[https://images.gr-assets.com/authors/1500485527p2/6218.jpg]]>
</small_image_url>
<link><![CDATA[https://www.goodreads.com/author/show/6218.Sandra_Brown]]></link>
<average_rating>3.88</average_rating>
<ratings_count>502342</ratings_count>
<text_reviews_count>31771</text_reviews_count>
</author>
</authors>

    <reviews_widget>
      <![CDATA[
        <style>
  #goodreads-widget {
    font-family: georgia, serif;
    padding: 18px 0;
    width:565px;
  }
  #goodreads-widget h1 {
    font-weight:normal;
    font-size: 16px;
    border-bottom: 1px solid #BBB596;
    margin-bottom: 0;
  }
  #goodreads-widget a {
    text-decoration: none;
    color:#660;
  }
  iframe{
    background-color: #fff;
  }
  #goodreads-widget a:hover { text-decoration: underline; }
  #goodreads-widget a:active {
    color:#660;
  }
  #gr_footer {
    width: 100%;
    border-top: 1px solid #BBB596;
    text-align: right;
  }
  #goodreads-widget .gr_branding{
    color: #382110;
    font-size: 11px;
    text-decoration: none;
    font-family: "Helvetica Neue", Helvetica, Arial, sans-serif;
  }
</style>
<div id="goodreads-widget">
  <div id="gr_header"><h1><a rel="nofollow" href="https://www.goodreads.com/book/show/10875239-lethal">Lethal Reviews</a></h1></div>
  <iframe id="the_iframe" src="https://www.goodreads.com/api/reviews_widget_iframe?did=DEVELOPER_ID&amp;format=html&amp;isbn=1455501476&amp;links=660&amp;min_rating=&amp;review_back=fff&amp;stars=000&amp;text=000" width="565" height="400" frameborder="0"></iframe>
  <div id="gr_footer">
    <a class="gr_branding" target="_blank" rel="nofollow" href="https://www.goodreads.com/book/show/10875239-lethal?utm_medium=api&amp;utm_source=reviews_widget">Reviews from Goodreads.com</a>
  </div>
</div>

      ]]>
    </reviews_widget>
  <popular_shelves>
      <shelf name="to-read" count="14067"/>
      <shelf name="currently-reading" count="517"/>
      <shelf name="sandra-brown" count="299"/>
      <shelf name="mystery" count="222"/>
      <shelf name="romantic-suspense" count="180"/>
      <shelf name="romance" count="169"/>
      <shelf name="suspense" count="153"/>
      <shelf name="thriller" count="123"/>
      <shelf name="fiction" count="112"/>
      <shelf name="favorites" count="83"/>
      <shelf name="audiobook" count="63"/>
      <shelf name="contemporary" count="55"/>
      <shelf name="brown-sandra" count="47"/>
      <shelf name="mystery-thriller" count="46"/>
      <shelf name="audio" count="43"/>
      <shelf name="audiobooks" count="42"/>
      <shelf name="books-i-own" count="42"/>
      <shelf name="crime" count="38"/>
      <shelf name="owned" count="36"/>
      <shelf name="default" count="34"/>
      <shelf name="library" count="34"/>
      <shelf name="adult" count="31"/>
      <shelf name="romance-suspense" count="31"/>
      <shelf name="mystery-suspense" count="29"/>
      <shelf name="kindle" count="24"/>
      <shelf name="audio-book" count="23"/>
      <shelf name="book-club" count="20"/>
      <shelf name="suspense-thriller" count="20"/>
      <shelf name="contemporary-romance" count="19"/>
      <shelf name="ebooks" count="18"/>
      <shelf name="read-in-2014" count="17"/>
      <shelf name="ebook" count="17"/>
      <shelf name="audio-books" count="16"/>
      <shelf name="romantic-suspence" count="15"/>
      <shelf name="my-books" count="14"/>
      <shelf name="adult-fiction" count="13"/>
      <shelf name="read-in-2012" count="13"/>
      <shelf name="brown" count="13"/>
      <shelf name="owned-books" count="12"/>
      <shelf name="alpha-male" count="11"/>
      <shelf name="stand-alone" count="11"/>
      <shelf name="mysteries" count="11"/>
      <shelf name="library-book" count="11"/>
      <shelf name="wish-list" count="11"/>
      <shelf name="i-own" count="10"/>
      <shelf name="favorite-authors" count="10"/>
      <shelf name="have" count="10"/>
      <shelf name="thrillers" count="10"/>
      <shelf name="chick-lit" count="10"/>
      <shelf name="read-2017" count="9"/>
      <shelf name="read-in-2016" count="9"/>
      <shelf name="read-in-2015" count="9"/>
      <shelf name="read-2013" count="9"/>
      <shelf name="favorite-author" count="9"/>
      <shelf name="paperback" count="9"/>
      <shelf name="dnf" count="9"/>
      <shelf name="thriller-suspense" count="9"/>
      <shelf name="read-2011" count="9"/>
      <shelf name="to-buy" count="9"/>
      <shelf name="read-in-2017" count="8"/>
      <shelf name="read-2014" count="8"/>
      <shelf name="mystery-suspense-thriller" count="8"/>
      <shelf name="own-it" count="8"/>
      <shelf name="suspense-romance" count="8"/>
      <shelf name="borrowed" count="8"/>
      <shelf name="action" count="8"/>
      <shelf name="contemporary-fiction" count="8"/>
      <shelf name="listened-to" count="8"/>
      <shelf name="read-2012" count="8"/>
      <shelf name="finished" count="8"/>
      <shelf name="crime-fiction" count="8"/>
      <shelf name="audible" count="8"/>
      <shelf name="tbr" count="8"/>
      <shelf name="rom-suspense" count="8"/>
      <shelf name="fugitive" count="8"/>
      <shelf name="books-i-have" count="7"/>
      <shelf name="drama" count="7"/>
      <shelf name="suspence" count="7"/>
      <shelf name="thriller-mystery" count="7"/>
      <shelf name="2012-books" count="7"/>
      <shelf name="murder-mystery" count="7"/>
      <shelf name="romantic" count="7"/>
      <shelf name="2015-books" count="6"/>
      <shelf name="library-loan" count="6"/>
      <shelf name="my-library" count="6"/>
      <shelf name="didn-t-finish" count="6"/>
      <shelf name="want-to-read" count="6"/>
      <shelf name="read-in-2013" count="6"/>
      <shelf name="nook" count="6"/>
      <shelf name="not-interested" count="6"/>
      <shelf name="adventure" count="6"/>
      <shelf name="e-book" count="6"/>
      <shelf name="romance-mystery" count="6"/>
      <shelf name="fbi" count="6"/>
      <shelf name="louisiana" count="6"/>
      <shelf name="giveaways" count="6"/>
      <shelf name="mystery-crime" count="6"/>
      <shelf name="crime-mystery" count="6"/>
      <shelf name="calibre" count="6"/>
      <shelf name="first-reads" count="6"/>
  </popular_shelves>
  <book_links>
    <book_link>
  <id>8</id>
  <name>Libraries</name>
  <link>https://www.goodreads.com/book_link/follow/8</link>
</book_link>

  </book_links>
  <buy_links>
    <buy_link>
<id>1</id>
<name>Amazon</name>
<link>https://www.goodreads.com/book_link/follow/1</link>
</buy_link>
<buy_link>
<id>10</id>
<name>Audible</name>
<link>https://www.goodreads.com/book_link/follow/10</link>
</buy_link>
<buy_link>
<id>3</id>
<name>Barnes &amp; Noble</name>
<link>https://www.goodreads.com/book_link/follow/3</link>
</buy_link>
<buy_link>
<id>1027</id>
<name>Kobo</name>
<link>https://www.goodreads.com/book_link/follow/1027</link>
</buy_link>
<buy_link>
<id>2102</id>
<name>Apple iBooks</name>
<link>https://www.goodreads.com/book_link/follow/2102</link>
</buy_link>
<buy_link>
<id>8036</id>
<name>Google Play</name>
<link>https://www.goodreads.com/book_link/follow/8036</link>
</buy_link>
<buy_link>
<id>4</id>
<name>Abebooks</name>
<link>https://www.goodreads.com/book_link/follow/4</link>
</buy_link>
<buy_link>
<id>882</id>
<name>Book Depository</name>
<link>https://www.goodreads.com/book_link/follow/882</link>
</buy_link>
<buy_link>
<id>9</id>
<name>Indigo</name>
<link>https://www.goodreads.com/book_link/follow/9</link>
</buy_link>
<buy_link>
<id>2</id>
<name>Half.com</name>
<link>https://www.goodreads.com/book_link/follow/2</link>
</buy_link>
<buy_link>
<id>5</id>
<name>Alibris</name>
<link>https://www.goodreads.com/book_link/follow/5</link>
</buy_link>
<buy_link>
<id>107</id>
<name>Better World Books</name>
<link>https://www.goodreads.com/book_link/follow/107</link>
</buy_link>
<buy_link>
<id>7</id>
<name>IndieBound</name>
<link>https://www.goodreads.com/book_link/follow/7</link>
</buy_link>

  </buy_links>
  <series_works>
    
  </series_works>
  <similar_books>
          <book>
<id>17312519</id>
<title>Risk the Night</title>
<title_without_series>Risk the Night</title_without_series>
<link><![CDATA[https://www.goodreads.com/book/show/17312519-risk-the-night]]></link>
<small_image_url><![CDATA[https://images.gr-assets.com/books/1360531978s/17312519.jpg]]></small_image_url>
<image_url><![CDATA[https://images.gr-assets.com/books/1360531978m/17312519.jpg]]></image_url>
<num_pages></num_pages>
<work>
<id>23977251</id>
</work>
<isbn></isbn>
<isbn13></isbn13>
<average_rating>3.61</average_rating>
<ratings_count>474</ratings_count>
<publication_year>2013</publication_year>
<publication_month>1</publication_month>
<publication_day>30</publication_day>
<authors>
<author>
<id>13635</id>
<name>Anne Stuart</name>
<link><![CDATA[https://www.goodreads.com/author/show/13635.Anne_Stuart]]></link>
</author>
</authors>
</book>

          <book>
<id>11299769</id>
<title><![CDATA[Hide from Evil (Dead Wrong, #2)]]></title>
<title_without_series>Hide from Evil</title_without_series>
<link><![CDATA[https://www.goodreads.com/book/show/11299769-hide-from-evil]]></link>
<small_image_url><![CDATA[https://images.gr-assets.com/books/1330242785s/11299769.jpg]]></small_image_url>
<image_url><![CDATA[https://images.gr-assets.com/books/1330242785m/11299769.jpg]]></image_url>
<num_pages>398</num_pages>
<work>
<id>16227398</id>
</work>
<isbn>0446572799</isbn>
<isbn13>9780446572798</isbn13>
<average_rating>4.05</average_rating>
<ratings_count>1912</ratings_count>
<publication_year>2011</publication_year>
<publication_month>11</publication_month>
<publication_day>1</publication_day>
<authors>
<author>
<id>394156</id>
<name>Jami Alden</name>
<link><![CDATA[https://www.goodreads.com/author/show/394156.Jami_Alden]]></link>
</author>
</authors>
</book>

          <book>
<id>10988147</id>
<title>Witness Seduction</title>
<title_without_series>Witness Seduction</title_without_series>
<link><![CDATA[https://www.goodreads.com/book/show/10988147-witness-seduction]]></link>
<small_image_url><![CDATA[https://images.gr-assets.com/books/1311483263s/10988147.jpg]]></small_image_url>
<image_url><![CDATA[https://images.gr-assets.com/books/1311483263m/10988147.jpg]]></image_url>
<num_pages>224</num_pages>
<work>
<id>15906662</id>
</work>
<isbn>0373796412</isbn>
<isbn13>9780373796410</isbn13>
<average_rating>3.72</average_rating>
<ratings_count>836</ratings_count>
<publication_year>2011</publication_year>
<publication_month>8</publication_month>
<publication_day>23</publication_day>
<authors>
<author>
<id>1935000</id>
<name>Elle Kennedy</name>
<link><![CDATA[https://www.goodreads.com/author/show/1935000.Elle_Kennedy]]></link>
</author>
</authors>
</book>

          <book>
<id>22572537</id>
<title><![CDATA[A Lesson in Temptation (Stanton Family, #4)]]></title>
<title_without_series>A Lesson in Temptation</title_without_series>
<link><![CDATA[https://www.goodreads.com/book/show/22572537-a-lesson-in-temptation]]></link>
<small_image_url><![CDATA[https://images.gr-assets.com/books/1403558093s/22572537.jpg]]></small_image_url>
<image_url><![CDATA[https://images.gr-assets.com/books/1403558093m/22572537.jpg]]></image_url>
<num_pages>116</num_pages>
<work>
<id>42039063</id>
</work>
<isbn>1633750329</isbn>
<isbn13>9781633750326</isbn13>
<average_rating>3.71</average_rating>
<ratings_count>165</ratings_count>
<publication_year>2014</publication_year>
<publication_month>7</publication_month>
<publication_day>14</publication_day>
<authors>
<author>
<id>7377144</id>
<name>Audra North</name>
<link><![CDATA[https://www.goodreads.com/author/show/7377144.Audra_North]]></link>
</author>
</authors>
</book>

          <book>
<id>731544</id>
<title>The Best Man</title>
<title_without_series>The Best Man</title_without_series>
<link><![CDATA[https://www.goodreads.com/book/show/731544.The_Best_Man]]></link>
<small_image_url><![CDATA[https://images.gr-assets.com/books/1344271141s/731544.jpg]]></small_image_url>
<image_url><![CDATA[https://images.gr-assets.com/books/1344271141m/731544.jpg]]></image_url>
<num_pages>448</num_pages>
<work>
<id>717734</id>
</work>
<isbn>0446605271</isbn>
<isbn13>9780446605274</isbn13>
<average_rating>3.80</average_rating>
<ratings_count>442</ratings_count>
<publication_year>1998</publication_year>
<publication_month>4</publication_month>
<publication_day>1</publication_day>
<authors>
<author>
<id>54662</id>
<name>Maggie Osborne</name>
<link><![CDATA[https://www.goodreads.com/author/show/54662.Maggie_Osborne]]></link>
</author>
</authors>
</book>

          <book>
<id>23213844</id>
<title>Without Words</title>
<title_without_series>Without Words</title_without_series>
<link><![CDATA[https://www.goodreads.com/book/show/23213844-without-words]]></link>
<small_image_url><![CDATA[https://images.gr-assets.com/books/1410813600s/23213844.jpg]]></small_image_url>
<image_url><![CDATA[https://images.gr-assets.com/books/1410813600m/23213844.jpg]]></image_url>
<num_pages>334</num_pages>
<work>
<id>42756262</id>
</work>
<isbn></isbn>
<isbn13></isbn13>
<average_rating>4.20</average_rating>
<ratings_count>1519</ratings_count>
<publication_year>2014</publication_year>
<publication_month>9</publication_month>
<publication_day>30</publication_day>
<authors>
<author>
<id>3419479</id>
<name>Ellen O&apos;Connell</name>
<link><![CDATA[https://www.goodreads.com/author/show/3419479.Ellen_O_Connell]]></link>
</author>
</authors>
</book>

          <book>
<id>10050071</id>
<title>Inside (Bulletproof, #1)</title>
<title_without_series>Inside</title_without_series>
<link><![CDATA[https://www.goodreads.com/book/show/10050071-inside]]></link>
<small_image_url><![CDATA[https://images.gr-assets.com/books/1298777936s/10050071.jpg]]></small_image_url>
<image_url><![CDATA[https://images.gr-assets.com/books/1298777936m/10050071.jpg]]></image_url>
<num_pages>440</num_pages>
<work>
<id>14946049</id>
</work>
<isbn>0778329933</isbn>
<isbn13>9780778329930</isbn13>
<average_rating>4.01</average_rating>
<ratings_count>1829</ratings_count>
<publication_year></publication_year>
<publication_month></publication_month>
<publication_day></publication_day>
<authors>
<author>
<id>12937</id>
<name>Brenda Novak</name>
<link><![CDATA[https://www.goodreads.com/author/show/12937.Brenda_Novak]]></link>
</author>
</authors>
</book>

          <book>
<id>16002418</id>
<title>Wild Encounter</title>
<title_without_series>Wild Encounter</title_without_series>
<link><![CDATA[https://www.goodreads.com/book/show/16002418-wild-encounter]]></link>
<small_image_url><![CDATA[https://images.gr-assets.com/books/1367966336s/16002418.jpg]]></small_image_url>
<image_url><![CDATA[https://images.gr-assets.com/books/1367966336m/16002418.jpg]]></image_url>
<num_pages>196</num_pages>
<work>
<id>21764607</id>
</work>
<isbn></isbn>
<isbn13></isbn13>
<average_rating>3.77</average_rating>
<ratings_count>185</ratings_count>
<publication_year>2012</publication_year>
<publication_month>9</publication_month>
<publication_day>9</publication_day>
<authors>
<author>
<id>3211596</id>
<name>Nikki Logan</name>
<link><![CDATA[https://www.goodreads.com/author/show/3211596.Nikki_Logan]]></link>
</author>
</authors>
</book>

          <book>
<id>22674054</id>
<title><![CDATA[Into the Shadows (The Associates, #3)]]></title>
<title_without_series>Into the Shadows</title_without_series>
<link><![CDATA[https://www.goodreads.com/book/show/22674054-into-the-shadows]]></link>
<small_image_url><![CDATA[https://images.gr-assets.com/books/1404747393s/22674054.jpg]]></small_image_url>
<image_url><![CDATA[https://images.gr-assets.com/books/1404747393m/22674054.jpg]]></image_url>
<num_pages></num_pages>
<work>
<id>42179085</id>
</work>
<isbn></isbn>
<isbn13>9780988313132</isbn13>
<average_rating>3.96</average_rating>
<ratings_count>499</ratings_count>
<publication_year>2014</publication_year>
<publication_month>7</publication_month>
<publication_day>16</publication_day>
<authors>
<author>
<id>3084517</id>
<name>Carolyn Crane</name>
<link><![CDATA[https://www.goodreads.com/author/show/3084517.Carolyn_Crane]]></link>
</author>
</authors>
</book>

          <book>
<id>25707058</id>
<title>Wanted (Deadly Secrets #2)</title>
<title_without_series>Wanted</title_without_series>
<link><![CDATA[https://www.goodreads.com/book/show/25707058-wanted]]></link>
<small_image_url><![CDATA[https://images.gr-assets.com/books/1434000403s/25707058.jpg]]></small_image_url>
<image_url><![CDATA[https://images.gr-assets.com/books/1434000403m/25707058.jpg]]></image_url>
<num_pages>254</num_pages>
<work>
<id>45379306</id>
</work>
<isbn>1943336709</isbn>
<isbn13>9781943336708</isbn13>
<average_rating>3.74</average_rating>
<ratings_count>84</ratings_count>
<publication_year>2015</publication_year>
<publication_month>7</publication_month>
<publication_day>21</publication_day>
<authors>
<author>
<id>1130537</id>
<name>Dee Tenorio</name>
<link><![CDATA[https://www.goodreads.com/author/show/1130537.Dee_Tenorio]]></link>
</author>
</authors>
</book>

          <book>
<id>11405093</id>
<title><![CDATA[Man Law (Private Protectors, #2)]]></title>
<title_without_series>Man Law</title_without_series>
<link><![CDATA[https://www.goodreads.com/book/show/11405093-man-law]]></link>
<small_image_url><![CDATA[https://images.gr-assets.com/books/1328176163s/11405093.jpg]]></small_image_url>
<image_url><![CDATA[https://images.gr-assets.com/books/1328176163m/11405093.jpg]]></image_url>
<num_pages></num_pages>
<work>
<id>16337828</id>
</work>
<isbn></isbn>
<isbn13></isbn13>
<average_rating>3.69</average_rating>
<ratings_count>464</ratings_count>
<publication_year></publication_year>
<publication_month></publication_month>
<publication_day></publication_day>
<authors>
<author>
<id>4863389</id>
<name>Adrienne Giordano</name>
<link><![CDATA[https://www.goodreads.com/author/show/4863389.Adrienne_Giordano]]></link>
</author>
</authors>
</book>

          <book>
<id>9221147</id>
<title>Don&apos;t Look Back</title>
<title_without_series>Don&apos;t Look Back</title_without_series>
<link><![CDATA[https://www.goodreads.com/book/show/9221147-don-t-look-back]]></link>
<small_image_url><![CDATA[https://images.gr-assets.com/books/1284257535s/9221147.jpg]]></small_image_url>
<image_url><![CDATA[https://images.gr-assets.com/books/1284257535m/9221147.jpg]]></image_url>
<num_pages>254</num_pages>
<work>
<id>14101116</id>
</work>
<isbn>1601547978</isbn>
<isbn13>9781601547972</isbn13>
<average_rating>3.52</average_rating>
<ratings_count>118</ratings_count>
<publication_year>2010</publication_year>
<publication_month>8</publication_month>
<publication_day>12</publication_day>
<authors>
<author>
<id>1259538</id>
<name>M.J. Fredrick</name>
<link><![CDATA[https://www.goodreads.com/author/show/1259538.M_J_Fredrick]]></link>
</author>
</authors>
</book>

          <book>
<id>187500</id>
<title>Cry No More</title>
<title_without_series>Cry No More</title_without_series>
<link><![CDATA[https://www.goodreads.com/book/show/187500.Cry_No_More]]></link>
<small_image_url><![CDATA[https://s.gr-assets.com/assets/nophoto/book/50x75-a91bf249278a81aabab721ef782c4a74.png]]></small_image_url>
<image_url><![CDATA[https://s.gr-assets.com/assets/nophoto/book/111x148-bcc042a9c91a29c1d680899eff700a03.png]]></image_url>
<num_pages></num_pages>
<work>
<id>181224</id>
</work>
<isbn>0749934581</isbn>
<isbn13>9780749934583</isbn13>
<average_rating>4.08</average_rating>
<ratings_count>11250</ratings_count>
<publication_year>2004</publication_year>
<publication_month>5</publication_month>
<publication_day>27</publication_day>
<authors>
<author>
<id>16961</id>
<name>Linda Howard</name>
<link><![CDATA[https://www.goodreads.com/author/show/16961.Linda_Howard]]></link>
</author>
</authors>
</book>

          <book>
<id>478652</id>
<title>Hard Evidence (I-Team, #2)</title>
<title_without_series>Hard Evidence</title_without_series>
<link><![CDATA[https://www.goodreads.com/book/show/478652.Hard_Evidence]]></link>
<small_image_url><![CDATA[https://s.gr-assets.com/assets/nophoto/book/50x75-a91bf249278a81aabab721ef782c4a74.png]]></small_image_url>
<image_url><![CDATA[https://s.gr-assets.com/assets/nophoto/book/111x148-bcc042a9c91a29c1d680899eff700a03.png]]></image_url>
<num_pages>328</num_pages>
<work>
<id>467081</id>
</work>
<isbn>0425212602</isbn>
<isbn13>9780425212608</isbn13>
<average_rating>4.18</average_rating>
<ratings_count>8855</ratings_count>
<publication_year>2006</publication_year>
<publication_month>10</publication_month>
<publication_day>3</publication_day>
<authors>
<author>
<id>92650</id>
<name>Pamela Clare</name>
<link><![CDATA[https://www.goodreads.com/author/show/92650.Pamela_Clare]]></link>
</author>
</authors>
</book>

          <book>
<id>24000895</id>
<title>Going the Distance</title>
<title_without_series>Going the Distance</title_without_series>
<link><![CDATA[https://www.goodreads.com/book/show/24000895-going-the-distance]]></link>
<small_image_url><![CDATA[https://images.gr-assets.com/books/1421042507s/24000895.jpg]]></small_image_url>
<image_url><![CDATA[https://images.gr-assets.com/books/1421042507m/24000895.jpg]]></image_url>
<num_pages>260</num_pages>
<work>
<id>43600969</id>
</work>
<isbn>1623421667</isbn>
<isbn13>9781623421663</isbn13>
<average_rating>4.01</average_rating>
<ratings_count>334</ratings_count>
<publication_year>2015</publication_year>
<publication_month>1</publication_month>
<publication_day>27</publication_day>
<authors>
<author>
<id>7254943</id>
<name>Julianna Keyes</name>
<link><![CDATA[https://www.goodreads.com/author/show/7254943.Julianna_Keyes]]></link>
</author>
</authors>
</book>

          <book>
<id>12377355</id>
<title>Only Fear (Mindhunters, #1)</title>
<title_without_series>Only Fear</title_without_series>
<link><![CDATA[https://www.goodreads.com/book/show/12377355-only-fear]]></link>
<small_image_url><![CDATA[https://images.gr-assets.com/books/1328014525s/12377355.jpg]]></small_image_url>
<image_url><![CDATA[https://images.gr-assets.com/books/1328014525m/12377355.jpg]]></image_url>
<num_pages>246</num_pages>
<work>
<id>17357865</id>
</work>
<isbn></isbn>
<isbn13></isbn13>
<average_rating>3.64</average_rating>
<ratings_count>183</ratings_count>
<publication_year>2011</publication_year>
<publication_month>9</publication_month>
<publication_day>5</publication_day>
<authors>
<author>
<id>5133851</id>
<name>Anne Marie Becker</name>
<link><![CDATA[https://www.goodreads.com/author/show/5133851.Anne_Marie_Becker]]></link>
</author>
</authors>
</book>

          <book>
<id>8601706</id>
<title>Deadly Heat (Deadly, #2)</title>
<title_without_series>Deadly Heat</title_without_series>
<link><![CDATA[https://www.goodreads.com/book/show/8601706-deadly-heat]]></link>
<small_image_url><![CDATA[https://images.gr-assets.com/books/1300647905s/8601706.jpg]]></small_image_url>
<image_url><![CDATA[https://images.gr-assets.com/books/1300647905m/8601706.jpg]]></image_url>
<num_pages>388</num_pages>
<work>
<id>13471643</id>
</work>
<isbn>0446559261</isbn>
<isbn13>9780446559263</isbn13>
<average_rating>4.10</average_rating>
<ratings_count>3202</ratings_count>
<publication_year>2011</publication_year>
<publication_month>2</publication_month>
<publication_day>1</publication_day>
<authors>
<author>
<id>153738</id>
<name>Cynthia Eden</name>
<link><![CDATA[https://www.goodreads.com/author/show/153738.Cynthia_Eden]]></link>
</author>
</authors>
</book>

  </similar_books>
</book>

</GoodreadsResponse>