<?xml version="1.0" encoding="UTF-8"?>
<GoodreadsResponse>
  <Request>
    <authentication>true</authentication>
      <key><![CDATA[all_men_must_serve]]></key>
    <method><![CDATA[book_show]]></method>
  </Request>
  <book>
  <id>10878</id>
  <title><![CDATA[The Great Shark Hunt: Strange Tales from a Strange Time (The Gonzo Papers, #1)]]></title>
  <isbn><![CDATA[0743250451]]></isbn>
  <isbn13><![CDATA[9780743250450]]></isbn13>
  <asin><![CDATA[]]></asin>
  <kindle_asin><![CDATA[B007KA1CZA]]></kindle_asin>
  <marketplace_id><![CDATA[A1F83G8C2ARO7P]]></marketplace_id>
  <country_code><![CDATA[GB]]></country_code>
  <image_url>https://s.gr-assets.com/assets/nophoto/book/111x148-bcc042a9c91a29c1d680899eff700a03.png</image_url>
  <small_image_url>https://s.gr-assets.com/assets/nophoto/book/50x75-a91bf249278a81aabab721ef782c4a74.png</small_image_url>
  <publication_year>2003</publication_year>
  <publication_month>11</publication_month>
  <publication_day>6</publication_day>
  <publisher>Simon &amp; Schuster</publisher>
  <language_code>en-US</language_code>
  <is_ebook>false</is_ebook>
  <description><![CDATA[The first volume in Hunter S. Thompson’s bestselling <i>Gonzo Papers</i> offers brilliant commentary and outrageous humor, in his signature style.<br /><br />Originally published in 1979, the first volume of the bestselling “Gonzo Papers” is now back in print. <i>The Great Shark Hunt</i> is Dr. Hunter S. Thompson’s largest and, arguably, most important work, covering Nixon to napalm, Las Vegas to Watergate, Carter to cocaine. These essays offer brilliant commentary and outrageous humor, in signature Thompson style.<br /><br />Ranging in date from the <i>National Observer</i> days to the era of <i>Rolling Stone</i>, <i>The Great Shark Hunt</i> offers myriad, highly charged entries, including the first Hunter S. Thompson piece to be dubbed “gonzo”—“The Kentucky Derby Is Decadent and Depraved,” which appeared in <i>Scanlan's Monthly</i> in 1970. From this essay a new journalistic movement sprang which would change the shape of American letters. Thompson's razor-sharp insight and crystal clarity capture the crazy, hypocritical, degenerate, and redeeming aspects of the explosive and colorful ‘60s and ‘70s.]]></description>
  <work>
  <id type="integer">1005676</id>
  <books_count type="integer">23</books_count>
  <best_book_id type="integer">10878</best_book_id>
  <reviews_count type="integer">17889</reviews_count>
  <ratings_sum type="integer">43810</ratings_sum>
  <ratings_count type="integer">10755</ratings_count>
  <text_reviews_count type="integer">307</text_reviews_count>
  <original_publication_year type="integer">1979</original_publication_year>
  <original_publication_month type="integer" nil="true"/>
  <original_publication_day type="integer" nil="true"/>
  <original_title>The Great Shark Hunt: Strange Tales from a Strange Time</original_title>
  <original_language_id type="integer" nil="true"/>
  <media_type>book</media_type>
  <rating_dist>5:3679|4:4544|3:2210|2:287|1:35|total:10755</rating_dist>
  <desc_user_id type="integer">934807</desc_user_id>
  <default_chaptering_book_id type="integer" nil="true"/>
  <default_description_language_code nil="true"/>
</work>
  <average_rating>4.07</average_rating>
  <num_pages><![CDATA[589]]></num_pages>
  <format><![CDATA[Paperback]]></format>
  <edition_information><![CDATA[]]></edition_information>
  <ratings_count><![CDATA[9956]]></ratings_count>
  <text_reviews_count><![CDATA[262]]></text_reviews_count>
  <url><![CDATA[https://www.goodreads.com/book/show/10878.The_Great_Shark_Hunt]]></url>
  <link><![CDATA[https://www.goodreads.com/book/show/10878.The_Great_Shark_Hunt]]></link>
  <authors>
<author>
<id>5237</id>
<name>Hunter S. Thompson</name>
<role></role>
<image_url nophoto='false'>
<![CDATA[https://images.gr-assets.com/authors/1206560814p5/5237.jpg]]>
</image_url>
<small_image_url nophoto='false'>
<![CDATA[https://images.gr-assets.com/authors/1206560814p2/5237.jpg]]>
</small_image_url>
<link><![CDATA[https://www.goodreads.com/author/show/5237.Hunter_S_Thompson]]></link>
<average_rating>4.03</average_rating>
<ratings_count>399346</ratings_count>
<text_reviews_count>11033</text_reviews_count>
</author>
</authors>

    <reviews_widget>
      <![CDATA[
        <style>
  #goodreads-widget {
    font-family: georgia, serif;
    padding: 18px 0;
    width:565px;
  }
  #goodreads-widget h1 {
    font-weight:normal;
    font-size: 16px;
    border-bottom: 1px solid #BBB596;
    margin-bottom: 0;
  }
  #goodreads-widget a {
    text-decoration: none;
    color:#660;
  }
  iframe{
    background-color: #fff;
  }
  #goodreads-widget a:hover { text-decoration: underline; }
  #goodreads-widget a:active {
    color:#660;
  }
  #gr_footer {
    width: 100%;
    border-top: 1px solid #BBB596;
    text-align: right;
  }
  #goodreads-widget .gr_branding{
    color: #382110;
    font-size: 11px;
    text-decoration: none;
    font-family: "Helvetica Neue", Helvetica, Arial, sans-serif;
  }
</style>
<div id="goodreads-widget">
  <div id="gr_header"><h1><a rel="nofollow" href="https://www.goodreads.com/book/show/10878.The_Great_Shark_Hunt">The Great Shark Hunt Reviews</a></h1></div>
  <iframe id="the_iframe" src="https://www.goodreads.com/api/reviews_widget_iframe?did=DEVELOPER_ID&amp;format=html&amp;isbn=0743250451&amp;links=660&amp;min_rating=&amp;review_back=fff&amp;stars=000&amp;text=000" width="565" height="400" frameborder="0"></iframe>
  <div id="gr_footer">
    <a class="gr_branding" target="_blank" rel="nofollow" href="https://www.goodreads.com/book/show/10878.The_Great_Shark_Hunt?utm_medium=api&amp;utm_source=reviews_widget">Reviews from Goodreads.com</a>
  </div>
</div>

      ]]>
    </reviews_widget>
  <popular_shelves>
      <shelf name="to-read" count="1704"/>
      <shelf name="journalism" count="92"/>
      <shelf name="currently-reading" count="91"/>
      <shelf name="favorites" count="85"/>
      <shelf name="non-fiction" count="51"/>
      <shelf name="history" count="38"/>
      <shelf name="biography" count="38"/>
      <shelf name="gonzo" count="33"/>
      <shelf name="hunter-s-thompson" count="32"/>
      <shelf name="books-i-own" count="30"/>
      <shelf name="owned" count="26"/>
      <shelf name="library" count="26"/>
      <shelf name="essays" count="25"/>
      <shelf name="nonfiction" count="24"/>
      <shelf name="american" count="23"/>
      <shelf name="fiction" count="23"/>
      <shelf name="default" count="18"/>
      <shelf name="ebooks" count="18"/>
      <shelf name="humor" count="18"/>
      <shelf name="politics" count="16"/>
      <shelf name="political" count="16"/>
      <shelf name="thompson" count="16"/>
      <shelf name="owned-books" count="15"/>
      <shelf name="autobiography" count="14"/>
      <shelf name="society" count="13"/>
      <shelf name="hst" count="13"/>
      <shelf name="calibre" count="12"/>
      <shelf name="literature" count="12"/>
      <shelf name="states" count="11"/>
      <shelf name="united" count="11"/>
      <shelf name="ebook" count="10"/>
      <shelf name="arts" count="10"/>
      <shelf name="language" count="10"/>
      <shelf name="collection" count="10"/>
      <shelf name="kindle" count="9"/>
      <shelf name="humour" count="9"/>
      <shelf name="general" count="9"/>
      <shelf name="my-library" count="9"/>
      <shelf name="memoir" count="9"/>
      <shelf name="journalists" count="8"/>
      <shelf name="counter-culture" count="8"/>
      <shelf name="unfinished" count="7"/>
      <shelf name="unread" count="7"/>
      <shelf name="anthology" count="7"/>
      <shelf name="travel" count="7"/>
      <shelf name="literary" count="7"/>
      <shelf name="editors" count="7"/>
      <shelf name="world" count="7"/>
      <shelf name="government" count="7"/>
      <shelf name="disciplines" count="7"/>
      <shelf name="publishers" count="7"/>
      <shelf name="century" count="7"/>
      <shelf name="20th" count="7"/>
      <shelf name="short-stories" count="7"/>
      <shelf name="sociology" count="7"/>
      <shelf name="u-s" count="6"/>
      <shelf name="s" count="6"/>
      <shelf name="hunter" count="6"/>
      <shelf name="1970s" count="6"/>
      <shelf name="gonzo-journalism" count="6"/>
      <shelf name="drugs" count="6"/>
      <shelf name="new-journalism" count="6"/>
      <shelf name="20th-century" count="6"/>
      <shelf name="biography-memoir" count="6"/>
      <shelf name="own-to-read" count="5"/>
      <shelf name="to-buy" count="5"/>
      <shelf name="criticism" count="5"/>
      <shelf name="literacy" count="5"/>
      <shelf name="addresses" count="5"/>
      <shelf name="goverment" count="5"/>
      <shelf name="linguistics" count="5"/>
      <shelf name="and" count="5"/>
      <shelf name="process" count="5"/>
      <shelf name="science" count="5"/>
      <shelf name="social" count="5"/>
      <shelf name="i-own" count="5"/>
      <shelf name="comedy" count="5"/>
      <shelf name="to-read-non-fiction" count="4"/>
      <shelf name="my-books" count="4"/>
      <shelf name="bookshelf" count="4"/>
      <shelf name="historical" count="4"/>
      <shelf name="wish-list" count="4"/>
      <shelf name="books" count="4"/>
      <shelf name="satire" count="4"/>
      <shelf name="1961-1974" count="4"/>
      <shelf name="1969-1974" count="4"/>
      <shelf name="usa" count="4"/>
      <shelf name="current-affairs" count="4"/>
      <shelf name="counterculture" count="4"/>
      <shelf name="other" count="4"/>
      <shelf name="shelfari-favorites" count="3"/>
      <shelf name="home-library" count="3"/>
      <shelf name="purchased" count="3"/>
      <shelf name="my-collection" count="3"/>
      <shelf name="american-literature" count="3"/>
      <shelf name="e-books" count="3"/>
      <shelf name="at-home" count="3"/>
      <shelf name="american-history" count="3"/>
      <shelf name="e-book" count="3"/>
      <shelf name="didn-t-finish" count="3"/>
  </popular_shelves>
  <book_links>
    <book_link>
  <id>8</id>
  <name>Libraries</name>
  <link>https://www.goodreads.com/book_link/follow/8</link>
</book_link>

  </book_links>
  <buy_links>
    <buy_link>
<id>1</id>
<name>Amazon</name>
<link>https://www.goodreads.com/book_link/follow/1</link>
</buy_link>
<buy_link>
<id>10</id>
<name>Audible</name>
<link>https://www.goodreads.com/book_link/follow/10</link>
</buy_link>
<buy_link>
<id>3</id>
<name>Barnes &amp; Noble</name>
<link>https://www.goodreads.com/book_link/follow/3</link>
</buy_link>
<buy_link>
<id>1027</id>
<name>Kobo</name>
<link>https://www.goodreads.com/book_link/follow/1027</link>
</buy_link>
<buy_link>
<id>2102</id>
<name>Apple iBooks</name>
<link>https://www.goodreads.com/book_link/follow/2102</link>
</buy_link>
<buy_link>
<id>8036</id>
<name>Google Play</name>
<link>https://www.goodreads.com/book_link/follow/8036</link>
</buy_link>
<buy_link>
<id>4</id>
<name>Abebooks</name>
<link>https://www.goodreads.com/book_link/follow/4</link>
</buy_link>
<buy_link>
<id>882</id>
<name>Book Depository</name>
<link>https://www.goodreads.com/book_link/follow/882</link>
</buy_link>
<buy_link>
<id>9</id>
<name>Indigo</name>
<link>https://www.goodreads.com/book_link/follow/9</link>
</buy_link>
<buy_link>
<id>2</id>
<name>Half.com</name>
<link>https://www.goodreads.com/book_link/follow/2</link>
</buy_link>
<buy_link>
<id>5</id>
<name>Alibris</name>
<link>https://www.goodreads.com/book_link/follow/5</link>
</buy_link>
<buy_link>
<id>107</id>
<name>Better World Books</name>
<link>https://www.goodreads.com/book_link/follow/107</link>
</buy_link>
<buy_link>
<id>7</id>
<name>IndieBound</name>
<link>https://www.goodreads.com/book_link/follow/7</link>
</buy_link>

  </buy_links>
  <series_works>
    <series_work>
<id>279813</id>
<user_position>1</user_position>
<series>
<id>64385</id>
<title>
<![CDATA[
    The Gonzo Papers
]]>
</title>
<description>
<![CDATA[
    The definitive overview of Thompson's journalistic career.
]]>
</description>
<note>
<![CDATA[
]]>
</note>
<series_works_count>5</series_works_count>
<primary_work_count>4</primary_work_count>
<numbered>true</numbered>
</series>

</series_work>

  </series_works>
  <similar_books>
          <book>
<id>26109</id>
<title><![CDATA[The Joke's Over: Ralph Steadman on Hunter S. Thompson]]></title>
<title_without_series><![CDATA[The Joke's Over: Ralph Steadman on Hunter S. Thompson]]></title_without_series>
<link><![CDATA[https://www.goodreads.com/book/show/26109.The_Joke_s_Over]]></link>
<small_image_url><![CDATA[https://s.gr-assets.com/assets/nophoto/book/50x75-a91bf249278a81aabab721ef782c4a74.png]]></small_image_url>
<image_url><![CDATA[https://s.gr-assets.com/assets/nophoto/book/111x148-bcc042a9c91a29c1d680899eff700a03.png]]></image_url>
<num_pages></num_pages>
<work>
<id>26813</id>
</work>
<isbn>0151012822</isbn>
<isbn13>9780151012824</isbn13>
<average_rating>3.88</average_rating>
<ratings_count>3128</ratings_count>
<publication_year></publication_year>
<publication_month></publication_month>
<publication_day></publication_day>
<authors>
<author>
<id>14623</id>
<name>Ralph Steadman</name>
<link><![CDATA[https://www.goodreads.com/author/show/14623.Ralph_Steadman]]></link>
</author>
</authors>
</book>

          <book>
<id>7684701</id>
<title>Why America Is Not a New Rome</title>
<title_without_series>Why America Is Not a New Rome</title_without_series>
<link><![CDATA[https://www.goodreads.com/book/show/7684701-why-america-is-not-a-new-rome]]></link>
<small_image_url><![CDATA[https://s.gr-assets.com/assets/nophoto/book/50x75-a91bf249278a81aabab721ef782c4a74.png]]></small_image_url>
<image_url><![CDATA[https://s.gr-assets.com/assets/nophoto/book/111x148-bcc042a9c91a29c1d680899eff700a03.png]]></image_url>
<num_pages>226</num_pages>
<work>
<id>10334952</id>
</work>
<isbn>0262195933</isbn>
<isbn13>9780262195935</isbn13>
<average_rating>3.62</average_rating>
<ratings_count>61</ratings_count>
<publication_year>2010</publication_year>
<publication_month>1</publication_month>
<publication_day>29</publication_day>
<authors>
<author>
<id>5003</id>
<name>Vaclav Smil</name>
<link><![CDATA[https://www.goodreads.com/author/show/5003.Vaclav_Smil]]></link>
</author>
</authors>
</book>

          <book>
<id>15209</id>
<title><![CDATA[Radical Chic & Mau-Mauing the Flak Catchers]]></title>
<title_without_series><![CDATA[Radical Chic & Mau-Mauing the Flak Catchers]]></title_without_series>
<link><![CDATA[https://www.goodreads.com/book/show/15209.Radical_Chic_Mau_Mauing_the_Flak_Catchers]]></link>
<small_image_url><![CDATA[https://s.gr-assets.com/assets/nophoto/book/50x75-a91bf249278a81aabab721ef782c4a74.png]]></small_image_url>
<image_url><![CDATA[https://s.gr-assets.com/assets/nophoto/book/111x148-bcc042a9c91a29c1d680899eff700a03.png]]></image_url>
<num_pages>144</num_pages>
<work>
<id>1423240</id>
</work>
<isbn>0553380621</isbn>
<isbn13>9780553380620</isbn13>
<average_rating>3.75</average_rating>
<ratings_count>2167</ratings_count>
<publication_year>1999</publication_year>
<publication_month>10</publication_month>
<publication_day>5</publication_day>
<authors>
<author>
<id>3083854</id>
<name>Tom Wolfe</name>
<link><![CDATA[https://www.goodreads.com/author/show/3083854.Tom_Wolfe]]></link>
</author>
</authors>
</book>

          <book>
<id>7491882</id>
<title>Dirty Sexy Politics</title>
<title_without_series>Dirty Sexy Politics</title_without_series>
<link><![CDATA[https://www.goodreads.com/book/show/7491882-dirty-sexy-politics]]></link>
<small_image_url><![CDATA[https://s.gr-assets.com/assets/nophoto/book/50x75-a91bf249278a81aabab721ef782c4a74.png]]></small_image_url>
<image_url><![CDATA[https://s.gr-assets.com/assets/nophoto/book/111x148-bcc042a9c91a29c1d680899eff700a03.png]]></image_url>
<num_pages></num_pages>
<work>
<id>9634644</id>
</work>
<isbn>1401323774</isbn>
<isbn13>9781401323776</isbn13>
<average_rating>3.30</average_rating>
<ratings_count>2580</ratings_count>
<publication_year></publication_year>
<publication_month></publication_month>
<publication_day></publication_day>
<authors>
<author>
<id>1921186</id>
<name>Meghan McCain</name>
<link><![CDATA[https://www.goodreads.com/author/show/1921186.Meghan_McCain]]></link>
</author>
</authors>
</book>

          <book>
<id>7380662</id>
<title><![CDATA[The Publisher: Henry Luce and His American Century]]></title>
<title_without_series><![CDATA[The Publisher: Henry Luce and His American Century]]></title_without_series>
<link><![CDATA[https://www.goodreads.com/book/show/7380662-the-publisher]]></link>
<small_image_url><![CDATA[https://images.gr-assets.com/books/1320490817s/7380662.jpg]]></small_image_url>
<image_url><![CDATA[https://images.gr-assets.com/books/1320490817m/7380662.jpg]]></image_url>
<num_pages>560</num_pages>
<work>
<id>9221041</id>
</work>
<isbn>0679414444</isbn>
<isbn13>9780679414445</isbn13>
<average_rating>3.74</average_rating>
<ratings_count>226</ratings_count>
<publication_year>2010</publication_year>
<publication_month>4</publication_month>
<publication_day>20</publication_day>
<authors>
<author>
<id>63867</id>
<name>Alan Brinkley</name>
<link><![CDATA[https://www.goodreads.com/author/show/63867.Alan_Brinkley]]></link>
</author>
</authors>
</book>

          <book>
<id>54368</id>
<title><![CDATA[Hunter: The Strange and Savage Life of Hunter S. Thompson]]></title>
<title_without_series><![CDATA[Hunter: The Strange and Savage Life of Hunter S. Thompson]]></title_without_series>
<link><![CDATA[https://www.goodreads.com/book/show/54368.Hunter]]></link>
<small_image_url><![CDATA[https://s.gr-assets.com/assets/nophoto/book/50x75-a91bf249278a81aabab721ef782c4a74.png]]></small_image_url>
<image_url><![CDATA[https://s.gr-assets.com/assets/nophoto/book/111x148-bcc042a9c91a29c1d680899eff700a03.png]]></image_url>
<num_pages>352</num_pages>
<work>
<id>53009</id>
</work>
<isbn>0452271290</isbn>
<isbn13>9780452271296</isbn13>
<average_rating>3.86</average_rating>
<ratings_count>1231</ratings_count>
<publication_year>1993</publication_year>
<publication_month>9</publication_month>
<publication_day>1</publication_day>
<authors>
<author>
<id>30738</id>
<name>E. Jean Carroll</name>
<link><![CDATA[https://www.goodreads.com/author/show/30738.E_Jean_Carroll]]></link>
</author>
</authors>
</book>

          <book>
<id>502295</id>
<title><![CDATA[Gonzo: The Life of Hunter S. Thompson]]></title>
<title_without_series><![CDATA[Gonzo: The Life of Hunter S. Thompson]]></title_without_series>
<link><![CDATA[https://www.goodreads.com/book/show/502295.Gonzo]]></link>
<small_image_url><![CDATA[https://s.gr-assets.com/assets/nophoto/book/50x75-a91bf249278a81aabab721ef782c4a74.png]]></small_image_url>
<image_url><![CDATA[https://s.gr-assets.com/assets/nophoto/book/111x148-bcc042a9c91a29c1d680899eff700a03.png]]></image_url>
<num_pages>467</num_pages>
<work>
<id>3352513</id>
</work>
<isbn>0316005274</isbn>
<isbn13>9780316005272</isbn13>
<average_rating>4.07</average_rating>
<ratings_count>10108</ratings_count>
<publication_year>2007</publication_year>
<publication_month>10</publication_month>
<publication_day>31</publication_day>
<authors>
<author>
<id>19969</id>
<name>Jann S. Wenner</name>
<link><![CDATA[https://www.goodreads.com/author/show/19969.Jann_S_Wenner]]></link>
</author>
</authors>
</book>

          <book>
<id>7301970</id>
<title><![CDATA[The Battle for Gotham: New York in the Shadow of Robert Moses and Jane Jacobs]]></title>
<title_without_series><![CDATA[The Battle for Gotham: New York in the Shadow of Robert Moses and Jane Jacobs]]></title_without_series>
<link><![CDATA[https://www.goodreads.com/book/show/7301970-the-battle-for-gotham]]></link>
<small_image_url><![CDATA[https://s.gr-assets.com/assets/nophoto/book/50x75-a91bf249278a81aabab721ef782c4a74.png]]></small_image_url>
<image_url><![CDATA[https://s.gr-assets.com/assets/nophoto/book/111x148-bcc042a9c91a29c1d680899eff700a03.png]]></image_url>
<num_pages></num_pages>
<work>
<id>8680008</id>
</work>
<isbn>1568584385</isbn>
<isbn13>9781568584386</isbn13>
<average_rating>3.27</average_rating>
<ratings_count>127</ratings_count>
<publication_year></publication_year>
<publication_month></publication_month>
<publication_day></publication_day>
<authors>
<author>
<id>142481</id>
<name>Roberta Brandes Gratz</name>
<link><![CDATA[https://www.goodreads.com/author/show/142481.Roberta_Brandes_Gratz]]></link>
</author>
</authors>
</book>

          <book>
<id>149035</id>
<title>The Boys on the Bus</title>
<title_without_series>The Boys on the Bus</title_without_series>
<link><![CDATA[https://www.goodreads.com/book/show/149035.The_Boys_on_the_Bus]]></link>
<small_image_url><![CDATA[https://images.gr-assets.com/books/1320440764s/149035.jpg]]></small_image_url>
<image_url><![CDATA[https://images.gr-assets.com/books/1320440764m/149035.jpg]]></image_url>
<num_pages>416</num_pages>
<work>
<id>143837</id>
</work>
<isbn>0812968204</isbn>
<isbn13>9780812968200</isbn13>
<average_rating>4.07</average_rating>
<ratings_count>884</ratings_count>
<publication_year>2003</publication_year>
<publication_month>8</publication_month>
<publication_day>12</publication_day>
<authors>
<author>
<id>86203</id>
<name>Timothy Crouse</name>
<link><![CDATA[https://www.goodreads.com/author/show/86203.Timothy_Crouse]]></link>
</author>
</authors>
</book>

          <book>
<id>8247445</id>
<title><![CDATA[Teaching the Pig to Dance: A Memoir of Growing Up and Second Chances]]></title>
<title_without_series><![CDATA[Teaching the Pig to Dance: A Memoir of Growing Up and Second Chances]]></title_without_series>
<link><![CDATA[https://www.goodreads.com/book/show/8247445-teaching-the-pig-to-dance]]></link>
<small_image_url><![CDATA[https://s.gr-assets.com/assets/nophoto/book/50x75-a91bf249278a81aabab721ef782c4a74.png]]></small_image_url>
<image_url><![CDATA[https://s.gr-assets.com/assets/nophoto/book/111x148-bcc042a9c91a29c1d680899eff700a03.png]]></image_url>
<num_pages>256</num_pages>
<work>
<id>13095045</id>
</work>
<isbn>0307460304</isbn>
<isbn13>9780307460301</isbn13>
<average_rating>3.69</average_rating>
<ratings_count>153</ratings_count>
<publication_year>2010</publication_year>
<publication_month>5</publication_month>
<publication_day>18</publication_day>
<authors>
<author>
<id>14589073</id>
<name>Fred  Thompson</name>
<link><![CDATA[https://www.goodreads.com/author/show/14589073.Fred_Thompson]]></link>
</author>
</authors>
</book>

          <book>
<id>7981845</id>
<title><![CDATA[Tears of a Clown: Glenn Beck and the Tea Bagging of America]]></title>
<title_without_series><![CDATA[Tears of a Clown: Glenn Beck and the Tea Bagging of America]]></title_without_series>
<link><![CDATA[https://www.goodreads.com/book/show/7981845-tears-of-a-clown]]></link>
<small_image_url><![CDATA[https://images.gr-assets.com/books/1320401688s/7981845.jpg]]></small_image_url>
<image_url><![CDATA[https://images.gr-assets.com/books/1320401688m/7981845.jpg]]></image_url>
<num_pages>261</num_pages>
<work>
<id>12421170</id>
</work>
<isbn>0385533888</isbn>
<isbn13>9780385533881</isbn13>
<average_rating>3.29</average_rating>
<ratings_count>392</ratings_count>
<publication_year>2010</publication_year>
<publication_month>10</publication_month>
<publication_day>5</publication_day>
<authors>
<author>
<id>74430</id>
<name>Dana Milbank</name>
<link><![CDATA[https://www.goodreads.com/author/show/74430.Dana_Milbank]]></link>
</author>
</authors>
</book>

          <book>
<id>6347745</id>
<title><![CDATA[I'm Not Hanging Noodles on Your Ears and Other Intriguing Idioms From Around the World]]></title>
<title_without_series><![CDATA[I'm Not Hanging Noodles on Your Ears and Other Intriguing Idioms From Around the World]]></title_without_series>
<link><![CDATA[https://www.goodreads.com/book/show/6347745-i-m-not-hanging-noodles-on-your-ears-and-other-intriguing-idioms-from-ar]]></link>
<small_image_url><![CDATA[https://images.gr-assets.com/books/1320405204s/6347745.jpg]]></small_image_url>
<image_url><![CDATA[https://images.gr-assets.com/books/1320405204m/6347745.jpg]]></image_url>
<num_pages>272</num_pages>
<work>
<id>6534162</id>
</work>
<isbn>1426204582</isbn>
<isbn13>9781426204586</isbn13>
<average_rating>3.19</average_rating>
<ratings_count>261</ratings_count>
<publication_year>2009</publication_year>
<publication_month>6</publication_month>
<publication_day>16</publication_day>
<authors>
<author>
<id>2878785</id>
<name>Jag Bhalla</name>
<link><![CDATA[https://www.goodreads.com/author/show/2878785.Jag_Bhalla]]></link>
</author>
</authors>
</book>

          <book>
<id>10879</id>
<title><![CDATA[The Gonzo Way: A Celebration of Dr. Hunter S. Thompson ]]></title>
<title_without_series><![CDATA[The Gonzo Way: A Celebration of Dr. Hunter S. Thompson]]></title_without_series>
<link><![CDATA[https://www.goodreads.com/book/show/10879.The_Gonzo_Way]]></link>
<small_image_url><![CDATA[https://s.gr-assets.com/assets/nophoto/book/50x75-a91bf249278a81aabab721ef782c4a74.png]]></small_image_url>
<image_url><![CDATA[https://s.gr-assets.com/assets/nophoto/book/111x148-bcc042a9c91a29c1d680899eff700a03.png]]></image_url>
<num_pages>112</num_pages>
<work>
<id>13483</id>
</work>
<isbn>1555916228</isbn>
<isbn13>9781555916220</isbn13>
<average_rating>3.93</average_rating>
<ratings_count>922</ratings_count>
<publication_year></publication_year>
<publication_month></publication_month>
<publication_day></publication_day>
<authors>
<author>
<id>7108</id>
<name>Anita Thompson</name>
<link><![CDATA[https://www.goodreads.com/author/show/7108.Anita_Thompson]]></link>
</author>
</authors>
</book>

          <book>
<id>197451</id>
<title><![CDATA[The Autobiography of a Brown Buffalo]]></title>
<title_without_series><![CDATA[The Autobiography of a Brown Buffalo]]></title_without_series>
<link><![CDATA[https://www.goodreads.com/book/show/197451.The_Autobiography_of_a_Brown_Buffalo]]></link>
<small_image_url><![CDATA[https://s.gr-assets.com/assets/nophoto/book/50x75-a91bf249278a81aabab721ef782c4a74.png]]></small_image_url>
<image_url><![CDATA[https://s.gr-assets.com/assets/nophoto/book/111x148-bcc042a9c91a29c1d680899eff700a03.png]]></image_url>
<num_pages>208</num_pages>
<work>
<id>190992</id>
</work>
<isbn>0679722130</isbn>
<isbn13>9780679722137</isbn13>
<average_rating>3.92</average_rating>
<ratings_count>901</ratings_count>
<publication_year>1989</publication_year>
<publication_month>7</publication_month>
<publication_day>17</publication_day>
<authors>
<author>
<id>89108</id>
<name>Oscar Zeta Acosta</name>
<link><![CDATA[https://www.goodreads.com/author/show/89108.Oscar_Zeta_Acosta]]></link>
</author>
</authors>
</book>

          <book>
<id>6461927</id>
<title><![CDATA[The Original Curse: Did the Cubs Throw the 1918 World Series to Babe Ruth's Red Sox and Incite the Black Sox Scandal?]]></title>
<title_without_series><![CDATA[The Original Curse: Did the Cubs Throw the 1918 World Series to Babe Ruth's Red Sox and Incite the Black Sox Scandal?]]></title_without_series>
<link><![CDATA[https://www.goodreads.com/book/show/6461927-the-original-curse]]></link>
<small_image_url><![CDATA[https://s.gr-assets.com/assets/nophoto/book/50x75-a91bf249278a81aabab721ef782c4a74.png]]></small_image_url>
<image_url><![CDATA[https://s.gr-assets.com/assets/nophoto/book/111x148-bcc042a9c91a29c1d680899eff700a03.png]]></image_url>
<num_pages>242</num_pages>
<work>
<id>6652361</id>
</work>
<isbn>0071629971</isbn>
<isbn13>9780071629973</isbn13>
<average_rating>3.72</average_rating>
<ratings_count>131</ratings_count>
<publication_year>2009</publication_year>
<publication_month>10</publication_month>
<publication_day>1</publication_day>
<authors>
<author>
<id>2928113</id>
<name>Sean Deveney</name>
<link><![CDATA[https://www.goodreads.com/author/show/2928113.Sean_Deveney]]></link>
</author>
</authors>
</book>

          <book>
<id>6920100</id>
<title><![CDATA[Anonyponymous: The Forgotten People behind Everyday Words]]></title>
<title_without_series><![CDATA[Anonyponymous: The Forgotten People behind Everyday Words]]></title_without_series>
<link><![CDATA[https://www.goodreads.com/book/show/6920100-anonyponymous]]></link>
<small_image_url><![CDATA[https://images.gr-assets.com/books/1312028161s/6920100.jpg]]></small_image_url>
<image_url><![CDATA[https://images.gr-assets.com/books/1312028161m/6920100.jpg]]></image_url>
<num_pages>160</num_pages>
<work>
<id>7148078</id>
</work>
<isbn>1596916532</isbn>
<isbn13>9781596916531</isbn13>
<average_rating>3.54</average_rating>
<ratings_count>356</ratings_count>
<publication_year>2009</publication_year>
<publication_month>10</publication_month>
<publication_day>27</publication_day>
<authors>
<author>
<id>129538</id>
<name>John Bemelmans Marciano</name>
<link><![CDATA[https://www.goodreads.com/author/show/129538.John_Bemelmans_Marciano]]></link>
</author>
</authors>
</book>

          <book>
<id>2077521</id>
<title>Outlaw Journalist</title>
<title_without_series>Outlaw Journalist</title_without_series>
<link><![CDATA[https://www.goodreads.com/book/show/2077521.Outlaw_Journalist]]></link>
<small_image_url><![CDATA[https://s.gr-assets.com/assets/nophoto/book/50x75-a91bf249278a81aabab721ef782c4a74.png]]></small_image_url>
<image_url><![CDATA[https://s.gr-assets.com/assets/nophoto/book/111x148-bcc042a9c91a29c1d680899eff700a03.png]]></image_url>
<num_pages>448</num_pages>
<work>
<id>2082790</id>
</work>
<isbn>0393061922</isbn>
<isbn13>9780393061925</isbn13>
<average_rating>4.06</average_rating>
<ratings_count>677</ratings_count>
<publication_year>2008</publication_year>
<publication_month>7</publication_month>
<publication_day>17</publication_day>
<authors>
<author>
<id>22979</id>
<name>William McKeen</name>
<link><![CDATA[https://www.goodreads.com/author/show/22979.William_McKeen]]></link>
</author>
</authors>
</book>

          <book>
<id>19161891</id>
<title>Roughneck</title>
<title_without_series>Roughneck</title_without_series>
<link><![CDATA[https://www.goodreads.com/book/show/19161891-roughneck]]></link>
<small_image_url><![CDATA[https://images.gr-assets.com/books/1403191584s/19161891.jpg]]></small_image_url>
<image_url><![CDATA[https://images.gr-assets.com/books/1403191584m/19161891.jpg]]></image_url>
<num_pages>224</num_pages>
<work>
<id>814827</id>
</work>
<isbn>0316403814</isbn>
<isbn13>9780316403818</isbn13>
<average_rating>3.71</average_rating>
<ratings_count>530</ratings_count>
<publication_year>2014</publication_year>
<publication_month>8</publication_month>
<publication_day>5</publication_day>
<authors>
<author>
<id>7621</id>
<name>Jim Thompson</name>
<link><![CDATA[https://www.goodreads.com/author/show/7621.Jim_Thompson]]></link>
</author>
</authors>
</book>

  </similar_books>
</book>

</GoodreadsResponse>