<?xml version="1.0" encoding="UTF-8"?>
<GoodreadsResponse>
  <Request>
    <authentication>true</authentication>
      <key><![CDATA[all_men_must_serve]]></key>
    <method><![CDATA[book_show]]></method>
  </Request>
  <book>
  <id>108942</id>
  <title><![CDATA[Bad Luck and Trouble (Jack Reacher, #11)]]></title>
  <isbn><![CDATA[0385340559]]></isbn>
  <isbn13><![CDATA[9780385340557]]></isbn13>
  <asin><![CDATA[]]></asin>
  <kindle_asin><![CDATA[B0031RS44S]]></kindle_asin>
  <marketplace_id><![CDATA[A1F83G8C2ARO7P]]></marketplace_id>
  <country_code><![CDATA[GB]]></country_code>
  <image_url>https://s.gr-assets.com/assets/nophoto/book/111x148-bcc042a9c91a29c1d680899eff700a03.png</image_url>
  <small_image_url>https://s.gr-assets.com/assets/nophoto/book/50x75-a91bf249278a81aabab721ef782c4a74.png</small_image_url>
  <publication_year></publication_year>
  <publication_month></publication_month>
  <publication_day></publication_day>
  <publisher>Bantam Dell Random House</publisher>
  <language_code>en-US</language_code>
  <is_ebook>false</is_ebook>
  <description><![CDATA[From a helicopter high above the empty California desert, a man is sent free-falling into the night…. In Chicago, a woman learns that an elite team of ex–army investigators is being hunted down one by one.... And on the streets of Portland, Jack Reacher—soldier, cop, hero—is pulled out of his wandering life by a code that few other people could understand. From the first shocking scenes in Lee Child’s explosive new novel, Jack Reacher is plunged like a knife into the heart of a conspiracy that is killing old friends…and is on its way to something even worse.<br /><br />A decade postmilitary, Reacher has an ATM card and the clothes on his back—no phone, no ties, and no address. But now a woman from his old unit has done the impossible. From Chicago, Frances Neagley finds Reacher, using a signal only the eight members of their elite team of army investigators would know. She tells him a terrifying story—about the brutal death of a man they both served with. Soon Reacher is reuniting with the survivors of his old team, scrambling to raise the living, bury the dead, and connect the dots in a mystery that is growing darker by the day. The deeper they dig, the more they don’ t know: about two other comrades who have suddenly gone missing—and a trail that leads into the neon of Vegas and the darkness of international terrorism.<br /><br />For now, Reacher can only react. To every sound. Every suspicion. Every scent and every moment. Then Reacher will trust the people he once trusted with his life—and take this thing all the way to the end. Because in a world of bad luck and trouble, when someone targets Jack Reacher and his team, they’d better be ready for what comes right back at them…]]></description>
  <work>
  <id type="integer">1053240</id>
  <books_count type="integer">86</books_count>
  <best_book_id type="integer">108942</best_book_id>
  <reviews_count type="integer">72293</reviews_count>
  <ratings_sum type="integer">210268</ratings_sum>
  <ratings_count type="integer">50375</ratings_count>
  <text_reviews_count type="integer">2117</text_reviews_count>
  <original_publication_year type="integer">2007</original_publication_year>
  <original_publication_month type="integer">4</original_publication_month>
  <original_publication_day type="integer">2</original_publication_day>
  <original_title>Bad Luck and Trouble</original_title>
  <original_language_id type="integer" nil="true"/>
  <media_type>book</media_type>
  <rating_dist>5:19329|4:21827|3:8079|2:938|1:202|total:50375</rating_dist>
  <desc_user_id type="integer">7492276</desc_user_id>
  <default_chaptering_book_id type="integer" nil="true"/>
  <default_description_language_code nil="true"/>
</work>
  <average_rating>4.17</average_rating>
  <num_pages><![CDATA[378]]></num_pages>
  <format><![CDATA[]]></format>
  <edition_information><![CDATA[Delacorte]]></edition_information>
  <ratings_count><![CDATA[42572]]></ratings_count>
  <text_reviews_count><![CDATA[1725]]></text_reviews_count>
  <url><![CDATA[https://www.goodreads.com/book/show/108942.Bad_Luck_and_Trouble]]></url>
  <link><![CDATA[https://www.goodreads.com/book/show/108942.Bad_Luck_and_Trouble]]></link>
  <authors>
<author>
<id>5091</id>
<name>Lee Child</name>
<role></role>
<image_url nophoto='false'>
<![CDATA[https://images.gr-assets.com/authors/1377708686p5/5091.jpg]]>
</image_url>
<small_image_url nophoto='false'>
<![CDATA[https://images.gr-assets.com/authors/1377708686p2/5091.jpg]]>
</small_image_url>
<link><![CDATA[https://www.goodreads.com/author/show/5091.Lee_Child]]></link>
<average_rating>4.06</average_rating>
<ratings_count>1329189</ratings_count>
<text_reviews_count>67922</text_reviews_count>
</author>
</authors>

    <reviews_widget>
      <![CDATA[
        <style>
  #goodreads-widget {
    font-family: georgia, serif;
    padding: 18px 0;
    width:565px;
  }
  #goodreads-widget h1 {
    font-weight:normal;
    font-size: 16px;
    border-bottom: 1px solid #BBB596;
    margin-bottom: 0;
  }
  #goodreads-widget a {
    text-decoration: none;
    color:#660;
  }
  iframe{
    background-color: #fff;
  }
  #goodreads-widget a:hover { text-decoration: underline; }
  #goodreads-widget a:active {
    color:#660;
  }
  #gr_footer {
    width: 100%;
    border-top: 1px solid #BBB596;
    text-align: right;
  }
  #goodreads-widget .gr_branding{
    color: #382110;
    font-size: 11px;
    text-decoration: none;
    font-family: "Helvetica Neue", Helvetica, Arial, sans-serif;
  }
</style>
<div id="goodreads-widget">
  <div id="gr_header"><h1><a rel="nofollow" href="https://www.goodreads.com/book/show/108942.Bad_Luck_and_Trouble">Bad Luck and Trouble Reviews</a></h1></div>
  <iframe id="the_iframe" src="https://www.goodreads.com/api/reviews_widget_iframe?did=DEVELOPER_ID&amp;format=html&amp;isbn=0385340559&amp;links=660&amp;min_rating=&amp;review_back=fff&amp;stars=000&amp;text=000" width="565" height="400" frameborder="0"></iframe>
  <div id="gr_footer">
    <a class="gr_branding" target="_blank" rel="nofollow" href="https://www.goodreads.com/book/show/108942.Bad_Luck_and_Trouble?utm_medium=api&amp;utm_source=reviews_widget">Reviews from Goodreads.com</a>
  </div>
</div>

      ]]>
    </reviews_widget>
  <popular_shelves>
      <shelf name="to-read" count="2487"/>
      <shelf name="currently-reading" count="806"/>
      <shelf name="lee-child" count="550"/>
      <shelf name="thriller" count="536"/>
      <shelf name="fiction" count="467"/>
      <shelf name="mystery" count="401"/>
      <shelf name="jack-reacher" count="381"/>
      <shelf name="crime" count="207"/>
      <shelf name="reacher" count="153"/>
      <shelf name="default" count="146"/>
      <shelf name="suspense" count="138"/>
      <shelf name="action" count="118"/>
      <shelf name="thrillers" count="115"/>
      <shelf name="series" count="108"/>
      <shelf name="owned" count="105"/>
      <shelf name="mystery-thriller" count="102"/>
      <shelf name="child-lee" count="100"/>
      <shelf name="favorites" count="72"/>
      <shelf name="kindle" count="67"/>
      <shelf name="child" count="64"/>
      <shelf name="audio" count="62"/>
      <shelf name="library" count="60"/>
      <shelf name="audiobook" count="57"/>
      <shelf name="jack-reacher-series" count="54"/>
      <shelf name="detective" count="51"/>
      <shelf name="adventure" count="50"/>
      <shelf name="books-i-own" count="50"/>
      <shelf name="mysteries" count="49"/>
      <shelf name="ebook" count="48"/>
      <shelf name="action-adventure" count="45"/>
      <shelf name="mystery-suspense" count="42"/>
      <shelf name="audiobooks" count="39"/>
      <shelf name="jack" count="39"/>
      <shelf name="ebooks" count="37"/>
      <shelf name="lee-childs" count="30"/>
      <shelf name="crime-thriller" count="29"/>
      <shelf name="espionage" count="28"/>
      <shelf name="audio-books" count="28"/>
      <shelf name="audio-book" count="27"/>
      <shelf name="owned-books" count="24"/>
      <shelf name="audible" count="24"/>
      <shelf name="fictitious" count="24"/>
      <shelf name="character" count="24"/>
      <shelf name="suspense-thriller" count="24"/>
      <shelf name="crime-fiction" count="24"/>
      <shelf name="lee-child-jack-reacher" count="23"/>
      <shelf name="to-buy" count="23"/>
      <shelf name="calibre" count="22"/>
      <shelf name="crime-mystery" count="21"/>
      <shelf name="adult" count="21"/>
      <shelf name="military" count="21"/>
      <shelf name="mystery-crime" count="21"/>
      <shelf name="troops" count="21"/>
      <shelf name="officers" count="21"/>
      <shelf name="mercenary" count="21"/>
      <shelf name="ex-police" count="21"/>
      <shelf name="action-thriller" count="20"/>
      <shelf name="general" count="19"/>
      <shelf name="wish-list" count="19"/>
      <shelf name="read-2013" count="18"/>
      <shelf name="have" count="18"/>
      <shelf name="e-books" count="17"/>
      <shelf name="my-books" count="16"/>
      <shelf name="my-library" count="16"/>
      <shelf name="thriller-suspense" count="15"/>
      <shelf name="novels" count="15"/>
      <shelf name="mystery-thrillers" count="13"/>
      <shelf name="read-in-2013" count="12"/>
      <shelf name="paperback" count="12"/>
      <shelf name="adult-fiction" count="12"/>
      <shelf name="listened-to" count="12"/>
      <shelf name="books" count="11"/>
      <shelf name="kindle-books" count="11"/>
      <shelf name="general-fiction" count="11"/>
      <shelf name="e-book" count="11"/>
      <shelf name="library-book" count="11"/>
      <shelf name="read-2016" count="10"/>
      <shelf name="english" count="10"/>
      <shelf name="finished" count="10"/>
      <shelf name="read-2012" count="10"/>
      <shelf name="read-in-2012" count="10"/>
      <shelf name="favourites" count="10"/>
      <shelf name="i-own" count="10"/>
      <shelf name="c" count="9"/>
      <shelf name="2013-reads" count="9"/>
      <shelf name="mysteries-thrillers" count="9"/>
      <shelf name="unread" count="9"/>
      <shelf name="fiction-thriller" count="9"/>
      <shelf name="favorite-authors" count="9"/>
      <shelf name="11" count="8"/>
      <shelf name="read-in-2014" count="8"/>
      <shelf name="on-kindle" count="8"/>
      <shelf name="jack-reacher-novels" count="8"/>
      <shelf name="nook" count="8"/>
      <shelf name="murder-mystery" count="8"/>
      <shelf name="library-books" count="8"/>
      <shelf name="read-in-2016" count="7"/>
      <shelf name="read-2015" count="7"/>
      <shelf name="books-i-have" count="7"/>
      <shelf name="part-of-a-series" count="7"/>
  </popular_shelves>
  <book_links>
    <book_link>
  <id>8</id>
  <name>Libraries</name>
  <link>https://www.goodreads.com/book_link/follow/8</link>
</book_link>

  </book_links>
  <buy_links>
    <buy_link>
<id>1</id>
<name>Amazon</name>
<link>https://www.goodreads.com/book_link/follow/1</link>
</buy_link>
<buy_link>
<id>10</id>
<name>Audible</name>
<link>https://www.goodreads.com/book_link/follow/10</link>
</buy_link>
<buy_link>
<id>3</id>
<name>Barnes &amp; Noble</name>
<link>https://www.goodreads.com/book_link/follow/3</link>
</buy_link>
<buy_link>
<id>1027</id>
<name>Kobo</name>
<link>https://www.goodreads.com/book_link/follow/1027</link>
</buy_link>
<buy_link>
<id>2102</id>
<name>Apple iBooks</name>
<link>https://www.goodreads.com/book_link/follow/2102</link>
</buy_link>
<buy_link>
<id>8036</id>
<name>Google Play</name>
<link>https://www.goodreads.com/book_link/follow/8036</link>
</buy_link>
<buy_link>
<id>4</id>
<name>Abebooks</name>
<link>https://www.goodreads.com/book_link/follow/4</link>
</buy_link>
<buy_link>
<id>882</id>
<name>Book Depository</name>
<link>https://www.goodreads.com/book_link/follow/882</link>
</buy_link>
<buy_link>
<id>9</id>
<name>Indigo</name>
<link>https://www.goodreads.com/book_link/follow/9</link>
</buy_link>
<buy_link>
<id>2</id>
<name>Half.com</name>
<link>https://www.goodreads.com/book_link/follow/2</link>
</buy_link>
<buy_link>
<id>5</id>
<name>Alibris</name>
<link>https://www.goodreads.com/book_link/follow/5</link>
</buy_link>
<buy_link>
<id>107</id>
<name>Better World Books</name>
<link>https://www.goodreads.com/book_link/follow/107</link>
</buy_link>
<buy_link>
<id>7</id>
<name>IndieBound</name>
<link>https://www.goodreads.com/book_link/follow/7</link>
</buy_link>

  </buy_links>
  <series_works>
    <series_work>
<id>154538</id>
<user_position>11</user_position>
<series>
<id>40549</id>
<title>
<![CDATA[
    Jack Reacher
]]>
</title>
<description>
<![CDATA[
    Jack Reacher is a drifter and ex-military policeman.
    
    Each book in the series is a self-contained story, and the plot of each book relies very little on the prior books in the series.
]]>
</description>
<note>
<![CDATA[
]]>
</note>
<series_works_count>53</series_works_count>
<primary_work_count>22</primary_work_count>
<numbered>true</numbered>
</series>

</series_work>
<series_work>
<id>958071</id>
<user_position>13</user_position>
<series>
<id>187835</id>
<title>
<![CDATA[
    Jack Reacher Chronological Order
]]>
</title>
<description>
<![CDATA[
    Not the order of release, but the Reacher books and stories chronologically, from his youth to his adulthood.
]]>
</description>
<note>
<![CDATA[
]]>
</note>
<series_works_count>30</series_works_count>
<primary_work_count>22</primary_work_count>
<numbered>true</numbered>
</series>

</series_work>

  </series_works>
  <similar_books>
          <book>
<id>57951</id>
<title><![CDATA[The Watchman (Elvis Cole, #11; Joe Pike, #1)]]></title>
<title_without_series>The Watchman</title_without_series>
<link><![CDATA[https://www.goodreads.com/book/show/57951.The_Watchman]]></link>
<small_image_url><![CDATA[https://s.gr-assets.com/assets/nophoto/book/50x75-a91bf249278a81aabab721ef782c4a74.png]]></small_image_url>
<image_url><![CDATA[https://s.gr-assets.com/assets/nophoto/book/111x148-bcc042a9c91a29c1d680899eff700a03.png]]></image_url>
<num_pages></num_pages>
<work>
<id>814176</id>
</work>
<isbn>0743281632</isbn>
<isbn13>9780743281638</isbn13>
<average_rating>4.10</average_rating>
<ratings_count>19192</ratings_count>
<publication_year></publication_year>
<publication_month></publication_month>
<publication_day></publication_day>
<authors>
<author>
<id>8944</id>
<name>Robert Crais</name>
<link><![CDATA[https://www.goodreads.com/author/show/8944.Robert_Crais]]></link>
</author>
</authors>
</book>

          <book>
<id>29262</id>
<title><![CDATA[Redemption Games (John Rain, #4)]]></title>
<title_without_series>Redemption Games</title_without_series>
<link><![CDATA[https://www.goodreads.com/book/show/29262.Redemption_Games]]></link>
<small_image_url><![CDATA[https://images.gr-assets.com/books/1360561585s/29262.jpg]]></small_image_url>
<image_url><![CDATA[https://images.gr-assets.com/books/1360561585m/29262.jpg]]></image_url>
<num_pages>384</num_pages>
<work>
<id>1916441</id>
</work>
<isbn></isbn>
<isbn13></isbn13>
<average_rating>4.20</average_rating>
<ratings_count>5383</ratings_count>
<publication_year>2005</publication_year>
<publication_month>6</publication_month>
<publication_day>6</publication_day>
<authors>
<author>
<id>603</id>
<name>Barry Eisler</name>
<link><![CDATA[https://www.goodreads.com/author/show/603.Barry_Eisler]]></link>
</author>
</authors>
</book>

          <book>
<id>32501</id>
<title><![CDATA[Echo Park (Harry Bosch, #12; Harry Bosch Universe, #14)]]></title>
<title_without_series>Echo Park</title_without_series>
<link><![CDATA[https://www.goodreads.com/book/show/32501.Echo_Park]]></link>
<small_image_url><![CDATA[https://images.gr-assets.com/books/1168391416s/32501.jpg]]></small_image_url>
<image_url><![CDATA[https://images.gr-assets.com/books/1168391416m/32501.jpg]]></image_url>
<num_pages>405</num_pages>
<work>
<id>1359182</id>
</work>
<isbn>0316734950</isbn>
<isbn13>9780316734950</isbn13>
<average_rating>4.07</average_rating>
<ratings_count>34728</ratings_count>
<publication_year>2006</publication_year>
<publication_month>10</publication_month>
<publication_day>9</publication_day>
<authors>
<author>
<id>12470</id>
<name>Michael Connelly</name>
<link><![CDATA[https://www.goodreads.com/author/show/12470.Michael_Connelly]]></link>
</author>
</authors>
</book>

          <book>
<id>6379549</id>
<title><![CDATA[I, Sniper (Bob Lee Swagger, #6)]]></title>
<title_without_series>I, Sniper</title_without_series>
<link><![CDATA[https://www.goodreads.com/book/show/6379549-i-sniper]]></link>
<small_image_url><![CDATA[https://s.gr-assets.com/assets/nophoto/book/50x75-a91bf249278a81aabab721ef782c4a74.png]]></small_image_url>
<image_url><![CDATA[https://s.gr-assets.com/assets/nophoto/book/111x148-bcc042a9c91a29c1d680899eff700a03.png]]></image_url>
<num_pages>418</num_pages>
<work>
<id>6567430</id>
</work>
<isbn>1416565159</isbn>
<isbn13>9781416565154</isbn13>
<average_rating>4.08</average_rating>
<ratings_count>6012</ratings_count>
<publication_year></publication_year>
<publication_month></publication_month>
<publication_day></publication_day>
<authors>
<author>
<id>12546</id>
<name>Stephen Hunter</name>
<link><![CDATA[https://www.goodreads.com/author/show/12546.Stephen_Hunter]]></link>
</author>
</authors>
</book>

          <book>
<id>6431993</id>
<title><![CDATA[Shadow of Betrayal (Jonathan Quinn, #3)]]></title>
<title_without_series>Shadow of Betrayal</title_without_series>
<link><![CDATA[https://www.goodreads.com/book/show/6431993-shadow-of-betrayal]]></link>
<small_image_url><![CDATA[https://s.gr-assets.com/assets/nophoto/book/50x75-a91bf249278a81aabab721ef782c4a74.png]]></small_image_url>
<image_url><![CDATA[https://s.gr-assets.com/assets/nophoto/book/111x148-bcc042a9c91a29c1d680899eff700a03.png]]></image_url>
<num_pages></num_pages>
<work>
<id>6621469</id>
</work>
<isbn>038534158X</isbn>
<isbn13>9780385341585</isbn13>
<average_rating>4.06</average_rating>
<ratings_count>1936</ratings_count>
<publication_year></publication_year>
<publication_month></publication_month>
<publication_day></publication_day>
<authors>
<author>
<id>463227</id>
<name>Brett Battles</name>
<link><![CDATA[https://www.goodreads.com/author/show/463227.Brett_Battles]]></link>
</author>
</authors>
</book>

          <book>
<id>272607</id>
<title>Fade Away (Myron Bolitar #3)</title>
<title_without_series>Fade Away</title_without_series>
<link><![CDATA[https://www.goodreads.com/book/show/272607.Fade_Away]]></link>
<small_image_url><![CDATA[https://s.gr-assets.com/assets/nophoto/book/50x75-a91bf249278a81aabab721ef782c4a74.png]]></small_image_url>
<image_url><![CDATA[https://s.gr-assets.com/assets/nophoto/book/111x148-bcc042a9c91a29c1d680899eff700a03.png]]></image_url>
<num_pages></num_pages>
<work>
<id>14597555</id>
</work>
<isbn>0440222680</isbn>
<isbn13>9780440222682</isbn13>
<average_rating>3.99</average_rating>
<ratings_count>17639</ratings_count>
<publication_year>1996</publication_year>
<publication_month>12</publication_month>
<publication_day>11</publication_day>
<authors>
<author>
<id>24689</id>
<name>Harlan Coben</name>
<link><![CDATA[https://www.goodreads.com/author/show/24689.Harlan_Coben]]></link>
</author>
</authors>
</book>

          <book>
<id>5509321</id>
<title><![CDATA[First Family (Sean King & Michelle Maxwell, #4)]]></title>
<title_without_series>First Family</title_without_series>
<link><![CDATA[https://www.goodreads.com/book/show/5509321-first-family]]></link>
<small_image_url><![CDATA[https://s.gr-assets.com/assets/nophoto/book/50x75-a91bf249278a81aabab721ef782c4a74.png]]></small_image_url>
<image_url><![CDATA[https://s.gr-assets.com/assets/nophoto/book/111x148-bcc042a9c91a29c1d680899eff700a03.png]]></image_url>
<num_pages>449</num_pages>
<work>
<id>5617267</id>
</work>
<isbn>0446539759</isbn>
<isbn13>9780446539753</isbn13>
<average_rating>3.98</average_rating>
<ratings_count>26489</ratings_count>
<publication_year></publication_year>
<publication_month></publication_month>
<publication_day></publication_day>
<authors>
<author>
<id>9291</id>
<name>David Baldacci</name>
<link><![CDATA[https://www.goodreads.com/author/show/9291.David_Baldacci]]></link>
</author>
</authors>
</book>

  </similar_books>
</book>

</GoodreadsResponse>