<?xml version="1.0" encoding="UTF-8"?>
<GoodreadsResponse>
  <Request>
    <authentication>true</authentication>
      <key><![CDATA[all_men_must_serve]]></key>
    <method><![CDATA[book_show]]></method>
  </Request>
  <book>
  <id>10909804</id>
  <title><![CDATA[Just My Type: A Book About Fonts]]></title>
  <isbn><![CDATA[1592406521]]></isbn>
  <isbn13><![CDATA[9781592406524]]></isbn13>
  <asin><![CDATA[]]></asin>
  <kindle_asin><![CDATA[B00486UEZI]]></kindle_asin>
  <marketplace_id><![CDATA[A1F83G8C2ARO7P]]></marketplace_id>
  <country_code><![CDATA[GB]]></country_code>
  <image_url>https://images.gr-assets.com/books/1327886002m/10909804.jpg</image_url>
  <small_image_url>https://images.gr-assets.com/books/1327886002s/10909804.jpg</small_image_url>
  <publication_year></publication_year>
  <publication_month></publication_month>
  <publication_day></publication_day>
  <publisher></publisher>
  <language_code>en-US</language_code>
  <is_ebook>false</is_ebook>
  <description><![CDATA[What's your type? Suddenly everyone's obsessed with fonts. Whether you're enraged by Ikea's Verdanagate, want to know what the Beach Boys have in common with easy Jet or why it's okay to like Comic Sans, Just My Type will have the answer. Learn why using upper case got a New Zealand health worker sacked. Refer to Prince in the Tafkap years as a Dingbat (that works on many levels). Spot where movies get their time periods wrong and don't be duped by fake posters on eBay. Simon Garfield meets the people behind the typefaces and along the way learns why some fonts - like men - are from Mars and some are from Venus. From type on the high street and album covers, to the print in our homes and offices, Garfield is the font of all types of knowledge.]]></description>
  <work>
  <id type="integer">10270290</id>
  <books_count type="integer">33</books_count>
  <best_book_id type="integer">10909804</best_book_id>
  <reviews_count type="integer">52381</reviews_count>
  <ratings_sum type="integer">88614</ratings_sum>
  <ratings_count type="integer">23391</ratings_count>
  <text_reviews_count type="integer">1177</text_reviews_count>
  <original_publication_year type="integer">2010</original_publication_year>
  <original_publication_month type="integer">10</original_publication_month>
  <original_publication_day type="integer">21</original_publication_day>
  <original_title>Just My Type: A Book About Fonts</original_title>
  <original_language_id type="integer" nil="true"/>
  <media_type>book</media_type>
  <rating_dist>5:7827|4:6984|3:5510|2:1943|1:1127|total:23391</rating_dist>
  <desc_user_id type="integer">24593049</desc_user_id>
  <default_chaptering_book_id type="integer" nil="true"/>
  <default_description_language_code nil="true"/>
</work>
  <average_rating>3.79</average_rating>
  <num_pages><![CDATA[]]></num_pages>
  <format><![CDATA[]]></format>
  <edition_information><![CDATA[]]></edition_information>
  <ratings_count><![CDATA[22108]]></ratings_count>
  <text_reviews_count><![CDATA[954]]></text_reviews_count>
  <url><![CDATA[https://www.goodreads.com/book/show/10909804-just-my-type]]></url>
  <link><![CDATA[https://www.goodreads.com/book/show/10909804-just-my-type]]></link>
  <authors>
<author>
<id>158292</id>
<name>Simon Garfield</name>
<role></role>
<image_url nophoto='false'>
<![CDATA[https://images.gr-assets.com/authors/1310408620p5/158292.jpg]]>
</image_url>
<small_image_url nophoto='false'>
<![CDATA[https://images.gr-assets.com/authors/1310408620p2/158292.jpg]]>
</small_image_url>
<link><![CDATA[https://www.goodreads.com/author/show/158292.Simon_Garfield]]></link>
<average_rating>3.77</average_rating>
<ratings_count>29305</ratings_count>
<text_reviews_count>2022</text_reviews_count>
</author>
</authors>

    <reviews_widget>
      <![CDATA[
        <style>
  #goodreads-widget {
    font-family: georgia, serif;
    padding: 18px 0;
    width:565px;
  }
  #goodreads-widget h1 {
    font-weight:normal;
    font-size: 16px;
    border-bottom: 1px solid #BBB596;
    margin-bottom: 0;
  }
  #goodreads-widget a {
    text-decoration: none;
    color:#660;
  }
  iframe{
    background-color: #fff;
  }
  #goodreads-widget a:hover { text-decoration: underline; }
  #goodreads-widget a:active {
    color:#660;
  }
  #gr_footer {
    width: 100%;
    border-top: 1px solid #BBB596;
    text-align: right;
  }
  #goodreads-widget .gr_branding{
    color: #382110;
    font-size: 11px;
    text-decoration: none;
    font-family: "Helvetica Neue", Helvetica, Arial, sans-serif;
  }
</style>
<div id="goodreads-widget">
  <div id="gr_header"><h1><a rel="nofollow" href="https://www.goodreads.com/book/show/10909804-just-my-type">Just My Type Reviews</a></h1></div>
  <iframe id="the_iframe" src="https://www.goodreads.com/api/reviews_widget_iframe?did=DEVELOPER_ID&amp;format=html&amp;isbn=1592406521&amp;links=660&amp;min_rating=&amp;review_back=fff&amp;stars=000&amp;text=000" width="565" height="400" frameborder="0"></iframe>
  <div id="gr_footer">
    <a class="gr_branding" target="_blank" rel="nofollow" href="https://www.goodreads.com/book/show/10909804-just-my-type?utm_medium=api&amp;utm_source=reviews_widget">Reviews from Goodreads.com</a>
  </div>
</div>

      ]]>
    </reviews_widget>
  <popular_shelves>
      <shelf name="to-read" count="27721"/>
      <shelf name="non-fiction" count="719"/>
      <shelf name="currently-reading" count="714"/>
      <shelf name="nonfiction" count="329"/>
      <shelf name="design" count="295"/>
      <shelf name="art" count="168"/>
      <shelf name="history" count="130"/>
      <shelf name="typography" count="101"/>
      <shelf name="graphic-design" count="76"/>
      <shelf name="favorites" count="57"/>
      <shelf name="to-buy" count="42"/>
      <shelf name="library" count="40"/>
      <shelf name="books-i-own" count="38"/>
      <shelf name="owned" count="37"/>
      <shelf name="art-design" count="30"/>
      <shelf name="books-about-books" count="27"/>
      <shelf name="language" count="25"/>
      <shelf name="microhistory" count="22"/>
      <shelf name="reference" count="21"/>
      <shelf name="writing" count="20"/>
      <shelf name="read-in-2012" count="17"/>
      <shelf name="design-books" count="16"/>
      <shelf name="to-read-nonfiction" count="16"/>
      <shelf name="art-and-design" count="16"/>
      <shelf name="to-read-non-fiction" count="15"/>
      <shelf name="adult" count="14"/>
      <shelf name="fonts" count="14"/>
      <shelf name="default" count="13"/>
      <shelf name="wish-list" count="13"/>
      <shelf name="first-reads" count="13"/>
      <shelf name="technology" count="13"/>
      <shelf name="own-it" count="11"/>
      <shelf name="unfinished" count="11"/>
      <shelf name="nonfic" count="11"/>
      <shelf name="books" count="10"/>
      <shelf name="type" count="10"/>
      <shelf name="i-own" count="9"/>
      <shelf name="microhistories" count="9"/>
      <shelf name="art-books" count="9"/>
      <shelf name="humor" count="9"/>
      <shelf name="historical" count="9"/>
      <shelf name="english" count="9"/>
      <shelf name="read-in-2013" count="8"/>
      <shelf name="maybe" count="8"/>
      <shelf name="art-history" count="8"/>
      <shelf name="adult-nonfiction" count="8"/>
      <shelf name="read-in-2011" count="8"/>
      <shelf name="misc" count="7"/>
      <shelf name="linguistics" count="7"/>
      <shelf name="arts" count="7"/>
      <shelf name="audiobook" count="7"/>
      <shelf name="read-2012" count="7"/>
      <shelf name="library-books" count="7"/>
      <shelf name="publishing" count="7"/>
      <shelf name="computers" count="7"/>
      <shelf name="home" count="6"/>
      <shelf name="graphic" count="6"/>
      <shelf name="communication" count="6"/>
      <shelf name="did-not-finish" count="6"/>
      <shelf name="didn-t-finish" count="6"/>
      <shelf name="other" count="5"/>
      <shelf name="read-in-2015" count="5"/>
      <shelf name="read-in-2014" count="5"/>
      <shelf name="home-library" count="5"/>
      <shelf name="non-fictie" count="5"/>
      <shelf name="gave-up-on" count="5"/>
      <shelf name="ebook" count="5"/>
      <shelf name="on-hold" count="5"/>
      <shelf name="micro-histories" count="5"/>
      <shelf name="business" count="5"/>
      <shelf name="2012-books" count="5"/>
      <shelf name="2012-reads" count="5"/>
      <shelf name="book-club" count="5"/>
      <shelf name="non-fic" count="5"/>
      <shelf name="library-book" count="5"/>
      <shelf name="ebooks" count="5"/>
      <shelf name="essays" count="5"/>
      <shelf name="books-on-books" count="5"/>
      <shelf name="other-nonfiction" count="5"/>
      <shelf name="non-fiction-to-read" count="5"/>
      <shelf name="giveaways" count="5"/>
      <shelf name="british" count="4"/>
      <shelf name="read-in-2016" count="4"/>
      <shelf name="to-read-design" count="4"/>
      <shelf name="partially-read" count="4"/>
      <shelf name="borrowed" count="4"/>
      <shelf name="read-2013" count="4"/>
      <shelf name="kindle" count="4"/>
      <shelf name="general-nonfiction" count="4"/>
      <shelf name="tipografía" count="4"/>
      <shelf name="non-fiction-design" count="4"/>
      <shelf name="professional" count="4"/>
      <shelf name="want" count="4"/>
      <shelf name="audiobooks" count="4"/>
      <shelf name="owned-books" count="4"/>
      <shelf name="could-not-finish" count="4"/>
      <shelf name="abandoned" count="4"/>
      <shelf name="bought" count="4"/>
      <shelf name="nonfiction-to-read" count="4"/>
      <shelf name="tech" count="4"/>
  </popular_shelves>
  <book_links>
    <book_link>
  <id>8</id>
  <name>Libraries</name>
  <link>https://www.goodreads.com/book_link/follow/8</link>
</book_link>

  </book_links>
  <buy_links>
    <buy_link>
<id>1</id>
<name>Amazon</name>
<link>https://www.goodreads.com/book_link/follow/1</link>
</buy_link>
<buy_link>
<id>10</id>
<name>Audible</name>
<link>https://www.goodreads.com/book_link/follow/10</link>
</buy_link>
<buy_link>
<id>3</id>
<name>Barnes &amp; Noble</name>
<link>https://www.goodreads.com/book_link/follow/3</link>
</buy_link>
<buy_link>
<id>1027</id>
<name>Kobo</name>
<link>https://www.goodreads.com/book_link/follow/1027</link>
</buy_link>
<buy_link>
<id>2102</id>
<name>Apple iBooks</name>
<link>https://www.goodreads.com/book_link/follow/2102</link>
</buy_link>
<buy_link>
<id>8036</id>
<name>Google Play</name>
<link>https://www.goodreads.com/book_link/follow/8036</link>
</buy_link>
<buy_link>
<id>4</id>
<name>Abebooks</name>
<link>https://www.goodreads.com/book_link/follow/4</link>
</buy_link>
<buy_link>
<id>882</id>
<name>Book Depository</name>
<link>https://www.goodreads.com/book_link/follow/882</link>
</buy_link>
<buy_link>
<id>9</id>
<name>Indigo</name>
<link>https://www.goodreads.com/book_link/follow/9</link>
</buy_link>
<buy_link>
<id>2</id>
<name>Half.com</name>
<link>https://www.goodreads.com/book_link/follow/2</link>
</buy_link>
<buy_link>
<id>5</id>
<name>Alibris</name>
<link>https://www.goodreads.com/book_link/follow/5</link>
</buy_link>
<buy_link>
<id>107</id>
<name>Better World Books</name>
<link>https://www.goodreads.com/book_link/follow/107</link>
</buy_link>
<buy_link>
<id>7</id>
<name>IndieBound</name>
<link>https://www.goodreads.com/book_link/follow/7</link>
</buy_link>

  </buy_links>
  <series_works>
    
  </series_works>
  <similar_books>
          <book>
<id>129602</id>
<title><![CDATA[Penguin by Design: A Cover Story 1935-2005]]></title>
<title_without_series><![CDATA[Penguin by Design: A Cover Story 1935-2005]]></title_without_series>
<link><![CDATA[https://www.goodreads.com/book/show/129602.Penguin_by_Design]]></link>
<small_image_url><![CDATA[https://images.gr-assets.com/books/1309209406s/129602.jpg]]></small_image_url>
<image_url><![CDATA[https://images.gr-assets.com/books/1309209406m/129602.jpg]]></image_url>
<num_pages>256</num_pages>
<work>
<id>124824</id>
</work>
<isbn>0141024232</isbn>
<isbn13>9780141024233</isbn13>
<average_rating>4.14</average_rating>
<ratings_count>639</ratings_count>
<publication_year>2006</publication_year>
<publication_month>3</publication_month>
<publication_day>28</publication_day>
<authors>
<author>
<id>69054</id>
<name>Phil Baines</name>
<link><![CDATA[https://www.goodreads.com/author/show/69054.Phil_Baines]]></link>
</author>
</authors>
</book>

          <book>
<id>69736</id>
<title>Thinking with Type</title>
<title_without_series>Thinking with Type</title_without_series>
<link><![CDATA[https://www.goodreads.com/book/show/69736.Thinking_with_Type]]></link>
<small_image_url><![CDATA[https://s.gr-assets.com/assets/nophoto/book/50x75-a91bf249278a81aabab721ef782c4a74.png]]></small_image_url>
<image_url><![CDATA[https://s.gr-assets.com/assets/nophoto/book/111x148-bcc042a9c91a29c1d680899eff700a03.png]]></image_url>
<num_pages></num_pages>
<work>
<id>67572</id>
</work>
<isbn>1568984480</isbn>
<isbn13>9781568984483</isbn13>
<average_rating>4.06</average_rating>
<ratings_count>6900</ratings_count>
<publication_year></publication_year>
<publication_month></publication_month>
<publication_day></publication_day>
<authors>
<author>
<id>39248</id>
<name>Ellen Lupton</name>
<link><![CDATA[https://www.goodreads.com/author/show/39248.Ellen_Lupton]]></link>
</author>
</authors>
</book>

          <book>
<id>314796</id>
<title>79 Short Essays on Design</title>
<title_without_series>79 Short Essays on Design</title_without_series>
<link><![CDATA[https://www.goodreads.com/book/show/314796.79_Short_Essays_on_Design]]></link>
<small_image_url><![CDATA[https://images.gr-assets.com/books/1327877973s/314796.jpg]]></small_image_url>
<image_url><![CDATA[https://images.gr-assets.com/books/1327877973m/314796.jpg]]></image_url>
<num_pages>240</num_pages>
<work>
<id>305634</id>
</work>
<isbn>1568986998</isbn>
<isbn13>9781568986999</isbn13>
<average_rating>4.00</average_rating>
<ratings_count>1302</ratings_count>
<publication_year>2007</publication_year>
<publication_month>5</publication_month>
<publication_day>31</publication_day>
<authors>
<author>
<id>117349</id>
<name>Michael Bierut</name>
<link><![CDATA[https://www.goodreads.com/author/show/117349.Michael_Bierut]]></link>
</author>
</authors>
</book>

          <book>
<id>378165</id>
<title><![CDATA[Stop Stealing Sheep & Find Out How Type Works]]></title>
<title_without_series><![CDATA[Stop Stealing Sheep & Find Out How Type Works]]></title_without_series>
<link><![CDATA[https://www.goodreads.com/book/show/378165.Stop_Stealing_Sheep_Find_Out_How_Type_Works]]></link>
<small_image_url><![CDATA[https://s.gr-assets.com/assets/nophoto/book/50x75-a91bf249278a81aabab721ef782c4a74.png]]></small_image_url>
<image_url><![CDATA[https://s.gr-assets.com/assets/nophoto/book/111x148-bcc042a9c91a29c1d680899eff700a03.png]]></image_url>
<num_pages>208</num_pages>
<work>
<id>368000</id>
</work>
<isbn>0201703394</isbn>
<isbn13>0020170339403</isbn13>
<average_rating>3.92</average_rating>
<ratings_count>1547</ratings_count>
<publication_year>2002</publication_year>
<publication_month>7</publication_month>
<publication_day>25</publication_day>
<authors>
<author>
<id>215417</id>
<name>Erik Spiekermann</name>
<link><![CDATA[https://www.goodreads.com/author/show/215417.Erik_Spiekermann]]></link>
</author>
</authors>
</book>

          <book>
<id>12152934</id>
<title>Typography Sketchbooks</title>
<title_without_series>Typography Sketchbooks</title_without_series>
<link><![CDATA[https://www.goodreads.com/book/show/12152934-typography-sketchbooks]]></link>
<small_image_url><![CDATA[https://s.gr-assets.com/assets/nophoto/book/50x75-a91bf249278a81aabab721ef782c4a74.png]]></small_image_url>
<image_url><![CDATA[https://s.gr-assets.com/assets/nophoto/book/111x148-bcc042a9c91a29c1d680899eff700a03.png]]></image_url>
<num_pages>368</num_pages>
<work>
<id>17123637</id>
</work>
<isbn>1616890371</isbn>
<isbn13>9781616890377</isbn13>
<average_rating>4.28</average_rating>
<ratings_count>496</ratings_count>
<publication_year>2011</publication_year>
<publication_month>9</publication_month>
<publication_day>28</publication_day>
<authors>
<author>
<id>5726</id>
<name>Steven Heller</name>
<link><![CDATA[https://www.goodreads.com/author/show/5726.Steven_Heller]]></link>
</author>
</authors>
</book>

          <book>
<id>44735</id>
<title><![CDATA[The Elements of Typographic Style]]></title>
<title_without_series><![CDATA[The Elements of Typographic Style]]></title_without_series>
<link><![CDATA[https://www.goodreads.com/book/show/44735.The_Elements_of_Typographic_Style]]></link>
<small_image_url><![CDATA[https://s.gr-assets.com/assets/nophoto/book/50x75-a91bf249278a81aabab721ef782c4a74.png]]></small_image_url>
<image_url><![CDATA[https://s.gr-assets.com/assets/nophoto/book/111x148-bcc042a9c91a29c1d680899eff700a03.png]]></image_url>
<num_pages></num_pages>
<work>
<id>671857</id>
</work>
<isbn>0881792063</isbn>
<isbn13>9780881792065</isbn13>
<average_rating>4.26</average_rating>
<ratings_count>6147</ratings_count>
<publication_year></publication_year>
<publication_month></publication_month>
<publication_day></publication_day>
<authors>
<author>
<id>25084</id>
<name>Robert Bringhurst</name>
<link><![CDATA[https://www.goodreads.com/author/show/25084.Robert_Bringhurst]]></link>
</author>
</authors>
</book>

          <book>
<id>17573647</id>
<title><![CDATA[Shady Characters: The Secret Life of Punctuation, Symbols & Other Typographical Marks]]></title>
<title_without_series><![CDATA[Shady Characters: The Secret Life of Punctuation, Symbols & Other Typographical Marks]]></title_without_series>
<link><![CDATA[https://www.goodreads.com/book/show/17573647-shady-characters]]></link>
<small_image_url><![CDATA[https://images.gr-assets.com/books/1366560992s/17573647.jpg]]></small_image_url>
<image_url><![CDATA[https://images.gr-assets.com/books/1366560992m/17573647.jpg]]></image_url>
<num_pages>352</num_pages>
<work>
<id>24513716</id>
</work>
<isbn>0393064425</isbn>
<isbn13>9780393064421</isbn13>
<average_rating>3.95</average_rating>
<ratings_count>871</ratings_count>
<publication_year>2013</publication_year>
<publication_month>9</publication_month>
<publication_day>24</publication_day>
<authors>
<author>
<id>6985221</id>
<name>Keith Houston</name>
<link><![CDATA[https://www.goodreads.com/author/show/6985221.Keith_Houston]]></link>
</author>
</authors>
</book>

          <book>
<id>14577533</id>
<title><![CDATA[Elegantissima: The Design and Typography of Louise Fili]]></title>
<title_without_series><![CDATA[Elegantissima: The Design and Typography of Louise Fili]]></title_without_series>
<link><![CDATA[https://www.goodreads.com/book/show/14577533-elegantissima]]></link>
<small_image_url><![CDATA[https://images.gr-assets.com/books/1340790635s/14577533.jpg]]></small_image_url>
<image_url><![CDATA[https://images.gr-assets.com/books/1340790635m/14577533.jpg]]></image_url>
<num_pages>256</num_pages>
<work>
<id>20220273</id>
</work>
<isbn>1616890975</isbn>
<isbn13>9781616890971</isbn13>
<average_rating>4.47</average_rating>
<ratings_count>294</ratings_count>
<publication_year>2012</publication_year>
<publication_month>9</publication_month>
<publication_day>5</publication_day>
<authors>
<author>
<id>23789</id>
<name>Louise Fili</name>
<link><![CDATA[https://www.goodreads.com/author/show/23789.Louise_Fili]]></link>
</author>
</authors>
</book>

          <book>
<id>426289</id>
<title><![CDATA[How to Think Like a Great Graphic Designer]]></title>
<title_without_series><![CDATA[How to Think Like a Great Graphic Designer]]></title_without_series>
<link><![CDATA[https://www.goodreads.com/book/show/426289.How_to_Think_Like_a_Great_Graphic_Designer]]></link>
<small_image_url><![CDATA[https://images.gr-assets.com/books/1390434135s/426289.jpg]]></small_image_url>
<image_url><![CDATA[https://images.gr-assets.com/books/1390434135m/426289.jpg]]></image_url>
<num_pages>248</num_pages>
<work>
<id>415342</id>
</work>
<isbn>1581154968</isbn>
<isbn13>9781581154962</isbn13>
<average_rating>3.97</average_rating>
<ratings_count>1439</ratings_count>
<publication_year>2007</publication_year>
<publication_month>10</publication_month>
<publication_day>30</publication_day>
<authors>
<author>
<id>240375</id>
<name>Debbie Millman</name>
<link><![CDATA[https://www.goodreads.com/author/show/240375.Debbie_Millman]]></link>
</author>
</authors>
</book>

          <book>
<id>641593</id>
<title><![CDATA[Meggs' History of Graphic Design]]></title>
<title_without_series><![CDATA[Meggs' History of Graphic Design]]></title_without_series>
<link><![CDATA[https://www.goodreads.com/book/show/641593.Meggs_History_of_Graphic_Design]]></link>
<small_image_url><![CDATA[https://s.gr-assets.com/assets/nophoto/book/50x75-a91bf249278a81aabab721ef782c4a74.png]]></small_image_url>
<image_url><![CDATA[https://s.gr-assets.com/assets/nophoto/book/111x148-bcc042a9c91a29c1d680899eff700a03.png]]></image_url>
<num_pages>575</num_pages>
<work>
<id>627783</id>
</work>
<isbn>0471699020</isbn>
<isbn13>9780471699026</isbn13>
<average_rating>4.15</average_rating>
<ratings_count>1855</ratings_count>
<publication_year>2005</publication_year>
<publication_month>11</publication_month>
<publication_day>1</publication_day>
<authors>
<author>
<id>1913</id>
<name>Philip B. Meggs</name>
<link><![CDATA[https://www.goodreads.com/author/show/1913.Philip_B_Meggs]]></link>
</author>
</authors>
</book>

          <book>
<id>218062</id>
<title><![CDATA[Making and Breaking the Grid: A Graphic Design Layout Workshop]]></title>
<title_without_series><![CDATA[Making and Breaking the Grid: A Graphic Design Layout Workshop]]></title_without_series>
<link><![CDATA[https://www.goodreads.com/book/show/218062.Making_and_Breaking_the_Grid]]></link>
<small_image_url><![CDATA[https://images.gr-assets.com/books/1398035383s/218062.jpg]]></small_image_url>
<image_url><![CDATA[https://images.gr-assets.com/books/1398035383m/218062.jpg]]></image_url>
<num_pages></num_pages>
<work>
<id>211129</id>
</work>
<isbn>1592531253</isbn>
<isbn13>9781592531257</isbn13>
<average_rating>3.87</average_rating>
<ratings_count>2805</ratings_count>
<publication_year></publication_year>
<publication_month></publication_month>
<publication_day></publication_day>
<authors>
<author>
<id>69050</id>
<name>Timothy Samara</name>
<link><![CDATA[https://www.goodreads.com/author/show/69050.Timothy_Samara]]></link>
</author>
</authors>
</book>

          <book>
<id>67269</id>
<title>Typographie =: Typography</title>
<title_without_series>Typographie =: Typography</title_without_series>
<link><![CDATA[https://www.goodreads.com/book/show/67269.Typographie_]]></link>
<small_image_url><![CDATA[https://images.gr-assets.com/books/1356498606s/67269.jpg]]></small_image_url>
<image_url><![CDATA[https://images.gr-assets.com/books/1356498606m/67269.jpg]]></image_url>
<num_pages>220</num_pages>
<work>
<id>65233</id>
</work>
<isbn>3721200438</isbn>
<isbn13>9783721200430</isbn13>
<average_rating>4.37</average_rating>
<ratings_count>276</ratings_count>
<publication_year>1982</publication_year>
<publication_month>1</publication_month>
<publication_day>1</publication_day>
<authors>
<author>
<id>37912</id>
<name>Emil Ruder</name>
<link><![CDATA[https://www.goodreads.com/author/show/37912.Emil_Ruder]]></link>
</author>
</authors>
</book>

          <book>
<id>11266880</id>
<title>It Chooses You</title>
<title_without_series>It Chooses You</title_without_series>
<link><![CDATA[https://www.goodreads.com/book/show/11266880-it-chooses-you]]></link>
<small_image_url><![CDATA[https://images.gr-assets.com/books/1328693226s/11266880.jpg]]></small_image_url>
<image_url><![CDATA[https://images.gr-assets.com/books/1328693226m/11266880.jpg]]></image_url>
<num_pages>218</num_pages>
<work>
<id>16193779</id>
</work>
<isbn>1936365014</isbn>
<isbn13>9781936365012</isbn13>
<average_rating>3.88</average_rating>
<ratings_count>16399</ratings_count>
<publication_year>2011</publication_year>
<publication_month>11</publication_month>
<publication_day>15</publication_day>
<authors>
<author>
<id>65678</id>
<name>Miranda July</name>
<link><![CDATA[https://www.goodreads.com/author/show/65678.Miranda_July]]></link>
</author>
</authors>
</book>

          <book>
<id>7105767</id>
<title><![CDATA[Type: A Visual History of Typefaces and Graphic Styles (Volume 2, 1901-1938)]]></title>
<title_without_series><![CDATA[Type: A Visual History of Typefaces and Graphic Styles]]></title_without_series>
<link><![CDATA[https://www.goodreads.com/book/show/7105767-type]]></link>
<small_image_url><![CDATA[https://s.gr-assets.com/assets/nophoto/book/50x75-a91bf249278a81aabab721ef782c4a74.png]]></small_image_url>
<image_url><![CDATA[https://s.gr-assets.com/assets/nophoto/book/111x148-bcc042a9c91a29c1d680899eff700a03.png]]></image_url>
<num_pages></num_pages>
<work>
<id>15253206</id>
</work>
<isbn>3836515148</isbn>
<isbn13>9783836515146</isbn13>
<average_rating>4.45</average_rating>
<ratings_count>78</ratings_count>
<publication_year></publication_year>
<publication_month></publication_month>
<publication_day></publication_day>
<authors>
<author>
<id>764192</id>
<name>Cees W. de Jong</name>
<link><![CDATA[https://www.goodreads.com/author/show/764192.Cees_W_de_Jong]]></link>
</author>
</authors>
</book>

          <book>
<id>28599</id>
<title>Designing Type</title>
<title_without_series>Designing Type</title_without_series>
<link><![CDATA[https://www.goodreads.com/book/show/28599.Designing_Type]]></link>
<small_image_url><![CDATA[https://s.gr-assets.com/assets/nophoto/book/50x75-a91bf249278a81aabab721ef782c4a74.png]]></small_image_url>
<image_url><![CDATA[https://s.gr-assets.com/assets/nophoto/book/111x148-bcc042a9c91a29c1d680899eff700a03.png]]></image_url>
<num_pages>224</num_pages>
<work>
<id>29121</id>
</work>
<isbn>0300111509</isbn>
<isbn13>9780300111507</isbn13>
<average_rating>4.24</average_rating>
<ratings_count>193</ratings_count>
<publication_year>2006</publication_year>
<publication_month>5</publication_month>
<publication_day>19</publication_day>
<authors>
<author>
<id>16048</id>
<name>Karen Cheng</name>
<link><![CDATA[https://www.goodreads.com/author/show/16048.Karen_Cheng]]></link>
</author>
</authors>
</book>

          <book>
<id>28600</id>
<title><![CDATA[Designing with Type: The Essential Guide to Typography]]></title>
<title_without_series><![CDATA[Designing with Type: The Essential Guide to Typography]]></title_without_series>
<link><![CDATA[https://www.goodreads.com/book/show/28600.Designing_with_Type]]></link>
<small_image_url><![CDATA[https://images.gr-assets.com/books/1403184088s/28600.jpg]]></small_image_url>
<image_url><![CDATA[https://images.gr-assets.com/books/1403184088m/28600.jpg]]></image_url>
<num_pages>176</num_pages>
<work>
<id>29122</id>
</work>
<isbn>0823014134</isbn>
<isbn13>9780823014132</isbn13>
<average_rating>3.99</average_rating>
<ratings_count>739</ratings_count>
<publication_year>2006</publication_year>
<publication_month>5</publication_month>
<publication_day>1</publication_day>
<authors>
<author>
<id>6524932</id>
<name>James   Craig</name>
<link><![CDATA[https://www.goodreads.com/author/show/6524932.James_Craig]]></link>
</author>
</authors>
</book>

          <book>
<id>350962</id>
<title><![CDATA[Grid Systems in Graphic Design/Raster Systeme Fur Die Visuele Gestaltung (German and English Edition)]]></title>
<title_without_series><![CDATA[Grid Systems in Graphic Design/Raster Systeme Fur Die Visuele Gestaltung]]></title_without_series>
<link><![CDATA[https://www.goodreads.com/book/show/350962.Grid_Systems_in_Graphic_Design_Raster_Systeme_Fur_Die_Visuele_Gestaltung]]></link>
<small_image_url><![CDATA[https://s.gr-assets.com/assets/nophoto/book/50x75-a91bf249278a81aabab721ef782c4a74.png]]></small_image_url>
<image_url><![CDATA[https://s.gr-assets.com/assets/nophoto/book/111x148-bcc042a9c91a29c1d680899eff700a03.png]]></image_url>
<num_pages>176</num_pages>
<work>
<id>341206</id>
</work>
<isbn>3721201450</isbn>
<isbn13>9783721201451</isbn13>
<average_rating>4.10</average_rating>
<ratings_count>2262</ratings_count>
<publication_year>1996</publication_year>
<publication_month>1</publication_month>
<publication_day>1</publication_day>
<authors>
<author>
<id>201322</id>
<name>Josef Müller-Brockmann</name>
<link><![CDATA[https://www.goodreads.com/author/show/201322.Josef_M_ller_Brockmann]]></link>
</author>
</authors>
</book>

          <book>
<id>2778</id>
<title><![CDATA[Graphic Design: A Concise History (World of Art)]]></title>
<title_without_series><![CDATA[Graphic Design: A Concise History]]></title_without_series>
<link><![CDATA[https://www.goodreads.com/book/show/2778.Graphic_Design]]></link>
<small_image_url><![CDATA[https://s.gr-assets.com/assets/nophoto/book/50x75-a91bf249278a81aabab721ef782c4a74.png]]></small_image_url>
<image_url><![CDATA[https://s.gr-assets.com/assets/nophoto/book/111x148-bcc042a9c91a29c1d680899eff700a03.png]]></image_url>
<num_pages>232</num_pages>
<work>
<id>6701</id>
</work>
<isbn>0500203474</isbn>
<isbn13>9780500203477</isbn13>
<average_rating>4.00</average_rating>
<ratings_count>544</ratings_count>
<publication_year>2002</publication_year>
<publication_month>5</publication_month>
<publication_day>17</publication_day>
<authors>
<author>
<id>467</id>
<name>Richard Hollis</name>
<link><![CDATA[https://www.goodreads.com/author/show/467.Richard_Hollis]]></link>
</author>
</authors>
</book>

  </similar_books>
</book>

</GoodreadsResponse>