<?xml version="1.0" encoding="UTF-8"?>
<GoodreadsResponse>
  <Request>
    <authentication>true</authentication>
      <key><![CDATA[all_men_must_serve]]></key>
    <method><![CDATA[book_show]]></method>
  </Request>
  <book>
  <id>10911</id>
  <title>Second Glance</title>
  <isbn><![CDATA[0743454510]]></isbn>
  <isbn13><![CDATA[9780743454513]]></isbn13>
  <asin><![CDATA[]]></asin>
  <kindle_asin><![CDATA[B002V091DE]]></kindle_asin>
  <marketplace_id><![CDATA[A1F83G8C2ARO7P]]></marketplace_id>
  <country_code><![CDATA[GB]]></country_code>
  <image_url>https://s.gr-assets.com/assets/nophoto/book/111x148-bcc042a9c91a29c1d680899eff700a03.png</image_url>
  <small_image_url>https://s.gr-assets.com/assets/nophoto/book/50x75-a91bf249278a81aabab721ef782c4a74.png</small_image_url>
  <publication_year></publication_year>
  <publication_month></publication_month>
  <publication_day></publication_day>
  <publisher></publisher>
  <language_code>en-US</language_code>
  <is_ebook>false</is_ebook>
  <description><![CDATA[From the moment Ross's fiancee Aimee was killed in a car accident, he's been trying to die too. But life won't let him go. His only hope now is that Aimee will come to him.<br />So when he hears of strange happenings at an ancient Indian burial ground near his sister's home, he heads to Comtossok- desperate for the rumours of a haunting to be true.<br />What he finds there is not Aimee's ghost, but Lia, a very real woman whose life is filled with as many troubled secrets as his own..]]></description>
  <work>
  <id type="integer">3349802</id>
  <books_count type="integer">42</books_count>
  <best_book_id type="integer">10911</best_book_id>
  <reviews_count type="integer">65383</reviews_count>
  <ratings_sum type="integer">139115</ratings_sum>
  <ratings_count type="integer">36713</ratings_count>
  <text_reviews_count type="integer">2363</text_reviews_count>
  <original_publication_year type="integer">2003</original_publication_year>
  <original_publication_month type="integer">4</original_publication_month>
  <original_publication_day type="integer">1</original_publication_day>
  <original_title>Second Glance</original_title>
  <original_language_id type="integer" nil="true"/>
  <media_type>book</media_type>
  <rating_dist>5:9731|4:13361|3:10437|2:2521|1:663|total:36713</rating_dist>
  <desc_user_id type="integer">8179481</desc_user_id>
  <default_chaptering_book_id type="integer" nil="true"/>
  <default_description_language_code nil="true"/>
</work>
  <average_rating>3.79</average_rating>
  <num_pages><![CDATA[]]></num_pages>
  <format><![CDATA[]]></format>
  <edition_information><![CDATA[]]></edition_information>
  <ratings_count><![CDATA[33493]]></ratings_count>
  <text_reviews_count><![CDATA[2041]]></text_reviews_count>
  <url><![CDATA[https://www.goodreads.com/book/show/10911.Second_Glance]]></url>
  <link><![CDATA[https://www.goodreads.com/book/show/10911.Second_Glance]]></link>
  <authors>
<author>
<id>7128</id>
<name>Jodi Picoult</name>
<role></role>
<image_url nophoto='false'>
<![CDATA[https://images.gr-assets.com/authors/1475775448p5/7128.jpg]]>
</image_url>
<small_image_url nophoto='false'>
<![CDATA[https://images.gr-assets.com/authors/1475775448p2/7128.jpg]]>
</small_image_url>
<link><![CDATA[https://www.goodreads.com/author/show/7128.Jodi_Picoult]]></link>
<average_rating>3.95</average_rating>
<ratings_count>2907008</ratings_count>
<text_reviews_count>172467</text_reviews_count>
</author>
</authors>

    <reviews_widget>
      <![CDATA[
        <style>
  #goodreads-widget {
    font-family: georgia, serif;
    padding: 18px 0;
    width:565px;
  }
  #goodreads-widget h1 {
    font-weight:normal;
    font-size: 16px;
    border-bottom: 1px solid #BBB596;
    margin-bottom: 0;
  }
  #goodreads-widget a {
    text-decoration: none;
    color:#660;
  }
  iframe{
    background-color: #fff;
  }
  #goodreads-widget a:hover { text-decoration: underline; }
  #goodreads-widget a:active {
    color:#660;
  }
  #gr_footer {
    width: 100%;
    border-top: 1px solid #BBB596;
    text-align: right;
  }
  #goodreads-widget .gr_branding{
    color: #382110;
    font-size: 11px;
    text-decoration: none;
    font-family: "Helvetica Neue", Helvetica, Arial, sans-serif;
  }
</style>
<div id="goodreads-widget">
  <div id="gr_header"><h1><a rel="nofollow" href="https://www.goodreads.com/book/show/10911.Second_Glance">Second Glance Reviews</a></h1></div>
  <iframe id="the_iframe" src="https://www.goodreads.com/api/reviews_widget_iframe?did=DEVELOPER_ID&amp;format=html&amp;isbn=0743454510&amp;links=660&amp;min_rating=&amp;review_back=fff&amp;stars=000&amp;text=000" width="565" height="400" frameborder="0"></iframe>
  <div id="gr_footer">
    <a class="gr_branding" target="_blank" rel="nofollow" href="https://www.goodreads.com/book/show/10911.Second_Glance?utm_medium=api&amp;utm_source=reviews_widget">Reviews from Goodreads.com</a>
  </div>
</div>

      ]]>
    </reviews_widget>
  <popular_shelves>
      <shelf name="to-read" count="19407"/>
      <shelf name="currently-reading" count="764"/>
      <shelf name="fiction" count="526"/>
      <shelf name="jodi-picoult" count="456"/>
      <shelf name="favorites" count="218"/>
      <shelf name="books-i-own" count="180"/>
      <shelf name="mystery" count="107"/>
      <shelf name="owned" count="97"/>
      <shelf name="contemporary" count="86"/>
      <shelf name="chick-lit" count="86"/>
      <shelf name="paranormal" count="80"/>
      <shelf name="adult-fiction" count="63"/>
      <shelf name="picoult" count="57"/>
      <shelf name="drama" count="55"/>
      <shelf name="romance" count="54"/>
      <shelf name="owned-books" count="52"/>
      <shelf name="contemporary-fiction" count="51"/>
      <shelf name="kindle" count="47"/>
      <shelf name="ghosts" count="46"/>
      <shelf name="general-fiction" count="42"/>
      <shelf name="default" count="41"/>
      <shelf name="adult" count="38"/>
      <shelf name="book-club" count="38"/>
      <shelf name="supernatural" count="38"/>
      <shelf name="library" count="36"/>
      <shelf name="fantasy" count="32"/>
      <shelf name="novels" count="32"/>
      <shelf name="my-library" count="29"/>
      <shelf name="i-own" count="29"/>
      <shelf name="my-books" count="27"/>
      <shelf name="picoult-jodi" count="23"/>
      <shelf name="to-buy" count="23"/>
      <shelf name="wish-list" count="23"/>
      <shelf name="ebooks" count="20"/>
      <shelf name="audiobook" count="19"/>
      <shelf name="favourites" count="19"/>
      <shelf name="audible" count="18"/>
      <shelf name="historical-fiction" count="18"/>
      <shelf name="ebook" count="17"/>
      <shelf name="realistic-fiction" count="16"/>
      <shelf name="jodi" count="16"/>
      <shelf name="own-it" count="16"/>
      <shelf name="have" count="15"/>
      <shelf name="favorite-authors" count="15"/>
      <shelf name="audiobooks" count="14"/>
      <shelf name="did-not-finish" count="14"/>
      <shelf name="relationships" count="13"/>
      <shelf name="women-s-fiction" count="12"/>
      <shelf name="jodi-picoult-books" count="12"/>
      <shelf name="shelfari-wishlist" count="11"/>
      <shelf name="on-kindle" count="11"/>
      <shelf name="suspense" count="11"/>
      <shelf name="novel" count="11"/>
      <shelf name="audio-books" count="11"/>
      <shelf name="bookclub" count="11"/>
      <shelf name="shelfari-favorites" count="10"/>
      <shelf name="books-i-have" count="10"/>
      <shelf name="abandoned" count="10"/>
      <shelf name="read-in-2010" count="10"/>
      <shelf name="eugenics" count="10"/>
      <shelf name="mystery-thriller" count="10"/>
      <shelf name="read-in-2009" count="10"/>
      <shelf name="mystery-suspense" count="10"/>
      <shelf name="family-drama" count="10"/>
      <shelf name="read-in-2013" count="9"/>
      <shelf name="gave-up-on" count="9"/>
      <shelf name="womens-fiction" count="9"/>
      <shelf name="historical" count="9"/>
      <shelf name="book-club-books" count="9"/>
      <shelf name="to-read-own" count="9"/>
      <shelf name="love" count="8"/>
      <shelf name="e-book" count="8"/>
      <shelf name="need-to-buy" count="8"/>
      <shelf name="contempor​ary" count="8"/>
      <shelf name="death" count="8"/>
      <shelf name="books" count="8"/>
      <shelf name="american" count="8"/>
      <shelf name="2005" count="8"/>
      <shelf name="magical-realism" count="8"/>
      <shelf name="read-in-2008" count="8"/>
      <shelf name="want-to-read" count="8"/>
      <shelf name="borrowed" count="8"/>
      <shelf name="literature" count="8"/>
      <shelf name="ghost-stories" count="8"/>
      <shelf name="mine" count="7"/>
      <shelf name="read-in-2015" count="7"/>
      <shelf name="literary-fiction" count="7"/>
      <shelf name="on-my-bookshelf" count="7"/>
      <shelf name="need" count="7"/>
      <shelf name="nook" count="7"/>
      <shelf name="read-2011" count="7"/>
      <shelf name="general" count="7"/>
      <shelf name="library-books" count="7"/>
      <shelf name="unread" count="7"/>
      <shelf name="own-to-read" count="7"/>
      <shelf name="all-time-favorites" count="7"/>
      <shelf name="on-my-shelf" count="7"/>
      <shelf name="audio" count="7"/>
      <shelf name="ghost" count="7"/>
      <shelf name="kindle-books" count="7"/>
  </popular_shelves>
  <book_links>
    <book_link>
  <id>8</id>
  <name>Libraries</name>
  <link>https://www.goodreads.com/book_link/follow/8</link>
</book_link>

  </book_links>
  <buy_links>
    <buy_link>
<id>1</id>
<name>Amazon</name>
<link>https://www.goodreads.com/book_link/follow/1</link>
</buy_link>
<buy_link>
<id>10</id>
<name>Audible</name>
<link>https://www.goodreads.com/book_link/follow/10</link>
</buy_link>
<buy_link>
<id>3</id>
<name>Barnes &amp; Noble</name>
<link>https://www.goodreads.com/book_link/follow/3</link>
</buy_link>
<buy_link>
<id>1027</id>
<name>Kobo</name>
<link>https://www.goodreads.com/book_link/follow/1027</link>
</buy_link>
<buy_link>
<id>2102</id>
<name>Apple iBooks</name>
<link>https://www.goodreads.com/book_link/follow/2102</link>
</buy_link>
<buy_link>
<id>8036</id>
<name>Google Play</name>
<link>https://www.goodreads.com/book_link/follow/8036</link>
</buy_link>
<buy_link>
<id>4</id>
<name>Abebooks</name>
<link>https://www.goodreads.com/book_link/follow/4</link>
</buy_link>
<buy_link>
<id>882</id>
<name>Book Depository</name>
<link>https://www.goodreads.com/book_link/follow/882</link>
</buy_link>
<buy_link>
<id>9</id>
<name>Indigo</name>
<link>https://www.goodreads.com/book_link/follow/9</link>
</buy_link>
<buy_link>
<id>2</id>
<name>Half.com</name>
<link>https://www.goodreads.com/book_link/follow/2</link>
</buy_link>
<buy_link>
<id>5</id>
<name>Alibris</name>
<link>https://www.goodreads.com/book_link/follow/5</link>
</buy_link>
<buy_link>
<id>107</id>
<name>Better World Books</name>
<link>https://www.goodreads.com/book_link/follow/107</link>
</buy_link>
<buy_link>
<id>7</id>
<name>IndieBound</name>
<link>https://www.goodreads.com/book_link/follow/7</link>
</buy_link>

  </buy_links>
  <series_works>
    
  </series_works>
  <similar_books>
          <book>
<id>8359929</id>
<title>Novels by Jodi Picoult</title>
<title_without_series>Novels by Jodi Picoult</title_without_series>
<link><![CDATA[https://www.goodreads.com/book/show/8359929-novels-by-jodi-picoult]]></link>
<small_image_url><![CDATA[https://s.gr-assets.com/assets/nophoto/book/50x75-a91bf249278a81aabab721ef782c4a74.png]]></small_image_url>
<image_url><![CDATA[https://s.gr-assets.com/assets/nophoto/book/111x148-bcc042a9c91a29c1d680899eff700a03.png]]></image_url>
<num_pages></num_pages>
<work>
<id>13214388</id>
</work>
<isbn>115524057X</isbn>
<isbn13>9781155240572</isbn13>
<average_rating>4.54</average_rating>
<ratings_count>311</ratings_count>
<publication_year></publication_year>
<publication_month></publication_month>
<publication_day></publication_day>
<authors>
<author>
<id>4340042</id>
<name>Books LLC</name>
<link><![CDATA[https://www.goodreads.com/author/show/4340042.Books_LLC]]></link>
</author>
</authors>
</book>

          <book>
<id>723742</id>
<title><![CDATA[Her Mother's Shadow (Kiss River #3)]]></title>
<title_without_series>Her Mother&apos;s Shadow</title_without_series>
<link><![CDATA[https://www.goodreads.com/book/show/723742.Her_Mother_s_Shadow]]></link>
<small_image_url><![CDATA[https://images.gr-assets.com/books/1338767703s/723742.jpg]]></small_image_url>
<image_url><![CDATA[https://images.gr-assets.com/books/1338767703m/723742.jpg]]></image_url>
<num_pages>424</num_pages>
<work>
<id>2492535</id>
</work>
<isbn>0778321282</isbn>
<isbn13>9780778321286</isbn13>
<average_rating>4.07</average_rating>
<ratings_count>3825</ratings_count>
<publication_year>2005</publication_year>
<publication_month>1</publication_month>
<publication_day>1</publication_day>
<authors>
<author>
<id>93345</id>
<name>Diane Chamberlain</name>
<link><![CDATA[https://www.goodreads.com/author/show/93345.Diane_Chamberlain]]></link>
</author>
</authors>
</book>

          <book>
<id>297130</id>
<title>If You Believe</title>
<title_without_series>If You Believe</title_without_series>
<link><![CDATA[https://www.goodreads.com/book/show/297130.If_You_Believe]]></link>
<small_image_url><![CDATA[https://s.gr-assets.com/assets/nophoto/book/50x75-a91bf249278a81aabab721ef782c4a74.png]]></small_image_url>
<image_url><![CDATA[https://s.gr-assets.com/assets/nophoto/book/111x148-bcc042a9c91a29c1d680899eff700a03.png]]></image_url>
<num_pages>384</num_pages>
<work>
<id>1563508</id>
</work>
<isbn>0345467108</isbn>
<isbn13>9780345467102</isbn13>
<average_rating>3.73</average_rating>
<ratings_count>1803</ratings_count>
<publication_year>2004</publication_year>
<publication_month>4</publication_month>
<publication_day>27</publication_day>
<authors>
<author>
<id>54493</id>
<name>Kristin Hannah</name>
<link><![CDATA[https://www.goodreads.com/author/show/54493.Kristin_Hannah]]></link>
</author>
</authors>
</book>

          <book>
<id>7570244</id>
<title>Alexandra, Gone</title>
<title_without_series>Alexandra, Gone</title_without_series>
<link><![CDATA[https://www.goodreads.com/book/show/7570244-alexandra-gone]]></link>
<small_image_url><![CDATA[https://s.gr-assets.com/assets/nophoto/book/50x75-a91bf249278a81aabab721ef782c4a74.png]]></small_image_url>
<image_url><![CDATA[https://s.gr-assets.com/assets/nophoto/book/111x148-bcc042a9c91a29c1d680899eff700a03.png]]></image_url>
<num_pages>342</num_pages>
<work>
<id>9913590</id>
</work>
<isbn>1439123330</isbn>
<isbn13>9781439123331</isbn13>
<average_rating>3.61</average_rating>
<ratings_count>929</ratings_count>
<publication_year></publication_year>
<publication_month></publication_month>
<publication_day></publication_day>
<authors>
<author>
<id>762121</id>
<name>Anna McPartlin</name>
<link><![CDATA[https://www.goodreads.com/author/show/762121.Anna_McPartlin]]></link>
</author>
</authors>
</book>

          <book>
<id>397904</id>
<title>The Breakdown Lane</title>
<title_without_series>The Breakdown Lane</title_without_series>
<link><![CDATA[https://www.goodreads.com/book/show/397904.The_Breakdown_Lane]]></link>
<small_image_url><![CDATA[https://s.gr-assets.com/assets/nophoto/book/50x75-a91bf249278a81aabab721ef782c4a74.png]]></small_image_url>
<image_url><![CDATA[https://s.gr-assets.com/assets/nophoto/book/111x148-bcc042a9c91a29c1d680899eff700a03.png]]></image_url>
<num_pages>464</num_pages>
<work>
<id>143199</id>
</work>
<isbn>0060587253</isbn>
<isbn13>9780060587253</isbn13>
<average_rating>3.56</average_rating>
<ratings_count>3099</ratings_count>
<publication_year>2006</publication_year>
<publication_month>3</publication_month>
<publication_day>28</publication_day>
<authors>
<author>
<id>3504</id>
<name>Jacquelyn Mitchard</name>
<link><![CDATA[https://www.goodreads.com/author/show/3504.Jacquelyn_Mitchard]]></link>
</author>
</authors>
</book>

          <book>
<id>22889</id>
<title>Skylight Confessions</title>
<title_without_series>Skylight Confessions</title_without_series>
<link><![CDATA[https://www.goodreads.com/book/show/22889.Skylight_Confessions]]></link>
<small_image_url><![CDATA[https://images.gr-assets.com/books/1464252640s/22889.jpg]]></small_image_url>
<image_url><![CDATA[https://images.gr-assets.com/books/1464252640m/22889.jpg]]></image_url>
<num_pages>264</num_pages>
<work>
<id>4030675</id>
</work>
<isbn>0316058785</isbn>
<isbn13>9780316058780</isbn13>
<average_rating>3.62</average_rating>
<ratings_count>6657</ratings_count>
<publication_year></publication_year>
<publication_month></publication_month>
<publication_day></publication_day>
<authors>
<author>
<id>3502</id>
<name>Alice Hoffman</name>
<link><![CDATA[https://www.goodreads.com/author/show/3502.Alice_Hoffman]]></link>
</author>
</authors>
</book>

          <book>
<id>89395</id>
<title>Resistance</title>
<title_without_series>Resistance</title_without_series>
<link><![CDATA[https://www.goodreads.com/book/show/89395.Resistance]]></link>
<small_image_url><![CDATA[https://s.gr-assets.com/assets/nophoto/book/50x75-a91bf249278a81aabab721ef782c4a74.png]]></small_image_url>
<image_url><![CDATA[https://s.gr-assets.com/assets/nophoto/book/111x148-bcc042a9c91a29c1d680899eff700a03.png]]></image_url>
<num_pages>284</num_pages>
<work>
<id>1154539</id>
</work>
<isbn>0316166588</isbn>
<isbn13>9780316166584</isbn13>
<average_rating>3.75</average_rating>
<ratings_count>7002</ratings_count>
<publication_year>2006</publication_year>
<publication_month>4</publication_month>
<publication_day>1</publication_day>
<authors>
<author>
<id>3530</id>
<name>Anita Shreve</name>
<link><![CDATA[https://www.goodreads.com/author/show/3530.Anita_Shreve]]></link>
</author>
</authors>
</book>

          <book>
<id>1688926</id>
<title>Charley&apos;s Web</title>
<title_without_series>Charley&apos;s Web</title_without_series>
<link><![CDATA[https://www.goodreads.com/book/show/1688926.Charley_s_Web]]></link>
<small_image_url><![CDATA[https://s.gr-assets.com/assets/nophoto/book/50x75-a91bf249278a81aabab721ef782c4a74.png]]></small_image_url>
<image_url><![CDATA[https://s.gr-assets.com/assets/nophoto/book/111x148-bcc042a9c91a29c1d680899eff700a03.png]]></image_url>
<num_pages>437</num_pages>
<work>
<id>3228474</id>
</work>
<isbn>074329601X</isbn>
<isbn13>9780743296014</isbn13>
<average_rating>3.76</average_rating>
<ratings_count>3067</ratings_count>
<publication_year>2008</publication_year>
<publication_month>3</publication_month>
<publication_day>1</publication_day>
<authors>
<author>
<id>45938</id>
<name>Joy Fielding</name>
<link><![CDATA[https://www.goodreads.com/author/show/45938.Joy_Fielding]]></link>
</author>
</authors>
</book>

          <book>
<id>64694</id>
<title>Family Tree</title>
<title_without_series>Family Tree</title_without_series>
<link><![CDATA[https://www.goodreads.com/book/show/64694.Family_Tree]]></link>
<small_image_url><![CDATA[https://s.gr-assets.com/assets/nophoto/book/50x75-a91bf249278a81aabab721ef782c4a74.png]]></small_image_url>
<image_url><![CDATA[https://s.gr-assets.com/assets/nophoto/book/111x148-bcc042a9c91a29c1d680899eff700a03.png]]></image_url>
<num_pages>358</num_pages>
<work>
<id>2021882</id>
</work>
<isbn>038551865X</isbn>
<isbn13>9780385518659</isbn13>
<average_rating>3.53</average_rating>
<ratings_count>8219</ratings_count>
<publication_year>2007</publication_year>
<publication_month>4</publication_month>
<publication_day>26</publication_day>
<authors>
<author>
<id>36492</id>
<name>Barbara Delinsky</name>
<link><![CDATA[https://www.goodreads.com/author/show/36492.Barbara_Delinsky]]></link>
</author>
</authors>
</book>

          <book>
<id>89115</id>
<title>Happiness Sold Separately</title>
<title_without_series>Happiness Sold Separately</title_without_series>
<link><![CDATA[https://www.goodreads.com/book/show/89115.Happiness_Sold_Separately]]></link>
<small_image_url><![CDATA[https://s.gr-assets.com/assets/nophoto/book/50x75-a91bf249278a81aabab721ef782c4a74.png]]></small_image_url>
<image_url><![CDATA[https://s.gr-assets.com/assets/nophoto/book/111x148-bcc042a9c91a29c1d680899eff700a03.png]]></image_url>
<num_pages></num_pages>
<work>
<id>2297520</id>
</work>
<isbn>0446533068</isbn>
<isbn13>9780446533065</isbn13>
<average_rating>3.28</average_rating>
<ratings_count>5287</ratings_count>
<publication_year></publication_year>
<publication_month></publication_month>
<publication_day></publication_day>
<authors>
<author>
<id>51162</id>
<name>Lolly Winston</name>
<link><![CDATA[https://www.goodreads.com/author/show/51162.Lolly_Winston]]></link>
</author>
</authors>
</book>

          <book>
<id>126816</id>
<title>The Buffalo Soldier</title>
<title_without_series>The Buffalo Soldier</title_without_series>
<link><![CDATA[https://www.goodreads.com/book/show/126816.The_Buffalo_Soldier]]></link>
<small_image_url><![CDATA[https://images.gr-assets.com/books/1320435182s/126816.jpg]]></small_image_url>
<image_url><![CDATA[https://images.gr-assets.com/books/1320435182m/126816.jpg]]></image_url>
<num_pages>432</num_pages>
<work>
<id>2284899</id>
</work>
<isbn>0375725466</isbn>
<isbn13>9780375725463</isbn13>
<average_rating>3.81</average_rating>
<ratings_count>6462</ratings_count>
<publication_year>2003</publication_year>
<publication_month>2</publication_month>
<publication_day>25</publication_day>
<authors>
<author>
<id>3509</id>
<name>Chris Bohjalian</name>
<link><![CDATA[https://www.goodreads.com/author/show/3509.Chris_Bohjalian]]></link>
</author>
</authors>
</book>

  </similar_books>
</book>

</GoodreadsResponse>