<?xml version="1.0" encoding="UTF-8"?>
<GoodreadsResponse>
  <Request>
    <authentication>true</authentication>
      <key><![CDATA[all_men_must_serve]]></key>
    <method><![CDATA[book_show]]></method>
  </Request>
  <book>
  <id>10915</id>
  <title>Salem Falls</title>
  <isbn><![CDATA[0743418719]]></isbn>
  <isbn13><![CDATA[9780743418713]]></isbn13>
  <asin><![CDATA[]]></asin>
  <kindle_asin><![CDATA[B002V091NO]]></kindle_asin>
  <marketplace_id><![CDATA[A1F83G8C2ARO7P]]></marketplace_id>
  <country_code><![CDATA[GB]]></country_code>
  <image_url>https://images.gr-assets.com/books/1344397557m/10915.jpg</image_url>
  <small_image_url>https://images.gr-assets.com/books/1344397557s/10915.jpg</small_image_url>
  <publication_year></publication_year>
  <publication_month></publication_month>
  <publication_day></publication_day>
  <publisher></publisher>
  <language_code>en-US</language_code>
  <is_ebook>false</is_ebook>
  <description><![CDATA[Jack St. Bride was once a beloved teacher and soccer coach at a girls' prep school - until a student's crush sparked a powder keg of accusation and robbed him of his career and reputation. Now, after a devastatingly public ordeal that left him with an eight-month jail sentence and no job, Jack resolves to pick up the pieces of his life. He takes a job washing dishes at Addie Peabody's diner and slowly starts to form a relationship with her in the quiet New England village of Salem Falls. But just when Jack thinks he has outrun his past, a quartet of teenage girls with a secret turn his world upside down once again, triggering a modern-day witch hunt in a town haunted by its own history…]]></description>
  <work>
  <id type="integer">3349637</id>
  <books_count type="integer">55</books_count>
  <best_book_id type="integer">10915</best_book_id>
  <reviews_count type="integer">97088</reviews_count>
  <ratings_sum type="integer">237308</ratings_sum>
  <ratings_count type="integer">62458</ratings_count>
  <text_reviews_count type="integer">2993</text_reviews_count>
  <original_publication_year type="integer">2001</original_publication_year>
  <original_publication_month type="integer" nil="true"/>
  <original_publication_day type="integer" nil="true"/>
  <original_title>Salem Falls</original_title>
  <original_language_id type="integer" nil="true"/>
  <media_type>book</media_type>
  <rating_dist>5:15423|4:24537|3:17865|2:3817|1:816|total:62458</rating_dist>
  <desc_user_id type="integer">1890837</desc_user_id>
  <default_chaptering_book_id type="integer" nil="true"/>
  <default_description_language_code nil="true"/>
</work>
  <average_rating>3.80</average_rating>
  <num_pages><![CDATA[434]]></num_pages>
  <format><![CDATA[]]></format>
  <edition_information><![CDATA[First Washington Square Press Trade Paperback Edition]]></edition_information>
  <ratings_count><![CDATA[59950]]></ratings_count>
  <text_reviews_count><![CDATA[2751]]></text_reviews_count>
  <url><![CDATA[https://www.goodreads.com/book/show/10915.Salem_Falls]]></url>
  <link><![CDATA[https://www.goodreads.com/book/show/10915.Salem_Falls]]></link>
  <authors>
<author>
<id>7128</id>
<name>Jodi Picoult</name>
<role></role>
<image_url nophoto='false'>
<![CDATA[https://images.gr-assets.com/authors/1475775448p5/7128.jpg]]>
</image_url>
<small_image_url nophoto='false'>
<![CDATA[https://images.gr-assets.com/authors/1475775448p2/7128.jpg]]>
</small_image_url>
<link><![CDATA[https://www.goodreads.com/author/show/7128.Jodi_Picoult]]></link>
<average_rating>3.95</average_rating>
<ratings_count>2906990</ratings_count>
<text_reviews_count>172467</text_reviews_count>
</author>
</authors>

    <reviews_widget>
      <![CDATA[
        <style>
  #goodreads-widget {
    font-family: georgia, serif;
    padding: 18px 0;
    width:565px;
  }
  #goodreads-widget h1 {
    font-weight:normal;
    font-size: 16px;
    border-bottom: 1px solid #BBB596;
    margin-bottom: 0;
  }
  #goodreads-widget a {
    text-decoration: none;
    color:#660;
  }
  iframe{
    background-color: #fff;
  }
  #goodreads-widget a:hover { text-decoration: underline; }
  #goodreads-widget a:active {
    color:#660;
  }
  #gr_footer {
    width: 100%;
    border-top: 1px solid #BBB596;
    text-align: right;
  }
  #goodreads-widget .gr_branding{
    color: #382110;
    font-size: 11px;
    text-decoration: none;
    font-family: "Helvetica Neue", Helvetica, Arial, sans-serif;
  }
</style>
<div id="goodreads-widget">
  <div id="gr_header"><h1><a rel="nofollow" href="https://www.goodreads.com/book/show/10915.Salem_Falls">Salem Falls Reviews</a></h1></div>
  <iframe id="the_iframe" src="https://www.goodreads.com/api/reviews_widget_iframe?did=DEVELOPER_ID&amp;format=html&amp;isbn=0743418719&amp;links=660&amp;min_rating=&amp;review_back=fff&amp;stars=000&amp;text=000" width="565" height="400" frameborder="0"></iframe>
  <div id="gr_footer">
    <a class="gr_branding" target="_blank" rel="nofollow" href="https://www.goodreads.com/book/show/10915.Salem_Falls?utm_medium=api&amp;utm_source=reviews_widget">Reviews from Goodreads.com</a>
  </div>
</div>

      ]]>
    </reviews_widget>
  <popular_shelves>
      <shelf name="to-read" count="20019"/>
      <shelf name="fiction" count="791"/>
      <shelf name="currently-reading" count="720"/>
      <shelf name="jodi-picoult" count="598"/>
      <shelf name="favorites" count="275"/>
      <shelf name="books-i-own" count="271"/>
      <shelf name="contemporary" count="157"/>
      <shelf name="chick-lit" count="152"/>
      <shelf name="owned" count="142"/>
      <shelf name="romance" count="113"/>
      <shelf name="mystery" count="109"/>
      <shelf name="drama" count="99"/>
      <shelf name="adult-fiction" count="92"/>
      <shelf name="contemporary-fiction" count="88"/>
      <shelf name="picoult" count="82"/>
      <shelf name="adult" count="81"/>
      <shelf name="general-fiction" count="67"/>
      <shelf name="owned-books" count="54"/>
      <shelf name="library" count="51"/>
      <shelf name="realistic-fiction" count="49"/>
      <shelf name="default" count="43"/>
      <shelf name="novels" count="43"/>
      <shelf name="i-own" count="41"/>
      <shelf name="my-books" count="39"/>
      <shelf name="crime" count="36"/>
      <shelf name="suspense" count="35"/>
      <shelf name="rape" count="33"/>
      <shelf name="ebooks" count="30"/>
      <shelf name="book-club" count="30"/>
      <shelf name="my-library" count="29"/>
      <shelf name="wish-list" count="26"/>
      <shelf name="witchcraft" count="25"/>
      <shelf name="to-buy" count="25"/>
      <shelf name="own-it" count="25"/>
      <shelf name="kindle" count="24"/>
      <shelf name="favorite-authors" count="24"/>
      <shelf name="novel" count="24"/>
      <shelf name="favourites" count="22"/>
      <shelf name="ebook" count="21"/>
      <shelf name="shelfari-favorites" count="20"/>
      <shelf name="literature" count="20"/>
      <shelf name="relationships" count="19"/>
      <shelf name="audio" count="19"/>
      <shelf name="audiobooks" count="19"/>
      <shelf name="witches" count="18"/>
      <shelf name="jodi" count="18"/>
      <shelf name="young-adult" count="17"/>
      <shelf name="books-i-have" count="16"/>
      <shelf name="jodi-picoult-books" count="16"/>
      <shelf name="womens-fiction" count="16"/>
      <shelf name="read-in-2013" count="15"/>
      <shelf name="family" count="15"/>
      <shelf name="picoult-jodi" count="15"/>
      <shelf name="read-in-2012" count="14"/>
      <shelf name="on-kindle" count="14"/>
      <shelf name="women-s-fiction" count="14"/>
      <shelf name="popular-fiction" count="14"/>
      <shelf name="audiobook" count="13"/>
      <shelf name="chic-lit" count="13"/>
      <shelf name="borrowed" count="13"/>
      <shelf name="new-england" count="13"/>
      <shelf name="read-in-2009" count="13"/>
      <shelf name="own-to-read" count="13"/>
      <shelf name="owned-to-read" count="12"/>
      <shelf name="literary-fiction" count="12"/>
      <shelf name="modern" count="12"/>
      <shelf name="have" count="12"/>
      <shelf name="general" count="12"/>
      <shelf name="audio-book" count="12"/>
      <shelf name="5-stars" count="12"/>
      <shelf name="thriller" count="12"/>
      <shelf name="on-my-bookshelf" count="12"/>
      <shelf name="jodi-piccoult" count="11"/>
      <shelf name="home-library" count="11"/>
      <shelf name="new" count="11"/>
      <shelf name="friendship" count="11"/>
      <shelf name="audio-books" count="11"/>
      <shelf name="2005" count="11"/>
      <shelf name="read-in-2008" count="11"/>
      <shelf name="books-owned" count="10"/>
      <shelf name="read-in-2011" count="10"/>
      <shelf name="mine" count="10"/>
      <shelf name="legal" count="10"/>
      <shelf name="e-books" count="10"/>
      <shelf name="abandoned" count="10"/>
      <shelf name="i-own-it" count="10"/>
      <shelf name="shelfari-wishlist" count="9"/>
      <shelf name="e-book" count="9"/>
      <shelf name="tbr" count="9"/>
      <shelf name="need-to-buy" count="9"/>
      <shelf name="read-in-2010" count="9"/>
      <shelf name="bought" count="9"/>
      <shelf name="books" count="9"/>
      <shelf name="read-2009" count="9"/>
      <shelf name="family-drama" count="9"/>
      <shelf name="bookclub" count="9"/>
      <shelf name="school" count="9"/>
      <shelf name="female-authors" count="9"/>
      <shelf name="read-in-2014" count="8"/>
      <shelf name="my-bookshelf" count="8"/>
  </popular_shelves>
  <book_links>
    <book_link>
  <id>8</id>
  <name>Libraries</name>
  <link>https://www.goodreads.com/book_link/follow/8</link>
</book_link>

  </book_links>
  <buy_links>
    <buy_link>
<id>1</id>
<name>Amazon</name>
<link>https://www.goodreads.com/book_link/follow/1</link>
</buy_link>
<buy_link>
<id>10</id>
<name>Audible</name>
<link>https://www.goodreads.com/book_link/follow/10</link>
</buy_link>
<buy_link>
<id>3</id>
<name>Barnes &amp; Noble</name>
<link>https://www.goodreads.com/book_link/follow/3</link>
</buy_link>
<buy_link>
<id>1027</id>
<name>Kobo</name>
<link>https://www.goodreads.com/book_link/follow/1027</link>
</buy_link>
<buy_link>
<id>2102</id>
<name>Apple iBooks</name>
<link>https://www.goodreads.com/book_link/follow/2102</link>
</buy_link>
<buy_link>
<id>8036</id>
<name>Google Play</name>
<link>https://www.goodreads.com/book_link/follow/8036</link>
</buy_link>
<buy_link>
<id>4</id>
<name>Abebooks</name>
<link>https://www.goodreads.com/book_link/follow/4</link>
</buy_link>
<buy_link>
<id>882</id>
<name>Book Depository</name>
<link>https://www.goodreads.com/book_link/follow/882</link>
</buy_link>
<buy_link>
<id>9</id>
<name>Indigo</name>
<link>https://www.goodreads.com/book_link/follow/9</link>
</buy_link>
<buy_link>
<id>2</id>
<name>Half.com</name>
<link>https://www.goodreads.com/book_link/follow/2</link>
</buy_link>
<buy_link>
<id>5</id>
<name>Alibris</name>
<link>https://www.goodreads.com/book_link/follow/5</link>
</buy_link>
<buy_link>
<id>107</id>
<name>Better World Books</name>
<link>https://www.goodreads.com/book_link/follow/107</link>
</buy_link>
<buy_link>
<id>7</id>
<name>IndieBound</name>
<link>https://www.goodreads.com/book_link/follow/7</link>
</buy_link>

  </buy_links>
  <series_works>
    
  </series_works>
  <similar_books>
          <book>
<id>827359</id>
<title>Summer&apos;s Child</title>
<title_without_series>Summer&apos;s Child</title_without_series>
<link><![CDATA[https://www.goodreads.com/book/show/827359.Summer_s_Child]]></link>
<small_image_url><![CDATA[https://images.gr-assets.com/books/1338767945s/827359.jpg]]></small_image_url>
<image_url><![CDATA[https://images.gr-assets.com/books/1338767945m/827359.jpg]]></image_url>
<num_pages>408</num_pages>
<work>
<id>2630164</id>
</work>
<isbn>1551665093</isbn>
<isbn13>9781551665092</isbn13>
<average_rating>3.94</average_rating>
<ratings_count>7293</ratings_count>
<publication_year>2000</publication_year>
<publication_month>1</publication_month>
<publication_day>1</publication_day>
<authors>
<author>
<id>93345</id>
<name>Diane Chamberlain</name>
<link><![CDATA[https://www.goodreads.com/author/show/93345.Diane_Chamberlain]]></link>
</author>
</authors>
</book>

          <book>
<id>276342</id>
<title>Angel Falls</title>
<title_without_series>Angel Falls</title_without_series>
<link><![CDATA[https://www.goodreads.com/book/show/276342.Angel_Falls]]></link>
<small_image_url><![CDATA[https://s.gr-assets.com/assets/nophoto/book/50x75-a91bf249278a81aabab721ef782c4a74.png]]></small_image_url>
<image_url><![CDATA[https://s.gr-assets.com/assets/nophoto/book/111x148-bcc042a9c91a29c1d680899eff700a03.png]]></image_url>
<num_pages>400</num_pages>
<work>
<id>1521035</id>
</work>
<isbn>0345484274</isbn>
<isbn13>9780345484277</isbn13>
<average_rating>3.90</average_rating>
<ratings_count>19928</ratings_count>
<publication_year>2005</publication_year>
<publication_month>9</publication_month>
<publication_day>27</publication_day>
<authors>
<author>
<id>54493</id>
<name>Kristin Hannah</name>
<link><![CDATA[https://www.goodreads.com/author/show/54493.Kristin_Hannah]]></link>
</author>
</authors>
</book>

          <book>
<id>14964</id>
<title>Body Surfing</title>
<title_without_series>Body Surfing</title_without_series>
<link><![CDATA[https://www.goodreads.com/book/show/14964.Body_Surfing]]></link>
<small_image_url><![CDATA[https://s.gr-assets.com/assets/nophoto/book/50x75-a91bf249278a81aabab721ef782c4a74.png]]></small_image_url>
<image_url><![CDATA[https://s.gr-assets.com/assets/nophoto/book/111x148-bcc042a9c91a29c1d680899eff700a03.png]]></image_url>
<num_pages>291</num_pages>
<work>
<id>3356743</id>
</work>
<isbn>0316059854</isbn>
<isbn13>9780316059855</isbn13>
<average_rating>3.31</average_rating>
<ratings_count>16352</ratings_count>
<publication_year>2007</publication_year>
<publication_month>4</publication_month>
<publication_day>24</publication_day>
<authors>
<author>
<id>3530</id>
<name>Anita Shreve</name>
<link><![CDATA[https://www.goodreads.com/author/show/3530.Anita_Shreve]]></link>
</author>
</authors>
</book>

          <book>
<id>6780522</id>
<title>The Ice Cream Girls</title>
<title_without_series>The Ice Cream Girls</title_without_series>
<link><![CDATA[https://www.goodreads.com/book/show/6780522-the-ice-cream-girls]]></link>
<small_image_url><![CDATA[https://images.gr-assets.com/books/1279481064s/6780522.jpg]]></small_image_url>
<image_url><![CDATA[https://images.gr-assets.com/books/1279481064m/6780522.jpg]]></image_url>
<num_pages>452</num_pages>
<work>
<id>6940583</id>
</work>
<isbn>1847443648</isbn>
<isbn13>9781847443649</isbn13>
<average_rating>3.96</average_rating>
<ratings_count>7974</ratings_count>
<publication_year>2010</publication_year>
<publication_month></publication_month>
<publication_day></publication_day>
<authors>
<author>
<id>38651</id>
<name>Dorothy Koomson</name>
<link><![CDATA[https://www.goodreads.com/author/show/38651.Dorothy_Koomson]]></link>
</author>
</authors>
</book>

          <book>
<id>1268348</id>
<title>The Secret Between Us</title>
<title_without_series>The Secret Between Us</title_without_series>
<link><![CDATA[https://www.goodreads.com/book/show/1268348.The_Secret_Between_Us]]></link>
<small_image_url><![CDATA[https://images.gr-assets.com/books/1320407845s/1268348.jpg]]></small_image_url>
<image_url><![CDATA[https://images.gr-assets.com/books/1320407845m/1268348.jpg]]></image_url>
<num_pages>368</num_pages>
<work>
<id>3192862</id>
</work>
<isbn>0385518684</isbn>
<isbn13>9780385518680</isbn13>
<average_rating>3.71</average_rating>
<ratings_count>12676</ratings_count>
<publication_year>2008</publication_year>
<publication_month>1</publication_month>
<publication_day>22</publication_day>
<authors>
<author>
<id>36492</id>
<name>Barbara Delinsky</name>
<link><![CDATA[https://www.goodreads.com/author/show/36492.Barbara_Delinsky]]></link>
</author>
</authors>
</book>

          <book>
<id>8359929</id>
<title>Novels by Jodi Picoult</title>
<title_without_series>Novels by Jodi Picoult</title_without_series>
<link><![CDATA[https://www.goodreads.com/book/show/8359929-novels-by-jodi-picoult]]></link>
<small_image_url><![CDATA[https://s.gr-assets.com/assets/nophoto/book/50x75-a91bf249278a81aabab721ef782c4a74.png]]></small_image_url>
<image_url><![CDATA[https://s.gr-assets.com/assets/nophoto/book/111x148-bcc042a9c91a29c1d680899eff700a03.png]]></image_url>
<num_pages></num_pages>
<work>
<id>13214388</id>
</work>
<isbn>115524057X</isbn>
<isbn13>9781155240572</isbn13>
<average_rating>4.54</average_rating>
<ratings_count>311</ratings_count>
<publication_year></publication_year>
<publication_month></publication_month>
<publication_day></publication_day>
<authors>
<author>
<id>4340042</id>
<name>Books LLC</name>
<link><![CDATA[https://www.goodreads.com/author/show/4340042.Books_LLC]]></link>
</author>
</authors>
</book>

          <book>
<id>82444</id>
<title>Family Baggage</title>
<title_without_series>Family Baggage</title_without_series>
<link><![CDATA[https://www.goodreads.com/book/show/82444.Family_Baggage]]></link>
<small_image_url><![CDATA[https://s.gr-assets.com/assets/nophoto/book/50x75-a91bf249278a81aabab721ef782c4a74.png]]></small_image_url>
<image_url><![CDATA[https://s.gr-assets.com/assets/nophoto/book/111x148-bcc042a9c91a29c1d680899eff700a03.png]]></image_url>
<num_pages>512</num_pages>
<work>
<id>79590</id>
</work>
<isbn>0345490126</isbn>
<isbn13>9780345490124</isbn13>
<average_rating>3.73</average_rating>
<ratings_count>1660</ratings_count>
<publication_year>2006</publication_year>
<publication_month>6</publication_month>
<publication_day>20</publication_day>
<authors>
<author>
<id>47105</id>
<name>Monica McInerney</name>
<link><![CDATA[https://www.goodreads.com/author/show/47105.Monica_McInerney]]></link>
</author>
</authors>
</book>

          <book>
<id>43409</id>
<title>How to Be Lost</title>
<title_without_series>How to Be Lost</title_without_series>
<link><![CDATA[https://www.goodreads.com/book/show/43409.How_to_Be_Lost]]></link>
<small_image_url><![CDATA[https://s.gr-assets.com/assets/nophoto/book/50x75-a91bf249278a81aabab721ef782c4a74.png]]></small_image_url>
<image_url><![CDATA[https://s.gr-assets.com/assets/nophoto/book/111x148-bcc042a9c91a29c1d680899eff700a03.png]]></image_url>
<num_pages>290</num_pages>
<work>
<id>3257732</id>
</work>
<isbn>0345483170</isbn>
<isbn13>9780345483171</isbn13>
<average_rating>3.53</average_rating>
<ratings_count>5987</ratings_count>
<publication_year>2005</publication_year>
<publication_month>8</publication_month>
<publication_day>30</publication_day>
<authors>
<author>
<id>24409</id>
<name>Amanda Eyre Ward</name>
<link><![CDATA[https://www.goodreads.com/author/show/24409.Amanda_Eyre_Ward]]></link>
</author>
</authors>
</book>

  </similar_books>
</book>

</GoodreadsResponse>