<?xml version="1.0" encoding="UTF-8"?>
<GoodreadsResponse>
  <Request>
    <authentication>true</authentication>
      <key><![CDATA[all_men_must_serve]]></key>
    <method><![CDATA[book_show]]></method>
  </Request>
  <book>
  <id>10929432</id>
  <title><![CDATA[The Archived (The Archived, #1)]]></title>
  <isbn><![CDATA[1423157311]]></isbn>
  <isbn13><![CDATA[9781423157311]]></isbn13>
  <asin><![CDATA[]]></asin>
  <kindle_asin><![CDATA[]]></kindle_asin>
  <marketplace_id><![CDATA[]]></marketplace_id>
  <country_code><![CDATA[GB]]></country_code>
  <image_url>https://images.gr-assets.com/books/1338729878m/10929432.jpg</image_url>
  <small_image_url>https://images.gr-assets.com/books/1338729878s/10929432.jpg</small_image_url>
  <publication_year>2013</publication_year>
  <publication_month>1</publication_month>
  <publication_day>22</publication_day>
  <publisher>Hyperion</publisher>
  <language_code>eng</language_code>
  <is_ebook>false</is_ebook>
  <description><![CDATA[<b>Imagine a place where the dead rest on shelves like books.</b><br /><br />Each body has a story to tell, a life seen in pictures only Librarians can read. The dead are called Histories, and the vast realm in which they rest is the Archive.<br /><br />Da first brought Mackenzie Bishop here four years ago, when she was twelve years old, frightened but determined to prove herself. Now Da is dead, and Mac has grown into what he once was: a ruthless Keeper, tasked with stopping often violent Histories from waking up and getting out. Because of her job, she lies to the people she loves, and she knows fear for what it is: a useful tool for staying alive.<br /><br />Being a Keeper isn't just dangerous—it's a constant reminder of those Mac has lost, Da's death was hard enough, but now that her little brother is gone too, Mac starts to wonder about the boundary between living and dying, sleeping and waking. In the Archive, the dead must never be disturbed. And yet, someone is deliberately altering Histories, erasing essential chapters. Unless Mac can piece together what remains, the Archive itself may crumble and fall.<br /><br />In this haunting, richly imagined novel, Victoria Schwab reveals the thin lines between past and present, love and pain, trust and deceit, unbearable loss and hard-won redemption.]]></description>
  <work>
  <id type="integer">15846509</id>
  <books_count type="integer">15</books_count>
  <best_book_id type="integer">10929432</best_book_id>
  <reviews_count type="integer">102047</reviews_count>
  <ratings_sum type="integer">72667</ratings_sum>
  <ratings_count type="integer">18062</ratings_count>
  <text_reviews_count type="integer">3456</text_reviews_count>
  <original_publication_year type="integer">2013</original_publication_year>
  <original_publication_month type="integer">1</original_publication_month>
  <original_publication_day type="integer">22</original_publication_day>
  <original_title>The Archived</original_title>
  <original_language_id type="integer" nil="true"/>
  <media_type>book</media_type>
  <rating_dist>5:6435|4:7162|3:3284|2:811|1:370|total:18062</rating_dist>
  <desc_user_id type="integer">10610959</desc_user_id>
  <default_chaptering_book_id type="integer" nil="true"/>
  <default_description_language_code nil="true"/>
</work>
  <average_rating>4.02</average_rating>
  <num_pages><![CDATA[321]]></num_pages>
  <format><![CDATA[Hardcover]]></format>
  <edition_information><![CDATA[]]></edition_information>
  <ratings_count><![CDATA[16592]]></ratings_count>
  <text_reviews_count><![CDATA[3049]]></text_reviews_count>
  <url><![CDATA[https://www.goodreads.com/book/show/10929432-the-archived]]></url>
  <link><![CDATA[https://www.goodreads.com/book/show/10929432-the-archived]]></link>
  <authors>
<author>
<id>3099544</id>
<name>Victoria Schwab</name>
<role></role>
<image_url nophoto='false'>
<![CDATA[https://images.gr-assets.com/authors/1336685438p5/3099544.jpg]]>
</image_url>
<small_image_url nophoto='false'>
<![CDATA[https://images.gr-assets.com/authors/1336685438p2/3099544.jpg]]>
</small_image_url>
<link><![CDATA[https://www.goodreads.com/author/show/3099544.Victoria_Schwab]]></link>
<average_rating>4.15</average_rating>
<ratings_count>187208</ratings_count>
<text_reviews_count>34383</text_reviews_count>
</author>
</authors>

    <reviews_widget>
      <![CDATA[
        <style>
  #goodreads-widget {
    font-family: georgia, serif;
    padding: 18px 0;
    width:565px;
  }
  #goodreads-widget h1 {
    font-weight:normal;
    font-size: 16px;
    border-bottom: 1px solid #BBB596;
    margin-bottom: 0;
  }
  #goodreads-widget a {
    text-decoration: none;
    color:#660;
  }
  iframe{
    background-color: #fff;
  }
  #goodreads-widget a:hover { text-decoration: underline; }
  #goodreads-widget a:active {
    color:#660;
  }
  #gr_footer {
    width: 100%;
    border-top: 1px solid #BBB596;
    text-align: right;
  }
  #goodreads-widget .gr_branding{
    color: #382110;
    font-size: 11px;
    text-decoration: none;
    font-family: "Helvetica Neue", Helvetica, Arial, sans-serif;
  }
</style>
<div id="goodreads-widget">
  <div id="gr_header"><h1><a rel="nofollow" href="https://www.goodreads.com/book/show/10929432-the-archived">The Archived Reviews</a></h1></div>
  <iframe id="the_iframe" src="https://www.goodreads.com/api/reviews_widget_iframe?did=DEVELOPER_ID&amp;format=html&amp;isbn=1423157311&amp;links=660&amp;min_rating=&amp;review_back=fff&amp;stars=000&amp;text=000" width="565" height="400" frameborder="0"></iframe>
  <div id="gr_footer">
    <a class="gr_branding" target="_blank" rel="nofollow" href="https://www.goodreads.com/book/show/10929432-the-archived?utm_medium=api&amp;utm_source=reviews_widget">Reviews from Goodreads.com</a>
  </div>
</div>

      ]]>
    </reviews_widget>
  <popular_shelves>
      <shelf name="to-read" count="10788"/>
      <shelf name="fantasy" count="318"/>
      <shelf name="young-adult" count="210"/>
      <shelf name="ya" count="92"/>
      <shelf name="horror" count="92"/>
      <shelf name="favorites" count="78"/>
      <shelf name="2013-release" count="55"/>
      <shelf name="series" count="51"/>
      <shelf name="series-to-start" count="45"/>
      <shelf name="books-i-own" count="44"/>
      <shelf name="currently-reading" count="43"/>
      <shelf name="read-in-2016" count="41"/>
      <shelf name="5-stars" count="40"/>
      <shelf name="owned" count="37"/>
      <shelf name="books-to-buy" count="37"/>
      <shelf name="fiction" count="36"/>
      <shelf name="want" count="29"/>
      <shelf name="urban-fantasy" count="28"/>
      <shelf name="to-read-fantasy" count="26"/>
      <shelf name="paranormal" count="25"/>
      <shelf name="need-to-read" count="25"/>
      <shelf name="library-books" count="24"/>
      <shelf name="want-to-buy" count="24"/>
      <shelf name="ya-fantasy" count="23"/>
      <shelf name="on-hold" count="23"/>
      <shelf name="really-want-to-read" count="23"/>
      <shelf name="to-read-ya" count="23"/>
      <shelf name="love-triangle" count="22"/>
      <shelf name="ghost" count="22"/>
      <shelf name="read-2016" count="21"/>
      <shelf name="buy" count="21"/>
      <shelf name="to-read-series" count="21"/>
      <shelf name="owned-books" count="20"/>
      <shelf name="maybe" count="20"/>
      <shelf name="interested" count="20"/>
      <shelf name="library" count="17"/>
      <shelf name="tbr-series" count="17"/>
      <shelf name="books-i-want" count="17"/>
      <shelf name="might-read" count="17"/>
      <shelf name="need" count="17"/>
      <shelf name="ya-to-read" count="17"/>
      <shelf name="mystery" count="16"/>
      <shelf name="dnf" count="16"/>
      <shelf name="fantasy-tbr" count="16"/>
      <shelf name="ebooks-i-own" count="16"/>
      <shelf name="borrowed" count="16"/>
      <shelf name="want-to-own" count="16"/>
      <shelf name="read-in-2017" count="15"/>
      <shelf name="books-about-books" count="15"/>
      <shelf name="lost-interest" count="15"/>
      <shelf name="tbr-ya" count="15"/>
      <shelf name="read-2017" count="14"/>
      <shelf name="2017-reads" count="14"/>
      <shelf name="2016-reads" count="14"/>
      <shelf name="kick-ass-heroines" count="14"/>
      <shelf name="hardcover" count="14"/>
      <shelf name="novels" count="14"/>
      <shelf name="afterlife" count="14"/>
      <shelf name="arcs" count="14"/>
      <shelf name="tbr" count="13"/>
      <shelf name="ebook" count="13"/>
      <shelf name="on-my-bookshelf" count="13"/>
      <shelf name="need-to-get" count="13"/>
      <shelf name="maybe-to-read" count="13"/>
      <shelf name="to-buy" count="12"/>
      <shelf name="books-read-in-2014" count="12"/>
      <shelf name="to-read-next" count="12"/>
      <shelf name="at-library" count="12"/>
      <shelf name="5-star" count="12"/>
      <shelf name="meh" count="12"/>
      <shelf name="incomplete-series" count="12"/>
      <shelf name="recommendations" count="12"/>
      <shelf name="new-series" count="12"/>
      <shelf name="reread" count="11"/>
      <shelf name="trilogies" count="11"/>
      <shelf name="favs" count="11"/>
      <shelf name="downloaded" count="11"/>
      <shelf name="signed-books" count="11"/>
      <shelf name="fantasy-to-read" count="11"/>
      <shelf name="y-a" count="11"/>
      <shelf name="for-review" count="11"/>
      <shelf name="ebooks" count="10"/>
      <shelf name="signed" count="10"/>
      <shelf name="to-be-read" count="10"/>
      <shelf name="books-i-want-to-own" count="10"/>
      <shelf name="i-own-it" count="10"/>
      <shelf name="unfinished" count="10"/>
      <shelf name="beautiful-cover" count="10"/>
      <shelf name="faves" count="10"/>
      <shelf name="libraries" count="10"/>
      <shelf name="nook" count="10"/>
      <shelf name="at-the-library" count="10"/>
      <shelf name="to-be-bought" count="10"/>
      <shelf name="netgalley" count="10"/>
      <shelf name="dying-to-read" count="10"/>
      <shelf name="2017-tbr" count="9"/>
      <shelf name="2016-reading-challenge" count="9"/>
      <shelf name="soon" count="9"/>
      <shelf name="five-stars" count="9"/>
      <shelf name="scifi-fantasy" count="9"/>
  </popular_shelves>
  <book_links>
    <book_link>
  <id>8</id>
  <name>Libraries</name>
  <link>https://www.goodreads.com/book_link/follow/8</link>
</book_link>

  </book_links>
  <buy_links>
    <buy_link>
<id>1</id>
<name>Amazon</name>
<link>https://www.goodreads.com/book_link/follow/1</link>
</buy_link>
<buy_link>
<id>10</id>
<name>Audible</name>
<link>https://www.goodreads.com/book_link/follow/10</link>
</buy_link>
<buy_link>
<id>3</id>
<name>Barnes &amp; Noble</name>
<link>https://www.goodreads.com/book_link/follow/3</link>
</buy_link>
<buy_link>
<id>1027</id>
<name>Kobo</name>
<link>https://www.goodreads.com/book_link/follow/1027</link>
</buy_link>
<buy_link>
<id>2102</id>
<name>Apple iBooks</name>
<link>https://www.goodreads.com/book_link/follow/2102</link>
</buy_link>
<buy_link>
<id>8036</id>
<name>Google Play</name>
<link>https://www.goodreads.com/book_link/follow/8036</link>
</buy_link>
<buy_link>
<id>4</id>
<name>Abebooks</name>
<link>https://www.goodreads.com/book_link/follow/4</link>
</buy_link>
<buy_link>
<id>882</id>
<name>Book Depository</name>
<link>https://www.goodreads.com/book_link/follow/882</link>
</buy_link>
<buy_link>
<id>9</id>
<name>Indigo</name>
<link>https://www.goodreads.com/book_link/follow/9</link>
</buy_link>
<buy_link>
<id>2</id>
<name>Half.com</name>
<link>https://www.goodreads.com/book_link/follow/2</link>
</buy_link>
<buy_link>
<id>5</id>
<name>Alibris</name>
<link>https://www.goodreads.com/book_link/follow/5</link>
</buy_link>
<buy_link>
<id>107</id>
<name>Better World Books</name>
<link>https://www.goodreads.com/book_link/follow/107</link>
</buy_link>
<buy_link>
<id>7</id>
<name>IndieBound</name>
<link>https://www.goodreads.com/book_link/follow/7</link>
</buy_link>

  </buy_links>
  <series_works>
    <series_work>
<id>375845</id>
<user_position>1</user_position>
<series>
<id>79568</id>
<title>
<![CDATA[
    The Archived
]]>
</title>
<description>
<![CDATA[
]]>
</description>
<note>
<![CDATA[
]]>
</note>
<series_works_count>6</series_works_count>
<primary_work_count>3</primary_work_count>
<numbered>true</numbered>
</series>

</series_work>

  </series_works>
  <similar_books>
          <book>
<id>15710557</id>
<title><![CDATA[Some Quiet Place (The Other Plane, #1)]]></title>
<title_without_series>Some Quiet Place</title_without_series>
<link><![CDATA[https://www.goodreads.com/book/show/15710557-some-quiet-place]]></link>
<small_image_url><![CDATA[https://images.gr-assets.com/books/1353174493s/15710557.jpg]]></small_image_url>
<image_url><![CDATA[https://images.gr-assets.com/books/1353174493m/15710557.jpg]]></image_url>
<num_pages>331</num_pages>
<work>
<id>21376811</id>
</work>
<isbn>0738736430</isbn>
<isbn13>9780738736433</isbn13>
<average_rating>3.85</average_rating>
<ratings_count>2470</ratings_count>
<publication_year>2013</publication_year>
<publication_month>7</publication_month>
<publication_day>8</publication_day>
<authors>
<author>
<id>6425045</id>
<name>Kelsey Sutton</name>
<link><![CDATA[https://www.goodreads.com/author/show/6425045.Kelsey_Sutton]]></link>
</author>
</authors>
</book>

          <book>
<id>9677397</id>
<title>Under the Light (Light, #2)</title>
<title_without_series>Under the Light</title_without_series>
<link><![CDATA[https://www.goodreads.com/book/show/9677397-under-the-light]]></link>
<small_image_url><![CDATA[https://images.gr-assets.com/books/1348098638s/9677397.jpg]]></small_image_url>
<image_url><![CDATA[https://images.gr-assets.com/books/1348098638m/9677397.jpg]]></image_url>
<num_pages>256</num_pages>
<work>
<id>14565276</id>
</work>
<isbn>0547367546</isbn>
<isbn13>9780547367545</isbn13>
<average_rating>3.77</average_rating>
<ratings_count>922</ratings_count>
<publication_year>2013</publication_year>
<publication_month>5</publication_month>
<publication_day>14</publication_day>
<authors>
<author>
<id>87534</id>
<name>Laura Whitcomb</name>
<link><![CDATA[https://www.goodreads.com/author/show/87534.Laura_Whitcomb]]></link>
</author>
</authors>
</book>

          <book>
<id>15714677</id>
<title><![CDATA[Spirit and Dust (Goodnight Family #2)]]></title>
<title_without_series>Spirit and Dust</title_without_series>
<link><![CDATA[https://www.goodreads.com/book/show/15714677-spirit-and-dust]]></link>
<small_image_url><![CDATA[https://images.gr-assets.com/books/1367611486s/15714677.jpg]]></small_image_url>
<image_url><![CDATA[https://images.gr-assets.com/books/1367611486m/15714677.jpg]]></image_url>
<num_pages>387</num_pages>
<work>
<id>21383625</id>
</work>
<isbn>0385740808</isbn>
<isbn13>9780385740807</isbn13>
<average_rating>3.90</average_rating>
<ratings_count>1682</ratings_count>
<publication_year>2013</publication_year>
<publication_month>5</publication_month>
<publication_day>14</publication_day>
<authors>
<author>
<id>224004</id>
<name>Rosemary Clement-Moore</name>
<link><![CDATA[https://www.goodreads.com/author/show/224004.Rosemary_Clement_Moore]]></link>
</author>
</authors>
</book>

          <book>
<id>13401993</id>
<title>Dualed (Dualed, #1)</title>
<title_without_series>Dualed</title_without_series>
<link><![CDATA[https://www.goodreads.com/book/show/13401993-dualed]]></link>
<small_image_url><![CDATA[https://images.gr-assets.com/books/1350438849s/13401993.jpg]]></small_image_url>
<image_url><![CDATA[https://images.gr-assets.com/books/1350438849m/13401993.jpg]]></image_url>
<num_pages>292</num_pages>
<work>
<id>18633835</id>
</work>
<isbn>0307931544</isbn>
<isbn13>9780307931542</isbn13>
<average_rating>3.51</average_rating>
<ratings_count>6460</ratings_count>
<publication_year>2013</publication_year>
<publication_month>2</publication_month>
<publication_day>26</publication_day>
<authors>
<author>
<id>5441417</id>
<name>Elsie Chapman</name>
<link><![CDATA[https://www.goodreads.com/author/show/5441417.Elsie_Chapman]]></link>
</author>
</authors>
</book>

          <book>
<id>17251203</id>
<title>One (One Universe, #1)</title>
<title_without_series>One</title_without_series>
<link><![CDATA[https://www.goodreads.com/book/show/17251203-one]]></link>
<small_image_url><![CDATA[https://images.gr-assets.com/books/1362411206s/17251203.jpg]]></small_image_url>
<image_url><![CDATA[https://images.gr-assets.com/books/1362411206m/17251203.jpg]]></image_url>
<num_pages>374</num_pages>
<work>
<id>21435611</id>
</work>
<isbn></isbn>
<isbn13>9781482690651</isbn13>
<average_rating>3.62</average_rating>
<ratings_count>725</ratings_count>
<publication_year>2013</publication_year>
<publication_month>6</publication_month>
<publication_day>11</publication_day>
<authors>
<author>
<id>6439443</id>
<name>LeighAnn Kopans</name>
<link><![CDATA[https://www.goodreads.com/author/show/6439443.LeighAnn_Kopans]]></link>
</author>
</authors>
</book>

          <book>
<id>13515848</id>
<title>Broken (Broken, #1)</title>
<title_without_series>Broken</title_without_series>
<link><![CDATA[https://www.goodreads.com/book/show/13515848-broken]]></link>
<small_image_url><![CDATA[https://images.gr-assets.com/books/1342616620s/13515848.jpg]]></small_image_url>
<image_url><![CDATA[https://images.gr-assets.com/books/1342616620m/13515848.jpg]]></image_url>
<num_pages>346</num_pages>
<work>
<id>19072567</id>
</work>
<isbn>1908844310</isbn>
<isbn13>9781908844316</isbn13>
<average_rating>3.47</average_rating>
<ratings_count>621</ratings_count>
<publication_year>2013</publication_year>
<publication_month>1</publication_month>
<publication_day>8</publication_day>
<authors>
<author>
<id>6472225</id>
<name>A.E. Rought</name>
<link><![CDATA[https://www.goodreads.com/author/show/6472225.A_E_Rought]]></link>
</author>
</authors>
</book>

          <book>
<id>12084278</id>
<title><![CDATA[City of a Thousand Dolls (Bhinian Empire, #1)]]></title>
<title_without_series>City of a Thousand Dolls</title_without_series>
<link><![CDATA[https://www.goodreads.com/book/show/12084278-city-of-a-thousand-dolls]]></link>
<small_image_url><![CDATA[https://images.gr-assets.com/books/1341262796s/12084278.jpg]]></small_image_url>
<image_url><![CDATA[https://images.gr-assets.com/books/1341262796m/12084278.jpg]]></image_url>
<num_pages>359</num_pages>
<work>
<id>17052313</id>
</work>
<isbn>0062121308</isbn>
<isbn13>9780062121301</isbn13>
<average_rating>3.71</average_rating>
<ratings_count>4368</ratings_count>
<publication_year>2013</publication_year>
<publication_month>2</publication_month>
<publication_day>5</publication_day>
<authors>
<author>
<id>5054179</id>
<name>Miriam Forster</name>
<link><![CDATA[https://www.goodreads.com/author/show/5054179.Miriam_Forster]]></link>
</author>
</authors>
</book>

          <book>
<id>13018514</id>
<title><![CDATA[The Hallowed Ones (The Hallowed Ones, #1)]]></title>
<title_without_series>The Hallowed Ones</title_without_series>
<link><![CDATA[https://www.goodreads.com/book/show/13018514-the-hallowed-ones]]></link>
<small_image_url><![CDATA[https://images.gr-assets.com/books/1421561945s/13018514.jpg]]></small_image_url>
<image_url><![CDATA[https://images.gr-assets.com/books/1421561945m/13018514.jpg]]></image_url>
<num_pages>311</num_pages>
<work>
<id>18180824</id>
</work>
<isbn>0547859260</isbn>
<isbn13>9780547859262</isbn13>
<average_rating>3.86</average_rating>
<ratings_count>3332</ratings_count>
<publication_year>2012</publication_year>
<publication_month>9</publication_month>
<publication_day>25</publication_day>
<authors>
<author>
<id>2964564</id>
<name>Laura Bickle</name>
<link><![CDATA[https://www.goodreads.com/author/show/2964564.Laura_Bickle]]></link>
</author>
</authors>
</book>

          <book>
<id>16045088</id>
<title>Charm &amp; Strange</title>
<title_without_series>Charm &amp; Strange</title_without_series>
<link><![CDATA[https://www.goodreads.com/book/show/16045088-charm-strange]]></link>
<small_image_url><![CDATA[https://images.gr-assets.com/books/1363712741s/16045088.jpg]]></small_image_url>
<image_url><![CDATA[https://images.gr-assets.com/books/1363712741m/16045088.jpg]]></image_url>
<num_pages>216</num_pages>
<work>
<id>19056527</id>
</work>
<isbn>1250021944</isbn>
<isbn13>9781250021946</isbn13>
<average_rating>3.79</average_rating>
<ratings_count>4414</ratings_count>
<publication_year>2013</publication_year>
<publication_month>6</publication_month>
<publication_day>11</publication_day>
<authors>
<author>
<id>5762535</id>
<name>Stephanie Kuehn</name>
<link><![CDATA[https://www.goodreads.com/author/show/5762535.Stephanie_Kuehn]]></link>
</author>
</authors>
</book>

          <book>
<id>14999965</id>
<title>Linked (Linked #1)</title>
<title_without_series>Linked</title_without_series>
<link><![CDATA[https://www.goodreads.com/book/show/14999965-linked]]></link>
<small_image_url><![CDATA[https://s.gr-assets.com/assets/nophoto/book/50x75-a91bf249278a81aabab721ef782c4a74.png]]></small_image_url>
<image_url><![CDATA[https://s.gr-assets.com/assets/nophoto/book/111x148-bcc042a9c91a29c1d680899eff700a03.png]]></image_url>
<num_pages>368</num_pages>
<work>
<id>17352171</id>
</work>
<isbn>1442446560</isbn>
<isbn13>9781442446564</isbn13>
<average_rating>3.70</average_rating>
<ratings_count>2593</ratings_count>
<publication_year>2013</publication_year>
<publication_month>6</publication_month>
<publication_day>11</publication_day>
<authors>
<author>
<id>1468622</id>
<name>Imogen Howson</name>
<link><![CDATA[https://www.goodreads.com/author/show/1468622.Imogen_Howson]]></link>
</author>
</authors>
</book>

          <book>
<id>11973377</id>
<title>Transparent (Transparent, #1)</title>
<title_without_series>Transparent</title_without_series>
<link><![CDATA[https://www.goodreads.com/book/show/11973377-transparent]]></link>
<small_image_url><![CDATA[https://images.gr-assets.com/books/1350939760s/11973377.jpg]]></small_image_url>
<image_url><![CDATA[https://images.gr-assets.com/books/1350939760m/11973377.jpg]]></image_url>
<num_pages>350</num_pages>
<work>
<id>16936369</id>
</work>
<isbn>0062120166</isbn>
<isbn13>9780062120168</isbn13>
<average_rating>3.76</average_rating>
<ratings_count>2816</ratings_count>
<publication_year>2013</publication_year>
<publication_month>5</publication_month>
<publication_day>21</publication_day>
<authors>
<author>
<id>5022765</id>
<name>Natalie Whipple</name>
<link><![CDATA[https://www.goodreads.com/author/show/5022765.Natalie_Whipple]]></link>
</author>
</authors>
</book>

          <book>
<id>9396154</id>
<title>The Dead and Buried</title>
<title_without_series>The Dead and Buried</title_without_series>
<link><![CDATA[https://www.goodreads.com/book/show/9396154-the-dead-and-buried]]></link>
<small_image_url><![CDATA[https://images.gr-assets.com/books/1349135757s/9396154.jpg]]></small_image_url>
<image_url><![CDATA[https://images.gr-assets.com/books/1349135757m/9396154.jpg]]></image_url>
<num_pages>295</num_pages>
<work>
<id>14279946</id>
</work>
<isbn>0545333024</isbn>
<isbn13>9780545333023</isbn13>
<average_rating>3.97</average_rating>
<ratings_count>3046</ratings_count>
<publication_year>2013</publication_year>
<publication_month>1</publication_month>
<publication_day>1</publication_day>
<authors>
<author>
<id>3111339</id>
<name>Kim Harrington</name>
<link><![CDATA[https://www.goodreads.com/author/show/3111339.Kim_Harrington]]></link>
</author>
</authors>
</book>

          <book>
<id>13721341</id>
<title>Strands of Bronze and Gold</title>
<title_without_series>Strands of Bronze and Gold</title_without_series>
<link><![CDATA[https://www.goodreads.com/book/show/13721341-strands-of-bronze-and-gold]]></link>
<small_image_url><![CDATA[https://images.gr-assets.com/books/1346195410s/13721341.jpg]]></small_image_url>
<image_url><![CDATA[https://images.gr-assets.com/books/1346195410m/13721341.jpg]]></image_url>
<num_pages>352</num_pages>
<work>
<id>19354073</id>
</work>
<isbn>0307975983</isbn>
<isbn13>9780307975980</isbn13>
<average_rating>3.48</average_rating>
<ratings_count>5267</ratings_count>
<publication_year>2013</publication_year>
<publication_month>3</publication_month>
<publication_day>12</publication_day>
<authors>
<author>
<id>1692594</id>
<name>Jane Nickerson</name>
<link><![CDATA[https://www.goodreads.com/author/show/1692594.Jane_Nickerson]]></link>
</author>
</authors>
</book>

          <book>
<id>13043180</id>
<title>Asunder (Newsoul, #2)</title>
<title_without_series>Asunder</title_without_series>
<link><![CDATA[https://www.goodreads.com/book/show/13043180-asunder]]></link>
<small_image_url><![CDATA[https://images.gr-assets.com/books/1336406778s/13043180.jpg]]></small_image_url>
<image_url><![CDATA[https://images.gr-assets.com/books/1336406778m/13043180.jpg]]></image_url>
<num_pages>406</num_pages>
<work>
<id>18207389</id>
</work>
<isbn>0062060783</isbn>
<isbn13>9780062060785</isbn13>
<average_rating>3.95</average_rating>
<ratings_count>6815</ratings_count>
<publication_year>2013</publication_year>
<publication_month>1</publication_month>
<publication_day>29</publication_day>
<authors>
<author>
<id>4116488</id>
<name>Jodi Meadows</name>
<link><![CDATA[https://www.goodreads.com/author/show/4116488.Jodi_Meadows]]></link>
</author>
</authors>
</book>

          <book>
<id>13132403</id>
<title>17 &amp; Gone</title>
<title_without_series>17 &amp; Gone</title_without_series>
<link><![CDATA[https://www.goodreads.com/book/show/13132403-17-gone]]></link>
<small_image_url><![CDATA[https://images.gr-assets.com/books/1345572427s/13132403.jpg]]></small_image_url>
<image_url><![CDATA[https://images.gr-assets.com/books/1345572427m/13132403.jpg]]></image_url>
<num_pages>353</num_pages>
<work>
<id>18308775</id>
</work>
<isbn>0525423400</isbn>
<isbn13>9780525423409</isbn13>
<average_rating>3.65</average_rating>
<ratings_count>2763</ratings_count>
<publication_year>2013</publication_year>
<publication_month>3</publication_month>
<publication_day>21</publication_day>
<authors>
<author>
<id>2741432</id>
<name>Nova Ren Suma</name>
<link><![CDATA[https://www.goodreads.com/author/show/2741432.Nova_Ren_Suma]]></link>
</author>
</authors>
</book>

          <book>
<id>10222362</id>
<title>MILA 2.0 (MILA 2.0, #1)</title>
<title_without_series>MILA 2.0</title_without_series>
<link><![CDATA[https://www.goodreads.com/book/show/10222362-mila-2-0]]></link>
<small_image_url><![CDATA[https://images.gr-assets.com/books/1341031998s/10222362.jpg]]></small_image_url>
<image_url><![CDATA[https://images.gr-assets.com/books/1341031998m/10222362.jpg]]></image_url>
<num_pages>470</num_pages>
<work>
<id>15122092</id>
</work>
<isbn>0062090364</isbn>
<isbn13>9780062090362</isbn13>
<average_rating>3.69</average_rating>
<ratings_count>10453</ratings_count>
<publication_year>2013</publication_year>
<publication_month>3</publication_month>
<publication_day>12</publication_day>
<authors>
<author>
<id>4581947</id>
<name>Debra Driza</name>
<link><![CDATA[https://www.goodreads.com/author/show/4581947.Debra_Driza]]></link>
</author>
</authors>
</book>

          <book>
<id>12138494</id>
<title>Arclight (Arclight, #1)</title>
<title_without_series>Arclight</title_without_series>
<link><![CDATA[https://www.goodreads.com/book/show/12138494-arclight]]></link>
<small_image_url><![CDATA[https://images.gr-assets.com/books/1361456608s/12138494.jpg]]></small_image_url>
<image_url><![CDATA[https://images.gr-assets.com/books/1361456608m/12138494.jpg]]></image_url>
<num_pages>403</num_pages>
<work>
<id>17108452</id>
</work>
<isbn>0062130145</isbn>
<isbn13>9780062130143</isbn13>
<average_rating>3.60</average_rating>
<ratings_count>3828</ratings_count>
<publication_year>2013</publication_year>
<publication_month>4</publication_month>
<publication_day>23</publication_day>
<authors>
<author>
<id>5068487</id>
<name>Josin L. McQuein</name>
<link><![CDATA[https://www.goodreads.com/author/show/5068487.Josin_L_McQuein]]></link>
</author>
</authors>
</book>

          <book>
<id>10861195</id>
<title><![CDATA[Level 2 (The Memory Chronicles, #1)]]></title>
<title_without_series>Level 2</title_without_series>
<link><![CDATA[https://www.goodreads.com/book/show/10861195-level-2]]></link>
<small_image_url><![CDATA[https://images.gr-assets.com/books/1339111040s/10861195.jpg]]></small_image_url>
<image_url><![CDATA[https://images.gr-assets.com/books/1339111040m/10861195.jpg]]></image_url>
<num_pages>281</num_pages>
<work>
<id>15776231</id>
</work>
<isbn>1442441852</isbn>
<isbn13>9781442441859</isbn13>
<average_rating>3.26</average_rating>
<ratings_count>2659</ratings_count>
<publication_year>2013</publication_year>
<publication_month>1</publication_month>
<publication_day>15</publication_day>
<authors>
<author>
<id>4737695</id>
<name>Lenore Appelhans</name>
<link><![CDATA[https://www.goodreads.com/author/show/4737695.Lenore_Appelhans]]></link>
</author>
</authors>
</book>

  </similar_books>
</book>

</GoodreadsResponse>