<?xml version="1.0" encoding="UTF-8"?>
<GoodreadsResponse>
  <Request>
    <authentication>true</authentication>
      <key><![CDATA[all_men_must_serve]]></key>
    <method><![CDATA[book_show]]></method>
  </Request>
  <book>
  <id>10920</id>
  <title>Cold Mountain</title>
  <isbn><![CDATA[0802142842]]></isbn>
  <isbn13><![CDATA[9780802142849]]></isbn13>
  <asin><![CDATA[]]></asin>
  <kindle_asin><![CDATA[]]></kindle_asin>
  <marketplace_id><![CDATA[]]></marketplace_id>
  <country_code><![CDATA[GB]]></country_code>
  <image_url>https://s.gr-assets.com/assets/nophoto/book/111x148-bcc042a9c91a29c1d680899eff700a03.png</image_url>
  <small_image_url>https://s.gr-assets.com/assets/nophoto/book/50x75-a91bf249278a81aabab721ef782c4a74.png</small_image_url>
  <publication_year></publication_year>
  <publication_month></publication_month>
  <publication_day></publication_day>
  <publisher></publisher>
  <language_code>en-US</language_code>
  <is_ebook>false</is_ebook>
  <description><![CDATA[<i>Cold Mountain</i> is a novel about a soldier’s perilous journey back to his beloved near the Civil War's end. At once a love story &amp; a harrowing account of one man’s long walk home, Cold Mountain introduces a new talent in American literature.<br /><br />Based on local history &amp; family stories passed down by Frazier’s great-great-grandfather, <i>Cold Mountain</i> is the tale of a wounded Confederate soldier, Inman, who walks away from the ravages of the war &amp; back home to his prewar sweetheart, Ada. His odyssey thru the devastated landscape of the soon-to-be-defeated South interweaves with Ada’s struggle to revive her father’s farm, with the help of an intrepid young drifter named Ruby. As their long-separated lives begin to converge at the close of the war, Inman &amp; Ada confront the vastly transformed world they’ve been delivered.<br /><br />Frazier reveals insight into human relations with the land &amp; the dangers of solitude. He also shares with the great 19th century novelists a keen observation of a society undergoing change. <i>Cold Mountain</i> recreates a world gone by that speaks to our time.]]></description>
  <work>
  <id type="integer">1006369</id>
  <books_count type="integer">98</books_count>
  <best_book_id type="integer">10920</best_book_id>
  <reviews_count type="integer">265783</reviews_count>
  <ratings_sum type="integer">728661</ratings_sum>
  <ratings_count type="integer">190216</ratings_count>
  <text_reviews_count type="integer">4888</text_reviews_count>
  <original_publication_year type="integer">1997</original_publication_year>
  <original_publication_month type="integer">1</original_publication_month>
  <original_publication_day type="integer">1</original_publication_day>
  <original_title>Cold Mountain</original_title>
  <original_language_id type="integer" nil="true"/>
  <media_type>book</media_type>
  <rating_dist>5:58018|4:68163|3:43929|2:14026|1:6080|total:190216</rating_dist>
  <desc_user_id type="integer">48471196</desc_user_id>
  <default_chaptering_book_id type="integer" nil="true"/>
  <default_description_language_code nil="true"/>
</work>
  <average_rating>3.83</average_rating>
  <num_pages><![CDATA[449]]></num_pages>
  <format><![CDATA[]]></format>
  <edition_information><![CDATA[]]></edition_information>
  <ratings_count><![CDATA[186046]]></ratings_count>
  <text_reviews_count><![CDATA[4461]]></text_reviews_count>
  <url><![CDATA[https://www.goodreads.com/book/show/10920.Cold_Mountain]]></url>
  <link><![CDATA[https://www.goodreads.com/book/show/10920.Cold_Mountain]]></link>
  <authors>
<author>
<id>7130</id>
<name>Charles Frazier</name>
<role></role>
<image_url nophoto='false'>
<![CDATA[https://images.gr-assets.com/authors/1316568662p5/7130.jpg]]>
</image_url>
<small_image_url nophoto='false'>
<![CDATA[https://images.gr-assets.com/authors/1316568662p2/7130.jpg]]>
</small_image_url>
<link><![CDATA[https://www.goodreads.com/author/show/7130.Charles_Frazier]]></link>
<average_rating>3.81</average_rating>
<ratings_count>210436</ratings_count>
<text_reviews_count>8123</text_reviews_count>
</author>
</authors>

    <reviews_widget>
      <![CDATA[
        <style>
  #goodreads-widget {
    font-family: georgia, serif;
    padding: 18px 0;
    width:565px;
  }
  #goodreads-widget h1 {
    font-weight:normal;
    font-size: 16px;
    border-bottom: 1px solid #BBB596;
    margin-bottom: 0;
  }
  #goodreads-widget a {
    text-decoration: none;
    color:#660;
  }
  iframe{
    background-color: #fff;
  }
  #goodreads-widget a:hover { text-decoration: underline; }
  #goodreads-widget a:active {
    color:#660;
  }
  #gr_footer {
    width: 100%;
    border-top: 1px solid #BBB596;
    text-align: right;
  }
  #goodreads-widget .gr_branding{
    color: #382110;
    font-size: 11px;
    text-decoration: none;
    font-family: "Helvetica Neue", Helvetica, Arial, sans-serif;
  }
</style>
<div id="goodreads-widget">
  <div id="gr_header"><h1><a rel="nofollow" href="https://www.goodreads.com/book/show/10920.Cold_Mountain">Cold Mountain Reviews</a></h1></div>
  <iframe id="the_iframe" src="https://www.goodreads.com/api/reviews_widget_iframe?did=DEVELOPER_ID&amp;format=html&amp;isbn=0802142842&amp;links=660&amp;min_rating=&amp;review_back=fff&amp;stars=000&amp;text=000" width="565" height="400" frameborder="0"></iframe>
  <div id="gr_footer">
    <a class="gr_branding" target="_blank" rel="nofollow" href="https://www.goodreads.com/book/show/10920.Cold_Mountain?utm_medium=api&amp;utm_source=reviews_widget">Reviews from Goodreads.com</a>
  </div>
</div>

      ]]>
    </reviews_widget>
  <popular_shelves>
      <shelf name="to-read" count="32190"/>
      <shelf name="historical-fiction" count="2221"/>
      <shelf name="fiction" count="2096"/>
      <shelf name="currently-reading" count="1298"/>
      <shelf name="favorites" count="1004"/>
      <shelf name="historical" count="387"/>
      <shelf name="romance" count="323"/>
      <shelf name="books-i-own" count="323"/>
      <shelf name="civil-war" count="321"/>
      <shelf name="owned" count="293"/>
      <shelf name="war" count="274"/>
      <shelf name="book-club" count="164"/>
      <shelf name="classics" count="162"/>
      <shelf name="history" count="142"/>
      <shelf name="literature" count="135"/>
      <shelf name="novels" count="128"/>
      <shelf name="adult-fiction" count="114"/>
      <shelf name="default" count="107"/>
      <shelf name="owned-books" count="105"/>
      <shelf name="national-book-award" count="102"/>
      <shelf name="literary-fiction" count="97"/>
      <shelf name="adult" count="94"/>
      <shelf name="southern" count="87"/>
      <shelf name="general-fiction" count="79"/>
      <shelf name="american-civil-war" count="74"/>
      <shelf name="library" count="73"/>
      <shelf name="american" count="72"/>
      <shelf name="contemporary" count="70"/>
      <shelf name="novel" count="66"/>
      <shelf name="contemporary-fiction" count="66"/>
      <shelf name="my-books" count="63"/>
      <shelf name="all-time-favorites" count="56"/>
      <shelf name="american-literature" count="55"/>
      <shelf name="southern-lit" count="54"/>
      <shelf name="drama" count="50"/>
      <shelf name="my-library" count="47"/>
      <shelf name="southern-fiction" count="46"/>
      <shelf name="audiobooks" count="45"/>
      <shelf name="abandoned" count="44"/>
      <shelf name="shelfari-favorites" count="43"/>
      <shelf name="school" count="43"/>
      <shelf name="bookclub" count="43"/>
      <shelf name="own-it" count="42"/>
      <shelf name="i-own" count="38"/>
      <shelf name="19th-century" count="37"/>
      <shelf name="adventure" count="36"/>
      <shelf name="movie" count="36"/>
      <shelf name="north-carolina" count="35"/>
      <shelf name="audiobook" count="35"/>
      <shelf name="favourites" count="35"/>
      <shelf name="american-lit" count="35"/>
      <shelf name="appalachia" count="35"/>
      <shelf name="literary" count="35"/>
      <shelf name="movies" count="34"/>
      <shelf name="civil" count="33"/>
      <shelf name="america" count="31"/>
      <shelf name="book-group" count="31"/>
      <shelf name="did-not-finish" count="31"/>
      <shelf name="fiction-historical" count="31"/>
      <shelf name="unfinished" count="29"/>
      <shelf name="20th-century" count="29"/>
      <shelf name="military" count="29"/>
      <shelf name="modern-fiction" count="29"/>
      <shelf name="didn-t-finish" count="28"/>
      <shelf name="to-buy" count="28"/>
      <shelf name="charles-frazier" count="27"/>
      <shelf name="the-south" count="27"/>
      <shelf name="love" count="26"/>
      <shelf name="favorite-books" count="26"/>
      <shelf name="my-favorites" count="26"/>
      <shelf name="historicalfiction" count="26"/>
      <shelf name="national-book-award-winners" count="25"/>
      <shelf name="american-history" count="25"/>
      <shelf name="historical-novels" count="25"/>
      <shelf name="couldn-t-finish" count="25"/>
      <shelf name="classic" count="25"/>
      <shelf name="audio" count="24"/>
      <shelf name="historic-fiction" count="24"/>
      <shelf name="book-club-books" count="24"/>
      <shelf name="kindle" count="23"/>
      <shelf name="historical-romance" count="23"/>
      <shelf name="wish-list" count="23"/>
      <shelf name="book-to-movie" count="23"/>
      <shelf name="home-library" count="22"/>
      <shelf name="american-south" count="22"/>
      <shelf name="have" count="22"/>
      <shelf name="favorite" count="21"/>
      <shelf name="bookshelf" count="21"/>
      <shelf name="saw-the-movie" count="21"/>
      <shelf name="southern-literature" count="21"/>
      <shelf name="never-finished" count="21"/>
      <shelf name="americana" count="21"/>
      <shelf name="usa" count="21"/>
      <shelf name="i-own-it" count="20"/>
      <shelf name="own-to-read" count="20"/>
      <shelf name="survival" count="19"/>
      <shelf name="to-read-fiction" count="19"/>
      <shelf name="books-i-have" count="19"/>
      <shelf name="could-not-finish" count="18"/>
      <shelf name="borrowed" count="18"/>
  </popular_shelves>
  <book_links>
    <book_link>
  <id>8</id>
  <name>Libraries</name>
  <link>https://www.goodreads.com/book_link/follow/8</link>
</book_link>

  </book_links>
  <buy_links>
    <buy_link>
<id>1</id>
<name>Amazon</name>
<link>https://www.goodreads.com/book_link/follow/1</link>
</buy_link>
<buy_link>
<id>10</id>
<name>Audible</name>
<link>https://www.goodreads.com/book_link/follow/10</link>
</buy_link>
<buy_link>
<id>3</id>
<name>Barnes &amp; Noble</name>
<link>https://www.goodreads.com/book_link/follow/3</link>
</buy_link>
<buy_link>
<id>1027</id>
<name>Kobo</name>
<link>https://www.goodreads.com/book_link/follow/1027</link>
</buy_link>
<buy_link>
<id>2102</id>
<name>Apple iBooks</name>
<link>https://www.goodreads.com/book_link/follow/2102</link>
</buy_link>
<buy_link>
<id>8036</id>
<name>Google Play</name>
<link>https://www.goodreads.com/book_link/follow/8036</link>
</buy_link>
<buy_link>
<id>4</id>
<name>Abebooks</name>
<link>https://www.goodreads.com/book_link/follow/4</link>
</buy_link>
<buy_link>
<id>882</id>
<name>Book Depository</name>
<link>https://www.goodreads.com/book_link/follow/882</link>
</buy_link>
<buy_link>
<id>9</id>
<name>Indigo</name>
<link>https://www.goodreads.com/book_link/follow/9</link>
</buy_link>
<buy_link>
<id>2</id>
<name>Half.com</name>
<link>https://www.goodreads.com/book_link/follow/2</link>
</buy_link>
<buy_link>
<id>5</id>
<name>Alibris</name>
<link>https://www.goodreads.com/book_link/follow/5</link>
</buy_link>
<buy_link>
<id>107</id>
<name>Better World Books</name>
<link>https://www.goodreads.com/book_link/follow/107</link>
</buy_link>
<buy_link>
<id>7</id>
<name>IndieBound</name>
<link>https://www.goodreads.com/book_link/follow/7</link>
</buy_link>

  </buy_links>
  <series_works>
    
  </series_works>
  <similar_books>
          <book>
<id>401224</id>
<title>Plains Song</title>
<title_without_series>Plains Song</title_without_series>
<link><![CDATA[https://www.goodreads.com/book/show/401224.Plains_Song]]></link>
<small_image_url><![CDATA[https://images.gr-assets.com/books/1328819833s/401224.jpg]]></small_image_url>
<image_url><![CDATA[https://images.gr-assets.com/books/1328819833m/401224.jpg]]></image_url>
<num_pages>229</num_pages>
<work>
<id>390632</id>
</work>
<isbn>0803282672</isbn>
<isbn13>9780803282674</isbn13>
<average_rating>3.65</average_rating>
<ratings_count>201</ratings_count>
<publication_year>2000</publication_year>
<publication_month>10</publication_month>
<publication_day>1</publication_day>
<authors>
<author>
<id>30333</id>
<name>Wright Morris</name>
<link><![CDATA[https://www.goodreads.com/author/show/30333.Wright_Morris]]></link>
</author>
</authors>
</book>

          <book>
<id>930392</id>
<title>The Waters of Kronos</title>
<title_without_series>The Waters of Kronos</title_without_series>
<link><![CDATA[https://www.goodreads.com/book/show/930392.The_Waters_of_Kronos]]></link>
<small_image_url><![CDATA[https://s.gr-assets.com/assets/nophoto/book/50x75-a91bf249278a81aabab721ef782c4a74.png]]></small_image_url>
<image_url><![CDATA[https://s.gr-assets.com/assets/nophoto/book/111x148-bcc042a9c91a29c1d680899eff700a03.png]]></image_url>
<num_pages>176</num_pages>
<work>
<id>915385</id>
</work>
<isbn>027102240X</isbn>
<isbn13>9780271022406</isbn13>
<average_rating>3.55</average_rating>
<ratings_count>217</ratings_count>
<publication_year>2003</publication_year>
<publication_month>1</publication_month>
<publication_day>8</publication_day>
<authors>
<author>
<id>8559</id>
<name>Conrad Richter</name>
<link><![CDATA[https://www.goodreads.com/author/show/8559.Conrad_Richter]]></link>
</author>
</authors>
</book>

          <book>
<id>651358</id>
<title><![CDATA[The Black Flower: A Novel of the Civil War]]></title>
<title_without_series><![CDATA[The Black Flower: A Novel of the Civil War]]></title_without_series>
<link><![CDATA[https://www.goodreads.com/book/show/651358.The_Black_Flower]]></link>
<small_image_url><![CDATA[https://images.gr-assets.com/books/1354900191s/651358.jpg]]></small_image_url>
<image_url><![CDATA[https://images.gr-assets.com/books/1354900191m/651358.jpg]]></image_url>
<num_pages></num_pages>
<work>
<id>637489</id>
</work>
<isbn>0312265077</isbn>
<isbn13>9780312265076</isbn13>
<average_rating>3.96</average_rating>
<ratings_count>1328</ratings_count>
<publication_year></publication_year>
<publication_month></publication_month>
<publication_day></publication_day>
<authors>
<author>
<id>350327</id>
<name>Howard Bahr</name>
<link><![CDATA[https://www.goodreads.com/author/show/350327.Howard_Bahr]]></link>
</author>
</authors>
</book>

          <book>
<id>775997</id>
<title>Blood Tie</title>
<title_without_series>Blood Tie</title_without_series>
<link><![CDATA[https://www.goodreads.com/book/show/775997.Blood_Tie]]></link>
<small_image_url><![CDATA[https://s.gr-assets.com/assets/nophoto/book/50x75-a91bf249278a81aabab721ef782c4a74.png]]></small_image_url>
<image_url><![CDATA[https://s.gr-assets.com/assets/nophoto/book/111x148-bcc042a9c91a29c1d680899eff700a03.png]]></image_url>
<num_pages>404</num_pages>
<work>
<id>762035</id>
</work>
<isbn>1570030979</isbn>
<isbn13>9781570030970</isbn13>
<average_rating>3.48</average_rating>
<ratings_count>112</ratings_count>
<publication_year>1995</publication_year>
<publication_month>10</publication_month>
<publication_day>1</publication_day>
<authors>
<author>
<id>147350</id>
<name>Mary Lee Settle</name>
<link><![CDATA[https://www.goodreads.com/author/show/147350.Mary_Lee_Settle]]></link>
</author>
</authors>
</book>

          <book>
<id>7283424</id>
<title><![CDATA[Jacob's Ladder: A Story of Virginia During the War]]></title>
<title_without_series><![CDATA[Jacob's Ladder: A Story of Virginia During the War]]></title_without_series>
<link><![CDATA[https://www.goodreads.com/book/show/7283424-jacob-s-ladder]]></link>
<small_image_url><![CDATA[https://images.gr-assets.com/books/1362958667s/7283424.jpg]]></small_image_url>
<image_url><![CDATA[https://images.gr-assets.com/books/1362958667m/7283424.jpg]]></image_url>
<num_pages>528</num_pages>
<work>
<id>2936499</id>
</work>
<isbn>0393337103</isbn>
<isbn13>9780393337105</isbn13>
<average_rating>3.77</average_rating>
<ratings_count>734</ratings_count>
<publication_year>2009</publication_year>
<publication_month>12</publication_month>
<publication_day>7</publication_day>
<authors>
<author>
<id>126211</id>
<name>Donald McCaig</name>
<link><![CDATA[https://www.goodreads.com/author/show/126211.Donald_McCaig]]></link>
</author>
</authors>
</book>

          <book>
<id>24910</id>
<title>World&apos;s Fair</title>
<title_without_series>World&apos;s Fair</title_without_series>
<link><![CDATA[https://www.goodreads.com/book/show/24910.World_s_Fair]]></link>
<small_image_url><![CDATA[https://s.gr-assets.com/assets/nophoto/book/50x75-a91bf249278a81aabab721ef782c4a74.png]]></small_image_url>
<image_url><![CDATA[https://s.gr-assets.com/assets/nophoto/book/111x148-bcc042a9c91a29c1d680899eff700a03.png]]></image_url>
<num_pages>304</num_pages>
<work>
<id>1393558</id>
</work>
<isbn>0452275725</isbn>
<isbn13>9780452275720</isbn13>
<average_rating>3.81</average_rating>
<ratings_count>3152</ratings_count>
<publication_year>1996</publication_year>
<publication_month>5</publication_month>
<publication_day>1</publication_day>
<authors>
<author>
<id>12584</id>
<name>E.L. Doctorow</name>
<link><![CDATA[https://www.goodreads.com/author/show/12584.E_L_Doctorow]]></link>
</author>
</authors>
</book>

          <book>
<id>77691</id>
<title>The News from Paraguay</title>
<title_without_series>The News from Paraguay</title_without_series>
<link><![CDATA[https://www.goodreads.com/book/show/77691.The_News_from_Paraguay]]></link>
<small_image_url><![CDATA[https://images.gr-assets.com/books/1410132758s/77691.jpg]]></small_image_url>
<image_url><![CDATA[https://images.gr-assets.com/books/1410132758m/77691.jpg]]></image_url>
<num_pages>248</num_pages>
<work>
<id>1325348</id>
</work>
<isbn>0060934867</isbn>
<isbn13>9780060934866</isbn13>
<average_rating>3.05</average_rating>
<ratings_count>1862</ratings_count>
<publication_year>2004</publication_year>
<publication_month>11</publication_month>
<publication_day>30</publication_day>
<authors>
<author>
<id>44031</id>
<name>Lily Tuck</name>
<link><![CDATA[https://www.goodreads.com/author/show/44031.Lily_Tuck]]></link>
</author>
</authors>
</book>

          <book>
<id>796907</id>
<title>Ten North Frederick</title>
<title_without_series>Ten North Frederick</title_without_series>
<link><![CDATA[https://www.goodreads.com/book/show/796907.Ten_North_Frederick]]></link>
<small_image_url><![CDATA[https://images.gr-assets.com/books/1440620321s/796907.jpg]]></small_image_url>
<image_url><![CDATA[https://images.gr-assets.com/books/1440620321m/796907.jpg]]></image_url>
<num_pages></num_pages>
<work>
<id>1092644</id>
</work>
<isbn>0394448146</isbn>
<isbn13>9780394448145</isbn13>
<average_rating>3.73</average_rating>
<ratings_count>469</ratings_count>
<publication_year></publication_year>
<publication_month></publication_month>
<publication_day></publication_day>
<authors>
<author>
<id>27991</id>
<name>John O&apos;Hara</name>
<link><![CDATA[https://www.goodreads.com/author/show/27991.John_O_Hara]]></link>
</author>
</authors>
</book>

          <book>
<id>142975</id>
<title>The Great Fire</title>
<title_without_series>The Great Fire</title_without_series>
<link><![CDATA[https://www.goodreads.com/book/show/142975.The_Great_Fire]]></link>
<small_image_url><![CDATA[https://images.gr-assets.com/books/1327647958s/142975.jpg]]></small_image_url>
<image_url><![CDATA[https://images.gr-assets.com/books/1327647958m/142975.jpg]]></image_url>
<num_pages></num_pages>
<work>
<id>2453617</id>
</work>
<isbn>0312423586</isbn>
<isbn13>9780312423582</isbn13>
<average_rating>3.42</average_rating>
<ratings_count>3558</ratings_count>
<publication_year></publication_year>
<publication_month></publication_month>
<publication_day></publication_day>
<authors>
<author>
<id>7486</id>
<name>Shirley Hazzard</name>
<link><![CDATA[https://www.goodreads.com/author/show/7486.Shirley_Hazzard]]></link>
</author>
</authors>
</book>

          <book>
<id>545981</id>
<title>One Foot in Eden</title>
<title_without_series>One Foot in Eden</title_without_series>
<link><![CDATA[https://www.goodreads.com/book/show/545981.One_Foot_in_Eden]]></link>
<small_image_url><![CDATA[https://s.gr-assets.com/assets/nophoto/book/50x75-a91bf249278a81aabab721ef782c4a74.png]]></small_image_url>
<image_url><![CDATA[https://s.gr-assets.com/assets/nophoto/book/111x148-bcc042a9c91a29c1d680899eff700a03.png]]></image_url>
<num_pages></num_pages>
<work>
<id>533253</id>
</work>
<isbn>0312423055</isbn>
<isbn13>9780312423056</isbn13>
<average_rating>4.10</average_rating>
<ratings_count>3424</ratings_count>
<publication_year></publication_year>
<publication_month></publication_month>
<publication_day></publication_day>
<authors>
<author>
<id>24820</id>
<name>Ron Rash</name>
<link><![CDATA[https://www.goodreads.com/author/show/24820.Ron_Rash]]></link>
</author>
</authors>
</book>

          <book>
<id>24804</id>
<title>A Parchment of Leaves</title>
<title_without_series>A Parchment of Leaves</title_without_series>
<link><![CDATA[https://www.goodreads.com/book/show/24804.A_Parchment_of_Leaves]]></link>
<small_image_url><![CDATA[https://s.gr-assets.com/assets/nophoto/book/50x75-a91bf249278a81aabab721ef782c4a74.png]]></small_image_url>
<image_url><![CDATA[https://s.gr-assets.com/assets/nophoto/book/111x148-bcc042a9c91a29c1d680899eff700a03.png]]></image_url>
<num_pages>304</num_pages>
<work>
<id>880730</id>
</work>
<isbn>0345464974</isbn>
<isbn13>9780345464972</isbn13>
<average_rating>4.17</average_rating>
<ratings_count>2737</ratings_count>
<publication_year>2003</publication_year>
<publication_month>8</publication_month>
<publication_day>26</publication_day>
<authors>
<author>
<id>13978</id>
<name>Silas House</name>
<link><![CDATA[https://www.goodreads.com/author/show/13978.Silas_House]]></link>
</author>
</authors>
</book>

          <book>
<id>71622</id>
<title>The Widow of the South</title>
<title_without_series>The Widow of the South</title_without_series>
<link><![CDATA[https://www.goodreads.com/book/show/71622.The_Widow_of_the_South]]></link>
<small_image_url><![CDATA[https://s.gr-assets.com/assets/nophoto/book/50x75-a91bf249278a81aabab721ef782c4a74.png]]></small_image_url>
<image_url><![CDATA[https://s.gr-assets.com/assets/nophoto/book/111x148-bcc042a9c91a29c1d680899eff700a03.png]]></image_url>
<num_pages>436</num_pages>
<work>
<id>3194786</id>
</work>
<isbn>0446697435</isbn>
<isbn13>9780446697439</isbn13>
<average_rating>3.75</average_rating>
<ratings_count>13246</ratings_count>
<publication_year>2006</publication_year>
<publication_month>9</publication_month>
<publication_day>26</publication_day>
<authors>
<author>
<id>40507</id>
<name>Robert Hicks</name>
<link><![CDATA[https://www.goodreads.com/author/show/40507.Robert_Hicks]]></link>
</author>
</authors>
</book>

          <book>
<id>312275</id>
<title>In the Fall</title>
<title_without_series>In the Fall</title_without_series>
<link><![CDATA[https://www.goodreads.com/book/show/312275.In_the_Fall]]></link>
<small_image_url><![CDATA[https://images.gr-assets.com/books/1356448341s/312275.jpg]]></small_image_url>
<image_url><![CDATA[https://images.gr-assets.com/books/1356448341m/312275.jpg]]></image_url>
<num_pages>565</num_pages>
<work>
<id>1412455</id>
</work>
<isbn>0330391968</isbn>
<isbn13>9780330391962</isbn13>
<average_rating>3.86</average_rating>
<ratings_count>1657</ratings_count>
<publication_year>2001</publication_year>
<publication_month></publication_month>
<publication_day></publication_day>
<authors>
<author>
<id>179813</id>
<name>Jeffrey Lent</name>
<link><![CDATA[https://www.goodreads.com/author/show/179813.Jeffrey_Lent]]></link>
</author>
</authors>
</book>

          <book>
<id>199638</id>
<title>Oral History</title>
<title_without_series>Oral History</title_without_series>
<link><![CDATA[https://www.goodreads.com/book/show/199638.Oral_History]]></link>
<small_image_url><![CDATA[https://images.gr-assets.com/books/1365042716s/199638.jpg]]></small_image_url>
<image_url><![CDATA[https://images.gr-assets.com/books/1365042716m/199638.jpg]]></image_url>
<num_pages>286</num_pages>
<work>
<id>1777121</id>
</work>
<isbn>0345410289</isbn>
<isbn13>9780345410283</isbn13>
<average_rating>4.06</average_rating>
<ratings_count>3171</ratings_count>
<publication_year>1996</publication_year>
<publication_month>8</publication_month>
<publication_day>27</publication_day>
<authors>
<author>
<id>72932</id>
<name>Lee Smith</name>
<link><![CDATA[https://www.goodreads.com/author/show/72932.Lee_Smith]]></link>
</author>
</authors>
</book>

          <book>
<id>1037457</id>
<title><![CDATA[Victory Over Japan: A Book of Stories]]></title>
<title_without_series><![CDATA[Victory Over Japan: A Book of Stories]]></title_without_series>
<link><![CDATA[https://www.goodreads.com/book/show/1037457.Victory_Over_Japan]]></link>
<small_image_url><![CDATA[https://images.gr-assets.com/books/1344267497s/1037457.jpg]]></small_image_url>
<image_url><![CDATA[https://images.gr-assets.com/books/1344267497m/1037457.jpg]]></image_url>
<num_pages></num_pages>
<work>
<id>189594</id>
</work>
<isbn>0316313076</isbn>
<isbn13>9780316313070</isbn13>
<average_rating>4.09</average_rating>
<ratings_count>1867</ratings_count>
<publication_year></publication_year>
<publication_month></publication_month>
<publication_day></publication_day>
<authors>
<author>
<id>34005</id>
<name>Ellen Gilchrist</name>
<link><![CDATA[https://www.goodreads.com/author/show/34005.Ellen_Gilchrist]]></link>
</author>
</authors>
</book>

          <book>
<id>52376</id>
<title>In America</title>
<title_without_series>In America</title_without_series>
<link><![CDATA[https://www.goodreads.com/book/show/52376.In_America]]></link>
<small_image_url><![CDATA[https://s.gr-assets.com/assets/nophoto/book/50x75-a91bf249278a81aabab721ef782c4a74.png]]></small_image_url>
<image_url><![CDATA[https://s.gr-assets.com/assets/nophoto/book/111x148-bcc042a9c91a29c1d680899eff700a03.png]]></image_url>
<num_pages></num_pages>
<work>
<id>1154121</id>
</work>
<isbn>0312273207</isbn>
<isbn13>9780312273200</isbn13>
<average_rating>3.29</average_rating>
<ratings_count>1507</ratings_count>
<publication_year></publication_year>
<publication_month></publication_month>
<publication_day></publication_day>
<authors>
<author>
<id>7907</id>
<name>Susan Sontag</name>
<link><![CDATA[https://www.goodreads.com/author/show/7907.Susan_Sontag]]></link>
</author>
</authors>
</book>

          <book>
<id>310214</id>
<title>A Crown of Feathers</title>
<title_without_series>A Crown of Feathers</title_without_series>
<link><![CDATA[https://www.goodreads.com/book/show/310214.A_Crown_of_Feathers]]></link>
<small_image_url><![CDATA[https://images.gr-assets.com/books/1312016209s/310214.jpg]]></small_image_url>
<image_url><![CDATA[https://images.gr-assets.com/books/1312016209m/310214.jpg]]></image_url>
<num_pages>342</num_pages>
<work>
<id>3152000</id>
</work>
<isbn>0374516243</isbn>
<isbn13>9780374516246</isbn13>
<average_rating>4.10</average_rating>
<ratings_count>403</ratings_count>
<publication_year>1981</publication_year>
<publication_month>4</publication_month>
<publication_day>1</publication_day>
<authors>
<author>
<id>14444</id>
<name>Isaac Bashevis Singer</name>
<link><![CDATA[https://www.goodreads.com/author/show/14444.Isaac_Bashevis_Singer]]></link>
</author>
</authors>
</book>

          <book>
<id>7354</id>
<title>The Shipping News</title>
<title_without_series>The Shipping News</title_without_series>
<link><![CDATA[https://www.goodreads.com/book/show/7354.The_Shipping_News]]></link>
<small_image_url><![CDATA[https://images.gr-assets.com/books/1469036074s/7354.jpg]]></small_image_url>
<image_url><![CDATA[https://images.gr-assets.com/books/1469036074m/7354.jpg]]></image_url>
<num_pages>352</num_pages>
<work>
<id>310090</id>
</work>
<isbn>0743225422</isbn>
<isbn13>9780743225427</isbn13>
<average_rating>3.83</average_rating>
<ratings_count>109137</ratings_count>
<publication_year>2002</publication_year>
<publication_month></publication_month>
<publication_day></publication_day>
<authors>
<author>
<id>1262010</id>
<name>Annie Proulx</name>
<link><![CDATA[https://www.goodreads.com/author/show/1262010.Annie_Proulx]]></link>
</author>
</authors>
</book>

  </similar_books>
</book>

</GoodreadsResponse>