<?xml version="1.0" encoding="UTF-8"?>
<GoodreadsResponse>
  <Request>
    <authentication>true</authentication>
      <key><![CDATA[all_men_must_serve]]></key>
    <method><![CDATA[book_show]]></method>
  </Request>
  <book>
  <id>10940958</id>
  <title><![CDATA[Blue Monday (Frieda Klein, #1)]]></title>
  <isbn><![CDATA[0718154959]]></isbn>
  <isbn13><![CDATA[9780718154950]]></isbn13>
  <asin><![CDATA[]]></asin>
  <kindle_asin><![CDATA[B0051UPKLI]]></kindle_asin>
  <marketplace_id><![CDATA[A1F83G8C2ARO7P]]></marketplace_id>
  <country_code><![CDATA[GB]]></country_code>
  <image_url>https://images.gr-assets.com/books/1377323978m/10940958.jpg</image_url>
  <small_image_url>https://images.gr-assets.com/books/1377323978s/10940958.jpg</small_image_url>
  <publication_year>2011</publication_year>
  <publication_month>6</publication_month>
  <publication_day>10</publication_day>
  <publisher>Michael Joseph</publisher>
  <language_code>eng</language_code>
  <is_ebook>false</is_ebook>
  <description><![CDATA[<b>Monday, the lowest point of the week. A day of dark impulses. A day to snatch a child from the streets ...</b><br /><br />The abduction of five-year-old Matthew Farraday provokes a national outcry and a desperate police hunt. And when a picture of his face is splashed over the newspapers, psychotherapist Frieda Klein is left troubled: one of her patients has been relating dreams in which he has a hunger for a child. A child he can describe in perfect detail, a child the spitting image of Matthew.<br /><br />Detective Chief Inspector Karlsson doesn't take Frieda's concerns seriously until a link emerges with an unsolved child abduction twenty years ago and he summons Frieda to interview the victim's sister, hoping she can stir hidden memories. Before long, Frieda is at the center of the race to track the kidnapper.<br /><br />But her race isn't physical. She must chase down the darkest paths of a psychopath's mind to find the answers to Matthew Farraday's whereabouts.<br /><br />And sometimes the mind is the deadliest place to lose yourself.]]></description>
  <work>
  <id type="integer">15858219</id>
  <books_count type="integer">45</books_count>
  <best_book_id type="integer">10940958</best_book_id>
  <reviews_count type="integer">21588</reviews_count>
  <ratings_sum type="integer">42495</ratings_sum>
  <ratings_count type="integer">11281</ratings_count>
  <text_reviews_count type="integer">1114</text_reviews_count>
  <original_publication_year type="integer">2011</original_publication_year>
  <original_publication_month type="integer" nil="true"/>
  <original_publication_day type="integer" nil="true"/>
  <original_title>Blue Monday</original_title>
  <original_language_id type="integer" nil="true"/>
  <media_type>book</media_type>
  <rating_dist>5:2509|4:4779|3:3072|2:697|1:224|total:11281</rating_dist>
  <desc_user_id type="integer">11285213</desc_user_id>
  <default_chaptering_book_id type="integer" nil="true"/>
  <default_description_language_code nil="true"/>
</work>
  <average_rating>3.77</average_rating>
  <num_pages><![CDATA[416]]></num_pages>
  <format><![CDATA[Hardcover]]></format>
  <edition_information><![CDATA[]]></edition_information>
  <ratings_count><![CDATA[8546]]></ratings_count>
  <text_reviews_count><![CDATA[801]]></text_reviews_count>
  <url><![CDATA[https://www.goodreads.com/book/show/10940958-blue-monday]]></url>
  <link><![CDATA[https://www.goodreads.com/book/show/10940958-blue-monday]]></link>
  <authors>
<author>
<id>183956</id>
<name>Nicci French</name>
<role></role>
<image_url nophoto='false'>
<![CDATA[https://images.gr-assets.com/authors/1409167422p5/183956.jpg]]>
</image_url>
<small_image_url nophoto='false'>
<![CDATA[https://images.gr-assets.com/authors/1409167422p2/183956.jpg]]>
</small_image_url>
<link><![CDATA[https://www.goodreads.com/author/show/183956.Nicci_French]]></link>
<average_rating>3.73</average_rating>
<ratings_count>70074</ratings_count>
<text_reviews_count>5858</text_reviews_count>
</author>
</authors>

    <reviews_widget>
      <![CDATA[
        <style>
  #goodreads-widget {
    font-family: georgia, serif;
    padding: 18px 0;
    width:565px;
  }
  #goodreads-widget h1 {
    font-weight:normal;
    font-size: 16px;
    border-bottom: 1px solid #BBB596;
    margin-bottom: 0;
  }
  #goodreads-widget a {
    text-decoration: none;
    color:#660;
  }
  iframe{
    background-color: #fff;
  }
  #goodreads-widget a:hover { text-decoration: underline; }
  #goodreads-widget a:active {
    color:#660;
  }
  #gr_footer {
    width: 100%;
    border-top: 1px solid #BBB596;
    text-align: right;
  }
  #goodreads-widget .gr_branding{
    color: #382110;
    font-size: 11px;
    text-decoration: none;
    font-family: "Helvetica Neue", Helvetica, Arial, sans-serif;
  }
</style>
<div id="goodreads-widget">
  <div id="gr_header"><h1><a rel="nofollow" href="https://www.goodreads.com/book/show/10940958-blue-monday">Blue Monday Reviews</a></h1></div>
  <iframe id="the_iframe" src="https://www.goodreads.com/api/reviews_widget_iframe?did=DEVELOPER_ID&amp;format=html&amp;isbn=0718154959&amp;links=660&amp;min_rating=&amp;review_back=fff&amp;stars=000&amp;text=000" width="565" height="400" frameborder="0"></iframe>
  <div id="gr_footer">
    <a class="gr_branding" target="_blank" rel="nofollow" href="https://www.goodreads.com/book/show/10940958-blue-monday?utm_medium=api&amp;utm_source=reviews_widget">Reviews from Goodreads.com</a>
  </div>
</div>

      ]]>
    </reviews_widget>
  <popular_shelves>
      <shelf name="to-read" count="8217"/>
      <shelf name="currently-reading" count="311"/>
      <shelf name="mystery" count="202"/>
      <shelf name="thriller" count="154"/>
      <shelf name="crime" count="123"/>
      <shelf name="fiction" count="95"/>
      <shelf name="nicci-french" count="48"/>
      <shelf name="series" count="47"/>
      <shelf name="suspense" count="40"/>
      <shelf name="thrillers" count="38"/>
      <shelf name="mysteries" count="33"/>
      <shelf name="books-i-own" count="33"/>
      <shelf name="favorites" count="32"/>
      <shelf name="mystery-thriller" count="31"/>
      <shelf name="owned" count="31"/>
      <shelf name="kindle" count="26"/>
      <shelf name="library" count="25"/>
      <shelf name="mystery-suspense" count="23"/>
      <shelf name="british" count="23"/>
      <shelf name="psychological-thriller" count="22"/>
      <shelf name="default" count="22"/>
      <shelf name="ebooks" count="21"/>
      <shelf name="audiobooks" count="18"/>
      <shelf name="owned-books" count="18"/>
      <shelf name="ebook" count="18"/>
      <shelf name="audible" count="15"/>
      <shelf name="book-club" count="15"/>
      <shelf name="e-books" count="15"/>
      <shelf name="adult" count="14"/>
      <shelf name="crime-fiction" count="14"/>
      <shelf name="crime-thriller" count="13"/>
      <shelf name="england" count="13"/>
      <shelf name="to-buy" count="12"/>
      <shelf name="audio" count="12"/>
      <shelf name="psychological" count="12"/>
      <shelf name="contemporary" count="12"/>
      <shelf name="read-in-2016" count="11"/>
      <shelf name="mystery-crime" count="11"/>
      <shelf name="library-book" count="10"/>
      <shelf name="audiobook" count="10"/>
      <shelf name="psychology" count="10"/>
      <shelf name="read-in-2012" count="10"/>
      <shelf name="london" count="10"/>
      <shelf name="read-in-2017" count="9"/>
      <shelf name="did-not-finish" count="9"/>
      <shelf name="read-in-2013" count="9"/>
      <shelf name="detective" count="9"/>
      <shelf name="abandoned" count="9"/>
      <shelf name="my-library" count="8"/>
      <shelf name="read-2013" count="8"/>
      <shelf name="my-books" count="8"/>
      <shelf name="audio-books" count="8"/>
      <shelf name="crime-mystery" count="8"/>
      <shelf name="suspense-thriller" count="8"/>
      <shelf name="read-2017" count="7"/>
      <shelf name="first-reads" count="7"/>
      <shelf name="read-2016" count="7"/>
      <shelf name="read-in-2014" count="7"/>
      <shelf name="frieda-klein" count="7"/>
      <shelf name="e-book" count="7"/>
      <shelf name="novels" count="7"/>
      <shelf name="borrowed" count="7"/>
      <shelf name="first-in-series" count="7"/>
      <shelf name="books-i-have" count="6"/>
      <shelf name="adult-fiction" count="6"/>
      <shelf name="netgalley" count="6"/>
      <shelf name="french-nicci" count="6"/>
      <shelf name="krimi" count="6"/>
      <shelf name="read-2012" count="6"/>
      <shelf name="fictie" count="6"/>
      <shelf name="audio-book" count="5"/>
      <shelf name="read-in-2015" count="5"/>
      <shelf name="listened-to" count="5"/>
      <shelf name="kidnapping" count="5"/>
      <shelf name="read-2014" count="5"/>
      <shelf name="books" count="5"/>
      <shelf name="gave-up-on" count="5"/>
      <shelf name="4-stars" count="5"/>
      <shelf name="library-books" count="5"/>
      <shelf name="crime-thrillers" count="5"/>
      <shelf name="reviewed" count="5"/>
      <shelf name="1st-in-series" count="5"/>
      <shelf name="drama" count="5"/>
      <shelf name="i-own" count="5"/>
      <shelf name="uk" count="5"/>
      <shelf name="britain" count="4"/>
      <shelf name="wish-list" count="4"/>
      <shelf name="2015-reading-challenge" count="4"/>
      <shelf name="sub" count="4"/>
      <shelf name="british-fiction" count="4"/>
      <shelf name="2013-reads" count="4"/>
      <shelf name="to-read-series" count="4"/>
      <shelf name="read-in-dutch" count="4"/>
      <shelf name="crime-detective" count="4"/>
      <shelf name="psychological-fiction" count="4"/>
      <shelf name="mystery-thriller-suspense" count="4"/>
      <shelf name="british-mystery" count="4"/>
      <shelf name="psychological-suspense" count="4"/>
      <shelf name="thriller-suspense" count="4"/>
      <shelf name="relationships" count="4"/>
  </popular_shelves>
  <book_links>
    <book_link>
  <id>8</id>
  <name>Libraries</name>
  <link>https://www.goodreads.com/book_link/follow/8</link>
</book_link>

  </book_links>
  <buy_links>
    <buy_link>
<id>1</id>
<name>Amazon</name>
<link>https://www.goodreads.com/book_link/follow/1</link>
</buy_link>
<buy_link>
<id>10</id>
<name>Audible</name>
<link>https://www.goodreads.com/book_link/follow/10</link>
</buy_link>
<buy_link>
<id>3</id>
<name>Barnes &amp; Noble</name>
<link>https://www.goodreads.com/book_link/follow/3</link>
</buy_link>
<buy_link>
<id>1027</id>
<name>Kobo</name>
<link>https://www.goodreads.com/book_link/follow/1027</link>
</buy_link>
<buy_link>
<id>2102</id>
<name>Apple iBooks</name>
<link>https://www.goodreads.com/book_link/follow/2102</link>
</buy_link>
<buy_link>
<id>8036</id>
<name>Google Play</name>
<link>https://www.goodreads.com/book_link/follow/8036</link>
</buy_link>
<buy_link>
<id>4</id>
<name>Abebooks</name>
<link>https://www.goodreads.com/book_link/follow/4</link>
</buy_link>
<buy_link>
<id>882</id>
<name>Book Depository</name>
<link>https://www.goodreads.com/book_link/follow/882</link>
</buy_link>
<buy_link>
<id>9</id>
<name>Indigo</name>
<link>https://www.goodreads.com/book_link/follow/9</link>
</buy_link>
<buy_link>
<id>2</id>
<name>Half.com</name>
<link>https://www.goodreads.com/book_link/follow/2</link>
</buy_link>
<buy_link>
<id>5</id>
<name>Alibris</name>
<link>https://www.goodreads.com/book_link/follow/5</link>
</buy_link>
<buy_link>
<id>107</id>
<name>Better World Books</name>
<link>https://www.goodreads.com/book_link/follow/107</link>
</buy_link>
<buy_link>
<id>7</id>
<name>IndieBound</name>
<link>https://www.goodreads.com/book_link/follow/7</link>
</buy_link>

  </buy_links>
  <series_works>
    <series_work>
<id>299678</id>
<user_position>1</user_position>
<series>
<id>67491</id>
<title>
<![CDATA[
    Frieda Klein
]]>
</title>
<description>
<![CDATA[
    This series features Frieda Klein, a London-based psychotherapist in her mid-30s.
]]>
</description>
<note>
<![CDATA[
]]>
</note>
<series_works_count>7</series_works_count>
<primary_work_count>7</primary_work_count>
<numbered>true</numbered>
</series>

</series_work>

  </series_works>
  <similar_books>
          <book>
<id>10817086</id>
<title>Before the Poison</title>
<title_without_series>Before the Poison</title_without_series>
<link><![CDATA[https://www.goodreads.com/book/show/10817086-before-the-poison]]></link>
<small_image_url><![CDATA[https://images.gr-assets.com/books/1328426074s/10817086.jpg]]></small_image_url>
<image_url><![CDATA[https://images.gr-assets.com/books/1328426074m/10817086.jpg]]></image_url>
<num_pages>436</num_pages>
<work>
<id>15730760</id>
</work>
<isbn>1444704834</isbn>
<isbn13>9781444704839</isbn13>
<average_rating>3.69</average_rating>
<ratings_count>4571</ratings_count>
<publication_year>2011</publication_year>
<publication_month></publication_month>
<publication_day></publication_day>
<authors>
<author>
<id>5922</id>
<name>Peter Robinson</name>
<link><![CDATA[https://www.goodreads.com/author/show/5922.Peter_Robinson]]></link>
</author>
</authors>
</book>

          <book>
<id>6123734</id>
<title>Alles te verliezen</title>
<title_without_series>Alles te verliezen</title_without_series>
<link><![CDATA[https://www.goodreads.com/book/show/6123734-alles-te-verliezen]]></link>
<small_image_url><![CDATA[https://s.gr-assets.com/assets/nophoto/book/50x75-a91bf249278a81aabab721ef782c4a74.png]]></small_image_url>
<image_url><![CDATA[https://s.gr-assets.com/assets/nophoto/book/111x148-bcc042a9c91a29c1d680899eff700a03.png]]></image_url>
<num_pages>319</num_pages>
<work>
<id>6302098</id>
</work>
<isbn>9041410570</isbn>
<isbn13>9789041410573</isbn13>
<average_rating>3.39</average_rating>
<ratings_count>721</ratings_count>
<publication_year>2008</publication_year>
<publication_month>11</publication_month>
<publication_day></publication_day>
<authors>
<author>
<id>1170032</id>
<name>Esther Verhoef</name>
<link><![CDATA[https://www.goodreads.com/author/show/1170032.Esther_Verhoef]]></link>
</author>
</authors>
</book>

          <book>
<id>13120860</id>
<title>Dead Scared (Lacey Flint, #2)</title>
<title_without_series>Dead Scared</title_without_series>
<link><![CDATA[https://www.goodreads.com/book/show/13120860-dead-scared]]></link>
<small_image_url><![CDATA[https://images.gr-assets.com/books/1387593724s/13120860.jpg]]></small_image_url>
<image_url><![CDATA[https://images.gr-assets.com/books/1387593724m/13120860.jpg]]></image_url>
<num_pages>384</num_pages>
<work>
<id>17595134</id>
</work>
<isbn>0312600534</isbn>
<isbn13>9780312600532</isbn13>
<average_rating>4.05</average_rating>
<ratings_count>7344</ratings_count>
<publication_year>2012</publication_year>
<publication_month>6</publication_month>
<publication_day>5</publication_day>
<authors>
<author>
<id>1038226</id>
<name>Sharon Bolton</name>
<link><![CDATA[https://www.goodreads.com/author/show/1038226.Sharon_Bolton]]></link>
</author>
</authors>
</book>

          <book>
<id>8502900</id>
<title>Op klaarlichte dag</title>
<title_without_series>Op klaarlichte dag</title_without_series>
<link><![CDATA[https://www.goodreads.com/book/show/8502900-op-klaarlichte-dag]]></link>
<small_image_url><![CDATA[https://images.gr-assets.com/books/1277458904s/8502900.jpg]]></small_image_url>
<image_url><![CDATA[https://images.gr-assets.com/books/1277458904m/8502900.jpg]]></image_url>
<num_pages>277</num_pages>
<work>
<id>13368862</id>
</work>
<isbn>9041420819</isbn>
<isbn13>9789041415325</isbn13>
<average_rating>3.56</average_rating>
<ratings_count>812</ratings_count>
<publication_year>2010</publication_year>
<publication_month>8</publication_month>
<publication_day>1</publication_day>
<authors>
<author>
<id>175035</id>
<name>Simone van der Vlugt</name>
<link><![CDATA[https://www.goodreads.com/author/show/175035.Simone_van_der_Vlugt]]></link>
</author>
</authors>
</book>

          <book>
<id>6329864</id>
<title>De verbouwing</title>
<title_without_series>De verbouwing</title_without_series>
<link><![CDATA[https://www.goodreads.com/book/show/6329864-de-verbouwing]]></link>
<small_image_url><![CDATA[https://s.gr-assets.com/assets/nophoto/book/50x75-a91bf249278a81aabab721ef782c4a74.png]]></small_image_url>
<image_url><![CDATA[https://s.gr-assets.com/assets/nophoto/book/111x148-bcc042a9c91a29c1d680899eff700a03.png]]></image_url>
<num_pages>284</num_pages>
<work>
<id>6515507</id>
</work>
<isbn>9041409718</isbn>
<isbn13>9789041409713</isbn13>
<average_rating>3.15</average_rating>
<ratings_count>1220</ratings_count>
<publication_year>2009</publication_year>
<publication_month></publication_month>
<publication_day></publication_day>
<authors>
<author>
<id>417258</id>
<name>Saskia Noort</name>
<link><![CDATA[https://www.goodreads.com/author/show/417258.Saskia_Noort]]></link>
</author>
</authors>
</book>

          <book>
<id>10769683</id>
<title><![CDATA[The Burning (Maeve Kerrigan, #1)]]></title>
<title_without_series>The Burning</title_without_series>
<link><![CDATA[https://www.goodreads.com/book/show/10769683-the-burning]]></link>
<small_image_url><![CDATA[https://images.gr-assets.com/books/1317067725s/10769683.jpg]]></small_image_url>
<image_url><![CDATA[https://images.gr-assets.com/books/1317067725m/10769683.jpg]]></image_url>
<num_pages></num_pages>
<work>
<id>14449306</id>
</work>
<isbn>0312614179</isbn>
<isbn13>9780312614171</isbn13>
<average_rating>3.80</average_rating>
<ratings_count>4853</ratings_count>
<publication_year>2011</publication_year>
<publication_month>9</publication_month>
<publication_day></publication_day>
<authors>
<author>
<id>1173340</id>
<name>Jane Casey</name>
<link><![CDATA[https://www.goodreads.com/author/show/1173340.Jane_Casey]]></link>
</author>
</authors>
</book>

          <book>
<id>11936475</id>
<title><![CDATA[Finders Keepers (Exmoor Trilogy, #3)]]></title>
<title_without_series>Finders Keepers</title_without_series>
<link><![CDATA[https://www.goodreads.com/book/show/11936475-finders-keepers]]></link>
<small_image_url><![CDATA[https://images.gr-assets.com/books/1327915170s/11936475.jpg]]></small_image_url>
<image_url><![CDATA[https://images.gr-assets.com/books/1327915170m/11936475.jpg]]></image_url>
<num_pages>393</num_pages>
<work>
<id>16784251</id>
</work>
<isbn>0593066901</isbn>
<isbn13>9780593066904</isbn13>
<average_rating>3.80</average_rating>
<ratings_count>1099</ratings_count>
<publication_year>2012</publication_year>
<publication_month>1</publication_month>
<publication_day>5</publication_day>
<authors>
<author>
<id>2979481</id>
<name>Belinda Bauer</name>
<link><![CDATA[https://www.goodreads.com/author/show/2979481.Belinda_Bauer]]></link>
</author>
</authors>
</book>

          <book>
<id>15981701</id>
<title><![CDATA[Like This, For Ever (Lacey Flint, #3)]]></title>
<title_without_series>Like This, For Ever</title_without_series>
<link><![CDATA[https://www.goodreads.com/book/show/15981701-like-this-for-ever]]></link>
<small_image_url><![CDATA[https://images.gr-assets.com/books/1353033224s/15981701.jpg]]></small_image_url>
<image_url><![CDATA[https://images.gr-assets.com/books/1353033224m/15981701.jpg]]></image_url>
<num_pages>400</num_pages>
<work>
<id>21734513</id>
</work>
<isbn>059306917X</isbn>
<isbn13>9780593069172</isbn13>
<average_rating>4.13</average_rating>
<ratings_count>5660</ratings_count>
<publication_year>2013</publication_year>
<publication_month>4</publication_month>
<publication_day>11</publication_day>
<authors>
<author>
<id>1038226</id>
<name>Sharon Bolton</name>
<link><![CDATA[https://www.goodreads.com/author/show/1038226.Sharon_Bolton]]></link>
</author>
</authors>
</book>

          <book>
<id>13498900</id>
<title><![CDATA[A Question of Identity (Simon Serrailler, #7)]]></title>
<title_without_series>A Question of Identity</title_without_series>
<link><![CDATA[https://www.goodreads.com/book/show/13498900-a-question-of-identity]]></link>
<small_image_url><![CDATA[https://images.gr-assets.com/books/1345804034s/13498900.jpg]]></small_image_url>
<image_url><![CDATA[https://images.gr-assets.com/books/1345804034m/13498900.jpg]]></image_url>
<num_pages>336</num_pages>
<work>
<id>19044356</id>
</work>
<isbn>1468300504</isbn>
<isbn13>9781468300505</isbn13>
<average_rating>3.94</average_rating>
<ratings_count>2663</ratings_count>
<publication_year>2012</publication_year>
<publication_month>10</publication_month>
<publication_day>25</publication_day>
<authors>
<author>
<id>18874</id>
<name>Susan Hill</name>
<link><![CDATA[https://www.goodreads.com/author/show/18874.Susan_Hill]]></link>
</author>
</authors>
</book>

          <book>
<id>6905987</id>
<title><![CDATA[The Surrogate (Brennan & Esposito, #1)]]></title>
<title_without_series>The Surrogate</title_without_series>
<link><![CDATA[https://www.goodreads.com/book/show/6905987-the-surrogate]]></link>
<small_image_url><![CDATA[https://images.gr-assets.com/books/1327289711s/6905987.jpg]]></small_image_url>
<image_url><![CDATA[https://images.gr-assets.com/books/1327289711m/6905987.jpg]]></image_url>
<num_pages>438</num_pages>
<work>
<id>7130523</id>
</work>
<isbn>0751542288</isbn>
<isbn13>9780751542288</isbn13>
<average_rating>3.89</average_rating>
<ratings_count>1837</ratings_count>
<publication_year>2009</publication_year>
<publication_month>9</publication_month>
<publication_day>17</publication_day>
<authors>
<author>
<id>3090483</id>
<name>Tania Carver</name>
<link><![CDATA[https://www.goodreads.com/author/show/3090483.Tania_Carver]]></link>
</author>
</authors>
</book>

          <book>
<id>8162346</id>
<title>The Woodcutter</title>
<title_without_series>The Woodcutter</title_without_series>
<link><![CDATA[https://www.goodreads.com/book/show/8162346-the-woodcutter]]></link>
<small_image_url><![CDATA[https://images.gr-assets.com/books/1329503240s/8162346.jpg]]></small_image_url>
<image_url><![CDATA[https://images.gr-assets.com/books/1329503240m/8162346.jpg]]></image_url>
<num_pages>519</num_pages>
<work>
<id>13005170</id>
</work>
<isbn>0007343876</isbn>
<isbn13>9780007343874</isbn13>
<average_rating>4.07</average_rating>
<ratings_count>3894</ratings_count>
<publication_year>2010</publication_year>
<publication_month>7</publication_month>
<publication_day>20</publication_day>
<authors>
<author>
<id>8069</id>
<name>Reginald Hill</name>
<link><![CDATA[https://www.goodreads.com/author/show/8069.Reginald_Hill]]></link>
</author>
</authors>
</book>

          <book>
<id>20527762</id>
<title>Doelwit</title>
<title_without_series>Doelwit</title_without_series>
<link><![CDATA[https://www.goodreads.com/book/show/20527762-doelwit]]></link>
<small_image_url><![CDATA[https://images.gr-assets.com/books/1389654015s/20527762.jpg]]></small_image_url>
<image_url><![CDATA[https://images.gr-assets.com/books/1389654015m/20527762.jpg]]></image_url>
<num_pages>384</num_pages>
<work>
<id>37346427</id>
</work>
<isbn></isbn>
<isbn13>9789461091192</isbn13>
<average_rating>4.19</average_rating>
<ratings_count>168</ratings_count>
<publication_year>2014</publication_year>
<publication_month>3</publication_month>
<publication_day></publication_day>
<authors>
<author>
<id>1803131</id>
<name>Linda Jansma</name>
<link><![CDATA[https://www.goodreads.com/author/show/1803131.Linda_Jansma]]></link>
</author>
</authors>
</book>

          <book>
<id>18467815</id>
<title>Wolf (Jack Caffery, #7)</title>
<title_without_series>Wolf</title_without_series>
<link><![CDATA[https://www.goodreads.com/book/show/18467815-wolf]]></link>
<small_image_url><![CDATA[https://images.gr-assets.com/books/1395773036s/18467815.jpg]]></small_image_url>
<image_url><![CDATA[https://images.gr-assets.com/books/1395773036m/18467815.jpg]]></image_url>
<num_pages>410</num_pages>
<work>
<id>25466945</id>
</work>
<isbn>0802122507</isbn>
<isbn13>9780802122506</isbn13>
<average_rating>4.16</average_rating>
<ratings_count>4150</ratings_count>
<publication_year>2014</publication_year>
<publication_month>5</publication_month>
<publication_day>6</publication_day>
<authors>
<author>
<id>74876</id>
<name>Mo Hayder</name>
<link><![CDATA[https://www.goodreads.com/author/show/74876.Mo_Hayder]]></link>
</author>
</authors>
</book>

          <book>
<id>13482422</id>
<title>The Killing (The Killing, #1)</title>
<title_without_series>The Killing</title_without_series>
<link><![CDATA[https://www.goodreads.com/book/show/13482422-the-killing]]></link>
<small_image_url><![CDATA[https://images.gr-assets.com/books/1334590910s/13482422.jpg]]></small_image_url>
<image_url><![CDATA[https://images.gr-assets.com/books/1334590910m/13482422.jpg]]></image_url>
<num_pages>720</num_pages>
<work>
<id>19015944</id>
</work>
<isbn>1447213955</isbn>
<isbn13>9781447213956</isbn13>
<average_rating>3.96</average_rating>
<ratings_count>1403</ratings_count>
<publication_year>2012</publication_year>
<publication_month>5</publication_month>
<publication_day>24</publication_day>
<authors>
<author>
<id>21678</id>
<name>David Hewson</name>
<link><![CDATA[https://www.goodreads.com/author/show/21678.David_Hewson]]></link>
</author>
</authors>
</book>

          <book>
<id>6046369</id>
<title>All-inclusive</title>
<title_without_series>All-inclusive</title_without_series>
<link><![CDATA[https://www.goodreads.com/book/show/6046369-all-inclusive]]></link>
<small_image_url><![CDATA[https://images.gr-assets.com/books/1266302824s/6046369.jpg]]></small_image_url>
<image_url><![CDATA[https://images.gr-assets.com/books/1266302824m/6046369.jpg]]></image_url>
<num_pages>303</num_pages>
<work>
<id>6221958</id>
</work>
<isbn>9022993299</isbn>
<isbn13>9789022993293</isbn13>
<average_rating>2.72</average_rating>
<ratings_count>497</ratings_count>
<publication_year>2007</publication_year>
<publication_month>5</publication_month>
<publication_day>2</publication_day>
<authors>
<author>
<id>1641574</id>
<name>Suzanne Vermeer</name>
<link><![CDATA[https://www.goodreads.com/author/show/1641574.Suzanne_Vermeer]]></link>
</author>
</authors>
</book>

          <book>
<id>17262813</id>
<title><![CDATA[Letters From a Murderer (Finley Jameson & Joseph Argenti #1)]]></title>
<title_without_series>Letters From a Murderer</title_without_series>
<link><![CDATA[https://www.goodreads.com/book/show/17262813-letters-from-a-murderer]]></link>
<small_image_url><![CDATA[https://images.gr-assets.com/books/1375478315s/17262813.jpg]]></small_image_url>
<image_url><![CDATA[https://images.gr-assets.com/books/1375478315m/17262813.jpg]]></image_url>
<num_pages>432</num_pages>
<work>
<id>23859619</id>
</work>
<isbn>1909223379</isbn>
<isbn13>9781909223370</isbn13>
<average_rating>3.67</average_rating>
<ratings_count>224</ratings_count>
<publication_year>2013</publication_year>
<publication_month>9</publication_month>
<publication_day>24</publication_day>
<authors>
<author>
<id>5332533</id>
<name>John    Matthews</name>
<link><![CDATA[https://www.goodreads.com/author/show/5332533.John_Matthews]]></link>
</author>
</authors>
</book>

  </similar_books>
</book>

</GoodreadsResponse>