<?xml version="1.0" encoding="UTF-8"?>
<GoodreadsResponse>
  <Request>
    <authentication>true</authentication>
      <key><![CDATA[all_men_must_serve]]></key>
    <method><![CDATA[book_show]]></method>
  </Request>
  <book>
  <id>109509</id>
  <title>The Afghan</title>
  <isbn><![CDATA[0399153942]]></isbn>
  <isbn13><![CDATA[9780399153945]]></isbn13>
  <asin><![CDATA[]]></asin>
  <kindle_asin><![CDATA[B0031RS48Y]]></kindle_asin>
  <marketplace_id><![CDATA[A1F83G8C2ARO7P]]></marketplace_id>
  <country_code><![CDATA[GB]]></country_code>
  <image_url>https://images.gr-assets.com/books/1309198395m/109509.jpg</image_url>
  <small_image_url>https://images.gr-assets.com/books/1309198395s/109509.jpg</small_image_url>
  <publication_year>2006</publication_year>
  <publication_month>8</publication_month>
  <publication_day>22</publication_day>
  <publisher>Putnam Adult</publisher>
  <language_code>eng</language_code>
  <is_ebook>false</is_ebook>
  <description><![CDATA[<b>
  <blockquote>A chilling story of modern terrorism from the grandmaster of international intrigue. <i>T he Day of the Jackal</i>, <i>The Dogs of War</i>, <i>The Odessa File</i>-the books of Frederick Forsyth have helped define the international thriller as we know it today. Combining meticulous research with crisp narratives and plots as current as the headlines, Forsyth shows us the world as it is in a way that few have ever been able to equal.</blockquote>
</b>And the world as it is today is a very scary place.<p>When British and American intelligence catch wind of a major Al Qaeda operation in the works, they instantly galvanize- but to do what? They know nothing about it: the what, where, or when. They have no sources in Al Qaeda, and it's impossible to plant someone. Impossible, unless . . .</p><p>The Afghan is Izmat Khan, a five-year prisoner of Guantánamo Bay and a former senior commander of the Taliban. The Afghan is also Colonel Mike Martin, a twenty-five-year veteran of war zones around the world-a dark, lean man born and raised in Iraq. In an attempt to stave off disaster, the intelligence agencies will try to do what no one has ever done before-pass off a Westerner as an Arab among Arabs-pass off Martin as the trusted Khan.</p><p>It will require extraordinary preparation, and then extraordinary luck, for nothing can truly prepare Martin for the dark and shifting world into which he is about to enter. Or for the terrible things he will find there.</p><p>Filled with remarkable detail and compulsive drama, <i>The Afghan</i> is further proof that Forsyth is truly master of suspense.</p>]]></description>
  <work>
  <id type="integer">3003265</id>
  <books_count type="integer">72</books_count>
  <best_book_id type="integer">109509</best_book_id>
  <reviews_count type="integer">12903</reviews_count>
  <ratings_sum type="integer">32775</ratings_sum>
  <ratings_count type="integer">9013</ratings_count>
  <text_reviews_count type="integer">503</text_reviews_count>
  <original_publication_year type="integer">2006</original_publication_year>
  <original_publication_month type="integer">8</original_publication_month>
  <original_publication_day type="integer">22</original_publication_day>
  <original_title>The Afghan</original_title>
  <original_language_id type="integer" nil="true"/>
  <media_type>book</media_type>
  <rating_dist>5:1740|4:3391|3:2931|2:767|1:184|total:9013</rating_dist>
  <desc_user_id type="integer">-30</desc_user_id>
  <default_chaptering_book_id type="integer" nil="true"/>
  <default_description_language_code nil="true"/>
</work>
  <average_rating>3.64</average_rating>
  <num_pages><![CDATA[343]]></num_pages>
  <format><![CDATA[Hardcover]]></format>
  <edition_information><![CDATA[]]></edition_information>
  <ratings_count><![CDATA[7793]]></ratings_count>
  <text_reviews_count><![CDATA[380]]></text_reviews_count>
  <url><![CDATA[https://www.goodreads.com/book/show/109509.The_Afghan]]></url>
  <link><![CDATA[https://www.goodreads.com/book/show/109509.The_Afghan]]></link>
  <authors>
<author>
<id>36714</id>
<name>Frederick Forsyth</name>
<role></role>
<image_url nophoto='false'>
<![CDATA[https://images.gr-assets.com/authors/1224097067p5/36714.jpg]]>
</image_url>
<small_image_url nophoto='false'>
<![CDATA[https://images.gr-assets.com/authors/1224097067p2/36714.jpg]]>
</small_image_url>
<link><![CDATA[https://www.goodreads.com/author/show/36714.Frederick_Forsyth]]></link>
<average_rating>4.05</average_rating>
<ratings_count>255959</ratings_count>
<text_reviews_count>5949</text_reviews_count>
</author>
</authors>

    <reviews_widget>
      <![CDATA[
        <style>
  #goodreads-widget {
    font-family: georgia, serif;
    padding: 18px 0;
    width:565px;
  }
  #goodreads-widget h1 {
    font-weight:normal;
    font-size: 16px;
    border-bottom: 1px solid #BBB596;
    margin-bottom: 0;
  }
  #goodreads-widget a {
    text-decoration: none;
    color:#660;
  }
  iframe{
    background-color: #fff;
  }
  #goodreads-widget a:hover { text-decoration: underline; }
  #goodreads-widget a:active {
    color:#660;
  }
  #gr_footer {
    width: 100%;
    border-top: 1px solid #BBB596;
    text-align: right;
  }
  #goodreads-widget .gr_branding{
    color: #382110;
    font-size: 11px;
    text-decoration: none;
    font-family: "Helvetica Neue", Helvetica, Arial, sans-serif;
  }
</style>
<div id="goodreads-widget">
  <div id="gr_header"><h1><a rel="nofollow" href="https://www.goodreads.com/book/show/109509.The_Afghan">The Afghan Reviews</a></h1></div>
  <iframe id="the_iframe" src="https://www.goodreads.com/api/reviews_widget_iframe?did=DEVELOPER_ID&amp;format=html&amp;isbn=0399153942&amp;links=660&amp;min_rating=&amp;review_back=fff&amp;stars=000&amp;text=000" width="565" height="400" frameborder="0"></iframe>
  <div id="gr_footer">
    <a class="gr_branding" target="_blank" rel="nofollow" href="https://www.goodreads.com/book/show/109509.The_Afghan?utm_medium=api&amp;utm_source=reviews_widget">Reviews from Goodreads.com</a>
  </div>
</div>

      ]]>
    </reviews_widget>
  <popular_shelves>
      <shelf name="to-read" count="1073"/>
      <shelf name="thriller" count="131"/>
      <shelf name="currently-reading" count="81"/>
      <shelf name="default" count="58"/>
      <shelf name="owned" count="39"/>
      <shelf name="fiction" count="36"/>
      <shelf name="espionage" count="36"/>
      <shelf name="frederick-forsyth" count="31"/>
      <shelf name="favorites" count="25"/>
      <shelf name="mystery" count="21"/>
      <shelf name="forsyth" count="19"/>
      <shelf name="spy" count="17"/>
      <shelf name="novels" count="15"/>
      <shelf name="action" count="14"/>
      <shelf name="books-i-own" count="13"/>
      <shelf name="terrorism" count="13"/>
      <shelf name="spy-thriller" count="13"/>
      <shelf name="war" count="13"/>
      <shelf name="afghanistan" count="11"/>
      <shelf name="owned-books" count="10"/>
      <shelf name="english" count="10"/>
      <shelf name="adventure" count="10"/>
      <shelf name="audiobook" count="10"/>
      <shelf name="audiobooks" count="9"/>
      <shelf name="suspense" count="9"/>
      <shelf name="action-adventure" count="8"/>
      <shelf name="my-library" count="7"/>
      <shelf name="library" count="7"/>
      <shelf name="ebooks" count="7"/>
      <shelf name="spies" count="7"/>
      <shelf name="mystery-thriller" count="7"/>
      <shelf name="military" count="7"/>
      <shelf name="kindle" count="6"/>
      <shelf name="my-books" count="6"/>
      <shelf name="frederick" count="6"/>
      <shelf name="unread" count="6"/>
      <shelf name="audio-books" count="6"/>
      <shelf name="crime" count="6"/>
      <shelf name="middle-east" count="6"/>
      <shelf name="collection" count="5"/>
      <shelf name="forsyth-frederick" count="5"/>
      <shelf name="in-my-library" count="5"/>
      <shelf name="spy-thrillers" count="5"/>
      <shelf name="i-own" count="5"/>
      <shelf name="novel" count="5"/>
      <shelf name="thrillers" count="4"/>
      <shelf name="paperback" count="4"/>
      <shelf name="taliban" count="4"/>
      <shelf name="spy-fiction" count="4"/>
      <shelf name="ebook" count="4"/>
      <shelf name="donated" count="4"/>
      <shelf name="historical-fiction" count="4"/>
      <shelf name="politics" count="4"/>
      <shelf name="spy-espionage" count="4"/>
      <shelf name="mysteries-and-thrillers" count="4"/>
      <shelf name="modern-fiction" count="3"/>
      <shelf name="home-library" count="3"/>
      <shelf name="audible" count="3"/>
      <shelf name="not-read" count="3"/>
      <shelf name="asia" count="3"/>
      <shelf name="fredrick-forsyth" count="3"/>
      <shelf name="action-thriller" count="3"/>
      <shelf name="21st-century" count="3"/>
      <shelf name="calibre" count="3"/>
      <shelf name="british" count="3"/>
      <shelf name="other" count="3"/>
      <shelf name="drama" count="3"/>
      <shelf name="hardcover" count="3"/>
      <shelf name="military-fiction" count="3"/>
      <shelf name="political" count="3"/>
      <shelf name="literature" count="3"/>
      <shelf name="reviewed" count="3"/>
      <shelf name="my-shelf" count="2"/>
      <shelf name="donated-sept" count="2"/>
      <shelf name="box-4" count="2"/>
      <shelf name="bookshelf" count="2"/>
      <shelf name="dropped" count="2"/>
      <shelf name="narrativa" count="2"/>
      <shelf name="fiction-suspense" count="2"/>
      <shelf name="crime-mystery-thriller" count="2"/>
      <shelf name="shelfari-favorites" count="2"/>
      <shelf name="shelfari-wishlist" count="2"/>
      <shelf name="books" count="2"/>
      <shelf name="political-intrigue" count="2"/>
      <shelf name="e-book" count="2"/>
      <shelf name="e-books" count="2"/>
      <shelf name="audio-book" count="2"/>
      <shelf name="1" count="2"/>
      <shelf name="espionnage" count="2"/>
      <shelf name="uk" count="2"/>
      <shelf name="epub" count="2"/>
      <shelf name="read-2008" count="2"/>
      <shelf name="british-fiction" count="2"/>
      <shelf name="shelved" count="2"/>
      <shelf name="to-buy" count="2"/>
      <shelf name="on-my-shelf" count="2"/>
      <shelf name="espionage-fiction" count="2"/>
      <shelf name="islam" count="2"/>
      <shelf name="pre-goodreads" count="2"/>
      <shelf name="history" count="2"/>
  </popular_shelves>
  <book_links>
    <book_link>
  <id>8</id>
  <name>Libraries</name>
  <link>https://www.goodreads.com/book_link/follow/8</link>
</book_link>

  </book_links>
  <buy_links>
    <buy_link>
<id>1</id>
<name>Amazon</name>
<link>https://www.goodreads.com/book_link/follow/1</link>
</buy_link>
<buy_link>
<id>10</id>
<name>Audible</name>
<link>https://www.goodreads.com/book_link/follow/10</link>
</buy_link>
<buy_link>
<id>3</id>
<name>Barnes &amp; Noble</name>
<link>https://www.goodreads.com/book_link/follow/3</link>
</buy_link>
<buy_link>
<id>1027</id>
<name>Kobo</name>
<link>https://www.goodreads.com/book_link/follow/1027</link>
</buy_link>
<buy_link>
<id>2102</id>
<name>Apple iBooks</name>
<link>https://www.goodreads.com/book_link/follow/2102</link>
</buy_link>
<buy_link>
<id>8036</id>
<name>Google Play</name>
<link>https://www.goodreads.com/book_link/follow/8036</link>
</buy_link>
<buy_link>
<id>4</id>
<name>Abebooks</name>
<link>https://www.goodreads.com/book_link/follow/4</link>
</buy_link>
<buy_link>
<id>882</id>
<name>Book Depository</name>
<link>https://www.goodreads.com/book_link/follow/882</link>
</buy_link>
<buy_link>
<id>9</id>
<name>Indigo</name>
<link>https://www.goodreads.com/book_link/follow/9</link>
</buy_link>
<buy_link>
<id>2</id>
<name>Half.com</name>
<link>https://www.goodreads.com/book_link/follow/2</link>
</buy_link>
<buy_link>
<id>5</id>
<name>Alibris</name>
<link>https://www.goodreads.com/book_link/follow/5</link>
</buy_link>
<buy_link>
<id>107</id>
<name>Better World Books</name>
<link>https://www.goodreads.com/book_link/follow/107</link>
</buy_link>
<buy_link>
<id>7</id>
<name>IndieBound</name>
<link>https://www.goodreads.com/book_link/follow/7</link>
</buy_link>

  </buy_links>
  <series_works>
    
  </series_works>
  <similar_books>
          <book>
<id>198286</id>
<title><![CDATA[The White House Connection (Sean Dillon, #7)]]></title>
<title_without_series>The White House Connection</title_without_series>
<link><![CDATA[https://www.goodreads.com/book/show/198286.The_White_House_Connection]]></link>
<small_image_url><![CDATA[https://s.gr-assets.com/assets/nophoto/book/50x75-a91bf249278a81aabab721ef782c4a74.png]]></small_image_url>
<image_url><![CDATA[https://s.gr-assets.com/assets/nophoto/book/111x148-bcc042a9c91a29c1d680899eff700a03.png]]></image_url>
<num_pages>288</num_pages>
<work>
<id>2827126</id>
</work>
<isbn>0425175413</isbn>
<isbn13>9780425175415</isbn13>
<average_rating>3.77</average_rating>
<ratings_count>1704</ratings_count>
<publication_year>2000</publication_year>
<publication_month>7</publication_month>
<publication_day>1</publication_day>
<authors>
<author>
<id>19706</id>
<name>Jack Higgins</name>
<link><![CDATA[https://www.goodreads.com/author/show/19706.Jack_Higgins]]></link>
</author>
</authors>
</book>

          <book>
<id>18997</id>
<title>Absolute Friends</title>
<title_without_series>Absolute Friends</title_without_series>
<link><![CDATA[https://www.goodreads.com/book/show/18997.Absolute_Friends]]></link>
<small_image_url><![CDATA[https://images.gr-assets.com/books/1344268584s/18997.jpg]]></small_image_url>
<image_url><![CDATA[https://images.gr-assets.com/books/1344268584m/18997.jpg]]></image_url>
<num_pages>464</num_pages>
<work>
<id>1321387</id>
</work>
<isbn>0316159395</isbn>
<isbn13>9780316159395</isbn13>
<average_rating>3.59</average_rating>
<ratings_count>4872</ratings_count>
<publication_year>2004</publication_year>
<publication_month>11</publication_month>
<publication_day>10</publication_day>
<authors>
<author>
<id>1411964</id>
<name>John le Carré</name>
<link><![CDATA[https://www.goodreads.com/author/show/1411964.John_le_Carr_]]></link>
</author>
</authors>
</book>

          <book>
<id>273090</id>
<title>The Unknown Soldier</title>
<title_without_series>The Unknown Soldier</title_without_series>
<link><![CDATA[https://www.goodreads.com/book/show/273090.The_Unknown_Soldier]]></link>
<small_image_url><![CDATA[https://s.gr-assets.com/assets/nophoto/book/50x75-a91bf249278a81aabab721ef782c4a74.png]]></small_image_url>
<image_url><![CDATA[https://s.gr-assets.com/assets/nophoto/book/111x148-bcc042a9c91a29c1d680899eff700a03.png]]></image_url>
<num_pages>400</num_pages>
<work>
<id>264783</id>
</work>
<isbn>1585676349</isbn>
<isbn13>9781585676347</isbn13>
<average_rating>3.81</average_rating>
<ratings_count>298</ratings_count>
<publication_year>2005</publication_year>
<publication_month>2</publication_month>
<publication_day>17</publication_day>
<authors>
<author>
<id>64525</id>
<name>Gerald Seymour</name>
<link><![CDATA[https://www.goodreads.com/author/show/64525.Gerald_Seymour]]></link>
</author>
</authors>
</book>

          <book>
<id>149667</id>
<title>HMS Ulysses</title>
<title_without_series>HMS Ulysses</title_without_series>
<link><![CDATA[https://www.goodreads.com/book/show/149667.HMS_Ulysses]]></link>
<small_image_url><![CDATA[https://s.gr-assets.com/assets/nophoto/book/50x75-a91bf249278a81aabab721ef782c4a74.png]]></small_image_url>
<image_url><![CDATA[https://s.gr-assets.com/assets/nophoto/book/111x148-bcc042a9c91a29c1d680899eff700a03.png]]></image_url>
<num_pages>467</num_pages>
<work>
<id>384808</id>
</work>
<isbn>0006135129</isbn>
<isbn13>9780006135128</isbn13>
<average_rating>4.02</average_rating>
<ratings_count>4696</ratings_count>
<publication_year>2004</publication_year>
<publication_month>11</publication_month>
<publication_day>1</publication_day>
<authors>
<author>
<id>26970</id>
<name>Alistair MacLean</name>
<link><![CDATA[https://www.goodreads.com/author/show/26970.Alistair_MacLean]]></link>
</author>
</authors>
</book>

          <book>
<id>46454</id>
<title>Judgment on Deltchev</title>
<title_without_series>Judgment on Deltchev</title_without_series>
<link><![CDATA[https://www.goodreads.com/book/show/46454.Judgment_on_Deltchev]]></link>
<small_image_url><![CDATA[https://s.gr-assets.com/assets/nophoto/book/50x75-a91bf249278a81aabab721ef782c4a74.png]]></small_image_url>
<image_url><![CDATA[https://s.gr-assets.com/assets/nophoto/book/111x148-bcc042a9c91a29c1d680899eff700a03.png]]></image_url>
<num_pages>275</num_pages>
<work>
<id>45577</id>
</work>
<isbn>0375726756</isbn>
<isbn13>9780375726750</isbn13>
<average_rating>3.88</average_rating>
<ratings_count>377</ratings_count>
<publication_year>2002</publication_year>
<publication_month>12</publication_month>
<publication_day>3</publication_day>
<authors>
<author>
<id>26006</id>
<name>Eric Ambler</name>
<link><![CDATA[https://www.goodreads.com/author/show/26006.Eric_Ambler]]></link>
</author>
</authors>
</book>

          <book>
<id>453146</id>
<title>The Sands of Sakkara</title>
<title_without_series>The Sands of Sakkara</title_without_series>
<link><![CDATA[https://www.goodreads.com/book/show/453146.The_Sands_of_Sakkara]]></link>
<small_image_url><![CDATA[https://images.gr-assets.com/books/1312015538s/453146.jpg]]></small_image_url>
<image_url><![CDATA[https://images.gr-assets.com/books/1312015538m/453146.jpg]]></image_url>
<num_pages>545</num_pages>
<work>
<id>441753</id>
</work>
<isbn>0312971087</isbn>
<isbn13>9780312971083</isbn13>
<average_rating>4.02</average_rating>
<ratings_count>736</ratings_count>
<publication_year>2000</publication_year>
<publication_month>6</publication_month>
<publication_day>15</publication_day>
<authors>
<author>
<id>34879</id>
<name>Glenn Meade</name>
<link><![CDATA[https://www.goodreads.com/author/show/34879.Glenn_Meade]]></link>
</author>
</authors>
</book>

          <book>
<id>1214694</id>
<title>Flash Point</title>
<title_without_series>Flash Point</title_without_series>
<link><![CDATA[https://www.goodreads.com/book/show/1214694.Flash_Point]]></link>
<small_image_url><![CDATA[https://s.gr-assets.com/assets/nophoto/book/50x75-a91bf249278a81aabab721ef782c4a74.png]]></small_image_url>
<image_url><![CDATA[https://s.gr-assets.com/assets/nophoto/book/111x148-bcc042a9c91a29c1d680899eff700a03.png]]></image_url>
<num_pages>462</num_pages>
<work>
<id>1203134</id>
</work>
<isbn>0688172016</isbn>
<isbn13>9780688172015</isbn13>
<average_rating>3.84</average_rating>
<ratings_count>219</ratings_count>
<publication_year></publication_year>
<publication_month></publication_month>
<publication_day></publication_day>
<authors>
<author>
<id>311201</id>
<name>James W. Huston</name>
<link><![CDATA[https://www.goodreads.com/author/show/311201.James_W_Huston]]></link>
</author>
</authors>
</book>

          <book>
<id>31225</id>
<title>The Bancroft Strategy</title>
<title_without_series>The Bancroft Strategy</title_without_series>
<link><![CDATA[https://www.goodreads.com/book/show/31225.The_Bancroft_Strategy]]></link>
<small_image_url><![CDATA[https://images.gr-assets.com/books/1311994416s/31225.jpg]]></small_image_url>
<image_url><![CDATA[https://images.gr-assets.com/books/1311994416m/31225.jpg]]></image_url>
<num_pages>420</num_pages>
<work>
<id>1622857</id>
</work>
<isbn>0312316739</isbn>
<isbn13>9780312316730</isbn13>
<average_rating>3.79</average_rating>
<ratings_count>4755</ratings_count>
<publication_year>2006</publication_year>
<publication_month>10</publication_month>
<publication_day>17</publication_day>
<authors>
<author>
<id>5293</id>
<name>Robert Ludlum</name>
<link><![CDATA[https://www.goodreads.com/author/show/5293.Robert_Ludlum]]></link>
</author>
</authors>
</book>

          <book>
<id>173802</id>
<title>Vicious Circle</title>
<title_without_series>Vicious Circle</title_without_series>
<link><![CDATA[https://www.goodreads.com/book/show/173802.Vicious_Circle]]></link>
<small_image_url><![CDATA[https://images.gr-assets.com/books/1327977350s/173802.jpg]]></small_image_url>
<image_url><![CDATA[https://images.gr-assets.com/books/1327977350m/173802.jpg]]></image_url>
<num_pages>304</num_pages>
<work>
<id>167880</id>
</work>
<isbn>1585678554</isbn>
<isbn13>9781585678556</isbn13>
<average_rating>3.44</average_rating>
<ratings_count>240</ratings_count>
<publication_year>2006</publication_year>
<publication_month>10</publication_month>
<publication_day>19</publication_day>
<authors>
<author>
<id>101398</id>
<name>Robert Littell</name>
<link><![CDATA[https://www.goodreads.com/author/show/101398.Robert_Littell]]></link>
</author>
</authors>
</book>

          <book>
<id>7015971</id>
<title><![CDATA[Sea of Terror (Deep Black, #8)]]></title>
<title_without_series>Sea of Terror</title_without_series>
<link><![CDATA[https://www.goodreads.com/book/show/7015971-sea-of-terror]]></link>
<small_image_url><![CDATA[https://images.gr-assets.com/books/1312231215s/7015971.jpg]]></small_image_url>
<image_url><![CDATA[https://images.gr-assets.com/books/1312231215m/7015971.jpg]]></image_url>
<num_pages></num_pages>
<work>
<id>7261913</id>
</work>
<isbn>0312946961</isbn>
<isbn13>9780312946968</isbn13>
<average_rating>3.85</average_rating>
<ratings_count>335</ratings_count>
<publication_year></publication_year>
<publication_month></publication_month>
<publication_day></publication_day>
<authors>
<author>
<id>6866</id>
<name>Stephen Coonts</name>
<link><![CDATA[https://www.goodreads.com/author/show/6866.Stephen_Coonts]]></link>
</author>
</authors>
</book>

          <book>
<id>2293963</id>
<title>A Spy&apos;s Life</title>
<title_without_series>A Spy&apos;s Life</title_without_series>
<link><![CDATA[https://www.goodreads.com/book/show/2293963.A_Spy_s_Life]]></link>
<small_image_url><![CDATA[https://s.gr-assets.com/assets/nophoto/book/50x75-a91bf249278a81aabab721ef782c4a74.png]]></small_image_url>
<image_url><![CDATA[https://s.gr-assets.com/assets/nophoto/book/111x148-bcc042a9c91a29c1d680899eff700a03.png]]></image_url>
<num_pages>470</num_pages>
<work>
<id>1884986</id>
</work>
<isbn>0752848062</isbn>
<isbn13>9780752848068</isbn13>
<average_rating>3.80</average_rating>
<ratings_count>448</ratings_count>
<publication_year>2002</publication_year>
<publication_month></publication_month>
<publication_day></publication_day>
<authors>
<author>
<id>231814</id>
<name>Henry Porter</name>
<link><![CDATA[https://www.goodreads.com/author/show/231814.Henry_Porter]]></link>
</author>
</authors>
</book>

          <book>
<id>482130</id>
<title>Twinkle, Twinkle Little Spy</title>
<title_without_series>Twinkle, Twinkle Little Spy</title_without_series>
<link><![CDATA[https://www.goodreads.com/book/show/482130.Twinkle_Twinkle_Little_Spy]]></link>
<small_image_url><![CDATA[https://s.gr-assets.com/assets/nophoto/book/50x75-a91bf249278a81aabab721ef782c4a74.png]]></small_image_url>
<image_url><![CDATA[https://s.gr-assets.com/assets/nophoto/book/111x148-bcc042a9c91a29c1d680899eff700a03.png]]></image_url>
<num_pages>240</num_pages>
<work>
<id>687881</id>
</work>
<isbn>0586045007</isbn>
<isbn13>9780586045008</isbn13>
<average_rating>3.78</average_rating>
<ratings_count>650</ratings_count>
<publication_year>1976</publication_year>
<publication_month></publication_month>
<publication_day></publication_day>
<authors>
<author>
<id>31234</id>
<name>Len Deighton</name>
<link><![CDATA[https://www.goodreads.com/author/show/31234.Len_Deighton]]></link>
</author>
</authors>
</book>

  </similar_books>
</book>

</GoodreadsResponse>