<?xml version="1.0" encoding="UTF-8"?>
<GoodreadsResponse>
  <Request>
    <authentication>true</authentication>
      <key><![CDATA[all_men_must_serve]]></key>
    <method><![CDATA[book_show]]></method>
  </Request>
  <book>
  <id>10956</id>
  <title>The Virgin Suicides</title>
  <isbn><![CDATA[0747560595]]></isbn>
  <isbn13><![CDATA[9780747560593]]></isbn13>
  <asin><![CDATA[]]></asin>
  <kindle_asin><![CDATA[B00BVT5WMA]]></kindle_asin>
  <marketplace_id><![CDATA[A1F83G8C2ARO7P]]></marketplace_id>
  <country_code><![CDATA[GB]]></country_code>
  <image_url>https://images.gr-assets.com/books/1319032910m/10956.jpg</image_url>
  <small_image_url>https://images.gr-assets.com/books/1319032910s/10956.jpg</small_image_url>
  <publication_year>2002</publication_year>
  <publication_month></publication_month>
  <publication_day></publication_day>
  <publisher>Bloomsbury Publishing PLC</publisher>
  <language_code>eng</language_code>
  <is_ebook>false</is_ebook>
  <description><![CDATA[The haunting, humorous and tender story of the brief lives of the five entrancing Lisbon sisters, <i>The Virgin Suicides</i>, now a major film, is Jeffrey Eugenides's classic debut novel.<br /><br />The shocking thing about the girls was how nearly normal they seemed when their mother let them out for the one and only date of their lives. Twenty years on, their enigmatic personalities are embalmed in the memories of the boys who worshipped them and who now recall their shared adolescence: the brassiere draped over a crucifix belonging to the promiscuous Lux; the sisters' breathtaking appearance on the night of the dance; and the sultry, sleepy street across which they watched a family disintegrate and fragile lives disappear.]]></description>
  <work>
  <id type="integer">812415</id>
  <books_count type="integer">102</books_count>
  <best_book_id type="integer">10956</best_book_id>
  <reviews_count type="integer">328725</reviews_count>
  <ratings_sum type="integer">687152</ratings_sum>
  <ratings_count type="integer">179406</ratings_count>
  <text_reviews_count type="integer">7553</text_reviews_count>
  <original_publication_year type="integer">1993</original_publication_year>
  <original_publication_month type="integer" nil="true"/>
  <original_publication_day type="integer" nil="true"/>
  <original_title>The Virgin Suicides</original_title>
  <original_language_id type="integer" nil="true"/>
  <media_type>book</media_type>
  <rating_dist>5:50739|4:67540|3:44833|2:12504|1:3790|total:179406</rating_dist>
  <desc_user_id type="integer">3236194</desc_user_id>
  <default_chaptering_book_id type="integer" nil="true"/>
  <default_description_language_code nil="true"/>
</work>
  <average_rating>3.83</average_rating>
  <num_pages><![CDATA[250]]></num_pages>
  <format><![CDATA[Paperback]]></format>
  <edition_information><![CDATA[]]></edition_information>
  <ratings_count><![CDATA[159447]]></ratings_count>
  <text_reviews_count><![CDATA[5423]]></text_reviews_count>
  <url><![CDATA[https://www.goodreads.com/book/show/10956.The_Virgin_Suicides]]></url>
  <link><![CDATA[https://www.goodreads.com/book/show/10956.The_Virgin_Suicides]]></link>
  <authors>
<author>
<id>1467</id>
<name>Jeffrey Eugenides</name>
<role></role>
<image_url nophoto='false'>
<![CDATA[https://images.gr-assets.com/authors/1374107943p5/1467.jpg]]>
</image_url>
<small_image_url nophoto='false'>
<![CDATA[https://images.gr-assets.com/authors/1374107943p2/1467.jpg]]>
</small_image_url>
<link><![CDATA[https://www.goodreads.com/author/show/1467.Jeffrey_Eugenides]]></link>
<average_rating>3.95</average_rating>
<ratings_count>1382303</ratings_count>
<text_reviews_count>52769</text_reviews_count>
</author>
</authors>

    <reviews_widget>
      <![CDATA[
        <style>
  #goodreads-widget {
    font-family: georgia, serif;
    padding: 18px 0;
    width:565px;
  }
  #goodreads-widget h1 {
    font-weight:normal;
    font-size: 16px;
    border-bottom: 1px solid #BBB596;
    margin-bottom: 0;
  }
  #goodreads-widget a {
    text-decoration: none;
    color:#660;
  }
  iframe{
    background-color: #fff;
  }
  #goodreads-widget a:hover { text-decoration: underline; }
  #goodreads-widget a:active {
    color:#660;
  }
  #gr_footer {
    width: 100%;
    border-top: 1px solid #BBB596;
    text-align: right;
  }
  #goodreads-widget .gr_branding{
    color: #382110;
    font-size: 11px;
    text-decoration: none;
    font-family: "Helvetica Neue", Helvetica, Arial, sans-serif;
  }
</style>
<div id="goodreads-widget">
  <div id="gr_header"><h1><a rel="nofollow" href="https://www.goodreads.com/book/show/10956.The_Virgin_Suicides">The Virgin Suicides Reviews</a></h1></div>
  <iframe id="the_iframe" src="https://www.goodreads.com/api/reviews_widget_iframe?did=DEVELOPER_ID&amp;format=html&amp;isbn=0747560595&amp;links=660&amp;min_rating=&amp;review_back=fff&amp;stars=000&amp;text=000" width="565" height="400" frameborder="0"></iframe>
  <div id="gr_footer">
    <a class="gr_branding" target="_blank" rel="nofollow" href="https://www.goodreads.com/book/show/10956.The_Virgin_Suicides?utm_medium=api&amp;utm_source=reviews_widget">Reviews from Goodreads.com</a>
  </div>
</div>

      ]]>
    </reviews_widget>
  <popular_shelves>
      <shelf name="to-read" count="49307"/>
      <shelf name="favorites" count="3114"/>
      <shelf name="fiction" count="940"/>
      <shelf name="currently-reading" count="716"/>
      <shelf name="young-adult" count="498"/>
      <shelf name="favourites" count="353"/>
      <shelf name="books-i-own" count="330"/>
      <shelf name="contempor​ary" count="284"/>
      <shelf name="to-buy" count="255"/>
      <shelf name="owned" count="244"/>
      <shelf name="contemporary-fiction" count="244"/>
      <shelf name="literary-fiction" count="229"/>
      <shelf name="coming-of-age" count="227"/>
      <shelf name="novels" count="202"/>
      <shelf name="literature" count="196"/>
      <shelf name="owned-books" count="187"/>
      <shelf name="classics" count="185"/>
      <shelf name="adult" count="179"/>
      <shelf name="adult-fiction" count="173"/>
      <shelf name="american" count="172"/>
      <shelf name="rory-gilmore-reading-challenge" count="168"/>
      <shelf name="suicide" count="158"/>
      <shelf name="book-club" count="145"/>
      <shelf name="library" count="141"/>
      <shelf name="mental-illness" count="126"/>
      <shelf name="1001-books-to-read-before-you-die" count="125"/>
      <shelf name="kindle" count="123"/>
      <shelf name="wish-list" count="123"/>
      <shelf name="ya" count="115"/>
      <shelf name="drama" count="110"/>
      <shelf name="read-in-2014" count="102"/>
      <shelf name="mental-health" count="97"/>
      <shelf name="20th-century" count="94"/>
      <shelf name="realistic-fiction" count="92"/>
      <shelf name="rory-gilmore-challenge" count="87"/>
      <shelf name="read-in-2015" count="86"/>
      <shelf name="i-own" count="86"/>
      <shelf name="literary" count="81"/>
      <shelf name="death" count="78"/>
      <shelf name="rory-gilmore" count="77"/>
      <shelf name="family" count="76"/>
      <shelf name="1001-books" count="73"/>
      <shelf name="read-in-2013" count="71"/>
      <shelf name="usa" count="71"/>
      <shelf name="ebook" count="70"/>
      <shelf name="english" count="69"/>
      <shelf name="favorite-books" count="68"/>
      <shelf name="read-in-2016" count="65"/>
      <shelf name="my-books" count="64"/>
      <shelf name="all-time-favorites" count="63"/>
      <shelf name="audiobook" count="63"/>
      <shelf name="book-to-movie" count="61"/>
      <shelf name="dark" count="61"/>
      <shelf name="default" count="60"/>
      <shelf name="classic" count="60"/>
      <shelf name="historical-fiction" count="59"/>
      <shelf name="psychology" count="59"/>
      <shelf name="abandoned" count="58"/>
      <shelf name="rory-gilmore-reading-list" count="57"/>
      <shelf name="re-read" count="57"/>
      <shelf name="audiobooks" count="56"/>
      <shelf name="sisters" count="54"/>
      <shelf name="american-literature" count="52"/>
      <shelf name="ebooks" count="52"/>
      <shelf name="modern-classics" count="52"/>
      <shelf name="movies" count="51"/>
      <shelf name="1001-books-you-must-read-before-you" count="51"/>
      <shelf name="modern-fiction" count="51"/>
      <shelf name="to-read-fiction" count="50"/>
      <shelf name="favorite" count="49"/>
      <shelf name="read-in-2012" count="48"/>
      <shelf name="1001-books-to-read" count="48"/>
      <shelf name="gilmore-girls" count="47"/>
      <shelf name="my-library" count="46"/>
      <shelf name="unfinished" count="46"/>
      <shelf name="books" count="46"/>
      <shelf name="movie" count="46"/>
      <shelf name="audio" count="45"/>
      <shelf name="american-lit" count="44"/>
      <shelf name="1990s" count="44"/>
      <shelf name="own-it" count="44"/>
      <shelf name="need-to-buy" count="44"/>
      <shelf name="romance" count="43"/>
      <shelf name="tbr" count="42"/>
      <shelf name="stand-alone" count="42"/>
      <shelf name="high-school" count="41"/>
      <shelf name="did-not-finish" count="40"/>
      <shelf name="borrowed" count="40"/>
      <shelf name="dnf" count="38"/>
      <shelf name="read-in-2011" count="38"/>
      <shelf name="shelfari-favorites" count="37"/>
      <shelf name="read-in-2010" count="37"/>
      <shelf name="want-to-read" count="37"/>
      <shelf name="5-stars" count="37"/>
      <shelf name="e-book" count="36"/>
      <shelf name="e-books" count="36"/>
      <shelf name="faves" count="36"/>
      <shelf name="1001" count="35"/>
      <shelf name="on-my-shelf" count="35"/>
      <shelf name="maybe" count="35"/>
  </popular_shelves>
  <book_links>
    <book_link>
  <id>8</id>
  <name>Libraries</name>
  <link>https://www.goodreads.com/book_link/follow/8</link>
</book_link>

  </book_links>
  <buy_links>
    <buy_link>
<id>1</id>
<name>Amazon</name>
<link>https://www.goodreads.com/book_link/follow/1</link>
</buy_link>
<buy_link>
<id>10</id>
<name>Audible</name>
<link>https://www.goodreads.com/book_link/follow/10</link>
</buy_link>
<buy_link>
<id>3</id>
<name>Barnes &amp; Noble</name>
<link>https://www.goodreads.com/book_link/follow/3</link>
</buy_link>
<buy_link>
<id>1027</id>
<name>Kobo</name>
<link>https://www.goodreads.com/book_link/follow/1027</link>
</buy_link>
<buy_link>
<id>2102</id>
<name>Apple iBooks</name>
<link>https://www.goodreads.com/book_link/follow/2102</link>
</buy_link>
<buy_link>
<id>8036</id>
<name>Google Play</name>
<link>https://www.goodreads.com/book_link/follow/8036</link>
</buy_link>
<buy_link>
<id>4</id>
<name>Abebooks</name>
<link>https://www.goodreads.com/book_link/follow/4</link>
</buy_link>
<buy_link>
<id>882</id>
<name>Book Depository</name>
<link>https://www.goodreads.com/book_link/follow/882</link>
</buy_link>
<buy_link>
<id>9</id>
<name>Indigo</name>
<link>https://www.goodreads.com/book_link/follow/9</link>
</buy_link>
<buy_link>
<id>2</id>
<name>Half.com</name>
<link>https://www.goodreads.com/book_link/follow/2</link>
</buy_link>
<buy_link>
<id>5</id>
<name>Alibris</name>
<link>https://www.goodreads.com/book_link/follow/5</link>
</buy_link>
<buy_link>
<id>107</id>
<name>Better World Books</name>
<link>https://www.goodreads.com/book_link/follow/107</link>
</buy_link>
<buy_link>
<id>7</id>
<name>IndieBound</name>
<link>https://www.goodreads.com/book_link/follow/7</link>
</buy_link>

  </buy_links>
  <series_works>
    
  </series_works>
  <similar_books>
          <book>
<id>15794592</id>
<title>Rookie Yearbook One</title>
<title_without_series>Rookie Yearbook One</title_without_series>
<link><![CDATA[https://www.goodreads.com/book/show/15794592-rookie-yearbook-one]]></link>
<small_image_url><![CDATA[https://images.gr-assets.com/books/1346865753s/15794592.jpg]]></small_image_url>
<image_url><![CDATA[https://images.gr-assets.com/books/1346865753m/15794592.jpg]]></image_url>
<num_pages>352</num_pages>
<work>
<id>21516690</id>
</work>
<isbn>1770461124</isbn>
<isbn13>9781770461123</isbn13>
<average_rating>4.43</average_rating>
<ratings_count>1449</ratings_count>
<publication_year>2012</publication_year>
<publication_month>9</publication_month>
<publication_day>4</publication_day>
<authors>
<author>
<id>5768052</id>
<name>Tavi Gevinson</name>
<link><![CDATA[https://www.goodreads.com/author/show/5768052.Tavi_Gevinson]]></link>
</author>
</authors>
</book>

          <book>
<id>366497</id>
<title><![CDATA[When I Was Five I Killed Myself]]></title>
<title_without_series><![CDATA[When I Was Five I Killed Myself]]></title_without_series>
<link><![CDATA[https://www.goodreads.com/book/show/366497.When_I_Was_Five_I_Killed_Myself]]></link>
<small_image_url><![CDATA[https://s.gr-assets.com/assets/nophoto/book/50x75-a91bf249278a81aabab721ef782c4a74.png]]></small_image_url>
<image_url><![CDATA[https://s.gr-assets.com/assets/nophoto/book/111x148-bcc042a9c91a29c1d680899eff700a03.png]]></image_url>
<num_pages>192</num_pages>
<work>
<id>356518</id>
</work>
<isbn>0743423003</isbn>
<isbn13>9780743423007</isbn13>
<average_rating>3.79</average_rating>
<ratings_count>2277</ratings_count>
<publication_year>2001</publication_year>
<publication_month>7</publication_month>
<publication_day>1</publication_day>
<authors>
<author>
<id>196350</id>
<name>Howard Buten</name>
<link><![CDATA[https://www.goodreads.com/author/show/196350.Howard_Buten]]></link>
</author>
</authors>
</book>

          <book>
<id>11628</id>
<title><![CDATA[Johnny Panic and the Bible of Dreams: Short Stories, Prose and Diary Excerpts]]></title>
<title_without_series><![CDATA[Johnny Panic and the Bible of Dreams: Short Stories, Prose and Diary Excerpts]]></title_without_series>
<link><![CDATA[https://www.goodreads.com/book/show/11628.Johnny_Panic_and_the_Bible_of_Dreams]]></link>
<small_image_url><![CDATA[https://s.gr-assets.com/assets/nophoto/book/50x75-a91bf249278a81aabab721ef782c4a74.png]]></small_image_url>
<image_url><![CDATA[https://s.gr-assets.com/assets/nophoto/book/111x148-bcc042a9c91a29c1d680899eff700a03.png]]></image_url>
<num_pages>336</num_pages>
<work>
<id>2015211</id>
</work>
<isbn>0060955295</isbn>
<isbn13>9780060955298</isbn13>
<average_rating>3.95</average_rating>
<ratings_count>3489</ratings_count>
<publication_year>2000</publication_year>
<publication_month>3</publication_month>
<publication_day>1</publication_day>
<authors>
<author>
<id>4379</id>
<name>Sylvia Plath</name>
<link><![CDATA[https://www.goodreads.com/author/show/4379.Sylvia_Plath]]></link>
</author>
</authors>
</book>

          <book>
<id>283786</id>
<title>Hideous Kinky</title>
<title_without_series>Hideous Kinky</title_without_series>
<link><![CDATA[https://www.goodreads.com/book/show/283786.Hideous_Kinky]]></link>
<small_image_url><![CDATA[https://s.gr-assets.com/assets/nophoto/book/50x75-a91bf249278a81aabab721ef782c4a74.png]]></small_image_url>
<image_url><![CDATA[https://s.gr-assets.com/assets/nophoto/book/111x148-bcc042a9c91a29c1d680899eff700a03.png]]></image_url>
<num_pages></num_pages>
<work>
<id>1147568</id>
</work>
<isbn>0880016884</isbn>
<isbn13>9780880016889</isbn13>
<average_rating>3.46</average_rating>
<ratings_count>2607</ratings_count>
<publication_year></publication_year>
<publication_month></publication_month>
<publication_day></publication_day>
<authors>
<author>
<id>61088</id>
<name>Esther Freud</name>
<link><![CDATA[https://www.goodreads.com/author/show/61088.Esther_Freud]]></link>
</author>
</authors>
</book>

          <book>
<id>14565</id>
<title><![CDATA[Dangerous Angels (Weetzie Bat, #1-5)]]></title>
<title_without_series>Dangerous Angels</title_without_series>
<link><![CDATA[https://www.goodreads.com/book/show/14565.Dangerous_Angels]]></link>
<small_image_url><![CDATA[https://images.gr-assets.com/books/1166639454s/14565.jpg]]></small_image_url>
<image_url><![CDATA[https://images.gr-assets.com/books/1166639454m/14565.jpg]]></image_url>
<num_pages>478</num_pages>
<work>
<id>990480</id>
</work>
<isbn>0064406970</isbn>
<isbn13>9780064406970</isbn13>
<average_rating>4.27</average_rating>
<ratings_count>7876</ratings_count>
<publication_year></publication_year>
<publication_month></publication_month>
<publication_day></publication_day>
<authors>
<author>
<id>9072</id>
<name>Francesca Lia Block</name>
<link><![CDATA[https://www.goodreads.com/author/show/9072.Francesca_Lia_Block]]></link>
</author>
</authors>
</book>

          <book>
<id>29488</id>
<title>Candy</title>
<title_without_series>Candy</title_without_series>
<link><![CDATA[https://www.goodreads.com/book/show/29488.Candy]]></link>
<small_image_url><![CDATA[https://s.gr-assets.com/assets/nophoto/book/50x75-a91bf249278a81aabab721ef782c4a74.png]]></small_image_url>
<image_url><![CDATA[https://s.gr-assets.com/assets/nophoto/book/111x148-bcc042a9c91a29c1d680899eff700a03.png]]></image_url>
<num_pages>304</num_pages>
<work>
<id>29941</id>
</work>
<isbn>0345423879</isbn>
<isbn13>9780345423870</isbn13>
<average_rating>4.07</average_rating>
<ratings_count>5388</ratings_count>
<publication_year>1998</publication_year>
<publication_month>6</publication_month>
<publication_day>16</publication_day>
<authors>
<author>
<id>16577</id>
<name>Luke Davies</name>
<link><![CDATA[https://www.goodreads.com/author/show/16577.Luke_Davies]]></link>
</author>
</authors>
</book>

          <book>
<id>227603</id>
<title>Prozac Nation</title>
<title_without_series>Prozac Nation</title_without_series>
<link><![CDATA[https://www.goodreads.com/book/show/227603.Prozac_Nation]]></link>
<small_image_url><![CDATA[https://images.gr-assets.com/books/1282607176s/227603.jpg]]></small_image_url>
<image_url><![CDATA[https://images.gr-assets.com/books/1282607176m/227603.jpg]]></image_url>
<num_pages>368</num_pages>
<work>
<id>892616</id>
</work>
<isbn>1573225126</isbn>
<isbn13>9781573225120</isbn13>
<average_rating>3.57</average_rating>
<ratings_count>46803</ratings_count>
<publication_year>1995</publication_year>
<publication_month>10</publication_month>
<publication_day>1</publication_day>
<authors>
<author>
<id>4370</id>
<name>Elizabeth Wurtzel</name>
<link><![CDATA[https://www.goodreads.com/author/show/4370.Elizabeth_Wurtzel]]></link>
</author>
</authors>
</book>

          <book>
<id>41666</id>
<title>Girl (Girl, #1)</title>
<title_without_series>Girl</title_without_series>
<link><![CDATA[https://www.goodreads.com/book/show/41666.Girl]]></link>
<small_image_url><![CDATA[https://s.gr-assets.com/assets/nophoto/book/50x75-a91bf249278a81aabab721ef782c4a74.png]]></small_image_url>
<image_url><![CDATA[https://s.gr-assets.com/assets/nophoto/book/111x148-bcc042a9c91a29c1d680899eff700a03.png]]></image_url>
<num_pages>252</num_pages>
<work>
<id>41207</id>
</work>
<isbn>0671897071</isbn>
<isbn13>9780671897079</isbn13>
<average_rating>3.75</average_rating>
<ratings_count>1992</ratings_count>
<publication_year></publication_year>
<publication_month></publication_month>
<publication_day></publication_day>
<authors>
<author>
<id>10327</id>
<name>Blake Nelson</name>
<link><![CDATA[https://www.goodreads.com/author/show/10327.Blake_Nelson]]></link>
</author>
</authors>
</book>

          <book>
<id>8090909</id>
<title>Moliere: A Biography</title>
<title_without_series>Moliere: A Biography</title_without_series>
<link><![CDATA[https://www.goodreads.com/book/show/8090909-moliere]]></link>
<small_image_url><![CDATA[https://images.gr-assets.com/books/1393215911s/8090909.jpg]]></small_image_url>
<image_url><![CDATA[https://images.gr-assets.com/books/1393215911m/8090909.jpg]]></image_url>
<num_pages></num_pages>
<work>
<id>12836980</id>
</work>
<isbn>0548869707</isbn>
<isbn13>9780548869703</isbn13>
<average_rating>3.71</average_rating>
<ratings_count>133</ratings_count>
<publication_year></publication_year>
<publication_month></publication_month>
<publication_day></publication_day>
<authors>
<author>
<id>3226507</id>
<name><![CDATA[Hobart Chatfield Chatfield-Taylor]]></name>
<link><![CDATA[https://www.goodreads.com/author/show/3226507.Hobart_Chatfield_Chatfield_Taylor]]></link>
</author>
</authors>
</book>

          <book>
<id>581811</id>
<title>Valley of the Dolls</title>
<title_without_series>Valley of the Dolls</title_without_series>
<link><![CDATA[https://www.goodreads.com/book/show/581811.Valley_of_the_Dolls]]></link>
<small_image_url><![CDATA[https://images.gr-assets.com/books/1429239923s/581811.jpg]]></small_image_url>
<image_url><![CDATA[https://images.gr-assets.com/books/1429239923m/581811.jpg]]></image_url>
<num_pages></num_pages>
<work>
<id>1203845</id>
</work>
<isbn>0802135196</isbn>
<isbn13>9780802135193</isbn13>
<average_rating>3.70</average_rating>
<ratings_count>37263</ratings_count>
<publication_year></publication_year>
<publication_month></publication_month>
<publication_day></publication_day>
<authors>
<author>
<id>22485</id>
<name>Jacqueline Susann</name>
<link><![CDATA[https://www.goodreads.com/author/show/22485.Jacqueline_Susann]]></link>
</author>
</authors>
</book>

          <book>
<id>2139</id>
<title>Flesh and Blood</title>
<title_without_series>Flesh and Blood</title_without_series>
<link><![CDATA[https://www.goodreads.com/book/show/2139.Flesh_and_Blood]]></link>
<small_image_url><![CDATA[https://s.gr-assets.com/assets/nophoto/book/50x75-a91bf249278a81aabab721ef782c4a74.png]]></small_image_url>
<image_url><![CDATA[https://s.gr-assets.com/assets/nophoto/book/111x148-bcc042a9c91a29c1d680899eff700a03.png]]></image_url>
<num_pages></num_pages>
<work>
<id>569711</id>
</work>
<isbn>0684874318</isbn>
<isbn13>9780684874319</isbn13>
<average_rating>4.00</average_rating>
<ratings_count>4270</ratings_count>
<publication_year></publication_year>
<publication_month></publication_month>
<publication_day></publication_day>
<authors>
<author>
<id>1432</id>
<name>Michael Cunningham</name>
<link><![CDATA[https://www.goodreads.com/author/show/1432.Michael_Cunningham]]></link>
</author>
</authors>
</book>

          <book>
<id>15374</id>
<title>The Ice Storm</title>
<title_without_series>The Ice Storm</title_without_series>
<link><![CDATA[https://www.goodreads.com/book/show/15374.The_Ice_Storm]]></link>
<small_image_url><![CDATA[https://s.gr-assets.com/assets/nophoto/book/50x75-a91bf249278a81aabab721ef782c4a74.png]]></small_image_url>
<image_url><![CDATA[https://s.gr-assets.com/assets/nophoto/book/111x148-bcc042a9c91a29c1d680899eff700a03.png]]></image_url>
<num_pages>288</num_pages>
<work>
<id>594923</id>
</work>
<isbn>0316706000</isbn>
<isbn13>9780316706001</isbn13>
<average_rating>3.69</average_rating>
<ratings_count>4475</ratings_count>
<publication_year>2002</publication_year>
<publication_month>4</publication_month>
<publication_day>10</publication_day>
<authors>
<author>
<id>2278</id>
<name>Rick Moody</name>
<link><![CDATA[https://www.goodreads.com/author/show/2278.Rick_Moody]]></link>
</author>
</authors>
</book>

          <book>
<id>71047</id>
<title><![CDATA[The Graduate (The Graduate, #1)]]></title>
<title_without_series>The Graduate</title_without_series>
<link><![CDATA[https://www.goodreads.com/book/show/71047.The_Graduate]]></link>
<small_image_url><![CDATA[https://s.gr-assets.com/assets/nophoto/book/50x75-a91bf249278a81aabab721ef782c4a74.png]]></small_image_url>
<image_url><![CDATA[https://s.gr-assets.com/assets/nophoto/book/111x148-bcc042a9c91a29c1d680899eff700a03.png]]></image_url>
<num_pages>272</num_pages>
<work>
<id>1630939</id>
</work>
<isbn>0743456459</isbn>
<isbn13>9780743456456</isbn13>
<average_rating>3.40</average_rating>
<ratings_count>6494</ratings_count>
<publication_year>2002</publication_year>
<publication_month>4</publication_month>
<publication_day>2</publication_day>
<authors>
<author>
<id>40163</id>
<name>Charles Webb</name>
<link><![CDATA[https://www.goodreads.com/author/show/40163.Charles_Webb]]></link>
</author>
</authors>
</book>

          <book>
<id>6501050</id>
<title>An Education</title>
<title_without_series>An Education</title_without_series>
<link><![CDATA[https://www.goodreads.com/book/show/6501050-an-education]]></link>
<small_image_url><![CDATA[https://s.gr-assets.com/assets/nophoto/book/50x75-a91bf249278a81aabab721ef782c4a74.png]]></small_image_url>
<image_url><![CDATA[https://s.gr-assets.com/assets/nophoto/book/111x148-bcc042a9c91a29c1d680899eff700a03.png]]></image_url>
<num_pages>193</num_pages>
<work>
<id>6692590</id>
</work>
<isbn>1594484538</isbn>
<isbn13>9781594484537</isbn13>
<average_rating>3.74</average_rating>
<ratings_count>1490</ratings_count>
<publication_year></publication_year>
<publication_month></publication_month>
<publication_day></publication_day>
<authors>
<author>
<id>2929</id>
<name>Nick Hornby</name>
<link><![CDATA[https://www.goodreads.com/author/show/2929.Nick_Hornby]]></link>
</author>
</authors>
</book>

          <book>
<id>12187</id>
<title><![CDATA[Ada, or Ardor: A Family Chronicle]]></title>
<title_without_series><![CDATA[Ada, or Ardor: A Family Chronicle]]></title_without_series>
<link><![CDATA[https://www.goodreads.com/book/show/12187.Ada_or_Ardor]]></link>
<small_image_url><![CDATA[https://images.gr-assets.com/books/1327867767s/12187.jpg]]></small_image_url>
<image_url><![CDATA[https://images.gr-assets.com/books/1327867767m/12187.jpg]]></image_url>
<num_pages>604</num_pages>
<work>
<id>2138313</id>
</work>
<isbn>0679725229</isbn>
<isbn13>9780679725220</isbn13>
<average_rating>4.16</average_rating>
<ratings_count>7613</ratings_count>
<publication_year>1990</publication_year>
<publication_month>2</publication_month>
<publication_day>19</publication_day>
<authors>
<author>
<id>5152</id>
<name>Vladimir Nabokov</name>
<link><![CDATA[https://www.goodreads.com/author/show/5152.Vladimir_Nabokov]]></link>
</author>
</authors>
</book>

          <book>
<id>28756</id>
<title>The Cheese Monkeys</title>
<title_without_series>The Cheese Monkeys</title_without_series>
<link><![CDATA[https://www.goodreads.com/book/show/28756.The_Cheese_Monkeys]]></link>
<small_image_url><![CDATA[https://s.gr-assets.com/assets/nophoto/book/50x75-a91bf249278a81aabab721ef782c4a74.png]]></small_image_url>
<image_url><![CDATA[https://s.gr-assets.com/assets/nophoto/book/111x148-bcc042a9c91a29c1d680899eff700a03.png]]></image_url>
<num_pages>288</num_pages>
<work>
<id>1363319</id>
</work>
<isbn>0060507403</isbn>
<isbn13>9780060507404</isbn13>
<average_rating>3.75</average_rating>
<ratings_count>5021</ratings_count>
<publication_year>2002</publication_year>
<publication_month>9</publication_month>
<publication_day>3</publication_day>
<authors>
<author>
<id>16114</id>
<name>Chip Kidd</name>
<link><![CDATA[https://www.goodreads.com/author/show/16114.Chip_Kidd]]></link>
</author>
</authors>
</book>

          <book>
<id>488253</id>
<title>My Sister&apos;s Bones</title>
<title_without_series>My Sister&apos;s Bones</title_without_series>
<link><![CDATA[https://www.goodreads.com/book/show/488253.My_Sister_s_Bones]]></link>
<small_image_url><![CDATA[https://images.gr-assets.com/books/1320511298s/488253.jpg]]></small_image_url>
<image_url><![CDATA[https://images.gr-assets.com/books/1320511298m/488253.jpg]]></image_url>
<num_pages>272</num_pages>
<work>
<id>1007233</id>
</work>
<isbn>0385317042</isbn>
<isbn13>9780385317047</isbn13>
<average_rating>3.71</average_rating>
<ratings_count>742</ratings_count>
<publication_year>1997</publication_year>
<publication_month>11</publication_month>
<publication_day>10</publication_day>
<authors>
<author>
<id>39284</id>
<name>Cathi Hanauer</name>
<link><![CDATA[https://www.goodreads.com/author/show/39284.Cathi_Hanauer]]></link>
</author>
</authors>
</book>

          <book>
<id>428</id>
<title>Play It as It Lays</title>
<title_without_series>Play It as It Lays</title_without_series>
<link><![CDATA[https://www.goodreads.com/book/show/428.Play_It_as_It_Lays]]></link>
<small_image_url><![CDATA[https://images.gr-assets.com/books/1327935636s/428.jpg]]></small_image_url>
<image_url><![CDATA[https://images.gr-assets.com/books/1327935636m/428.jpg]]></image_url>
<num_pages>213</num_pages>
<work>
<id>4703</id>
</work>
<isbn>0374529949</isbn>
<isbn13>9780374529949</isbn13>
<average_rating>3.86</average_rating>
<ratings_count>18473</ratings_count>
<publication_year>2005</publication_year>
<publication_month>11</publication_month>
<publication_day>15</publication_day>
<authors>
<author>
<id>238</id>
<name>Joan Didion</name>
<link><![CDATA[https://www.goodreads.com/author/show/238.Joan_Didion]]></link>
</author>
</authors>
</book>

  </similar_books>
</book>

</GoodreadsResponse>