<?xml version="1.0" encoding="UTF-8"?>
<GoodreadsResponse>
  <Request>
    <authentication>true</authentication>
      <key><![CDATA[all_men_must_serve]]></key>
    <method><![CDATA[book_show]]></method>
  </Request>
  <book>
  <id>10960383</id>
  <title>A Grown-Up Kind of Pretty</title>
  <isbn><![CDATA[0446582352]]></isbn>
  <isbn13><![CDATA[9780446582353]]></isbn13>
  <asin><![CDATA[]]></asin>
  <kindle_asin><![CDATA[B00FOT91MA]]></kindle_asin>
  <marketplace_id><![CDATA[A1F83G8C2ARO7P]]></marketplace_id>
  <country_code><![CDATA[GB]]></country_code>
  <image_url>https://images.gr-assets.com/books/1442347366m/10960383.jpg</image_url>
  <small_image_url>https://images.gr-assets.com/books/1442347366s/10960383.jpg</small_image_url>
  <publication_year>2012</publication_year>
  <publication_month>1</publication_month>
  <publication_day>25</publication_day>
  <publisher>Grand Central Publishing</publisher>
  <language_code>eng</language_code>
  <is_ebook>false</is_ebook>
  <description><![CDATA[<i>A Grown-Up Kind Of Pretty</i> is a powerful saga of three generations of women, plagued by hardships and torn by a devastating secret, yet inextricably joined by the bonds of family. <br /><br />Fifteen-year-old Mosey Slocumb-spirited, sassy, and on the cusp of womanhood-is shaken when a small grave is unearthed in the backyard, and determined to figure out why it's there. Liza, her stroke-ravaged mother, is haunted by choices she made as a teenager. But it is Jenny, Mosey's strong and big-hearted grandmother, whose maternal love braids together the strands of the women's shared past--and who will stop at nothing to defend their future.]]></description>
  <work>
  <id type="integer">15878096</id>
  <books_count type="integer">20</books_count>
  <best_book_id type="integer">10960383</best_book_id>
  <reviews_count type="integer">39759</reviews_count>
  <ratings_sum type="integer">62184</ratings_sum>
  <ratings_count type="integer">15828</ratings_count>
  <text_reviews_count type="integer">2073</text_reviews_count>
  <original_publication_year type="integer">2010</original_publication_year>
  <original_publication_month type="integer">10</original_publication_month>
  <original_publication_day type="integer">5</original_publication_day>
  <original_title></original_title>
  <original_language_id type="integer" nil="true"/>
  <media_type>book</media_type>
  <rating_dist>5:4346|4:7154|3:3409|2:692|1:227|total:15828</rating_dist>
  <desc_user_id type="integer">1494330</desc_user_id>
  <default_chaptering_book_id type="integer" nil="true"/>
  <default_description_language_code nil="true"/>
</work>
  <average_rating>3.93</average_rating>
  <num_pages><![CDATA[322]]></num_pages>
  <format><![CDATA[Hardcover]]></format>
  <edition_information><![CDATA[]]></edition_information>
  <ratings_count><![CDATA[14806]]></ratings_count>
  <text_reviews_count><![CDATA[1905]]></text_reviews_count>
  <url><![CDATA[https://www.goodreads.com/book/show/10960383-a-grown-up-kind-of-pretty]]></url>
  <link><![CDATA[https://www.goodreads.com/book/show/10960383-a-grown-up-kind-of-pretty]]></link>
  <authors>
<author>
<id>45915</id>
<name>Joshilyn Jackson</name>
<role></role>
<image_url nophoto='false'>
<![CDATA[https://images.gr-assets.com/authors/1447590446p5/45915.jpg]]>
</image_url>
<small_image_url nophoto='false'>
<![CDATA[https://images.gr-assets.com/authors/1447590446p2/45915.jpg]]>
</small_image_url>
<link><![CDATA[https://www.goodreads.com/author/show/45915.Joshilyn_Jackson]]></link>
<average_rating>3.81</average_rating>
<ratings_count>82565</ratings_count>
<text_reviews_count>10461</text_reviews_count>
</author>
</authors>

    <reviews_widget>
      <![CDATA[
        <style>
  #goodreads-widget {
    font-family: georgia, serif;
    padding: 18px 0;
    width:565px;
  }
  #goodreads-widget h1 {
    font-weight:normal;
    font-size: 16px;
    border-bottom: 1px solid #BBB596;
    margin-bottom: 0;
  }
  #goodreads-widget a {
    text-decoration: none;
    color:#660;
  }
  iframe{
    background-color: #fff;
  }
  #goodreads-widget a:hover { text-decoration: underline; }
  #goodreads-widget a:active {
    color:#660;
  }
  #gr_footer {
    width: 100%;
    border-top: 1px solid #BBB596;
    text-align: right;
  }
  #goodreads-widget .gr_branding{
    color: #382110;
    font-size: 11px;
    text-decoration: none;
    font-family: "Helvetica Neue", Helvetica, Arial, sans-serif;
  }
</style>
<div id="goodreads-widget">
  <div id="gr_header"><h1><a rel="nofollow" href="https://www.goodreads.com/book/show/10960383-a-grown-up-kind-of-pretty">A Grown-Up Kind of Pretty Reviews</a></h1></div>
  <iframe id="the_iframe" src="https://www.goodreads.com/api/reviews_widget_iframe?did=DEVELOPER_ID&amp;format=html&amp;isbn=0446582352&amp;links=660&amp;min_rating=&amp;review_back=fff&amp;stars=000&amp;text=000" width="565" height="400" frameborder="0"></iframe>
  <div id="gr_footer">
    <a class="gr_branding" target="_blank" rel="nofollow" href="https://www.goodreads.com/book/show/10960383-a-grown-up-kind-of-pretty?utm_medium=api&amp;utm_source=reviews_widget">Reviews from Goodreads.com</a>
  </div>
</div>

      ]]>
    </reviews_widget>
  <popular_shelves>
      <shelf name="to-read" count="22050"/>
      <shelf name="fiction" count="317"/>
      <shelf name="currently-reading" count="258"/>
      <shelf name="chick-lit" count="142"/>
      <shelf name="book-club" count="99"/>
      <shelf name="favorites" count="90"/>
      <shelf name="audio" count="79"/>
      <shelf name="southern" count="68"/>
      <shelf name="mystery" count="65"/>
      <shelf name="audiobook" count="61"/>
      <shelf name="audiobooks" count="58"/>
      <shelf name="southern-fiction" count="58"/>
      <shelf name="library" count="54"/>
      <shelf name="contemporary" count="47"/>
      <shelf name="adult-fiction" count="40"/>
      <shelf name="adult" count="39"/>
      <shelf name="audio-books" count="38"/>
      <shelf name="read-in-2012" count="38"/>
      <shelf name="kindle" count="37"/>
      <shelf name="contemporary-fiction" count="32"/>
      <shelf name="southern-lit" count="30"/>
      <shelf name="family" count="27"/>
      <shelf name="women-s-fiction" count="26"/>
      <shelf name="audible" count="25"/>
      <shelf name="general-fiction" count="25"/>
      <shelf name="wish-list" count="24"/>
      <shelf name="womens-fiction" count="23"/>
      <shelf name="books-i-own" count="20"/>
      <shelf name="audio-book" count="20"/>
      <shelf name="family-relationships" count="18"/>
      <shelf name="bookclub" count="17"/>
      <shelf name="joshilyn-jackson" count="16"/>
      <shelf name="mississippi" count="15"/>
      <shelf name="realistic-fiction" count="14"/>
      <shelf name="read-2012" count="14"/>
      <shelf name="owned" count="13"/>
      <shelf name="read-in-2013" count="13"/>
      <shelf name="novels" count="13"/>
      <shelf name="2012-reads" count="13"/>
      <shelf name="2012-books" count="13"/>
      <shelf name="read-in-2014" count="12"/>
      <shelf name="read-2013" count="12"/>
      <shelf name="chicklit" count="12"/>
      <shelf name="to-buy" count="12"/>
      <shelf name="owned-books" count="11"/>
      <shelf name="did-not-finish" count="11"/>
      <shelf name="drama" count="11"/>
      <shelf name="coming-of-age" count="11"/>
      <shelf name="favorite-authors" count="10"/>
      <shelf name="romance" count="10"/>
      <shelf name="listened-to" count="10"/>
      <shelf name="library-book" count="10"/>
      <shelf name="book-club-books" count="10"/>
      <shelf name="overdrive" count="10"/>
      <shelf name="abandoned" count="9"/>
      <shelf name="ebooks" count="9"/>
      <shelf name="mothers-and-daughters" count="8"/>
      <shelf name="own-it" count="8"/>
      <shelf name="2013-read" count="8"/>
      <shelf name="nook" count="8"/>
      <shelf name="chic-lit" count="8"/>
      <shelf name="books-read-in-2012" count="8"/>
      <shelf name="family-drama" count="8"/>
      <shelf name="arc" count="8"/>
      <shelf name="novel" count="7"/>
      <shelf name="library-books" count="7"/>
      <shelf name="southern-literature" count="7"/>
      <shelf name="teenage-pregnancy" count="7"/>
      <shelf name="women" count="7"/>
      <shelf name="relationships" count="7"/>
      <shelf name="ebook" count="7"/>
      <shelf name="the-south" count="7"/>
      <shelf name="read-in-2017" count="6"/>
      <shelf name="read-2016" count="6"/>
      <shelf name="2014-books" count="6"/>
      <shelf name="recommended" count="6"/>
      <shelf name="2013-reads" count="6"/>
      <shelf name="2013-books" count="6"/>
      <shelf name="my-books" count="6"/>
      <shelf name="didn-t-finish" count="6"/>
      <shelf name="mothers" count="6"/>
      <shelf name="american" count="6"/>
      <shelf name="historical-fiction" count="6"/>
      <shelf name="fiction-to-read" count="6"/>
      <shelf name="on-my-kindle" count="6"/>
      <shelf name="to-read-fiction" count="6"/>
      <shelf name="literary-fiction" count="6"/>
      <shelf name="want-to-read" count="6"/>
      <shelf name="i-own" count="6"/>
      <shelf name="jackson-joshilyn" count="5"/>
      <shelf name="drug-addiction" count="5"/>
      <shelf name="read-in-2015" count="5"/>
      <shelf name="mystery-suspense" count="5"/>
      <shelf name="ya" count="5"/>
      <shelf name="couldn-t-finish" count="5"/>
      <shelf name="gcac" count="5"/>
      <shelf name="kidnapping" count="5"/>
      <shelf name="book-group" count="5"/>
      <shelf name="on-kindle" count="5"/>
      <shelf name="listened" count="5"/>
  </popular_shelves>
  <book_links>
    <book_link>
  <id>8</id>
  <name>Libraries</name>
  <link>https://www.goodreads.com/book_link/follow/8</link>
</book_link>

  </book_links>
  <buy_links>
    <buy_link>
<id>1</id>
<name>Amazon</name>
<link>https://www.goodreads.com/book_link/follow/1</link>
</buy_link>
<buy_link>
<id>10</id>
<name>Audible</name>
<link>https://www.goodreads.com/book_link/follow/10</link>
</buy_link>
<buy_link>
<id>3</id>
<name>Barnes &amp; Noble</name>
<link>https://www.goodreads.com/book_link/follow/3</link>
</buy_link>
<buy_link>
<id>1027</id>
<name>Kobo</name>
<link>https://www.goodreads.com/book_link/follow/1027</link>
</buy_link>
<buy_link>
<id>2102</id>
<name>Apple iBooks</name>
<link>https://www.goodreads.com/book_link/follow/2102</link>
</buy_link>
<buy_link>
<id>8036</id>
<name>Google Play</name>
<link>https://www.goodreads.com/book_link/follow/8036</link>
</buy_link>
<buy_link>
<id>4</id>
<name>Abebooks</name>
<link>https://www.goodreads.com/book_link/follow/4</link>
</buy_link>
<buy_link>
<id>882</id>
<name>Book Depository</name>
<link>https://www.goodreads.com/book_link/follow/882</link>
</buy_link>
<buy_link>
<id>9</id>
<name>Indigo</name>
<link>https://www.goodreads.com/book_link/follow/9</link>
</buy_link>
<buy_link>
<id>2</id>
<name>Half.com</name>
<link>https://www.goodreads.com/book_link/follow/2</link>
</buy_link>
<buy_link>
<id>5</id>
<name>Alibris</name>
<link>https://www.goodreads.com/book_link/follow/5</link>
</buy_link>
<buy_link>
<id>107</id>
<name>Better World Books</name>
<link>https://www.goodreads.com/book_link/follow/107</link>
</buy_link>
<buy_link>
<id>7</id>
<name>IndieBound</name>
<link>https://www.goodreads.com/book_link/follow/7</link>
</buy_link>

  </buy_links>
  <series_works>
    
  </series_works>
  <similar_books>
          <book>
<id>13158772</id>
<title>What Happened to Hannah</title>
<title_without_series>What Happened to Hannah</title_without_series>
<link><![CDATA[https://www.goodreads.com/book/show/13158772-what-happened-to-hannah]]></link>
<small_image_url><![CDATA[https://images.gr-assets.com/books/1327948834s/13158772.jpg]]></small_image_url>
<image_url><![CDATA[https://images.gr-assets.com/books/1327948834m/13158772.jpg]]></image_url>
<num_pages>352</num_pages>
<work>
<id>18219626</id>
</work>
<isbn>006208478X</isbn>
<isbn13>9780062084781</isbn13>
<average_rating>3.51</average_rating>
<ratings_count>1173</ratings_count>
<publication_year>2012</publication_year>
<publication_month>2</publication_month>
<publication_day>7</publication_day>
<authors>
<author>
<id>53687</id>
<name>Mary Kay McComas</name>
<link><![CDATA[https://www.goodreads.com/author/show/53687.Mary_Kay_McComas]]></link>
</author>
</authors>
</book>

          <book>
<id>12095716</id>
<title>The Lost Saints of Tennessee</title>
<title_without_series>The Lost Saints of Tennessee</title_without_series>
<link><![CDATA[https://www.goodreads.com/book/show/12095716-the-lost-saints-of-tennessee]]></link>
<small_image_url><![CDATA[https://images.gr-assets.com/books/1327966328s/12095716.jpg]]></small_image_url>
<image_url><![CDATA[https://images.gr-assets.com/books/1327966328m/12095716.jpg]]></image_url>
<num_pages>343</num_pages>
<work>
<id>17064267</id>
</work>
<isbn>0802120059</isbn>
<isbn13>9780802120052</isbn13>
<average_rating>3.80</average_rating>
<ratings_count>1143</ratings_count>
<publication_year></publication_year>
<publication_month></publication_month>
<publication_day></publication_day>
<authors>
<author>
<id>5057169</id>
<name>Amy Franklin-Willis</name>
<link><![CDATA[https://www.goodreads.com/author/show/5057169.Amy_Franklin_Willis]]></link>
</author>
</authors>
</book>

          <book>
<id>1292314</id>
<title>The Rock Orchard</title>
<title_without_series>The Rock Orchard</title_without_series>
<link><![CDATA[https://www.goodreads.com/book/show/1292314.The_Rock_Orchard]]></link>
<small_image_url><![CDATA[https://s.gr-assets.com/assets/nophoto/book/50x75-a91bf249278a81aabab721ef782c4a74.png]]></small_image_url>
<image_url><![CDATA[https://s.gr-assets.com/assets/nophoto/book/111x148-bcc042a9c91a29c1d680899eff700a03.png]]></image_url>
<num_pages>244</num_pages>
<work>
<id>1281409</id>
</work>
<isbn>0743496205</isbn>
<isbn13>9780743496209</isbn13>
<average_rating>3.86</average_rating>
<ratings_count>992</ratings_count>
<publication_year>2005</publication_year>
<publication_month>2</publication_month>
<publication_day>1</publication_day>
<authors>
<author>
<id>127545</id>
<name>Paula Wall</name>
<link><![CDATA[https://www.goodreads.com/author/show/127545.Paula_Wall]]></link>
</author>
</authors>
</book>

          <book>
<id>2895025</id>
<title>Tomato Girl: A Novel</title>
<title_without_series>Tomato Girl: A Novel</title_without_series>
<link><![CDATA[https://www.goodreads.com/book/show/2895025-tomato-girl]]></link>
<small_image_url><![CDATA[https://images.gr-assets.com/books/1404580550s/2895025.jpg]]></small_image_url>
<image_url><![CDATA[https://images.gr-assets.com/books/1404580550m/2895025.jpg]]></image_url>
<num_pages>298</num_pages>
<work>
<id>2921395</id>
</work>
<isbn>1565124723</isbn>
<isbn13>9781565124721</isbn13>
<average_rating>3.82</average_rating>
<ratings_count>1021</ratings_count>
<publication_year></publication_year>
<publication_month></publication_month>
<publication_day></publication_day>
<authors>
<author>
<id>1140148</id>
<name>Jayne Pupek</name>
<link><![CDATA[https://www.goodreads.com/author/show/1140148.Jayne_Pupek]]></link>
</author>
</authors>
</book>

          <book>
<id>12369529</id>
<title><![CDATA[A Teeny Bit of Trouble (Teeny Templeton Mysteries)]]></title>
<title_without_series>A Teeny Bit of Trouble</title_without_series>
<link><![CDATA[https://www.goodreads.com/book/show/12369529-a-teeny-bit-of-trouble]]></link>
<small_image_url><![CDATA[https://s.gr-assets.com/assets/nophoto/book/50x75-a91bf249278a81aabab721ef782c4a74.png]]></small_image_url>
<image_url><![CDATA[https://s.gr-assets.com/assets/nophoto/book/111x148-bcc042a9c91a29c1d680899eff700a03.png]]></image_url>
<num_pages>330</num_pages>
<work>
<id>17349824</id>
</work>
<isbn>0312571232</isbn>
<isbn13>9780312571238</isbn13>
<average_rating>3.61</average_rating>
<ratings_count>953</ratings_count>
<publication_year></publication_year>
<publication_month></publication_month>
<publication_day></publication_day>
<authors>
<author>
<id>126453</id>
<name>Michael Lee West</name>
<link><![CDATA[https://www.goodreads.com/author/show/126453.Michael_Lee_West]]></link>
</author>
</authors>
</book>

          <book>
<id>7501457</id>
<title>How High the Moon</title>
<title_without_series>How High the Moon</title_without_series>
<link><![CDATA[https://www.goodreads.com/book/show/7501457-how-high-the-moon]]></link>
<small_image_url><![CDATA[https://images.gr-assets.com/books/1320462047s/7501457.jpg]]></small_image_url>
<image_url><![CDATA[https://images.gr-assets.com/books/1320462047m/7501457.jpg]]></image_url>
<num_pages>368</num_pages>
<work>
<id>9671790</id>
</work>
<isbn>0385341210</isbn>
<isbn13>9780385341219</isbn13>
<average_rating>3.98</average_rating>
<ratings_count>1208</ratings_count>
<publication_year>2010</publication_year>
<publication_month>4</publication_month>
<publication_day>6</publication_day>
<authors>
<author>
<id>125664</id>
<name>Sandra Kring</name>
<link><![CDATA[https://www.goodreads.com/author/show/125664.Sandra_Kring]]></link>
</author>
</authors>
</book>

          <book>
<id>9852484</id>
<title>Summer in the South</title>
<title_without_series>Summer in the South</title_without_series>
<link><![CDATA[https://www.goodreads.com/book/show/9852484-summer-in-the-south]]></link>
<small_image_url><![CDATA[https://images.gr-assets.com/books/1320492573s/9852484.jpg]]></small_image_url>
<image_url><![CDATA[https://images.gr-assets.com/books/1320492573m/9852484.jpg]]></image_url>
<num_pages>340</num_pages>
<work>
<id>14743559</id>
</work>
<isbn>0345506014</isbn>
<isbn13>9780345506016</isbn13>
<average_rating>3.58</average_rating>
<ratings_count>1886</ratings_count>
<publication_year>2011</publication_year>
<publication_month>5</publication_month>
<publication_day>24</publication_day>
<authors>
<author>
<id>79949</id>
<name>Cathy Holton</name>
<link><![CDATA[https://www.goodreads.com/author/show/79949.Cathy_Holton]]></link>
</author>
</authors>
</book>

          <book>
<id>12266258</id>
<title>Losing Clementine</title>
<title_without_series>Losing Clementine</title_without_series>
<link><![CDATA[https://www.goodreads.com/book/show/12266258-losing-clementine]]></link>
<small_image_url><![CDATA[https://images.gr-assets.com/books/1314156971s/12266258.jpg]]></small_image_url>
<image_url><![CDATA[https://images.gr-assets.com/books/1314156971m/12266258.jpg]]></image_url>
<num_pages>320</num_pages>
<work>
<id>17241342</id>
</work>
<isbn>0062093630</isbn>
<isbn13>9780062093639</isbn13>
<average_rating>3.68</average_rating>
<ratings_count>685</ratings_count>
<publication_year>2012</publication_year>
<publication_month>3</publication_month>
<publication_day>6</publication_day>
<authors>
<author>
<id>5101681</id>
<name>Ashley Ream</name>
<link><![CDATA[https://www.goodreads.com/author/show/5101681.Ashley_Ream]]></link>
</author>
</authors>
</book>

          <book>
<id>7912609</id>
<title>The Gilly Salt Sisters</title>
<title_without_series>The Gilly Salt Sisters</title_without_series>
<link><![CDATA[https://www.goodreads.com/book/show/7912609-the-gilly-salt-sisters]]></link>
<small_image_url><![CDATA[https://images.gr-assets.com/books/1301255425s/7912609.jpg]]></small_image_url>
<image_url><![CDATA[https://images.gr-assets.com/books/1301255425m/7912609.jpg]]></image_url>
<num_pages>370</num_pages>
<work>
<id>11194435</id>
</work>
<isbn>0446194239</isbn>
<isbn13>9780446194235</isbn13>
<average_rating>3.40</average_rating>
<ratings_count>2866</ratings_count>
<publication_year>2012</publication_year>
<publication_month>3</publication_month>
<publication_day>14</publication_day>
<authors>
<author>
<id>1373474</id>
<name>Tiffany Baker</name>
<link><![CDATA[https://www.goodreads.com/author/show/1373474.Tiffany_Baker]]></link>
</author>
</authors>
</book>

          <book>
<id>9035963</id>
<title>The Tender Mercy of Roses</title>
<title_without_series>The Tender Mercy of Roses</title_without_series>
<link><![CDATA[https://www.goodreads.com/book/show/9035963-the-tender-mercy-of-roses]]></link>
<small_image_url><![CDATA[https://images.gr-assets.com/books/1300318906s/9035963.jpg]]></small_image_url>
<image_url><![CDATA[https://images.gr-assets.com/books/1300318906m/9035963.jpg]]></image_url>
<num_pages>336</num_pages>
<work>
<id>13913685</id>
</work>
<isbn>1439180997</isbn>
<isbn13>9781439180990</isbn13>
<average_rating>3.70</average_rating>
<ratings_count>227</ratings_count>
<publication_year>2011</publication_year>
<publication_month>5</publication_month>
<publication_day>17</publication_day>
<authors>
<author>
<id>737611</id>
<name>Anna Michaels</name>
<link><![CDATA[https://www.goodreads.com/author/show/737611.Anna_Michaels]]></link>
</author>
</authors>
</book>

          <book>
<id>178759</id>
<title>One Mississippi</title>
<title_without_series>One Mississippi</title_without_series>
<link><![CDATA[https://www.goodreads.com/book/show/178759.One_Mississippi]]></link>
<small_image_url><![CDATA[https://s.gr-assets.com/assets/nophoto/book/50x75-a91bf249278a81aabab721ef782c4a74.png]]></small_image_url>
<image_url><![CDATA[https://s.gr-assets.com/assets/nophoto/book/111x148-bcc042a9c91a29c1d680899eff700a03.png]]></image_url>
<num_pages>400</num_pages>
<work>
<id>172698</id>
</work>
<isbn>0316012114</isbn>
<isbn13>9780316012119</isbn13>
<average_rating>3.69</average_rating>
<ratings_count>3666</ratings_count>
<publication_year>2007</publication_year>
<publication_month>9</publication_month>
<publication_day>19</publication_day>
<authors>
<author>
<id>104125</id>
<name>Mark Childress</name>
<link><![CDATA[https://www.goodreads.com/author/show/104125.Mark_Childress]]></link>
</author>
</authors>
</book>

          <book>
<id>26653</id>
<title>The Coal Tattoo</title>
<title_without_series>The Coal Tattoo</title_without_series>
<link><![CDATA[https://www.goodreads.com/book/show/26653.The_Coal_Tattoo]]></link>
<small_image_url><![CDATA[https://s.gr-assets.com/assets/nophoto/book/50x75-a91bf249278a81aabab721ef782c4a74.png]]></small_image_url>
<image_url><![CDATA[https://s.gr-assets.com/assets/nophoto/book/111x148-bcc042a9c91a29c1d680899eff700a03.png]]></image_url>
<num_pages>368</num_pages>
<work>
<id>1134861</id>
</work>
<isbn>0345480058</isbn>
<isbn13>9780345480057</isbn13>
<average_rating>4.04</average_rating>
<ratings_count>1591</ratings_count>
<publication_year>2005</publication_year>
<publication_month>8</publication_month>
<publication_day>30</publication_day>
<authors>
<author>
<id>13978</id>
<name>Silas House</name>
<link><![CDATA[https://www.goodreads.com/author/show/13978.Silas_House]]></link>
</author>
</authors>
</book>

          <book>
<id>2123911</id>
<title>Driving Sideways</title>
<title_without_series>Driving Sideways</title_without_series>
<link><![CDATA[https://www.goodreads.com/book/show/2123911.Driving_Sideways]]></link>
<small_image_url><![CDATA[https://images.gr-assets.com/books/1320408709s/2123911.jpg]]></small_image_url>
<image_url><![CDATA[https://images.gr-assets.com/books/1320408709m/2123911.jpg]]></image_url>
<num_pages>352</num_pages>
<work>
<id>2129351</id>
</work>
<isbn>0345501101</isbn>
<isbn13>9780345501103</isbn13>
<average_rating>3.63</average_rating>
<ratings_count>1271</ratings_count>
<publication_year>2008</publication_year>
<publication_month>5</publication_month>
<publication_day>20</publication_day>
<authors>
<author>
<id>966756</id>
<name>Jess Riley</name>
<link><![CDATA[https://www.goodreads.com/author/show/966756.Jess_Riley]]></link>
</author>
</authors>
</book>

          <book>
<id>12109074</id>
<title>Four of a Kind</title>
<title_without_series>Four of a Kind</title_without_series>
<link><![CDATA[https://www.goodreads.com/book/show/12109074-four-of-a-kind]]></link>
<small_image_url><![CDATA[https://images.gr-assets.com/books/1333577672s/12109074.jpg]]></small_image_url>
<image_url><![CDATA[https://images.gr-assets.com/books/1333577672m/12109074.jpg]]></image_url>
<num_pages>344</num_pages>
<work>
<id>17078117</id>
</work>
<isbn>034552540X</isbn>
<isbn13>9780345525406</isbn13>
<average_rating>3.42</average_rating>
<ratings_count>1773</ratings_count>
<publication_year>2012</publication_year>
<publication_month>2</publication_month>
<publication_day>7</publication_day>
<authors>
<author>
<id>93434</id>
<name>Valerie Frankel</name>
<link><![CDATA[https://www.goodreads.com/author/show/93434.Valerie_Frankel]]></link>
</author>
</authors>
</book>

          <book>
<id>10283872</id>
<title>The Beach Trees</title>
<title_without_series>The Beach Trees</title_without_series>
<link><![CDATA[https://www.goodreads.com/book/show/10283872-the-beach-trees]]></link>
<small_image_url><![CDATA[https://images.gr-assets.com/books/1311704231s/10283872.jpg]]></small_image_url>
<image_url><![CDATA[https://images.gr-assets.com/books/1311704231m/10283872.jpg]]></image_url>
<num_pages>432</num_pages>
<work>
<id>15185234</id>
</work>
<isbn>0451233077</isbn>
<isbn13>9780451233073</isbn13>
<average_rating>4.02</average_rating>
<ratings_count>9959</ratings_count>
<publication_year>2011</publication_year>
<publication_month>5</publication_month>
<publication_day>3</publication_day>
<authors>
<author>
<id>160033</id>
<name>Karen   White</name>
<link><![CDATA[https://www.goodreads.com/author/show/160033.Karen_White]]></link>
</author>
</authors>
</book>

          <book>
<id>1270360</id>
<title><![CDATA[Looking for Salvation at the Dairy Queen]]></title>
<title_without_series><![CDATA[Looking for Salvation at the Dairy Queen]]></title_without_series>
<link><![CDATA[https://www.goodreads.com/book/show/1270360.Looking_for_Salvation_at_the_Dairy_Queen]]></link>
<small_image_url><![CDATA[https://s.gr-assets.com/assets/nophoto/book/50x75-a91bf249278a81aabab721ef782c4a74.png]]></small_image_url>
<image_url><![CDATA[https://s.gr-assets.com/assets/nophoto/book/111x148-bcc042a9c91a29c1d680899eff700a03.png]]></image_url>
<num_pages>293</num_pages>
<work>
<id>1259287</id>
</work>
<isbn>0307395014</isbn>
<isbn13>9780307395016</isbn13>
<average_rating>3.71</average_rating>
<ratings_count>8803</ratings_count>
<publication_year>2008</publication_year>
<publication_month>2</publication_month>
<publication_day>12</publication_day>
<authors>
<author>
<id>611750</id>
<name>Susan Gregg Gilmore</name>
<link><![CDATA[https://www.goodreads.com/author/show/611750.Susan_Gregg_Gilmore]]></link>
</author>
</authors>
</book>

          <book>
<id>16058610</id>
<title>Whistling Past the Graveyard</title>
<title_without_series>Whistling Past the Graveyard</title_without_series>
<link><![CDATA[https://www.goodreads.com/book/show/16058610-whistling-past-the-graveyard]]></link>
<small_image_url><![CDATA[https://images.gr-assets.com/books/1360518751s/16058610.jpg]]></small_image_url>
<image_url><![CDATA[https://images.gr-assets.com/books/1360518751m/16058610.jpg]]></image_url>
<num_pages>307</num_pages>
<work>
<id>21845047</id>
</work>
<isbn>1476707723</isbn>
<isbn13>9781476707723</isbn13>
<average_rating>4.04</average_rating>
<ratings_count>22284</ratings_count>
<publication_year>2013</publication_year>
<publication_month>7</publication_month>
<publication_day>2</publication_day>
<authors>
<author>
<id>161149</id>
<name>Susan Crandall</name>
<link><![CDATA[https://www.goodreads.com/author/show/161149.Susan_Crandall]]></link>
</author>
</authors>
</book>

          <book>
<id>11737280</id>
<title>Hand Me Down</title>
<title_without_series>Hand Me Down</title_without_series>
<link><![CDATA[https://www.goodreads.com/book/show/11737280-hand-me-down]]></link>
<small_image_url><![CDATA[https://s.gr-assets.com/assets/nophoto/book/50x75-a91bf249278a81aabab721ef782c4a74.png]]></small_image_url>
<image_url><![CDATA[https://s.gr-assets.com/assets/nophoto/book/111x148-bcc042a9c91a29c1d680899eff700a03.png]]></image_url>
<num_pages>308</num_pages>
<work>
<id>16686466</id>
</work>
<isbn>0525952683</isbn>
<isbn13>9780525952688</isbn13>
<average_rating>3.62</average_rating>
<ratings_count>662</ratings_count>
<publication_year>2012</publication_year>
<publication_month>4</publication_month>
<publication_day>12</publication_day>
<authors>
<author>
<id>5256952</id>
<name>Melanie Thorne</name>
<link><![CDATA[https://www.goodreads.com/author/show/5256952.Melanie_Thorne]]></link>
</author>
</authors>
</book>

  </similar_books>
</book>

</GoodreadsResponse>