<?xml version="1.0" encoding="UTF-8"?>
<GoodreadsResponse>
  <Request>
    <authentication>true</authentication>
      <key><![CDATA[all_men_must_serve]]></key>
    <method><![CDATA[book_show]]></method>
  </Request>
  <book>
  <id>10964</id>
  <title>Outlander (Outlander, #1)</title>
  <isbn><![CDATA[0440242940]]></isbn>
  <isbn13><![CDATA[9780440242949]]></isbn13>
  <asin><![CDATA[]]></asin>
  <kindle_asin><![CDATA[B005E87VRS]]></kindle_asin>
  <marketplace_id><![CDATA[A1F83G8C2ARO7P]]></marketplace_id>
  <country_code><![CDATA[GB]]></country_code>
  <image_url>https://images.gr-assets.com/books/1402600310m/10964.jpg</image_url>
  <small_image_url>https://images.gr-assets.com/books/1402600310s/10964.jpg</small_image_url>
  <publication_year>2005</publication_year>
  <publication_month>7</publication_month>
  <publication_day>26</publication_day>
  <publisher>Dell Publishing Company</publisher>
  <language_code>eng</language_code>
  <is_ebook>false</is_ebook>
  <description><![CDATA[The year is 1945. Claire Randall, a former combat nurse, is just back from the war and reunited with her husband on a second honeymoon when she walks through a standing stone in one of the ancient circles that dot the British Isles. Suddenly she is a Sassenach—an “outlander”—in a Scotland torn by war and raiding border clans in the year of Our Lord...1743.<br /><br />Hurled back in time by forces she cannot understand, Claire is catapulted into the intrigues of lairds and spies that may threaten her life, and shatter her heart. For here James Fraser, a gallant young Scots warrior, shows her a love so absolute that Claire becomes a woman torn between fidelity and desire—and between two vastly different men in two irreconcilable lives.]]></description>
  <work>
  <id type="integer">2489796</id>
  <books_count type="integer">189</books_count>
  <best_book_id type="integer">10964</best_book_id>
  <reviews_count type="integer">979301</reviews_count>
  <ratings_sum type="integer">2436643</ratings_sum>
  <ratings_count type="integer">579498</ratings_count>
  <text_reviews_count type="integer">36738</text_reviews_count>
  <original_publication_year type="integer">1991</original_publication_year>
  <original_publication_month type="integer">6</original_publication_month>
  <original_publication_day type="integer">1</original_publication_day>
  <original_title>Outlander</original_title>
  <original_language_id type="integer" nil="true"/>
  <media_type>book</media_type>
  <rating_dist>5:310306|4:147269|3:73206|2:27702|1:21015|total:579498</rating_dist>
  <desc_user_id type="integer">5020616</desc_user_id>
  <default_chaptering_book_id type="integer">10964</default_chaptering_book_id>
  <default_description_language_code nil="true"/>
</work>
  <average_rating>4.20</average_rating>
  <num_pages><![CDATA[850]]></num_pages>
  <format><![CDATA[Mass Market Paperback]]></format>
  <edition_information><![CDATA[]]></edition_information>
  <ratings_count><![CDATA[516112]]></ratings_count>
  <text_reviews_count><![CDATA[29862]]></text_reviews_count>
  <url><![CDATA[https://www.goodreads.com/book/show/10964.Outlander]]></url>
  <link><![CDATA[https://www.goodreads.com/book/show/10964.Outlander]]></link>
  <authors>
<author>
<id>3617</id>
<name>Diana Gabaldon</name>
<role></role>
<image_url nophoto='false'>
<![CDATA[https://images.gr-assets.com/authors/1213918339p5/3617.jpg]]>
</image_url>
<small_image_url nophoto='false'>
<![CDATA[https://images.gr-assets.com/authors/1213918339p2/3617.jpg]]>
</small_image_url>
<link><![CDATA[https://www.goodreads.com/author/show/3617.Diana_Gabaldon]]></link>
<average_rating>4.25</average_rating>
<ratings_count>1708095</ratings_count>
<text_reviews_count>96995</text_reviews_count>
</author>
</authors>

    <reviews_widget>
      <![CDATA[
        <style>
  #goodreads-widget {
    font-family: georgia, serif;
    padding: 18px 0;
    width:565px;
  }
  #goodreads-widget h1 {
    font-weight:normal;
    font-size: 16px;
    border-bottom: 1px solid #BBB596;
    margin-bottom: 0;
  }
  #goodreads-widget a {
    text-decoration: none;
    color:#660;
  }
  iframe{
    background-color: #fff;
  }
  #goodreads-widget a:hover { text-decoration: underline; }
  #goodreads-widget a:active {
    color:#660;
  }
  #gr_footer {
    width: 100%;
    border-top: 1px solid #BBB596;
    text-align: right;
  }
  #goodreads-widget .gr_branding{
    color: #382110;
    font-size: 11px;
    text-decoration: none;
    font-family: "Helvetica Neue", Helvetica, Arial, sans-serif;
  }
</style>
<div id="goodreads-widget">
  <div id="gr_header"><h1><a rel="nofollow" href="https://www.goodreads.com/book/show/10964.Outlander">Outlander Reviews</a></h1></div>
  <iframe id="the_iframe" src="https://www.goodreads.com/api/reviews_widget_iframe?did=DEVELOPER_ID&amp;format=html&amp;isbn=0440242940&amp;links=660&amp;min_rating=&amp;review_back=fff&amp;stars=000&amp;text=000" width="565" height="400" frameborder="0"></iframe>
  <div id="gr_footer">
    <a class="gr_branding" target="_blank" rel="nofollow" href="https://www.goodreads.com/book/show/10964.Outlander?utm_medium=api&amp;utm_source=reviews_widget">Reviews from Goodreads.com</a>
  </div>
</div>

      ]]>
    </reviews_widget>
  <popular_shelves>
      <shelf name="to-read" count="21272"/>
      <shelf name="historical-fiction" count="8429"/>
      <shelf name="favorites" count="8122"/>
      <shelf name="romance" count="6193"/>
      <shelf name="fantasy" count="5077"/>
      <shelf name="fiction" count="3770"/>
      <shelf name="time-travel" count="2935"/>
      <shelf name="historical" count="2716"/>
      <shelf name="currently-reading" count="2178"/>
      <shelf name="historical-romance" count="1791"/>
      <shelf name="series" count="1551"/>
      <shelf name="owned" count="945"/>
      <shelf name="adult" count="893"/>
      <shelf name="kindle" count="876"/>
      <shelf name="scotland" count="671"/>
      <shelf name="diana-gabaldon" count="626"/>
      <shelf name="audiobook" count="622"/>
      <shelf name="book-club" count="549"/>
      <shelf name="dnf" count="545"/>
      <shelf name="adventure" count="541"/>
      <shelf name="favourites" count="537"/>
      <shelf name="audiobooks" count="531"/>
      <shelf name="science-fiction" count="526"/>
      <shelf name="history" count="459"/>
      <shelf name="adult-fiction" count="444"/>
      <shelf name="did-not-finish" count="441"/>
      <shelf name="owned-books" count="422"/>
      <shelf name="abandoned" count="413"/>
      <shelf name="audible" count="400"/>
      <shelf name="sci-fi" count="395"/>
      <shelf name="audio" count="395"/>
      <shelf name="ebook" count="363"/>
      <shelf name="read-in-2014" count="333"/>
      <shelf name="read-in-2015" count="323"/>
      <shelf name="library" count="308"/>
      <shelf name="re-read" count="297"/>
      <shelf name="outlander-series" count="296"/>
      <shelf name="paranormal" count="292"/>
      <shelf name="ebooks" count="291"/>
      <shelf name="to-buy" count="291"/>
      <shelf name="all-time-favorites" count="278"/>
      <shelf name="read-in-2016" count="247"/>
      <shelf name="sci-fi-fantasy" count="241"/>
      <shelf name="didn-t-finish" count="218"/>
      <shelf name="default" count="209"/>
      <shelf name="audio-books" count="209"/>
      <shelf name="favorite" count="204"/>
      <shelf name="on-hold" count="202"/>
      <shelf name="unfinished" count="200"/>
      <shelf name="read-2014" count="188"/>
      <shelf name="i-own" count="182"/>
      <shelf name="tbr" count="182"/>
      <shelf name="my-books" count="178"/>
      <shelf name="favorite-books" count="176"/>
      <shelf name="read-2015" count="174"/>
      <shelf name="novels" count="174"/>
      <shelf name="audio-book" count="172"/>
      <shelf name="5-stars" count="171"/>
      <shelf name="séries" count="165"/>
      <shelf name="fantasy-sci-fi" count="164"/>
      <shelf name="wish-list" count="164"/>
      <shelf name="18th-century" count="160"/>
      <shelf name="highlander" count="158"/>
      <shelf name="couldn-t-finish" count="155"/>
      <shelf name="e-book" count="155"/>
      <shelf name="own-it" count="154"/>
      <shelf name="maybe" count="140"/>
      <shelf name="historical-fantasy" count="139"/>
      <shelf name="drama" count="138"/>
      <shelf name="nook" count="136"/>
      <shelf name="highlanders" count="134"/>
      <shelf name="gave-up-on" count="130"/>
      <shelf name="books-i-own" count="127"/>
      <shelf name="paranormal-romance" count="127"/>
      <shelf name="shelfari-favorites" count="127"/>
      <shelf name="magic" count="123"/>
      <shelf name="e-books" count="122"/>
      <shelf name="romance-historical" count="116"/>
      <shelf name="supernatural" count="116"/>
      <shelf name="gabaldon" count="115"/>
      <shelf name="kindle-books" count="114"/>
      <shelf name="read-2016" count="114"/>
      <shelf name="my-favorites" count="113"/>
      <shelf name="first-in-series" count="111"/>
      <shelf name="reread" count="111"/>
      <shelf name="re-reading" count="110"/>
      <shelf name="favorite-series" count="109"/>
      <shelf name="scifi-fantasy" count="108"/>
      <shelf name="guilty-pleasures" count="107"/>
      <shelf name="read-in-2017" count="106"/>
      <shelf name="never-finished" count="105"/>
      <shelf name="reviewed" count="104"/>
      <shelf name="recommended" count="104"/>
      <shelf name="love" count="104"/>
      <shelf name="2014-reads" count="104"/>
      <shelf name="epic" count="103"/>
      <shelf name="faves" count="103"/>
      <shelf name="2015-reading-challenge" count="99"/>
      <shelf name="read-in-2013" count="99"/>
      <shelf name="on-my-shelf" count="99"/>
  </popular_shelves>
  <book_links>
    <book_link>
  <id>8</id>
  <name>Libraries</name>
  <link>https://www.goodreads.com/book_link/follow/8</link>
</book_link>

  </book_links>
  <buy_links>
    <buy_link>
<id>1</id>
<name>Amazon</name>
<link>https://www.goodreads.com/book_link/follow/1</link>
</buy_link>
<buy_link>
<id>10</id>
<name>Audible</name>
<link>https://www.goodreads.com/book_link/follow/10</link>
</buy_link>
<buy_link>
<id>3</id>
<name>Barnes &amp; Noble</name>
<link>https://www.goodreads.com/book_link/follow/3</link>
</buy_link>
<buy_link>
<id>1027</id>
<name>Kobo</name>
<link>https://www.goodreads.com/book_link/follow/1027</link>
</buy_link>
<buy_link>
<id>2102</id>
<name>Apple iBooks</name>
<link>https://www.goodreads.com/book_link/follow/2102</link>
</buy_link>
<buy_link>
<id>8036</id>
<name>Google Play</name>
<link>https://www.goodreads.com/book_link/follow/8036</link>
</buy_link>
<buy_link>
<id>4</id>
<name>Abebooks</name>
<link>https://www.goodreads.com/book_link/follow/4</link>
</buy_link>
<buy_link>
<id>882</id>
<name>Book Depository</name>
<link>https://www.goodreads.com/book_link/follow/882</link>
</buy_link>
<buy_link>
<id>9</id>
<name>Indigo</name>
<link>https://www.goodreads.com/book_link/follow/9</link>
</buy_link>
<buy_link>
<id>2</id>
<name>Half.com</name>
<link>https://www.goodreads.com/book_link/follow/2</link>
</buy_link>
<buy_link>
<id>5</id>
<name>Alibris</name>
<link>https://www.goodreads.com/book_link/follow/5</link>
</buy_link>
<buy_link>
<id>107</id>
<name>Better World Books</name>
<link>https://www.goodreads.com/book_link/follow/107</link>
</buy_link>
<buy_link>
<id>7</id>
<name>IndieBound</name>
<link>https://www.goodreads.com/book_link/follow/7</link>
</buy_link>

  </buy_links>
  <series_works>
    <series_work>
<id>162462</id>
<user_position>1</user_position>
<series>
<id>43943</id>
<title>
<![CDATA[
    Outlander
]]>
</title>
<description>
<![CDATA[
    Please note: This series is comprised of one epic story. Each book is like a chapter in that larger story. It is recommended that you read the books in the order they were published. 
    
    <b>Related Series</b>
    <a href="http://www.goodreads.com/series/44511-lord-john-grey">The Lord John Grey Series</a>. In the greater Outlander Chronology, the Lord John Grey stories occur during the years covered in Voyager. 
    
    You can find the reading order of the Lord John Grey series and Outlander series <a href="http://www.dianagabaldon.com/books/chronology-of-the-outlander-series/">here</a>.
]]>
</description>
<note>
<![CDATA[
    DO NOT change the numbering and keep the Lord John Grey series separate.
]]>
</note>
<series_works_count>27</series_works_count>
<primary_work_count>9</primary_work_count>
<numbered>true</numbered>
</series>

</series_work>
<series_work>
<id>517855</id>
<user_position>1</user_position>
<series>
<id>95787</id>
<title>
<![CDATA[
    La saga di Claire Randall
]]>
</title>
<description>
<![CDATA[
    Italian Translation of <a href="http://www.goodreads.com/series/43943-outlander">Outlander</a>
    Also know as <b>La Straniera</b>
    
    Note that <i>La Straniera</i> was published in one volume before being split up in <i>L'anello d'argento</i> and <i>Lo Spirito della sorgente</i>. This volume was published in <a href="http://www.goodreads.com/book/show/9635095-la-straniera">paperback</a> and <a href="http://www.goodreads.com/book/show/10532476-la-straniera">hardcover</a>.
]]>
</description>
<note>
<![CDATA[
    See Wikipedia for Novel Listing: http://it.wikipedia.org/wiki/Diana_Gabaldon
]]>
</note>
<series_works_count>17</series_works_count>
<primary_work_count>15</primary_work_count>
<numbered>true</numbered>
</series>

</series_work>

  </series_works>
  <similar_books>
          <book>
<id>72856</id>
<title><![CDATA[Fire Along the Sky (Wilderness, #4)]]></title>
<title_without_series>Fire Along the Sky</title_without_series>
<link><![CDATA[https://www.goodreads.com/book/show/72856.Fire_Along_the_Sky]]></link>
<small_image_url><![CDATA[https://images.gr-assets.com/books/1367534610s/72856.jpg]]></small_image_url>
<image_url><![CDATA[https://images.gr-assets.com/books/1367534610m/72856.jpg]]></image_url>
<num_pages>655</num_pages>
<work>
<id>6273058</id>
</work>
<isbn>0553582771</isbn>
<isbn13>9780553582772</isbn13>
<average_rating>4.31</average_rating>
<ratings_count>8919</ratings_count>
<publication_year>2005</publication_year>
<publication_month>11</publication_month>
<publication_day>29</publication_day>
<authors>
<author>
<id>41193</id>
<name>Sara Donati</name>
<link><![CDATA[https://www.goodreads.com/author/show/41193.Sara_Donati]]></link>
</author>
</authors>
</book>

          <book>
<id>815150</id>
<title><![CDATA[The Highlander's Touch (Highlander, #3)]]></title>
<title_without_series>The Highlander&apos;s Touch</title_without_series>
<link><![CDATA[https://www.goodreads.com/book/show/815150.The_Highlander_s_Touch]]></link>
<small_image_url><![CDATA[https://images.gr-assets.com/books/1257330461s/815150.jpg]]></small_image_url>
<image_url><![CDATA[https://images.gr-assets.com/books/1257330461m/815150.jpg]]></image_url>
<num_pages>356</num_pages>
<work>
<id>1676569</id>
</work>
<isbn>044024417X</isbn>
<isbn13>9780440244172</isbn13>
<average_rating>4.14</average_rating>
<ratings_count>25402</ratings_count>
<publication_year>2007</publication_year>
<publication_month>5</publication_month>
<publication_day>29</publication_day>
<authors>
<author>
<id>48206</id>
<name>Karen Marie Moning</name>
<link><![CDATA[https://www.goodreads.com/author/show/48206.Karen_Marie_Moning]]></link>
</author>
</authors>
</book>

          <book>
<id>6503378</id>
<title><![CDATA[A Highlander's Homecoming (Daughters of the Glen, #6)]]></title>
<title_without_series>A Highlander&apos;s Homecoming</title_without_series>
<link><![CDATA[https://www.goodreads.com/book/show/6503378-a-highlander-s-homecoming]]></link>
<small_image_url><![CDATA[https://images.gr-assets.com/books/1461592871s/6503378.jpg]]></small_image_url>
<image_url><![CDATA[https://images.gr-assets.com/books/1461592871m/6503378.jpg]]></image_url>
<num_pages>384</num_pages>
<work>
<id>6694929</id>
</work>
<isbn>1439144257</isbn>
<isbn13>9781439144251</isbn13>
<average_rating>4.18</average_rating>
<ratings_count>1245</ratings_count>
<publication_year>2010</publication_year>
<publication_month>1</publication_month>
<publication_day>26</publication_day>
<authors>
<author>
<id>389599</id>
<name>Melissa Mayhue</name>
<link><![CDATA[https://www.goodreads.com/author/show/389599.Melissa_Mayhue]]></link>
</author>
</authors>
</book>

          <book>
<id>707252</id>
<title><![CDATA[The Pride of Lions (Highlands, #1)]]></title>
<title_without_series>The Pride of Lions</title_without_series>
<link><![CDATA[https://www.goodreads.com/book/show/707252.The_Pride_of_Lions]]></link>
<small_image_url><![CDATA[https://images.gr-assets.com/books/1374932464s/707252.jpg]]></small_image_url>
<image_url><![CDATA[https://images.gr-assets.com/books/1374932464m/707252.jpg]]></image_url>
<num_pages>387</num_pages>
<work>
<id>693528</id>
</work>
<isbn>0440224578</isbn>
<isbn13>9780440224570</isbn13>
<average_rating>3.84</average_rating>
<ratings_count>3506</ratings_count>
<publication_year>1997</publication_year>
<publication_month>10</publication_month>
<publication_day>6</publication_day>
<authors>
<author>
<id>371595</id>
<name>Marsha Canham</name>
<link><![CDATA[https://www.goodreads.com/author/show/371595.Marsha_Canham]]></link>
</author>
</authors>
</book>

          <book>
<id>3701590</id>
<title><![CDATA[The Temptation of the Night Jasmine (Pink Carnation, #5)]]></title>
<title_without_series><![CDATA[The Temptation of the Night Jasmine]]></title_without_series>
<link><![CDATA[https://www.goodreads.com/book/show/3701590-the-temptation-of-the-night-jasmine]]></link>
<small_image_url><![CDATA[https://s.gr-assets.com/assets/nophoto/book/50x75-a91bf249278a81aabab721ef782c4a74.png]]></small_image_url>
<image_url><![CDATA[https://s.gr-assets.com/assets/nophoto/book/111x148-bcc042a9c91a29c1d680899eff700a03.png]]></image_url>
<num_pages>388</num_pages>
<work>
<id>3752586</id>
</work>
<isbn>0525950966</isbn>
<isbn13>9780525950967</isbn13>
<average_rating>3.76</average_rating>
<ratings_count>6168</ratings_count>
<publication_year></publication_year>
<publication_month></publication_month>
<publication_day></publication_day>
<authors>
<author>
<id>14469</id>
<name>Lauren Willig</name>
<link><![CDATA[https://www.goodreads.com/author/show/14469.Lauren_Willig]]></link>
</author>
</authors>
</book>

          <book>
<id>13061289</id>
<title><![CDATA[Lying Season (Experiment in Terror, #4)]]></title>
<title_without_series>Lying Season</title_without_series>
<link><![CDATA[https://www.goodreads.com/book/show/13061289-lying-season]]></link>
<small_image_url><![CDATA[https://images.gr-assets.com/books/1323754445s/13061289.jpg]]></small_image_url>
<image_url><![CDATA[https://images.gr-assets.com/books/1323754445m/13061289.jpg]]></image_url>
<num_pages>348</num_pages>
<work>
<id>18226704</id>
</work>
<isbn>146794825X</isbn>
<isbn13>9781467948258</isbn13>
<average_rating>4.50</average_rating>
<ratings_count>6071</ratings_count>
<publication_year>2011</publication_year>
<publication_month>12</publication_month>
<publication_day>13</publication_day>
<authors>
<author>
<id>4785031</id>
<name>Karina Halle</name>
<link><![CDATA[https://www.goodreads.com/author/show/4785031.Karina_Halle]]></link>
</author>
</authors>
</book>

          <book>
<id>50718</id>
<title><![CDATA[This Is All I Ask (de Piaget, #6; de Piaget/MacLeod, #3)]]></title>
<title_without_series>This Is All I Ask</title_without_series>
<link><![CDATA[https://www.goodreads.com/book/show/50718.This_Is_All_I_Ask]]></link>
<small_image_url><![CDATA[https://s.gr-assets.com/assets/nophoto/book/50x75-a91bf249278a81aabab721ef782c4a74.png]]></small_image_url>
<image_url><![CDATA[https://s.gr-assets.com/assets/nophoto/book/111x148-bcc042a9c91a29c1d680899eff700a03.png]]></image_url>
<num_pages></num_pages>
<work>
<id>2301993</id>
</work>
<isbn>0425180336</isbn>
<isbn13>9780425180334</isbn13>
<average_rating>4.29</average_rating>
<ratings_count>3401</ratings_count>
<publication_year></publication_year>
<publication_month></publication_month>
<publication_day></publication_day>
<authors>
<author>
<id>10359</id>
<name>Lynn Kurland</name>
<link><![CDATA[https://www.goodreads.com/author/show/10359.Lynn_Kurland]]></link>
</author>
</authors>
</book>

          <book>
<id>9645632</id>
<title><![CDATA[Awaken the Highland Warrior (Connor Clan, #1)]]></title>
<title_without_series>Awaken the Highland Warrior</title_without_series>
<link><![CDATA[https://www.goodreads.com/book/show/9645632-awaken-the-highland-warrior]]></link>
<small_image_url><![CDATA[https://s.gr-assets.com/assets/nophoto/book/50x75-a91bf249278a81aabab721ef782c4a74.png]]></small_image_url>
<image_url><![CDATA[https://s.gr-assets.com/assets/nophoto/book/111x148-bcc042a9c91a29c1d680899eff700a03.png]]></image_url>
<num_pages>426</num_pages>
<work>
<id>14533105</id>
</work>
<isbn>1402251238</isbn>
<isbn13>9781402251238</isbn13>
<average_rating>3.91</average_rating>
<ratings_count>2601</ratings_count>
<publication_year>2011</publication_year>
<publication_month>5</publication_month>
<publication_day>1</publication_day>
<authors>
<author>
<id>4446076</id>
<name>Anita Clenney</name>
<link><![CDATA[https://www.goodreads.com/author/show/4446076.Anita_Clenney]]></link>
</author>
</authors>
</book>

          <book>
<id>608216</id>
<title><![CDATA[The Summer Garden (The Bronze Horseman, #3)]]></title>
<title_without_series>The Summer Garden</title_without_series>
<link><![CDATA[https://www.goodreads.com/book/show/608216.The_Summer_Garden]]></link>
<small_image_url><![CDATA[https://images.gr-assets.com/books/1411993309s/608216.jpg]]></small_image_url>
<image_url><![CDATA[https://images.gr-assets.com/books/1411993309m/608216.jpg]]></image_url>
<num_pages>742</num_pages>
<work>
<id>2098474</id>
</work>
<isbn>0007162499</isbn>
<isbn13>9780007162499</isbn13>
<average_rating>4.13</average_rating>
<ratings_count>19147</ratings_count>
<publication_year>2007</publication_year>
<publication_month>7</publication_month>
<publication_day></publication_day>
<authors>
<author>
<id>47499</id>
<name>Paullina Simons</name>
<link><![CDATA[https://www.goodreads.com/author/show/47499.Paullina_Simons]]></link>
</author>
</authors>
</book>

          <book>
<id>114162</id>
<title><![CDATA[Secrets of a Summer Night (Wallflowers, #1)]]></title>
<title_without_series>Secrets of a Summer Night</title_without_series>
<link><![CDATA[https://www.goodreads.com/book/show/114162.Secrets_of_a_Summer_Night]]></link>
<small_image_url><![CDATA[https://s.gr-assets.com/assets/nophoto/book/50x75-a91bf249278a81aabab721ef782c4a74.png]]></small_image_url>
<image_url><![CDATA[https://s.gr-assets.com/assets/nophoto/book/111x148-bcc042a9c91a29c1d680899eff700a03.png]]></image_url>
<num_pages>375</num_pages>
<work>
<id>760678</id>
</work>
<isbn>0061259349</isbn>
<isbn13>9780061259340</isbn13>
<average_rating>4.05</average_rating>
<ratings_count>36693</ratings_count>
<publication_year>2006</publication_year>
<publication_month>11</publication_month>
<publication_day>28</publication_day>
<authors>
<author>
<id>27847</id>
<name>Lisa Kleypas</name>
<link><![CDATA[https://www.goodreads.com/author/show/27847.Lisa_Kleypas]]></link>
</author>
</authors>
</book>

          <book>
<id>13457433</id>
<title><![CDATA[The Recruit (Highland Guard, #6)]]></title>
<title_without_series>The Recruit</title_without_series>
<link><![CDATA[https://www.goodreads.com/book/show/13457433-the-recruit]]></link>
<small_image_url><![CDATA[https://images.gr-assets.com/books/1351570332s/13457433.jpg]]></small_image_url>
<image_url><![CDATA[https://images.gr-assets.com/books/1351570332m/13457433.jpg]]></image_url>
<num_pages>405</num_pages>
<work>
<id>18986986</id>
</work>
<isbn>0345528417</isbn>
<isbn13>9780345528414</isbn13>
<average_rating>4.31</average_rating>
<ratings_count>3354</ratings_count>
<publication_year>2012</publication_year>
<publication_month>10</publication_month>
<publication_day>30</publication_day>
<authors>
<author>
<id>589737</id>
<name>Monica McCarty</name>
<link><![CDATA[https://www.goodreads.com/author/show/589737.Monica_McCarty]]></link>
</author>
</authors>
</book>

          <book>
<id>12913453</id>
<title>Dancing on Coals</title>
<title_without_series>Dancing on Coals</title_without_series>
<link><![CDATA[https://www.goodreads.com/book/show/12913453-dancing-on-coals]]></link>
<small_image_url><![CDATA[https://images.gr-assets.com/books/1323838287s/12913453.jpg]]></small_image_url>
<image_url><![CDATA[https://images.gr-assets.com/books/1323838287m/12913453.jpg]]></image_url>
<num_pages>320</num_pages>
<work>
<id>18068349</id>
</work>
<isbn>1466441186</isbn>
<isbn13>9781466441186</isbn13>
<average_rating>4.11</average_rating>
<ratings_count>2550</ratings_count>
<publication_year>2011</publication_year>
<publication_month>10</publication_month>
<publication_day>18</publication_day>
<authors>
<author>
<id>3419479</id>
<name>Ellen O&apos;Connell</name>
<link><![CDATA[https://www.goodreads.com/author/show/3419479.Ellen_O_Connell]]></link>
</author>
</authors>
</book>

          <book>
<id>656836</id>
<title><![CDATA[Surrender (MacKinnon’s Rangers,  #1)]]></title>
<title_without_series>Surrender</title_without_series>
<link><![CDATA[https://www.goodreads.com/book/show/656836.Surrender]]></link>
<small_image_url><![CDATA[https://s.gr-assets.com/assets/nophoto/book/50x75-a91bf249278a81aabab721ef782c4a74.png]]></small_image_url>
<image_url><![CDATA[https://s.gr-assets.com/assets/nophoto/book/111x148-bcc042a9c91a29c1d680899eff700a03.png]]></image_url>
<num_pages>355</num_pages>
<work>
<id>642925</id>
</work>
<isbn></isbn>
<isbn13></isbn13>
<average_rating>4.06</average_rating>
<ratings_count>5266</ratings_count>
<publication_year>2008</publication_year>
<publication_month>10</publication_month>
<publication_day>28</publication_day>
<authors>
<author>
<id>92650</id>
<name>Pamela Clare</name>
<link><![CDATA[https://www.goodreads.com/author/show/92650.Pamela_Clare]]></link>
</author>
</authors>
</book>

          <book>
<id>396266</id>
<title><![CDATA[The Winter Rose (The Tea Rose, #2)]]></title>
<title_without_series>The Winter Rose</title_without_series>
<link><![CDATA[https://www.goodreads.com/book/show/396266.The_Winter_Rose]]></link>
<small_image_url><![CDATA[https://images.gr-assets.com/books/1319665261s/396266.jpg]]></small_image_url>
<image_url><![CDATA[https://images.gr-assets.com/books/1319665261m/396266.jpg]]></image_url>
<num_pages>736</num_pages>
<work>
<id>272249</id>
</work>
<isbn>0007191324</isbn>
<isbn13>9780007191321</isbn13>
<average_rating>4.29</average_rating>
<ratings_count>15667</ratings_count>
<publication_year>2006</publication_year>
<publication_month>11</publication_month>
<publication_day>30</publication_day>
<authors>
<author>
<id>36346</id>
<name>Jennifer Donnelly</name>
<link><![CDATA[https://www.goodreads.com/author/show/36346.Jennifer_Donnelly]]></link>
</author>
</authors>
</book>

  </similar_books>
</book>

</GoodreadsResponse>