<?xml version="1.0" encoding="UTF-8"?>
<GoodreadsResponse>
  <Request>
    <authentication>true</authentication>
      <key><![CDATA[all_men_must_serve]]></key>
    <method><![CDATA[book_show]]></method>
  </Request>
  <book>
  <id>10970532</id>
  <title><![CDATA[The Siren (The Original Sinners, #1)]]></title>
  <isbn><![CDATA[0373605692]]></isbn>
  <isbn13><![CDATA[9780373605699]]></isbn13>
  <asin><![CDATA[]]></asin>
  <kindle_asin><![CDATA[B008472YKA]]></kindle_asin>
  <marketplace_id><![CDATA[A1F83G8C2ARO7P]]></marketplace_id>
  <country_code><![CDATA[GB]]></country_code>
  <image_url>https://images.gr-assets.com/books/1335832751m/10970532.jpg</image_url>
  <small_image_url>https://images.gr-assets.com/books/1335832751s/10970532.jpg</small_image_url>
  <publication_year>2012</publication_year>
  <publication_month>7</publication_month>
  <publication_day>24</publication_day>
  <publisher>Mira</publisher>
  <language_code></language_code>
  <is_ebook>false</is_ebook>
  <description><![CDATA[Notorious Nora Sutherlin is famous for her delicious works of erotica, each one more popular with readers than the last. But her latest manuscript is different—more serious, more personal—and she's sure it'll be her breakout book... if it ever sees the light of day.<br /><br />Zachary Easton holds Nora's fate in his well-manicured hands. The demanding British editor agrees to handle the book on one condition: he wants complete control. Nora must rewrite the entire novel to his exacting standards—in six weeks—or it's no deal.<br /><br />Nora's grueling writing sessions with Zach are draining... and shockingly arousing. And a dangerous former lover has her wondering which is more torturous—staying away from him... or returning to his bed?<br /><br />Nora thought she knew everything about being pushed to your limits. But in a world where passion is pain, nothing is ever that simple.]]></description>
  <work>
  <id type="integer">15888570</id>
  <books_count type="integer">44</books_count>
  <best_book_id type="integer">10970532</best_book_id>
  <reviews_count type="integer">51895</reviews_count>
  <ratings_sum type="integer">87282</ratings_sum>
  <ratings_count type="integer">21526</ratings_count>
  <text_reviews_count type="integer">2954</text_reviews_count>
  <original_publication_year type="integer">2012</original_publication_year>
  <original_publication_month type="integer">6</original_publication_month>
  <original_publication_day type="integer">1</original_publication_day>
  <original_title>The Siren</original_title>
  <original_language_id type="integer" nil="true"/>
  <media_type>book</media_type>
  <rating_dist>5:9839|4:6175|3:3284|2:1307|1:921|total:21526</rating_dist>
  <desc_user_id type="integer">989638</desc_user_id>
  <default_chaptering_book_id type="integer" nil="true"/>
  <default_description_language_code nil="true"/>
</work>
  <average_rating>4.05</average_rating>
  <num_pages><![CDATA[432]]></num_pages>
  <format><![CDATA[Paperback]]></format>
  <edition_information><![CDATA[]]></edition_information>
  <ratings_count><![CDATA[19102]]></ratings_count>
  <text_reviews_count><![CDATA[2429]]></text_reviews_count>
  <url><![CDATA[https://www.goodreads.com/book/show/10970532-the-siren]]></url>
  <link><![CDATA[https://www.goodreads.com/book/show/10970532-the-siren]]></link>
  <authors>
<author>
<id>4480131</id>
<name>Tiffany Reisz</name>
<role></role>
<image_url nophoto='false'>
<![CDATA[https://images.gr-assets.com/authors/1502809926p5/4480131.jpg]]>
</image_url>
<small_image_url nophoto='false'>
<![CDATA[https://images.gr-assets.com/authors/1502809926p2/4480131.jpg]]>
</small_image_url>
<link><![CDATA[https://www.goodreads.com/author/show/4480131.Tiffany_Reisz]]></link>
<average_rating>4.32</average_rating>
<ratings_count>113940</ratings_count>
<text_reviews_count>16361</text_reviews_count>
</author>
</authors>

    <reviews_widget>
      <![CDATA[
        <style>
  #goodreads-widget {
    font-family: georgia, serif;
    padding: 18px 0;
    width:565px;
  }
  #goodreads-widget h1 {
    font-weight:normal;
    font-size: 16px;
    border-bottom: 1px solid #BBB596;
    margin-bottom: 0;
  }
  #goodreads-widget a {
    text-decoration: none;
    color:#660;
  }
  iframe{
    background-color: #fff;
  }
  #goodreads-widget a:hover { text-decoration: underline; }
  #goodreads-widget a:active {
    color:#660;
  }
  #gr_footer {
    width: 100%;
    border-top: 1px solid #BBB596;
    text-align: right;
  }
  #goodreads-widget .gr_branding{
    color: #382110;
    font-size: 11px;
    text-decoration: none;
    font-family: "Helvetica Neue", Helvetica, Arial, sans-serif;
  }
</style>
<div id="goodreads-widget">
  <div id="gr_header"><h1><a rel="nofollow" href="https://www.goodreads.com/book/show/10970532-the-siren">The Siren Reviews</a></h1></div>
  <iframe id="the_iframe" src="https://www.goodreads.com/api/reviews_widget_iframe?did=DEVELOPER_ID&amp;format=html&amp;isbn=0373605692&amp;links=660&amp;min_rating=&amp;review_back=fff&amp;stars=000&amp;text=000" width="565" height="400" frameborder="0"></iframe>
  <div id="gr_footer">
    <a class="gr_branding" target="_blank" rel="nofollow" href="https://www.goodreads.com/book/show/10970532-the-siren?utm_medium=api&amp;utm_source=reviews_widget">Reviews from Goodreads.com</a>
  </div>
</div>

      ]]>
    </reviews_widget>
  <popular_shelves>
      <shelf name="to-read" count="10967"/>
      <shelf name="favorites" count="645"/>
      <shelf name="bdsm" count="589"/>
      <shelf name="series" count="192"/>
      <shelf name="contemporary" count="188"/>
      <shelf name="dark" count="182"/>
      <shelf name="romance" count="174"/>
      <shelf name="erotica" count="172"/>
      <shelf name="adult" count="151"/>
      <shelf name="kindle" count="125"/>
      <shelf name="erotic" count="119"/>
      <shelf name="dnf" count="105"/>
      <shelf name="contemporary-romance" count="102"/>
      <shelf name="erotic-romance" count="101"/>
      <shelf name="fiction" count="77"/>
      <shelf name="ebook" count="68"/>
      <shelf name="tiffany-reisz" count="67"/>
      <shelf name="currently-reading" count="54"/>
      <shelf name="favourites" count="53"/>
      <shelf name="dark-erotica" count="46"/>
      <shelf name="steamy" count="44"/>
      <shelf name="did-not-finish" count="44"/>
      <shelf name="first-in-series" count="42"/>
      <shelf name="owned" count="39"/>
      <shelf name="smut" count="36"/>
      <shelf name="maybe" count="36"/>
      <shelf name="ebooks" count="35"/>
      <shelf name="books-i-own" count="35"/>
      <shelf name="love-triangle" count="34"/>
      <shelf name="taboo" count="33"/>
      <shelf name="library" count="33"/>
      <shelf name="m-f" count="32"/>
      <shelf name="dark-romance" count="31"/>
      <shelf name="part-of-a-series" count="31"/>
      <shelf name="erotica-bdsm" count="30"/>
      <shelf name="audiobook" count="30"/>
      <shelf name="adult-fiction" count="30"/>
      <shelf name="e-book" count="30"/>
      <shelf name="kink" count="29"/>
      <shelf name="alpha-male" count="29"/>
      <shelf name="5-stars" count="27"/>
      <shelf name="read-in-2012" count="27"/>
      <shelf name="netgalley" count="27"/>
      <shelf name="read-in-2013" count="26"/>
      <shelf name="favorite" count="26"/>
      <shelf name="e-books" count="24"/>
      <shelf name="favorite-series" count="23"/>
      <shelf name="sexy" count="23"/>
      <shelf name="forbidden-love" count="23"/>
      <shelf name="all-time-favorites" count="23"/>
      <shelf name="drama" count="22"/>
      <shelf name="read-2012" count="22"/>
      <shelf name="kinky" count="22"/>
      <shelf name="reviewed" count="22"/>
      <shelf name="read-in-2015" count="20"/>
      <shelf name="owned-books" count="20"/>
      <shelf name="chick-lit" count="20"/>
      <shelf name="wish-list" count="20"/>
      <shelf name="audible" count="19"/>
      <shelf name="alpha-males" count="19"/>
      <shelf name="adult-romance" count="19"/>
      <shelf name="read-in-2014" count="18"/>
      <shelf name="4-stars" count="18"/>
      <shelf name="on-kindle" count="18"/>
      <shelf name="angst" count="18"/>
      <shelf name="new-adult" count="17"/>
      <shelf name="kindle-books" count="17"/>
      <shelf name="couldn-t-finish" count="17"/>
      <shelf name="my-favorites" count="17"/>
      <shelf name="faves" count="17"/>
      <shelf name="hot" count="17"/>
      <shelf name="read-2015" count="16"/>
      <shelf name="re-read" count="16"/>
      <shelf name="abuse" count="16"/>
      <shelf name="audio" count="16"/>
      <shelf name="romance-erotica" count="16"/>
      <shelf name="the-original-sinners" count="16"/>
      <shelf name="must-read" count="16"/>
      <shelf name="disturbing" count="16"/>
      <shelf name="2012-reads" count="16"/>
      <shelf name="abandoned" count="15"/>
      <shelf name="guilty-pleasure" count="15"/>
      <shelf name="to-buy" count="15"/>
      <shelf name="mindfuck" count="14"/>
      <shelf name="dark-reads" count="14"/>
      <shelf name="have" count="14"/>
      <shelf name="purchased" count="14"/>
      <shelf name="emotional" count="14"/>
      <shelf name="recommended" count="14"/>
      <shelf name="dark-twisted" count="13"/>
      <shelf name="favorite-authors" count="13"/>
      <shelf name="d-s" count="13"/>
      <shelf name="hot-hot-hot" count="13"/>
      <shelf name="on-hold" count="13"/>
      <shelf name="not-for-me" count="13"/>
      <shelf name="1st-in-series" count="13"/>
      <shelf name="i-own" count="13"/>
      <shelf name="arc" count="13"/>
      <shelf name="read-in-2016" count="12"/>
      <shelf name="love" count="12"/>
  </popular_shelves>
  <book_links>
    <book_link>
  <id>8</id>
  <name>Libraries</name>
  <link>https://www.goodreads.com/book_link/follow/8</link>
</book_link>

  </book_links>
  <buy_links>
    <buy_link>
<id>1</id>
<name>Amazon</name>
<link>https://www.goodreads.com/book_link/follow/1</link>
</buy_link>
<buy_link>
<id>10</id>
<name>Audible</name>
<link>https://www.goodreads.com/book_link/follow/10</link>
</buy_link>
<buy_link>
<id>3</id>
<name>Barnes &amp; Noble</name>
<link>https://www.goodreads.com/book_link/follow/3</link>
</buy_link>
<buy_link>
<id>1027</id>
<name>Kobo</name>
<link>https://www.goodreads.com/book_link/follow/1027</link>
</buy_link>
<buy_link>
<id>2102</id>
<name>Apple iBooks</name>
<link>https://www.goodreads.com/book_link/follow/2102</link>
</buy_link>
<buy_link>
<id>8036</id>
<name>Google Play</name>
<link>https://www.goodreads.com/book_link/follow/8036</link>
</buy_link>
<buy_link>
<id>4</id>
<name>Abebooks</name>
<link>https://www.goodreads.com/book_link/follow/4</link>
</buy_link>
<buy_link>
<id>882</id>
<name>Book Depository</name>
<link>https://www.goodreads.com/book_link/follow/882</link>
</buy_link>
<buy_link>
<id>9</id>
<name>Indigo</name>
<link>https://www.goodreads.com/book_link/follow/9</link>
</buy_link>
<buy_link>
<id>2</id>
<name>Half.com</name>
<link>https://www.goodreads.com/book_link/follow/2</link>
</buy_link>
<buy_link>
<id>5</id>
<name>Alibris</name>
<link>https://www.goodreads.com/book_link/follow/5</link>
</buy_link>
<buy_link>
<id>107</id>
<name>Better World Books</name>
<link>https://www.goodreads.com/book_link/follow/107</link>
</buy_link>
<buy_link>
<id>7</id>
<name>IndieBound</name>
<link>https://www.goodreads.com/book_link/follow/7</link>
</buy_link>

  </buy_links>
  <series_works>
    <series_work>
<id>376197</id>
<user_position>1</user_position>
<series>
<id>79635</id>
<title>
<![CDATA[
    The Original Sinners
]]>
</title>
<description>
<![CDATA[
    The Red Years Quartet (The adventures of Nora Sutherlin, Dominant and erotica writer)
    1-The Siren
    2-The Angel
    3-The Prince
    4-The Mistress
    
    The White Years Quartet (The adventures of Eleanor Schreiber, submissive)
    5-The Saint
    6-The King
    7-The Virgin
    8-The Queen
    
    There are many novellas and free stories that have been numbered according to suggested reading order provided by the author.  Free stories are available at <a href="http://tiffanyreisz.com/storytime/freebies-sextras/">the author's website</a>.
]]>
</description>
<note>
<![CDATA[
]]>
</note>
<series_works_count>43</series_works_count>
<primary_work_count>8</primary_work_count>
<numbered>true</numbered>
</series>

</series_work>

  </series_works>
  <similar_books>
          <book>
<id>13423169</id>
<title><![CDATA[Hostile Takeover (Knights of the Board Room, #5)]]></title>
<title_without_series>Hostile Takeover</title_without_series>
<link><![CDATA[https://www.goodreads.com/book/show/13423169-hostile-takeover]]></link>
<small_image_url><![CDATA[https://images.gr-assets.com/books/1327934484s/13423169.jpg]]></small_image_url>
<image_url><![CDATA[https://images.gr-assets.com/books/1327934484m/13423169.jpg]]></image_url>
<num_pages>408</num_pages>
<work>
<id>18868842</id>
</work>
<isbn>1419936441</isbn>
<isbn13>9781419936449</isbn13>
<average_rating>4.22</average_rating>
<ratings_count>2025</ratings_count>
<publication_year>2012</publication_year>
<publication_month>1</publication_month>
<publication_day>27</publication_day>
<authors>
<author>
<id>103359</id>
<name>Joey W. Hill</name>
<link><![CDATA[https://www.goodreads.com/author/show/103359.Joey_W_Hill]]></link>
</author>
</authors>
</book>

          <book>
<id>24689702</id>
<title><![CDATA[Restraint (Mistress & Master of Restraint, #1)]]></title>
<title_without_series>Restraint</title_without_series>
<link><![CDATA[https://www.goodreads.com/book/show/24689702-restraint]]></link>
<small_image_url><![CDATA[https://images.gr-assets.com/books/1422236072s/24689702.jpg]]></small_image_url>
<image_url><![CDATA[https://images.gr-assets.com/books/1422236072m/24689702.jpg]]></image_url>
<num_pages>454</num_pages>
<work>
<id>19217698</id>
</work>
<isbn></isbn>
<isbn13></isbn13>
<average_rating>3.94</average_rating>
<ratings_count>950</ratings_count>
<publication_year>2015</publication_year>
<publication_month>2</publication_month>
<publication_day>14</publication_day>
<authors>
<author>
<id>5823122</id>
<name>Erica Chilson</name>
<link><![CDATA[https://www.goodreads.com/author/show/5823122.Erica_Chilson]]></link>
</author>
</authors>
</book>

          <book>
<id>27750416</id>
<title>Finding Eden (Eden, #2)</title>
<title_without_series>Finding Eden</title_without_series>
<link><![CDATA[https://www.goodreads.com/book/show/27750416-finding-eden]]></link>
<small_image_url><![CDATA[https://images.gr-assets.com/books/1447041444s/27750416.jpg]]></small_image_url>
<image_url><![CDATA[https://images.gr-assets.com/books/1447041444m/27750416.jpg]]></image_url>
<num_pages>200</num_pages>
<work>
<id>17185301</id>
</work>
<isbn></isbn>
<isbn13>9780989958660</isbn13>
<average_rating>4.06</average_rating>
<ratings_count>1135</ratings_count>
<publication_year>2015</publication_year>
<publication_month>11</publication_month>
<publication_day>9</publication_day>
<authors>
<author>
<id>4340854</id>
<name>Kele Moon</name>
<link><![CDATA[https://www.goodreads.com/author/show/4340854.Kele_Moon]]></link>
</author>
</authors>
</book>

          <book>
<id>18298854</id>
<title><![CDATA[Bind and Keep Me (Pierced Hearts, #2)]]></title>
<title_without_series>Bind and Keep Me</title_without_series>
<link><![CDATA[https://www.goodreads.com/book/show/18298854-bind-and-keep-me]]></link>
<small_image_url><![CDATA[https://images.gr-assets.com/books/1376546455s/18298854.jpg]]></small_image_url>
<image_url><![CDATA[https://images.gr-assets.com/books/1376546455m/18298854.jpg]]></image_url>
<num_pages>274</num_pages>
<work>
<id>25784658</id>
</work>
<isbn></isbn>
<isbn13>9781301773190</isbn13>
<average_rating>3.87</average_rating>
<ratings_count>511</ratings_count>
<publication_year>2013</publication_year>
<publication_month>8</publication_month>
<publication_day>27</publication_day>
<authors>
<author>
<id>4912047</id>
<name>Cari Silverwood</name>
<link><![CDATA[https://www.goodreads.com/author/show/4912047.Cari_Silverwood]]></link>
</author>
</authors>
</book>

          <book>
<id>22025968</id>
<title><![CDATA[The Art of Control (The Art of D/s #3)]]></title>
<title_without_series>The Art of Control</title_without_series>
<link><![CDATA[https://www.goodreads.com/book/show/22025968-the-art-of-control]]></link>
<small_image_url><![CDATA[https://images.gr-assets.com/books/1398866248s/22025968.jpg]]></small_image_url>
<image_url><![CDATA[https://images.gr-assets.com/books/1398866248m/22025968.jpg]]></image_url>
<num_pages>279</num_pages>
<work>
<id>23645313</id>
</work>
<isbn></isbn>
<isbn13></isbn13>
<average_rating>4.19</average_rating>
<ratings_count>1155</ratings_count>
<publication_year>2014</publication_year>
<publication_month>4</publication_month>
<publication_day>29</publication_day>
<authors>
<author>
<id>6472437</id>
<name>Ella Dominguez</name>
<link><![CDATA[https://www.goodreads.com/author/show/6472437.Ella_Dominguez]]></link>
</author>
</authors>
</book>

          <book>
<id>17788100</id>
<title>Blind Obsession</title>
<title_without_series>Blind Obsession</title_without_series>
<link><![CDATA[https://www.goodreads.com/book/show/17788100-blind-obsession]]></link>
<small_image_url><![CDATA[https://images.gr-assets.com/books/1365605140s/17788100.jpg]]></small_image_url>
<image_url><![CDATA[https://images.gr-assets.com/books/1365605140m/17788100.jpg]]></image_url>
<num_pages>340</num_pages>
<work>
<id>22542721</id>
</work>
<isbn></isbn>
<isbn13></isbn13>
<average_rating>4.02</average_rating>
<ratings_count>5213</ratings_count>
<publication_year>2013</publication_year>
<publication_month>4</publication_month>
<publication_day>7</publication_day>
<authors>
<author>
<id>6451816</id>
<name>Ella Frank</name>
<link><![CDATA[https://www.goodreads.com/author/show/6451816.Ella_Frank]]></link>
</author>
</authors>
</book>

          <book>
<id>13158234</id>
<title>Odalisque (Comfort, #3)</title>
<title_without_series>Odalisque</title_without_series>
<link><![CDATA[https://www.goodreads.com/book/show/13158234-odalisque]]></link>
<small_image_url><![CDATA[https://images.gr-assets.com/books/1400855624s/13158234.jpg]]></small_image_url>
<image_url><![CDATA[https://images.gr-assets.com/books/1400855624m/13158234.jpg]]></image_url>
<num_pages>210</num_pages>
<work>
<id>18196977</id>
</work>
<isbn>0615564399</isbn>
<isbn13>9780615564395</isbn13>
<average_rating>3.95</average_rating>
<ratings_count>1645</ratings_count>
<publication_year>2011</publication_year>
<publication_month>11</publication_month>
<publication_day>4</publication_day>
<authors>
<author>
<id>3370555</id>
<name>Annabel Joseph</name>
<link><![CDATA[https://www.goodreads.com/author/show/3370555.Annabel_Joseph]]></link>
</author>
</authors>
</book>

          <book>
<id>9922980</id>
<title>Guilty Pleasures</title>
<title_without_series>Guilty Pleasures</title_without_series>
<link><![CDATA[https://www.goodreads.com/book/show/9922980-guilty-pleasures]]></link>
<small_image_url><![CDATA[https://images.gr-assets.com/books/1328066624s/9922980.jpg]]></small_image_url>
<image_url><![CDATA[https://images.gr-assets.com/books/1328066624m/9922980.jpg]]></image_url>
<num_pages>226</num_pages>
<work>
<id>14815770</id>
</work>
<isbn></isbn>
<isbn13></isbn13>
<average_rating>3.78</average_rating>
<ratings_count>3352</ratings_count>
<publication_year>2010</publication_year>
<publication_month>12</publication_month>
<publication_day>14</publication_day>
<authors>
<author>
<id>2654606</id>
<name>Kitty Thomas</name>
<link><![CDATA[https://www.goodreads.com/author/show/2654606.Kitty_Thomas]]></link>
</author>
</authors>
</book>

          <book>
<id>7909618</id>
<title><![CDATA[Special Forces - Mercenaries Part I (Special Forces, #2 part 1)]]></title>
<title_without_series><![CDATA[Special Forces - Mercenaries Part I]]></title_without_series>
<link><![CDATA[https://www.goodreads.com/book/show/7909618-special-forces---mercenaries-part-i]]></link>
<small_image_url><![CDATA[https://images.gr-assets.com/books/1269463879s/7909618.jpg]]></small_image_url>
<image_url><![CDATA[https://images.gr-assets.com/books/1269463879m/7909618.jpg]]></image_url>
<num_pages>607</num_pages>
<work>
<id>11183462</id>
</work>
<isbn></isbn>
<isbn13></isbn13>
<average_rating>4.38</average_rating>
<ratings_count>1554</ratings_count>
<publication_year>2010</publication_year>
<publication_month>3</publication_month>
<publication_day>24</publication_day>
<authors>
<author>
<id>3074905</id>
<name>Aleksandr Voinov</name>
<link><![CDATA[https://www.goodreads.com/author/show/3074905.Aleksandr_Voinov]]></link>
</author>
</authors>
</book>

          <book>
<id>15755242</id>
<title><![CDATA[If Only (Masters of the Shadowlands, #8)]]></title>
<title_without_series>If Only</title_without_series>
<link><![CDATA[https://www.goodreads.com/book/show/15755242-if-only]]></link>
<small_image_url><![CDATA[https://images.gr-assets.com/books/1382471840s/15755242.jpg]]></small_image_url>
<image_url><![CDATA[https://images.gr-assets.com/books/1382471840m/15755242.jpg]]></image_url>
<num_pages>432</num_pages>
<work>
<id>21451978</id>
</work>
<isbn></isbn>
<isbn13>9781623003975</isbn13>
<average_rating>4.39</average_rating>
<ratings_count>7259</ratings_count>
<publication_year>2013</publication_year>
<publication_month>11</publication_month>
<publication_day>5</publication_day>
<authors>
<author>
<id>2882485</id>
<name>Cherise Sinclair</name>
<link><![CDATA[https://www.goodreads.com/author/show/2882485.Cherise_Sinclair]]></link>
</author>
</authors>
</book>

          <book>
<id>15705430</id>
<title><![CDATA[Safeword Davenport (Safeword, #3)]]></title>
<title_without_series>Safeword Davenport</title_without_series>
<link><![CDATA[https://www.goodreads.com/book/show/15705430-safeword-davenport]]></link>
<small_image_url><![CDATA[https://images.gr-assets.com/books/1501379870s/15705430.jpg]]></small_image_url>
<image_url><![CDATA[https://images.gr-assets.com/books/1501379870m/15705430.jpg]]></image_url>
<num_pages>175</num_pages>
<work>
<id>21368237</id>
</work>
<isbn>1609826604</isbn>
<isbn13>9781609826604</isbn13>
<average_rating>3.96</average_rating>
<ratings_count>385</ratings_count>
<publication_year>2012</publication_year>
<publication_month>7</publication_month>
<publication_day>6</publication_day>
<authors>
<author>
<id>4489132</id>
<name>Candace Blevins</name>
<link><![CDATA[https://www.goodreads.com/author/show/4489132.Candace_Blevins]]></link>
</author>
</authors>
</book>

          <book>
<id>17237477</id>
<title><![CDATA[The Tied Man (The Tied Man, #1)]]></title>
<title_without_series>The Tied Man</title_without_series>
<link><![CDATA[https://www.goodreads.com/book/show/17237477-the-tied-man]]></link>
<small_image_url><![CDATA[https://images.gr-assets.com/books/1377634218s/17237477.jpg]]></small_image_url>
<image_url><![CDATA[https://images.gr-assets.com/books/1377634218m/17237477.jpg]]></image_url>
<num_pages>395</num_pages>
<work>
<id>23757283</id>
</work>
<isbn></isbn>
<isbn13></isbn13>
<average_rating>4.07</average_rating>
<ratings_count>4111</ratings_count>
<publication_year>2013</publication_year>
<publication_month>1</publication_month>
<publication_day>5</publication_day>
<authors>
<author>
<id>6888652</id>
<name>Tabitha McGowan</name>
<link><![CDATA[https://www.goodreads.com/author/show/6888652.Tabitha_McGowan]]></link>
</author>
</authors>
</book>

          <book>
<id>15739921</id>
<title><![CDATA[The Reluctant Dom (Suncoast Society, #4)]]></title>
<title_without_series>The Reluctant Dom</title_without_series>
<link><![CDATA[https://www.goodreads.com/book/show/15739921-the-reluctant-dom]]></link>
<small_image_url><![CDATA[https://images.gr-assets.com/books/1341647100s/15739921.jpg]]></small_image_url>
<image_url><![CDATA[https://images.gr-assets.com/books/1341647100m/15739921.jpg]]></image_url>
<num_pages>318</num_pages>
<work>
<id>6265175</id>
</work>
<isbn></isbn>
<isbn13></isbn13>
<average_rating>4.16</average_rating>
<ratings_count>8702</ratings_count>
<publication_year>2012</publication_year>
<publication_month>7</publication_month>
<publication_day>3</publication_day>
<authors>
<author>
<id>2704714</id>
<name>Tymber Dalton</name>
<link><![CDATA[https://www.goodreads.com/author/show/2704714.Tymber_Dalton]]></link>
</author>
</authors>
</book>

          <book>
<id>13612739</id>
<title><![CDATA[Seduced in the Dark (The Dark Duet, #2)]]></title>
<title_without_series>Seduced in the Dark</title_without_series>
<link><![CDATA[https://www.goodreads.com/book/show/13612739-seduced-in-the-dark]]></link>
<small_image_url><![CDATA[https://images.gr-assets.com/books/1335114363s/13612739.jpg]]></small_image_url>
<image_url><![CDATA[https://images.gr-assets.com/books/1335114363m/13612739.jpg]]></image_url>
<num_pages>505</num_pages>
<work>
<id>19212100</id>
</work>
<isbn></isbn>
<isbn13></isbn13>
<average_rating>4.32</average_rating>
<ratings_count>46357</ratings_count>
<publication_year>2012</publication_year>
<publication_month>8</publication_month>
<publication_day>30</publication_day>
<authors>
<author>
<id>5174152</id>
<name>C.J. Roberts</name>
<link><![CDATA[https://www.goodreads.com/author/show/5174152.C_J_Roberts]]></link>
</author>
</authors>
</book>

          <book>
<id>7171095</id>
<title>After</title>
<title_without_series>After</title_without_series>
<link><![CDATA[https://www.goodreads.com/book/show/7171095-after]]></link>
<small_image_url><![CDATA[https://s.gr-assets.com/assets/nophoto/book/50x75-a91bf249278a81aabab721ef782c4a74.png]]></small_image_url>
<image_url><![CDATA[https://s.gr-assets.com/assets/nophoto/book/111x148-bcc042a9c91a29c1d680899eff700a03.png]]></image_url>
<num_pages>576</num_pages>
<work>
<id>6410024</id>
</work>
<isbn></isbn>
<isbn13>2940000139417</isbn13>
<average_rating>3.91</average_rating>
<ratings_count>519</ratings_count>
<publication_year></publication_year>
<publication_month></publication_month>
<publication_day></publication_day>
<authors>
<author>
<id>1861991</id>
<name>Varian Krylov</name>
<link><![CDATA[https://www.goodreads.com/author/show/1861991.Varian_Krylov]]></link>
</author>
</authors>
</book>

  </similar_books>
</book>

</GoodreadsResponse>