<?xml version="1.0" encoding="UTF-8"?>
<GoodreadsResponse>
  <Request>
    <authentication>true</authentication>
      <key><![CDATA[all_men_must_serve]]></key>
    <method><![CDATA[book_show]]></method>
  </Request>
  <book>
  <id>10979</id>
  <title>Light in August</title>
  <isbn><![CDATA[0679732268]]></isbn>
  <isbn13><![CDATA[9780679732266]]></isbn13>
  <asin><![CDATA[]]></asin>
  <kindle_asin><![CDATA[B00DSE4M8Q]]></kindle_asin>
  <marketplace_id><![CDATA[A1F83G8C2ARO7P]]></marketplace_id>
  <country_code><![CDATA[GB]]></country_code>
  <image_url>https://images.gr-assets.com/books/1355360091m/10979.jpg</image_url>
  <small_image_url>https://images.gr-assets.com/books/1355360091s/10979.jpg</small_image_url>
  <publication_year></publication_year>
  <publication_month></publication_month>
  <publication_day></publication_day>
  <publisher></publisher>
  <language_code>en-US</language_code>
  <is_ebook>false</is_ebook>
  <description><![CDATA[<i>Light in August</i>, a novel that contrasts stark tragedy with hopeful perseverance in the face of mortality, features some of Faulkner’s most memorable characters: guileless, dauntless Lena Grove, in search of the father of her unborn child; Reverend Gail Hightower, a lonely outcast haunted by visions of Confederate glory; and Joe Christmas, a desperate, enigmatic drifter consumed by his mixed ancestry.]]></description>
  <work>
  <id type="integer">1595500</id>
  <books_count type="integer">136</books_count>
  <best_book_id type="integer">10979</best_book_id>
  <reviews_count type="integer">88250</reviews_count>
  <ratings_sum type="integer">174764</ratings_sum>
  <ratings_count type="integer">44443</ratings_count>
  <text_reviews_count type="integer">1950</text_reviews_count>
  <original_publication_year type="integer">1932</original_publication_year>
  <original_publication_month type="integer">3</original_publication_month>
  <original_publication_day type="integer">12</original_publication_day>
  <original_title>Light in August</original_title>
  <original_language_id type="integer" nil="true"/>
  <media_type>book</media_type>
  <rating_dist>5:15500|4:15815|3:9006|2:2864|1:1258|total:44443</rating_dist>
  <desc_user_id type="integer">64253450</desc_user_id>
  <default_chaptering_book_id type="integer" nil="true"/>
  <default_description_language_code nil="true"/>
</work>
  <average_rating>3.93</average_rating>
  <num_pages><![CDATA[507]]></num_pages>
  <format><![CDATA[]]></format>
  <edition_information><![CDATA[]]></edition_information>
  <ratings_count><![CDATA[42118]]></ratings_count>
  <text_reviews_count><![CDATA[1638]]></text_reviews_count>
  <url><![CDATA[https://www.goodreads.com/book/show/10979.Light_in_August]]></url>
  <link><![CDATA[https://www.goodreads.com/book/show/10979.Light_in_August]]></link>
  <authors>
<author>
<id>3535</id>
<name>William Faulkner</name>
<role></role>
<image_url nophoto='false'>
<![CDATA[https://images.gr-assets.com/authors/1437805575p5/3535.jpg]]>
</image_url>
<small_image_url nophoto='false'>
<![CDATA[https://images.gr-assets.com/authors/1437805575p2/3535.jpg]]>
</small_image_url>
<link><![CDATA[https://www.goodreads.com/author/show/3535.William_Faulkner]]></link>
<average_rating>3.85</average_rating>
<ratings_count>418511</ratings_count>
<text_reviews_count>19618</text_reviews_count>
</author>
</authors>

    <reviews_widget>
      <![CDATA[
        <style>
  #goodreads-widget {
    font-family: georgia, serif;
    padding: 18px 0;
    width:565px;
  }
  #goodreads-widget h1 {
    font-weight:normal;
    font-size: 16px;
    border-bottom: 1px solid #BBB596;
    margin-bottom: 0;
  }
  #goodreads-widget a {
    text-decoration: none;
    color:#660;
  }
  iframe{
    background-color: #fff;
  }
  #goodreads-widget a:hover { text-decoration: underline; }
  #goodreads-widget a:active {
    color:#660;
  }
  #gr_footer {
    width: 100%;
    border-top: 1px solid #BBB596;
    text-align: right;
  }
  #goodreads-widget .gr_branding{
    color: #382110;
    font-size: 11px;
    text-decoration: none;
    font-family: "Helvetica Neue", Helvetica, Arial, sans-serif;
  }
</style>
<div id="goodreads-widget">
  <div id="gr_header"><h1><a rel="nofollow" href="https://www.goodreads.com/book/show/10979.Light_in_August">Light in August Reviews</a></h1></div>
  <iframe id="the_iframe" src="https://www.goodreads.com/api/reviews_widget_iframe?did=DEVELOPER_ID&amp;format=html&amp;isbn=0679732268&amp;links=660&amp;min_rating=&amp;review_back=fff&amp;stars=000&amp;text=000" width="565" height="400" frameborder="0"></iframe>
  <div id="gr_footer">
    <a class="gr_branding" target="_blank" rel="nofollow" href="https://www.goodreads.com/book/show/10979.Light_in_August?utm_medium=api&amp;utm_source=reviews_widget">Reviews from Goodreads.com</a>
  </div>
</div>

      ]]>
    </reviews_widget>
  <popular_shelves>
      <shelf name="classics" count="1073"/>
      <shelf name="fiction" count="1064"/>
      <shelf name="to-read" count="880"/>
      <shelf name="favorites" count="429"/>
      <shelf name="literature" count="257"/>
      <shelf name="classic" count="185"/>
      <shelf name="owned" count="171"/>
      <shelf name="american-literature" count="142"/>
      <shelf name="books-i-own" count="140"/>
      <shelf name="american" count="137"/>
      <shelf name="novels" count="116"/>
      <shelf name="currently-reading" count="101"/>
      <shelf name="southern" count="100"/>
      <shelf name="southern-gothic" count="90"/>
      <shelf name="american-lit" count="76"/>
      <shelf name="faulkner" count="75"/>
      <shelf name="southern-lit" count="68"/>
      <shelf name="literary-fiction" count="67"/>
      <shelf name="20th-century" count="63"/>
      <shelf name="classic-literature" count="62"/>
      <shelf name="owned-books" count="59"/>
      <shelf name="oprah-s-book-club" count="55"/>
      <shelf name="library" count="54"/>
      <shelf name="default" count="52"/>
      <shelf name="novel" count="50"/>
      <shelf name="school" count="49"/>
      <shelf name="oprah" count="48"/>
      <shelf name="modernism" count="46"/>
      <shelf name="time-100" count="45"/>
      <shelf name="modern-library-100" count="45"/>
      <shelf name="to-buy" count="41"/>
      <shelf name="william-faulkner" count="41"/>
      <shelf name="modern-library-top-100" count="40"/>
      <shelf name="nobel-prize" count="39"/>
      <shelf name="my-library" count="38"/>
      <shelf name="literary" count="37"/>
      <shelf name="book-club" count="36"/>
      <shelf name="southern-literature" count="35"/>
      <shelf name="nobel" count="35"/>
      <shelf name="audio" count="35"/>
      <shelf name="usa" count="34"/>
      <shelf name="audiobook" count="33"/>
      <shelf name="audiobooks" count="31"/>
      <shelf name="historical-fiction" count="31"/>
      <shelf name="classic-fiction" count="30"/>
      <shelf name="gothic" count="29"/>
      <shelf name="oprah-book-club" count="29"/>
      <shelf name="modern-library-100-best-novels" count="29"/>
      <shelf name="1930s" count="29"/>
      <shelf name="america" count="28"/>
      <shelf name="audible" count="28"/>
      <shelf name="lit" count="27"/>
      <shelf name="the-south" count="26"/>
      <shelf name="american-fiction" count="26"/>
      <shelf name="southern-fiction" count="26"/>
      <shelf name="abandoned" count="25"/>
      <shelf name="general-fiction" count="25"/>
      <shelf name="oprahs-book-club" count="24"/>
      <shelf name="modern-classics" count="24"/>
      <shelf name="college" count="24"/>
      <shelf name="classic-lit" count="24"/>
      <shelf name="classics-to-read" count="24"/>
      <shelf name="american-south" count="24"/>
      <shelf name="to-read-classics" count="23"/>
      <shelf name="top-100" count="23"/>
      <shelf name="re-read" count="23"/>
      <shelf name="wish-list" count="22"/>
      <shelf name="americana" count="22"/>
      <shelf name="adult-fiction" count="22"/>
      <shelf name="modern-library" count="21"/>
      <shelf name="adult" count="21"/>
      <shelf name="south" count="21"/>
      <shelf name="unfinished" count="21"/>
      <shelf name="kindle" count="20"/>
      <shelf name="time-top-100" count="20"/>
      <shelf name="school-books" count="19"/>
      <shelf name="favourites" count="18"/>
      <shelf name="all-time-100-novels" count="18"/>
      <shelf name="race" count="18"/>
      <shelf name="i-own" count="18"/>
      <shelf name="mississippi" count="18"/>
      <shelf name="ebook" count="17"/>
      <shelf name="to-re-read" count="17"/>
      <shelf name="own-it" count="16"/>
      <shelf name="fiction-literature" count="16"/>
      <shelf name="read-for-school" count="16"/>
      <shelf name="high-school" count="16"/>
      <shelf name="modern-fiction" count="16"/>
      <shelf name="nobel-laureates" count="15"/>
      <shelf name="nobel-prize-winners" count="15"/>
      <shelf name="to-read-fiction" count="15"/>
      <shelf name="my-books" count="15"/>
      <shelf name="home-library" count="14"/>
      <shelf name="english" count="14"/>
      <shelf name="for-school" count="14"/>
      <shelf name="bookshelf" count="14"/>
      <shelf name="american-classics" count="14"/>
      <shelf name="my-bookshelf" count="13"/>
      <shelf name="racism" count="13"/>
      <shelf name="favorite" count="13"/>
  </popular_shelves>
  <book_links>
    <book_link>
  <id>8</id>
  <name>Libraries</name>
  <link>https://www.goodreads.com/book_link/follow/8</link>
</book_link>

  </book_links>
  <buy_links>
    <buy_link>
<id>1</id>
<name>Amazon</name>
<link>https://www.goodreads.com/book_link/follow/1</link>
</buy_link>
<buy_link>
<id>10</id>
<name>Audible</name>
<link>https://www.goodreads.com/book_link/follow/10</link>
</buy_link>
<buy_link>
<id>3</id>
<name>Barnes &amp; Noble</name>
<link>https://www.goodreads.com/book_link/follow/3</link>
</buy_link>
<buy_link>
<id>1027</id>
<name>Kobo</name>
<link>https://www.goodreads.com/book_link/follow/1027</link>
</buy_link>
<buy_link>
<id>2102</id>
<name>Apple iBooks</name>
<link>https://www.goodreads.com/book_link/follow/2102</link>
</buy_link>
<buy_link>
<id>8036</id>
<name>Google Play</name>
<link>https://www.goodreads.com/book_link/follow/8036</link>
</buy_link>
<buy_link>
<id>4</id>
<name>Abebooks</name>
<link>https://www.goodreads.com/book_link/follow/4</link>
</buy_link>
<buy_link>
<id>882</id>
<name>Book Depository</name>
<link>https://www.goodreads.com/book_link/follow/882</link>
</buy_link>
<buy_link>
<id>9</id>
<name>Indigo</name>
<link>https://www.goodreads.com/book_link/follow/9</link>
</buy_link>
<buy_link>
<id>2</id>
<name>Half.com</name>
<link>https://www.goodreads.com/book_link/follow/2</link>
</buy_link>
<buy_link>
<id>5</id>
<name>Alibris</name>
<link>https://www.goodreads.com/book_link/follow/5</link>
</buy_link>
<buy_link>
<id>107</id>
<name>Better World Books</name>
<link>https://www.goodreads.com/book_link/follow/107</link>
</buy_link>
<buy_link>
<id>7</id>
<name>IndieBound</name>
<link>https://www.goodreads.com/book_link/follow/7</link>
</buy_link>

  </buy_links>
  <series_works>
    
  </series_works>
  <similar_books>
          <book>
<id>126603</id>
<title>Studs Lonigan</title>
<title_without_series>Studs Lonigan</title_without_series>
<link><![CDATA[https://www.goodreads.com/book/show/126603.Studs_Lonigan]]></link>
<small_image_url><![CDATA[https://s.gr-assets.com/assets/nophoto/book/50x75-a91bf249278a81aabab721ef782c4a74.png]]></small_image_url>
<image_url><![CDATA[https://s.gr-assets.com/assets/nophoto/book/111x148-bcc042a9c91a29c1d680899eff700a03.png]]></image_url>
<num_pages></num_pages>
<work>
<id>121922</id>
</work>
<isbn>1931082553</isbn>
<isbn13>9781931082556</isbn13>
<average_rating>3.80</average_rating>
<ratings_count>1919</ratings_count>
<publication_year>2004</publication_year>
<publication_month></publication_month>
<publication_day></publication_day>
<authors>
<author>
<id>6165</id>
<name>James T. Farrell</name>
<link><![CDATA[https://www.goodreads.com/author/show/6165.James_T_Farrell]]></link>
</author>
</authors>
</book>

          <book>
<id>771507</id>
<title>Loving</title>
<title_without_series>Loving</title_without_series>
<link><![CDATA[https://www.goodreads.com/book/show/771507.Loving]]></link>
<small_image_url><![CDATA[https://images.gr-assets.com/books/1358882664s/771507.jpg]]></small_image_url>
<image_url><![CDATA[https://images.gr-assets.com/books/1358882664m/771507.jpg]]></image_url>
<num_pages>224</num_pages>
<work>
<id>3105878</id>
</work>
<isbn>0099285096</isbn>
<isbn13>9780099285090</isbn13>
<average_rating>3.57</average_rating>
<ratings_count>2668</ratings_count>
<publication_year>2001</publication_year>
<publication_month>5</publication_month>
<publication_day>30</publication_day>
<authors>
<author>
<id>16649</id>
<name>Henry Green</name>
<link><![CDATA[https://www.goodreads.com/author/show/16649.Henry_Green]]></link>
</author>
</authors>
</book>

          <book>
<id>16115</id>
<title><![CDATA[A Dance to the Music of Time: 2nd Movement (A Dance to the Music of Time, #4-6)]]></title>
<title_without_series><![CDATA[A Dance to the Music of Time: 2nd Movement]]></title_without_series>
<link><![CDATA[https://www.goodreads.com/book/show/16115.A_Dance_to_the_Music_of_Time]]></link>
<small_image_url><![CDATA[https://s.gr-assets.com/assets/nophoto/book/50x75-a91bf249278a81aabab721ef782c4a74.png]]></small_image_url>
<image_url><![CDATA[https://s.gr-assets.com/assets/nophoto/book/111x148-bcc042a9c91a29c1d680899eff700a03.png]]></image_url>
<num_pages>722</num_pages>
<work>
<id>1844144</id>
</work>
<isbn>0226677168</isbn>
<isbn13>9780226677163</isbn13>
<average_rating>4.28</average_rating>
<ratings_count>1073</ratings_count>
<publication_year>1995</publication_year>
<publication_month>6</publication_month>
<publication_day>15</publication_day>
<authors>
<author>
<id>9947</id>
<name>Anthony Powell</name>
<link><![CDATA[https://www.goodreads.com/author/show/9947.Anthony_Powell]]></link>
</author>
</authors>
</book>

          <book>
<id>7103</id>
<title>The Big Money (U.S.A., #3)</title>
<title_without_series>The Big Money</title_without_series>
<link><![CDATA[https://www.goodreads.com/book/show/7103.The_Big_Money]]></link>
<small_image_url><![CDATA[https://images.gr-assets.com/books/1398915355s/7103.jpg]]></small_image_url>
<image_url><![CDATA[https://images.gr-assets.com/books/1398915355m/7103.jpg]]></image_url>
<num_pages></num_pages>
<work>
<id>130564</id>
</work>
<isbn>0618056831</isbn>
<isbn13>9780618056835</isbn13>
<average_rating>4.04</average_rating>
<ratings_count>1935</ratings_count>
<publication_year></publication_year>
<publication_month></publication_month>
<publication_day></publication_day>
<authors>
<author>
<id>4778</id>
<name>John Dos Passos</name>
<link><![CDATA[https://www.goodreads.com/author/show/4778.John_Dos_Passos]]></link>
</author>
</authors>
</book>

          <book>
<id>5849</id>
<title>A House for Mr Biswas</title>
<title_without_series>A House for Mr Biswas</title_without_series>
<link><![CDATA[https://www.goodreads.com/book/show/5849.A_House_for_Mr_Biswas]]></link>
<small_image_url><![CDATA[https://s.gr-assets.com/assets/nophoto/book/50x75-a91bf249278a81aabab721ef782c4a74.png]]></small_image_url>
<image_url><![CDATA[https://s.gr-assets.com/assets/nophoto/book/111x148-bcc042a9c91a29c1d680899eff700a03.png]]></image_url>
<num_pages>623</num_pages>
<work>
<id>2927347</id>
</work>
<isbn>0330487191</isbn>
<isbn13>9780330487191</isbn13>
<average_rating>3.82</average_rating>
<ratings_count>14614</ratings_count>
<publication_year>2003</publication_year>
<publication_month></publication_month>
<publication_day></publication_day>
<authors>
<author>
<id>3989</id>
<name>V.S. Naipaul</name>
<link><![CDATA[https://www.goodreads.com/author/show/3989.V_S_Naipaul]]></link>
</author>
</authors>
</book>

          <book>
<id>5212</id>
<title><![CDATA[The Best Way to Play: A Little Bill Book]]></title>
<title_without_series><![CDATA[The Best Way to Play: A Little Bill Book]]></title_without_series>
<link><![CDATA[https://www.goodreads.com/book/show/5212.The_Best_Way_to_Play]]></link>
<small_image_url><![CDATA[https://s.gr-assets.com/assets/nophoto/book/50x75-a91bf249278a81aabab721ef782c4a74.png]]></small_image_url>
<image_url><![CDATA[https://s.gr-assets.com/assets/nophoto/book/111x148-bcc042a9c91a29c1d680899eff700a03.png]]></image_url>
<num_pages>40</num_pages>
<work>
<id>8699</id>
</work>
<isbn>0590956175</isbn>
<isbn13>9780590956178</isbn13>
<average_rating>3.50</average_rating>
<ratings_count>360</ratings_count>
<publication_year>1997</publication_year>
<publication_month>9</publication_month>
<publication_day>1</publication_day>
<authors>
<author>
<id>3537</id>
<name>Bill Cosby</name>
<link><![CDATA[https://www.goodreads.com/author/show/3537.Bill_Cosby]]></link>
</author>
</authors>
</book>

          <book>
<id>91494</id>
<title>The Death of the Heart</title>
<title_without_series>The Death of the Heart</title_without_series>
<link><![CDATA[https://www.goodreads.com/book/show/91494.The_Death_of_the_Heart]]></link>
<small_image_url><![CDATA[https://images.gr-assets.com/books/1497190244s/91494.jpg]]></small_image_url>
<image_url><![CDATA[https://images.gr-assets.com/books/1497190244m/91494.jpg]]></image_url>
<num_pages>418</num_pages>
<work>
<id>2225358</id>
</work>
<isbn>0385720173</isbn>
<isbn13>9780385720175</isbn13>
<average_rating>3.70</average_rating>
<ratings_count>5028</ratings_count>
<publication_year>2000</publication_year>
<publication_month>5</publication_month>
<publication_day>9</publication_day>
<authors>
<author>
<id>52578</id>
<name>Elizabeth Bowen</name>
<link><![CDATA[https://www.goodreads.com/author/show/52578.Elizabeth_Bowen]]></link>
</author>
</authors>
</book>

          <book>
<id>11908</id>
<title>The Adventures of Augie March</title>
<title_without_series>The Adventures of Augie March</title_without_series>
<link><![CDATA[https://www.goodreads.com/book/show/11908.The_Adventures_of_Augie_March]]></link>
<small_image_url><![CDATA[https://s.gr-assets.com/assets/nophoto/book/50x75-a91bf249278a81aabab721ef782c4a74.png]]></small_image_url>
<image_url><![CDATA[https://s.gr-assets.com/assets/nophoto/book/111x148-bcc042a9c91a29c1d680899eff700a03.png]]></image_url>
<num_pages>586</num_pages>
<work>
<id>2453177</id>
</work>
<isbn>0143039571</isbn>
<isbn13>9780143039570</isbn13>
<average_rating>3.85</average_rating>
<ratings_count>13751</ratings_count>
<publication_year>2006</publication_year>
<publication_month>10</publication_month>
<publication_day>3</publication_day>
<authors>
<author>
<id>4391</id>
<name>Saul Bellow</name>
<link><![CDATA[https://www.goodreads.com/author/show/4391.Saul_Bellow]]></link>
</author>
</authors>
</book>

          <book>
<id>11890</id>
<title>The Wapshot Chronicle</title>
<title_without_series>The Wapshot Chronicle</title_without_series>
<link><![CDATA[https://www.goodreads.com/book/show/11890.The_Wapshot_Chronicle]]></link>
<small_image_url><![CDATA[https://images.gr-assets.com/books/1405912722s/11890.jpg]]></small_image_url>
<image_url><![CDATA[https://images.gr-assets.com/books/1405912722m/11890.jpg]]></image_url>
<num_pages>352</num_pages>
<work>
<id>1527547</id>
</work>
<isbn>0060528877</isbn>
<isbn13>9780060528874</isbn13>
<average_rating>3.76</average_rating>
<ratings_count>5747</ratings_count>
<publication_year></publication_year>
<publication_month></publication_month>
<publication_day></publication_day>
<authors>
<author>
<id>7464</id>
<name>John Cheever</name>
<link><![CDATA[https://www.goodreads.com/author/show/7464.John_Cheever]]></link>
</author>
</authors>
</book>

          <book>
<id>259020</id>
<title>The Golden Bowl </title>
<title_without_series>The Golden Bowl</title_without_series>
<link><![CDATA[https://www.goodreads.com/book/show/259020.The_Golden_Bowl]]></link>
<small_image_url><![CDATA[https://s.gr-assets.com/assets/nophoto/book/50x75-a91bf249278a81aabab721ef782c4a74.png]]></small_image_url>
<image_url><![CDATA[https://s.gr-assets.com/assets/nophoto/book/111x148-bcc042a9c91a29c1d680899eff700a03.png]]></image_url>
<num_pages>591</num_pages>
<work>
<id>118576</id>
</work>
<isbn>0140432353</isbn>
<isbn13>9780140432350</isbn13>
<average_rating>3.78</average_rating>
<ratings_count>9241</ratings_count>
<publication_year>1985</publication_year>
<publication_month>5</publication_month>
<publication_day>7</publication_day>
<authors>
<author>
<id>159</id>
<name>Henry James</name>
<link><![CDATA[https://www.goodreads.com/author/show/159.Henry_James]]></link>
</author>
</authors>
</book>

          <book>
<id>10739</id>
<title>The Moviegoer</title>
<title_without_series>The Moviegoer</title_without_series>
<link><![CDATA[https://www.goodreads.com/book/show/10739.The_Moviegoer]]></link>
<small_image_url><![CDATA[https://images.gr-assets.com/books/1437668043s/10739.jpg]]></small_image_url>
<image_url><![CDATA[https://images.gr-assets.com/books/1437668043m/10739.jpg]]></image_url>
<num_pages>242</num_pages>
<work>
<id>1209450</id>
</work>
<isbn>0375701966</isbn>
<isbn13>9780375701962</isbn13>
<average_rating>3.70</average_rating>
<ratings_count>20110</ratings_count>
<publication_year></publication_year>
<publication_month></publication_month>
<publication_day></publication_day>
<authors>
<author>
<id>337</id>
<name>Walker Percy</name>
<link><![CDATA[https://www.goodreads.com/author/show/337.Walker_Percy]]></link>
</author>
</authors>
</book>

          <book>
<id>188454</id>
<title>The Old Wives&apos; Tale</title>
<title_without_series>The Old Wives&apos; Tale</title_without_series>
<link><![CDATA[https://www.goodreads.com/book/show/188454.The_Old_Wives_Tale]]></link>
<small_image_url><![CDATA[https://images.gr-assets.com/books/1489465786s/188454.jpg]]></small_image_url>
<image_url><![CDATA[https://images.gr-assets.com/books/1489465786m/188454.jpg]]></image_url>
<num_pages>565</num_pages>
<work>
<id>2248867</id>
</work>
<isbn>0375754903</isbn>
<isbn13>9780375754906</isbn13>
<average_rating>3.80</average_rating>
<ratings_count>3373</ratings_count>
<publication_year>1999</publication_year>
<publication_month>11</publication_month>
<publication_day>1</publication_day>
<authors>
<author>
<id>3314</id>
<name>Arnold Bennett</name>
<link><![CDATA[https://www.goodreads.com/author/show/3314.Arnold_Bennett]]></link>
</author>
</authors>
</book>

          <book>
<id>126583</id>
<title>Appointment in Samarra</title>
<title_without_series>Appointment in Samarra</title_without_series>
<link><![CDATA[https://www.goodreads.com/book/show/126583.Appointment_in_Samarra]]></link>
<small_image_url><![CDATA[https://images.gr-assets.com/books/1320446769s/126583.jpg]]></small_image_url>
<image_url><![CDATA[https://images.gr-assets.com/books/1320446769m/126583.jpg]]></image_url>
<num_pages>251</num_pages>
<work>
<id>2555382</id>
</work>
<isbn>0375719202</isbn>
<isbn13>9780375719202</isbn13>
<average_rating>3.83</average_rating>
<ratings_count>11425</ratings_count>
<publication_year>2003</publication_year>
<publication_month>7</publication_month>
<publication_day>8</publication_day>
<authors>
<author>
<id>27991</id>
<name>John O&apos;Hara</name>
<link><![CDATA[https://www.goodreads.com/author/show/27991.John_O_Hara]]></link>
</author>
</authors>
</book>

          <book>
<id>113091</id>
<title>A Death in the Family</title>
<title_without_series>A Death in the Family</title_without_series>
<link><![CDATA[https://www.goodreads.com/book/show/113091.A_Death_in_the_Family]]></link>
<small_image_url><![CDATA[https://images.gr-assets.com/books/1327885315s/113091.jpg]]></small_image_url>
<image_url><![CDATA[https://images.gr-assets.com/books/1327885315m/113091.jpg]]></image_url>
<num_pages>320</num_pages>
<work>
<id>2115367</id>
</work>
<isbn>0375701230</isbn>
<isbn13>9780375701238</isbn13>
<average_rating>3.92</average_rating>
<ratings_count>11682</ratings_count>
<publication_year>1998</publication_year>
<publication_month>7</publication_month>
<publication_day>28</publication_day>
<authors>
<author>
<id>29611</id>
<name>James Agee</name>
<link><![CDATA[https://www.goodreads.com/author/show/29611.James_Agee]]></link>
</author>
</authors>
</book>

          <book>
<id>113441</id>
<title>The Day of the Locust</title>
<title_without_series>The Day of the Locust</title_without_series>
<link><![CDATA[https://www.goodreads.com/book/show/113441.The_Day_of_the_Locust]]></link>
<small_image_url><![CDATA[https://s.gr-assets.com/assets/nophoto/book/50x75-a91bf249278a81aabab721ef782c4a74.png]]></small_image_url>
<image_url><![CDATA[https://s.gr-assets.com/assets/nophoto/book/111x148-bcc042a9c91a29c1d680899eff700a03.png]]></image_url>
<num_pages>208</num_pages>
<work>
<id>990677</id>
</work>
<isbn>0451523482</isbn>
<isbn13>9780451523488</isbn13>
<average_rating>3.78</average_rating>
<ratings_count>16703</ratings_count>
<publication_year>1983</publication_year>
<publication_month>9</publication_month>
<publication_day>6</publication_day>
<authors>
<author>
<id>65685</id>
<name>Nathanael West</name>
<link><![CDATA[https://www.goodreads.com/author/show/65685.Nathanael_West]]></link>
</author>
</authors>
</book>

          <book>
<id>188458</id>
<title>A High Wind in Jamaica</title>
<title_without_series>A High Wind in Jamaica</title_without_series>
<link><![CDATA[https://www.goodreads.com/book/show/188458.A_High_Wind_in_Jamaica]]></link>
<small_image_url><![CDATA[https://s.gr-assets.com/assets/nophoto/book/50x75-a91bf249278a81aabab721ef782c4a74.png]]></small_image_url>
<image_url><![CDATA[https://s.gr-assets.com/assets/nophoto/book/111x148-bcc042a9c91a29c1d680899eff700a03.png]]></image_url>
<num_pages>279</num_pages>
<work>
<id>2166961</id>
</work>
<isbn>0940322153</isbn>
<isbn13>9780940322158</isbn13>
<average_rating>3.79</average_rating>
<ratings_count>6689</ratings_count>
<publication_year>1999</publication_year>
<publication_month>9</publication_month>
<publication_day>30</publication_day>
<authors>
<author>
<id>295289</id>
<name>Richard Hughes</name>
<link><![CDATA[https://www.goodreads.com/author/show/295289.Richard_Hughes]]></link>
</author>
</authors>
</book>

  </similar_books>
</book>

</GoodreadsResponse>