<?xml version="1.0" encoding="UTF-8"?>
<GoodreadsResponse>
  <Request>
    <authentication>true</authentication>
      <key><![CDATA[all_men_must_serve]]></key>
    <method><![CDATA[book_show]]></method>
  </Request>
  <book>
  <id>1098486</id>
  <title><![CDATA[The Center Cannot Hold: My Journey Through Madness]]></title>
  <isbn><![CDATA[140130138X]]></isbn>
  <isbn13><![CDATA[9781401301385]]></isbn13>
  <asin><![CDATA[]]></asin>
  <kindle_asin><![CDATA[]]></kindle_asin>
  <marketplace_id><![CDATA[]]></marketplace_id>
  <country_code><![CDATA[GB]]></country_code>
  <image_url>https://s.gr-assets.com/assets/nophoto/book/111x148-bcc042a9c91a29c1d680899eff700a03.png</image_url>
  <small_image_url>https://s.gr-assets.com/assets/nophoto/book/50x75-a91bf249278a81aabab721ef782c4a74.png</small_image_url>
  <publication_year>2007</publication_year>
  <publication_month>8</publication_month>
  <publication_day>14</publication_day>
  <publisher>Hachette Books</publisher>
  <language_code>eng</language_code>
  <is_ebook>false</is_ebook>
  <description><![CDATA[Elyn Saks is a success by any measure: she's an endowed professor at the prestigious University of Southern California Gould School of Law. She has managed to achieve this in spite of being diagnosed as schizophrenic and given a "grave" prognosis -- and suffering the effects of her illness throughout her life. <p>Saks was only eight, and living an otherwise idyllic childhood in sunny 1960s Miami, when her first symptoms appeared in the form of obsessions and night terrors. But it was not until she reached Oxford University as a Marshall Scholar that her first full-blown episode, complete with voices in her head and terrifying suicidal fantasies, forced her into a psychiatric hospital.</p> <p>Saks would later attend Yale Law School where one night, during her first term, she had a breakdown that left her singing on the roof of the law school library at midnight. She was taken to the emergency room, force-fed antipsychotic medication, and tied hand-and-foot to the cold metal of a hospital bed. She spent the next five months in a psychiatric ward.</p> <p>So began Saks's long war with her own internal demons and the equally powerful forces of stigma. Today she is a chaired professor of law who researches and writes about the rights of the mentally ill. She is married to a wonderful man.</p> <p>In <i>The Center Cannot Hold</i>, Elyn Saks discusses frankly and movingly the paranoia, the inability to tell imaginary fears from real ones, and the voices in her head insisting she do terrible things, as well as the many obstacles she overcame to become the woman she is today. It is destined to become a classic in the genre.</p>]]></description>
  <work>
  <id type="integer">1085345</id>
  <books_count type="integer">17</books_count>
  <best_book_id type="integer">1098486</best_book_id>
  <reviews_count type="integer">26680</reviews_count>
  <ratings_sum type="integer">37951</ratings_sum>
  <ratings_count type="integer">8983</ratings_count>
  <text_reviews_count type="integer">886</text_reviews_count>
  <original_publication_year type="integer">2007</original_publication_year>
  <original_publication_month type="integer">1</original_publication_month>
  <original_publication_day type="integer">1</original_publication_day>
  <original_title>The Center Cannot Hold</original_title>
  <original_language_id type="integer" nil="true"/>
  <media_type>book</media_type>
  <rating_dist>5:4151|4:3172|3:1281|2:286|1:93|total:8983</rating_dist>
  <desc_user_id type="integer">974210</desc_user_id>
  <default_chaptering_book_id type="integer" nil="true"/>
  <default_description_language_code nil="true"/>
</work>
  <average_rating>4.22</average_rating>
  <num_pages><![CDATA[340]]></num_pages>
  <format><![CDATA[Hardcover]]></format>
  <edition_information><![CDATA[]]></edition_information>
  <ratings_count><![CDATA[7540]]></ratings_count>
  <text_reviews_count><![CDATA[739]]></text_reviews_count>
  <url><![CDATA[https://www.goodreads.com/book/show/1098486.The_Center_Cannot_Hold]]></url>
  <link><![CDATA[https://www.goodreads.com/book/show/1098486.The_Center_Cannot_Hold]]></link>
  <authors>
<author>
<id>542704</id>
<name>Elyn R. Saks</name>
<role></role>
<image_url nophoto='false'>
<![CDATA[https://images.gr-assets.com/authors/1422478032p5/542704.jpg]]>
</image_url>
<small_image_url nophoto='false'>
<![CDATA[https://images.gr-assets.com/authors/1422478032p2/542704.jpg]]>
</small_image_url>
<link><![CDATA[https://www.goodreads.com/author/show/542704.Elyn_R_Saks]]></link>
<average_rating>4.22</average_rating>
<ratings_count>9043</ratings_count>
<text_reviews_count>894</text_reviews_count>
</author>
</authors>

    <reviews_widget>
      <![CDATA[
        <style>
  #goodreads-widget {
    font-family: georgia, serif;
    padding: 18px 0;
    width:565px;
  }
  #goodreads-widget h1 {
    font-weight:normal;
    font-size: 16px;
    border-bottom: 1px solid #BBB596;
    margin-bottom: 0;
  }
  #goodreads-widget a {
    text-decoration: none;
    color:#660;
  }
  iframe{
    background-color: #fff;
  }
  #goodreads-widget a:hover { text-decoration: underline; }
  #goodreads-widget a:active {
    color:#660;
  }
  #gr_footer {
    width: 100%;
    border-top: 1px solid #BBB596;
    text-align: right;
  }
  #goodreads-widget .gr_branding{
    color: #382110;
    font-size: 11px;
    text-decoration: none;
    font-family: "Helvetica Neue", Helvetica, Arial, sans-serif;
  }
</style>
<div id="goodreads-widget">
  <div id="gr_header"><h1><a rel="nofollow" href="https://www.goodreads.com/book/show/1098486.The_Center_Cannot_Hold">The Center Cannot Hold Reviews</a></h1></div>
  <iframe id="the_iframe" src="https://www.goodreads.com/api/reviews_widget_iframe?did=DEVELOPER_ID&amp;format=html&amp;isbn=140130138X&amp;links=660&amp;min_rating=&amp;review_back=fff&amp;stars=000&amp;text=000" width="565" height="400" frameborder="0"></iframe>
  <div id="gr_footer">
    <a class="gr_branding" target="_blank" rel="nofollow" href="https://www.goodreads.com/book/show/1098486.The_Center_Cannot_Hold?utm_medium=api&amp;utm_source=reviews_widget">Reviews from Goodreads.com</a>
  </div>
</div>

      ]]>
    </reviews_widget>
  <popular_shelves>
      <shelf name="to-read" count="16466"/>
      <shelf name="currently-reading" count="354"/>
      <shelf name="non-fiction" count="269"/>
      <shelf name="psychology" count="269"/>
      <shelf name="memoir" count="249"/>
      <shelf name="nonfiction" count="139"/>
      <shelf name="mental-health" count="121"/>
      <shelf name="memoirs" count="118"/>
      <shelf name="mental-illness" count="108"/>
      <shelf name="favorites" count="69"/>
      <shelf name="biography" count="69"/>
      <shelf name="psych" count="50"/>
      <shelf name="biography-memoir" count="34"/>
      <shelf name="schizophrenia" count="30"/>
      <shelf name="autobiography" count="30"/>
      <shelf name="memoir-biography" count="20"/>
      <shelf name="psychiatry" count="19"/>
      <shelf name="medical" count="19"/>
      <shelf name="book-club" count="18"/>
      <shelf name="science" count="17"/>
      <shelf name="medicine" count="15"/>
      <shelf name="owned" count="15"/>
      <shelf name="kindle" count="15"/>
      <shelf name="library" count="13"/>
      <shelf name="audiobook" count="13"/>
      <shelf name="biographies" count="13"/>
      <shelf name="bio-memoir" count="13"/>
      <shelf name="to-buy" count="13"/>
      <shelf name="wish-list" count="12"/>
      <shelf name="books-i-own" count="12"/>
      <shelf name="health" count="11"/>
      <shelf name="audiobooks" count="11"/>
      <shelf name="adult" count="9"/>
      <shelf name="women" count="9"/>
      <shelf name="memoir-autobiography" count="9"/>
      <shelf name="mental" count="9"/>
      <shelf name="social-work" count="8"/>
      <shelf name="bios" count="8"/>
      <shelf name="to-read-non-fiction" count="8"/>
      <shelf name="neuroscience" count="7"/>
      <shelf name="psychological" count="7"/>
      <shelf name="psychology-sociology" count="7"/>
      <shelf name="maybe" count="6"/>
      <shelf name="read-2015" count="6"/>
      <shelf name="read-in-2015" count="6"/>
      <shelf name="books-to-buy" count="6"/>
      <shelf name="autobiography-memoir" count="6"/>
      <shelf name="auto-bio-memoir" count="6"/>
      <shelf name="borrowed" count="6"/>
      <shelf name="want-to-read" count="6"/>
      <shelf name="bookclub" count="6"/>
      <shelf name="female-authors" count="6"/>
      <shelf name="audible" count="6"/>
      <shelf name="owned-books" count="5"/>
      <shelf name="recommended" count="5"/>
      <shelf name="own-kindle" count="5"/>
      <shelf name="to-read-nonfiction" count="5"/>
      <shelf name="school" count="5"/>
      <shelf name="disability" count="5"/>
      <shelf name="to-read-psychology" count="5"/>
      <shelf name="counseling" count="5"/>
      <shelf name="ebook" count="5"/>
      <shelf name="madness" count="5"/>
      <shelf name="2016-reads" count="4"/>
      <shelf name="non-fiction-to-read" count="4"/>
      <shelf name="biographical" count="4"/>
      <shelf name="psychology-books" count="4"/>
      <shelf name="biography-and-memoir" count="4"/>
      <shelf name="have" count="4"/>
      <shelf name="for-work" count="4"/>
      <shelf name="psychology-psychiatry" count="4"/>
      <shelf name="non-fic" count="4"/>
      <shelf name="nonfic" count="4"/>
      <shelf name="need-to-buy" count="4"/>
      <shelf name="work" count="4"/>
      <shelf name="read-in-2012" count="4"/>
      <shelf name="auto-biography" count="4"/>
      <shelf name="audio" count="4"/>
      <shelf name="to-read-soon" count="4"/>
      <shelf name="american" count="4"/>
      <shelf name="to-purchase" count="4"/>
      <shelf name="bio" count="4"/>
      <shelf name="audio-book" count="4"/>
      <shelf name="i-own" count="3"/>
      <shelf name="biography-autobiography" count="3"/>
      <shelf name="read-in-2016" count="3"/>
      <shelf name="my-books" count="3"/>
      <shelf name="autobiography-biography-memoir" count="3"/>
      <shelf name="psychology-psychotherapy" count="3"/>
      <shelf name="unread" count="3"/>
      <shelf name="neuro" count="3"/>
      <shelf name="disease" count="3"/>
      <shelf name="kindle-books" count="3"/>
      <shelf name="books-i-want" count="3"/>
      <shelf name="favorite-books" count="3"/>
      <shelf name="bought" count="3"/>
      <shelf name="social-issues" count="3"/>
      <shelf name="on-kindle" count="3"/>
      <shelf name="psych-books" count="3"/>
      <shelf name="autobiographical" count="3"/>
  </popular_shelves>
  <book_links>
    <book_link>
  <id>8</id>
  <name>Libraries</name>
  <link>https://www.goodreads.com/book_link/follow/8</link>
</book_link>

  </book_links>
  <buy_links>
    <buy_link>
<id>1</id>
<name>Amazon</name>
<link>https://www.goodreads.com/book_link/follow/1</link>
</buy_link>
<buy_link>
<id>10</id>
<name>Audible</name>
<link>https://www.goodreads.com/book_link/follow/10</link>
</buy_link>
<buy_link>
<id>3</id>
<name>Barnes &amp; Noble</name>
<link>https://www.goodreads.com/book_link/follow/3</link>
</buy_link>
<buy_link>
<id>1027</id>
<name>Kobo</name>
<link>https://www.goodreads.com/book_link/follow/1027</link>
</buy_link>
<buy_link>
<id>2102</id>
<name>Apple iBooks</name>
<link>https://www.goodreads.com/book_link/follow/2102</link>
</buy_link>
<buy_link>
<id>8036</id>
<name>Google Play</name>
<link>https://www.goodreads.com/book_link/follow/8036</link>
</buy_link>
<buy_link>
<id>4</id>
<name>Abebooks</name>
<link>https://www.goodreads.com/book_link/follow/4</link>
</buy_link>
<buy_link>
<id>882</id>
<name>Book Depository</name>
<link>https://www.goodreads.com/book_link/follow/882</link>
</buy_link>
<buy_link>
<id>9</id>
<name>Indigo</name>
<link>https://www.goodreads.com/book_link/follow/9</link>
</buy_link>
<buy_link>
<id>2</id>
<name>Half.com</name>
<link>https://www.goodreads.com/book_link/follow/2</link>
</buy_link>
<buy_link>
<id>5</id>
<name>Alibris</name>
<link>https://www.goodreads.com/book_link/follow/5</link>
</buy_link>
<buy_link>
<id>107</id>
<name>Better World Books</name>
<link>https://www.goodreads.com/book_link/follow/107</link>
</buy_link>
<buy_link>
<id>7</id>
<name>IndieBound</name>
<link>https://www.goodreads.com/book_link/follow/7</link>
</buy_link>

  </buy_links>
  <series_works>
    
  </series_works>
  <similar_books>
          <book>
<id>297762</id>
<title>The Day the Voices Stopped</title>
<title_without_series>The Day the Voices Stopped</title_without_series>
<link><![CDATA[https://www.goodreads.com/book/show/297762.The_Day_the_Voices_Stopped]]></link>
<small_image_url><![CDATA[https://images.gr-assets.com/books/1421709021s/297762.jpg]]></small_image_url>
<image_url><![CDATA[https://images.gr-assets.com/books/1421709021m/297762.jpg]]></image_url>
<num_pages>272</num_pages>
<work>
<id>1232300</id>
</work>
<isbn>0465082270</isbn>
<isbn13>9780465082278</isbn13>
<average_rating>3.92</average_rating>
<ratings_count>1087</ratings_count>
<publication_year>2002</publication_year>
<publication_month>5</publication_month>
<publication_day>9</publication_day>
<authors>
<author>
<id>171803</id>
<name>Ken Steele</name>
<link><![CDATA[https://www.goodreads.com/author/show/171803.Ken_Steele]]></link>
</author>
</authors>
</book>

          <book>
<id>125424</id>
<title><![CDATA[The Quiet Room: A Journey Out of the Torment of Madness]]></title>
<title_without_series><![CDATA[The Quiet Room: A Journey Out of the Torment of Madness]]></title_without_series>
<link><![CDATA[https://www.goodreads.com/book/show/125424.The_Quiet_Room]]></link>
<small_image_url><![CDATA[https://s.gr-assets.com/assets/nophoto/book/50x75-a91bf249278a81aabab721ef782c4a74.png]]></small_image_url>
<image_url><![CDATA[https://s.gr-assets.com/assets/nophoto/book/111x148-bcc042a9c91a29c1d680899eff700a03.png]]></image_url>
<num_pages></num_pages>
<work>
<id>120793</id>
</work>
<isbn>0446671339</isbn>
<isbn13>9780446671330</isbn13>
<average_rating>4.01</average_rating>
<ratings_count>6143</ratings_count>
<publication_year></publication_year>
<publication_month></publication_month>
<publication_day></publication_day>
<authors>
<author>
<id>72243</id>
<name>Lori Schiller</name>
<link><![CDATA[https://www.goodreads.com/author/show/72243.Lori_Schiller]]></link>
</author>
</authors>
</book>

          <book>
<id>402432</id>
<title><![CDATA[Crazy: A Father's Search Through America's Mental Health Madness]]></title>
<title_without_series><![CDATA[Crazy: A Father's Search Through America's Mental Health Madness]]></title_without_series>
<link><![CDATA[https://www.goodreads.com/book/show/402432.Crazy]]></link>
<small_image_url><![CDATA[https://images.gr-assets.com/books/1327878361s/402432.jpg]]></small_image_url>
<image_url><![CDATA[https://images.gr-assets.com/books/1327878361m/402432.jpg]]></image_url>
<num_pages></num_pages>
<work>
<id>32561</id>
</work>
<isbn>0425213897</isbn>
<isbn13>9780425213896</isbn13>
<average_rating>4.20</average_rating>
<ratings_count>2284</ratings_count>
<publication_year></publication_year>
<publication_month></publication_month>
<publication_day></publication_day>
<authors>
<author>
<id>18225</id>
<name>Pete Earley</name>
<link><![CDATA[https://www.goodreads.com/author/show/18225.Pete_Earley]]></link>
</author>
</authors>
</book>

          <book>
<id>73384</id>
<title><![CDATA[A Shining Affliction: A Story of Harm and Healing in Psychotherapy]]></title>
<title_without_series><![CDATA[A Shining Affliction: A Story of Harm and Healing in Psychotherapy]]></title_without_series>
<link><![CDATA[https://www.goodreads.com/book/show/73384.A_Shining_Affliction]]></link>
<small_image_url><![CDATA[https://s.gr-assets.com/assets/nophoto/book/50x75-a91bf249278a81aabab721ef782c4a74.png]]></small_image_url>
<image_url><![CDATA[https://s.gr-assets.com/assets/nophoto/book/111x148-bcc042a9c91a29c1d680899eff700a03.png]]></image_url>
<num_pages>336</num_pages>
<work>
<id>1302658</id>
</work>
<isbn>0140240128</isbn>
<isbn13>9780140240122</isbn13>
<average_rating>4.19</average_rating>
<ratings_count>1319</ratings_count>
<publication_year>1996</publication_year>
<publication_month>8</publication_month>
<publication_day>1</publication_day>
<authors>
<author>
<id>41545</id>
<name>Annie G. Rogers</name>
<link><![CDATA[https://www.goodreads.com/author/show/41545.Annie_G_Rogers]]></link>
</author>
</authors>
</book>

          <book>
<id>130609</id>
<title><![CDATA[Divided Minds: Twin Sisters and Their Journey Through Schizophrenia]]></title>
<title_without_series><![CDATA[Divided Minds: Twin Sisters and Their Journey Through Schizophrenia]]></title_without_series>
<link><![CDATA[https://www.goodreads.com/book/show/130609.Divided_Minds]]></link>
<small_image_url><![CDATA[https://images.gr-assets.com/books/1316729799s/130609.jpg]]></small_image_url>
<image_url><![CDATA[https://images.gr-assets.com/books/1316729799m/130609.jpg]]></image_url>
<num_pages></num_pages>
<work>
<id>2308781</id>
</work>
<isbn>0312320655</isbn>
<isbn13>9780312320652</isbn13>
<average_rating>3.91</average_rating>
<ratings_count>1916</ratings_count>
<publication_year></publication_year>
<publication_month></publication_month>
<publication_day></publication_day>
<authors>
<author>
<id>75115</id>
<name>Pamela Spiro Wagner</name>
<link><![CDATA[https://www.goodreads.com/author/show/75115.Pamela_Spiro_Wagner]]></link>
</author>
</authors>
</book>

          <book>
<id>136645</id>
<title>Welcome to My Country</title>
<title_without_series>Welcome to My Country</title_without_series>
<link><![CDATA[https://www.goodreads.com/book/show/136645.Welcome_to_My_Country]]></link>
<small_image_url><![CDATA[https://images.gr-assets.com/books/1320439272s/136645.jpg]]></small_image_url>
<image_url><![CDATA[https://images.gr-assets.com/books/1320439272m/136645.jpg]]></image_url>
<num_pages>199</num_pages>
<work>
<id>3111808</id>
</work>
<isbn>0385487398</isbn>
<isbn13>9780385487399</isbn13>
<average_rating>3.83</average_rating>
<ratings_count>1348</ratings_count>
<publication_year>1997</publication_year>
<publication_month>7</publication_month>
<publication_day>14</publication_day>
<authors>
<author>
<id>31629</id>
<name>Lauren Slater</name>
<link><![CDATA[https://www.goodreads.com/author/show/31629.Lauren_Slater]]></link>
</author>
</authors>
</book>

          <book>
<id>6862259</id>
<title><![CDATA[Danger to Self: On the Front Line with an ER Psychiatrist]]></title>
<title_without_series><![CDATA[Danger to Self: On the Front Line with an ER Psychiatrist]]></title_without_series>
<link><![CDATA[https://www.goodreads.com/book/show/6862259-danger-to-self]]></link>
<small_image_url><![CDATA[https://images.gr-assets.com/books/1368430567s/6862259.jpg]]></small_image_url>
<image_url><![CDATA[https://images.gr-assets.com/books/1368430567m/6862259.jpg]]></image_url>
<num_pages>277</num_pages>
<work>
<id>7077088</id>
</work>
<isbn>0520249844</isbn>
<isbn13>9780520249844</isbn13>
<average_rating>3.61</average_rating>
<ratings_count>722</ratings_count>
<publication_year>2010</publication_year>
<publication_month>1</publication_month>
<publication_day>7</publication_day>
<authors>
<author>
<id>397347</id>
<name>Paul R. Linde</name>
<link><![CDATA[https://www.goodreads.com/author/show/397347.Paul_R_Linde]]></link>
</author>
</authors>
</book>

          <book>
<id>269430</id>
<title><![CDATA[Angelhead: My Brother's Descent into Madness]]></title>
<title_without_series><![CDATA[Angelhead: My Brother's Descent into Madness]]></title_without_series>
<link><![CDATA[https://www.goodreads.com/book/show/269430.Angelhead]]></link>
<small_image_url><![CDATA[https://s.gr-assets.com/assets/nophoto/book/50x75-a91bf249278a81aabab721ef782c4a74.png]]></small_image_url>
<image_url><![CDATA[https://s.gr-assets.com/assets/nophoto/book/111x148-bcc042a9c91a29c1d680899eff700a03.png]]></image_url>
<num_pages>227</num_pages>
<work>
<id>2932778</id>
</work>
<isbn>0226067645</isbn>
<isbn13>9780226067643</isbn13>
<average_rating>3.92</average_rating>
<ratings_count>701</ratings_count>
<publication_year>2005</publication_year>
<publication_month>6</publication_month>
<publication_day>1</publication_day>
<authors>
<author>
<id>157204</id>
<name>Greg Bottoms</name>
<link><![CDATA[https://www.goodreads.com/author/show/157204.Greg_Bottoms]]></link>
</author>
</authors>
</book>

          <book>
<id>6275233</id>
<title><![CDATA[Agnes's Jacket: A Psychologist's Search for the Meanings of Madness]]></title>
<title_without_series><![CDATA[Agnes's Jacket: A Psychologist's Search for the Meanings of Madness]]></title_without_series>
<link><![CDATA[https://www.goodreads.com/book/show/6275233-agnes-s-jacket]]></link>
<small_image_url><![CDATA[https://images.gr-assets.com/books/1312038316s/6275233.jpg]]></small_image_url>
<image_url><![CDATA[https://images.gr-assets.com/books/1312038316m/6275233.jpg]]></image_url>
<num_pages>304</num_pages>
<work>
<id>6458588</id>
</work>
<isbn>1594865442</isbn>
<isbn13>9781594865442</isbn13>
<average_rating>3.96</average_rating>
<ratings_count>223</ratings_count>
<publication_year>2009</publication_year>
<publication_month>3</publication_month>
<publication_day>17</publication_day>
<authors>
<author>
<id>90804</id>
<name>Gail A. Hornstein</name>
<link><![CDATA[https://www.goodreads.com/author/show/90804.Gail_A_Hornstein]]></link>
</author>
</authors>
</book>

          <book>
<id>437622</id>
<title><![CDATA[Mad in America: Bad Science, Bad Medicine and the Enduring Mistreatment of the Mentally Ill]]></title>
<title_without_series><![CDATA[Mad in America: Bad Science, Bad Medicine and the Enduring Mistreatment of the Mentally Ill]]></title_without_series>
<link><![CDATA[https://www.goodreads.com/book/show/437622.Mad_in_America]]></link>
<small_image_url><![CDATA[https://s.gr-assets.com/assets/nophoto/book/50x75-a91bf249278a81aabab721ef782c4a74.png]]></small_image_url>
<image_url><![CDATA[https://s.gr-assets.com/assets/nophoto/book/111x148-bcc042a9c91a29c1d680899eff700a03.png]]></image_url>
<num_pages>334</num_pages>
<work>
<id>426485</id>
</work>
<isbn>0738207993</isbn>
<isbn13>9780738207995</isbn13>
<average_rating>4.13</average_rating>
<ratings_count>1589</ratings_count>
<publication_year>2003</publication_year>
<publication_month>4</publication_month>
<publication_day>17</publication_day>
<authors>
<author>
<id>25674</id>
<name>Robert Whitaker</name>
<link><![CDATA[https://www.goodreads.com/author/show/25674.Robert_Whitaker]]></link>
</author>
</authors>
</book>

          <book>
<id>278194</id>
<title>Life Inside: A Memoir</title>
<title_without_series>Life Inside: A Memoir</title_without_series>
<link><![CDATA[https://www.goodreads.com/book/show/278194.Life_Inside]]></link>
<small_image_url><![CDATA[https://s.gr-assets.com/assets/nophoto/book/50x75-a91bf249278a81aabab721ef782c4a74.png]]></small_image_url>
<image_url><![CDATA[https://s.gr-assets.com/assets/nophoto/book/111x148-bcc042a9c91a29c1d680899eff700a03.png]]></image_url>
<num_pages>368</num_pages>
<work>
<id>269816</id>
</work>
<isbn>0743411501</isbn>
<isbn13>9780743411509</isbn13>
<average_rating>3.80</average_rating>
<ratings_count>511</ratings_count>
<publication_year>2003</publication_year>
<publication_month>11</publication_month>
<publication_day>4</publication_day>
<authors>
<author>
<id>162067</id>
<name>Mindy Lewis</name>
<link><![CDATA[https://www.goodreads.com/author/show/162067.Mindy_Lewis]]></link>
</author>
</authors>
</book>

          <book>
<id>8526623</id>
<title><![CDATA[Henry's Demons: Living with Schizophrenia, A Father and Son's Story]]></title>
<title_without_series><![CDATA[Henry's Demons: Living with Schizophrenia, A Father and Son's Story]]></title_without_series>
<link><![CDATA[https://www.goodreads.com/book/show/8526623-henry-s-demons]]></link>
<small_image_url><![CDATA[https://images.gr-assets.com/books/1327647117s/8526623.jpg]]></small_image_url>
<image_url><![CDATA[https://images.gr-assets.com/books/1327647117m/8526623.jpg]]></image_url>
<num_pages>239</num_pages>
<work>
<id>13393638</id>
</work>
<isbn>1439154708</isbn>
<isbn13>9781439154700</isbn13>
<average_rating>3.58</average_rating>
<ratings_count>719</ratings_count>
<publication_year>2011</publication_year>
<publication_month>2</publication_month>
<publication_day>1</publication_day>
<authors>
<author>
<id>85049</id>
<name>Patrick Cockburn</name>
<link><![CDATA[https://www.goodreads.com/author/show/85049.Patrick_Cockburn]]></link>
</author>
</authors>
</book>

          <book>
<id>333897</id>
<title><![CDATA[Is There No Place on Earth for Me?]]></title>
<title_without_series><![CDATA[Is There No Place on Earth for Me?]]></title_without_series>
<link><![CDATA[https://www.goodreads.com/book/show/333897.Is_There_No_Place_on_Earth_for_Me_]]></link>
<small_image_url><![CDATA[https://images.gr-assets.com/books/1435161904s/333897.jpg]]></small_image_url>
<image_url><![CDATA[https://images.gr-assets.com/books/1435161904m/333897.jpg]]></image_url>
<num_pages>352</num_pages>
<work>
<id>324394</id>
</work>
<isbn>0394713788</isbn>
<isbn13>9780394713786</isbn13>
<average_rating>3.82</average_rating>
<ratings_count>832</ratings_count>
<publication_year>1983</publication_year>
<publication_month>5</publication_month>
<publication_day>12</publication_day>
<authors>
<author>
<id>98056</id>
<name>Susan Sheehan</name>
<link><![CDATA[https://www.goodreads.com/author/show/98056.Susan_Sheehan]]></link>
</author>
</authors>
</book>

          <book>
<id>2177563</id>
<title>Madness: A Bipolar Life</title>
<title_without_series>Madness: A Bipolar Life</title_without_series>
<link><![CDATA[https://www.goodreads.com/book/show/2177563.Madness]]></link>
<small_image_url><![CDATA[https://s.gr-assets.com/assets/nophoto/book/50x75-a91bf249278a81aabab721ef782c4a74.png]]></small_image_url>
<image_url><![CDATA[https://s.gr-assets.com/assets/nophoto/book/111x148-bcc042a9c91a29c1d680899eff700a03.png]]></image_url>
<num_pages>299</num_pages>
<work>
<id>2183241</id>
</work>
<isbn>0618754458</isbn>
<isbn13>9780618754458</isbn13>
<average_rating>4.01</average_rating>
<ratings_count>10006</ratings_count>
<publication_year></publication_year>
<publication_month></publication_month>
<publication_day></publication_day>
<authors>
<author>
<id>26256</id>
<name>Marya Hornbacher</name>
<link><![CDATA[https://www.goodreads.com/author/show/26256.Marya_Hornbacher]]></link>
</author>
</authors>
</book>

          <book>
<id>1551737</id>
<title><![CDATA[Switching Time: A Doctor's Harrowing Story of Treating a Woman with 17 Personalities]]></title>
<title_without_series><![CDATA[Switching Time: A Doctor's Harrowing Story of Treating a Woman with 17 Personalities]]></title_without_series>
<link><![CDATA[https://www.goodreads.com/book/show/1551737.Switching_Time]]></link>
<small_image_url><![CDATA[https://s.gr-assets.com/assets/nophoto/book/50x75-a91bf249278a81aabab721ef782c4a74.png]]></small_image_url>
<image_url><![CDATA[https://s.gr-assets.com/assets/nophoto/book/111x148-bcc042a9c91a29c1d680899eff700a03.png]]></image_url>
<num_pages>360</num_pages>
<work>
<id>1544116</id>
</work>
<isbn>0307382664</isbn>
<isbn13>9780307382665</isbn13>
<average_rating>4.01</average_rating>
<ratings_count>3338</ratings_count>
<publication_year>2007</publication_year>
<publication_month>10</publication_month>
<publication_day>2</publication_day>
<authors>
<author>
<id>395912</id>
<name>Richard Baer</name>
<link><![CDATA[https://www.goodreads.com/author/show/395912.Richard_Baer]]></link>
</author>
</authors>
</book>

          <book>
<id>654819</id>
<title><![CDATA[Gracefully Insane: The Rise and Fall of America's Premier Mental Hospital]]></title>
<title_without_series><![CDATA[Gracefully Insane: The Rise and Fall of America's Premier Mental Hospital]]></title_without_series>
<link><![CDATA[https://www.goodreads.com/book/show/654819.Gracefully_Insane]]></link>
<small_image_url><![CDATA[https://s.gr-assets.com/assets/nophoto/book/50x75-a91bf249278a81aabab721ef782c4a74.png]]></small_image_url>
<image_url><![CDATA[https://s.gr-assets.com/assets/nophoto/book/111x148-bcc042a9c91a29c1d680899eff700a03.png]]></image_url>
<num_pages>296</num_pages>
<work>
<id>640921</id>
</work>
<isbn>1586481614</isbn>
<isbn13>9781586481612</isbn13>
<average_rating>3.74</average_rating>
<ratings_count>1925</ratings_count>
<publication_year>2003</publication_year>
<publication_month>1</publication_month>
<publication_day>7</publication_day>
<authors>
<author>
<id>352007</id>
<name>Alex Beam</name>
<link><![CDATA[https://www.goodreads.com/author/show/352007.Alex_Beam]]></link>
</author>
</authors>
</book>

          <book>
<id>965720</id>
<title><![CDATA[Crazy All the Time: On The Psych Ward of Bellevue Hospital]]></title>
<title_without_series><![CDATA[Crazy All the Time: On The Psych Ward of Bellevue Hospital]]></title_without_series>
<link><![CDATA[https://www.goodreads.com/book/show/965720.Crazy_All_the_Time]]></link>
<small_image_url><![CDATA[https://s.gr-assets.com/assets/nophoto/book/50x75-a91bf249278a81aabab721ef782c4a74.png]]></small_image_url>
<image_url><![CDATA[https://s.gr-assets.com/assets/nophoto/book/111x148-bcc042a9c91a29c1d680899eff700a03.png]]></image_url>
<num_pages>275</num_pages>
<work>
<id>950617</id>
</work>
<isbn>0449223663</isbn>
<isbn13>9780449223666</isbn13>
<average_rating>3.93</average_rating>
<ratings_count>378</ratings_count>
<publication_year>1994</publication_year>
<publication_month>12</publication_month>
<publication_day>28</publication_day>
<authors>
<author>
<id>488518</id>
<name>Frederick L. Covan</name>
<link><![CDATA[https://www.goodreads.com/author/show/488518.Frederick_L_Covan]]></link>
</author>
</authors>
</book>

          <book>
<id>421518</id>
<title><![CDATA[Get Me Out of Here: My Recovery from Borderline Personality Disorder]]></title>
<title_without_series><![CDATA[Get Me Out of Here: My Recovery from Borderline Personality Disorder]]></title_without_series>
<link><![CDATA[https://www.goodreads.com/book/show/421518.Get_Me_Out_of_Here]]></link>
<small_image_url><![CDATA[https://images.gr-assets.com/books/1344692848s/421518.jpg]]></small_image_url>
<image_url><![CDATA[https://images.gr-assets.com/books/1344692848m/421518.jpg]]></image_url>
<num_pages>436</num_pages>
<work>
<id>1523846</id>
</work>
<isbn>1592850995</isbn>
<isbn13>9781592850990</isbn13>
<average_rating>3.88</average_rating>
<ratings_count>4826</ratings_count>
<publication_year>2004</publication_year>
<publication_month>8</publication_month>
<publication_day>4</publication_day>
<authors>
<author>
<id>237721</id>
<name>Rachel Reiland</name>
<link><![CDATA[https://www.goodreads.com/author/show/237721.Rachel_Reiland]]></link>
</author>
</authors>
</book>

  </similar_books>
</book>

</GoodreadsResponse>