<?xml version="1.0" encoding="UTF-8"?>
<GoodreadsResponse>
  <Request>
    <authentication>true</authentication>
      <key><![CDATA[all_men_must_serve]]></key>
    <method><![CDATA[book_show]]></method>
  </Request>
  <book>
  <id>1099097</id>
  <title>The Tiger Who Came to Tea</title>
  <isbn><![CDATA[0006640613]]></isbn>
  <isbn13><![CDATA[9780006640615]]></isbn13>
  <asin><![CDATA[]]></asin>
  <kindle_asin><![CDATA[B007XJ70QI]]></kindle_asin>
  <marketplace_id><![CDATA[A1F83G8C2ARO7P]]></marketplace_id>
  <country_code><![CDATA[GB]]></country_code>
  <image_url>https://images.gr-assets.com/books/1369858732m/1099097.jpg</image_url>
  <small_image_url>https://images.gr-assets.com/books/1369858732s/1099097.jpg</small_image_url>
  <publication_year>1992</publication_year>
  <publication_month>3</publication_month>
  <publication_day>14</publication_day>
  <publisher>HarperCollins Publishers</publisher>
  <language_code></language_code>
  <is_ebook>false</is_ebook>
  <description><![CDATA[<p>While Sophie and her mother are sitting down to tea one afternoon, the doorbell rings. A big, furry, stripy tiger has come for tea...and sandwiches, and buns, and biscuits...and eats all the food in the house until there's nothing left to cook for Daddy's supper.</p><p>Judith Kerr's reassuring and funny story with just a hint of anarchy has been delighting children since its first publication thirty-five years ago. This modern classic has gone on to sell over three million copies worldwide, making it one of the most popular picture books for children ever written.</p><p>Author Biography: Judith Kerr was born in Berlin, the daughter of a distinguished German writer. She left Nazi Germany with her family in 1933 and fled across Europe, eventually settling in England. Years later she wrote about her experiences in her best-selling novel for middle-grade readers<i> When Hitler Stole Pink Rabbit.</i> She is also the author and illustrator of numerous picture books, including <i>The Tiger Who Came to Tea,</i> which was first published in 1968 and has since sold more than one million copies worldwide. She lives in England.</p>]]></description>
  <work>
  <id type="integer">1059246</id>
  <books_count type="integer">41</books_count>
  <best_book_id type="integer">1099097</best_book_id>
  <reviews_count type="integer">13417</reviews_count>
  <ratings_sum type="integer">46397</ratings_sum>
  <ratings_count type="integer">10970</ratings_count>
  <text_reviews_count type="integer">356</text_reviews_count>
  <original_publication_year type="integer">1968</original_publication_year>
  <original_publication_month type="integer" nil="true"/>
  <original_publication_day type="integer" nil="true"/>
  <original_title>The Tiger Who Came to Tea</original_title>
  <original_language_id type="integer" nil="true"/>
  <media_type>book</media_type>
  <rating_dist>5:5609|4:3030|3:1742|2:417|1:172|total:10970</rating_dist>
  <desc_user_id type="integer">2860148</desc_user_id>
  <default_chaptering_book_id type="integer" nil="true"/>
  <default_description_language_code nil="true"/>
</work>
  <average_rating>4.23</average_rating>
  <num_pages><![CDATA[32]]></num_pages>
  <format><![CDATA[Unknown Binding]]></format>
  <edition_information><![CDATA[]]></edition_information>
  <ratings_count><![CDATA[10233]]></ratings_count>
  <text_reviews_count><![CDATA[301]]></text_reviews_count>
  <url><![CDATA[https://www.goodreads.com/book/show/1099097.The_Tiger_Who_Came_to_Tea]]></url>
  <link><![CDATA[https://www.goodreads.com/book/show/1099097.The_Tiger_Who_Came_to_Tea]]></link>
  <authors>
<author>
<id>30703</id>
<name>Judith Kerr</name>
<role></role>
<image_url nophoto='false'>
<![CDATA[https://images.gr-assets.com/authors/1304292622p5/30703.jpg]]>
</image_url>
<small_image_url nophoto='false'>
<![CDATA[https://images.gr-assets.com/authors/1304292622p2/30703.jpg]]>
</small_image_url>
<link><![CDATA[https://www.goodreads.com/author/show/30703.Judith_Kerr]]></link>
<average_rating>4.11</average_rating>
<ratings_count>26768</ratings_count>
<text_reviews_count>1511</text_reviews_count>
</author>
</authors>

    <reviews_widget>
      <![CDATA[
        <style>
  #goodreads-widget {
    font-family: georgia, serif;
    padding: 18px 0;
    width:565px;
  }
  #goodreads-widget h1 {
    font-weight:normal;
    font-size: 16px;
    border-bottom: 1px solid #BBB596;
    margin-bottom: 0;
  }
  #goodreads-widget a {
    text-decoration: none;
    color:#660;
  }
  iframe{
    background-color: #fff;
  }
  #goodreads-widget a:hover { text-decoration: underline; }
  #goodreads-widget a:active {
    color:#660;
  }
  #gr_footer {
    width: 100%;
    border-top: 1px solid #BBB596;
    text-align: right;
  }
  #goodreads-widget .gr_branding{
    color: #382110;
    font-size: 11px;
    text-decoration: none;
    font-family: "Helvetica Neue", Helvetica, Arial, sans-serif;
  }
</style>
<div id="goodreads-widget">
  <div id="gr_header"><h1><a rel="nofollow" href="https://www.goodreads.com/book/show/1099097.The_Tiger_Who_Came_to_Tea">The Tiger Who Came to Tea Reviews</a></h1></div>
  <iframe id="the_iframe" src="https://www.goodreads.com/api/reviews_widget_iframe?did=DEVELOPER_ID&amp;format=html&amp;isbn=0006640613&amp;links=660&amp;min_rating=&amp;review_back=fff&amp;stars=000&amp;text=000" width="565" height="400" frameborder="0"></iframe>
  <div id="gr_footer">
    <a class="gr_branding" target="_blank" rel="nofollow" href="https://www.goodreads.com/book/show/1099097.The_Tiger_Who_Came_to_Tea?utm_medium=api&amp;utm_source=reviews_widget">Reviews from Goodreads.com</a>
  </div>
</div>

      ]]>
    </reviews_widget>
  <popular_shelves>
      <shelf name="to-read" count="1788"/>
      <shelf name="picture-books" count="133"/>
      <shelf name="childrens" count="120"/>
      <shelf name="children-s-books" count="67"/>
      <shelf name="children" count="61"/>
      <shelf name="children-s" count="57"/>
      <shelf name="kids" count="48"/>
      <shelf name="childrens-books" count="46"/>
      <shelf name="picture-book" count="36"/>
      <shelf name="favorites" count="34"/>
      <shelf name="animals" count="29"/>
      <shelf name="currently-reading" count="28"/>
      <shelf name="fiction" count="28"/>
      <shelf name="kids-books" count="27"/>
      <shelf name="childhood" count="26"/>
      <shelf name="classics" count="17"/>
      <shelf name="owned" count="15"/>
      <shelf name="favourites" count="14"/>
      <shelf name="ks1" count="12"/>
      <shelf name="default" count="11"/>
      <shelf name="children-s-literature" count="10"/>
      <shelf name="family" count="10"/>
      <shelf name="picturebooks" count="10"/>
      <shelf name="childhood-books" count="9"/>
      <shelf name="books-i-own" count="9"/>
      <shelf name="food" count="8"/>
      <shelf name="childhood-favourites" count="8"/>
      <shelf name="cats" count="8"/>
      <shelf name="picture" count="8"/>
      <shelf name="friendship" count="7"/>
      <shelf name="children-books" count="7"/>
      <shelf name="fantasy" count="7"/>
      <shelf name="tigers" count="7"/>
      <shelf name="childrens-fiction" count="6"/>
      <shelf name="20th-century" count="6"/>
      <shelf name="to-buy" count="6"/>
      <shelf name="childrens-literature" count="6"/>
      <shelf name="children-s-picture-books" count="5"/>
      <shelf name="imagination" count="5"/>
      <shelf name="childhood-reads" count="5"/>
      <shelf name="infantil" count="4"/>
      <shelf name="library" count="4"/>
      <shelf name="key-stage-1" count="4"/>
      <shelf name="picturebook" count="4"/>
      <shelf name="illustrated" count="4"/>
      <shelf name="judith-kerr" count="4"/>
      <shelf name="humour" count="4"/>
      <shelf name="british" count="4"/>
      <shelf name="classic" count="4"/>
      <shelf name="eyfs" count="4"/>
      <shelf name="female-author" count="4"/>
      <shelf name="early-years" count="4"/>
      <shelf name="books-from-my-childhood" count="4"/>
      <shelf name="tea" count="4"/>
      <shelf name="uk" count="4"/>
      <shelf name="storybooks" count="4"/>
      <shelf name="animal" count="4"/>
      <shelf name="storytime" count="4"/>
      <shelf name="read-2016" count="3"/>
      <shelf name="read-in-2016" count="3"/>
      <shelf name="women-writers" count="3"/>
      <shelf name="tiger" count="3"/>
      <shelf name="children-s-book" count="3"/>
      <shelf name="library-books" count="3"/>
      <shelf name="owned-books" count="3"/>
      <shelf name="children-s-picture-book" count="3"/>
      <shelf name="my-childhood" count="3"/>
      <shelf name="school" count="3"/>
      <shelf name="classroom" count="3"/>
      <shelf name="female-authors" count="3"/>
      <shelf name="kindergarten" count="3"/>
      <shelf name="children-s-lit" count="3"/>
      <shelf name="for-the-kids" count="3"/>
      <shelf name="early-childhood" count="3"/>
      <shelf name="story-time" count="3"/>
      <shelf name="1001-children-s-books-you-must-read" count="3"/>
      <shelf name="preschool" count="3"/>
      <shelf name="dylan" count="3"/>
      <shelf name="borrowed" count="3"/>
      <shelf name="reviewed" count="3"/>
      <shelf name="1001-kids-books" count="3"/>
      <shelf name="1001-kids-5plus" count="3"/>
      <shelf name="kids-picture-book" count="3"/>
      <shelf name="young-readers" count="2"/>
      <shelf name="theme-yummy" count="2"/>
      <shelf name="theme-tigers" count="2"/>
      <shelf name="theme-naughty" count="2"/>
      <shelf name="picture-books-read" count="2"/>
      <shelf name="format-picture-books" count="2"/>
      <shelf name="1001-children-s-books" count="2"/>
      <shelf name="3-stars" count="2"/>
      <shelf name="short-stories" count="2"/>
      <shelf name="betterment" count="2"/>
      <shelf name="children-to-read" count="2"/>
      <shelf name="read-to-kids" count="2"/>
      <shelf name="1001-books-to-read-before-adult" count="2"/>
      <shelf name="read-in-2015" count="2"/>
      <shelf name="for-kids" count="2"/>
      <shelf name="list-of-betterment" count="2"/>
      <shelf name="to-read-kids" count="2"/>
  </popular_shelves>
  <book_links>
    <book_link>
  <id>8</id>
  <name>Libraries</name>
  <link>https://www.goodreads.com/book_link/follow/8</link>
</book_link>

  </book_links>
  <buy_links>
    <buy_link>
<id>1</id>
<name>Amazon</name>
<link>https://www.goodreads.com/book_link/follow/1</link>
</buy_link>
<buy_link>
<id>10</id>
<name>Audible</name>
<link>https://www.goodreads.com/book_link/follow/10</link>
</buy_link>
<buy_link>
<id>3</id>
<name>Barnes &amp; Noble</name>
<link>https://www.goodreads.com/book_link/follow/3</link>
</buy_link>
<buy_link>
<id>1027</id>
<name>Kobo</name>
<link>https://www.goodreads.com/book_link/follow/1027</link>
</buy_link>
<buy_link>
<id>2102</id>
<name>Apple iBooks</name>
<link>https://www.goodreads.com/book_link/follow/2102</link>
</buy_link>
<buy_link>
<id>8036</id>
<name>Google Play</name>
<link>https://www.goodreads.com/book_link/follow/8036</link>
</buy_link>
<buy_link>
<id>4</id>
<name>Abebooks</name>
<link>https://www.goodreads.com/book_link/follow/4</link>
</buy_link>
<buy_link>
<id>882</id>
<name>Book Depository</name>
<link>https://www.goodreads.com/book_link/follow/882</link>
</buy_link>
<buy_link>
<id>9</id>
<name>Indigo</name>
<link>https://www.goodreads.com/book_link/follow/9</link>
</buy_link>
<buy_link>
<id>2</id>
<name>Half.com</name>
<link>https://www.goodreads.com/book_link/follow/2</link>
</buy_link>
<buy_link>
<id>5</id>
<name>Alibris</name>
<link>https://www.goodreads.com/book_link/follow/5</link>
</buy_link>
<buy_link>
<id>107</id>
<name>Better World Books</name>
<link>https://www.goodreads.com/book_link/follow/107</link>
</buy_link>
<buy_link>
<id>7</id>
<name>IndieBound</name>
<link>https://www.goodreads.com/book_link/follow/7</link>
</buy_link>

  </buy_links>
  <series_works>
    
  </series_works>
  <similar_books>
          <book>
<id>1145614</id>
<title>Dogger</title>
<title_without_series>Dogger</title_without_series>
<link><![CDATA[https://www.goodreads.com/book/show/1145614.Dogger]]></link>
<small_image_url><![CDATA[https://s.gr-assets.com/assets/nophoto/book/50x75-a91bf249278a81aabab721ef782c4a74.png]]></small_image_url>
<image_url><![CDATA[https://s.gr-assets.com/assets/nophoto/book/111x148-bcc042a9c91a29c1d680899eff700a03.png]]></image_url>
<num_pages>32</num_pages>
<work>
<id>1133061</id>
</work>
<isbn>068811704X</isbn>
<isbn13>9780688117047</isbn13>
<average_rating>4.30</average_rating>
<ratings_count>4524</ratings_count>
<publication_year>1993</publication_year>
<publication_month>4</publication_month>
<publication_day>1</publication_day>
<authors>
<author>
<id>99888</id>
<name>Shirley Hughes</name>
<link><![CDATA[https://www.goodreads.com/author/show/99888.Shirley_Hughes]]></link>
</author>
</authors>
</book>

          <book>
<id>1095518</id>
<title>The Elephant and the Bad Baby</title>
<title_without_series>The Elephant and the Bad Baby</title_without_series>
<link><![CDATA[https://www.goodreads.com/book/show/1095518.The_Elephant_and_the_Bad_Baby]]></link>
<small_image_url><![CDATA[https://s.gr-assets.com/assets/nophoto/book/50x75-a91bf249278a81aabab721ef782c4a74.png]]></small_image_url>
<image_url><![CDATA[https://s.gr-assets.com/assets/nophoto/book/111x148-bcc042a9c91a29c1d680899eff700a03.png]]></image_url>
<num_pages>32</num_pages>
<work>
<id>1082349</id>
</work>
<isbn>0140500480</isbn>
<isbn13>9780140500486</isbn13>
<average_rating>4.00</average_rating>
<ratings_count>991</ratings_count>
<publication_year>1979</publication_year>
<publication_month>2</publication_month>
<publication_day>22</publication_day>
<authors>
<author>
<id>191515</id>
<name>Elfrida Vipont</name>
<link><![CDATA[https://www.goodreads.com/author/show/191515.Elfrida_Vipont]]></link>
</author>
</authors>
</book>

          <book>
<id>1172958</id>
<title>Mister Magnolia</title>
<title_without_series>Mister Magnolia</title_without_series>
<link><![CDATA[https://www.goodreads.com/book/show/1172958.Mister_Magnolia]]></link>
<small_image_url><![CDATA[https://images.gr-assets.com/books/1321125320s/1172958.jpg]]></small_image_url>
<image_url><![CDATA[https://images.gr-assets.com/books/1321125320m/1172958.jpg]]></image_url>
<num_pages>32</num_pages>
<work>
<id>1964589</id>
</work>
<isbn>0099400421</isbn>
<isbn13>9780099400424</isbn13>
<average_rating>4.12</average_rating>
<ratings_count>1701</ratings_count>
<publication_year>1999</publication_year>
<publication_month>5</publication_month>
<publication_day>6</publication_day>
<authors>
<author>
<id>146</id>
<name>Quentin Blake</name>
<link><![CDATA[https://www.goodreads.com/author/show/146.Quentin_Blake]]></link>
</author>
</authors>
</book>

          <book>
<id>1174169</id>
<title>Not Now, Bernard</title>
<title_without_series>Not Now, Bernard</title_without_series>
<link><![CDATA[https://www.goodreads.com/book/show/1174169.Not_Now_Bernard]]></link>
<small_image_url><![CDATA[https://images.gr-assets.com/books/1340062858s/1174169.jpg]]></small_image_url>
<image_url><![CDATA[https://images.gr-assets.com/books/1340062858m/1174169.jpg]]></image_url>
<num_pages>32</num_pages>
<work>
<id>1161942</id>
</work>
<isbn>009972541X</isbn>
<isbn13>9780099725411</isbn13>
<average_rating>4.18</average_rating>
<ratings_count>1510</ratings_count>
<publication_year>1996</publication_year>
<publication_month>11</publication_month>
<publication_day>26</publication_day>
<authors>
<author>
<id>58401</id>
<name>David McKee</name>
<link><![CDATA[https://www.goodreads.com/author/show/58401.David_McKee]]></link>
</author>
</authors>
</book>

          <book>
<id>1027175</id>
<title>Peek-a-Boo</title>
<title_without_series>Peek-a-Boo</title_without_series>
<link><![CDATA[https://www.goodreads.com/book/show/1027175.Peek_a_Boo]]></link>
<small_image_url><![CDATA[https://images.gr-assets.com/books/1355932320s/1027175.jpg]]></small_image_url>
<image_url><![CDATA[https://images.gr-assets.com/books/1355932320m/1027175.jpg]]></image_url>
<num_pages>32</num_pages>
<work>
<id>1013424</id>
</work>
<isbn>0670871923</isbn>
<isbn13>9780670871926</isbn13>
<average_rating>4.21</average_rating>
<ratings_count>3882</ratings_count>
<publication_year></publication_year>
<publication_month></publication_month>
<publication_day></publication_day>
<authors>
<author>
<id>49420</id>
<name>Janet Ahlberg</name>
<link><![CDATA[https://www.goodreads.com/author/show/49420.Janet_Ahlberg]]></link>
</author>
</authors>
</book>

          <book>
<id>894136</id>
<title><![CDATA[The Lighthouse Keeper's Lunch (Picture Books)]]></title>
<title_without_series>The Lighthouse Keeper&apos;s Lunch</title_without_series>
<link><![CDATA[https://www.goodreads.com/book/show/894136.The_Lighthouse_Keeper_s_Lunch]]></link>
<small_image_url><![CDATA[https://s.gr-assets.com/assets/nophoto/book/50x75-a91bf249278a81aabab721ef782c4a74.png]]></small_image_url>
<image_url><![CDATA[https://s.gr-assets.com/assets/nophoto/book/111x148-bcc042a9c91a29c1d680899eff700a03.png]]></image_url>
<num_pages></num_pages>
<work>
<id>879341</id>
</work>
<isbn>0590551752</isbn>
<isbn13>9780590551755</isbn13>
<average_rating>4.03</average_rating>
<ratings_count>362</ratings_count>
<publication_year></publication_year>
<publication_month></publication_month>
<publication_day></publication_day>
<authors>
<author>
<id>459045</id>
<name>Ronda Armitage</name>
<link><![CDATA[https://www.goodreads.com/author/show/459045.Ronda_Armitage]]></link>
</author>
</authors>
</book>

          <book>
<id>1059041</id>
<title>A Squash and A Squeeze</title>
<title_without_series>A Squash and A Squeeze</title_without_series>
<link><![CDATA[https://www.goodreads.com/book/show/1059041.A_Squash_and_A_Squeeze]]></link>
<small_image_url><![CDATA[https://images.gr-assets.com/books/1358747130s/1059041.jpg]]></small_image_url>
<image_url><![CDATA[https://images.gr-assets.com/books/1358747130m/1059041.jpg]]></image_url>
<num_pages>32</num_pages>
<work>
<id>1045617</id>
</work>
<isbn>1405004770</isbn>
<isbn13>9781405004770</isbn13>
<average_rating>4.16</average_rating>
<ratings_count>2372</ratings_count>
<publication_year>2004</publication_year>
<publication_month>6</publication_month>
<publication_day>4</publication_day>
<authors>
<author>
<id>103243</id>
<name>Julia Donaldson</name>
<link><![CDATA[https://www.goodreads.com/author/show/103243.Julia_Donaldson]]></link>
</author>
</authors>
</book>

          <book>
<id>1153709</id>
<title><![CDATA[Hairy Maclary from Donaldson's Dairy]]></title>
<title_without_series><![CDATA[Hairy Maclary from Donaldson's Dairy]]></title_without_series>
<link><![CDATA[https://www.goodreads.com/book/show/1153709.Hairy_Maclary_from_Donaldson_s_Dairy]]></link>
<small_image_url><![CDATA[https://s.gr-assets.com/assets/nophoto/book/50x75-a91bf249278a81aabab721ef782c4a74.png]]></small_image_url>
<image_url><![CDATA[https://s.gr-assets.com/assets/nophoto/book/111x148-bcc042a9c91a29c1d680899eff700a03.png]]></image_url>
<num_pages>36</num_pages>
<work>
<id>1141200</id>
</work>
<isbn>0670913502</isbn>
<isbn13>9780670913503</isbn13>
<average_rating>4.28</average_rating>
<ratings_count>11290</ratings_count>
<publication_year>2002</publication_year>
<publication_month>7</publication_month>
<publication_day>4</publication_day>
<authors>
<author>
<id>142116</id>
<name>Lynley Dodd</name>
<link><![CDATA[https://www.goodreads.com/author/show/142116.Lynley_Dodd]]></link>
</author>
</authors>
</book>

          <book>
<id>1067693</id>
<title>Meg and Mog</title>
<title_without_series>Meg and Mog</title_without_series>
<link><![CDATA[https://www.goodreads.com/book/show/1067693.Meg_and_Mog]]></link>
<small_image_url><![CDATA[https://images.gr-assets.com/books/1315920946s/1067693.jpg]]></small_image_url>
<image_url><![CDATA[https://images.gr-assets.com/books/1315920946m/1067693.jpg]]></image_url>
<num_pages>31</num_pages>
<work>
<id>1054352</id>
</work>
<isbn>0140501177</isbn>
<isbn13>9780140501179</isbn13>
<average_rating>4.03</average_rating>
<ratings_count>6291</ratings_count>
<publication_year>1975</publication_year>
<publication_month></publication_month>
<publication_day></publication_day>
<authors>
<author>
<id>203856</id>
<name>Helen Nicoll</name>
<link><![CDATA[https://www.goodreads.com/author/show/203856.Helen_Nicoll]]></link>
</author>
</authors>
</book>

          <book>
<id>301460</id>
<title><![CDATA[John Brown, Rose and the Midnight Cat]]></title>
<title_without_series><![CDATA[John Brown, Rose and the Midnight Cat]]></title_without_series>
<link><![CDATA[https://www.goodreads.com/book/show/301460.John_Brown_Rose_and_the_Midnight_Cat]]></link>
<small_image_url><![CDATA[https://s.gr-assets.com/assets/nophoto/book/50x75-a91bf249278a81aabab721ef782c4a74.png]]></small_image_url>
<image_url><![CDATA[https://s.gr-assets.com/assets/nophoto/book/111x148-bcc042a9c91a29c1d680899eff700a03.png]]></image_url>
<num_pages></num_pages>
<work>
<id>292524</id>
</work>
<isbn>0140503064</isbn>
<isbn13>9780140503067</isbn13>
<average_rating>4.12</average_rating>
<ratings_count>756</ratings_count>
<publication_year>1980</publication_year>
<publication_month>7</publication_month>
<publication_day>31</publication_day>
<authors>
<author>
<id>173739</id>
<name>Jenny Wagner</name>
<link><![CDATA[https://www.goodreads.com/author/show/173739.Jenny_Wagner]]></link>
</author>
</authors>
</book>

          <book>
<id>1032479</id>
<title>Peace At Last</title>
<title_without_series>Peace At Last</title_without_series>
<link><![CDATA[https://www.goodreads.com/book/show/1032479.Peace_At_Last]]></link>
<small_image_url><![CDATA[https://images.gr-assets.com/books/1360496933s/1032479.jpg]]></small_image_url>
<image_url><![CDATA[https://images.gr-assets.com/books/1360496933m/1032479.jpg]]></image_url>
<num_pages>26</num_pages>
<work>
<id>1018771</id>
</work>
<isbn>0333631986</isbn>
<isbn13>9780333631980</isbn13>
<average_rating>4.25</average_rating>
<ratings_count>3265</ratings_count>
<publication_year>1999</publication_year>
<publication_month></publication_month>
<publication_day></publication_day>
<authors>
<author>
<id>18451</id>
<name>Jill Murphy</name>
<link><![CDATA[https://www.goodreads.com/author/show/18451.Jill_Murphy]]></link>
</author>
</authors>
</book>

          <book>
<id>705257</id>
<title>Father Christmas</title>
<title_without_series>Father Christmas</title_without_series>
<link><![CDATA[https://www.goodreads.com/book/show/705257.Father_Christmas]]></link>
<small_image_url><![CDATA[https://images.gr-assets.com/books/1354893291s/705257.jpg]]></small_image_url>
<image_url><![CDATA[https://images.gr-assets.com/books/1354893291m/705257.jpg]]></image_url>
<num_pages>48</num_pages>
<work>
<id>902533</id>
</work>
<isbn>0679887768</isbn>
<isbn13>9780679887768</isbn13>
<average_rating>4.30</average_rating>
<ratings_count>2919</ratings_count>
<publication_year>1997</publication_year>
<publication_month>8</publication_month>
<publication_day>26</publication_day>
<authors>
<author>
<id>77098</id>
<name>Raymond Briggs</name>
<link><![CDATA[https://www.goodreads.com/author/show/77098.Raymond_Briggs]]></link>
</author>
</authors>
</book>

          <book>
<id>1572416</id>
<title><![CDATA[Handa's Surprise: Read and Share (Reading and Math Together)]]></title>
<title_without_series><![CDATA[Handa's Surprise: Read and Share]]></title_without_series>
<link><![CDATA[https://www.goodreads.com/book/show/1572416.Handa_s_Surprise]]></link>
<small_image_url><![CDATA[https://s.gr-assets.com/assets/nophoto/book/50x75-a91bf249278a81aabab721ef782c4a74.png]]></small_image_url>
<image_url><![CDATA[https://s.gr-assets.com/assets/nophoto/book/111x148-bcc042a9c91a29c1d680899eff700a03.png]]></image_url>
<num_pages></num_pages>
<work>
<id>135404</id>
</work>
<isbn>0763608637</isbn>
<isbn13>9780763608637</isbn13>
<average_rating>4.14</average_rating>
<ratings_count>1088</ratings_count>
<publication_year>1999</publication_year>
<publication_month>9</publication_month>
<publication_day>1</publication_day>
<authors>
<author>
<id>81166</id>
<name>Eileen Browne</name>
<link><![CDATA[https://www.goodreads.com/author/show/81166.Eileen_Browne]]></link>
</author>
</authors>
</book>

          <book>
<id>460285</id>
<title>Gorilla</title>
<title_without_series>Gorilla</title_without_series>
<link><![CDATA[https://www.goodreads.com/book/show/460285.Gorilla]]></link>
<small_image_url><![CDATA[https://images.gr-assets.com/books/1427163953s/460285.jpg]]></small_image_url>
<image_url><![CDATA[https://images.gr-assets.com/books/1427163953m/460285.jpg]]></image_url>
<num_pages>40</num_pages>
<work>
<id>448753</id>
</work>
<isbn>0763618136</isbn>
<isbn13>9780763618131</isbn13>
<average_rating>4.14</average_rating>
<ratings_count>2050</ratings_count>
<publication_year>2002</publication_year>
<publication_month>8</publication_month>
<publication_day>26</publication_day>
<authors>
<author>
<id>35335</id>
<name>Anthony Browne</name>
<link><![CDATA[https://www.goodreads.com/author/show/35335.Anthony_Browne]]></link>
</author>
</authors>
</book>

  </similar_books>
</book>

</GoodreadsResponse>