<?xml version="1.0" encoding="UTF-8"?>
<GoodreadsResponse>
  <Request>
    <authentication>true</authentication>
      <key><![CDATA[all_men_must_serve]]></key>
    <method><![CDATA[book_show]]></method>
  </Request>
  <book>
  <id>10990</id>
  <title><![CDATA[Lord John and the Private Matter (Lord John Grey, #1)]]></title>
  <isbn><![CDATA[0770429459]]></isbn>
  <isbn13><![CDATA[9780770429454]]></isbn13>
  <asin><![CDATA[]]></asin>
  <kindle_asin><![CDATA[B005CUTT9Q]]></kindle_asin>
  <marketplace_id><![CDATA[A1F83G8C2ARO7P]]></marketplace_id>
  <country_code><![CDATA[GB]]></country_code>
  <image_url>https://images.gr-assets.com/books/1320485657m/10990.jpg</image_url>
  <small_image_url>https://images.gr-assets.com/books/1320485657s/10990.jpg</small_image_url>
  <publication_year>2005</publication_year>
  <publication_month>10</publication_month>
  <publication_day>4</publication_day>
  <publisher>Seal</publisher>
  <language_code>eng</language_code>
  <is_ebook>false</is_ebook>
  <description><![CDATA[<br />In her <i>New York Times </i>bestselling <b>Outlander</b><i> </i>novels, Diana Gabaldon introduced millions of readers to a dazzling world of history and adventure — a world of vibrant settings and utterly unforgettable characters. Now one of these characters, Major Lord John Grey, opens the door to his own part of this world — eighteenth-century London, a seething anthill of nobility and rabble peopled by soldiers and spies, whores and dukes. Great Britain is battling France for supremacy on three continents — and life is good for a soldier.<br /><br />The year is 1757. On a clear morning in mid-June, Lord John Grey emerges from London’s Beefsteak Club, his mind in turmoil. A nobleman and a high-ranking officer in His Majesty’s Army, Grey has just witnessed something shocking. But his efforts to avoid a scandal that might destroy his family are interrupted by something still more urgent: the Crown appoints him to investigate the brutal murder of a comrade in arms, who may have been a traitor.<br /><br />Obliged to pursue two inquiries at once, Major Grey finds himself ensnared in a web of treachery and betrayal that touches every stratum of English society — and threatens all he holds dear. From the bawdy houses of London’s night-world to the stately drawing rooms of the nobility, and from the blood of a murdered corpse to the thundering seas ruled by the majestic fleet of the East India Company, Lord John pursues the elusive trails of a vanishing footman and a woman in green velvet, who may hold the key to everything — or nothing.<br /><br />The early days of the Seven Years War come brilliantly to life in this historical mystery by an author whose unique and compelling storytelling has engrossed millions of readers worldwide.]]></description>
  <work>
  <id type="integer">2489807</id>
  <books_count type="integer">64</books_count>
  <best_book_id type="integer">10990</best_book_id>
  <reviews_count type="integer">54149</reviews_count>
  <ratings_sum type="integer">117818</ratings_sum>
  <ratings_count type="integer">32204</ratings_count>
  <text_reviews_count type="integer">1388</text_reviews_count>
  <original_publication_year type="integer">2003</original_publication_year>
  <original_publication_month type="integer" nil="true"/>
  <original_publication_day type="integer" nil="true"/>
  <original_title>Lord John and the Private Matter</original_title>
  <original_language_id type="integer" nil="true"/>
  <media_type>book</media_type>
  <rating_dist>5:7829|4:10344|3:10149|2:2968|1:914|total:32204</rating_dist>
  <desc_user_id type="integer">3410396</desc_user_id>
  <default_chaptering_book_id type="integer" nil="true"/>
  <default_description_language_code nil="true"/>
</work>
  <average_rating>3.66</average_rating>
  <num_pages><![CDATA[368]]></num_pages>
  <format><![CDATA[Mass Market Paperback]]></format>
  <edition_information><![CDATA[]]></edition_information>
  <ratings_count><![CDATA[28668]]></ratings_count>
  <text_reviews_count><![CDATA[1119]]></text_reviews_count>
  <url><![CDATA[https://www.goodreads.com/book/show/10990.Lord_John_and_the_Private_Matter]]></url>
  <link><![CDATA[https://www.goodreads.com/book/show/10990.Lord_John_and_the_Private_Matter]]></link>
  <authors>
<author>
<id>3617</id>
<name>Diana Gabaldon</name>
<role></role>
<image_url nophoto='false'>
<![CDATA[https://images.gr-assets.com/authors/1213918339p5/3617.jpg]]>
</image_url>
<small_image_url nophoto='false'>
<![CDATA[https://images.gr-assets.com/authors/1213918339p2/3617.jpg]]>
</small_image_url>
<link><![CDATA[https://www.goodreads.com/author/show/3617.Diana_Gabaldon]]></link>
<average_rating>4.25</average_rating>
<ratings_count>1708135</ratings_count>
<text_reviews_count>96999</text_reviews_count>
</author>
</authors>

    <reviews_widget>
      <![CDATA[
        <style>
  #goodreads-widget {
    font-family: georgia, serif;
    padding: 18px 0;
    width:565px;
  }
  #goodreads-widget h1 {
    font-weight:normal;
    font-size: 16px;
    border-bottom: 1px solid #BBB596;
    margin-bottom: 0;
  }
  #goodreads-widget a {
    text-decoration: none;
    color:#660;
  }
  iframe{
    background-color: #fff;
  }
  #goodreads-widget a:hover { text-decoration: underline; }
  #goodreads-widget a:active {
    color:#660;
  }
  #gr_footer {
    width: 100%;
    border-top: 1px solid #BBB596;
    text-align: right;
  }
  #goodreads-widget .gr_branding{
    color: #382110;
    font-size: 11px;
    text-decoration: none;
    font-family: "Helvetica Neue", Helvetica, Arial, sans-serif;
  }
</style>
<div id="goodreads-widget">
  <div id="gr_header"><h1><a rel="nofollow" href="https://www.goodreads.com/book/show/10990.Lord_John_and_the_Private_Matter">Lord John and the Private Matter Reviews</a></h1></div>
  <iframe id="the_iframe" src="https://www.goodreads.com/api/reviews_widget_iframe?did=DEVELOPER_ID&amp;format=html&amp;isbn=0770429459&amp;links=660&amp;min_rating=&amp;review_back=fff&amp;stars=000&amp;text=000" width="565" height="400" frameborder="0"></iframe>
  <div id="gr_footer">
    <a class="gr_branding" target="_blank" rel="nofollow" href="https://www.goodreads.com/book/show/10990.Lord_John_and_the_Private_Matter?utm_medium=api&amp;utm_source=reviews_widget">Reviews from Goodreads.com</a>
  </div>
</div>

      ]]>
    </reviews_widget>
  <popular_shelves>
      <shelf name="to-read" count="4475"/>
      <shelf name="historical-fiction" count="983"/>
      <shelf name="currently-reading" count="597"/>
      <shelf name="fiction" count="335"/>
      <shelf name="historical" count="322"/>
      <shelf name="mystery" count="299"/>
      <shelf name="diana-gabaldon" count="195"/>
      <shelf name="series" count="146"/>
      <shelf name="fantasy" count="122"/>
      <shelf name="outlander" count="121"/>
      <shelf name="owned" count="99"/>
      <shelf name="romance" count="99"/>
      <shelf name="favorites" count="87"/>
      <shelf name="books-i-own" count="81"/>
      <shelf name="audiobook" count="68"/>
      <shelf name="gabaldon" count="63"/>
      <shelf name="historical-romance" count="59"/>
      <shelf name="audiobooks" count="53"/>
      <shelf name="history" count="52"/>
      <shelf name="library" count="47"/>
      <shelf name="historical-mystery" count="42"/>
      <shelf name="audible" count="40"/>
      <shelf name="m-m" count="40"/>
      <shelf name="kindle" count="38"/>
      <shelf name="ebook" count="36"/>
      <shelf name="england" count="33"/>
      <shelf name="audio" count="33"/>
      <shelf name="adult" count="32"/>
      <shelf name="outlander-series" count="32"/>
      <shelf name="default" count="31"/>
      <shelf name="owned-books" count="31"/>
      <shelf name="lgbt" count="30"/>
      <shelf name="my-books" count="27"/>
      <shelf name="adult-fiction" count="27"/>
      <shelf name="time-travel" count="27"/>
      <shelf name="gabaldon-diana" count="26"/>
      <shelf name="mysteries" count="25"/>
      <shelf name="adventure" count="23"/>
      <shelf name="glbt" count="22"/>
      <shelf name="lord-john-grey" count="20"/>
      <shelf name="ebooks" count="19"/>
      <shelf name="audio-book" count="19"/>
      <shelf name="18th-century" count="18"/>
      <shelf name="audio-books" count="17"/>
      <shelf name="historic-fiction" count="17"/>
      <shelf name="read-in-2014" count="16"/>
      <shelf name="gay" count="16"/>
      <shelf name="fiction-historical" count="16"/>
      <shelf name="queer" count="16"/>
      <shelf name="wish-list" count="16"/>
      <shelf name="read-in-2016" count="15"/>
      <shelf name="to-buy" count="15"/>
      <shelf name="scotland" count="15"/>
      <shelf name="favorite-authors" count="15"/>
      <shelf name="i-own" count="15"/>
      <shelf name="mystery-thriller" count="14"/>
      <shelf name="read-in-2013" count="13"/>
      <shelf name="own-it" count="13"/>
      <shelf name="historicalfiction" count="13"/>
      <shelf name="mystery-suspense" count="13"/>
      <shelf name="read-2014" count="12"/>
      <shelf name="lord-john" count="12"/>
      <shelf name="lord-john-series" count="12"/>
      <shelf name="crime" count="12"/>
      <shelf name="read-in-2015" count="11"/>
      <shelf name="my-library" count="11"/>
      <shelf name="chick-lit" count="11"/>
      <shelf name="mm" count="10"/>
      <shelf name="military" count="10"/>
      <shelf name="first-in-series" count="10"/>
      <shelf name="part-of-a-series" count="10"/>
      <shelf name="novels" count="10"/>
      <shelf name="read-in-2017" count="9"/>
      <shelf name="read-2016" count="9"/>
      <shelf name="did-not-finish" count="9"/>
      <shelf name="e-book" count="9"/>
      <shelf name="books" count="9"/>
      <shelf name="e-books" count="9"/>
      <shelf name="library-book" count="9"/>
      <shelf name="borrowed" count="9"/>
      <shelf name="library-books" count="9"/>
      <shelf name="historical-novels" count="9"/>
      <shelf name="have" count="8"/>
      <shelf name="english" count="8"/>
      <shelf name="listened-to" count="8"/>
      <shelf name="read-2015" count="7"/>
      <shelf name="maybe" count="7"/>
      <shelf name="historic" count="7"/>
      <shelf name="lgbtq" count="7"/>
      <shelf name="read-2012" count="7"/>
      <shelf name="on-kindle" count="7"/>
      <shelf name="drama" count="7"/>
      <shelf name="favourites" count="7"/>
      <shelf name="thriller" count="7"/>
      <shelf name="mine" count="7"/>
      <shelf name="couldn-t-finish" count="7"/>
      <shelf name="1700s" count="7"/>
      <shelf name="book-club" count="7"/>
      <shelf name="general-fiction" count="7"/>
      <shelf name="lgbtqia" count="6"/>
  </popular_shelves>
  <book_links>
    <book_link>
  <id>8</id>
  <name>Libraries</name>
  <link>https://www.goodreads.com/book_link/follow/8</link>
</book_link>

  </book_links>
  <buy_links>
    <buy_link>
<id>1</id>
<name>Amazon</name>
<link>https://www.goodreads.com/book_link/follow/1</link>
</buy_link>
<buy_link>
<id>10</id>
<name>Audible</name>
<link>https://www.goodreads.com/book_link/follow/10</link>
</buy_link>
<buy_link>
<id>3</id>
<name>Barnes &amp; Noble</name>
<link>https://www.goodreads.com/book_link/follow/3</link>
</buy_link>
<buy_link>
<id>1027</id>
<name>Kobo</name>
<link>https://www.goodreads.com/book_link/follow/1027</link>
</buy_link>
<buy_link>
<id>2102</id>
<name>Apple iBooks</name>
<link>https://www.goodreads.com/book_link/follow/2102</link>
</buy_link>
<buy_link>
<id>8036</id>
<name>Google Play</name>
<link>https://www.goodreads.com/book_link/follow/8036</link>
</buy_link>
<buy_link>
<id>4</id>
<name>Abebooks</name>
<link>https://www.goodreads.com/book_link/follow/4</link>
</buy_link>
<buy_link>
<id>882</id>
<name>Book Depository</name>
<link>https://www.goodreads.com/book_link/follow/882</link>
</buy_link>
<buy_link>
<id>9</id>
<name>Indigo</name>
<link>https://www.goodreads.com/book_link/follow/9</link>
</buy_link>
<buy_link>
<id>2</id>
<name>Half.com</name>
<link>https://www.goodreads.com/book_link/follow/2</link>
</buy_link>
<buy_link>
<id>5</id>
<name>Alibris</name>
<link>https://www.goodreads.com/book_link/follow/5</link>
</buy_link>
<buy_link>
<id>107</id>
<name>Better World Books</name>
<link>https://www.goodreads.com/book_link/follow/107</link>
</buy_link>
<buy_link>
<id>7</id>
<name>IndieBound</name>
<link>https://www.goodreads.com/book_link/follow/7</link>
</buy_link>

  </buy_links>
  <series_works>
    <series_work>
<id>162463</id>
<user_position>1</user_position>
<series>
<id>44511</id>
<title>
<![CDATA[
    Lord John Grey
]]>
</title>
<description>
<![CDATA[
    Spin-off of the <a href="http://www.goodreads.com/series/43943-outlander">Outlander</a> series.
    
    These books take place during the time period covered in Voyager (Outlander, #3).
    
    You can find the reading order of the Lord John Grey series and Outlander series <a href="http://www.dianagabaldon.com/books/chronology-of-the-outlander-series/">here</a>
]]>
</description>
<note>
<![CDATA[
]]>
</note>
<series_works_count>16</series_works_count>
<primary_work_count>3</primary_work_count>
<numbered>true</numbered>
</series>

</series_work>

  </series_works>
  <similar_books>
          <book>
<id>72848</id>
<title><![CDATA[Queen of Swords (Wilderness, #5)]]></title>
<title_without_series>Queen of Swords</title_without_series>
<link><![CDATA[https://www.goodreads.com/book/show/72848.Queen_of_Swords]]></link>
<small_image_url><![CDATA[https://s.gr-assets.com/assets/nophoto/book/50x75-a91bf249278a81aabab721ef782c4a74.png]]></small_image_url>
<image_url><![CDATA[https://s.gr-assets.com/assets/nophoto/book/111x148-bcc042a9c91a29c1d680899eff700a03.png]]></image_url>
<num_pages></num_pages>
<work>
<id>1738030</id>
</work>
<isbn>055380149X</isbn>
<isbn13>9780553801491</isbn13>
<average_rating>4.32</average_rating>
<ratings_count>7480</ratings_count>
<publication_year></publication_year>
<publication_month></publication_month>
<publication_day></publication_day>
<authors>
<author>
<id>41193</id>
<name>Sara Donati</name>
<link><![CDATA[https://www.goodreads.com/author/show/41193.Sara_Donati]]></link>
</author>
</authors>
</book>

          <book>
<id>580213</id>
<title><![CDATA[Caprice and Rondo (The House of Niccolo, #7)]]></title>
<title_without_series>Caprice and Rondo</title_without_series>
<link><![CDATA[https://www.goodreads.com/book/show/580213.Caprice_and_Rondo]]></link>
<small_image_url><![CDATA[https://images.gr-assets.com/books/1320422586s/580213.jpg]]></small_image_url>
<image_url><![CDATA[https://images.gr-assets.com/books/1320422586m/580213.jpg]]></image_url>
<num_pages>576</num_pages>
<work>
<id>5879208</id>
</work>
<isbn>0375706127</isbn>
<isbn13>9780375706127</isbn13>
<average_rating>4.47</average_rating>
<ratings_count>1421</ratings_count>
<publication_year>1999</publication_year>
<publication_month>7</publication_month>
<publication_day>27</publication_day>
<authors>
<author>
<id>8361</id>
<name>Dorothy Dunnett</name>
<link><![CDATA[https://www.goodreads.com/author/show/8361.Dorothy_Dunnett]]></link>
</author>
</authors>
</book>

          <book>
<id>7841656</id>
<title><![CDATA[Songs of Love and Death: All-Original Tales of Star-Crossed Love (Kushiel's Legacy #1.5; Phèdre's Trilogy, #1.5; The Dresden Files, #11.5; Outlander, #8.5)]]></title>
<title_without_series><![CDATA[Songs of Love and Death: All-Original Tales of Star-Crossed Love]]></title_without_series>
<link><![CDATA[https://www.goodreads.com/book/show/7841656-songs-of-love-and-death]]></link>
<small_image_url><![CDATA[https://images.gr-assets.com/books/1287955074s/7841656.jpg]]></small_image_url>
<image_url><![CDATA[https://images.gr-assets.com/books/1287955074m/7841656.jpg]]></image_url>
<num_pages>468</num_pages>
<work>
<id>10935124</id>
</work>
<isbn>1439150141</isbn>
<isbn13>9781439150146</isbn13>
<average_rating>3.77</average_rating>
<ratings_count>3434</ratings_count>
<publication_year></publication_year>
<publication_month></publication_month>
<publication_day></publication_day>
<authors>
<author>
<id>346732</id>
<name>George R.R. Martin</name>
<link><![CDATA[https://www.goodreads.com/author/show/346732.George_R_R_Martin]]></link>
</author>
</authors>
</book>

          <book>
<id>6342253</id>
<title><![CDATA[Lessons in Desire (Cambridge Fellows, #2)]]></title>
<title_without_series>Lessons in Desire</title_without_series>
<link><![CDATA[https://www.goodreads.com/book/show/6342253-lessons-in-desire]]></link>
<small_image_url><![CDATA[https://s.gr-assets.com/assets/nophoto/book/50x75-a91bf249278a81aabab721ef782c4a74.png]]></small_image_url>
<image_url><![CDATA[https://s.gr-assets.com/assets/nophoto/book/111x148-bcc042a9c91a29c1d680899eff700a03.png]]></image_url>
<num_pages>219</num_pages>
<work>
<id>6528355</id>
</work>
<isbn>1602021732</isbn>
<isbn13>9781602021730</isbn13>
<average_rating>4.06</average_rating>
<ratings_count>527</ratings_count>
<publication_year>2009</publication_year>
<publication_month>2</publication_month>
<publication_day>1</publication_day>
<authors>
<author>
<id>2727135</id>
<name>Charlie Cochrane</name>
<link><![CDATA[https://www.goodreads.com/author/show/2727135.Charlie_Cochrane]]></link>
</author>
</authors>
</book>

          <book>
<id>8450509</id>
<title><![CDATA[Where Shadows Dance (Sebastian St. Cyr, #6)]]></title>
<title_without_series>Where Shadows Dance</title_without_series>
<link><![CDATA[https://www.goodreads.com/book/show/8450509-where-shadows-dance]]></link>
<small_image_url><![CDATA[https://images.gr-assets.com/books/1283124713s/8450509.jpg]]></small_image_url>
<image_url><![CDATA[https://images.gr-assets.com/books/1283124713m/8450509.jpg]]></image_url>
<num_pages>342</num_pages>
<work>
<id>13314462</id>
</work>
<isbn>0451232232</isbn>
<isbn13>9780451232236</isbn13>
<average_rating>4.23</average_rating>
<ratings_count>4642</ratings_count>
<publication_year></publication_year>
<publication_month></publication_month>
<publication_day></publication_day>
<authors>
<author>
<id>22067</id>
<name>C.S. Harris</name>
<link><![CDATA[https://www.goodreads.com/author/show/22067.C_S_Harris]]></link>
</author>
</authors>
</book>

          <book>
<id>819236</id>
<title><![CDATA[Dragon's Lair (Justin de Quincy, #3)]]></title>
<title_without_series>Dragon&apos;s Lair</title_without_series>
<link><![CDATA[https://www.goodreads.com/book/show/819236.Dragon_s_Lair]]></link>
<small_image_url><![CDATA[https://s.gr-assets.com/assets/nophoto/book/50x75-a91bf249278a81aabab721ef782c4a74.png]]></small_image_url>
<image_url><![CDATA[https://s.gr-assets.com/assets/nophoto/book/111x148-bcc042a9c91a29c1d680899eff700a03.png]]></image_url>
<num_pages>352</num_pages>
<work>
<id>115370</id>
</work>
<isbn>0345434234</isbn>
<isbn13>9780345434234</isbn13>
<average_rating>4.01</average_rating>
<ratings_count>2258</ratings_count>
<publication_year>2004</publication_year>
<publication_month>11</publication_month>
<publication_day>23</publication_day>
<authors>
<author>
<id>24655</id>
<name>Sharon Kay Penman</name>
<link><![CDATA[https://www.goodreads.com/author/show/24655.Sharon_Kay_Penman]]></link>
</author>
</authors>
</book>

          <book>
<id>68015</id>
<title><![CDATA[The Back Passage (Mitch Mitchell Mystery, #1)]]></title>
<title_without_series>The Back Passage</title_without_series>
<link><![CDATA[https://www.goodreads.com/book/show/68015.The_Back_Passage]]></link>
<small_image_url><![CDATA[https://s.gr-assets.com/assets/nophoto/book/50x75-a91bf249278a81aabab721ef782c4a74.png]]></small_image_url>
<image_url><![CDATA[https://s.gr-assets.com/assets/nophoto/book/111x148-bcc042a9c91a29c1d680899eff700a03.png]]></image_url>
<num_pages>199</num_pages>
<work>
<id>65944</id>
</work>
<isbn>1573442437</isbn>
<isbn13>9781573442435</isbn13>
<average_rating>3.60</average_rating>
<ratings_count>1005</ratings_count>
<publication_year>2006</publication_year>
<publication_month>5</publication_month>
<publication_day>5</publication_day>
<authors>
<author>
<id>38335</id>
<name>James Lear</name>
<link><![CDATA[https://www.goodreads.com/author/show/38335.James_Lear]]></link>
</author>
</authors>
</book>

          <book>
<id>346223</id>
<title><![CDATA[Petty Treason (Sarah Tolerance, #2)]]></title>
<title_without_series>Petty Treason</title_without_series>
<link><![CDATA[https://www.goodreads.com/book/show/346223.Petty_Treason]]></link>
<small_image_url><![CDATA[https://s.gr-assets.com/assets/nophoto/book/50x75-a91bf249278a81aabab721ef782c4a74.png]]></small_image_url>
<image_url><![CDATA[https://s.gr-assets.com/assets/nophoto/book/111x148-bcc042a9c91a29c1d680899eff700a03.png]]></image_url>
<num_pages>320</num_pages>
<work>
<id>336523</id>
</work>
<isbn>0765343061</isbn>
<isbn13>9780765343062</isbn13>
<average_rating>3.90</average_rating>
<ratings_count>664</ratings_count>
<publication_year>2006</publication_year>
<publication_month>5</publication_month>
<publication_day>30</publication_day>
<authors>
<author>
<id>96514</id>
<name>Madeleine E. Robins</name>
<link><![CDATA[https://www.goodreads.com/author/show/96514.Madeleine_E_Robins]]></link>
</author>
</authors>
</book>

          <book>
<id>7747038</id>
<title>The Dark Farewell</title>
<title_without_series>The Dark Farewell</title_without_series>
<link><![CDATA[https://www.goodreads.com/book/show/7747038-the-dark-farewell]]></link>
<small_image_url><![CDATA[https://images.gr-assets.com/books/1267370623s/7747038.jpg]]></small_image_url>
<image_url><![CDATA[https://images.gr-assets.com/books/1267370623m/7747038.jpg]]></image_url>
<num_pages>189</num_pages>
<work>
<id>10575405</id>
</work>
<isbn>1605049441</isbn>
<isbn13>9781605049441</isbn13>
<average_rating>3.90</average_rating>
<ratings_count>970</ratings_count>
<publication_year>2010</publication_year>
<publication_month>3</publication_month>
<publication_day>5</publication_day>
<authors>
<author>
<id>359194</id>
<name>Josh Lanyon</name>
<link><![CDATA[https://www.goodreads.com/author/show/359194.Josh_Lanyon]]></link>
</author>
</authors>
</book>

          <book>
<id>4728979</id>
<title><![CDATA[Silent on the Moor (Lady Julia Grey, #3)]]></title>
<title_without_series>Silent on the Moor</title_without_series>
<link><![CDATA[https://www.goodreads.com/book/show/4728979-silent-on-the-moor]]></link>
<small_image_url><![CDATA[https://images.gr-assets.com/books/1475894981s/4728979.jpg]]></small_image_url>
<image_url><![CDATA[https://images.gr-assets.com/books/1475894981m/4728979.jpg]]></image_url>
<num_pages>465</num_pages>
<work>
<id>4793486</id>
</work>
<isbn>0778326144</isbn>
<isbn13>9780778326144</isbn13>
<average_rating>4.04</average_rating>
<ratings_count>9435</ratings_count>
<publication_year>2009</publication_year>
<publication_month></publication_month>
<publication_day></publication_day>
<authors>
<author>
<id>156327</id>
<name>Deanna Raybourn</name>
<link><![CDATA[https://www.goodreads.com/author/show/156327.Deanna_Raybourn]]></link>
</author>
</authors>
</book>

          <book>
<id>2995106</id>
<title>Captain&apos;s Surrender</title>
<title_without_series>Captain&apos;s Surrender</title_without_series>
<link><![CDATA[https://www.goodreads.com/book/show/2995106-captain-s-surrender]]></link>
<small_image_url><![CDATA[https://s.gr-assets.com/assets/nophoto/book/50x75-a91bf249278a81aabab721ef782c4a74.png]]></small_image_url>
<image_url><![CDATA[https://s.gr-assets.com/assets/nophoto/book/111x148-bcc042a9c91a29c1d680899eff700a03.png]]></image_url>
<num_pages>187</num_pages>
<work>
<id>3025583</id>
</work>
<isbn>1602020892</isbn>
<isbn13>9781602020894</isbn13>
<average_rating>3.68</average_rating>
<ratings_count>383</ratings_count>
<publication_year>2008</publication_year>
<publication_month>1</publication_month>
<publication_day>15</publication_day>
<authors>
<author>
<id>1289325</id>
<name>Alex Beecroft</name>
<link><![CDATA[https://www.goodreads.com/author/show/1289325.Alex_Beecroft]]></link>
</author>
</authors>
</book>

  </similar_books>
</book>

</GoodreadsResponse>