<?xml version="1.0" encoding="UTF-8"?>
<GoodreadsResponse>
  <Request>
    <authentication>true</authentication>
      <key><![CDATA[all_men_must_serve]]></key>
    <method><![CDATA[book_show]]></method>
  </Request>
  <book>
  <id>10993282</id>
  <title><![CDATA[Lover Reborn (Black Dagger Brotherhood, #10)]]></title>
  <isbn><![CDATA[0451235843]]></isbn>
  <isbn13><![CDATA[9780451235848]]></isbn13>
  <asin><![CDATA[]]></asin>
  <kindle_asin><![CDATA[B0068PHYG4]]></kindle_asin>
  <marketplace_id><![CDATA[A1F83G8C2ARO7P]]></marketplace_id>
  <country_code><![CDATA[GB]]></country_code>
  <image_url>https://images.gr-assets.com/books/1319144072m/10993282.jpg</image_url>
  <small_image_url>https://images.gr-assets.com/books/1319144072s/10993282.jpg</small_image_url>
  <publication_year>2012</publication_year>
  <publication_month>3</publication_month>
  <publication_day>27</publication_day>
  <publisher>NAL </publisher>
  <language_code>eng</language_code>
  <is_ebook>false</is_ebook>
  <description><![CDATA[Ever since the death of his <i>shellan</i>, Tohrment has been unrecognizable from the vampire leader he once was. Physically emaciated and heartbroken beyond despair, he has been brought back to the Brotherhood by a self-serving fallen angel. Now, fighting once again with ruthless vengeance, he is unprepared to face a new kind of tragedy. <br /><br />When Tohr begins to see his beloved in his dreams—trapped in a cold, isolated netherworld far from the peace and tranquillity of the Fade—he turns to the angel in hopes of saving the one he has lost. But because Lassiter tells him he must learn to love another to free his former mate, Tohr knows they are all doomed.... <br /><br />Except then a female with a shadowed history begins to get through to him. Against the backdrop of the raging war with the <i>lessers</i>, and with a new clan of vampires vying for the Blind King’s throne, Tohr struggles between the buried past and a very hot, passion-filled future…but can his heart let go and set all of them free?]]></description>
  <work>
  <id type="integer">15911884</id>
  <books_count type="integer">39</books_count>
  <best_book_id type="integer">10993282</best_book_id>
  <reviews_count type="integer">99761</reviews_count>
  <ratings_sum type="integer">279568</ratings_sum>
  <ratings_count type="integer">64218</ratings_count>
  <text_reviews_count type="integer">4415</text_reviews_count>
  <original_publication_year type="integer">2012</original_publication_year>
  <original_publication_month type="integer">3</original_publication_month>
  <original_publication_day type="integer">27</original_publication_day>
  <original_title>Lover Reborn</original_title>
  <original_language_id type="integer" nil="true"/>
  <media_type>book</media_type>
  <rating_dist>5:35082|4:19254|3:7835|2:1590|1:457|total:64218</rating_dist>
  <desc_user_id type="integer">7578432</desc_user_id>
  <default_chaptering_book_id type="integer" nil="true"/>
  <default_description_language_code nil="true"/>
</work>
  <average_rating>4.35</average_rating>
  <num_pages><![CDATA[592]]></num_pages>
  <format><![CDATA[Hardcover]]></format>
  <edition_information><![CDATA[First Edition]]></edition_information>
  <ratings_count><![CDATA[57886]]></ratings_count>
  <text_reviews_count><![CDATA[3730]]></text_reviews_count>
  <url><![CDATA[https://www.goodreads.com/book/show/10993282-lover-reborn]]></url>
  <link><![CDATA[https://www.goodreads.com/book/show/10993282-lover-reborn]]></link>
  <authors>
<author>
<id>20248</id>
<name>J.R. Ward</name>
<role></role>
<image_url nophoto='false'>
<![CDATA[https://images.gr-assets.com/authors/1437768069p5/20248.jpg]]>
</image_url>
<small_image_url nophoto='false'>
<![CDATA[https://images.gr-assets.com/authors/1437768069p2/20248.jpg]]>
</small_image_url>
<link><![CDATA[https://www.goodreads.com/author/show/20248.J_R_Ward]]></link>
<average_rating>4.30</average_rating>
<ratings_count>1569187</ratings_count>
<text_reviews_count>85440</text_reviews_count>
</author>
</authors>

    <reviews_widget>
      <![CDATA[
        <style>
  #goodreads-widget {
    font-family: georgia, serif;
    padding: 18px 0;
    width:565px;
  }
  #goodreads-widget h1 {
    font-weight:normal;
    font-size: 16px;
    border-bottom: 1px solid #BBB596;
    margin-bottom: 0;
  }
  #goodreads-widget a {
    text-decoration: none;
    color:#660;
  }
  iframe{
    background-color: #fff;
  }
  #goodreads-widget a:hover { text-decoration: underline; }
  #goodreads-widget a:active {
    color:#660;
  }
  #gr_footer {
    width: 100%;
    border-top: 1px solid #BBB596;
    text-align: right;
  }
  #goodreads-widget .gr_branding{
    color: #382110;
    font-size: 11px;
    text-decoration: none;
    font-family: "Helvetica Neue", Helvetica, Arial, sans-serif;
  }
</style>
<div id="goodreads-widget">
  <div id="gr_header"><h1><a rel="nofollow" href="https://www.goodreads.com/book/show/10993282-lover-reborn">Lover Reborn Reviews</a></h1></div>
  <iframe id="the_iframe" src="https://www.goodreads.com/api/reviews_widget_iframe?did=DEVELOPER_ID&amp;format=html&amp;isbn=0451235843&amp;links=660&amp;min_rating=&amp;review_back=fff&amp;stars=000&amp;text=000" width="565" height="400" frameborder="0"></iframe>
  <div id="gr_footer">
    <a class="gr_branding" target="_blank" rel="nofollow" href="https://www.goodreads.com/book/show/10993282-lover-reborn?utm_medium=api&amp;utm_source=reviews_widget">Reviews from Goodreads.com</a>
  </div>
</div>

      ]]>
    </reviews_widget>
  <popular_shelves>
      <shelf name="to-read" count="3240"/>
      <shelf name="paranormal" count="1218"/>
      <shelf name="paranormal-romance" count="1189"/>
      <shelf name="vampires" count="1126"/>
      <shelf name="romance" count="1053"/>
      <shelf name="favorites" count="897"/>
      <shelf name="black-dagger-brotherhood" count="536"/>
      <shelf name="j-r-ward" count="491"/>
      <shelf name="fantasy" count="481"/>
      <shelf name="series" count="373"/>
      <shelf name="urban-fantasy" count="339"/>
      <shelf name="jr-ward" count="278"/>
      <shelf name="adult" count="218"/>
      <shelf name="pnr" count="191"/>
      <shelf name="vampire" count="189"/>
      <shelf name="bdb" count="175"/>
      <shelf name="books-i-own" count="163"/>
      <shelf name="read-in-2012" count="150"/>
      <shelf name="fiction" count="150"/>
      <shelf name="kindle" count="143"/>
      <shelf name="erotica" count="138"/>
      <shelf name="supernatural" count="133"/>
      <shelf name="owned" count="127"/>
      <shelf name="currently-reading" count="125"/>
      <shelf name="vamps" count="111"/>
      <shelf name="angels" count="104"/>
      <shelf name="ebook" count="104"/>
      <shelf name="read-2012" count="89"/>
      <shelf name="contemporary" count="69"/>
      <shelf name="romance-paranormal" count="69"/>
      <shelf name="favorite-series" count="64"/>
      <shelf name="default" count="62"/>
      <shelf name="library" count="62"/>
      <shelf name="audiobook" count="60"/>
      <shelf name="alpha-male" count="58"/>
      <shelf name="black-dagger-brotherhood-series" count="58"/>
      <shelf name="m-f" count="56"/>
      <shelf name="black-dagger" count="56"/>
      <shelf name="vampire-romance" count="55"/>
      <shelf name="ebooks" count="54"/>
      <shelf name="erotic" count="54"/>
      <shelf name="5-stars" count="51"/>
      <shelf name="to-buy" count="50"/>
      <shelf name="read-in-2013" count="49"/>
      <shelf name="favourites" count="49"/>
      <shelf name="nook" count="45"/>
      <shelf name="2012-reads" count="45"/>
      <shelf name="audiobooks" count="45"/>
      <shelf name="owned-books" count="44"/>
      <shelf name="part-of-a-series" count="44"/>
      <shelf name="action" count="43"/>
      <shelf name="favorite" count="42"/>
      <shelf name="audio" count="41"/>
      <shelf name="paranormal-fantasy" count="41"/>
      <shelf name="i-own" count="40"/>
      <shelf name="e-book" count="40"/>
      <shelf name="audible" count="38"/>
      <shelf name="e-books" count="37"/>
      <shelf name="my-books" count="35"/>
      <shelf name="re-read" count="35"/>
      <shelf name="erotic-romance" count="33"/>
      <shelf name="fantasy-paranormal" count="33"/>
      <shelf name="read-in-2014" count="32"/>
      <shelf name="adult-romance" count="32"/>
      <shelf name="ward-j-r" count="31"/>
      <shelf name="favorite-authors" count="31"/>
      <shelf name="wish-list" count="30"/>
      <shelf name="4-stars" count="29"/>
      <shelf name="tortured-hero" count="29"/>
      <shelf name="contemporary-romance" count="29"/>
      <shelf name="read-2013" count="28"/>
      <shelf name="made-me-cry" count="28"/>
      <shelf name="mf" count="28"/>
      <shelf name="fantasy-romance" count="28"/>
      <shelf name="vampire-books" count="28"/>
      <shelf name="reviewed" count="27"/>
      <shelf name="alpha-males" count="27"/>
      <shelf name="my-favorites" count="27"/>
      <shelf name="guilty-pleasures" count="27"/>
      <shelf name="ward-jr" count="27"/>
      <shelf name="ward" count="27"/>
      <shelf name="steamy" count="26"/>
      <shelf name="smut" count="26"/>
      <shelf name="adult-fiction" count="26"/>
      <shelf name="pnr-uf" count="26"/>
      <shelf name="2012-read" count="25"/>
      <shelf name="the-black-dagger-brotherhood" count="24"/>
      <shelf name="hot" count="24"/>
      <shelf name="suspense" count="24"/>
      <shelf name="adult-paranormal" count="24"/>
      <shelf name="guilty-pleasure" count="23"/>
      <shelf name="chick-lit" count="22"/>
      <shelf name="paranormal-vampires" count="22"/>
      <shelf name="read-in-2016" count="21"/>
      <shelf name="read-2015" count="21"/>
      <shelf name="read-2014" count="21"/>
      <shelf name="2012-books" count="21"/>
      <shelf name="faves" count="21"/>
      <shelf name="brotherhood" count="21"/>
      <shelf name="series-black-dagger-brotherhood" count="21"/>
  </popular_shelves>
  <book_links>
    <book_link>
  <id>8</id>
  <name>Libraries</name>
  <link>https://www.goodreads.com/book_link/follow/8</link>
</book_link>

  </book_links>
  <buy_links>
    <buy_link>
<id>1</id>
<name>Amazon</name>
<link>https://www.goodreads.com/book_link/follow/1</link>
</buy_link>
<buy_link>
<id>10</id>
<name>Audible</name>
<link>https://www.goodreads.com/book_link/follow/10</link>
</buy_link>
<buy_link>
<id>3</id>
<name>Barnes &amp; Noble</name>
<link>https://www.goodreads.com/book_link/follow/3</link>
</buy_link>
<buy_link>
<id>1027</id>
<name>Kobo</name>
<link>https://www.goodreads.com/book_link/follow/1027</link>
</buy_link>
<buy_link>
<id>2102</id>
<name>Apple iBooks</name>
<link>https://www.goodreads.com/book_link/follow/2102</link>
</buy_link>
<buy_link>
<id>8036</id>
<name>Google Play</name>
<link>https://www.goodreads.com/book_link/follow/8036</link>
</buy_link>
<buy_link>
<id>4</id>
<name>Abebooks</name>
<link>https://www.goodreads.com/book_link/follow/4</link>
</buy_link>
<buy_link>
<id>882</id>
<name>Book Depository</name>
<link>https://www.goodreads.com/book_link/follow/882</link>
</buy_link>
<buy_link>
<id>9</id>
<name>Indigo</name>
<link>https://www.goodreads.com/book_link/follow/9</link>
</buy_link>
<buy_link>
<id>2</id>
<name>Half.com</name>
<link>https://www.goodreads.com/book_link/follow/2</link>
</buy_link>
<buy_link>
<id>5</id>
<name>Alibris</name>
<link>https://www.goodreads.com/book_link/follow/5</link>
</buy_link>
<buy_link>
<id>107</id>
<name>Better World Books</name>
<link>https://www.goodreads.com/book_link/follow/107</link>
</buy_link>
<buy_link>
<id>7</id>
<name>IndieBound</name>
<link>https://www.goodreads.com/book_link/follow/7</link>
</buy_link>

  </buy_links>
  <series_works>
    <series_work>
<id>248195</id>
<user_position>10</user_position>
<series>
<id>41963</id>
<title>
<![CDATA[
    Black Dagger Brotherhood
]]>
</title>
<description>
<![CDATA[
    <a href="https://www.goodreads.com/series/146971-black-dagger-legacy">Black Dagger Legacy</a> is a spinoff of Black Dagger Brotherhood series.
    (actually runs parallel – read within Black Dagger Brotherhood by publication date).
    
    Extras: <a href="http://www.goodreads.com/series/54346-black-dagger-brotherhood-slices-of-life">Black Dagger Brotherhood: Slices of Life
     </a>
    
    
    Also known as:
    *Bulgarian: Братството на Черния Кинжал
    *Croatian: Bratstvo crnog bodeža
    *Czech: Bratrstvo černé dýky
    *Finnish: Mustan Tikarin veljeskunta
    *French: La Confrérie de la dague noire
    *Galician: Irmandade da Adaga Negra
    *German: <a href="http://www.goodreads.com/series/59190-black-dagger-german">Black Dagger</a>
    *Greece:Η Αδελφότητα του Μαύρου Στιλέτου
    *Hungarian: Fekete Tőr Testvériség
    *Italian: La Confraternita del Pugnale Nero
    *Norwegian: Den sorte dolks Brorskap
    *Polish: Bractwo Czarnego Sztyletu
    *Portuguese: Irmandade da Adaga Negra
    *Romanian:Frăția Pumnalului Negru
    *Russian: Братство Чёрного Кинжала
    *Spanish: La Hermandad de la Daga Negra
    *Turkish: Kara Hançer Kardeşliği
]]>
</description>
<note>
<![CDATA[
]]>
</note>
<series_works_count>23</series_works_count>
<primary_work_count>16</primary_work_count>
<numbered>true</numbered>
</series>

</series_work>

  </series_works>
  <similar_books>
          <book>
<id>12042279</id>
<title><![CDATA[Darker After Midnight (Midnight Breed, #10)]]></title>
<title_without_series>Darker After Midnight</title_without_series>
<link><![CDATA[https://www.goodreads.com/book/show/12042279-darker-after-midnight]]></link>
<small_image_url><![CDATA[https://images.gr-assets.com/books/1313987798s/12042279.jpg]]></small_image_url>
<image_url><![CDATA[https://images.gr-assets.com/books/1313987798m/12042279.jpg]]></image_url>
<num_pages>384</num_pages>
<work>
<id>12985451</id>
</work>
<isbn>1849013764</isbn>
<isbn13>9781849013765</isbn13>
<average_rating>4.37</average_rating>
<ratings_count>16754</ratings_count>
<publication_year>2012</publication_year>
<publication_month>1</publication_month>
<publication_day>24</publication_day>
<authors>
<author>
<id>375626</id>
<name>Lara Adrian</name>
<link><![CDATA[https://www.goodreads.com/author/show/375626.Lara_Adrian]]></link>
</author>
</authors>
</book>

          <book>
<id>11512712</id>
<title><![CDATA[Lethal Rider (Lords of Deliverance, #3; Demonica, #8)]]></title>
<title_without_series>Lethal Rider</title_without_series>
<link><![CDATA[https://www.goodreads.com/book/show/11512712-lethal-rider]]></link>
<small_image_url><![CDATA[https://images.gr-assets.com/books/1325328345s/11512712.jpg]]></small_image_url>
<image_url><![CDATA[https://images.gr-assets.com/books/1325328345m/11512712.jpg]]></image_url>
<num_pages>464</num_pages>
<work>
<id>16448858</id>
</work>
<isbn>074995552X</isbn>
<isbn13>9780749955526</isbn13>
<average_rating>4.39</average_rating>
<ratings_count>14308</ratings_count>
<publication_year>2012</publication_year>
<publication_month>5</publication_month>
<publication_day>22</publication_day>
<authors>
<author>
<id>375143</id>
<name>Larissa Ione</name>
<link><![CDATA[https://www.goodreads.com/author/show/375143.Larissa_Ione]]></link>
</author>
</authors>
</book>

          <book>
<id>8038219</id>
<title><![CDATA[The Darkest Surrender  (Lords of the Underworld #8)]]></title>
<title_without_series>The Darkest Surrender</title_without_series>
<link><![CDATA[https://www.goodreads.com/book/show/8038219-the-darkest-surrender]]></link>
<small_image_url><![CDATA[https://images.gr-assets.com/books/1327883317s/8038219.jpg]]></small_image_url>
<image_url><![CDATA[https://images.gr-assets.com/books/1327883317m/8038219.jpg]]></image_url>
<num_pages>426</num_pages>
<work>
<id>12659235</id>
</work>
<isbn>0373775814</isbn>
<isbn13>9780373775811</isbn13>
<average_rating>4.42</average_rating>
<ratings_count>25830</ratings_count>
<publication_year>2011</publication_year>
<publication_month>9</publication_month>
<publication_day>27</publication_day>
<authors>
<author>
<id>48192</id>
<name>Gena Showalter</name>
<link><![CDATA[https://www.goodreads.com/author/show/48192.Gena_Showalter]]></link>
</author>
</authors>
</book>

          <book>
<id>10790516</id>
<title><![CDATA[Lothaire (Immortals After Dark #12)]]></title>
<title_without_series>Lothaire</title_without_series>
<link><![CDATA[https://www.goodreads.com/book/show/10790516-lothaire]]></link>
<small_image_url><![CDATA[https://images.gr-assets.com/books/1366322959s/10790516.jpg]]></small_image_url>
<image_url><![CDATA[https://images.gr-assets.com/books/1366322959m/10790516.jpg]]></image_url>
<num_pages>468</num_pages>
<work>
<id>15702803</id>
</work>
<isbn>1439136823</isbn>
<isbn13>9781439136829</isbn13>
<average_rating>4.43</average_rating>
<ratings_count>33135</ratings_count>
<publication_year>2012</publication_year>
<publication_month>1</publication_month>
<publication_day>10</publication_day>
<authors>
<author>
<id>4428</id>
<name>Kresley Cole</name>
<link><![CDATA[https://www.goodreads.com/author/show/4428.Kresley_Cole]]></link>
</author>
</authors>
</book>

          <book>
<id>10649555</id>
<title><![CDATA[The Guardian (Dark-Hunter, #20; Dream-Hunter, #5; Were-Hunter, #6; Hellchaser, #3)]]></title>
<title_without_series>The Guardian</title_without_series>
<link><![CDATA[https://www.goodreads.com/book/show/10649555-the-guardian]]></link>
<small_image_url><![CDATA[https://s.gr-assets.com/assets/nophoto/book/50x75-a91bf249278a81aabab721ef782c4a74.png]]></small_image_url>
<image_url><![CDATA[https://s.gr-assets.com/assets/nophoto/book/111x148-bcc042a9c91a29c1d680899eff700a03.png]]></image_url>
<num_pages>345</num_pages>
<work>
<id>15558522</id>
</work>
<isbn>0312550057</isbn>
<isbn13>9780312550059</isbn13>
<average_rating>4.34</average_rating>
<ratings_count>15639</ratings_count>
<publication_year>2011</publication_year>
<publication_month>11</publication_month>
<publication_day>1</publication_day>
<authors>
<author>
<id>4430</id>
<name>Sherrilyn Kenyon</name>
<link><![CDATA[https://www.goodreads.com/author/show/4430.Sherrilyn_Kenyon]]></link>
</author>
</authors>
</book>

          <book>
<id>7039218</id>
<title><![CDATA[Once Burned (Night Prince, #1)]]></title>
<title_without_series>Once Burned</title_without_series>
<link><![CDATA[https://www.goodreads.com/book/show/7039218-once-burned]]></link>
<small_image_url><![CDATA[https://images.gr-assets.com/books/1335738276s/7039218.jpg]]></small_image_url>
<image_url><![CDATA[https://images.gr-assets.com/books/1335738276m/7039218.jpg]]></image_url>
<num_pages>346</num_pages>
<work>
<id>7288100</id>
</work>
<isbn>006178320X</isbn>
<isbn13>9780061783203</isbn13>
<average_rating>4.24</average_rating>
<ratings_count>47929</ratings_count>
<publication_year>2012</publication_year>
<publication_month>6</publication_month>
<publication_day>26</publication_day>
<authors>
<author>
<id>669810</id>
<name>Jeaniene Frost</name>
<link><![CDATA[https://www.goodreads.com/author/show/669810.Jeaniene_Frost]]></link>
</author>
</authors>
</book>

  </similar_books>
</book>

</GoodreadsResponse>