<?xml version="1.0" encoding="UTF-8"?>
<GoodreadsResponse>
  <Request>
    <authentication>true</authentication>
      <key><![CDATA[all_men_must_serve]]></key>
    <method><![CDATA[book_show]]></method>
  </Request>
  <book>
  <id>11007587</id>
  <title>Zero Day (John Puller, #1)</title>
  <isbn><![CDATA[0446573019]]></isbn>
  <isbn13><![CDATA[9780446573016]]></isbn13>
  <asin><![CDATA[]]></asin>
  <kindle_asin><![CDATA[B005I3PAUO]]></kindle_asin>
  <marketplace_id><![CDATA[A1F83G8C2ARO7P]]></marketplace_id>
  <country_code><![CDATA[GB]]></country_code>
  <image_url>https://s.gr-assets.com/assets/nophoto/book/111x148-bcc042a9c91a29c1d680899eff700a03.png</image_url>
  <small_image_url>https://s.gr-assets.com/assets/nophoto/book/50x75-a91bf249278a81aabab721ef782c4a74.png</small_image_url>
  <publication_year></publication_year>
  <publication_month></publication_month>
  <publication_day></publication_day>
  <publisher></publisher>
  <language_code>en-US</language_code>
  <is_ebook>false</is_ebook>
  <description><![CDATA[War hero John Puller is known to be the top investigator in the US Army’s CID. So when a family with military connections is brutally murdered in a remote area of West Virginia, Puller is called to investigate, and soon suspects the case has wider implications. <br /><br />As the body count rises he teams up with local homicide detective Samantha Cole. As the web of deceit is revealed, it quickly becomes apparent that there’s much more to this case than they had first thought. It is an investigation where nothing is as it seems, and nothing can be taken at face value.]]></description>
  <work>
  <id type="integer">15926531</id>
  <books_count type="integer">57</books_count>
  <best_book_id type="integer">11007587</best_book_id>
  <reviews_count type="integer">77338</reviews_count>
  <ratings_sum type="integer">195267</ratings_sum>
  <ratings_count type="integer">48983</ratings_count>
  <text_reviews_count type="integer">2870</text_reviews_count>
  <original_publication_year type="integer">2011</original_publication_year>
  <original_publication_month type="integer">10</original_publication_month>
  <original_publication_day type="integer">31</original_publication_day>
  <original_title>Zero Day</original_title>
  <original_language_id type="integer" nil="true"/>
  <media_type>book</media_type>
  <rating_dist>5:15420|4:20772|3:10212|2:1864|1:715|total:48983</rating_dist>
  <desc_user_id type="integer">45232006</desc_user_id>
  <default_chaptering_book_id type="integer" nil="true"/>
  <default_description_language_code nil="true"/>
</work>
  <average_rating>3.99</average_rating>
  <num_pages><![CDATA[434]]></num_pages>
  <format><![CDATA[]]></format>
  <edition_information><![CDATA[]]></edition_information>
  <ratings_count><![CDATA[38683]]></ratings_count>
  <text_reviews_count><![CDATA[2404]]></text_reviews_count>
  <url><![CDATA[https://www.goodreads.com/book/show/11007587-zero-day]]></url>
  <link><![CDATA[https://www.goodreads.com/book/show/11007587-zero-day]]></link>
  <authors>
<author>
<id>9291</id>
<name>David Baldacci</name>
<role></role>
<image_url nophoto='false'>
<![CDATA[https://images.gr-assets.com/authors/1383944009p5/9291.jpg]]>
</image_url>
<small_image_url nophoto='false'>
<![CDATA[https://images.gr-assets.com/authors/1383944009p2/9291.jpg]]>
</small_image_url>
<link><![CDATA[https://www.goodreads.com/author/show/9291.David_Baldacci]]></link>
<average_rating>4.04</average_rating>
<ratings_count>1126998</ratings_count>
<text_reviews_count>63023</text_reviews_count>
</author>
</authors>

    <reviews_widget>
      <![CDATA[
        <style>
  #goodreads-widget {
    font-family: georgia, serif;
    padding: 18px 0;
    width:565px;
  }
  #goodreads-widget h1 {
    font-weight:normal;
    font-size: 16px;
    border-bottom: 1px solid #BBB596;
    margin-bottom: 0;
  }
  #goodreads-widget a {
    text-decoration: none;
    color:#660;
  }
  iframe{
    background-color: #fff;
  }
  #goodreads-widget a:hover { text-decoration: underline; }
  #goodreads-widget a:active {
    color:#660;
  }
  #gr_footer {
    width: 100%;
    border-top: 1px solid #BBB596;
    text-align: right;
  }
  #goodreads-widget .gr_branding{
    color: #382110;
    font-size: 11px;
    text-decoration: none;
    font-family: "Helvetica Neue", Helvetica, Arial, sans-serif;
  }
</style>
<div id="goodreads-widget">
  <div id="gr_header"><h1><a rel="nofollow" href="https://www.goodreads.com/book/show/11007587-zero-day">Zero Day Reviews</a></h1></div>
  <iframe id="the_iframe" src="https://www.goodreads.com/api/reviews_widget_iframe?did=DEVELOPER_ID&amp;format=html&amp;isbn=0446573019&amp;links=660&amp;min_rating=&amp;review_back=fff&amp;stars=000&amp;text=000" width="565" height="400" frameborder="0"></iframe>
  <div id="gr_footer">
    <a class="gr_branding" target="_blank" rel="nofollow" href="https://www.goodreads.com/book/show/11007587-zero-day?utm_medium=api&amp;utm_source=reviews_widget">Reviews from Goodreads.com</a>
  </div>
</div>

      ]]>
    </reviews_widget>
  <popular_shelves>
      <shelf name="to-read" count="2350"/>
      <shelf name="currently-reading" count="1461"/>
      <shelf name="thriller" count="416"/>
      <shelf name="david-baldacci" count="385"/>
      <shelf name="fiction" count="319"/>
      <shelf name="mystery" count="294"/>
      <shelf name="baldacci" count="108"/>
      <shelf name="suspense" count="108"/>
      <shelf name="default" count="102"/>
      <shelf name="crime" count="98"/>
      <shelf name="audiobook" count="87"/>
      <shelf name="kindle" count="87"/>
      <shelf name="audio" count="82"/>
      <shelf name="series" count="79"/>
      <shelf name="owned" count="74"/>
      <shelf name="baldacci-david" count="73"/>
      <shelf name="thrillers" count="70"/>
      <shelf name="mystery-thriller" count="65"/>
      <shelf name="john-puller" count="64"/>
      <shelf name="audio-books" count="59"/>
      <shelf name="audiobooks" count="58"/>
      <shelf name="library" count="48"/>
      <shelf name="audible" count="48"/>
      <shelf name="military" count="45"/>
      <shelf name="favorites" count="40"/>
      <shelf name="mystery-suspense" count="38"/>
      <shelf name="action" count="37"/>
      <shelf name="audio-book" count="34"/>
      <shelf name="mysteries" count="34"/>
      <shelf name="owned-books" count="33"/>
      <shelf name="ebook" count="33"/>
      <shelf name="books-i-own" count="32"/>
      <shelf name="adult" count="30"/>
      <shelf name="adventure" count="27"/>
      <shelf name="to-buy" count="25"/>
      <shelf name="read-in-2013" count="22"/>
      <shelf name="suspense-thriller" count="22"/>
      <shelf name="conspiracy-thriller" count="21"/>
      <shelf name="action-adventure" count="18"/>
      <shelf name="read-in-2012" count="18"/>
      <shelf name="ebooks" count="18"/>
      <shelf name="murder-mystery" count="17"/>
      <shelf name="espionage" count="17"/>
      <shelf name="detective" count="17"/>
      <shelf name="crime-mystery" count="16"/>
      <shelf name="listened-to" count="16"/>
      <shelf name="calibre" count="16"/>
      <shelf name="military-political-thriller" count="15"/>
      <shelf name="read-2015" count="15"/>
      <shelf name="david-baldacci-john-puller" count="15"/>
      <shelf name="crime-thriller" count="15"/>
      <shelf name="e-books" count="15"/>
      <shelf name="mystery-suspense-thriller" count="15"/>
      <shelf name="mystery-crime" count="15"/>
      <shelf name="my-books" count="15"/>
      <shelf name="adult-fiction" count="15"/>
      <shelf name="read-in-2016" count="14"/>
      <shelf name="john-puller-series" count="14"/>
      <shelf name="on-kindle" count="13"/>
      <shelf name="west-virginia" count="13"/>
      <shelf name="read-2016" count="12"/>
      <shelf name="have" count="12"/>
      <shelf name="first-in-series" count="12"/>
      <shelf name="thriller-mystery" count="12"/>
      <shelf name="crime-fiction" count="12"/>
      <shelf name="my-library" count="11"/>
      <shelf name="finished" count="11"/>
      <shelf name="read-2012" count="11"/>
      <shelf name="favorite-authors" count="11"/>
      <shelf name="mystery-thrillers" count="11"/>
      <shelf name="library-book" count="11"/>
      <shelf name="john-puller-series-1" count="10"/>
      <shelf name="baldacci-puller" count="10"/>
      <shelf name="i-own" count="10"/>
      <shelf name="nook" count="10"/>
      <shelf name="novels" count="10"/>
      <shelf name="thriller-suspense" count="10"/>
      <shelf name="read-in-2015" count="9"/>
      <shelf name="terrorism" count="9"/>
      <shelf name="read-in-2014" count="9"/>
      <shelf name="own-to-read" count="9"/>
      <shelf name="part-of-a-series" count="9"/>
      <shelf name="kindle-books" count="9"/>
      <shelf name="spy-thriller" count="9"/>
      <shelf name="read-in-2017" count="8"/>
      <shelf name="baldacci-john-puller" count="8"/>
      <shelf name="ibooks" count="8"/>
      <shelf name="2013-books" count="8"/>
      <shelf name="listened" count="8"/>
      <shelf name="murder" count="8"/>
      <shelf name="fic031000" count="8"/>
      <shelf name="action-thriller" count="8"/>
      <shelf name="borrowed" count="8"/>
      <shelf name="2015-reads" count="7"/>
      <shelf name="mystery-detective" count="7"/>
      <shelf name="conspiracy" count="7"/>
      <shelf name="favorite-author" count="7"/>
      <shelf name="contemporary" count="7"/>
      <shelf name="overdrive" count="7"/>
      <shelf name="books" count="7"/>
  </popular_shelves>
  <book_links>
    <book_link>
  <id>8</id>
  <name>Libraries</name>
  <link>https://www.goodreads.com/book_link/follow/8</link>
</book_link>

  </book_links>
  <buy_links>
    <buy_link>
<id>1</id>
<name>Amazon</name>
<link>https://www.goodreads.com/book_link/follow/1</link>
</buy_link>
<buy_link>
<id>10</id>
<name>Audible</name>
<link>https://www.goodreads.com/book_link/follow/10</link>
</buy_link>
<buy_link>
<id>3</id>
<name>Barnes &amp; Noble</name>
<link>https://www.goodreads.com/book_link/follow/3</link>
</buy_link>
<buy_link>
<id>1027</id>
<name>Kobo</name>
<link>https://www.goodreads.com/book_link/follow/1027</link>
</buy_link>
<buy_link>
<id>2102</id>
<name>Apple iBooks</name>
<link>https://www.goodreads.com/book_link/follow/2102</link>
</buy_link>
<buy_link>
<id>8036</id>
<name>Google Play</name>
<link>https://www.goodreads.com/book_link/follow/8036</link>
</buy_link>
<buy_link>
<id>4</id>
<name>Abebooks</name>
<link>https://www.goodreads.com/book_link/follow/4</link>
</buy_link>
<buy_link>
<id>882</id>
<name>Book Depository</name>
<link>https://www.goodreads.com/book_link/follow/882</link>
</buy_link>
<buy_link>
<id>9</id>
<name>Indigo</name>
<link>https://www.goodreads.com/book_link/follow/9</link>
</buy_link>
<buy_link>
<id>2</id>
<name>Half.com</name>
<link>https://www.goodreads.com/book_link/follow/2</link>
</buy_link>
<buy_link>
<id>5</id>
<name>Alibris</name>
<link>https://www.goodreads.com/book_link/follow/5</link>
</buy_link>
<buy_link>
<id>107</id>
<name>Better World Books</name>
<link>https://www.goodreads.com/book_link/follow/107</link>
</buy_link>
<buy_link>
<id>7</id>
<name>IndieBound</name>
<link>https://www.goodreads.com/book_link/follow/7</link>
</buy_link>

  </buy_links>
  <series_works>
    <series_work>
<id>420540</id>
<user_position>1</user_position>
<series>
<id>87307</id>
<title>
<![CDATA[
    John Puller
]]>
</title>
<description>
<![CDATA[
    John Puller is a combat veteran and the best military investigator in the U.S. Army’s Criminal Investigative Division.
]]>
</description>
<note>
<![CDATA[
]]>
</note>
<series_works_count>4</series_works_count>
<primary_work_count>4</primary_work_count>
<numbered>true</numbered>
</series>

</series_work>

  </series_works>
  <similar_books>
          <book>
<id>10517947</id>
<title><![CDATA[Full Black (Scot Harvath, #10)]]></title>
<title_without_series>Full Black</title_without_series>
<link><![CDATA[https://www.goodreads.com/book/show/10517947-full-black]]></link>
<small_image_url><![CDATA[https://images.gr-assets.com/books/1393773645s/10517947.jpg]]></small_image_url>
<image_url><![CDATA[https://images.gr-assets.com/books/1393773645m/10517947.jpg]]></image_url>
<num_pages>400</num_pages>
<work>
<id>15423995</id>
</work>
<isbn>141658661X</isbn>
<isbn13>9781416586616</isbn13>
<average_rating>4.26</average_rating>
<ratings_count>15229</ratings_count>
<publication_year>2011</publication_year>
<publication_month>7</publication_month>
<publication_day>26</publication_day>
<authors>
<author>
<id>5088</id>
<name>Brad Thor</name>
<link><![CDATA[https://www.goodreads.com/author/show/5088.Brad_Thor]]></link>
</author>
</authors>
</book>

          <book>
<id>11082037</id>
<title><![CDATA[The Drop (Harry Bosch, #17; Harry Bosch Universe, #21)]]></title>
<title_without_series>The Drop</title_without_series>
<link><![CDATA[https://www.goodreads.com/book/show/11082037-the-drop]]></link>
<small_image_url><![CDATA[https://images.gr-assets.com/books/1327935031s/11082037.jpg]]></small_image_url>
<image_url><![CDATA[https://images.gr-assets.com/books/1327935031m/11082037.jpg]]></image_url>
<num_pages>388</num_pages>
<work>
<id>15547563</id>
</work>
<isbn>0316069418</isbn>
<isbn13>9780316069410</isbn13>
<average_rating>4.14</average_rating>
<ratings_count>39058</ratings_count>
<publication_year></publication_year>
<publication_month></publication_month>
<publication_day></publication_day>
<authors>
<author>
<id>12470</id>
<name>Michael Connelly</name>
<link><![CDATA[https://www.goodreads.com/author/show/12470.Michael_Connelly]]></link>
</author>
</authors>
</book>

          <book>
<id>7932146</id>
<title><![CDATA[The Inner Circle (Culper Ring, #1)]]></title>
<title_without_series>The Inner Circle</title_without_series>
<link><![CDATA[https://www.goodreads.com/book/show/7932146-the-inner-circle]]></link>
<small_image_url><![CDATA[https://s.gr-assets.com/assets/nophoto/book/50x75-a91bf249278a81aabab721ef782c4a74.png]]></small_image_url>
<image_url><![CDATA[https://s.gr-assets.com/assets/nophoto/book/111x148-bcc042a9c91a29c1d680899eff700a03.png]]></image_url>
<num_pages>449</num_pages>
<work>
<id>11259924</id>
</work>
<isbn>0446577898</isbn>
<isbn13>9780446577892</isbn13>
<average_rating>3.76</average_rating>
<ratings_count>16530</ratings_count>
<publication_year></publication_year>
<publication_month></publication_month>
<publication_day></publication_day>
<authors>
<author>
<id>14610</id>
<name>Brad Meltzer</name>
<link><![CDATA[https://www.goodreads.com/author/show/14610.Brad_Meltzer]]></link>
</author>
</authors>
</book>

          <book>
<id>13573622</id>
<title><![CDATA[The Last Man (Mitch Rapp, #13)]]></title>
<title_without_series>The Last Man</title_without_series>
<link><![CDATA[https://www.goodreads.com/book/show/13573622-the-last-man]]></link>
<small_image_url><![CDATA[https://s.gr-assets.com/assets/nophoto/book/50x75-a91bf249278a81aabab721ef782c4a74.png]]></small_image_url>
<image_url><![CDATA[https://s.gr-assets.com/assets/nophoto/book/111x148-bcc042a9c91a29c1d680899eff700a03.png]]></image_url>
<num_pages></num_pages>
<work>
<id>19154615</id>
</work>
<isbn>141659521X</isbn>
<isbn13>9781416595212</isbn13>
<average_rating>4.34</average_rating>
<ratings_count>25151</ratings_count>
<publication_year>2012</publication_year>
<publication_month>11</publication_month>
<publication_day>13</publication_day>
<authors>
<author>
<id>14989</id>
<name>Vince Flynn</name>
<link><![CDATA[https://www.goodreads.com/author/show/14989.Vince_Flynn]]></link>
</author>
</authors>
</book>

          <book>
<id>11955138</id>
<title><![CDATA[Coup d'Etat (Dewey Andreas, #2)]]></title>
<title_without_series>Coup d&apos;Etat</title_without_series>
<link><![CDATA[https://www.goodreads.com/book/show/11955138-coup-d-etat]]></link>
<small_image_url><![CDATA[https://s.gr-assets.com/assets/nophoto/book/50x75-a91bf249278a81aabab721ef782c4a74.png]]></small_image_url>
<image_url><![CDATA[https://s.gr-assets.com/assets/nophoto/book/111x148-bcc042a9c91a29c1d680899eff700a03.png]]></image_url>
<num_pages>466</num_pages>
<work>
<id>16917222</id>
</work>
<isbn>0312580762</isbn>
<isbn13>9780312580766</isbn13>
<average_rating>4.23</average_rating>
<ratings_count>6624</ratings_count>
<publication_year></publication_year>
<publication_month></publication_month>
<publication_day></publication_day>
<authors>
<author>
<id>4095460</id>
<name>Ben Coes</name>
<link><![CDATA[https://www.goodreads.com/author/show/4095460.Ben_Coes]]></link>
</author>
</authors>
</book>

          <book>
<id>11746175</id>
<title><![CDATA[Capitol Murder (Dana Cutler, #3)]]></title>
<title_without_series>Capitol Murder</title_without_series>
<link><![CDATA[https://www.goodreads.com/book/show/11746175-capitol-murder]]></link>
<small_image_url><![CDATA[https://s.gr-assets.com/assets/nophoto/book/50x75-a91bf249278a81aabab721ef782c4a74.png]]></small_image_url>
<image_url><![CDATA[https://s.gr-assets.com/assets/nophoto/book/111x148-bcc042a9c91a29c1d680899eff700a03.png]]></image_url>
<num_pages>340</num_pages>
<work>
<id>16695790</id>
</work>
<isbn>0062069888</isbn>
<isbn13>9780062069887</isbn13>
<average_rating>3.80</average_rating>
<ratings_count>2220</ratings_count>
<publication_year>2012</publication_year>
<publication_month>4</publication_month>
<publication_day>3</publication_day>
<authors>
<author>
<id>7153</id>
<name>Phillip Margolin</name>
<link><![CDATA[https://www.goodreads.com/author/show/7153.Phillip_Margolin]]></link>
</author>
</authors>
</book>

          <book>
<id>7896556</id>
<title><![CDATA[Buried Secrets (Nick Heller, #2)]]></title>
<title_without_series>Buried Secrets</title_without_series>
<link><![CDATA[https://www.goodreads.com/book/show/7896556-buried-secrets]]></link>
<small_image_url><![CDATA[https://s.gr-assets.com/assets/nophoto/book/50x75-a91bf249278a81aabab721ef782c4a74.png]]></small_image_url>
<image_url><![CDATA[https://s.gr-assets.com/assets/nophoto/book/111x148-bcc042a9c91a29c1d680899eff700a03.png]]></image_url>
<num_pages>390</num_pages>
<work>
<id>15683298</id>
</work>
<isbn>0312379145</isbn>
<isbn13>9780312379148</isbn13>
<average_rating>3.96</average_rating>
<ratings_count>5385</ratings_count>
<publication_year>2011</publication_year>
<publication_month>6</publication_month>
<publication_day>21</publication_day>
<authors>
<author>
<id>63460</id>
<name>Joseph Finder</name>
<link><![CDATA[https://www.goodreads.com/author/show/63460.Joseph_Finder]]></link>
</author>
</authors>
</book>

          <book>
<id>8733507</id>
<title><![CDATA[The Secret Soldier  (John Wells, #5)]]></title>
<title_without_series>The Secret Soldier</title_without_series>
<link><![CDATA[https://www.goodreads.com/book/show/8733507-the-secret-soldier]]></link>
<small_image_url><![CDATA[https://s.gr-assets.com/assets/nophoto/book/50x75-a91bf249278a81aabab721ef782c4a74.png]]></small_image_url>
<image_url><![CDATA[https://s.gr-assets.com/assets/nophoto/book/111x148-bcc042a9c91a29c1d680899eff700a03.png]]></image_url>
<num_pages>401</num_pages>
<work>
<id>13606557</id>
</work>
<isbn>0399157085</isbn>
<isbn13>9780399157080</isbn13>
<average_rating>4.14</average_rating>
<ratings_count>6638</ratings_count>
<publication_year>2011</publication_year>
<publication_month>2</publication_month>
<publication_day>8</publication_day>
<authors>
<author>
<id>195905</id>
<name>Alex Berenson</name>
<link><![CDATA[https://www.goodreads.com/author/show/195905.Alex_Berenson]]></link>
</author>
</authors>
</book>

          <book>
<id>9975779</id>
<title><![CDATA[Portrait of a Spy (Gabriel Allon, #11)]]></title>
<title_without_series>Portrait of a Spy</title_without_series>
<link><![CDATA[https://www.goodreads.com/book/show/9975779-portrait-of-a-spy]]></link>
<small_image_url><![CDATA[https://images.gr-assets.com/books/1468408664s/9975779.jpg]]></small_image_url>
<image_url><![CDATA[https://images.gr-assets.com/books/1468408664m/9975779.jpg]]></image_url>
<num_pages>448</num_pages>
<work>
<id>14870169</id>
</work>
<isbn>0062072188</isbn>
<isbn13>9780062072184</isbn13>
<average_rating>4.24</average_rating>
<ratings_count>19590</ratings_count>
<publication_year>2011</publication_year>
<publication_month>7</publication_month>
<publication_day>19</publication_day>
<authors>
<author>
<id>29085</id>
<name>Daniel Silva</name>
<link><![CDATA[https://www.goodreads.com/author/show/29085.Daniel_Silva]]></link>
</author>
</authors>
</book>

          <book>
<id>15755279</id>
<title><![CDATA[The Intercept (Jeremy Fisk, #1)]]></title>
<title_without_series>The Intercept</title_without_series>
<link><![CDATA[https://www.goodreads.com/book/show/15755279-the-intercept]]></link>
<small_image_url><![CDATA[https://images.gr-assets.com/books/1354844324s/15755279.jpg]]></small_image_url>
<image_url><![CDATA[https://images.gr-assets.com/books/1354844324m/15755279.jpg]]></image_url>
<num_pages>387</num_pages>
<work>
<id>21452035</id>
</work>
<isbn>0062064835</isbn>
<isbn13>9780062064837</isbn13>
<average_rating>3.80</average_rating>
<ratings_count>3974</ratings_count>
<publication_year>2012</publication_year>
<publication_month>12</publication_month>
<publication_day>26</publication_day>
<authors>
<author>
<id>236711</id>
<name>Dick Wolf</name>
<link><![CDATA[https://www.goodreads.com/author/show/236711.Dick_Wolf]]></link>
</author>
</authors>
</book>

          <book>
<id>7164343</id>
<title>The Lion (John Corey, #5)</title>
<title_without_series>The Lion</title_without_series>
<link><![CDATA[https://www.goodreads.com/book/show/7164343-the-lion]]></link>
<small_image_url><![CDATA[https://images.gr-assets.com/books/1259186800s/7164343.jpg]]></small_image_url>
<image_url><![CDATA[https://images.gr-assets.com/books/1259186800m/7164343.jpg]]></image_url>
<num_pages>437</num_pages>
<work>
<id>7521142</id>
</work>
<isbn>044658083X</isbn>
<isbn13>9780446580830</isbn13>
<average_rating>4.22</average_rating>
<ratings_count>23646</ratings_count>
<publication_year></publication_year>
<publication_month></publication_month>
<publication_day></publication_day>
<authors>
<author>
<id>1238</id>
<name>Nelson DeMille</name>
<link><![CDATA[https://www.goodreads.com/author/show/1238.Nelson_DeMille]]></link>
</author>
</authors>
</book>

          <book>
<id>12687461</id>
<title><![CDATA[Locked On (Jack Ryan Universe, #14)]]></title>
<title_without_series>Locked On</title_without_series>
<link><![CDATA[https://www.goodreads.com/book/show/12687461-locked-on]]></link>
<small_image_url><![CDATA[https://s.gr-assets.com/assets/nophoto/book/50x75-a91bf249278a81aabab721ef782c4a74.png]]></small_image_url>
<image_url><![CDATA[https://s.gr-assets.com/assets/nophoto/book/111x148-bcc042a9c91a29c1d680899eff700a03.png]]></image_url>
<num_pages>853</num_pages>
<work>
<id>17884037</id>
</work>
<isbn>039915731X</isbn>
<isbn13>9780399157318</isbn13>
<average_rating>3.99</average_rating>
<ratings_count>9980</ratings_count>
<publication_year>2011</publication_year>
<publication_month>12</publication_month>
<publication_day>13</publication_day>
<authors>
<author>
<id>3892</id>
<name>Tom Clancy</name>
<link><![CDATA[https://www.goodreads.com/author/show/3892.Tom_Clancy]]></link>
</author>
</authors>
</book>

  </similar_books>
</book>

</GoodreadsResponse>