<?xml version="1.0" encoding="UTF-8"?>
<GoodreadsResponse>
  <Request>
    <authentication>true</authentication>
      <key><![CDATA[all_men_must_serve]]></key>
    <method><![CDATA[book_show]]></method>
  </Request>
  <book>
  <id>11003</id>
  <title><![CDATA[Eleven on Top (Stephanie Plum, #11)]]></title>
  <isbn><![CDATA[0312985347]]></isbn>
  <isbn13><![CDATA[9780312985349]]></isbn13>
  <asin><![CDATA[]]></asin>
  <kindle_asin><![CDATA[B005MZN136]]></kindle_asin>
  <marketplace_id><![CDATA[A1F83G8C2ARO7P]]></marketplace_id>
  <country_code><![CDATA[GB]]></country_code>
  <image_url>https://images.gr-assets.com/books/1166394806m/11003.jpg</image_url>
  <small_image_url>https://images.gr-assets.com/books/1166394806s/11003.jpg</small_image_url>
  <publication_year></publication_year>
  <publication_month></publication_month>
  <publication_day></publication_day>
  <publisher></publisher>
  <language_code>en-US</language_code>
  <is_ebook>false</is_ebook>
  <description><![CDATA[Stephanie Plum is thinking her career as a fugitive apprehension agent has run its course. She's been shot at, spat at, cussed at, fire-bombed, mooned, and attacked by dogs. Stephanie thinks it's time for a change. So she quits. She wants something safe and normal. But the kind of trouble she had at the bail bonds office can't compare to the kind of trouble she finds herself facing now...<br /><p><br />Stephanie is stalked by a maniac returned from the grave for the sole purpose of putting her into a burial plot of her own. He's killed before, and he'll kill again if given the chance. Caught between staying far away from the bounty hunter business and staying alive, Stephanie reexamines her life and the possibility that being a bounty hunter is the solution rather than the problem. After disturbingly brief careers at the button factory, Kan Klean Dry Cleaners, and Cluck-in-a-Bucket, Stephanie takes an office position in security, working for Ranger, the sexiest, baddest bounty hunter and businessman on two continents. Tempers and temperatures rise as competition ratchets up between the two men in her life -- her on-again, off-again boyfriend, tough Trenton cop Joe Morelli, and her boss, Ranger. Can Stephanie Plum take the heat? Can you?</p>]]></description>
  <work>
  <id type="integer">811763</id>
  <books_count type="integer">48</books_count>
  <best_book_id type="integer">11003</best_book_id>
  <reviews_count type="integer">122634</reviews_count>
  <ratings_sum type="integer">368930</ratings_sum>
  <ratings_count type="integer">88894</ratings_count>
  <text_reviews_count type="integer">1747</text_reviews_count>
  <original_publication_year type="integer">2005</original_publication_year>
  <original_publication_month type="integer">6</original_publication_month>
  <original_publication_day type="integer">1</original_publication_day>
  <original_title>Eleven on Top</original_title>
  <original_language_id type="integer" nil="true"/>
  <media_type>book</media_type>
  <rating_dist>5:35278|4:34216|3:17150|2:1976|1:274|total:88894</rating_dist>
  <desc_user_id type="integer">384163</desc_user_id>
  <default_chaptering_book_id type="integer" nil="true"/>
  <default_description_language_code nil="true"/>
</work>
  <average_rating>4.15</average_rating>
  <num_pages><![CDATA[321]]></num_pages>
  <format><![CDATA[]]></format>
  <edition_information><![CDATA[]]></edition_information>
  <ratings_count><![CDATA[84399]]></ratings_count>
  <text_reviews_count><![CDATA[1541]]></text_reviews_count>
  <url><![CDATA[https://www.goodreads.com/book/show/11003.Eleven_on_Top]]></url>
  <link><![CDATA[https://www.goodreads.com/book/show/11003.Eleven_on_Top]]></link>
  <authors>
<author>
<id>2384</id>
<name>Janet Evanovich</name>
<role></role>
<image_url nophoto='false'>
<![CDATA[https://images.gr-assets.com/authors/1478729372p5/2384.jpg]]>
</image_url>
<small_image_url nophoto='false'>
<![CDATA[https://images.gr-assets.com/authors/1478729372p2/2384.jpg]]>
</small_image_url>
<link><![CDATA[https://www.goodreads.com/author/show/2384.Janet_Evanovich]]></link>
<average_rating>3.99</average_rating>
<ratings_count>2875507</ratings_count>
<text_reviews_count>120242</text_reviews_count>
</author>
</authors>

    <reviews_widget>
      <![CDATA[
        <style>
  #goodreads-widget {
    font-family: georgia, serif;
    padding: 18px 0;
    width:565px;
  }
  #goodreads-widget h1 {
    font-weight:normal;
    font-size: 16px;
    border-bottom: 1px solid #BBB596;
    margin-bottom: 0;
  }
  #goodreads-widget a {
    text-decoration: none;
    color:#660;
  }
  iframe{
    background-color: #fff;
  }
  #goodreads-widget a:hover { text-decoration: underline; }
  #goodreads-widget a:active {
    color:#660;
  }
  #gr_footer {
    width: 100%;
    border-top: 1px solid #BBB596;
    text-align: right;
  }
  #goodreads-widget .gr_branding{
    color: #382110;
    font-size: 11px;
    text-decoration: none;
    font-family: "Helvetica Neue", Helvetica, Arial, sans-serif;
  }
</style>
<div id="goodreads-widget">
  <div id="gr_header"><h1><a rel="nofollow" href="https://www.goodreads.com/book/show/11003.Eleven_on_Top">Eleven on Top Reviews</a></h1></div>
  <iframe id="the_iframe" src="https://www.goodreads.com/api/reviews_widget_iframe?did=DEVELOPER_ID&amp;format=html&amp;isbn=0312985347&amp;links=660&amp;min_rating=&amp;review_back=fff&amp;stars=000&amp;text=000" width="565" height="400" frameborder="0"></iframe>
  <div id="gr_footer">
    <a class="gr_branding" target="_blank" rel="nofollow" href="https://www.goodreads.com/book/show/11003.Eleven_on_Top?utm_medium=api&amp;utm_source=reviews_widget">Reviews from Goodreads.com</a>
  </div>
</div>

      ]]>
    </reviews_widget>
  <popular_shelves>
      <shelf name="to-read" count="3347"/>
      <shelf name="mystery" count="1683"/>
      <shelf name="janet-evanovich" count="915"/>
      <shelf name="fiction" count="534"/>
      <shelf name="humor" count="452"/>
      <shelf name="series" count="400"/>
      <shelf name="chick-lit" count="385"/>
      <shelf name="currently-reading" count="293"/>
      <shelf name="romance" count="278"/>
      <shelf name="stephanie-plum" count="256"/>
      <shelf name="favorites" count="198"/>
      <shelf name="evanovich" count="193"/>
      <shelf name="crime" count="190"/>
      <shelf name="mysteries" count="180"/>
      <shelf name="books-i-own" count="179"/>
      <shelf name="funny" count="157"/>
      <shelf name="comedy" count="153"/>
      <shelf name="stephanie-plum-series" count="148"/>
      <shelf name="owned" count="144"/>
      <shelf name="stéphanie-plum" count="138"/>
      <shelf name="default" count="118"/>
      <shelf name="evanovich-janet" count="104"/>
      <shelf name="contemporary" count="102"/>
      <shelf name="mystery-thriller" count="100"/>
      <shelf name="adult" count="82"/>
      <shelf name="humour" count="81"/>
      <shelf name="mystery-suspense" count="80"/>
      <shelf name="library" count="80"/>
      <shelf name="adult-fiction" count="71"/>
      <shelf name="audio" count="70"/>
      <shelf name="kindle" count="68"/>
      <shelf name="audiobook" count="66"/>
      <shelf name="plum" count="63"/>
      <shelf name="audiobooks" count="60"/>
      <shelf name="detective" count="54"/>
      <shelf name="cozy-mystery" count="48"/>
      <shelf name="audio-book" count="47"/>
      <shelf name="audio-books" count="45"/>
      <shelf name="humorous" count="44"/>
      <shelf name="fun" count="43"/>
      <shelf name="ebooks" count="42"/>
      <shelf name="suspense" count="42"/>
      <shelf name="ebook" count="41"/>
      <shelf name="chicklit" count="39"/>
      <shelf name="thriller" count="35"/>
      <shelf name="my-books" count="34"/>
      <shelf name="bounty-hunter" count="34"/>
      <shelf name="mystery-crime" count="33"/>
      <shelf name="2005" count="33"/>
      <shelf name="read-in-2012" count="32"/>
      <shelf name="cozy-mysteries" count="31"/>
      <shelf name="plum-series" count="31"/>
      <shelf name="read-in-2011" count="30"/>
      <shelf name="new-jersey" count="30"/>
      <shelf name="owned-books" count="30"/>
      <shelf name="crime-mystery" count="29"/>
      <shelf name="guilty-pleasures" count="29"/>
      <shelf name="chic-lit" count="28"/>
      <shelf name="crime-fiction" count="28"/>
      <shelf name="i-own" count="27"/>
      <shelf name="own-it" count="26"/>
      <shelf name="adventure" count="26"/>
      <shelf name="laugh-out-loud" count="26"/>
      <shelf name="fluff" count="26"/>
      <shelf name="paperback" count="25"/>
      <shelf name="contemporary-romance" count="25"/>
      <shelf name="murder-mystery" count="25"/>
      <shelf name="read-in-2013" count="24"/>
      <shelf name="borrowed" count="24"/>
      <shelf name="my-library" count="23"/>
      <shelf name="action" count="23"/>
      <shelf name="2006" count="23"/>
      <shelf name="janet-evanovich-stephanie-plum" count="23"/>
      <shelf name="mystery-series" count="22"/>
      <shelf name="e-books" count="21"/>
      <shelf name="brain-candy" count="21"/>
      <shelf name="read-in-2010" count="20"/>
      <shelf name="hilarious" count="20"/>
      <shelf name="favorite-series" count="20"/>
      <shelf name="stephanie" count="20"/>
      <shelf name="series-stephanie-plum" count="19"/>
      <shelf name="read-in-2014" count="18"/>
      <shelf name="read-2013" count="18"/>
      <shelf name="general" count="18"/>
      <shelf name="have" count="18"/>
      <shelf name="audible" count="18"/>
      <shelf name="favorite-authors" count="17"/>
      <shelf name="part-of-a-series" count="17"/>
      <shelf name="action-adventure" count="17"/>
      <shelf name="contemporary-fiction" count="17"/>
      <shelf name="books-i-have" count="16"/>
      <shelf name="e-book" count="16"/>
      <shelf name="lol" count="16"/>
      <shelf name="novels" count="16"/>
      <shelf name="library-books" count="16"/>
      <shelf name="guilty-pleasure" count="16"/>
      <shelf name="read-2012" count="15"/>
      <shelf name="library-book" count="15"/>
      <shelf name="thriller-mystery" count="14"/>
      <shelf name="nook" count="14"/>
  </popular_shelves>
  <book_links>
    <book_link>
  <id>8</id>
  <name>Libraries</name>
  <link>https://www.goodreads.com/book_link/follow/8</link>
</book_link>

  </book_links>
  <buy_links>
    <buy_link>
<id>1</id>
<name>Amazon</name>
<link>https://www.goodreads.com/book_link/follow/1</link>
</buy_link>
<buy_link>
<id>10</id>
<name>Audible</name>
<link>https://www.goodreads.com/book_link/follow/10</link>
</buy_link>
<buy_link>
<id>3</id>
<name>Barnes &amp; Noble</name>
<link>https://www.goodreads.com/book_link/follow/3</link>
</buy_link>
<buy_link>
<id>1027</id>
<name>Kobo</name>
<link>https://www.goodreads.com/book_link/follow/1027</link>
</buy_link>
<buy_link>
<id>2102</id>
<name>Apple iBooks</name>
<link>https://www.goodreads.com/book_link/follow/2102</link>
</buy_link>
<buy_link>
<id>8036</id>
<name>Google Play</name>
<link>https://www.goodreads.com/book_link/follow/8036</link>
</buy_link>
<buy_link>
<id>4</id>
<name>Abebooks</name>
<link>https://www.goodreads.com/book_link/follow/4</link>
</buy_link>
<buy_link>
<id>882</id>
<name>Book Depository</name>
<link>https://www.goodreads.com/book_link/follow/882</link>
</buy_link>
<buy_link>
<id>9</id>
<name>Indigo</name>
<link>https://www.goodreads.com/book_link/follow/9</link>
</buy_link>
<buy_link>
<id>2</id>
<name>Half.com</name>
<link>https://www.goodreads.com/book_link/follow/2</link>
</buy_link>
<buy_link>
<id>5</id>
<name>Alibris</name>
<link>https://www.goodreads.com/book_link/follow/5</link>
</buy_link>
<buy_link>
<id>107</id>
<name>Better World Books</name>
<link>https://www.goodreads.com/book_link/follow/107</link>
</buy_link>
<buy_link>
<id>7</id>
<name>IndieBound</name>
<link>https://www.goodreads.com/book_link/follow/7</link>
</buy_link>

  </buy_links>
  <series_works>
    <series_work>
<id>152771</id>
<user_position>11</user_position>
<series>
<id>43040</id>
<title>
<![CDATA[
    Stephanie Plum
]]>
</title>
<description>
<![CDATA[
    Stephanie Plum is a bounty hunter with attitude. In Stephanie's opinion, toxic waste, rabid drivers, armed schizophrenics, and August heat, humidity, and hydrocarbons are all part of the great adventure of living in Jersey. She's a product of blue-collar Trenton, where houses are attached and narrow, cars are American, windows are clean, and dinner is served at six.
    
    Out of work and out of money, with her Miata repossessed and her refrigerator empty, Stephanie blackmails her bail bondsman cousin, Vinnie, into giving her a try as an apprehension agent. And that’s only the beginning of series that will set her on the trail of fugitives. Stephanie will have to sharpen her sleuthing skills, because she's got many a mystery to solve. 
    
    See also the related <a href="http://www.goodreads.com/series/43440-a-stephanie-plum-between-the-numbers-holiday-novel">Between the Numbers Holiday novels</a> and the spinoff <a href="http://www.goodreads.com/series/49600-the-unmentionables">Lizzy & Diesel</a> series.
    
    Please note: Each book in this series is a whole story with a beginning and an ending, however there may be minor references to events that occurred earlier in the series. Therefore, with respect to the mystery alone, the books can be read out of order, if desired. However, like any long series that focuses on a core group of characters, there are various relationship changes that develop more naturally when the full length novels are read in the order in which they were published.
    
    http://us.macmillan.com/series/StephaniePlumNovels
]]>
</description>
<note>
<![CDATA[
]]>
</note>
<series_works_count>46</series_works_count>
<primary_work_count>24</primary_work_count>
<numbered>true</numbered>
</series>

</series_work>

  </series_works>
  <similar_books>
          <book>
<id>899305</id>
<title>Foul Play</title>
<title_without_series>Foul Play</title_without_series>
<link><![CDATA[https://www.goodreads.com/book/show/899305.Foul_Play]]></link>
<small_image_url><![CDATA[https://s.gr-assets.com/assets/nophoto/book/50x75-a91bf249278a81aabab721ef782c4a74.png]]></small_image_url>
<image_url><![CDATA[https://s.gr-assets.com/assets/nophoto/book/111x148-bcc042a9c91a29c1d680899eff700a03.png]]></image_url>
<num_pages>256</num_pages>
<work>
<id>884491</id>
</work>
<isbn>0425114007</isbn>
<isbn13>9780425114001</isbn13>
<average_rating>3.41</average_rating>
<ratings_count>6138</ratings_count>
<publication_year></publication_year>
<publication_month></publication_month>
<publication_day></publication_day>
<authors>
<author>
<id>22637</id>
<name>Steffie Hall</name>
<link><![CDATA[https://www.goodreads.com/author/show/22637.Steffie_Hall]]></link>
</author>
</authors>
</book>

          <book>
<id>89656</id>
<title><![CDATA[C is for Corpse  (Kinsey Millhone, #3)]]></title>
<title_without_series>C is for Corpse</title_without_series>
<link><![CDATA[https://www.goodreads.com/book/show/89656.C_is_for_Corpse]]></link>
<small_image_url><![CDATA[https://s.gr-assets.com/assets/nophoto/book/50x75-a91bf249278a81aabab721ef782c4a74.png]]></small_image_url>
<image_url><![CDATA[https://s.gr-assets.com/assets/nophoto/book/111x148-bcc042a9c91a29c1d680899eff700a03.png]]></image_url>
<num_pages>305</num_pages>
<work>
<id>2513787</id>
</work>
<isbn>0312939019</isbn>
<isbn13>9780312939014</isbn13>
<average_rating>3.87</average_rating>
<ratings_count>31697</ratings_count>
<publication_year></publication_year>
<publication_month></publication_month>
<publication_day></publication_day>
<authors>
<author>
<id>9559</id>
<name>Sue Grafton</name>
<link><![CDATA[https://www.goodreads.com/author/show/9559.Sue_Grafton]]></link>
</author>
</authors>
</book>

          <book>
<id>8096530</id>
<title><![CDATA[Not One Clue (A Chrissy McMullen Mystery, #6)]]></title>
<title_without_series>Not One Clue</title_without_series>
<link><![CDATA[https://www.goodreads.com/book/show/8096530-not-one-clue]]></link>
<small_image_url><![CDATA[https://images.gr-assets.com/books/1324305595s/8096530.jpg]]></small_image_url>
<image_url><![CDATA[https://images.gr-assets.com/books/1324305595m/8096530.jpg]]></image_url>
<num_pages>336</num_pages>
<work>
<id>12857185</id>
</work>
<isbn>0440339227</isbn>
<isbn13>9780440339229</isbn13>
<average_rating>4.21</average_rating>
<ratings_count>752</ratings_count>
<publication_year>2010</publication_year>
<publication_month>4</publication_month>
<publication_day>27</publication_day>
<authors>
<author>
<id>282917</id>
<name>Lois Greiman</name>
<link><![CDATA[https://www.goodreads.com/author/show/282917.Lois_Greiman]]></link>
</author>
</authors>
</book>

          <book>
<id>5961090</id>
<title><![CDATA[4 Bodies and a Funeral (Body Movers, #4)]]></title>
<title_without_series>4 Bodies and a Funeral</title_without_series>
<link><![CDATA[https://www.goodreads.com/book/show/5961090-4-bodies-and-a-funeral]]></link>
<small_image_url><![CDATA[https://s.gr-assets.com/assets/nophoto/book/50x75-a91bf249278a81aabab721ef782c4a74.png]]></small_image_url>
<image_url><![CDATA[https://s.gr-assets.com/assets/nophoto/book/111x148-bcc042a9c91a29c1d680899eff700a03.png]]></image_url>
<num_pages>341</num_pages>
<work>
<id>6133844</id>
</work>
<isbn>0778326683</isbn>
<isbn13>9780778326687</isbn13>
<average_rating>4.01</average_rating>
<ratings_count>4899</ratings_count>
<publication_year>2009</publication_year>
<publication_month>3</publication_month>
<publication_day>24</publication_day>
<authors>
<author>
<id>167400</id>
<name>Stephanie Bond</name>
<link><![CDATA[https://www.goodreads.com/author/show/167400.Stephanie_Bond]]></link>
</author>
</authors>
</book>

          <book>
<id>574963</id>
<title><![CDATA[Better Read Than Dead (Psychic Eye Mystery, #2)]]></title>
<title_without_series>Better Read Than Dead</title_without_series>
<link><![CDATA[https://www.goodreads.com/book/show/574963.Better_Read_Than_Dead]]></link>
<small_image_url><![CDATA[https://s.gr-assets.com/assets/nophoto/book/50x75-a91bf249278a81aabab721ef782c4a74.png]]></small_image_url>
<image_url><![CDATA[https://s.gr-assets.com/assets/nophoto/book/111x148-bcc042a9c91a29c1d680899eff700a03.png]]></image_url>
<num_pages>296</num_pages>
<work>
<id>561950</id>
</work>
<isbn>0451215583</isbn>
<isbn13>9780451215581</isbn13>
<average_rating>3.99</average_rating>
<ratings_count>6668</ratings_count>
<publication_year>2005</publication_year>
<publication_month>6</publication_month>
<publication_day>7</publication_day>
<authors>
<author>
<id>74488</id>
<name>Victoria Laurie</name>
<link><![CDATA[https://www.goodreads.com/author/show/74488.Victoria_Laurie]]></link>
</author>
</authors>
</book>

          <book>
<id>114818</id>
<title><![CDATA[The Plot Thickens (Fearless Jones, #0.5)]]></title>
<title_without_series>The Plot Thickens</title_without_series>
<link><![CDATA[https://www.goodreads.com/book/show/114818.The_Plot_Thickens]]></link>
<small_image_url><![CDATA[https://s.gr-assets.com/assets/nophoto/book/50x75-a91bf249278a81aabab721ef782c4a74.png]]></small_image_url>
<image_url><![CDATA[https://s.gr-assets.com/assets/nophoto/book/111x148-bcc042a9c91a29c1d680899eff700a03.png]]></image_url>
<num_pages>257</num_pages>
<work>
<id>110560</id>
</work>
<isbn>0671015575</isbn>
<isbn13>9780671015572</isbn13>
<average_rating>3.59</average_rating>
<ratings_count>1014</ratings_count>
<publication_year>1997</publication_year>
<publication_month>11</publication_month>
<publication_day>1</publication_day>
<authors>
<author>
<id>99044</id>
<name>Mary Higgins Clark</name>
<link><![CDATA[https://www.goodreads.com/author/show/99044.Mary_Higgins_Clark]]></link>
</author>
</authors>
</book>

          <book>
<id>1590979</id>
<title><![CDATA[Curse of the Spellmans (The Spellmans, #2)]]></title>
<title_without_series>Curse of the Spellmans</title_without_series>
<link><![CDATA[https://www.goodreads.com/book/show/1590979.Curse_of_the_Spellmans]]></link>
<small_image_url><![CDATA[https://s.gr-assets.com/assets/nophoto/book/50x75-a91bf249278a81aabab721ef782c4a74.png]]></small_image_url>
<image_url><![CDATA[https://s.gr-assets.com/assets/nophoto/book/111x148-bcc042a9c91a29c1d680899eff700a03.png]]></image_url>
<num_pages>362</num_pages>
<work>
<id>2372922</id>
</work>
<isbn>1416532412</isbn>
<isbn13>9781416532415</isbn13>
<average_rating>4.08</average_rating>
<ratings_count>14270</ratings_count>
<publication_year></publication_year>
<publication_month></publication_month>
<publication_day></publication_day>
<authors>
<author>
<id>74189</id>
<name>Lisa Lutz</name>
<link><![CDATA[https://www.goodreads.com/author/show/74189.Lisa_Lutz]]></link>
</author>
</authors>
</book>

          <book>
<id>536837</id>
<title><![CDATA[Undercover in High Heels (High Heels, #3)]]></title>
<title_without_series>Undercover in High Heels</title_without_series>
<link><![CDATA[https://www.goodreads.com/book/show/536837.Undercover_in_High_Heels]]></link>
<small_image_url><![CDATA[https://images.gr-assets.com/books/1336164107s/536837.jpg]]></small_image_url>
<image_url><![CDATA[https://images.gr-assets.com/books/1336164107m/536837.jpg]]></image_url>
<num_pages>254</num_pages>
<work>
<id>524279</id>
</work>
<isbn></isbn>
<isbn13>9780984857425</isbn13>
<average_rating>3.90</average_rating>
<ratings_count>5968</ratings_count>
<publication_year>2010</publication_year>
<publication_month>10</publication_month>
<publication_day>25</publication_day>
<authors>
<author>
<id>119376</id>
<name>Gemma Halliday</name>
<link><![CDATA[https://www.goodreads.com/author/show/119376.Gemma_Halliday]]></link>
</author>
</authors>
</book>

  </similar_books>
</book>

</GoodreadsResponse>