<?xml version="1.0" encoding="UTF-8"?>
<GoodreadsResponse>
  <Request>
    <authentication>true</authentication>
      <key><![CDATA[all_men_must_serve]]></key>
    <method><![CDATA[book_show]]></method>
  </Request>
  <book>
  <id>1103</id>
  <title><![CDATA[Snow Flower and the Secret Fan]]></title>
  <isbn><![CDATA[0812968069]]></isbn>
  <isbn13><![CDATA[9780812968064]]></isbn13>
  <asin><![CDATA[]]></asin>
  <kindle_asin><![CDATA[B003E20ZO2]]></kindle_asin>
  <marketplace_id><![CDATA[A1F83G8C2ARO7P]]></marketplace_id>
  <country_code><![CDATA[GB]]></country_code>
  <image_url>https://images.gr-assets.com/books/1327880508m/1103.jpg</image_url>
  <small_image_url>https://images.gr-assets.com/books/1327880508s/1103.jpg</small_image_url>
  <publication_year>2006</publication_year>
  <publication_month>2</publication_month>
  <publication_day>21</publication_day>
  <publisher>Random House </publisher>
  <language_code>eng</language_code>
  <is_ebook>false</is_ebook>
  <description><![CDATA[In nineteenth-century China, in a remote Hunan county, a girl named Lily, at the tender age of seven, is paired with a laotong, “old same,” in an emotional match that will last a lifetime. The laotong, Snow Flower, introduces herself by sending Lily a silk fan on which she’s painted a poem in nu shu, a unique language that Chinese women created in order to communicate in secret, away from the influence of men.<br /><br />As the years pass, Lily and Snow Flower send messages on fans, compose stories on handkerchiefs, reaching out of isolation to share their hopes, dreams, and accomplishments. Together, they endure the agony of foot-binding, and reflect upon their arranged marriages, shared loneliness, and the joys and tragedies of motherhood. The two find solace, developing a bond that keeps their spirits alive. But when a misunderstanding arises, their deep friendship suddenly threatens to tear apart.]]></description>
  <work>
  <id type="integer">1453585</id>
  <books_count type="integer">105</books_count>
  <best_book_id type="integer">1103</best_book_id>
  <reviews_count type="integer">446367</reviews_count>
  <ratings_sum type="integer">1178759</ratings_sum>
  <ratings_count type="integer">290798</ratings_count>
  <text_reviews_count type="integer">15816</text_reviews_count>
  <original_publication_year type="integer">2005</original_publication_year>
  <original_publication_month type="integer" nil="true"/>
  <original_publication_day type="integer" nil="true"/>
  <original_title>Snow Flower and the Secret Fan</original_title>
  <original_language_id type="integer" nil="true"/>
  <media_type>book</media_type>
  <rating_dist>5:103975|4:116241|3:56024|2:11290|1:3268|total:290798</rating_dist>
  <desc_user_id type="integer">1468895</desc_user_id>
  <default_chaptering_book_id type="integer" nil="true"/>
  <default_description_language_code nil="true"/>
</work>
  <average_rating>4.05</average_rating>
  <num_pages><![CDATA[269]]></num_pages>
  <format><![CDATA[Paperback]]></format>
  <edition_information><![CDATA[]]></edition_information>
  <ratings_count><![CDATA[280601]]></ratings_count>
  <text_reviews_count><![CDATA[14456]]></text_reviews_count>
  <url><![CDATA[https://www.goodreads.com/book/show/1103.Snow_Flower_and_the_Secret_Fan]]></url>
  <link><![CDATA[https://www.goodreads.com/book/show/1103.Snow_Flower_and_the_Secret_Fan]]></link>
  <authors>
<author>
<id>713</id>
<name>Lisa See</name>
<role></role>
<image_url nophoto='false'>
<![CDATA[https://images.gr-assets.com/authors/1209949634p5/713.jpg]]>
</image_url>
<small_image_url nophoto='false'>
<![CDATA[https://images.gr-assets.com/authors/1209949634p2/713.jpg]]>
</small_image_url>
<link><![CDATA[https://www.goodreads.com/author/show/713.Lisa_See]]></link>
<average_rating>3.96</average_rating>
<ratings_count>544721</ratings_count>
<text_reviews_count>39631</text_reviews_count>
</author>
</authors>

    <reviews_widget>
      <![CDATA[
        <style>
  #goodreads-widget {
    font-family: georgia, serif;
    padding: 18px 0;
    width:565px;
  }
  #goodreads-widget h1 {
    font-weight:normal;
    font-size: 16px;
    border-bottom: 1px solid #BBB596;
    margin-bottom: 0;
  }
  #goodreads-widget a {
    text-decoration: none;
    color:#660;
  }
  iframe{
    background-color: #fff;
  }
  #goodreads-widget a:hover { text-decoration: underline; }
  #goodreads-widget a:active {
    color:#660;
  }
  #gr_footer {
    width: 100%;
    border-top: 1px solid #BBB596;
    text-align: right;
  }
  #goodreads-widget .gr_branding{
    color: #382110;
    font-size: 11px;
    text-decoration: none;
    font-family: "Helvetica Neue", Helvetica, Arial, sans-serif;
  }
</style>
<div id="goodreads-widget">
  <div id="gr_header"><h1><a rel="nofollow" href="https://www.goodreads.com/book/show/1103.Snow_Flower_and_the_Secret_Fan">Snow Flower and the Secret Fan Reviews</a></h1></div>
  <iframe id="the_iframe" src="https://www.goodreads.com/api/reviews_widget_iframe?did=DEVELOPER_ID&amp;format=html&amp;isbn=0812968069&amp;links=660&amp;min_rating=&amp;review_back=fff&amp;stars=000&amp;text=000" width="565" height="400" frameborder="0"></iframe>
  <div id="gr_footer">
    <a class="gr_branding" target="_blank" rel="nofollow" href="https://www.goodreads.com/book/show/1103.Snow_Flower_and_the_Secret_Fan?utm_medium=api&amp;utm_source=reviews_widget">Reviews from Goodreads.com</a>
  </div>
</div>

      ]]>
    </reviews_widget>
  <popular_shelves>
      <shelf name="to-read" count="136892"/>
      <shelf name="historical-fiction" count="3432"/>
      <shelf name="fiction" count="2442"/>
      <shelf name="currently-reading" count="1876"/>
      <shelf name="favorites" count="1720"/>
      <shelf name="book-club" count="1526"/>
      <shelf name="china" count="764"/>
      <shelf name="historical" count="600"/>
      <shelf name="asia" count="345"/>
      <shelf name="books-i-own" count="335"/>
      <shelf name="bookclub" count="307"/>
      <shelf name="owned" count="247"/>
      <shelf name="adult" count="231"/>
      <shelf name="adult-fiction" count="223"/>
      <shelf name="asian" count="198"/>
      <shelf name="friendship" count="181"/>
      <shelf name="book-club-books" count="175"/>
      <shelf name="novels" count="155"/>
      <shelf name="women" count="148"/>
      <shelf name="chick-lit" count="128"/>
      <shelf name="book-group" count="127"/>
      <shelf name="library" count="125"/>
      <shelf name="cultural" count="119"/>
      <shelf name="history" count="112"/>
      <shelf name="kindle" count="104"/>
      <shelf name="audio" count="100"/>
      <shelf name="book-club-reads" count="99"/>
      <shelf name="literature" count="97"/>
      <shelf name="audiobook" count="96"/>
      <shelf name="lisa-see" count="95"/>
      <shelf name="owned-books" count="94"/>
      <shelf name="novel" count="85"/>
      <shelf name="audiobooks" count="83"/>
      <shelf name="to-buy" count="78"/>
      <shelf name="chinese" count="76"/>
      <shelf name="general-fiction" count="76"/>
      <shelf name="shelfari-favorites" count="75"/>
      <shelf name="asian-literature" count="74"/>
      <shelf name="contemporary-fiction" count="74"/>
      <shelf name="literary-fiction" count="71"/>
      <shelf name="coming-of-age" count="69"/>
      <shelf name="contemporary" count="69"/>
      <shelf name="read-in-2011" count="68"/>
      <shelf name="drama" count="68"/>
      <shelf name="chinese-culture" count="61"/>
      <shelf name="favorite-books" count="58"/>
      <shelf name="favourites" count="58"/>
      <shelf name="my-library" count="55"/>
      <shelf name="asian-lit" count="55"/>
      <shelf name="ebook" count="54"/>
      <shelf name="culture" count="54"/>
      <shelf name="fiction-historical" count="53"/>
      <shelf name="my-favorites" count="51"/>
      <shelf name="19th-century" count="50"/>
      <shelf name="all-time-favorites" count="50"/>
      <shelf name="i-own" count="49"/>
      <shelf name="historicalfiction" count="48"/>
      <shelf name="finished" count="47"/>
      <shelf name="own-it" count="47"/>
      <shelf name="wish-list" count="47"/>
      <shelf name="romance" count="46"/>
      <shelf name="ebooks" count="45"/>
      <shelf name="favorite" count="45"/>
      <shelf name="read-in-2012" count="44"/>
      <shelf name="multicultural" count="43"/>
      <shelf name="family" count="42"/>
      <shelf name="asian-fiction" count="42"/>
      <shelf name="my-books" count="41"/>
      <shelf name="audio-books" count="41"/>
      <shelf name="abandoned" count="41"/>
      <shelf name="to-read-fiction" count="40"/>
      <shelf name="read-in-2014" count="35"/>
      <shelf name="school" count="35"/>
      <shelf name="around-the-world" count="34"/>
      <shelf name="default" count="34"/>
      <shelf name="read-in-2013" count="33"/>
      <shelf name="recommended" count="33"/>
      <shelf name="literary" count="33"/>
      <shelf name="book-club-picks" count="33"/>
      <shelf name="didn-t-finish" count="33"/>
      <shelf name="asian-culture" count="32"/>
      <shelf name="read-in-2010" count="32"/>
      <shelf name="historic-fiction" count="32"/>
      <shelf name="want-to-read" count="32"/>
      <shelf name="foot-binding" count="32"/>
      <shelf name="book-club-book" count="31"/>
      <shelf name="book-club-read" count="31"/>
      <shelf name="read-in-2009" count="30"/>
      <shelf name="read-in-2008" count="30"/>
      <shelf name="did-not-finish" count="29"/>
      <shelf name="relationships" count="29"/>
      <shelf name="book-club-selections" count="29"/>
      <shelf name="international" count="28"/>
      <shelf name="audio-book" count="28"/>
      <shelf name="5-stars" count="28"/>
      <shelf name="home-library" count="27"/>
      <shelf name="female-author" count="27"/>
      <shelf name="female-authors" count="27"/>
      <shelf name="young-adult" count="27"/>
      <shelf name="footbinding" count="27"/>
  </popular_shelves>
  <book_links>
    <book_link>
  <id>8</id>
  <name>Libraries</name>
  <link>https://www.goodreads.com/book_link/follow/8</link>
</book_link>

  </book_links>
  <buy_links>
    <buy_link>
<id>1</id>
<name>Amazon</name>
<link>https://www.goodreads.com/book_link/follow/1</link>
</buy_link>
<buy_link>
<id>10</id>
<name>Audible</name>
<link>https://www.goodreads.com/book_link/follow/10</link>
</buy_link>
<buy_link>
<id>3</id>
<name>Barnes &amp; Noble</name>
<link>https://www.goodreads.com/book_link/follow/3</link>
</buy_link>
<buy_link>
<id>1027</id>
<name>Kobo</name>
<link>https://www.goodreads.com/book_link/follow/1027</link>
</buy_link>
<buy_link>
<id>2102</id>
<name>Apple iBooks</name>
<link>https://www.goodreads.com/book_link/follow/2102</link>
</buy_link>
<buy_link>
<id>8036</id>
<name>Google Play</name>
<link>https://www.goodreads.com/book_link/follow/8036</link>
</buy_link>
<buy_link>
<id>4</id>
<name>Abebooks</name>
<link>https://www.goodreads.com/book_link/follow/4</link>
</buy_link>
<buy_link>
<id>882</id>
<name>Book Depository</name>
<link>https://www.goodreads.com/book_link/follow/882</link>
</buy_link>
<buy_link>
<id>9</id>
<name>Indigo</name>
<link>https://www.goodreads.com/book_link/follow/9</link>
</buy_link>
<buy_link>
<id>2</id>
<name>Half.com</name>
<link>https://www.goodreads.com/book_link/follow/2</link>
</buy_link>
<buy_link>
<id>5</id>
<name>Alibris</name>
<link>https://www.goodreads.com/book_link/follow/5</link>
</buy_link>
<buy_link>
<id>107</id>
<name>Better World Books</name>
<link>https://www.goodreads.com/book_link/follow/107</link>
</buy_link>
<buy_link>
<id>7</id>
<name>IndieBound</name>
<link>https://www.goodreads.com/book_link/follow/7</link>
</buy_link>

  </buy_links>
  <series_works>
    
  </series_works>
  <similar_books>
          <book>
<id>51113</id>
<title>The Samurai&apos;s Garden</title>
<title_without_series>The Samurai&apos;s Garden</title_without_series>
<link><![CDATA[https://www.goodreads.com/book/show/51113.The_Samurai_s_Garden]]></link>
<small_image_url><![CDATA[https://images.gr-assets.com/books/1327876036s/51113.jpg]]></small_image_url>
<image_url><![CDATA[https://images.gr-assets.com/books/1327876036m/51113.jpg]]></image_url>
<num_pages>211</num_pages>
<work>
<id>1019525</id>
</work>
<isbn>0312144075</isbn>
<isbn13>9780312144074</isbn13>
<average_rating>4.12</average_rating>
<ratings_count>17786</ratings_count>
<publication_year>1995</publication_year>
<publication_month>5</publication_month>
<publication_day>4</publication_day>
<authors>
<author>
<id>28719</id>
<name>Gail Tsukiyama</name>
<link><![CDATA[https://www.goodreads.com/author/show/28719.Gail_Tsukiyama]]></link>
</author>
</authors>
</book>

          <book>
<id>139254</id>
<title><![CDATA[Empress Orchid (Empress Orchid, #1)]]></title>
<title_without_series>Empress Orchid</title_without_series>
<link><![CDATA[https://www.goodreads.com/book/show/139254.Empress_Orchid]]></link>
<small_image_url><![CDATA[https://s.gr-assets.com/assets/nophoto/book/50x75-a91bf249278a81aabab721ef782c4a74.png]]></small_image_url>
<image_url><![CDATA[https://s.gr-assets.com/assets/nophoto/book/111x148-bcc042a9c91a29c1d680899eff700a03.png]]></image_url>
<num_pages></num_pages>
<work>
<id>936155</id>
</work>
<isbn>0618562036</isbn>
<isbn13>9780618562039</isbn13>
<average_rating>3.87</average_rating>
<ratings_count>19149</ratings_count>
<publication_year></publication_year>
<publication_month></publication_month>
<publication_day></publication_day>
<authors>
<author>
<id>686103</id>
<name>Anchee Min</name>
<link><![CDATA[https://www.goodreads.com/author/show/686103.Anchee_Min]]></link>
</author>
</authors>
</book>

          <book>
<id>3273</id>
<title>Moloka&apos;i</title>
<title_without_series>Moloka&apos;i</title_without_series>
<link><![CDATA[https://www.goodreads.com/book/show/3273.Moloka_i]]></link>
<small_image_url><![CDATA[https://s.gr-assets.com/assets/nophoto/book/50x75-a91bf249278a81aabab721ef782c4a74.png]]></small_image_url>
<image_url><![CDATA[https://s.gr-assets.com/assets/nophoto/book/111x148-bcc042a9c91a29c1d680899eff700a03.png]]></image_url>
<num_pages>405</num_pages>
<work>
<id>3303291</id>
</work>
<isbn>0312304358</isbn>
<isbn13>9780312304355</isbn13>
<average_rating>4.15</average_rating>
<ratings_count>81358</ratings_count>
<publication_year></publication_year>
<publication_month></publication_month>
<publication_day></publication_day>
<authors>
<author>
<id>2226</id>
<name>Alan Brennert</name>
<link><![CDATA[https://www.goodreads.com/author/show/2226.Alan_Brennert]]></link>
</author>
</authors>
</book>

          <book>
<id>348632</id>
<title>The Blood of Flowers</title>
<title_without_series>The Blood of Flowers</title_without_series>
<link><![CDATA[https://www.goodreads.com/book/show/348632.The_Blood_of_Flowers]]></link>
<small_image_url><![CDATA[https://s.gr-assets.com/assets/nophoto/book/50x75-a91bf249278a81aabab721ef782c4a74.png]]></small_image_url>
<image_url><![CDATA[https://s.gr-assets.com/assets/nophoto/book/111x148-bcc042a9c91a29c1d680899eff700a03.png]]></image_url>
<num_pages>368</num_pages>
<work>
<id>2256479</id>
</work>
<isbn>0316065765</isbn>
<isbn13>9780316065764</isbn13>
<average_rating>3.95</average_rating>
<ratings_count>13425</ratings_count>
<publication_year></publication_year>
<publication_month></publication_month>
<publication_day></publication_day>
<authors>
<author>
<id>200033</id>
<name>Anita Amirrezvani</name>
<link><![CDATA[https://www.goodreads.com/author/show/200033.Anita_Amirrezvani]]></link>
</author>
</authors>
</book>

          <book>
<id>6562339</id>
<title>The Concubine&apos;s Daughter</title>
<title_without_series>The Concubine&apos;s Daughter</title_without_series>
<link><![CDATA[https://www.goodreads.com/book/show/6562339-the-concubine-s-daughter]]></link>
<small_image_url><![CDATA[https://s.gr-assets.com/assets/nophoto/book/50x75-a91bf249278a81aabab721ef782c4a74.png]]></small_image_url>
<image_url><![CDATA[https://s.gr-assets.com/assets/nophoto/book/111x148-bcc042a9c91a29c1d680899eff700a03.png]]></image_url>
<num_pages>471</num_pages>
<work>
<id>6755178</id>
</work>
<isbn>0312355211</isbn>
<isbn13>9780312355210</isbn13>
<average_rating>3.86</average_rating>
<ratings_count>4236</ratings_count>
<publication_year></publication_year>
<publication_month></publication_month>
<publication_day></publication_day>
<authors>
<author>
<id>2967267</id>
<name>Pai Kit Fai</name>
<link><![CDATA[https://www.goodreads.com/author/show/2967267.Pai_Kit_Fai]]></link>
</author>
</authors>
</book>

          <book>
<id>2138727</id>
<title>Mudbound</title>
<title_without_series>Mudbound</title_without_series>
<link><![CDATA[https://www.goodreads.com/book/show/2138727.Mudbound]]></link>
<small_image_url><![CDATA[https://images.gr-assets.com/books/1296591096s/2138727.jpg]]></small_image_url>
<image_url><![CDATA[https://images.gr-assets.com/books/1296591096m/2138727.jpg]]></image_url>
<num_pages>328</num_pages>
<work>
<id>2144215</id>
</work>
<isbn>156512569X</isbn>
<isbn13>9781565125698</isbn13>
<average_rating>3.99</average_rating>
<ratings_count>48007</ratings_count>
<publication_year></publication_year>
<publication_month></publication_month>
<publication_day></publication_day>
<authors>
<author>
<id>972440</id>
<name>Hillary Jordan</name>
<link><![CDATA[https://www.goodreads.com/author/show/972440.Hillary_Jordan]]></link>
</author>
</authors>
</book>

          <book>
<id>533465</id>
<title><![CDATA[Balzac and the Little Chinese Seamstress]]></title>
<title_without_series><![CDATA[Balzac and the Little Chinese Seamstress]]></title_without_series>
<link><![CDATA[https://www.goodreads.com/book/show/533465.Balzac_and_the_Little_Chinese_Seamstress]]></link>
<small_image_url><![CDATA[https://images.gr-assets.com/books/1403188885s/533465.jpg]]></small_image_url>
<image_url><![CDATA[https://images.gr-assets.com/books/1403188885m/533465.jpg]]></image_url>
<num_pages>184</num_pages>
<work>
<id>1482438</id>
</work>
<isbn>0385722206</isbn>
<isbn13>9780385722209</isbn13>
<average_rating>3.63</average_rating>
<ratings_count>43462</ratings_count>
<publication_year></publication_year>
<publication_month></publication_month>
<publication_day></publication_day>
<authors>
<author>
<id>5836922</id>
<name>Dai Sijie</name>
<link><![CDATA[https://www.goodreads.com/author/show/5836922.Dai_Sijie]]></link>
</author>
</authors>
</book>

          <book>
<id>3241816</id>
<title>Peach Blossom Pavilion</title>
<title_without_series>Peach Blossom Pavilion</title_without_series>
<link><![CDATA[https://www.goodreads.com/book/show/3241816-peach-blossom-pavilion]]></link>
<small_image_url><![CDATA[https://s.gr-assets.com/assets/nophoto/book/50x75-a91bf249278a81aabab721ef782c4a74.png]]></small_image_url>
<image_url><![CDATA[https://s.gr-assets.com/assets/nophoto/book/111x148-bcc042a9c91a29c1d680899eff700a03.png]]></image_url>
<num_pages>421</num_pages>
<work>
<id>3276523</id>
</work>
<isbn>0758220146</isbn>
<isbn13>9780758220141</isbn13>
<average_rating>3.66</average_rating>
<ratings_count>2127</ratings_count>
<publication_year></publication_year>
<publication_month></publication_month>
<publication_day></publication_day>
<authors>
<author>
<id>235532</id>
<name>Mingmei Yip</name>
<link><![CDATA[https://www.goodreads.com/author/show/235532.Mingmei_Yip]]></link>
</author>
</authors>
</book>

          <book>
<id>11790127</id>
<title>All the Flowers in Shanghai</title>
<title_without_series>All the Flowers in Shanghai</title_without_series>
<link><![CDATA[https://www.goodreads.com/book/show/11790127-all-the-flowers-in-shanghai]]></link>
<small_image_url><![CDATA[https://images.gr-assets.com/books/1316294492s/11790127.jpg]]></small_image_url>
<image_url><![CDATA[https://images.gr-assets.com/books/1316294492m/11790127.jpg]]></image_url>
<num_pages>302</num_pages>
<work>
<id>16742421</id>
</work>
<isbn>0062081608</isbn>
<isbn13>9780062081605</isbn13>
<average_rating>3.65</average_rating>
<ratings_count>1908</ratings_count>
<publication_year>2011</publication_year>
<publication_month>12</publication_month>
<publication_day>20</publication_day>
<authors>
<author>
<id>4969107</id>
<name>Duncan Jepson</name>
<link><![CDATA[https://www.goodreads.com/author/show/4969107.Duncan_Jepson]]></link>
</author>
</authors>
</book>

          <book>
<id>1798248</id>
<title>The Painter From Shanghai</title>
<title_without_series>The Painter From Shanghai</title_without_series>
<link><![CDATA[https://www.goodreads.com/book/show/1798248.The_Painter_From_Shanghai]]></link>
<small_image_url><![CDATA[https://s.gr-assets.com/assets/nophoto/book/50x75-a91bf249278a81aabab721ef782c4a74.png]]></small_image_url>
<image_url><![CDATA[https://s.gr-assets.com/assets/nophoto/book/111x148-bcc042a9c91a29c1d680899eff700a03.png]]></image_url>
<num_pages></num_pages>
<work>
<id>1797349</id>
</work>
<isbn>0393065286</isbn>
<isbn13>9780393065282</isbn13>
<average_rating>3.76</average_rating>
<ratings_count>3039</ratings_count>
<publication_year></publication_year>
<publication_month></publication_month>
<publication_day></publication_day>
<authors>
<author>
<id>2919903</id>
<name>Jennifer Cody Epstein</name>
<link><![CDATA[https://www.goodreads.com/author/show/2919903.Jennifer_Cody_Epstein]]></link>
</author>
</authors>
</book>

          <book>
<id>11899417</id>
<title>Molokai</title>
<title_without_series>Molokai</title_without_series>
<link><![CDATA[https://www.goodreads.com/book/show/11899417-molokai]]></link>
<small_image_url><![CDATA[https://images.gr-assets.com/books/1362853524s/11899417.jpg]]></small_image_url>
<image_url><![CDATA[https://images.gr-assets.com/books/1362853524m/11899417.jpg]]></image_url>
<num_pages></num_pages>
<work>
<id>16858570</id>
</work>
<isbn>0451024788</isbn>
<isbn13>9780451024787</isbn13>
<average_rating>4.25</average_rating>
<ratings_count>4477</ratings_count>
<publication_year>1960</publication_year>
<publication_month>1</publication_month>
<publication_day>1</publication_day>
<authors>
<author>
<id>133989</id>
<name>O.A. Bushnell</name>
<link><![CDATA[https://www.goodreads.com/author/show/133989.O_A_Bushnell]]></link>
</author>
</authors>
</book>

          <book>
<id>14647</id>
<title>Sons (House of Earth, #2)</title>
<title_without_series>Sons</title_without_series>
<link><![CDATA[https://www.goodreads.com/book/show/14647.Sons]]></link>
<small_image_url><![CDATA[https://s.gr-assets.com/assets/nophoto/book/50x75-a91bf249278a81aabab721ef782c4a74.png]]></small_image_url>
<image_url><![CDATA[https://s.gr-assets.com/assets/nophoto/book/111x148-bcc042a9c91a29c1d680899eff700a03.png]]></image_url>
<num_pages>320</num_pages>
<work>
<id>3258094</id>
</work>
<isbn>1559210397</isbn>
<isbn13>9781559210393</isbn13>
<average_rating>3.82</average_rating>
<ratings_count>3438</ratings_count>
<publication_year>2005</publication_year>
<publication_month>1</publication_month>
<publication_day>1</publication_day>
<authors>
<author>
<id>704</id>
<name>Pearl S. Buck</name>
<link><![CDATA[https://www.goodreads.com/author/show/704.Pearl_S_Buck]]></link>
</author>
</authors>
</book>

          <book>
<id>347913</id>
<title>Bound Feet &amp; Western Dress</title>
<title_without_series>Bound Feet &amp; Western Dress</title_without_series>
<link><![CDATA[https://www.goodreads.com/book/show/347913.Bound_Feet_Western_Dress]]></link>
<small_image_url><![CDATA[https://s.gr-assets.com/assets/nophoto/book/50x75-a91bf249278a81aabab721ef782c4a74.png]]></small_image_url>
<image_url><![CDATA[https://s.gr-assets.com/assets/nophoto/book/111x148-bcc042a9c91a29c1d680899eff700a03.png]]></image_url>
<num_pages>215</num_pages>
<work>
<id>338200</id>
</work>
<isbn>0385479646</isbn>
<isbn13>9780385479646</isbn13>
<average_rating>3.86</average_rating>
<ratings_count>1555</ratings_count>
<publication_year>1997</publication_year>
<publication_month>9</publication_month>
<publication_day>15</publication_day>
<authors>
<author>
<id>598763</id>
<name>Pang-Mei Natasha Chang</name>
<link><![CDATA[https://www.goodreads.com/author/show/598763.Pang_Mei_Natasha_Chang]]></link>
</author>
</authors>
</book>

          <book>
<id>33512</id>
<title><![CDATA[One Thousand White Women: The Journals of May Dodd (One Thousand White Women#1)]]></title>
<title_without_series><![CDATA[One Thousand White Women: The Journals of May Dodd]]></title_without_series>
<link><![CDATA[https://www.goodreads.com/book/show/33512.One_Thousand_White_Women]]></link>
<small_image_url><![CDATA[https://images.gr-assets.com/books/1389821957s/33512.jpg]]></small_image_url>
<image_url><![CDATA[https://images.gr-assets.com/books/1389821957m/33512.jpg]]></image_url>
<num_pages>434</num_pages>
<work>
<id>527677</id>
</work>
<isbn>0312199430</isbn>
<isbn13>9780312199432</isbn13>
<average_rating>3.88</average_rating>
<ratings_count>89789</ratings_count>
<publication_year></publication_year>
<publication_month></publication_month>
<publication_day></publication_day>
<authors>
<author>
<id>18854</id>
<name>Jim Fergus</name>
<link><![CDATA[https://www.goodreads.com/author/show/18854.Jim_Fergus]]></link>
</author>
</authors>
</book>

          <book>
<id>107456</id>
<title>Spring Moon: A Novel of China</title>
<title_without_series>Spring Moon: A Novel of China</title_without_series>
<link><![CDATA[https://www.goodreads.com/book/show/107456.Spring_Moon]]></link>
<small_image_url><![CDATA[https://s.gr-assets.com/assets/nophoto/book/50x75-a91bf249278a81aabab721ef782c4a74.png]]></small_image_url>
<image_url><![CDATA[https://s.gr-assets.com/assets/nophoto/book/111x148-bcc042a9c91a29c1d680899eff700a03.png]]></image_url>
<num_pages></num_pages>
<work>
<id>103565</id>
</work>
<isbn>0060599758</isbn>
<isbn13>9780060599751</isbn13>
<average_rating>3.97</average_rating>
<ratings_count>2259</ratings_count>
<publication_year>2004</publication_year>
<publication_month>4</publication_month>
<publication_day>27</publication_day>
<authors>
<author>
<id>62153</id>
<name>Bette Bao Lord</name>
<link><![CDATA[https://www.goodreads.com/author/show/62153.Bette_Bao_Lord]]></link>
</author>
</authors>
</book>

          <book>
<id>178796</id>
<title><![CDATA[The Good Women of China: Hidden Voices]]></title>
<title_without_series><![CDATA[The Good Women of China: Hidden Voices]]></title_without_series>
<link><![CDATA[https://www.goodreads.com/book/show/178796.The_Good_Women_of_China]]></link>
<small_image_url><![CDATA[https://images.gr-assets.com/books/1320438487s/178796.jpg]]></small_image_url>
<image_url><![CDATA[https://images.gr-assets.com/books/1320438487m/178796.jpg]]></image_url>
<num_pages>256</num_pages>
<work>
<id>172734</id>
</work>
<isbn>1400030803</isbn>
<isbn13>9781400030804</isbn13>
<average_rating>4.19</average_rating>
<ratings_count>6369</ratings_count>
<publication_year>2003</publication_year>
<publication_month>11</publication_month>
<publication_day>11</publication_day>
<authors>
<author>
<id>104161</id>
<name>Xinran</name>
<link><![CDATA[https://www.goodreads.com/author/show/104161.Xinran]]></link>
</author>
</authors>
</book>

          <book>
<id>94672</id>
<title>Beneath a Marble Sky</title>
<title_without_series>Beneath a Marble Sky</title_without_series>
<link><![CDATA[https://www.goodreads.com/book/show/94672.Beneath_a_Marble_Sky]]></link>
<small_image_url><![CDATA[https://s.gr-assets.com/assets/nophoto/book/50x75-a91bf249278a81aabab721ef782c4a74.png]]></small_image_url>
<image_url><![CDATA[https://s.gr-assets.com/assets/nophoto/book/111x148-bcc042a9c91a29c1d680899eff700a03.png]]></image_url>
<num_pages></num_pages>
<work>
<id>3338224</id>
</work>
<isbn>0451218469</isbn>
<isbn13>9780451218469</isbn13>
<average_rating>3.99</average_rating>
<ratings_count>12226</ratings_count>
<publication_year></publication_year>
<publication_month></publication_month>
<publication_day></publication_day>
<authors>
<author>
<id>54450</id>
<name>John Shors</name>
<link><![CDATA[https://www.goodreads.com/author/show/54450.John_Shors]]></link>
</author>
</authors>
</book>

          <book>
<id>15807</id>
<title>The Dress Lodger</title>
<title_without_series>The Dress Lodger</title_without_series>
<link><![CDATA[https://www.goodreads.com/book/show/15807.The_Dress_Lodger]]></link>
<small_image_url><![CDATA[https://s.gr-assets.com/assets/nophoto/book/50x75-a91bf249278a81aabab721ef782c4a74.png]]></small_image_url>
<image_url><![CDATA[https://s.gr-assets.com/assets/nophoto/book/111x148-bcc042a9c91a29c1d680899eff700a03.png]]></image_url>
<num_pages>291</num_pages>
<work>
<id>17627</id>
</work>
<isbn>0345436911</isbn>
<isbn13>9780345436917</isbn13>
<average_rating>3.57</average_rating>
<ratings_count>6456</ratings_count>
<publication_year></publication_year>
<publication_month></publication_month>
<publication_day></publication_day>
<authors>
<author>
<id>9780</id>
<name>Sheri Holman</name>
<link><![CDATA[https://www.goodreads.com/author/show/9780.Sheri_Holman]]></link>
</author>
</authors>
</book>

  </similar_books>
</book>

</GoodreadsResponse>