<?xml version="1.0" encoding="UTF-8"?>
<GoodreadsResponse>
  <Request>
    <authentication>true</authentication>
      <key><![CDATA[all_men_must_serve]]></key>
    <method><![CDATA[book_show]]></method>
  </Request>
  <book>
  <id>110386</id>
  <title><![CDATA[To Sir Phillip, With Love (Bridgertons, #5)]]></title>
  <isbn><![CDATA[0380820854]]></isbn>
  <isbn13><![CDATA[9780380820856]]></isbn13>
  <asin><![CDATA[]]></asin>
  <kindle_asin><![CDATA[B004KSRPXS]]></kindle_asin>
  <marketplace_id><![CDATA[A1F83G8C2ARO7P]]></marketplace_id>
  <country_code><![CDATA[GB]]></country_code>
  <image_url>https://images.gr-assets.com/books/1274211519m/110386.jpg</image_url>
  <small_image_url>https://images.gr-assets.com/books/1274211519s/110386.jpg</small_image_url>
  <publication_year></publication_year>
  <publication_month></publication_month>
  <publication_day></publication_day>
  <publisher>Avon</publisher>
  <language_code>eng</language_code>
  <is_ebook>false</is_ebook>
  <description><![CDATA[Sir Phillip knew from his correspondence with his dead wife's distant cousin that Eloise Bridgerton was a spinster, and so he'd proposed, figuring that she'd be homely and unassuming, and more than a little desperate for an offer of marriage. Except . . . she wasn't. The beautiful woman on his doorstep was anything but quiet, and when she stopped talking long enough to close her mouth, all he wanted to do was kiss her...<br /><br />Eloise Bridgerton couldn't marry a man she had never met! But then she started thinking... and wondering... and before she knew it, she was in a hired carriage in the middle of the night, on her way to meet the man she hoped might be her perfect match. Except... he wasn't. Her perfect husband wouldn't be so moody and ill-mannered. And he certainly should have mentioned that he had two young - and decidedly unruly - children, as much in need of a mother as Phillip is in need of a wife.]]></description>
  <work>
  <id type="integer">13341300</id>
  <books_count type="integer">48</books_count>
  <best_book_id type="integer">110386</best_book_id>
  <reviews_count type="integer">32933</reviews_count>
  <ratings_sum type="integer">93862</ratings_sum>
  <ratings_count type="integer">24156</ratings_count>
  <text_reviews_count type="integer">1031</text_reviews_count>
  <original_publication_year type="integer">2003</original_publication_year>
  <original_publication_month type="integer">1</original_publication_month>
  <original_publication_day type="integer">1</original_publication_day>
  <original_title>To Sir Phillip, With Love</original_title>
  <original_language_id type="integer" nil="true"/>
  <media_type>book</media_type>
  <rating_dist>5:7031|4:9114|3:6452|2:1336|1:223|total:24156</rating_dist>
  <desc_user_id type="integer">171430</desc_user_id>
  <default_chaptering_book_id type="integer" nil="true"/>
  <default_description_language_code nil="true"/>
</work>
  <average_rating>3.89</average_rating>
  <num_pages><![CDATA[372]]></num_pages>
  <format><![CDATA[Mass Market Paperback]]></format>
  <edition_information><![CDATA[]]></edition_information>
  <ratings_count><![CDATA[21940]]></ratings_count>
  <text_reviews_count><![CDATA[785]]></text_reviews_count>
  <url><![CDATA[https://www.goodreads.com/book/show/110386.To_Sir_Phillip_With_Love]]></url>
  <link><![CDATA[https://www.goodreads.com/book/show/110386.To_Sir_Phillip_With_Love]]></link>
  <authors>
<author>
<id>63898</id>
<name>Julia Quinn</name>
<role></role>
<image_url nophoto='false'>
<![CDATA[https://images.gr-assets.com/authors/1493243934p5/63898.jpg]]>
</image_url>
<small_image_url nophoto='false'>
<![CDATA[https://images.gr-assets.com/authors/1493243934p2/63898.jpg]]>
</small_image_url>
<link><![CDATA[https://www.goodreads.com/author/show/63898.Julia_Quinn]]></link>
<average_rating>3.98</average_rating>
<ratings_count>554330</ratings_count>
<text_reviews_count>29250</text_reviews_count>
</author>
</authors>

    <reviews_widget>
      <![CDATA[
        <style>
  #goodreads-widget {
    font-family: georgia, serif;
    padding: 18px 0;
    width:565px;
  }
  #goodreads-widget h1 {
    font-weight:normal;
    font-size: 16px;
    border-bottom: 1px solid #BBB596;
    margin-bottom: 0;
  }
  #goodreads-widget a {
    text-decoration: none;
    color:#660;
  }
  iframe{
    background-color: #fff;
  }
  #goodreads-widget a:hover { text-decoration: underline; }
  #goodreads-widget a:active {
    color:#660;
  }
  #gr_footer {
    width: 100%;
    border-top: 1px solid #BBB596;
    text-align: right;
  }
  #goodreads-widget .gr_branding{
    color: #382110;
    font-size: 11px;
    text-decoration: none;
    font-family: "Helvetica Neue", Helvetica, Arial, sans-serif;
  }
</style>
<div id="goodreads-widget">
  <div id="gr_header"><h1><a rel="nofollow" href="https://www.goodreads.com/book/show/110386.To_Sir_Phillip_With_Love">To Sir Phillip, With Love Reviews</a></h1></div>
  <iframe id="the_iframe" src="https://www.goodreads.com/api/reviews_widget_iframe?did=DEVELOPER_ID&amp;format=html&amp;isbn=0380820854&amp;links=660&amp;min_rating=&amp;review_back=fff&amp;stars=000&amp;text=000" width="565" height="400" frameborder="0"></iframe>
  <div id="gr_footer">
    <a class="gr_branding" target="_blank" rel="nofollow" href="https://www.goodreads.com/book/show/110386.To_Sir_Phillip_With_Love?utm_medium=api&amp;utm_source=reviews_widget">Reviews from Goodreads.com</a>
  </div>
</div>

      ]]>
    </reviews_widget>
  <popular_shelves>
      <shelf name="to-read" count="4179"/>
      <shelf name="historical-romance" count="1489"/>
      <shelf name="romance" count="1335"/>
      <shelf name="historical" count="588"/>
      <shelf name="julia-quinn" count="354"/>
      <shelf name="regency" count="205"/>
      <shelf name="historical-fiction" count="198"/>
      <shelf name="favorites" count="175"/>
      <shelf name="currently-reading" count="171"/>
      <shelf name="series" count="143"/>
      <shelf name="regency-romance" count="109"/>
      <shelf name="romance-historical" count="107"/>
      <shelf name="fiction" count="101"/>
      <shelf name="adult" count="101"/>
      <shelf name="books-i-own" count="68"/>
      <shelf name="owned" count="61"/>
      <shelf name="ebook" count="60"/>
      <shelf name="kindle" count="53"/>
      <shelf name="bridgertons" count="43"/>
      <shelf name="chick-lit" count="39"/>
      <shelf name="england" count="33"/>
      <shelf name="ebooks" count="32"/>
      <shelf name="humor" count="31"/>
      <shelf name="library" count="31"/>
      <shelf name="author-julia-quinn" count="29"/>
      <shelf name="part-of-a-series" count="28"/>
      <shelf name="bridgerton-series" count="28"/>
      <shelf name="quinn-julia" count="27"/>
      <shelf name="marriage-of-convenience" count="27"/>
      <shelf name="paperback" count="25"/>
      <shelf name="favourites" count="24"/>
      <shelf name="default" count="23"/>
      <shelf name="historicals" count="23"/>
      <shelf name="funny" count="23"/>
      <shelf name="e-book" count="22"/>
      <shelf name="owned-books" count="21"/>
      <shelf name="3-stars" count="21"/>
      <shelf name="romance-novels" count="21"/>
      <shelf name="re-read" count="21"/>
      <shelf name="historical-romances" count="21"/>
      <shelf name="family" count="21"/>
      <shelf name="read-in-2016" count="20"/>
      <shelf name="5-stars" count="20"/>
      <shelf name="romance-regency" count="19"/>
      <shelf name="hr" count="19"/>
      <shelf name="4-stars" count="19"/>
      <shelf name="favorite-series" count="18"/>
      <shelf name="my-books" count="17"/>
      <shelf name="historical-regency" count="17"/>
      <shelf name="read-2016" count="16"/>
      <shelf name="read-in-2015" count="16"/>
      <shelf name="read-in-2010" count="16"/>
      <shelf name="guilty-pleasures" count="16"/>
      <shelf name="read-in-2014" count="15"/>
      <shelf name="historic-romance" count="15"/>
      <shelf name="library-book" count="15"/>
      <shelf name="genre-historical-romance" count="15"/>
      <shelf name="adult-fiction" count="15"/>
      <shelf name="read-2015" count="14"/>
      <shelf name="read-2014" count="14"/>
      <shelf name="read-in-2011" count="14"/>
      <shelf name="romances" count="14"/>
      <shelf name="quinn" count="14"/>
      <shelf name="i-own" count="14"/>
      <shelf name="read-in-2013" count="13"/>
      <shelf name="read-in-2012" count="13"/>
      <shelf name="beta-hero" count="13"/>
      <shelf name="friends-to-lovers" count="13"/>
      <shelf name="e-books" count="13"/>
      <shelf name="nook" count="13"/>
      <shelf name="bridgerton" count="13"/>
      <shelf name="genre-historical" count="12"/>
      <shelf name="favorite" count="12"/>
      <shelf name="part-of-series" count="12"/>
      <shelf name="widow-widower" count="12"/>
      <shelf name="bridgertons-series" count="12"/>
      <shelf name="genre-romance" count="11"/>
      <shelf name="borrowed" count="11"/>
      <shelf name="to-buy" count="11"/>
      <shelf name="regency-era" count="11"/>
      <shelf name="own-it" count="11"/>
      <shelf name="letters" count="11"/>
      <shelf name="historicalromance" count="11"/>
      <shelf name="favorite-author" count="11"/>
      <shelf name="2016-reads" count="10"/>
      <shelf name="2014-reads" count="10"/>
      <shelf name="read-2013" count="10"/>
      <shelf name="reread" count="10"/>
      <shelf name="virgin-heroine" count="10"/>
      <shelf name="genre-romance-historical" count="10"/>
      <shelf name="guilty-pleasure" count="10"/>
      <shelf name="reviewed" count="10"/>
      <shelf name="m-f" count="10"/>
      <shelf name="history" count="10"/>
      <shelf name="favorite-authors" count="10"/>
      <shelf name="calibre" count="9"/>
      <shelf name="books" count="9"/>
      <shelf name="historic" count="9"/>
      <shelf name="humorous" count="9"/>
      <shelf name="read-2011" count="9"/>
  </popular_shelves>
  <book_links>
    <book_link>
  <id>8</id>
  <name>Libraries</name>
  <link>https://www.goodreads.com/book_link/follow/8</link>
</book_link>

  </book_links>
  <buy_links>
    <buy_link>
<id>1</id>
<name>Amazon</name>
<link>https://www.goodreads.com/book_link/follow/1</link>
</buy_link>
<buy_link>
<id>10</id>
<name>Audible</name>
<link>https://www.goodreads.com/book_link/follow/10</link>
</buy_link>
<buy_link>
<id>3</id>
<name>Barnes &amp; Noble</name>
<link>https://www.goodreads.com/book_link/follow/3</link>
</buy_link>
<buy_link>
<id>1027</id>
<name>Kobo</name>
<link>https://www.goodreads.com/book_link/follow/1027</link>
</buy_link>
<buy_link>
<id>2102</id>
<name>Apple iBooks</name>
<link>https://www.goodreads.com/book_link/follow/2102</link>
</buy_link>
<buy_link>
<id>8036</id>
<name>Google Play</name>
<link>https://www.goodreads.com/book_link/follow/8036</link>
</buy_link>
<buy_link>
<id>4</id>
<name>Abebooks</name>
<link>https://www.goodreads.com/book_link/follow/4</link>
</buy_link>
<buy_link>
<id>882</id>
<name>Book Depository</name>
<link>https://www.goodreads.com/book_link/follow/882</link>
</buy_link>
<buy_link>
<id>9</id>
<name>Indigo</name>
<link>https://www.goodreads.com/book_link/follow/9</link>
</buy_link>
<buy_link>
<id>2</id>
<name>Half.com</name>
<link>https://www.goodreads.com/book_link/follow/2</link>
</buy_link>
<buy_link>
<id>5</id>
<name>Alibris</name>
<link>https://www.goodreads.com/book_link/follow/5</link>
</buy_link>
<buy_link>
<id>107</id>
<name>Better World Books</name>
<link>https://www.goodreads.com/book_link/follow/107</link>
</buy_link>
<buy_link>
<id>7</id>
<name>IndieBound</name>
<link>https://www.goodreads.com/book_link/follow/7</link>
</buy_link>

  </buy_links>
  <series_works>
    <series_work>
<id>177940</id>
<user_position>5</user_position>
<series>
<id>40393</id>
<title>
<![CDATA[
    Bridgertons
]]>
</title>
<description>
<![CDATA[
    Regency romance. See also <a href="http://www.goodreads.com/series/51906-lady-whistledown">The Lady Whistledown</a> story collections, and the new <a href="https://www.goodreads.com/series/165625">Rokesbys</a> prequel series.
]]>
</description>
<note>
<![CDATA[
]]>
</note>
<series_works_count>20</series_works_count>
<primary_work_count>8</primary_work_count>
<numbered>true</numbered>
</series>

</series_work>

  </series_works>
  <similar_books>
          <book>
<id>2948832</id>
<title><![CDATA[Seduce Me at Sunrise (The Hathaways, #2)]]></title>
<title_without_series>Seduce Me at Sunrise</title_without_series>
<link><![CDATA[https://www.goodreads.com/book/show/2948832-seduce-me-at-sunrise]]></link>
<small_image_url><![CDATA[https://images.gr-assets.com/books/1390526497s/2948832.jpg]]></small_image_url>
<image_url><![CDATA[https://images.gr-assets.com/books/1390526497m/2948832.jpg]]></image_url>
<num_pages>360</num_pages>
<work>
<id>2978308</id>
</work>
<isbn>0312949812</isbn>
<isbn13>9780312949815</isbn13>
<average_rating>4.10</average_rating>
<ratings_count>23959</ratings_count>
<publication_year>2008</publication_year>
<publication_month>9</publication_month>
<publication_day>30</publication_day>
<authors>
<author>
<id>27847</id>
<name>Lisa Kleypas</name>
<link><![CDATA[https://www.goodreads.com/author/show/27847.Lisa_Kleypas]]></link>
</author>
</authors>
</book>

          <book>
<id>7781699</id>
<title><![CDATA[Ten Ways to Be Adored When Landing a Lord (Love By Numbers, #2)]]></title>
<title_without_series><![CDATA[Ten Ways to Be Adored When Landing a Lord]]></title_without_series>
<link><![CDATA[https://www.goodreads.com/book/show/7781699-ten-ways-to-be-adored-when-landing-a-lord]]></link>
<small_image_url><![CDATA[https://images.gr-assets.com/books/1322231419s/7781699.jpg]]></small_image_url>
<image_url><![CDATA[https://images.gr-assets.com/books/1322231419m/7781699.jpg]]></image_url>
<num_pages>384</num_pages>
<work>
<id>10706071</id>
</work>
<isbn>0061852066</isbn>
<isbn13>9780061852060</isbn13>
<average_rating>3.91</average_rating>
<ratings_count>14272</ratings_count>
<publication_year>2010</publication_year>
<publication_month>10</publication_month>
<publication_day>26</publication_day>
<authors>
<author>
<id>1598076</id>
<name>Sarah MacLean</name>
<link><![CDATA[https://www.goodreads.com/author/show/1598076.Sarah_MacLean]]></link>
</author>
</authors>
</book>

          <book>
<id>485436</id>
<title><![CDATA[The Perfect Stranger (The Merridew Sisters, #3)]]></title>
<title_without_series>The Perfect Stranger</title_without_series>
<link><![CDATA[https://www.goodreads.com/book/show/485436.The_Perfect_Stranger]]></link>
<small_image_url><![CDATA[https://s.gr-assets.com/assets/nophoto/book/50x75-a91bf249278a81aabab721ef782c4a74.png]]></small_image_url>
<image_url><![CDATA[https://s.gr-assets.com/assets/nophoto/book/111x148-bcc042a9c91a29c1d680899eff700a03.png]]></image_url>
<num_pages>344</num_pages>
<work>
<id>473729</id>
</work>
<isbn>0425210529</isbn>
<isbn13>9780425210529</isbn13>
<average_rating>3.84</average_rating>
<ratings_count>2218</ratings_count>
<publication_year>2006</publication_year>
<publication_month>6</publication_month>
<publication_day>6</publication_day>
<authors>
<author>
<id>65591</id>
<name>Anne Gracie</name>
<link><![CDATA[https://www.goodreads.com/author/show/65591.Anne_Gracie]]></link>
</author>
</authors>
</book>

          <book>
<id>110295</id>
<title><![CDATA[Slightly Married (Bedwyn Saga, #1)]]></title>
<title_without_series>Slightly Married</title_without_series>
<link><![CDATA[https://www.goodreads.com/book/show/110295.Slightly_Married]]></link>
<small_image_url><![CDATA[https://images.gr-assets.com/books/1403178352s/110295.jpg]]></small_image_url>
<image_url><![CDATA[https://images.gr-assets.com/books/1403178352m/110295.jpg]]></image_url>
<num_pages>342</num_pages>
<work>
<id>344054</id>
</work>
<isbn>0440241049</isbn>
<isbn13>9780440241041</isbn13>
<average_rating>3.94</average_rating>
<ratings_count>10313</ratings_count>
<publication_year>2003</publication_year>
<publication_month>4</publication_month>
<publication_day>1</publication_day>
<authors>
<author>
<id>9759</id>
<name>Mary Balogh</name>
<link><![CDATA[https://www.goodreads.com/author/show/9759.Mary_Balogh]]></link>
</author>
</authors>
</book>

          <book>
<id>833923</id>
<title><![CDATA[England's Perfect Hero (Lessons in Love, #3)]]></title>
<title_without_series>England&apos;s Perfect Hero</title_without_series>
<link><![CDATA[https://www.goodreads.com/book/show/833923.England_s_Perfect_Hero]]></link>
<small_image_url><![CDATA[https://images.gr-assets.com/books/1331516514s/833923.jpg]]></small_image_url>
<image_url><![CDATA[https://images.gr-assets.com/books/1331516514m/833923.jpg]]></image_url>
<num_pages>374</num_pages>
<work>
<id>2556108</id>
</work>
<isbn>0060543132</isbn>
<isbn13>9780060543136</isbn13>
<average_rating>4.08</average_rating>
<ratings_count>5395</ratings_count>
<publication_year>2004</publication_year>
<publication_month>2</publication_month>
<publication_day>24</publication_day>
<authors>
<author>
<id>23294</id>
<name>Suzanne Enoch</name>
<link><![CDATA[https://www.goodreads.com/author/show/23294.Suzanne_Enoch]]></link>
</author>
</authors>
</book>

          <book>
<id>8449698</id>
<title><![CDATA[When Beauty Tamed the Beast (Fairy Tales, #2)]]></title>
<title_without_series>When Beauty Tamed the Beast</title_without_series>
<link><![CDATA[https://www.goodreads.com/book/show/8449698-when-beauty-tamed-the-beast]]></link>
<small_image_url><![CDATA[https://images.gr-assets.com/books/1282320694s/8449698.jpg]]></small_image_url>
<image_url><![CDATA[https://images.gr-assets.com/books/1282320694m/8449698.jpg]]></image_url>
<num_pages>372</num_pages>
<work>
<id>13313623</id>
</work>
<isbn>0062021273</isbn>
<isbn13>9780062021274</isbn13>
<average_rating>4.06</average_rating>
<ratings_count>18133</ratings_count>
<publication_year>2011</publication_year>
<publication_month>1</publication_month>
<publication_day>25</publication_day>
<authors>
<author>
<id>86778</id>
<name>Eloisa James</name>
<link><![CDATA[https://www.goodreads.com/author/show/86778.Eloisa_James]]></link>
</author>
</authors>
</book>

          <book>
<id>6014608</id>
<title><![CDATA[Goddess of the Hunt (The Wanton Dairymaid Trilogy, #1)]]></title>
<title_without_series>Goddess of the Hunt</title_without_series>
<link><![CDATA[https://www.goodreads.com/book/show/6014608-goddess-of-the-hunt]]></link>
<small_image_url><![CDATA[https://images.gr-assets.com/books/1479664667s/6014608.jpg]]></small_image_url>
<image_url><![CDATA[https://images.gr-assets.com/books/1479664667m/6014608.jpg]]></image_url>
<num_pages>374</num_pages>
<work>
<id>6189889</id>
</work>
<isbn>0345506863</isbn>
<isbn13>9780345506863</isbn13>
<average_rating>3.80</average_rating>
<ratings_count>6069</ratings_count>
<publication_year>2009</publication_year>
<publication_month>7</publication_month>
<publication_day>28</publication_day>
<authors>
<author>
<id>2752928</id>
<name>Tessa Dare</name>
<link><![CDATA[https://www.goodreads.com/author/show/2752928.Tessa_Dare]]></link>
</author>
</authors>
</book>

          <book>
<id>992198</id>
<title>His Every Kiss (Guilty, #2)</title>
<title_without_series>His Every Kiss</title_without_series>
<link><![CDATA[https://www.goodreads.com/book/show/992198.His_Every_Kiss]]></link>
<small_image_url><![CDATA[https://images.gr-assets.com/books/1349737382s/992198.jpg]]></small_image_url>
<image_url><![CDATA[https://images.gr-assets.com/books/1349737382m/992198.jpg]]></image_url>
<num_pages>370</num_pages>
<work>
<id>977693</id>
</work>
<isbn>006054175X</isbn>
<isbn13>9780060541750</isbn13>
<average_rating>3.79</average_rating>
<ratings_count>1702</ratings_count>
<publication_year>2004</publication_year>
<publication_month>9</publication_month>
<publication_day>28</publication_day>
<authors>
<author>
<id>38065</id>
<name>Laura Lee Guhrke</name>
<link><![CDATA[https://www.goodreads.com/author/show/38065.Laura_Lee_Guhrke]]></link>
</author>
</authors>
</book>

  </similar_books>
</book>

</GoodreadsResponse>