<?xml version="1.0" encoding="UTF-8"?>
<GoodreadsResponse>
  <Request>
    <authentication>true</authentication>
      <key><![CDATA[all_men_must_serve]]></key>
    <method><![CDATA[book_show]]></method>
  </Request>
  <book>
  <id>11041</id>
  <title>Delta of Venus</title>
  <isbn><![CDATA[1579125743]]></isbn>
  <isbn13><![CDATA[9781579125745]]></isbn13>
  <asin><![CDATA[]]></asin>
  <kindle_asin><![CDATA[B002RI9FOU]]></kindle_asin>
  <marketplace_id><![CDATA[A1F83G8C2ARO7P]]></marketplace_id>
  <country_code><![CDATA[GB]]></country_code>
  <image_url>https://s.gr-assets.com/assets/nophoto/book/111x148-bcc042a9c91a29c1d680899eff700a03.png</image_url>
  <small_image_url>https://s.gr-assets.com/assets/nophoto/book/50x75-a91bf249278a81aabab721ef782c4a74.png</small_image_url>
  <publication_year></publication_year>
  <publication_month></publication_month>
  <publication_day></publication_day>
  <publisher></publisher>
  <language_code>eng</language_code>
  <is_ebook>false</is_ebook>
  <description><![CDATA[In <i>Delta of Venus</i> Anaïs Nin penned a lush, magical world where the characters of her imagination possess the most universal of desires and exceptional of talents. Among these provocative stories, a Hungarian adventurer seduces wealthy women then vanishes with their money; a veiled woman selects strangers from a chic restaurant for private trysts; and a Parisian hatmaker named Mathilde leaves her husband for the opium dens of Peru. <i>Delta of Venus</i> is an extraordinarily rich and exotic collection from the master of erotic writing.]]></description>
  <work>
  <id type="integer">1369571</id>
  <books_count type="integer">109</books_count>
  <best_book_id type="integer">11041</best_book_id>
  <reviews_count type="integer">32737</reviews_count>
  <ratings_sum type="integer">51412</ratings_sum>
  <ratings_count type="integer">13953</ratings_count>
  <text_reviews_count type="integer">888</text_reviews_count>
  <original_publication_year type="integer">1977</original_publication_year>
  <original_publication_month type="integer" nil="true"/>
  <original_publication_day type="integer" nil="true"/>
  <original_title>Delta of Venus</original_title>
  <original_language_id type="integer" nil="true"/>
  <media_type>book</media_type>
  <rating_dist>5:3187|4:5144|3:4029|2:1221|1:372|total:13953</rating_dist>
  <desc_user_id type="integer">32443560</desc_user_id>
  <default_chaptering_book_id type="integer" nil="true"/>
  <default_description_language_code nil="true"/>
</work>
  <average_rating>3.68</average_rating>
  <num_pages><![CDATA[]]></num_pages>
  <format><![CDATA[]]></format>
  <edition_information><![CDATA[]]></edition_information>
  <ratings_count><![CDATA[10568]]></ratings_count>
  <text_reviews_count><![CDATA[560]]></text_reviews_count>
  <url><![CDATA[https://www.goodreads.com/book/show/11041.Delta_of_Venus]]></url>
  <link><![CDATA[https://www.goodreads.com/book/show/11041.Delta_of_Venus]]></link>
  <authors>
<author>
<id>7190</id>
<name>Anaïs Nin</name>
<role></role>
<image_url nophoto='false'>
<![CDATA[https://images.gr-assets.com/authors/1468617897p5/7190.jpg]]>
</image_url>
<small_image_url nophoto='false'>
<![CDATA[https://images.gr-assets.com/authors/1468617897p2/7190.jpg]]>
</small_image_url>
<link><![CDATA[https://www.goodreads.com/author/show/7190.Ana_s_Nin]]></link>
<average_rating>3.88</average_rating>
<ratings_count>60878</ratings_count>
<text_reviews_count>3566</text_reviews_count>
</author>
</authors>

    <reviews_widget>
      <![CDATA[
        <style>
  #goodreads-widget {
    font-family: georgia, serif;
    padding: 18px 0;
    width:565px;
  }
  #goodreads-widget h1 {
    font-weight:normal;
    font-size: 16px;
    border-bottom: 1px solid #BBB596;
    margin-bottom: 0;
  }
  #goodreads-widget a {
    text-decoration: none;
    color:#660;
  }
  iframe{
    background-color: #fff;
  }
  #goodreads-widget a:hover { text-decoration: underline; }
  #goodreads-widget a:active {
    color:#660;
  }
  #gr_footer {
    width: 100%;
    border-top: 1px solid #BBB596;
    text-align: right;
  }
  #goodreads-widget .gr_branding{
    color: #382110;
    font-size: 11px;
    text-decoration: none;
    font-family: "Helvetica Neue", Helvetica, Arial, sans-serif;
  }
</style>
<div id="goodreads-widget">
  <div id="gr_header"><h1><a rel="nofollow" href="https://www.goodreads.com/book/show/11041.Delta_of_Venus">Delta of Venus Reviews</a></h1></div>
  <iframe id="the_iframe" src="https://www.goodreads.com/api/reviews_widget_iframe?did=DEVELOPER_ID&amp;format=html&amp;isbn=1579125743&amp;links=660&amp;min_rating=&amp;review_back=fff&amp;stars=000&amp;text=000" width="565" height="400" frameborder="0"></iframe>
  <div id="gr_footer">
    <a class="gr_branding" target="_blank" rel="nofollow" href="https://www.goodreads.com/book/show/11041.Delta_of_Venus?utm_medium=api&amp;utm_source=reviews_widget">Reviews from Goodreads.com</a>
  </div>
</div>

      ]]>
    </reviews_widget>
  <popular_shelves>
      <shelf name="to-read" count="14536"/>
      <shelf name="currently-reading" count="831"/>
      <shelf name="fiction" count="460"/>
      <shelf name="erotica" count="412"/>
      <shelf name="short-stories" count="302"/>
      <shelf name="classics" count="229"/>
      <shelf name="favorites" count="118"/>
      <shelf name="erótica" count="101"/>
      <shelf name="1001-books" count="100"/>
      <shelf name="owned" count="98"/>
      <shelf name="1001" count="67"/>
      <shelf name="erotic" count="65"/>
      <shelf name="books-i-own" count="62"/>
      <shelf name="romance" count="62"/>
      <shelf name="sexuality" count="60"/>
      <shelf name="literature" count="58"/>
      <shelf name="french" count="57"/>
      <shelf name="feminism" count="38"/>
      <shelf name="classic" count="37"/>
      <shelf name="france" count="36"/>
      <shelf name="sex" count="36"/>
      <shelf name="default" count="34"/>
      <shelf name="1001-books-to-read-before-you-die" count="34"/>
      <shelf name="women" count="32"/>
      <shelf name="kindle" count="29"/>
      <shelf name="20th-century" count="29"/>
      <shelf name="1001-import" count="28"/>
      <shelf name="owned-books" count="25"/>
      <shelf name="to-buy" count="25"/>
      <shelf name="adult" count="24"/>
      <shelf name="1001-books-to-read" count="23"/>
      <shelf name="ebook" count="21"/>
      <shelf name="french-literature" count="21"/>
      <shelf name="female-author" count="20"/>
      <shelf name="adult-fiction" count="19"/>
      <shelf name="library" count="19"/>
      <shelf name="women-writers" count="18"/>
      <shelf name="1001-to-read" count="18"/>
      <shelf name="wish-list" count="18"/>
      <shelf name="smut" count="18"/>
      <shelf name="female-authors" count="17"/>
      <shelf name="short-story" count="16"/>
      <shelf name="abandoned" count="16"/>
      <shelf name="anais-nin" count="15"/>
      <shelf name="literary-fiction" count="15"/>
      <shelf name="to-read-fiction" count="14"/>
      <shelf name="my-library" count="14"/>
      <shelf name="favourites" count="14"/>
      <shelf name="anaïs-nin" count="13"/>
      <shelf name="ebooks" count="13"/>
      <shelf name="short-fiction" count="13"/>
      <shelf name="1001-books-you-must-read-before-you" count="13"/>
      <shelf name="novels" count="12"/>
      <shelf name="modern-classics" count="12"/>
      <shelf name="lit" count="12"/>
      <shelf name="sexy" count="11"/>
      <shelf name="american-literature" count="11"/>
      <shelf name="home-library" count="11"/>
      <shelf name="collection" count="11"/>
      <shelf name="english" count="11"/>
      <shelf name="unfinished" count="11"/>
      <shelf name="french-lit" count="11"/>
      <shelf name="i-own" count="11"/>
      <shelf name="did-not-finish" count="11"/>
      <shelf name="stories" count="11"/>
      <shelf name="american" count="11"/>
      <shelf name="own-it" count="11"/>
      <shelf name="on-hold" count="10"/>
      <shelf name="novel" count="10"/>
      <shelf name="anthology" count="10"/>
      <shelf name="feminist" count="10"/>
      <shelf name="general-fiction" count="10"/>
      <shelf name="bookshelf" count="9"/>
      <shelf name="book-club" count="9"/>
      <shelf name="read-in-2014" count="8"/>
      <shelf name="e-book" count="8"/>
      <shelf name="europe" count="8"/>
      <shelf name="1001-before-you-die" count="8"/>
      <shelf name="guardian-1000" count="8"/>
      <shelf name="lgbt" count="8"/>
      <shelf name="romance-erotica" count="8"/>
      <shelf name="queer" count="8"/>
      <shelf name="literary" count="8"/>
      <shelf name="eros" count="8"/>
      <shelf name="my-books" count="7"/>
      <shelf name="maybe" count="7"/>
      <shelf name="to-read-classics" count="7"/>
      <shelf name="racconti" count="7"/>
      <shelf name="love" count="7"/>
      <shelf name="modern" count="7"/>
      <shelf name="lgbtq" count="7"/>
      <shelf name="women-authors" count="7"/>
      <shelf name="e-books" count="7"/>
      <shelf name="1001books" count="7"/>
      <shelf name="personal-library" count="7"/>
      <shelf name="read-in-2015" count="6"/>
      <shelf name="books" count="6"/>
      <shelf name="short-story-collections" count="6"/>
      <shelf name="erotic-romance" count="6"/>
      <shelf name="books-owned" count="6"/>
  </popular_shelves>
  <book_links>
    <book_link>
  <id>8</id>
  <name>Libraries</name>
  <link>https://www.goodreads.com/book_link/follow/8</link>
</book_link>

  </book_links>
  <buy_links>
    <buy_link>
<id>1</id>
<name>Amazon</name>
<link>https://www.goodreads.com/book_link/follow/1</link>
</buy_link>
<buy_link>
<id>10</id>
<name>Audible</name>
<link>https://www.goodreads.com/book_link/follow/10</link>
</buy_link>
<buy_link>
<id>3</id>
<name>Barnes &amp; Noble</name>
<link>https://www.goodreads.com/book_link/follow/3</link>
</buy_link>
<buy_link>
<id>1027</id>
<name>Kobo</name>
<link>https://www.goodreads.com/book_link/follow/1027</link>
</buy_link>
<buy_link>
<id>2102</id>
<name>Apple iBooks</name>
<link>https://www.goodreads.com/book_link/follow/2102</link>
</buy_link>
<buy_link>
<id>8036</id>
<name>Google Play</name>
<link>https://www.goodreads.com/book_link/follow/8036</link>
</buy_link>
<buy_link>
<id>4</id>
<name>Abebooks</name>
<link>https://www.goodreads.com/book_link/follow/4</link>
</buy_link>
<buy_link>
<id>882</id>
<name>Book Depository</name>
<link>https://www.goodreads.com/book_link/follow/882</link>
</buy_link>
<buy_link>
<id>9</id>
<name>Indigo</name>
<link>https://www.goodreads.com/book_link/follow/9</link>
</buy_link>
<buy_link>
<id>2</id>
<name>Half.com</name>
<link>https://www.goodreads.com/book_link/follow/2</link>
</buy_link>
<buy_link>
<id>5</id>
<name>Alibris</name>
<link>https://www.goodreads.com/book_link/follow/5</link>
</buy_link>
<buy_link>
<id>107</id>
<name>Better World Books</name>
<link>https://www.goodreads.com/book_link/follow/107</link>
</buy_link>
<buy_link>
<id>7</id>
<name>IndieBound</name>
<link>https://www.goodreads.com/book_link/follow/7</link>
</buy_link>

  </buy_links>
  <series_works>
    
  </series_works>
  <similar_books>
          <book>
<id>89839</id>
<title>The Complete Claudine</title>
<title_without_series>The Complete Claudine</title_without_series>
<link><![CDATA[https://www.goodreads.com/book/show/89839.The_Complete_Claudine]]></link>
<small_image_url><![CDATA[https://s.gr-assets.com/assets/nophoto/book/50x75-a91bf249278a81aabab721ef782c4a74.png]]></small_image_url>
<image_url><![CDATA[https://s.gr-assets.com/assets/nophoto/book/111x148-bcc042a9c91a29c1d680899eff700a03.png]]></image_url>
<num_pages>656</num_pages>
<work>
<id>704679</id>
</work>
<isbn>0374528039</isbn>
<isbn13>9780374528034</isbn13>
<average_rating>4.18</average_rating>
<ratings_count>1175</ratings_count>
<publication_year>2001</publication_year>
<publication_month>9</publication_month>
<publication_day>5</publication_day>
<authors>
<author>
<id>51575</id>
<name>Colette</name>
<link><![CDATA[https://www.goodreads.com/author/show/51575.Colette]]></link>
</author>
</authors>
</book>

          <book>
<id>118797</id>
<title>Emmanuelle</title>
<title_without_series>Emmanuelle</title_without_series>
<link><![CDATA[https://www.goodreads.com/book/show/118797.Emmanuelle]]></link>
<small_image_url><![CDATA[https://s.gr-assets.com/assets/nophoto/book/50x75-a91bf249278a81aabab721ef782c4a74.png]]></small_image_url>
<image_url><![CDATA[https://s.gr-assets.com/assets/nophoto/book/111x148-bcc042a9c91a29c1d680899eff700a03.png]]></image_url>
<num_pages>224</num_pages>
<work>
<id>1275165</id>
</work>
<isbn>0802130690</isbn>
<isbn13>9780802130693</isbn13>
<average_rating>3.33</average_rating>
<ratings_count>927</ratings_count>
<publication_year>1994</publication_year>
<publication_month>5</publication_month>
<publication_day>5</publication_day>
<authors>
<author>
<id>68885</id>
<name>Emmanuelle Arsan</name>
<link><![CDATA[https://www.goodreads.com/author/show/68885.Emmanuelle_Arsan]]></link>
</author>
</authors>
</book>

          <book>
<id>53130</id>
<title><![CDATA[Justine, Philosophy in the Bedroom, and Other Writings]]></title>
<title_without_series><![CDATA[Justine, Philosophy in the Bedroom, and Other Writings]]></title_without_series>
<link><![CDATA[https://www.goodreads.com/book/show/53130.Justine_Philosophy_in_the_Bedroom_and_Other_Writings]]></link>
<small_image_url><![CDATA[https://s.gr-assets.com/assets/nophoto/book/50x75-a91bf249278a81aabab721ef782c4a74.png]]></small_image_url>
<image_url><![CDATA[https://s.gr-assets.com/assets/nophoto/book/111x148-bcc042a9c91a29c1d680899eff700a03.png]]></image_url>
<num_pages>784</num_pages>
<work>
<id>208955</id>
</work>
<isbn>0802132189</isbn>
<isbn13>9780802132185</isbn13>
<average_rating>3.73</average_rating>
<ratings_count>2901</ratings_count>
<publication_year>1994</publication_year>
<publication_month>1</publication_month>
<publication_day>11</publication_day>
<authors>
<author>
<id>2885224</id>
<name>Marquis de Sade</name>
<link><![CDATA[https://www.goodreads.com/author/show/2885224.Marquis_de_Sade]]></link>
</author>
</authors>
</book>

          <book>
<id>144275</id>
<title><![CDATA[The Best American Erotica 2003 (Best American Erotica)]]></title>
<title_without_series><![CDATA[The Best American Erotica 2003]]></title_without_series>
<link><![CDATA[https://www.goodreads.com/book/show/144275.The_Best_American_Erotica_2003]]></link>
<small_image_url><![CDATA[https://s.gr-assets.com/assets/nophoto/book/50x75-a91bf249278a81aabab721ef782c4a74.png]]></small_image_url>
<image_url><![CDATA[https://s.gr-assets.com/assets/nophoto/book/111x148-bcc042a9c91a29c1d680899eff700a03.png]]></image_url>
<num_pages>368</num_pages>
<work>
<id>139197</id>
</work>
<isbn>074322261X</isbn>
<isbn13>9780743222617</isbn13>
<average_rating>3.70</average_rating>
<ratings_count>156</ratings_count>
<publication_year>2003</publication_year>
<publication_month>2</publication_month>
<publication_day>1</publication_day>
<authors>
<author>
<id>15888</id>
<name>Susie Bright</name>
<link><![CDATA[https://www.goodreads.com/author/show/15888.Susie_Bright]]></link>
</author>
</authors>
</book>

          <book>
<id>40483</id>
<title>Story of O (Story of O #1)</title>
<title_without_series>Story of O</title_without_series>
<link><![CDATA[https://www.goodreads.com/book/show/40483.Story_of_O]]></link>
<small_image_url><![CDATA[https://images.gr-assets.com/books/1464369941s/40483.jpg]]></small_image_url>
<image_url><![CDATA[https://images.gr-assets.com/books/1464369941m/40483.jpg]]></image_url>
<num_pages>199</num_pages>
<work>
<id>2462307</id>
</work>
<isbn>0345301110</isbn>
<isbn13>9780345301116</isbn13>
<average_rating>3.34</average_rating>
<ratings_count>14064</ratings_count>
<publication_year>1981</publication_year>
<publication_month>5</publication_month>
<publication_day>12</publication_day>
<authors>
<author>
<id>22692</id>
<name>Pauline Réage</name>
<link><![CDATA[https://www.goodreads.com/author/show/22692.Pauline_R_age]]></link>
</author>
</authors>
</book>

          <book>
<id>427354</id>
<title>Venus in Furs</title>
<title_without_series>Venus in Furs</title_without_series>
<link><![CDATA[https://www.goodreads.com/book/show/427354.Venus_in_Furs]]></link>
<small_image_url><![CDATA[https://images.gr-assets.com/books/1333994625s/427354.jpg]]></small_image_url>
<image_url><![CDATA[https://images.gr-assets.com/books/1333994625m/427354.jpg]]></image_url>
<num_pages>160</num_pages>
<work>
<id>2469460</id>
</work>
<isbn>0140447814</isbn>
<isbn13>9780140447811</isbn13>
<average_rating>3.64</average_rating>
<ratings_count>7824</ratings_count>
<publication_year>2000</publication_year>
<publication_month>6</publication_month>
<publication_day>1</publication_day>
<authors>
<author>
<id>77556</id>
<name>Leopold von Sacher-Masoch</name>
<link><![CDATA[https://www.goodreads.com/author/show/77556.Leopold_von_Sacher_Masoch]]></link>
</author>
</authors>
</book>

          <book>
<id>1210056</id>
<title>The Pearl</title>
<title_without_series>The Pearl</title_without_series>
<link><![CDATA[https://www.goodreads.com/book/show/1210056.The_Pearl]]></link>
<small_image_url><![CDATA[https://images.gr-assets.com/books/1403180013s/1210056.jpg]]></small_image_url>
<image_url><![CDATA[https://images.gr-assets.com/books/1403180013m/1210056.jpg]]></image_url>
<num_pages>656</num_pages>
<work>
<id>2456034</id>
</work>
<isbn>0345410041</isbn>
<isbn13>9780345410047</isbn13>
<average_rating>3.73</average_rating>
<ratings_count>270</ratings_count>
<publication_year>1996</publication_year>
<publication_month>9</publication_month>
<publication_day>29</publication_day>
<authors>
<author>
<id>5158478</id>
<name>Anonymous</name>
<link><![CDATA[https://www.goodreads.com/author/show/5158478.Anonymous]]></link>
</author>
</authors>
</book>

          <book>
<id>394162</id>
<title>Belle de jour</title>
<title_without_series>Belle de jour</title_without_series>
<link><![CDATA[https://www.goodreads.com/book/show/394162.Belle_de_jour]]></link>
<small_image_url><![CDATA[https://images.gr-assets.com/books/1367786912s/394162.jpg]]></small_image_url>
<image_url><![CDATA[https://images.gr-assets.com/books/1367786912m/394162.jpg]]></image_url>
<num_pages>188</num_pages>
<work>
<id>83819</id>
</work>
<isbn>1585679089</isbn>
<isbn13>9781585679089</isbn13>
<average_rating>3.64</average_rating>
<ratings_count>687</ratings_count>
<publication_year>2007</publication_year>
<publication_month>4</publication_month>
<publication_day>24</publication_day>
<authors>
<author>
<id>49757</id>
<name>Joseph Kessel</name>
<link><![CDATA[https://www.goodreads.com/author/show/49757.Joseph_Kessel]]></link>
</author>
</authors>
</book>

          <book>
<id>60948</id>
<title><![CDATA[You Can't Keep a Good Woman Down]]></title>
<title_without_series><![CDATA[You Can't Keep a Good Woman Down]]></title_without_series>
<link><![CDATA[https://www.goodreads.com/book/show/60948.You_Can_t_Keep_a_Good_Woman_Down]]></link>
<small_image_url><![CDATA[https://images.gr-assets.com/books/1328874776s/60948.jpg]]></small_image_url>
<image_url><![CDATA[https://images.gr-assets.com/books/1328874776m/60948.jpg]]></image_url>
<num_pages></num_pages>
<work>
<id>59276</id>
</work>
<isbn>015602862X</isbn>
<isbn13>9780156028622</isbn13>
<average_rating>4.00</average_rating>
<ratings_count>2273</ratings_count>
<publication_year></publication_year>
<publication_month></publication_month>
<publication_day></publication_day>
<authors>
<author>
<id>7380</id>
<name>Alice Walker</name>
<link><![CDATA[https://www.goodreads.com/author/show/7380.Alice_Walker]]></link>
</author>
</authors>
</book>

          <book>
<id>83071</id>
<title>The Songs of Bilitis</title>
<title_without_series>The Songs of Bilitis</title_without_series>
<link><![CDATA[https://www.goodreads.com/book/show/83071.The_Songs_of_Bilitis]]></link>
<small_image_url><![CDATA[https://images.gr-assets.com/books/1328869105s/83071.jpg]]></small_image_url>
<image_url><![CDATA[https://images.gr-assets.com/books/1328869105m/83071.jpg]]></image_url>
<num_pages>192</num_pages>
<work>
<id>80204</id>
</work>
<isbn>0486256707</isbn>
<isbn13>9780486256702</isbn13>
<average_rating>3.88</average_rating>
<ratings_count>153</ratings_count>
<publication_year>1988</publication_year>
<publication_month>6</publication_month>
<publication_day>1</publication_day>
<authors>
<author>
<id>47465</id>
<name>Pierre Louÿs</name>
<link><![CDATA[https://www.goodreads.com/author/show/47465.Pierre_Lou_s]]></link>
</author>
</authors>
</book>

          <book>
<id>179693</id>
<title><![CDATA[Aqua Erotica: 18 Stories for a Steamy Bath]]></title>
<title_without_series><![CDATA[Aqua Erotica: 18 Stories for a Steamy Bath]]></title_without_series>
<link><![CDATA[https://www.goodreads.com/book/show/179693.Aqua_Erotica]]></link>
<small_image_url><![CDATA[https://images.gr-assets.com/books/1320398273s/179693.jpg]]></small_image_url>
<image_url><![CDATA[https://images.gr-assets.com/books/1320398273m/179693.jpg]]></image_url>
<num_pages>208</num_pages>
<work>
<id>173610</id>
</work>
<isbn>0609806564</isbn>
<isbn13>9780609806562</isbn13>
<average_rating>3.56</average_rating>
<ratings_count>169</ratings_count>
<publication_year>2000</publication_year>
<publication_month>8</publication_month>
<publication_day>22</publication_day>
<authors>
<author>
<id>104676</id>
<name>Mary Anne Mohanraj</name>
<link><![CDATA[https://www.goodreads.com/author/show/104676.Mary_Anne_Mohanraj]]></link>
</author>
</authors>
</book>

          <book>
<id>1736303</id>
<title><![CDATA[Bound in Moonlight (Hidden Grotto #2)]]></title>
<title_without_series>Bound in Moonlight</title_without_series>
<link><![CDATA[https://www.goodreads.com/book/show/1736303.Bound_in_Moonlight]]></link>
<small_image_url><![CDATA[https://images.gr-assets.com/books/1320488453s/1736303.jpg]]></small_image_url>
<image_url><![CDATA[https://images.gr-assets.com/books/1320488453m/1736303.jpg]]></image_url>
<num_pages>336</num_pages>
<work>
<id>1733851</id>
</work>
<isbn>0553384139</isbn>
<isbn13>9780553384130</isbn13>
<average_rating>4.03</average_rating>
<ratings_count>264</ratings_count>
<publication_year>2007</publication_year>
<publication_month>12</publication_month>
<publication_day>26</publication_day>
<authors>
<author>
<id>62840</id>
<name>Louisa Burton</name>
<link><![CDATA[https://www.goodreads.com/author/show/62840.Louisa_Burton]]></link>
</author>
</authors>
</book>

          <book>
<id>88474</id>
<title>Forbidden Flowers</title>
<title_without_series>Forbidden Flowers</title_without_series>
<link><![CDATA[https://www.goodreads.com/book/show/88474.Forbidden_Flowers]]></link>
<small_image_url><![CDATA[https://s.gr-assets.com/assets/nophoto/book/50x75-a91bf249278a81aabab721ef782c4a74.png]]></small_image_url>
<image_url><![CDATA[https://s.gr-assets.com/assets/nophoto/book/111x148-bcc042a9c91a29c1d680899eff700a03.png]]></image_url>
<num_pages>307</num_pages>
<work>
<id>1116679</id>
</work>
<isbn>0099462427</isbn>
<isbn13>9780099462422</isbn13>
<average_rating>3.67</average_rating>
<ratings_count>464</ratings_count>
<publication_year>1994</publication_year>
<publication_month>12</publication_month>
<publication_day>15</publication_day>
<authors>
<author>
<id>2042</id>
<name>Nancy Friday</name>
<link><![CDATA[https://www.goodreads.com/author/show/2042.Nancy_Friday]]></link>
</author>
</authors>
</book>

          <book>
<id>548146</id>
<title>Love For Lydia</title>
<title_without_series>Love For Lydia</title_without_series>
<link><![CDATA[https://www.goodreads.com/book/show/548146.Love_For_Lydia]]></link>
<small_image_url><![CDATA[https://images.gr-assets.com/books/1350921028s/548146.jpg]]></small_image_url>
<image_url><![CDATA[https://images.gr-assets.com/books/1350921028m/548146.jpg]]></image_url>
<num_pages>319</num_pages>
<work>
<id>535404</id>
</work>
<isbn>0863076955</isbn>
<isbn13>9780863076954</isbn13>
<average_rating>3.81</average_rating>
<ratings_count>364</ratings_count>
<publication_year>1988</publication_year>
<publication_month>1</publication_month>
<publication_day>1</publication_day>
<authors>
<author>
<id>87094</id>
<name>H.E. Bates</name>
<link><![CDATA[https://www.goodreads.com/author/show/87094.H_E_Bates]]></link>
</author>
</authors>
</book>

          <book>
<id>772008</id>
<title><![CDATA[My Secret Life: An Erotic Diary of Victorian London]]></title>
<title_without_series><![CDATA[My Secret Life: An Erotic Diary of Victorian London]]></title_without_series>
<link><![CDATA[https://www.goodreads.com/book/show/772008.My_Secret_Life]]></link>
<small_image_url><![CDATA[https://s.gr-assets.com/assets/nophoto/book/50x75-a91bf249278a81aabab721ef782c4a74.png]]></small_image_url>
<image_url><![CDATA[https://s.gr-assets.com/assets/nophoto/book/111x148-bcc042a9c91a29c1d680899eff700a03.png]]></image_url>
<num_pages>576</num_pages>
<work>
<id>121338</id>
</work>
<isbn>0451526023</isbn>
<isbn13>9780451526021</isbn13>
<average_rating>3.46</average_rating>
<ratings_count>309</ratings_count>
<publication_year>1996</publication_year>
<publication_month>4</publication_month>
<publication_day>1</publication_day>
<authors>
<author>
<id>274752</id>
<name>Henry Spencer Ashbee</name>
<link><![CDATA[https://www.goodreads.com/author/show/274752.Henry_Spencer_Ashbee]]></link>
</author>
</authors>
</book>

          <book>
<id>195144</id>
<title><![CDATA[Fanny Hill, or Memoirs of a Woman of Pleasure]]></title>
<title_without_series><![CDATA[Fanny Hill, or Memoirs of a Woman of Pleasure]]></title_without_series>
<link><![CDATA[https://www.goodreads.com/book/show/195144.Fanny_Hill_or_Memoirs_of_a_Woman_of_Pleasure]]></link>
<small_image_url><![CDATA[https://images.gr-assets.com/books/1356455533s/195144.jpg]]></small_image_url>
<image_url><![CDATA[https://images.gr-assets.com/books/1356455533m/195144.jpg]]></image_url>
<num_pages>224</num_pages>
<work>
<id>1041503</id>
</work>
<isbn>0140620885</isbn>
<isbn13>9780140620887</isbn13>
<average_rating>3.32</average_rating>
<ratings_count>8681</ratings_count>
<publication_year>1994</publication_year>
<publication_month></publication_month>
<publication_day></publication_day>
<authors>
<author>
<id>113780</id>
<name>John Cleland</name>
<link><![CDATA[https://www.goodreads.com/author/show/113780.John_Cleland]]></link>
</author>
</authors>
</book>

  </similar_books>
</book>

</GoodreadsResponse>