<?xml version="1.0" encoding="UTF-8"?>
<GoodreadsResponse>
  <Request>
    <authentication>true</authentication>
      <key><![CDATA[all_men_must_serve]]></key>
    <method><![CDATA[book_show]]></method>
  </Request>
  <book>
  <id>1105093</id>
  <title>Braveheart</title>
  <isbn><![CDATA[0671522817]]></isbn>
  <isbn13><![CDATA[9780671522810]]></isbn13>
  <asin><![CDATA[]]></asin>
  <kindle_asin><![CDATA[]]></kindle_asin>
  <marketplace_id><![CDATA[]]></marketplace_id>
  <country_code><![CDATA[GB]]></country_code>
  <image_url>https://s.gr-assets.com/assets/nophoto/book/111x148-bcc042a9c91a29c1d680899eff700a03.png</image_url>
  <small_image_url>https://s.gr-assets.com/assets/nophoto/book/50x75-a91bf249278a81aabab721ef782c4a74.png</small_image_url>
  <publication_year>1995</publication_year>
  <publication_month>12</publication_month>
  <publication_day>31</publication_day>
  <publisher>Pocket Books</publisher>
  <language_code>eng</language_code>
  <is_ebook>false</is_ebook>
  <description><![CDATA[<b>For love of country, for love of maiden, for love of freedom...he became the hammer and scourge of England.</b> <br /><p> <br />In one of history's darkest hours there arose from humble beginnings a man of courage and honor -- the likes of whom the world may never see again. Amid the color, pageantry, and violence of medieval Scotland unfurls the resplendent tale of the legendary William Wallace, farmer by birth, rebel by fate, who banded together his valiant army of Scots to crush the cruel tyranny of the English Plantagenet king. <br /></p><p> <br />Mel Gibson is William Wallace, the valiant highlander whose epic adventures changed the course of history. <br /></p>]]></description>
  <work>
  <id type="integer">205014</id>
  <books_count type="integer">23</books_count>
  <best_book_id type="integer">1105093</best_book_id>
  <reviews_count type="integer">13868</reviews_count>
  <ratings_sum type="integer">45403</ratings_sum>
  <ratings_count type="integer">10842</ratings_count>
  <text_reviews_count type="integer">76</text_reviews_count>
  <original_publication_year type="integer">1995</original_publication_year>
  <original_publication_month type="integer" nil="true"/>
  <original_publication_day type="integer" nil="true"/>
  <original_title>Braveheart</original_title>
  <original_language_id type="integer" nil="true"/>
  <media_type>book</media_type>
  <rating_dist>5:5277|4:3232|3:1642|2:473|1:218|total:10842</rating_dist>
  <desc_user_id type="integer" nil="true"/>
  <default_chaptering_book_id type="integer" nil="true"/>
  <default_description_language_code nil="true"/>
</work>
  <average_rating>4.19</average_rating>
  <num_pages><![CDATA[277]]></num_pages>
  <format><![CDATA[Paperback]]></format>
  <edition_information><![CDATA[]]></edition_information>
  <ratings_count><![CDATA[10734]]></ratings_count>
  <text_reviews_count><![CDATA[71]]></text_reviews_count>
  <url><![CDATA[https://www.goodreads.com/book/show/1105093.Braveheart]]></url>
  <link><![CDATA[https://www.goodreads.com/book/show/1105093.Braveheart]]></link>
  <authors>
<author>
<id>124049</id>
<name>Randall Wallace</name>
<role></role>
<image_url nophoto='true'>
<![CDATA[https://s.gr-assets.com/assets/nophoto/user/u_200x266-e183445fd1a1b5cc7075bb1cf7043306.png]]>
</image_url>
<small_image_url nophoto='true'>
<![CDATA[https://s.gr-assets.com/assets/nophoto/user/u_50x66-632230dc9882b4352d753eedf9396530.png]]>
</small_image_url>
<link><![CDATA[https://www.goodreads.com/author/show/124049.Randall_Wallace]]></link>
<average_rating>4.16</average_rating>
<ratings_count>12969</ratings_count>
<text_reviews_count>289</text_reviews_count>
</author>
</authors>

    <reviews_widget>
      <![CDATA[
        <style>
  #goodreads-widget {
    font-family: georgia, serif;
    padding: 18px 0;
    width:565px;
  }
  #goodreads-widget h1 {
    font-weight:normal;
    font-size: 16px;
    border-bottom: 1px solid #BBB596;
    margin-bottom: 0;
  }
  #goodreads-widget a {
    text-decoration: none;
    color:#660;
  }
  iframe{
    background-color: #fff;
  }
  #goodreads-widget a:hover { text-decoration: underline; }
  #goodreads-widget a:active {
    color:#660;
  }
  #gr_footer {
    width: 100%;
    border-top: 1px solid #BBB596;
    text-align: right;
  }
  #goodreads-widget .gr_branding{
    color: #382110;
    font-size: 11px;
    text-decoration: none;
    font-family: "Helvetica Neue", Helvetica, Arial, sans-serif;
  }
</style>
<div id="goodreads-widget">
  <div id="gr_header"><h1><a rel="nofollow" href="https://www.goodreads.com/book/show/1105093.Braveheart">Braveheart Reviews</a></h1></div>
  <iframe id="the_iframe" src="https://www.goodreads.com/api/reviews_widget_iframe?did=DEVELOPER_ID&amp;format=html&amp;isbn=0671522817&amp;links=660&amp;min_rating=&amp;review_back=fff&amp;stars=000&amp;text=000" width="565" height="400" frameborder="0"></iframe>
  <div id="gr_footer">
    <a class="gr_branding" target="_blank" rel="nofollow" href="https://www.goodreads.com/book/show/1105093.Braveheart?utm_medium=api&amp;utm_source=reviews_widget">Reviews from Goodreads.com</a>
  </div>
</div>

      ]]>
    </reviews_widget>
  <popular_shelves>
      <shelf name="to-read" count="2731"/>
      <shelf name="historical-fiction" count="72"/>
      <shelf name="fiction" count="39"/>
      <shelf name="movies" count="35"/>
      <shelf name="historical" count="20"/>
      <shelf name="currently-reading" count="19"/>
      <shelf name="favorites" count="15"/>
      <shelf name="movie" count="14"/>
      <shelf name="adventure" count="13"/>
      <shelf name="history" count="12"/>
      <shelf name="classics" count="12"/>
      <shelf name="default" count="10"/>
      <shelf name="books-i-own" count="8"/>
      <shelf name="watched" count="7"/>
      <shelf name="romance" count="7"/>
      <shelf name="scotland" count="6"/>
      <shelf name="watched-the-movie" count="5"/>
      <shelf name="watched-as-a-movie" count="5"/>
      <shelf name="seen-the-movie" count="5"/>
      <shelf name="action-adventure" count="4"/>
      <shelf name="adult" count="4"/>
      <shelf name="i-only-watched-the-movie" count="4"/>
      <shelf name="owned" count="4"/>
      <shelf name="films" count="4"/>
      <shelf name="non-fiction" count="4"/>
      <shelf name="fantasy" count="4"/>
      <shelf name="saw-the-movie" count="4"/>
      <shelf name="owned-books" count="4"/>
      <shelf name="war" count="4"/>
      <shelf name="drama" count="4"/>
      <shelf name="biography" count="4"/>
      <shelf name="braveheart" count="3"/>
      <shelf name="english" count="3"/>
      <shelf name="movie-books" count="3"/>
      <shelf name="action" count="3"/>
      <shelf name="novels" count="3"/>
      <shelf name="only-watched-the-movie" count="3"/>
      <shelf name="wish-list" count="3"/>
      <shelf name="book-to-movie" count="3"/>
      <shelf name="just-seen-as-a-movie" count="3"/>
      <shelf name="randall-wallace" count="3"/>
      <shelf name="literature" count="3"/>
      <shelf name="cinema" count="3"/>
      <shelf name="to-read-need-to-buy" count="2"/>
      <shelf name="collection" count="2"/>
      <shelf name="teaching" count="2"/>
      <shelf name="interested-in" count="2"/>
      <shelf name="novelizations" count="2"/>
      <shelf name="graded-readers" count="2"/>
      <shelf name="my-books" count="2"/>
      <shelf name="seen-on-screen" count="2"/>
      <shelf name="classics-to-read" count="2"/>
      <shelf name="classic" count="2"/>
      <shelf name="europe" count="2"/>
      <shelf name="أفلام" count="2"/>
      <shelf name="thriller" count="2"/>
      <shelf name="suspense" count="2"/>
      <shelf name="british" count="2"/>
      <shelf name="pdf" count="2"/>
      <shelf name="true-stories" count="2"/>
      <shelf name="seen-movie" count="2"/>
      <shelf name="medieval" count="2"/>
      <shelf name="freedom" count="2"/>
      <shelf name="library" count="2"/>
      <shelf name="books-that-are-movies" count="2"/>
      <shelf name="to-read-2" count="2"/>
      <shelf name="books-made-into-movies" count="2"/>
      <shelf name="my-collection" count="2"/>
      <shelf name="screenplay" count="2"/>
      <shelf name="media-tie-in" count="2"/>
      <shelf name="one-book" count="2"/>
      <shelf name="sword-and-musket" count="1"/>
      <shelf name="books-in-english" count="1"/>
      <shelf name="september-challenge" count="1"/>
      <shelf name="vaarakirjastot" count="1"/>
      <shelf name="00000" count="1"/>
      <shelf name="2-non-fiction" count="1"/>
      <shelf name="read-2017" count="1"/>
      <shelf name="watched-movie-based" count="1"/>
      <shelf name="stand-alones" count="1"/>
      <shelf name="gbg-pad-nov" count="1"/>
      <shelf name="war-and-real-life" count="1"/>
      <shelf name="reality-bites" count="1"/>
      <shelf name="pure-and-unadulterated-drama" count="1"/>
      <shelf name="page-to-screen" count="1"/>
      <shelf name="classical-and-cultural" count="1"/>
      <shelf name="miscellaneous-debris" count="1"/>
      <shelf name="knjižnica-ang" count="1"/>
      <shelf name="read-again" count="1"/>
      <shelf name="aikuisten" count="1"/>
      <shelf name="to-read-non-fiction" count="1"/>
      <shelf name="bibel" count="1"/>
      <shelf name="england" count="1"/>
      <shelf name="library-wishlist" count="1"/>
      <shelf name="worth-reading" count="1"/>
      <shelf name="1000s-1300s" count="1"/>
      <shelf name="fiction-non-fiction" count="1"/>
      <shelf name="fiction-historical-13th-century" count="1"/>
      <shelf name="مشاهدة" count="1"/>
      <shelf name="adopted-works" count="1"/>
  </popular_shelves>
  <book_links>
    <book_link>
  <id>8</id>
  <name>Libraries</name>
  <link>https://www.goodreads.com/book_link/follow/8</link>
</book_link>

  </book_links>
  <buy_links>
    <buy_link>
<id>1</id>
<name>Amazon</name>
<link>https://www.goodreads.com/book_link/follow/1</link>
</buy_link>
<buy_link>
<id>10</id>
<name>Audible</name>
<link>https://www.goodreads.com/book_link/follow/10</link>
</buy_link>
<buy_link>
<id>3</id>
<name>Barnes &amp; Noble</name>
<link>https://www.goodreads.com/book_link/follow/3</link>
</buy_link>
<buy_link>
<id>1027</id>
<name>Kobo</name>
<link>https://www.goodreads.com/book_link/follow/1027</link>
</buy_link>
<buy_link>
<id>2102</id>
<name>Apple iBooks</name>
<link>https://www.goodreads.com/book_link/follow/2102</link>
</buy_link>
<buy_link>
<id>8036</id>
<name>Google Play</name>
<link>https://www.goodreads.com/book_link/follow/8036</link>
</buy_link>
<buy_link>
<id>4</id>
<name>Abebooks</name>
<link>https://www.goodreads.com/book_link/follow/4</link>
</buy_link>
<buy_link>
<id>882</id>
<name>Book Depository</name>
<link>https://www.goodreads.com/book_link/follow/882</link>
</buy_link>
<buy_link>
<id>9</id>
<name>Indigo</name>
<link>https://www.goodreads.com/book_link/follow/9</link>
</buy_link>
<buy_link>
<id>2</id>
<name>Half.com</name>
<link>https://www.goodreads.com/book_link/follow/2</link>
</buy_link>
<buy_link>
<id>5</id>
<name>Alibris</name>
<link>https://www.goodreads.com/book_link/follow/5</link>
</buy_link>
<buy_link>
<id>107</id>
<name>Better World Books</name>
<link>https://www.goodreads.com/book_link/follow/107</link>
</buy_link>
<buy_link>
<id>7</id>
<name>IndieBound</name>
<link>https://www.goodreads.com/book_link/follow/7</link>
</buy_link>

  </buy_links>
  <series_works>
    
  </series_works>
  <similar_books>
          <book>
<id>142229</id>
<title>Home Alone</title>
<title_without_series>Home Alone</title_without_series>
<link><![CDATA[https://www.goodreads.com/book/show/142229.Home_Alone]]></link>
<small_image_url><![CDATA[https://images.gr-assets.com/books/1257350509s/142229.jpg]]></small_image_url>
<image_url><![CDATA[https://images.gr-assets.com/books/1257350509m/142229.jpg]]></image_url>
<num_pages>32</num_pages>
<work>
<id>137179</id>
</work>
<isbn>059045207X</isbn>
<isbn13>9780590452076</isbn13>
<average_rating>4.17</average_rating>
<ratings_count>600</ratings_count>
<publication_year>1990</publication_year>
<publication_month>12</publication_month>
<publication_day>31</publication_day>
<authors>
<author>
<id>3011347</id>
<name>John  Hughes</name>
<link><![CDATA[https://www.goodreads.com/author/show/3011347.John_Hughes]]></link>
</author>
</authors>
</book>

          <book>
<id>843550</id>
<title>Shrek!</title>
<title_without_series>Shrek!</title_without_series>
<link><![CDATA[https://www.goodreads.com/book/show/843550.Shrek_]]></link>
<small_image_url><![CDATA[https://s.gr-assets.com/assets/nophoto/book/50x75-a91bf249278a81aabab721ef782c4a74.png]]></small_image_url>
<image_url><![CDATA[https://s.gr-assets.com/assets/nophoto/book/111x148-bcc042a9c91a29c1d680899eff700a03.png]]></image_url>
<num_pages>32</num_pages>
<work>
<id>145434</id>
</work>
<isbn>0374466238</isbn>
<isbn13>9780374466237</isbn13>
<average_rating>3.78</average_rating>
<ratings_count>3535</ratings_count>
<publication_year>1993</publication_year>
<publication_month>9</publication_month>
<publication_day>1</publication_day>
<authors>
<author>
<id>26874</id>
<name>William Steig</name>
<link><![CDATA[https://www.goodreads.com/author/show/26874.William_Steig]]></link>
</author>
</authors>
</book>

          <book>
<id>8565270</id>
<title><![CDATA[Inception: The Shooting Script]]></title>
<title_without_series><![CDATA[Inception: The Shooting Script]]></title_without_series>
<link><![CDATA[https://www.goodreads.com/book/show/8565270-inception]]></link>
<small_image_url><![CDATA[https://s.gr-assets.com/assets/nophoto/book/50x75-a91bf249278a81aabab721ef782c4a74.png]]></small_image_url>
<image_url><![CDATA[https://s.gr-assets.com/assets/nophoto/book/111x148-bcc042a9c91a29c1d680899eff700a03.png]]></image_url>
<num_pages>239</num_pages>
<work>
<id>13433807</id>
</work>
<isbn>1608870154</isbn>
<isbn13>9781608870158</isbn13>
<average_rating>4.29</average_rating>
<ratings_count>2565</ratings_count>
<publication_year></publication_year>
<publication_month></publication_month>
<publication_day></publication_day>
<authors>
<author>
<id>3044804</id>
<name>Christopher J. Nolan</name>
<link><![CDATA[https://www.goodreads.com/author/show/3044804.Christopher_J_Nolan]]></link>
</author>
</authors>
</book>

          <book>
<id>543339</id>
<title><![CDATA[Dances with Wolves (Dances with Wolves, #1)]]></title>
<title_without_series>Dances with Wolves</title_without_series>
<link><![CDATA[https://www.goodreads.com/book/show/543339.Dances_with_Wolves]]></link>
<small_image_url><![CDATA[https://s.gr-assets.com/assets/nophoto/book/50x75-a91bf249278a81aabab721ef782c4a74.png]]></small_image_url>
<image_url><![CDATA[https://s.gr-assets.com/assets/nophoto/book/111x148-bcc042a9c91a29c1d680899eff700a03.png]]></image_url>
<num_pages>304</num_pages>
<work>
<id>2935487</id>
</work>
<isbn>0449000753</isbn>
<isbn13>9780449000755</isbn13>
<average_rating>4.19</average_rating>
<ratings_count>20387</ratings_count>
<publication_year>1997</publication_year>
<publication_month>11</publication_month>
<publication_day>1</publication_day>
<authors>
<author>
<id>33295</id>
<name>Michael Blake</name>
<link><![CDATA[https://www.goodreads.com/author/show/33295.Michael_Blake]]></link>
</author>
</authors>
</book>

          <book>
<id>1088704</id>
<title>Sleeping with the Enemy</title>
<title_without_series>Sleeping with the Enemy</title_without_series>
<link><![CDATA[https://www.goodreads.com/book/show/1088704.Sleeping_with_the_Enemy]]></link>
<small_image_url><![CDATA[https://images.gr-assets.com/books/1411004528s/1088704.jpg]]></small_image_url>
<image_url><![CDATA[https://images.gr-assets.com/books/1411004528m/1088704.jpg]]></image_url>
<num_pages>309</num_pages>
<work>
<id>1075496</id>
</work>
<isbn>0425127923</isbn>
<isbn13>9780425127926</isbn13>
<average_rating>4.00</average_rating>
<ratings_count>7353</ratings_count>
<publication_year>1991</publication_year>
<publication_month>2</publication_month>
<publication_day>1</publication_day>
<authors>
<author>
<id>7076688</id>
<name>Nancy     Price</name>
<link><![CDATA[https://www.goodreads.com/author/show/7076688.Nancy_Price]]></link>
</author>
</authors>
</book>

          <book>
<id>142227</id>
<title><![CDATA[Home Alone 2: Lost in New York]]></title>
<title_without_series><![CDATA[Home Alone 2: Lost in New York]]></title_without_series>
<link><![CDATA[https://www.goodreads.com/book/show/142227.Home_Alone_2]]></link>
<small_image_url><![CDATA[https://s.gr-assets.com/assets/nophoto/book/50x75-a91bf249278a81aabab721ef782c4a74.png]]></small_image_url>
<image_url><![CDATA[https://s.gr-assets.com/assets/nophoto/book/111x148-bcc042a9c91a29c1d680899eff700a03.png]]></image_url>
<num_pages></num_pages>
<work>
<id>137177</id>
</work>
<isbn>0590457179</isbn>
<isbn13>9780590457170</isbn13>
<average_rating>4.08</average_rating>
<ratings_count>699</ratings_count>
<publication_year>1992</publication_year>
<publication_month>11</publication_month>
<publication_day>1</publication_day>
<authors>
<author>
<id>31468</id>
<name>Todd Strasser</name>
<link><![CDATA[https://www.goodreads.com/author/show/31468.Todd_Strasser]]></link>
</author>
</authors>
</book>

          <book>
<id>17924</id>
<title><![CDATA[Shakespeare in Love: A Screenplay]]></title>
<title_without_series><![CDATA[Shakespeare in Love: A Screenplay]]></title_without_series>
<link><![CDATA[https://www.goodreads.com/book/show/17924.Shakespeare_in_Love]]></link>
<small_image_url><![CDATA[https://s.gr-assets.com/assets/nophoto/book/50x75-a91bf249278a81aabab721ef782c4a74.png]]></small_image_url>
<image_url><![CDATA[https://s.gr-assets.com/assets/nophoto/book/111x148-bcc042a9c91a29c1d680899eff700a03.png]]></image_url>
<num_pages>176</num_pages>
<work>
<id>19414</id>
</work>
<isbn>0786884851</isbn>
<isbn13>9780786884858</isbn13>
<average_rating>4.00</average_rating>
<ratings_count>4574</ratings_count>
<publication_year>1999</publication_year>
<publication_month>3</publication_month>
<publication_day>3</publication_day>
<authors>
<author>
<id>10841</id>
<name>Marc Norman</name>
<link><![CDATA[https://www.goodreads.com/author/show/10841.Marc_Norman]]></link>
</author>
</authors>
</book>

          <book>
<id>37379</id>
<title>The Night at the Museum</title>
<title_without_series>The Night at the Museum</title_without_series>
<link><![CDATA[https://www.goodreads.com/book/show/37379.The_Night_at_the_Museum]]></link>
<small_image_url><![CDATA[https://s.gr-assets.com/assets/nophoto/book/50x75-a91bf249278a81aabab721ef782c4a74.png]]></small_image_url>
<image_url><![CDATA[https://s.gr-assets.com/assets/nophoto/book/111x148-bcc042a9c91a29c1d680899eff700a03.png]]></image_url>
<num_pages>32</num_pages>
<work>
<id>37264</id>
</work>
<isbn>0764136313</isbn>
<isbn13>9780764136313</isbn13>
<average_rating>3.84</average_rating>
<ratings_count>658</ratings_count>
<publication_year>2006</publication_year>
<publication_month>11</publication_month>
<publication_day>1</publication_day>
<authors>
<author>
<id>21008</id>
<name>Milan Trenc</name>
<link><![CDATA[https://www.goodreads.com/author/show/21008.Milan_Trenc]]></link>
</author>
</authors>
</book>

          <book>
<id>1073574</id>
<title><![CDATA[Million Dollar Baby: Stories from the Corner]]></title>
<title_without_series><![CDATA[Million Dollar Baby: Stories from the Corner]]></title_without_series>
<link><![CDATA[https://www.goodreads.com/book/show/1073574.Million_Dollar_Baby]]></link>
<small_image_url><![CDATA[https://s.gr-assets.com/assets/nophoto/book/50x75-a91bf249278a81aabab721ef782c4a74.png]]></small_image_url>
<image_url><![CDATA[https://s.gr-assets.com/assets/nophoto/book/111x148-bcc042a9c91a29c1d680899eff700a03.png]]></image_url>
<num_pages>235</num_pages>
<work>
<id>1060269</id>
</work>
<isbn>006081926X</isbn>
<isbn13>9780060819262</isbn13>
<average_rating>4.07</average_rating>
<ratings_count>4199</ratings_count>
<publication_year></publication_year>
<publication_month></publication_month>
<publication_day></publication_day>
<authors>
<author>
<id>169610</id>
<name>F.X. Toole</name>
<link><![CDATA[https://www.goodreads.com/author/show/169610.F_X_Toole]]></link>
</author>
</authors>
</book>

          <book>
<id>248760</id>
<title>The Devil&apos;s Advocate</title>
<title_without_series>The Devil&apos;s Advocate</title_without_series>
<link><![CDATA[https://www.goodreads.com/book/show/248760.The_Devil_s_Advocate]]></link>
<small_image_url><![CDATA[https://s.gr-assets.com/assets/nophoto/book/50x75-a91bf249278a81aabab721ef782c4a74.png]]></small_image_url>
<image_url><![CDATA[https://s.gr-assets.com/assets/nophoto/book/111x148-bcc042a9c91a29c1d680899eff700a03.png]]></image_url>
<num_pages>336</num_pages>
<work>
<id>241036</id>
</work>
<isbn>0671014102</isbn>
<isbn13>9780671014100</isbn13>
<average_rating>3.97</average_rating>
<ratings_count>5768</ratings_count>
<publication_year>2003</publication_year>
<publication_month>7</publication_month>
<publication_day>1</publication_day>
<authors>
<author>
<id>145370</id>
<name>Andrew Neiderman</name>
<link><![CDATA[https://www.goodreads.com/author/show/145370.Andrew_Neiderman]]></link>
</author>
</authors>
</book>

          <book>
<id>222133</id>
<title>The Matrix</title>
<title_without_series>The Matrix</title_without_series>
<link><![CDATA[https://www.goodreads.com/book/show/222133.The_Matrix]]></link>
<small_image_url><![CDATA[https://s.gr-assets.com/assets/nophoto/book/50x75-a91bf249278a81aabab721ef782c4a74.png]]></small_image_url>
<image_url><![CDATA[https://s.gr-assets.com/assets/nophoto/book/111x148-bcc042a9c91a29c1d680899eff700a03.png]]></image_url>
<num_pages>96</num_pages>
<work>
<id>215120</id>
</work>
<isbn>1844570452</isbn>
<isbn13>9781844570454</isbn13>
<average_rating>4.12</average_rating>
<ratings_count>1105</ratings_count>
<publication_year>2007</publication_year>
<publication_month>6</publication_month>
<publication_day>12</publication_day>
<authors>
<author>
<id>72119</id>
<name>Joshua Clover</name>
<link><![CDATA[https://www.goodreads.com/author/show/72119.Joshua_Clover]]></link>
</author>
</authors>
</book>

          <book>
<id>28927</id>
<title><![CDATA[A Beautiful Mind: The Shooting Script]]></title>
<title_without_series><![CDATA[A Beautiful Mind: The Shooting Script]]></title_without_series>
<link><![CDATA[https://www.goodreads.com/book/show/28927.A_Beautiful_Mind]]></link>
<small_image_url><![CDATA[https://s.gr-assets.com/assets/nophoto/book/50x75-a91bf249278a81aabab721ef782c4a74.png]]></small_image_url>
<image_url><![CDATA[https://s.gr-assets.com/assets/nophoto/book/111x148-bcc042a9c91a29c1d680899eff700a03.png]]></image_url>
<num_pages>160</num_pages>
<work>
<id>29404</id>
</work>
<isbn>1557045267</isbn>
<isbn13>9781557045263</isbn13>
<average_rating>4.40</average_rating>
<ratings_count>1419</ratings_count>
<publication_year>2002</publication_year>
<publication_month>1</publication_month>
<publication_day>25</publication_day>
<authors>
<author>
<id>2925</id>
<name>Akiva Goldsman</name>
<link><![CDATA[https://www.goodreads.com/author/show/2925.Akiva_Goldsman]]></link>
</author>
</authors>
</book>

          <book>
<id>5812</id>
<title>V for Vendetta</title>
<title_without_series>V for Vendetta</title_without_series>
<link><![CDATA[https://www.goodreads.com/book/show/5812.V_for_Vendetta]]></link>
<small_image_url><![CDATA[https://images.gr-assets.com/books/1289082533s/5812.jpg]]></small_image_url>
<image_url><![CDATA[https://images.gr-assets.com/books/1289082533m/5812.jpg]]></image_url>
<num_pages>358</num_pages>
<work>
<id>20266337</id>
</work>
<isbn>1416516999</isbn>
<isbn13>9781416516996</isbn13>
<average_rating>4.13</average_rating>
<ratings_count>2782</ratings_count>
<publication_year>2006</publication_year>
<publication_month>3</publication_month>
<publication_day>1</publication_day>
<authors>
<author>
<id>3967</id>
<name>Steve Moore</name>
<link><![CDATA[https://www.goodreads.com/author/show/3967.Steve_Moore]]></link>
</author>
</authors>
</book>

          <book>
<id>237364</id>
<title>Rain Man</title>
<title_without_series>Rain Man</title_without_series>
<link><![CDATA[https://www.goodreads.com/book/show/237364.Rain_Man]]></link>
<small_image_url><![CDATA[https://s.gr-assets.com/assets/nophoto/book/50x75-a91bf249278a81aabab721ef782c4a74.png]]></small_image_url>
<image_url><![CDATA[https://s.gr-assets.com/assets/nophoto/book/111x148-bcc042a9c91a29c1d680899eff700a03.png]]></image_url>
<num_pages>41</num_pages>
<work>
<id>229914</id>
</work>
<isbn>0582417856</isbn>
<isbn13>9780582417854</isbn13>
<average_rating>4.31</average_rating>
<ratings_count>4037</ratings_count>
<publication_year>2000</publication_year>
<publication_month>5</publication_month>
<publication_day>9</publication_day>
<authors>
<author>
<id>24210</id>
<name>Leonore Fleischer</name>
<link><![CDATA[https://www.goodreads.com/author/show/24210.Leonore_Fleischer]]></link>
</author>
</authors>
</book>

          <book>
<id>225706</id>
<title><![CDATA[E.T. the Extra-Terrestrial in His Adventure on Earth]]></title>
<title_without_series><![CDATA[E.T. the Extra-Terrestrial in His Adventure on Earth]]></title_without_series>
<link><![CDATA[https://www.goodreads.com/book/show/225706.E_T_the_Extra_Terrestrial_in_His_Adventure_on_Earth]]></link>
<small_image_url><![CDATA[https://images.gr-assets.com/books/1370996765s/225706.jpg]]></small_image_url>
<image_url><![CDATA[https://images.gr-assets.com/books/1370996765m/225706.jpg]]></image_url>
<num_pages>246</num_pages>
<work>
<id>1555097</id>
</work>
<isbn>0425054535</isbn>
<isbn13>9780425054536</isbn13>
<average_rating>4.17</average_rating>
<ratings_count>8728</ratings_count>
<publication_year>1982</publication_year>
<publication_month>6</publication_month>
<publication_day>1</publication_day>
<authors>
<author>
<id>34872</id>
<name>William Kotzwinkle</name>
<link><![CDATA[https://www.goodreads.com/author/show/34872.William_Kotzwinkle]]></link>
</author>
</authors>
</book>

          <book>
<id>597251</id>
<title>The Poseidon Adventure</title>
<title_without_series>The Poseidon Adventure</title_without_series>
<link><![CDATA[https://www.goodreads.com/book/show/597251.The_Poseidon_Adventure]]></link>
<small_image_url><![CDATA[https://s.gr-assets.com/assets/nophoto/book/50x75-a91bf249278a81aabab721ef782c4a74.png]]></small_image_url>
<image_url><![CDATA[https://s.gr-assets.com/assets/nophoto/book/111x148-bcc042a9c91a29c1d680899eff700a03.png]]></image_url>
<num_pages>480</num_pages>
<work>
<id>2019504</id>
</work>
<isbn>0099504189</isbn>
<isbn13>9780099504184</isbn13>
<average_rating>3.91</average_rating>
<ratings_count>6874</ratings_count>
<publication_year></publication_year>
<publication_month></publication_month>
<publication_day></publication_day>
<authors>
<author>
<id>92064</id>
<name>Paul Gallico</name>
<link><![CDATA[https://www.goodreads.com/author/show/92064.Paul_Gallico]]></link>
</author>
</authors>
</book>

          <book>
<id>39987</id>
<title><![CDATA[Nanny Mcphee: The Collected Tales of Nurse Matilda]]></title>
<title_without_series><![CDATA[Nanny Mcphee: The Collected Tales of Nurse Matilda]]></title_without_series>
<link><![CDATA[https://www.goodreads.com/book/show/39987.Nanny_Mcphee]]></link>
<small_image_url><![CDATA[https://s.gr-assets.com/assets/nophoto/book/50x75-a91bf249278a81aabab721ef782c4a74.png]]></small_image_url>
<image_url><![CDATA[https://s.gr-assets.com/assets/nophoto/book/111x148-bcc042a9c91a29c1d680899eff700a03.png]]></image_url>
<num_pages></num_pages>
<work>
<id>3829365</id>
</work>
<isbn>1582346712</isbn>
<isbn13>9781582346717</isbn13>
<average_rating>3.84</average_rating>
<ratings_count>2172</ratings_count>
<publication_year></publication_year>
<publication_month></publication_month>
<publication_day></publication_day>
<authors>
<author>
<id>22421</id>
<name>Christianna Brand</name>
<link><![CDATA[https://www.goodreads.com/author/show/22421.Christianna_Brand]]></link>
</author>
</authors>
</book>

          <book>
<id>280031</id>
<title><![CDATA[The Truman Show: The Shooting Script]]></title>
<title_without_series><![CDATA[The Truman Show: The Shooting Script]]></title_without_series>
<link><![CDATA[https://www.goodreads.com/book/show/280031.The_Truman_Show]]></link>
<small_image_url><![CDATA[https://images.gr-assets.com/books/1328756278s/280031.jpg]]></small_image_url>
<image_url><![CDATA[https://images.gr-assets.com/books/1328756278m/280031.jpg]]></image_url>
<num_pages>107</num_pages>
<work>
<id>271629</id>
</work>
<isbn>1557043671</isbn>
<isbn13>9781557043672</isbn13>
<average_rating>3.84</average_rating>
<ratings_count>919</ratings_count>
<publication_year>1998</publication_year>
<publication_month>6</publication_month>
<publication_day>1</publication_day>
<authors>
<author>
<id>162940</id>
<name>Andrew Niccol</name>
<link><![CDATA[https://www.goodreads.com/author/show/162940.Andrew_Niccol]]></link>
</author>
</authors>
</book>

  </similar_books>
</book>

</GoodreadsResponse>