<?xml version="1.0" encoding="UTF-8"?>
<GoodreadsResponse>
  <Request>
    <authentication>true</authentication>
      <key><![CDATA[all_men_must_serve]]></key>
    <method><![CDATA[book_show]]></method>
  </Request>
  <book>
  <id>11077</id>
  <title><![CDATA[The Sex Lives of Cannibals: Adrift in the Equatorial Pacific]]></title>
  <isbn><![CDATA[0767915305]]></isbn>
  <isbn13><![CDATA[9780767915304]]></isbn13>
  <asin><![CDATA[]]></asin>
  <kindle_asin><![CDATA[]]></kindle_asin>
  <marketplace_id><![CDATA[]]></marketplace_id>
  <country_code><![CDATA[GB]]></country_code>
  <image_url>https://s.gr-assets.com/assets/nophoto/book/111x148-bcc042a9c91a29c1d680899eff700a03.png</image_url>
  <small_image_url>https://s.gr-assets.com/assets/nophoto/book/50x75-a91bf249278a81aabab721ef782c4a74.png</small_image_url>
  <publication_year></publication_year>
  <publication_month></publication_month>
  <publication_day></publication_day>
  <publisher></publisher>
  <language_code>eng</language_code>
  <is_ebook>false</is_ebook>
  <description><![CDATA[Fantasized about quitting the 9-5? Walking away from credit card debt and student loans? Think living in the South Pacific for two years sounds like a perfect solution and perhaps even a winning idea for your first novel? Maarten Troost does just that, setting up as a devil-may-care islander while his girlfriend, Sylvia, gets to work on saving the planet, or at least a little part of it on an end-of-the-world atoll, Tarawa.<br /><br /><br />Life on Tarawa resembles not so much paradise as a theatre of the absurd where planes fly with the aid of masking tape, Coconut Stalinism prevails as national government and Sylvia is co-opted by the CIA to spy on the Chinese. But abandoning continental hang-ups like barbequeing the local dogs and watching on as international industrial fishing trawlers plunder the world's richest tuna supply aren't so easy. Perhaps only by following the locals and letting go, one just might find a better way to live...]]></description>
  <work>
  <id type="integer">713460</id>
  <books_count type="integer">26</books_count>
  <best_book_id type="integer">11077</best_book_id>
  <reviews_count type="integer">31500</reviews_count>
  <ratings_sum type="integer">68542</ratings_sum>
  <ratings_count type="integer">17722</ratings_count>
  <text_reviews_count type="integer">2017</text_reviews_count>
  <original_publication_year type="integer">2003</original_publication_year>
  <original_publication_month type="integer">6</original_publication_month>
  <original_publication_day type="integer">8</original_publication_day>
  <original_title>The Sex Lives of Cannibals: Adrift in the Equatorial Pacific</original_title>
  <original_language_id type="integer" nil="true"/>
  <media_type>book</media_type>
  <rating_dist>5:5043|4:7031|3:4239|2:1077|1:332|total:17722</rating_dist>
  <desc_user_id type="integer">-57</desc_user_id>
  <default_chaptering_book_id type="integer" nil="true"/>
  <default_description_language_code nil="true"/>
</work>
  <average_rating>3.87</average_rating>
  <num_pages><![CDATA[272]]></num_pages>
  <format><![CDATA[]]></format>
  <edition_information><![CDATA[]]></edition_information>
  <ratings_count><![CDATA[16962]]></ratings_count>
  <text_reviews_count><![CDATA[1927]]></text_reviews_count>
  <url><![CDATA[https://www.goodreads.com/book/show/11077.The_Sex_Lives_of_Cannibals]]></url>
  <link><![CDATA[https://www.goodreads.com/book/show/11077.The_Sex_Lives_of_Cannibals]]></link>
  <authors>
<author>
<id>7209</id>
<name>J. Maarten Troost</name>
<role></role>
<image_url nophoto='false'>
<![CDATA[https://images.gr-assets.com/authors/1374207049p5/7209.jpg]]>
</image_url>
<small_image_url nophoto='false'>
<![CDATA[https://images.gr-assets.com/authors/1374207049p2/7209.jpg]]>
</small_image_url>
<link><![CDATA[https://www.goodreads.com/author/show/7209.J_Maarten_Troost]]></link>
<average_rating>3.83</average_rating>
<ratings_count>38756</ratings_count>
<text_reviews_count>3766</text_reviews_count>
</author>
</authors>

    <reviews_widget>
      <![CDATA[
        <style>
  #goodreads-widget {
    font-family: georgia, serif;
    padding: 18px 0;
    width:565px;
  }
  #goodreads-widget h1 {
    font-weight:normal;
    font-size: 16px;
    border-bottom: 1px solid #BBB596;
    margin-bottom: 0;
  }
  #goodreads-widget a {
    text-decoration: none;
    color:#660;
  }
  iframe{
    background-color: #fff;
  }
  #goodreads-widget a:hover { text-decoration: underline; }
  #goodreads-widget a:active {
    color:#660;
  }
  #gr_footer {
    width: 100%;
    border-top: 1px solid #BBB596;
    text-align: right;
  }
  #goodreads-widget .gr_branding{
    color: #382110;
    font-size: 11px;
    text-decoration: none;
    font-family: "Helvetica Neue", Helvetica, Arial, sans-serif;
  }
</style>
<div id="goodreads-widget">
  <div id="gr_header"><h1><a rel="nofollow" href="https://www.goodreads.com/book/show/11077.The_Sex_Lives_of_Cannibals">The Sex Lives of Cannibals Reviews</a></h1></div>
  <iframe id="the_iframe" src="https://www.goodreads.com/api/reviews_widget_iframe?did=DEVELOPER_ID&amp;format=html&amp;isbn=0767915305&amp;links=660&amp;min_rating=&amp;review_back=fff&amp;stars=000&amp;text=000" width="565" height="400" frameborder="0"></iframe>
  <div id="gr_footer">
    <a class="gr_branding" target="_blank" rel="nofollow" href="https://www.goodreads.com/book/show/11077.The_Sex_Lives_of_Cannibals?utm_medium=api&amp;utm_source=reviews_widget">Reviews from Goodreads.com</a>
  </div>
</div>

      ]]>
    </reviews_widget>
  <popular_shelves>
      <shelf name="to-read" count="3854"/>
      <shelf name="non-fiction" count="431"/>
      <shelf name="humor" count="207"/>
      <shelf name="travel" count="192"/>
      <shelf name="memoir" count="185"/>
      <shelf name="nonfiction" count="181"/>
      <shelf name="favorites" count="123"/>
      <shelf name="book-club" count="81"/>
      <shelf name="currently-reading" count="68"/>
      <shelf name="biography" count="46"/>
      <shelf name="adventure" count="41"/>
      <shelf name="funny" count="41"/>
      <shelf name="owned" count="29"/>
      <shelf name="audiobook" count="29"/>
      <shelf name="audio" count="29"/>
      <shelf name="books-i-own" count="28"/>
      <shelf name="biography-memoir" count="28"/>
      <shelf name="fiction" count="27"/>
      <shelf name="travel-writing" count="26"/>
      <shelf name="comedy" count="22"/>
      <shelf name="south-pacific" count="20"/>
      <shelf name="kindle" count="19"/>
      <shelf name="travel-adventure" count="19"/>
      <shelf name="audiobooks" count="19"/>
      <shelf name="memoirs" count="18"/>
      <shelf name="humour" count="17"/>
      <shelf name="bookclub" count="17"/>
      <shelf name="library" count="15"/>
      <shelf name="oceania" count="14"/>
      <shelf name="pacific" count="13"/>
      <shelf name="travel-books" count="13"/>
      <shelf name="autobiography" count="13"/>
      <shelf name="travelogue" count="12"/>
      <shelf name="travelogues" count="11"/>
      <shelf name="memoir-biography" count="11"/>
      <shelf name="kiribati" count="10"/>
      <shelf name="default" count="10"/>
      <shelf name="around-the-world" count="10"/>
      <shelf name="adult" count="10"/>
      <shelf name="owned-books" count="9"/>
      <shelf name="to-buy" count="9"/>
      <shelf name="ebook" count="9"/>
      <shelf name="couldn-t-finish" count="9"/>
      <shelf name="my-library" count="9"/>
      <shelf name="anthropology" count="9"/>
      <shelf name="travel-lit" count="9"/>
      <shelf name="audible" count="8"/>
      <shelf name="pacific-islands" count="8"/>
      <shelf name="book-club-books" count="8"/>
      <shelf name="humorous" count="8"/>
      <shelf name="memoir-autobiography" count="8"/>
      <shelf name="abandoned" count="8"/>
      <shelf name="biographies" count="7"/>
      <shelf name="biographical" count="7"/>
      <shelf name="travel-memoirs" count="7"/>
      <shelf name="book-club-reads" count="7"/>
      <shelf name="travel-memoir" count="7"/>
      <shelf name="read-in-2009" count="7"/>
      <shelf name="asia" count="7"/>
      <shelf name="audio-books" count="6"/>
      <shelf name="biography-memoirs" count="6"/>
      <shelf name="nonfic" count="6"/>
      <shelf name="wanderlust" count="6"/>
      <shelf name="essays" count="6"/>
      <shelf name="audio-book" count="6"/>
      <shelf name="bio-memoir" count="6"/>
      <shelf name="read-in-2010" count="6"/>
      <shelf name="travels" count="6"/>
      <shelf name="memoirs-and-biographies" count="6"/>
      <shelf name="islands" count="6"/>
      <shelf name="contemporary" count="6"/>
      <shelf name="travel-narrative" count="6"/>
      <shelf name="culture" count="6"/>
      <shelf name="shelfari-favorites" count="5"/>
      <shelf name="my-books" count="5"/>
      <shelf name="finished" count="5"/>
      <shelf name="book-group" count="5"/>
      <shelf name="memoir-bio" count="5"/>
      <shelf name="read-in-2012" count="5"/>
      <shelf name="listened" count="5"/>
      <shelf name="favorite-books" count="5"/>
      <shelf name="ebooks" count="5"/>
      <shelf name="non-fiction-humor" count="5"/>
      <shelf name="e-books" count="5"/>
      <shelf name="international" count="5"/>
      <shelf name="did-not-finish" count="5"/>
      <shelf name="biographies-and-memoirs" count="5"/>
      <shelf name="2004" count="5"/>
      <shelf name="read-2009" count="5"/>
      <shelf name="bookcrossing" count="5"/>
      <shelf name="read-2017" count="4"/>
      <shelf name="school" count="4"/>
      <shelf name="read-in-2013" count="4"/>
      <shelf name="travel-narratives" count="4"/>
      <shelf name="i-own-it" count="4"/>
      <shelf name="library-book" count="4"/>
      <shelf name="misc" count="4"/>
      <shelf name="recommended" count="4"/>
      <shelf name="gave-up-on" count="4"/>
      <shelf name="have" count="4"/>
  </popular_shelves>
  <book_links>
    <book_link>
  <id>8</id>
  <name>Libraries</name>
  <link>https://www.goodreads.com/book_link/follow/8</link>
</book_link>

  </book_links>
  <buy_links>
    <buy_link>
<id>1</id>
<name>Amazon</name>
<link>https://www.goodreads.com/book_link/follow/1</link>
</buy_link>
<buy_link>
<id>10</id>
<name>Audible</name>
<link>https://www.goodreads.com/book_link/follow/10</link>
</buy_link>
<buy_link>
<id>3</id>
<name>Barnes &amp; Noble</name>
<link>https://www.goodreads.com/book_link/follow/3</link>
</buy_link>
<buy_link>
<id>1027</id>
<name>Kobo</name>
<link>https://www.goodreads.com/book_link/follow/1027</link>
</buy_link>
<buy_link>
<id>2102</id>
<name>Apple iBooks</name>
<link>https://www.goodreads.com/book_link/follow/2102</link>
</buy_link>
<buy_link>
<id>8036</id>
<name>Google Play</name>
<link>https://www.goodreads.com/book_link/follow/8036</link>
</buy_link>
<buy_link>
<id>4</id>
<name>Abebooks</name>
<link>https://www.goodreads.com/book_link/follow/4</link>
</buy_link>
<buy_link>
<id>882</id>
<name>Book Depository</name>
<link>https://www.goodreads.com/book_link/follow/882</link>
</buy_link>
<buy_link>
<id>9</id>
<name>Indigo</name>
<link>https://www.goodreads.com/book_link/follow/9</link>
</buy_link>
<buy_link>
<id>2</id>
<name>Half.com</name>
<link>https://www.goodreads.com/book_link/follow/2</link>
</buy_link>
<buy_link>
<id>5</id>
<name>Alibris</name>
<link>https://www.goodreads.com/book_link/follow/5</link>
</buy_link>
<buy_link>
<id>107</id>
<name>Better World Books</name>
<link>https://www.goodreads.com/book_link/follow/107</link>
</buy_link>
<buy_link>
<id>7</id>
<name>IndieBound</name>
<link>https://www.goodreads.com/book_link/follow/7</link>
</buy_link>

  </buy_links>
  <series_works>
    
  </series_works>
  <similar_books>
          <book>
<id>735389</id>
<title><![CDATA[The Bird Man and the Lap Dancer: Close Encounters with Strangers]]></title>
<title_without_series><![CDATA[The Bird Man and the Lap Dancer: Close Encounters with Strangers]]></title_without_series>
<link><![CDATA[https://www.goodreads.com/book/show/735389.The_Bird_Man_and_the_Lap_Dancer]]></link>
<small_image_url><![CDATA[https://images.gr-assets.com/books/1320434356s/735389.jpg]]></small_image_url>
<image_url><![CDATA[https://images.gr-assets.com/books/1320434356m/735389.jpg]]></image_url>
<num_pages>240</num_pages>
<work>
<id>721574</id>
</work>
<isbn>0679771824</isbn>
<isbn13>9780679771821</isbn13>
<average_rating>3.87</average_rating>
<ratings_count>451</ratings_count>
<publication_year>2005</publication_year>
<publication_month>10</publication_month>
<publication_day>18</publication_day>
<authors>
<author>
<id>9691</id>
<name>Eric Hansen</name>
<link><![CDATA[https://www.goodreads.com/author/show/9691.Eric_Hansen]]></link>
</author>
</authors>
</book>

          <book>
<id>324880</id>
<title><![CDATA[Pass the Butterworms: Remote Journeys Oddly Rendered]]></title>
<title_without_series><![CDATA[Pass the Butterworms: Remote Journeys Oddly Rendered]]></title_without_series>
<link><![CDATA[https://www.goodreads.com/book/show/324880.Pass_the_Butterworms]]></link>
<small_image_url><![CDATA[https://images.gr-assets.com/books/1403171329s/324880.jpg]]></small_image_url>
<image_url><![CDATA[https://images.gr-assets.com/books/1403171329m/324880.jpg]]></image_url>
<num_pages>304</num_pages>
<work>
<id>315567</id>
</work>
<isbn>0375701117</isbn>
<isbn13>9780375701115</isbn13>
<average_rating>3.91</average_rating>
<ratings_count>765</ratings_count>
<publication_year>1998</publication_year>
<publication_month>3</publication_month>
<publication_day>31</publication_day>
<authors>
<author>
<id>25126</id>
<name>Tim Cahill</name>
<link><![CDATA[https://www.goodreads.com/author/show/25126.Tim_Cahill]]></link>
</author>
</authors>
</book>

          <book>
<id>94529</id>
<title><![CDATA[Blue Latitudes: Boldly Going Where Captain Cook Has Gone Before]]></title>
<title_without_series><![CDATA[Blue Latitudes: Boldly Going Where Captain Cook Has Gone Before]]></title_without_series>
<link><![CDATA[https://www.goodreads.com/book/show/94529.Blue_Latitudes]]></link>
<small_image_url><![CDATA[https://images.gr-assets.com/books/1316136524s/94529.jpg]]></small_image_url>
<image_url><![CDATA[https://images.gr-assets.com/books/1316136524m/94529.jpg]]></image_url>
<num_pages>480</num_pages>
<work>
<id>3963317</id>
</work>
<isbn>0312422601</isbn>
<isbn13>9780312422608</isbn13>
<average_rating>3.99</average_rating>
<ratings_count>7379</ratings_count>
<publication_year></publication_year>
<publication_month></publication_month>
<publication_day></publication_day>
<authors>
<author>
<id>16541</id>
<name>Tony Horwitz</name>
<link><![CDATA[https://www.goodreads.com/author/show/16541.Tony_Horwitz]]></link>
</author>
</authors>
</book>

          <book>
<id>7143956</id>
<title><![CDATA[The Black Nile: One Man's Amazing Journey Through Peace and War on the World's Longest River]]></title>
<title_without_series><![CDATA[The Black Nile: One Man's Amazing Journey Through Peace and War on the World's Longest River]]></title_without_series>
<link><![CDATA[https://www.goodreads.com/book/show/7143956-the-black-nile]]></link>
<small_image_url><![CDATA[https://images.gr-assets.com/books/1280788486s/7143956.jpg]]></small_image_url>
<image_url><![CDATA[https://images.gr-assets.com/books/1280788486m/7143956.jpg]]></image_url>
<num_pages>320</num_pages>
<work>
<id>7408365</id>
</work>
<isbn>0670021989</isbn>
<isbn13>9780670021987</isbn13>
<average_rating>3.33</average_rating>
<ratings_count>398</ratings_count>
<publication_year>2010</publication_year>
<publication_month>8</publication_month>
<publication_day>12</publication_day>
<authors>
<author>
<id>1580843</id>
<name>Dan Morrison</name>
<link><![CDATA[https://www.goodreads.com/author/show/1580843.Dan_Morrison]]></link>
</author>
</authors>
</book>

          <book>
<id>1175991</id>
<title><![CDATA[Smile When You're Lying: Confessions of a Rogue Travel Writer]]></title>
<title_without_series><![CDATA[Smile When You're Lying: Confessions of a Rogue Travel Writer]]></title_without_series>
<link><![CDATA[https://www.goodreads.com/book/show/1175991.Smile_When_You_re_Lying]]></link>
<small_image_url><![CDATA[https://images.gr-assets.com/books/1317066134s/1175991.jpg]]></small_image_url>
<image_url><![CDATA[https://images.gr-assets.com/books/1317066134m/1175991.jpg]]></image_url>
<num_pages></num_pages>
<work>
<id>1163767</id>
</work>
<isbn>0805082093</isbn>
<isbn13>9780805082098</isbn13>
<average_rating>3.47</average_rating>
<ratings_count>1904</ratings_count>
<publication_year></publication_year>
<publication_month></publication_month>
<publication_day></publication_day>
<authors>
<author>
<id>573872</id>
<name>Chuck Thompson</name>
<link><![CDATA[https://www.goodreads.com/author/show/573872.Chuck_Thompson]]></link>
</author>
</authors>
</book>

          <book>
<id>6923108</id>
<title><![CDATA[Surviving Paradise: One Year on a Disappearing Island]]></title>
<title_without_series><![CDATA[Surviving Paradise: One Year on a Disappearing Island]]></title_without_series>
<link><![CDATA[https://www.goodreads.com/book/show/6923108-surviving-paradise]]></link>
<small_image_url><![CDATA[https://images.gr-assets.com/books/1328768671s/6923108.jpg]]></small_image_url>
<image_url><![CDATA[https://images.gr-assets.com/books/1328768671m/6923108.jpg]]></image_url>
<num_pages></num_pages>
<work>
<id>7151862</id>
</work>
<isbn>1402766645</isbn>
<isbn13>9781402766640</isbn13>
<average_rating>3.78</average_rating>
<ratings_count>358</ratings_count>
<publication_year></publication_year>
<publication_month></publication_month>
<publication_day></publication_day>
<authors>
<author>
<id>3096722</id>
<name>Peter Rudiak-Gould</name>
<link><![CDATA[https://www.goodreads.com/author/show/3096722.Peter_Rudiak_Gould]]></link>
</author>
</authors>
</book>

          <book>
<id>4558426</id>
<title><![CDATA[First Comes Love, then Comes Malaria: How a Peace Corps Poster Boy Won My Heart and a Third World Adventure Changed My Life]]></title>
<title_without_series><![CDATA[First Comes Love, then Comes Malaria: How a Peace Corps Poster Boy Won My Heart and a Third World Adventure Changed My Life]]></title_without_series>
<link><![CDATA[https://www.goodreads.com/book/show/4558426-first-comes-love-then-comes-malaria]]></link>
<small_image_url><![CDATA[https://images.gr-assets.com/books/1320465559s/4558426.jpg]]></small_image_url>
<image_url><![CDATA[https://images.gr-assets.com/books/1320465559m/4558426.jpg]]></image_url>
<num_pages>320</num_pages>
<work>
<id>4607730</id>
</work>
<isbn>0767929357</isbn>
<isbn13>9780767929356</isbn13>
<average_rating>3.63</average_rating>
<ratings_count>1344</ratings_count>
<publication_year>2009</publication_year>
<publication_month>4</publication_month>
<publication_day>14</publication_day>
<authors>
<author>
<id>1899563</id>
<name>Eve Brown-Waite</name>
<link><![CDATA[https://www.goodreads.com/author/show/1899563.Eve_Brown_Waite]]></link>
</author>
</authors>
</book>

          <book>
<id>147657</id>
<title><![CDATA[No Touch Monkey!: And Other Travel Lessons Learned Too Late (Adventura Books Series)]]></title>
<title_without_series><![CDATA[No Touch Monkey!: And Other Travel Lessons Learned Too Late]]></title_without_series>
<link><![CDATA[https://www.goodreads.com/book/show/147657.No_Touch_Monkey_]]></link>
<small_image_url><![CDATA[https://images.gr-assets.com/books/1328746758s/147657.jpg]]></small_image_url>
<image_url><![CDATA[https://images.gr-assets.com/books/1328746758m/147657.jpg]]></image_url>
<num_pages>272</num_pages>
<work>
<id>142497</id>
</work>
<isbn>1580050972</isbn>
<isbn13>9781580050975</isbn13>
<average_rating>3.36</average_rating>
<ratings_count>3204</ratings_count>
<publication_year></publication_year>
<publication_month></publication_month>
<publication_day></publication_day>
<authors>
<author>
<id>5099</id>
<name>Ayun Halliday</name>
<link><![CDATA[https://www.goodreads.com/author/show/5099.Ayun_Halliday]]></link>
</author>
</authors>
</book>

          <book>
<id>6083143</id>
<title><![CDATA[Three Ways to Capsize a Boat: An Optimist Afloat]]></title>
<title_without_series><![CDATA[Three Ways to Capsize a Boat: An Optimist Afloat]]></title_without_series>
<link><![CDATA[https://www.goodreads.com/book/show/6083143-three-ways-to-capsize-a-boat]]></link>
<small_image_url><![CDATA[https://s.gr-assets.com/assets/nophoto/book/50x75-a91bf249278a81aabab721ef782c4a74.png]]></small_image_url>
<image_url><![CDATA[https://s.gr-assets.com/assets/nophoto/book/111x148-bcc042a9c91a29c1d680899eff700a03.png]]></image_url>
<num_pages>160</num_pages>
<work>
<id>6259918</id>
</work>
<isbn>0956003834</isbn>
<isbn13>9780956003836</isbn13>
<average_rating>3.67</average_rating>
<ratings_count>798</ratings_count>
<publication_year>2009</publication_year>
<publication_month>5</publication_month>
<publication_day>28</publication_day>
<authors>
<author>
<id>2854677</id>
<name>Chris  Stewart</name>
<link><![CDATA[https://www.goodreads.com/author/show/2854677.Chris_Stewart]]></link>
</author>
</authors>
</book>

          <book>
<id>891224</id>
<title><![CDATA[Whatever You Do, Don't Run: True Tales Of A Botswana Safari Guide]]></title>
<title_without_series><![CDATA[Whatever You Do, Don't Run: True Tales Of A Botswana Safari Guide]]></title_without_series>
<link><![CDATA[https://www.goodreads.com/book/show/891224.Whatever_You_Do_Don_t_Run]]></link>
<small_image_url><![CDATA[https://images.gr-assets.com/books/1328814881s/891224.jpg]]></small_image_url>
<image_url><![CDATA[https://images.gr-assets.com/books/1328814881m/891224.jpg]]></image_url>
<num_pages>246</num_pages>
<work>
<id>876465</id>
</work>
<isbn>0762745657</isbn>
<isbn13>9780762745654</isbn13>
<average_rating>3.92</average_rating>
<ratings_count>6433</ratings_count>
<publication_year></publication_year>
<publication_month></publication_month>
<publication_day></publication_day>
<authors>
<author>
<id>222171</id>
<name>Peter Allison</name>
<link><![CDATA[https://www.goodreads.com/author/show/222171.Peter_Allison]]></link>
</author>
</authors>
</book>

          <book>
<id>200620</id>
<title><![CDATA[An Embarrassment of Mangoes: A Caribbean Interlude]]></title>
<title_without_series><![CDATA[An Embarrassment of Mangoes: A Caribbean Interlude]]></title_without_series>
<link><![CDATA[https://www.goodreads.com/book/show/200620.An_Embarrassment_of_Mangoes]]></link>
<small_image_url><![CDATA[https://s.gr-assets.com/assets/nophoto/book/50x75-a91bf249278a81aabab721ef782c4a74.png]]></small_image_url>
<image_url><![CDATA[https://s.gr-assets.com/assets/nophoto/book/111x148-bcc042a9c91a29c1d680899eff700a03.png]]></image_url>
<num_pages>320</num_pages>
<work>
<id>485307</id>
</work>
<isbn>0767914279</isbn>
<isbn13>9780767914277</isbn13>
<average_rating>3.90</average_rating>
<ratings_count>3946</ratings_count>
<publication_year>2005</publication_year>
<publication_month>2</publication_month>
<publication_day>8</publication_day>
<authors>
<author>
<id>117010</id>
<name>Ann Vanderhoof</name>
<link><![CDATA[https://www.goodreads.com/author/show/117010.Ann_Vanderhoof]]></link>
</author>
</authors>
</book>

          <book>
<id>258811</id>
<title><![CDATA[Hunting Mister Heartbreak: A Discovery of America]]></title>
<title_without_series><![CDATA[Hunting Mister Heartbreak: A Discovery of America]]></title_without_series>
<link><![CDATA[https://www.goodreads.com/book/show/258811.Hunting_Mister_Heartbreak]]></link>
<small_image_url><![CDATA[https://s.gr-assets.com/assets/nophoto/book/50x75-a91bf249278a81aabab721ef782c4a74.png]]></small_image_url>
<image_url><![CDATA[https://s.gr-assets.com/assets/nophoto/book/111x148-bcc042a9c91a29c1d680899eff700a03.png]]></image_url>
<num_pages></num_pages>
<work>
<id>250852</id>
</work>
<isbn>037570101X</isbn>
<isbn13>9780375701016</isbn13>
<average_rating>3.98</average_rating>
<ratings_count>289</ratings_count>
<publication_year>1998</publication_year>
<publication_month>11</publication_month>
<publication_day>3</publication_day>
<authors>
<author>
<id>140886</id>
<name>Jonathan Raban</name>
<link><![CDATA[https://www.goodreads.com/author/show/140886.Jonathan_Raban]]></link>
</author>
</authors>
</book>

          <book>
<id>25016</id>
<title><![CDATA[Outposts: Journeys to the Surviving Relics of the British Empire]]></title>
<title_without_series><![CDATA[Outposts: Journeys to the Surviving Relics of the British Empire]]></title_without_series>
<link><![CDATA[https://www.goodreads.com/book/show/25016.Outposts]]></link>
<small_image_url><![CDATA[https://s.gr-assets.com/assets/nophoto/book/50x75-a91bf249278a81aabab721ef782c4a74.png]]></small_image_url>
<image_url><![CDATA[https://s.gr-assets.com/assets/nophoto/book/111x148-bcc042a9c91a29c1d680899eff700a03.png]]></image_url>
<num_pages>400</num_pages>
<work>
<id>1771244</id>
</work>
<isbn>0060598611</isbn>
<isbn13>9780060598617</isbn13>
<average_rating>3.75</average_rating>
<ratings_count>1142</ratings_count>
<publication_year>2004</publication_year>
<publication_month>6</publication_month>
<publication_day>15</publication_day>
<authors>
<author>
<id>14053</id>
<name>Simon Winchester</name>
<link><![CDATA[https://www.goodreads.com/author/show/14053.Simon_Winchester]]></link>
</author>
</authors>
</book>

          <book>
<id>53859</id>
<title><![CDATA[Throwim Way Leg: Tree-Kangaroos, Possums, and Penis Gourds]]></title>
<title_without_series><![CDATA[Throwim Way Leg: Tree-Kangaroos, Possums, and Penis Gourds]]></title_without_series>
<link><![CDATA[https://www.goodreads.com/book/show/53859.Throwim_Way_Leg]]></link>
<small_image_url><![CDATA[https://s.gr-assets.com/assets/nophoto/book/50x75-a91bf249278a81aabab721ef782c4a74.png]]></small_image_url>
<image_url><![CDATA[https://s.gr-assets.com/assets/nophoto/book/111x148-bcc042a9c91a29c1d680899eff700a03.png]]></image_url>
<num_pages>336</num_pages>
<work>
<id>6519510</id>
</work>
<isbn>0802136656</isbn>
<isbn13>9780802136657</isbn13>
<average_rating>4.06</average_rating>
<ratings_count>465</ratings_count>
<publication_year>2000</publication_year>
<publication_month>1</publication_month>
<publication_day>6</publication_day>
<authors>
<author>
<id>27157</id>
<name>Tim Flannery</name>
<link><![CDATA[https://www.goodreads.com/author/show/27157.Tim_Flannery]]></link>
</author>
</authors>
</book>

          <book>
<id>6005167</id>
<title><![CDATA[The Motion of the Ocean: 1 Small Boat, 2 Average Lovers, and a Woman's Search for the Meaning of Wife]]></title>
<title_without_series><![CDATA[The Motion of the Ocean: 1 Small Boat, 2 Average Lovers, and a Woman's Search for the Meaning of Wife]]></title_without_series>
<link><![CDATA[https://www.goodreads.com/book/show/6005167-the-motion-of-the-ocean]]></link>
<small_image_url><![CDATA[https://images.gr-assets.com/books/1418615139s/6005167.jpg]]></small_image_url>
<image_url><![CDATA[https://images.gr-assets.com/books/1418615139m/6005167.jpg]]></image_url>
<num_pages></num_pages>
<work>
<id>6180199</id>
</work>
<isbn>1416589082</isbn>
<isbn13>9781416589082</isbn13>
<average_rating>3.70</average_rating>
<ratings_count>781</ratings_count>
<publication_year></publication_year>
<publication_month></publication_month>
<publication_day></publication_day>
<authors>
<author>
<id>2749546</id>
<name>Janna Cawrse Esarey</name>
<link><![CDATA[https://www.goodreads.com/author/show/2749546.Janna_Cawrse_Esarey]]></link>
</author>
</authors>
</book>

          <book>
<id>130514</id>
<title><![CDATA[The Happy Isles of Oceania: Paddling the Pacific]]></title>
<title_without_series><![CDATA[The Happy Isles of Oceania: Paddling the Pacific]]></title_without_series>
<link><![CDATA[https://www.goodreads.com/book/show/130514.The_Happy_Isles_of_Oceania]]></link>
<small_image_url><![CDATA[https://s.gr-assets.com/assets/nophoto/book/50x75-a91bf249278a81aabab721ef782c4a74.png]]></small_image_url>
<image_url><![CDATA[https://s.gr-assets.com/assets/nophoto/book/111x148-bcc042a9c91a29c1d680899eff700a03.png]]></image_url>
<num_pages>528</num_pages>
<work>
<id>728848</id>
</work>
<isbn>0449908585</isbn>
<isbn13>9780449908587</isbn13>
<average_rating>3.98</average_rating>
<ratings_count>4526</ratings_count>
<publication_year>1993</publication_year>
<publication_month></publication_month>
<publication_day></publication_day>
<authors>
<author>
<id>9599</id>
<name>Paul Theroux</name>
<link><![CDATA[https://www.goodreads.com/author/show/9599.Paul_Theroux]]></link>
</author>
</authors>
</book>

          <book>
<id>2135393</id>
<title><![CDATA[Apples Are from Kazakhstan: The Land That Disappeared]]></title>
<title_without_series><![CDATA[Apples Are from Kazakhstan: The Land That Disappeared]]></title_without_series>
<link><![CDATA[https://www.goodreads.com/book/show/2135393.Apples_Are_from_Kazakhstan]]></link>
<small_image_url><![CDATA[https://images.gr-assets.com/books/1445133989s/2135393.jpg]]></small_image_url>
<image_url><![CDATA[https://images.gr-assets.com/books/1445133989m/2135393.jpg]]></image_url>
<num_pages>304</num_pages>
<work>
<id>2140878</id>
</work>
<isbn>0977743381</isbn>
<isbn13>9780977743384</isbn13>
<average_rating>4.01</average_rating>
<ratings_count>799</ratings_count>
<publication_year>2008</publication_year>
<publication_month>4</publication_month>
<publication_day>1</publication_day>
<authors>
<author>
<id>180551</id>
<name>Christopher Robbins</name>
<link><![CDATA[https://www.goodreads.com/author/show/180551.Christopher_Robbins]]></link>
</author>
</authors>
</book>

  </similar_books>
</book>

</GoodreadsResponse>