<?xml version="1.0" encoding="UTF-8"?>
<GoodreadsResponse>
  <Request>
    <authentication>true</authentication>
      <key><![CDATA[all_men_must_serve]]></key>
    <method><![CDATA[book_show]]></method>
  </Request>
  <book>
  <id>1107001</id>
  <title>The Silver Palate Cookbook</title>
  <isbn><![CDATA[0894802046]]></isbn>
  <isbn13><![CDATA[9780894802041]]></isbn13>
  <asin><![CDATA[]]></asin>
  <kindle_asin><![CDATA[B00ESCQGZ4]]></kindle_asin>
  <marketplace_id><![CDATA[A1F83G8C2ARO7P]]></marketplace_id>
  <country_code><![CDATA[GB]]></country_code>
  <image_url>https://s.gr-assets.com/assets/nophoto/book/111x148-bcc042a9c91a29c1d680899eff700a03.png</image_url>
  <small_image_url>https://s.gr-assets.com/assets/nophoto/book/50x75-a91bf249278a81aabab721ef782c4a74.png</small_image_url>
  <publication_year>1982</publication_year>
  <publication_month>1</publication_month>
  <publication_day>4</publication_day>
  <publisher>Workman Publishing Company</publisher>
  <language_code></language_code>
  <is_ebook>false</is_ebook>
  <description><![CDATA[With over 2.2 million copies in print, the widely acclaimed <i>The Silver Palate Cookbook</i> is firmly established as a contemporary classic. Originally published in 1982, the book's elegant, innovative recipes and emphasis on pure, fresh, ingredients ushered a new passion for food and hospitality into the American consciousness. <br /><br />The lively collection of clear, step-by-step recipes ranges from sublimely refined traditions-Pesto, Manhattan Clam Chowder, and Stuffed Artichokes-to original creations certain to become the topic of conversation at any dinner party. There's PatS de Campagne with Walnuts and Juniper Berries. Fruit-Stuffed Cornish Hens. Caviar Eclairs. Blueberry Bisque. Plus over 300 more recipes for hors d'oeuvres, dips and sauces, picnic fare, entrSes, salads, soups, breads, desserts. Throughout the book are valuable menu and serving suggestions, literary quotes, food guides, food lore, and whimsical illustrations. Selection of the <i>Book-of-the-Month Club</i>, <i>Quality Paperback Book Club</i>, <i>Book-of-the-Month Club's HomeStyle Books</i>, <i>Better Homes &amp; Gardens Family Book Service</i>, and the <i>ABA Basic Booklist</i>. A James Beard Book Awards inductee into the cookbook Hall of Fame.]]></description>
  <work>
  <id type="integer">1093941</id>
  <books_count type="integer">13</books_count>
  <best_book_id type="integer">1107001</best_book_id>
  <reviews_count type="integer">22316</reviews_count>
  <ratings_sum type="integer">63401</ratings_sum>
  <ratings_count type="integer">15602</ratings_count>
  <text_reviews_count type="integer">114</text_reviews_count>
  <original_publication_year type="integer">1982</original_publication_year>
  <original_publication_month type="integer">1</original_publication_month>
  <original_publication_day type="integer">4</original_publication_day>
  <original_title>The Silver Palate Cookbook: Delicious Recipes, Menus, Tips, Lore From Manhattan's Celebrated  Gourmet  Food Shop.</original_title>
  <original_language_id type="integer" nil="true"/>
  <media_type>book</media_type>
  <rating_dist>5:6387|4:5187|3:2986|2:718|1:324|total:15602</rating_dist>
  <desc_user_id type="integer" nil="true"/>
  <default_chaptering_book_id type="integer" nil="true"/>
  <default_description_language_code nil="true"/>
</work>
  <average_rating>4.06</average_rating>
  <num_pages><![CDATA[]]></num_pages>
  <format><![CDATA[Paperback]]></format>
  <edition_information><![CDATA[]]></edition_information>
  <ratings_count><![CDATA[15269]]></ratings_count>
  <text_reviews_count><![CDATA[96]]></text_reviews_count>
  <url><![CDATA[https://www.goodreads.com/book/show/1107001.The_Silver_Palate_Cookbook]]></url>
  <link><![CDATA[https://www.goodreads.com/book/show/1107001.The_Silver_Palate_Cookbook]]></link>
  <authors>
<author>
<id>2832</id>
<name>Julee Rosso</name>
<role></role>
<image_url nophoto='false'>
<![CDATA[https://images.gr-assets.com/authors/1251930312p5/2832.jpg]]>
</image_url>
<small_image_url nophoto='false'>
<![CDATA[https://images.gr-assets.com/authors/1251930312p2/2832.jpg]]>
</small_image_url>
<link><![CDATA[https://www.goodreads.com/author/show/2832.Julee_Rosso]]></link>
<average_rating>4.03</average_rating>
<ratings_count>28043</ratings_count>
<text_reviews_count>221</text_reviews_count>
</author>
<author>
<id>136293</id>
<name>Sheila Lukins</name>
<role></role>
<image_url nophoto='false'>
<![CDATA[https://images.gr-assets.com/authors/1251723474p5/136293.jpg]]>
</image_url>
<small_image_url nophoto='false'>
<![CDATA[https://images.gr-assets.com/authors/1251723474p2/136293.jpg]]>
</small_image_url>
<link><![CDATA[https://www.goodreads.com/author/show/136293.Sheila_Lukins]]></link>
<average_rating>4.00</average_rating>
<ratings_count>29778</ratings_count>
<text_reviews_count>242</text_reviews_count>
</author>
<author>
<id>108070</id>
<name>Michael McLaughlin</name>
<role></role>
<image_url nophoto='true'>
<![CDATA[https://s.gr-assets.com/assets/nophoto/user/u_200x266-e183445fd1a1b5cc7075bb1cf7043306.png]]>
</image_url>
<small_image_url nophoto='true'>
<![CDATA[https://s.gr-assets.com/assets/nophoto/user/u_50x66-632230dc9882b4352d753eedf9396530.png]]>
</small_image_url>
<link><![CDATA[https://www.goodreads.com/author/show/108070.Michael_McLaughlin]]></link>
<average_rating>4.05</average_rating>
<ratings_count>15622</ratings_count>
<text_reviews_count>134</text_reviews_count>
</author>
</authors>

    <reviews_widget>
      <![CDATA[
        <style>
  #goodreads-widget {
    font-family: georgia, serif;
    padding: 18px 0;
    width:565px;
  }
  #goodreads-widget h1 {
    font-weight:normal;
    font-size: 16px;
    border-bottom: 1px solid #BBB596;
    margin-bottom: 0;
  }
  #goodreads-widget a {
    text-decoration: none;
    color:#660;
  }
  iframe{
    background-color: #fff;
  }
  #goodreads-widget a:hover { text-decoration: underline; }
  #goodreads-widget a:active {
    color:#660;
  }
  #gr_footer {
    width: 100%;
    border-top: 1px solid #BBB596;
    text-align: right;
  }
  #goodreads-widget .gr_branding{
    color: #382110;
    font-size: 11px;
    text-decoration: none;
    font-family: "Helvetica Neue", Helvetica, Arial, sans-serif;
  }
</style>
<div id="goodreads-widget">
  <div id="gr_header"><h1><a rel="nofollow" href="https://www.goodreads.com/book/show/1107001.The_Silver_Palate_Cookbook">The Silver Palate Cookbook Reviews</a></h1></div>
  <iframe id="the_iframe" src="https://www.goodreads.com/api/reviews_widget_iframe?did=DEVELOPER_ID&amp;format=html&amp;isbn=0894802046&amp;links=660&amp;min_rating=&amp;review_back=fff&amp;stars=000&amp;text=000" width="565" height="400" frameborder="0"></iframe>
  <div id="gr_footer">
    <a class="gr_branding" target="_blank" rel="nofollow" href="https://www.goodreads.com/book/show/1107001.The_Silver_Palate_Cookbook?utm_medium=api&amp;utm_source=reviews_widget">Reviews from Goodreads.com</a>
  </div>
</div>

      ]]>
    </reviews_widget>
  <popular_shelves>
      <shelf name="to-read" count="6246"/>
      <shelf name="cookbooks" count="386"/>
      <shelf name="cooking" count="116"/>
      <shelf name="currently-reading" count="97"/>
      <shelf name="cookbook" count="62"/>
      <shelf name="food" count="57"/>
      <shelf name="non-fiction" count="28"/>
      <shelf name="cook-books" count="24"/>
      <shelf name="reference" count="17"/>
      <shelf name="foodie" count="10"/>
      <shelf name="nonfiction" count="10"/>
      <shelf name="kindle" count="9"/>
      <shelf name="owned" count="9"/>
      <shelf name="favorites" count="9"/>
      <shelf name="cookery" count="8"/>
      <shelf name="food-cooking" count="8"/>
      <shelf name="cookbooks-i-own" count="7"/>
      <shelf name="library" count="6"/>
      <shelf name="my-cookbooks" count="6"/>
      <shelf name="default" count="5"/>
      <shelf name="books-i-own" count="5"/>
      <shelf name="cookbook-collection" count="5"/>
      <shelf name="food-and-drink" count="4"/>
      <shelf name="owned-books" count="4"/>
      <shelf name="kitchen" count="4"/>
      <shelf name="food-and-cooking" count="4"/>
      <shelf name="favorite-cookbooks" count="4"/>
      <shelf name="recipes" count="4"/>
      <shelf name="to-read-cookbooks" count="4"/>
      <shelf name="cooking-food" count="4"/>
      <shelf name="general" count="3"/>
      <shelf name="culinary" count="3"/>
      <shelf name="cooking-and-food" count="3"/>
      <shelf name="own-it" count="3"/>
      <shelf name="reference-cooking" count="2"/>
      <shelf name="kindle-owned" count="2"/>
      <shelf name="paid_cookbooks" count="2"/>
      <shelf name="digital" count="2"/>
      <shelf name="owned-cookbooks" count="2"/>
      <shelf name="cookbooks-home-gardens" count="2"/>
      <shelf name="home-library" count="2"/>
      <shelf name="cookbooks-and-food" count="2"/>
      <shelf name="cookbooks-i-have" count="2"/>
      <shelf name="cook" count="2"/>
      <shelf name="food-drink" count="2"/>
      <shelf name="have-read" count="2"/>
      <shelf name="cooked-from" count="2"/>
      <shelf name="how-to" count="2"/>
      <shelf name="home" count="2"/>
      <shelf name="food-glorious-food" count="2"/>
      <shelf name="cooking-to-read" count="2"/>
      <shelf name="cookbooks-i-like" count="2"/>
      <shelf name="purchased" count="2"/>
      <shelf name="own-a-copy" count="2"/>
      <shelf name="cookboooks" count="2"/>
      <shelf name="women-writers" count="2"/>
      <shelf name="food-wine" count="2"/>
      <shelf name="home-books" count="1"/>
      <shelf name="boxed-library" count="1"/>
      <shelf name="cookbook-club-ideas" count="1"/>
      <shelf name="abandoned" count="1"/>
      <shelf name="amazon" count="1"/>
      <shelf name="my-cook-books" count="1"/>
      <shelf name="plano-book" count="1"/>
      <shelf name="in-my-reality" count="1"/>
      <shelf name="chefs-restaurants" count="1"/>
      <shelf name="hardcover" count="1"/>
      <shelf name="not-in-library" count="1"/>
      <shelf name="cookbooks-i-haven-t-looked-at" count="1"/>
      <shelf name="want-to-eat-books-about-food" count="1"/>
      <shelf name="get-out-of-my-feed" count="1"/>
      <shelf name="my-kindle-books" count="1"/>
      <shelf name="food-books-to-buy" count="1"/>
      <shelf name="baking-and-cooking" count="1"/>
      <shelf name="not-started" count="1"/>
      <shelf name="on-my-sheft" count="1"/>
      <shelf name="mine" count="1"/>
      <shelf name="on-deck-cookbooks" count="1"/>
      <shelf name="go-to-cookbooks" count="1"/>
      <shelf name="bedroom-shelves" count="1"/>
      <shelf name="self-help" count="1"/>
      <shelf name="reference-education" count="1"/>
      <shelf name="z-edeal" count="1"/>
      <shelf name="to-read-kindle" count="1"/>
      <shelf name="food-cookbooks" count="1"/>
      <shelf name="own-this" count="1"/>
      <shelf name="storage" count="1"/>
      <shelf name="cookbooks-read" count="1"/>
      <shelf name="foodery" count="1"/>
      <shelf name="library-cookbooks" count="1"/>
      <shelf name="beach" count="1"/>
      <shelf name="franklin-books" count="1"/>
      <shelf name="read-pre-gr" count="1"/>
      <shelf name="italy" count="1"/>
      <shelf name="julee-rosso" count="1"/>
      <shelf name="want" count="1"/>
      <shelf name="has-not-aged-well" count="1"/>
      <shelf name="zibe" count="1"/>
      <shelf name="food-beverage-cookbooks" count="1"/>
      <shelf name="mycookbooks" count="1"/>
  </popular_shelves>
  <book_links>
    <book_link>
  <id>8</id>
  <name>Libraries</name>
  <link>https://www.goodreads.com/book_link/follow/8</link>
</book_link>

  </book_links>
  <buy_links>
    <buy_link>
<id>1</id>
<name>Amazon</name>
<link>https://www.goodreads.com/book_link/follow/1</link>
</buy_link>
<buy_link>
<id>10</id>
<name>Audible</name>
<link>https://www.goodreads.com/book_link/follow/10</link>
</buy_link>
<buy_link>
<id>3</id>
<name>Barnes &amp; Noble</name>
<link>https://www.goodreads.com/book_link/follow/3</link>
</buy_link>
<buy_link>
<id>1027</id>
<name>Kobo</name>
<link>https://www.goodreads.com/book_link/follow/1027</link>
</buy_link>
<buy_link>
<id>2102</id>
<name>Apple iBooks</name>
<link>https://www.goodreads.com/book_link/follow/2102</link>
</buy_link>
<buy_link>
<id>8036</id>
<name>Google Play</name>
<link>https://www.goodreads.com/book_link/follow/8036</link>
</buy_link>
<buy_link>
<id>4</id>
<name>Abebooks</name>
<link>https://www.goodreads.com/book_link/follow/4</link>
</buy_link>
<buy_link>
<id>882</id>
<name>Book Depository</name>
<link>https://www.goodreads.com/book_link/follow/882</link>
</buy_link>
<buy_link>
<id>9</id>
<name>Indigo</name>
<link>https://www.goodreads.com/book_link/follow/9</link>
</buy_link>
<buy_link>
<id>2</id>
<name>Half.com</name>
<link>https://www.goodreads.com/book_link/follow/2</link>
</buy_link>
<buy_link>
<id>5</id>
<name>Alibris</name>
<link>https://www.goodreads.com/book_link/follow/5</link>
</buy_link>
<buy_link>
<id>107</id>
<name>Better World Books</name>
<link>https://www.goodreads.com/book_link/follow/107</link>
</buy_link>
<buy_link>
<id>7</id>
<name>IndieBound</name>
<link>https://www.goodreads.com/book_link/follow/7</link>
</buy_link>

  </buy_links>
  <series_works>
    
  </series_works>
  <similar_books>
          <book>
<id>29872</id>
<title>New York Times Cookbook</title>
<title_without_series>New York Times Cookbook</title_without_series>
<link><![CDATA[https://www.goodreads.com/book/show/29872.New_York_Times_Cookbook]]></link>
<small_image_url><![CDATA[https://s.gr-assets.com/assets/nophoto/book/50x75-a91bf249278a81aabab721ef782c4a74.png]]></small_image_url>
<image_url><![CDATA[https://s.gr-assets.com/assets/nophoto/book/111x148-bcc042a9c91a29c1d680899eff700a03.png]]></image_url>
<num_pages>800</num_pages>
<work>
<id>2232022</id>
</work>
<isbn></isbn>
<isbn13>9780060160104</isbn13>
<average_rating>4.05</average_rating>
<ratings_count>3671</ratings_count>
<publication_year>1990</publication_year>
<publication_month>4</publication_month>
<publication_day>25</publication_day>
<authors>
<author>
<id>16859</id>
<name>Craig Claiborne</name>
<link><![CDATA[https://www.goodreads.com/author/show/16859.Craig_Claiborne]]></link>
</author>
</authors>
</book>

          <book>
<id>772337</id>
<title>All Around the World Cookbook</title>
<title_without_series>All Around the World Cookbook</title_without_series>
<link><![CDATA[https://www.goodreads.com/book/show/772337.All_Around_the_World_Cookbook]]></link>
<small_image_url><![CDATA[https://s.gr-assets.com/assets/nophoto/book/50x75-a91bf249278a81aabab721ef782c4a74.png]]></small_image_url>
<image_url><![CDATA[https://s.gr-assets.com/assets/nophoto/book/111x148-bcc042a9c91a29c1d680899eff700a03.png]]></image_url>
<num_pages></num_pages>
<work>
<id>758390</id>
</work>
<isbn>1563056364</isbn>
<isbn13>9781563056369</isbn13>
<average_rating>3.60</average_rating>
<ratings_count>1870</ratings_count>
<publication_year>1994</publication_year>
<publication_month>4</publication_month>
<publication_day>1</publication_day>
<authors>
<author>
<id>136293</id>
<name>Sheila Lukins</name>
<link><![CDATA[https://www.goodreads.com/author/show/136293.Sheila_Lukins]]></link>
</author>
</authors>
</book>

          <book>
<id>1369510</id>
<title><![CDATA[The Classic Italian Cook Book: The Art of Italian Cooking and the Italian Art of Eating]]></title>
<title_without_series><![CDATA[The Classic Italian Cook Book: The Art of Italian Cooking and the Italian Art of Eating]]></title_without_series>
<link><![CDATA[https://www.goodreads.com/book/show/1369510.The_Classic_Italian_Cook_Book]]></link>
<small_image_url><![CDATA[https://images.gr-assets.com/books/1223627726s/1369510.jpg]]></small_image_url>
<image_url><![CDATA[https://images.gr-assets.com/books/1223627726m/1369510.jpg]]></image_url>
<num_pages></num_pages>
<work>
<id>1359352</id>
</work>
<isbn>0394405102</isbn>
<isbn13>9780394405100</isbn13>
<average_rating>4.34</average_rating>
<ratings_count>1271</ratings_count>
<publication_year></publication_year>
<publication_month></publication_month>
<publication_day></publication_day>
<authors>
<author>
<id>11713</id>
<name>Marcella Hazan</name>
<link><![CDATA[https://www.goodreads.com/author/show/11713.Marcella_Hazan]]></link>
</author>
</authors>
</book>

          <book>
<id>120232</id>
<title><![CDATA[Barefoot Contessa Parties!: Ideas and Recipes for Easy Parties That Are Really Fun]]></title>
<title_without_series><![CDATA[Barefoot Contessa Parties!: Ideas and Recipes for Easy Parties That Are Really Fun]]></title_without_series>
<link><![CDATA[https://www.goodreads.com/book/show/120232.Barefoot_Contessa_Parties_]]></link>
<small_image_url><![CDATA[https://images.gr-assets.com/books/1320438062s/120232.jpg]]></small_image_url>
<image_url><![CDATA[https://images.gr-assets.com/books/1320438062m/120232.jpg]]></image_url>
<num_pages>264</num_pages>
<work>
<id>115768</id>
</work>
<isbn>0609606441</isbn>
<isbn13>9780609606445</isbn13>
<average_rating>4.23</average_rating>
<ratings_count>8247</ratings_count>
<publication_year>2001</publication_year>
<publication_month>3</publication_month>
<publication_day>27</publication_day>
<authors>
<author>
<id>2658</id>
<name>Ina Garten</name>
<link><![CDATA[https://www.goodreads.com/author/show/2658.Ina_Garten]]></link>
</author>
</authors>
</book>

          <book>
<id>158935</id>
<title>The Breakfast Book</title>
<title_without_series>The Breakfast Book</title_without_series>
<link><![CDATA[https://www.goodreads.com/book/show/158935.The_Breakfast_Book]]></link>
<small_image_url><![CDATA[https://s.gr-assets.com/assets/nophoto/book/50x75-a91bf249278a81aabab721ef782c4a74.png]]></small_image_url>
<image_url><![CDATA[https://s.gr-assets.com/assets/nophoto/book/111x148-bcc042a9c91a29c1d680899eff700a03.png]]></image_url>
<num_pages>320</num_pages>
<work>
<id>1131027</id>
</work>
<isbn>0517187264</isbn>
<isbn13>9780517187265</isbn13>
<average_rating>4.10</average_rating>
<ratings_count>713</ratings_count>
<publication_year>1997</publication_year>
<publication_month>1</publication_month>
<publication_day>21</publication_day>
<authors>
<author>
<id>92097</id>
<name>Marion Cunningham</name>
<link><![CDATA[https://www.goodreads.com/author/show/92097.Marion_Cunningham]]></link>
</author>
</authors>
</book>

          <book>
<id>545913</id>
<title><![CDATA[James Beard's American Cookery]]></title>
<title_without_series><![CDATA[James Beard's American Cookery]]></title_without_series>
<link><![CDATA[https://www.goodreads.com/book/show/545913.James_Beard_s_American_Cookery]]></link>
<small_image_url><![CDATA[https://s.gr-assets.com/assets/nophoto/book/50x75-a91bf249278a81aabab721ef782c4a74.png]]></small_image_url>
<image_url><![CDATA[https://s.gr-assets.com/assets/nophoto/book/111x148-bcc042a9c91a29c1d680899eff700a03.png]]></image_url>
<num_pages></num_pages>
<work>
<id>533186</id>
</work>
<isbn>0883659581</isbn>
<isbn13>9780883659588</isbn13>
<average_rating>4.21</average_rating>
<ratings_count>1443</ratings_count>
<publication_year></publication_year>
<publication_month></publication_month>
<publication_day></publication_day>
<authors>
<author>
<id>175556</id>
<name>James Beard</name>
<link><![CDATA[https://www.goodreads.com/author/show/175556.James_Beard]]></link>
</author>
</authors>
</book>

          <book>
<id>132688</id>
<title>The Way to Cook</title>
<title_without_series>The Way to Cook</title_without_series>
<link><![CDATA[https://www.goodreads.com/book/show/132688.The_Way_to_Cook]]></link>
<small_image_url><![CDATA[https://s.gr-assets.com/assets/nophoto/book/50x75-a91bf249278a81aabab721ef782c4a74.png]]></small_image_url>
<image_url><![CDATA[https://s.gr-assets.com/assets/nophoto/book/111x148-bcc042a9c91a29c1d680899eff700a03.png]]></image_url>
<num_pages>528</num_pages>
<work>
<id>758985</id>
</work>
<isbn>0679747656</isbn>
<isbn13>9780679747659</isbn13>
<average_rating>4.31</average_rating>
<ratings_count>11660</ratings_count>
<publication_year>1993</publication_year>
<publication_month>9</publication_month>
<publication_day>28</publication_day>
<authors>
<author>
<id>3465</id>
<name>Julia Child</name>
<link><![CDATA[https://www.goodreads.com/author/show/3465.Julia_Child]]></link>
</author>
</authors>
</book>

          <book>
<id>53617</id>
<title><![CDATA[The Gourmet Cookbook: More than 1000 recipes]]></title>
<title_without_series><![CDATA[The Gourmet Cookbook: More than 1000 recipes]]></title_without_series>
<link><![CDATA[https://www.goodreads.com/book/show/53617.The_Gourmet_Cookbook]]></link>
<small_image_url><![CDATA[https://s.gr-assets.com/assets/nophoto/book/50x75-a91bf249278a81aabab721ef782c4a74.png]]></small_image_url>
<image_url><![CDATA[https://s.gr-assets.com/assets/nophoto/book/111x148-bcc042a9c91a29c1d680899eff700a03.png]]></image_url>
<num_pages></num_pages>
<work>
<id>756597</id>
</work>
<isbn>061880692X</isbn>
<isbn13>9780618806928</isbn13>
<average_rating>4.04</average_rating>
<ratings_count>9245</ratings_count>
<publication_year></publication_year>
<publication_month></publication_month>
<publication_day></publication_day>
<authors>
<author>
<id>5662</id>
<name>Ruth Reichl</name>
<link><![CDATA[https://www.goodreads.com/author/show/5662.Ruth_Reichl]]></link>
</author>
</authors>
</book>

          <book>
<id>198177</id>
<title><![CDATA[Sundays at Moosewood Restaurant: Sundays at Moosewood Restaurant]]></title>
<title_without_series><![CDATA[Sundays at Moosewood Restaurant: Sundays at Moosewood Restaurant]]></title_without_series>
<link><![CDATA[https://www.goodreads.com/book/show/198177.Sundays_at_Moosewood_Restaurant]]></link>
<small_image_url><![CDATA[https://s.gr-assets.com/assets/nophoto/book/50x75-a91bf249278a81aabab721ef782c4a74.png]]></small_image_url>
<image_url><![CDATA[https://s.gr-assets.com/assets/nophoto/book/111x148-bcc042a9c91a29c1d680899eff700a03.png]]></image_url>
<num_pages>736</num_pages>
<work>
<id>191702</id>
</work>
<isbn>0671679902</isbn>
<isbn13>9780671679903</isbn13>
<average_rating>3.97</average_rating>
<ratings_count>8378</ratings_count>
<publication_year>1990</publication_year>
<publication_month>10</publication_month>
<publication_day>15</publication_day>
<authors>
<author>
<id>183734</id>
<name>Carolyn B. Mitchell</name>
<link><![CDATA[https://www.goodreads.com/author/show/183734.Carolyn_B_Mitchell]]></link>
</author>
</authors>
</book>

          <book>
<id>834532</id>
<title><![CDATA[New York Cookbook: From Pelham Bay to Park Avenue, Firehouses to Four-Star Restaurants]]></title>
<title_without_series><![CDATA[New York Cookbook: From Pelham Bay to Park Avenue, Firehouses to Four-Star Restaurants]]></title_without_series>
<link><![CDATA[https://www.goodreads.com/book/show/834532.New_York_Cookbook]]></link>
<small_image_url><![CDATA[https://images.gr-assets.com/books/1404576503s/834532.jpg]]></small_image_url>
<image_url><![CDATA[https://images.gr-assets.com/books/1404576503m/834532.jpg]]></image_url>
<num_pages>512</num_pages>
<work>
<id>820147</id>
</work>
<isbn>089480698X</isbn>
<isbn13>9780894806988</isbn13>
<average_rating>4.10</average_rating>
<ratings_count>171</ratings_count>
<publication_year>1992</publication_year>
<publication_month>1</publication_month>
<publication_day>10</publication_day>
<authors>
<author>
<id>108217</id>
<name>Molly O&apos;Neill</name>
<link><![CDATA[https://www.goodreads.com/author/show/108217.Molly_O_Neill]]></link>
</author>
</authors>
</book>

          <book>
<id>340165</id>
<title><![CDATA[The Greens Cookbook: Extraordinary Vegetarian Cuisine from the Celebrated Restaurant]]></title>
<title_without_series><![CDATA[The Greens Cookbook: Extraordinary Vegetarian Cuisine from the Celebrated Restaurant]]></title_without_series>
<link><![CDATA[https://www.goodreads.com/book/show/340165.The_Greens_Cookbook]]></link>
<small_image_url><![CDATA[https://s.gr-assets.com/assets/nophoto/book/50x75-a91bf249278a81aabab721ef782c4a74.png]]></small_image_url>
<image_url><![CDATA[https://s.gr-assets.com/assets/nophoto/book/111x148-bcc042a9c91a29c1d680899eff700a03.png]]></image_url>
<num_pages>416</num_pages>
<work>
<id>330552</id>
</work>
<isbn>0767908236</isbn>
<isbn13>9780767908238</isbn13>
<average_rating>4.15</average_rating>
<ratings_count>1143</ratings_count>
<publication_year>2001</publication_year>
<publication_month>4</publication_month>
<publication_day>17</publication_day>
<authors>
<author>
<id>80131</id>
<name>Deborah Madison</name>
<link><![CDATA[https://www.goodreads.com/author/show/80131.Deborah_Madison]]></link>
</author>
</authors>
</book>

          <book>
<id>158470</id>
<title><![CDATA[Rick Bayless's Mexican Kitchen]]></title>
<title_without_series><![CDATA[Rick Bayless's Mexican Kitchen]]></title_without_series>
<link><![CDATA[https://www.goodreads.com/book/show/158470.Rick_Bayless_s_Mexican_Kitchen]]></link>
<small_image_url><![CDATA[https://s.gr-assets.com/assets/nophoto/book/50x75-a91bf249278a81aabab721ef782c4a74.png]]></small_image_url>
<image_url><![CDATA[https://s.gr-assets.com/assets/nophoto/book/111x148-bcc042a9c91a29c1d680899eff700a03.png]]></image_url>
<num_pages></num_pages>
<work>
<id>152949</id>
</work>
<isbn>0684800063</isbn>
<isbn13>9780684800066</isbn13>
<average_rating>4.14</average_rating>
<ratings_count>1593</ratings_count>
<publication_year></publication_year>
<publication_month></publication_month>
<publication_day></publication_day>
<authors>
<author>
<id>91791</id>
<name>Rick Bayless</name>
<link><![CDATA[https://www.goodreads.com/author/show/91791.Rick_Bayless]]></link>
</author>
</authors>
</book>

          <book>
<id>152708</id>
<title>Chez Panisse Cafe Cookbook</title>
<title_without_series>Chez Panisse Cafe Cookbook</title_without_series>
<link><![CDATA[https://www.goodreads.com/book/show/152708.Chez_Panisse_Cafe_Cookbook]]></link>
<small_image_url><![CDATA[https://images.gr-assets.com/books/1407107507s/152708.jpg]]></small_image_url>
<image_url><![CDATA[https://images.gr-assets.com/books/1407107507m/152708.jpg]]></image_url>
<num_pages>288</num_pages>
<work>
<id>147398</id>
</work>
<isbn>0060175834</isbn>
<isbn13>9780060175832</isbn13>
<average_rating>4.02</average_rating>
<ratings_count>2087</ratings_count>
<publication_year>1999</publication_year>
<publication_month>8</publication_month>
<publication_day>25</publication_day>
<authors>
<author>
<id>88314</id>
<name>Alice Waters</name>
<link><![CDATA[https://www.goodreads.com/author/show/88314.Alice_Waters]]></link>
</author>
</authors>
</book>

          <book>
<id>135878</id>
<title><![CDATA[Martha Stewart's Hors d'Oeuvres Handbook]]></title>
<title_without_series><![CDATA[Martha Stewart's Hors d'Oeuvres Handbook]]></title_without_series>
<link><![CDATA[https://www.goodreads.com/book/show/135878.Martha_Stewart_s_Hors_d_Oeuvres_Handbook]]></link>
<small_image_url><![CDATA[https://images.gr-assets.com/books/1320505088s/135878.jpg]]></small_image_url>
<image_url><![CDATA[https://images.gr-assets.com/books/1320505088m/135878.jpg]]></image_url>
<num_pages>495</num_pages>
<work>
<id>130946</id>
</work>
<isbn>0609603108</isbn>
<isbn13>9780609603109</isbn13>
<average_rating>3.94</average_rating>
<ratings_count>2418</ratings_count>
<publication_year></publication_year>
<publication_month></publication_month>
<publication_day></publication_day>
<authors>
<author>
<id>2657</id>
<name>Martha Stewart</name>
<link><![CDATA[https://www.goodreads.com/author/show/2657.Martha_Stewart]]></link>
</author>
</authors>
</book>

          <book>
<id>75392</id>
<title>Bistro Cooking</title>
<title_without_series>Bistro Cooking</title_without_series>
<link><![CDATA[https://www.goodreads.com/book/show/75392.Bistro_Cooking]]></link>
<small_image_url><![CDATA[https://s.gr-assets.com/assets/nophoto/book/50x75-a91bf249278a81aabab721ef782c4a74.png]]></small_image_url>
<image_url><![CDATA[https://s.gr-assets.com/assets/nophoto/book/111x148-bcc042a9c91a29c1d680899eff700a03.png]]></image_url>
<num_pages></num_pages>
<work>
<id>72929</id>
</work>
<isbn>1856263193</isbn>
<isbn13>9781856263191</isbn13>
<average_rating>4.04</average_rating>
<ratings_count>1209</ratings_count>
<publication_year></publication_year>
<publication_month></publication_month>
<publication_day></publication_day>
<authors>
<author>
<id>42842</id>
<name>Patricia Wells</name>
<link><![CDATA[https://www.goodreads.com/author/show/42842.Patricia_Wells]]></link>
</author>
</authors>
</book>

          <book>
<id>198175</id>
<title><![CDATA[Moosewood Restaurant Cooks at Home: Fast and Easy Recipes for Any Day]]></title>
<title_without_series><![CDATA[Moosewood Restaurant Cooks at Home: Fast and Easy Recipes for Any Day]]></title_without_series>
<link><![CDATA[https://www.goodreads.com/book/show/198175.Moosewood_Restaurant_Cooks_at_Home]]></link>
<small_image_url><![CDATA[https://s.gr-assets.com/assets/nophoto/book/50x75-a91bf249278a81aabab721ef782c4a74.png]]></small_image_url>
<image_url><![CDATA[https://s.gr-assets.com/assets/nophoto/book/111x148-bcc042a9c91a29c1d680899eff700a03.png]]></image_url>
<num_pages>416</num_pages>
<work>
<id>191700</id>
</work>
<isbn>0671679929</isbn>
<isbn13>9780671679927</isbn13>
<average_rating>4.01</average_rating>
<ratings_count>4192</ratings_count>
<publication_year>1994</publication_year>
<publication_month>4</publication_month>
<publication_day>19</publication_day>
<authors>
<author>
<id>80134</id>
<name>The Moosewood Collective</name>
<link><![CDATA[https://www.goodreads.com/author/show/80134.The_Moosewood_Collective]]></link>
</author>
</authors>
</book>

          <book>
<id>19557</id>
<title><![CDATA[Lidia's Italian-American Kitchen]]></title>
<title_without_series><![CDATA[Lidia's Italian-American Kitchen]]></title_without_series>
<link><![CDATA[https://www.goodreads.com/book/show/19557.Lidia_s_Italian_American_Kitchen]]></link>
<small_image_url><![CDATA[https://s.gr-assets.com/assets/nophoto/book/50x75-a91bf249278a81aabab721ef782c4a74.png]]></small_image_url>
<image_url><![CDATA[https://s.gr-assets.com/assets/nophoto/book/111x148-bcc042a9c91a29c1d680899eff700a03.png]]></image_url>
<num_pages>464</num_pages>
<work>
<id>20782</id>
</work>
<isbn>037541150X</isbn>
<isbn13>9780375411502</isbn13>
<average_rating>4.26</average_rating>
<ratings_count>955</ratings_count>
<publication_year>2001</publication_year>
<publication_month>10</publication_month>
<publication_day>23</publication_day>
<authors>
<author>
<id>11717</id>
<name>Lidia Matticchio Bastianich</name>
<link><![CDATA[https://www.goodreads.com/author/show/11717.Lidia_Matticchio_Bastianich]]></link>
</author>
</authors>
</book>

          <book>
<id>8101270</id>
<title><![CDATA[The Essential New York Times Cookbook: Classic Recipes for a New Century]]></title>
<title_without_series><![CDATA[The Essential New York Times Cookbook: Classic Recipes for a New Century]]></title_without_series>
<link><![CDATA[https://www.goodreads.com/book/show/8101270-the-essential-new-york-times-cookbook]]></link>
<small_image_url><![CDATA[https://s.gr-assets.com/assets/nophoto/book/50x75-a91bf249278a81aabab721ef782c4a74.png]]></small_image_url>
<image_url><![CDATA[https://s.gr-assets.com/assets/nophoto/book/111x148-bcc042a9c91a29c1d680899eff700a03.png]]></image_url>
<num_pages>960</num_pages>
<work>
<id>12877544</id>
</work>
<isbn>0393061035</isbn>
<isbn13>9780393061031</isbn13>
<average_rating>4.11</average_rating>
<ratings_count>4028</ratings_count>
<publication_year>2010</publication_year>
<publication_month>10</publication_month>
<publication_day>25</publication_day>
<authors>
<author>
<id>24955</id>
<name>Amanda Hesser</name>
<link><![CDATA[https://www.goodreads.com/author/show/24955.Amanda_Hesser]]></link>
</author>
</authors>
</book>

  </similar_books>
</book>

</GoodreadsResponse>