<?xml version="1.0" encoding="UTF-8"?>
<GoodreadsResponse>
  <Request>
    <authentication>true</authentication>
      <key><![CDATA[all_men_must_serve]]></key>
    <method><![CDATA[book_show]]></method>
  </Request>
  <book>
  <id>111021</id>
  <title><![CDATA[Dawn (Warriors: The New Prophecy, #3)]]></title>
  <isbn><![CDATA[006074457X]]></isbn>
  <isbn13><![CDATA[9780060744571]]></isbn13>
  <asin><![CDATA[]]></asin>
  <kindle_asin><![CDATA[]]></kindle_asin>
  <marketplace_id><![CDATA[]]></marketplace_id>
  <country_code><![CDATA[GB]]></country_code>
  <image_url>https://s.gr-assets.com/assets/nophoto/book/111x148-bcc042a9c91a29c1d680899eff700a03.png</image_url>
  <small_image_url>https://s.gr-assets.com/assets/nophoto/book/50x75-a91bf249278a81aabab721ef782c4a74.png</small_image_url>
  <publication_year></publication_year>
  <publication_month></publication_month>
  <publication_day></publication_day>
  <publisher></publisher>
  <language_code>en-US</language_code>
  <is_ebook>false</is_ebook>
  <description><![CDATA[Something terrifying is happening in the world of the Clans. Amid the destruction of the forest, cats are disappearing, including ThunderClan's beloved medicine cat apprentice, Leafpaw. Now the young cats who set off on a quest many moons ago have returned with a chilling message: The Clans must move to a new home, or risk extermination.<br /><br />But it is not easy to convince the cats to leave. Even if all four Clans agreed to travel together, the dangers waiting for them beyond their borders are impossible to predict. More importantly, even the questing cats have no idea where they're supposed to go. What they need is a sign from StarClan . . . but what they need most of all is a plan to save their missing warriors, or risk leaving them behind forever.]]></description>
  <work>
  <id type="integer">106944</id>
  <books_count type="integer">33</books_count>
  <best_book_id type="integer">111021</best_book_id>
  <reviews_count type="integer">29303</reviews_count>
  <ratings_sum type="integer">89384</ratings_sum>
  <ratings_count type="integer">20742</ratings_count>
  <text_reviews_count type="integer">430</text_reviews_count>
  <original_publication_year type="integer">2005</original_publication_year>
  <original_publication_month type="integer">12</original_publication_month>
  <original_publication_day type="integer">27</original_publication_day>
  <original_title>Dawn</original_title>
  <original_language_id type="integer" nil="true"/>
  <media_type>book</media_type>
  <rating_dist>5:11242|4:5596|3:3130|2:626|1:148|total:20742</rating_dist>
  <desc_user_id type="integer">38547135</desc_user_id>
  <default_chaptering_book_id type="integer" nil="true"/>
  <default_description_language_code nil="true"/>
</work>
  <average_rating>4.31</average_rating>
  <num_pages><![CDATA[335]]></num_pages>
  <format><![CDATA[]]></format>
  <edition_information><![CDATA[]]></edition_information>
  <ratings_count><![CDATA[19836]]></ratings_count>
  <text_reviews_count><![CDATA[390]]></text_reviews_count>
  <url><![CDATA[https://www.goodreads.com/book/show/111021.Dawn]]></url>
  <link><![CDATA[https://www.goodreads.com/book/show/111021.Dawn]]></link>
  <authors>
<author>
<id>27498</id>
<name>Erin Hunter</name>
<role></role>
<image_url nophoto='false'>
<![CDATA[https://images.gr-assets.com/authors/1318547591p5/27498.jpg]]>
</image_url>
<small_image_url nophoto='false'>
<![CDATA[https://images.gr-assets.com/authors/1318547591p2/27498.jpg]]>
</small_image_url>
<link><![CDATA[https://www.goodreads.com/author/show/27498.Erin_Hunter]]></link>
<average_rating>4.34</average_rating>
<ratings_count>663726</ratings_count>
<text_reviews_count>23633</text_reviews_count>
</author>
</authors>

    <reviews_widget>
      <![CDATA[
        <style>
  #goodreads-widget {
    font-family: georgia, serif;
    padding: 18px 0;
    width:565px;
  }
  #goodreads-widget h1 {
    font-weight:normal;
    font-size: 16px;
    border-bottom: 1px solid #BBB596;
    margin-bottom: 0;
  }
  #goodreads-widget a {
    text-decoration: none;
    color:#660;
  }
  iframe{
    background-color: #fff;
  }
  #goodreads-widget a:hover { text-decoration: underline; }
  #goodreads-widget a:active {
    color:#660;
  }
  #gr_footer {
    width: 100%;
    border-top: 1px solid #BBB596;
    text-align: right;
  }
  #goodreads-widget .gr_branding{
    color: #382110;
    font-size: 11px;
    text-decoration: none;
    font-family: "Helvetica Neue", Helvetica, Arial, sans-serif;
  }
</style>
<div id="goodreads-widget">
  <div id="gr_header"><h1><a rel="nofollow" href="https://www.goodreads.com/book/show/111021.Dawn">Dawn Reviews</a></h1></div>
  <iframe id="the_iframe" src="https://www.goodreads.com/api/reviews_widget_iframe?did=DEVELOPER_ID&amp;format=html&amp;isbn=006074457X&amp;links=660&amp;min_rating=&amp;review_back=fff&amp;stars=000&amp;text=000" width="565" height="400" frameborder="0"></iframe>
  <div id="gr_footer">
    <a class="gr_branding" target="_blank" rel="nofollow" href="https://www.goodreads.com/book/show/111021.Dawn?utm_medium=api&amp;utm_source=reviews_widget">Reviews from Goodreads.com</a>
  </div>
</div>

      ]]>
    </reviews_widget>
  <popular_shelves>
      <shelf name="to-read" count="892"/>
      <shelf name="warriors" count="528"/>
      <shelf name="fantasy" count="269"/>
      <shelf name="currently-reading" count="230"/>
      <shelf name="favorites" count="112"/>
      <shelf name="erin-hunter" count="95"/>
      <shelf name="books-i-own" count="92"/>
      <shelf name="owned" count="86"/>
      <shelf name="warrior-cats" count="70"/>
      <shelf name="fiction" count="69"/>
      <shelf name="series" count="67"/>
      <shelf name="childhood" count="58"/>
      <shelf name="young-adult" count="54"/>
      <shelf name="middle-grade" count="51"/>
      <shelf name="cats" count="48"/>
      <shelf name="childrens" count="43"/>
      <shelf name="adventure" count="42"/>
      <shelf name="warriors-series" count="34"/>
      <shelf name="animal" count="27"/>
      <shelf name="default" count="23"/>
      <shelf name="animal-fiction" count="23"/>
      <shelf name="childhood-books" count="22"/>
      <shelf name="children" count="21"/>
      <shelf name="owned-books" count="20"/>
      <shelf name="kids" count="18"/>
      <shelf name="children-s" count="18"/>
      <shelf name="i-own" count="17"/>
      <shelf name="ya" count="17"/>
      <shelf name="animal-books" count="16"/>
      <shelf name="children-s-books" count="15"/>
      <shelf name="animals" count="14"/>
      <shelf name="my-books" count="14"/>
      <shelf name="childrens-books" count="13"/>
      <shelf name="animal-fantasy" count="13"/>
      <shelf name="books" count="12"/>
      <shelf name="childhood-reads" count="12"/>
      <shelf name="talking-animals" count="12"/>
      <shelf name="childhood-favorites" count="11"/>
      <shelf name="middle-school" count="11"/>
      <shelf name="my-childhood" count="10"/>
      <shelf name="nostalgia" count="10"/>
      <shelf name="to-buy" count="9"/>
      <shelf name="warriors-books" count="9"/>
      <shelf name="favorite-books" count="9"/>
      <shelf name="have" count="9"/>
      <shelf name="youth" count="8"/>
      <shelf name="romance" count="8"/>
      <shelf name="kids-books" count="7"/>
      <shelf name="action" count="7"/>
      <shelf name="erin-hunter-books" count="7"/>
      <shelf name="favourites" count="7"/>
      <shelf name="my-library" count="7"/>
      <shelf name="warrior-books" count="7"/>
      <shelf name="action-adventure" count="7"/>
      <shelf name="teen" count="7"/>
      <shelf name="anthropomorphic" count="7"/>
      <shelf name="cat-books" count="7"/>
      <shelf name="warriors-the-new-prophecy" count="6"/>
      <shelf name="the-new-prophecy" count="6"/>
      <shelf name="animal-stories" count="6"/>
      <shelf name="reread" count="6"/>
      <shelf name="warriors-cats" count="6"/>
      <shelf name="warrior" count="6"/>
      <shelf name="ya-fiction" count="6"/>
      <shelf name="all-time-favorites" count="6"/>
      <shelf name="novels" count="6"/>
      <shelf name="already-read" count="6"/>
      <shelf name="5-stars" count="6"/>
      <shelf name="warriors-erin-hunter" count="5"/>
      <shelf name="library-books" count="5"/>
      <shelf name="books-i-have" count="5"/>
      <shelf name="awesome" count="5"/>
      <shelf name="children-s-literature" count="5"/>
      <shelf name="favorite" count="5"/>
      <shelf name="on-my-shelf" count="5"/>
      <shelf name="mg" count="5"/>
      <shelf name="own-it" count="5"/>
      <shelf name="to-reread" count="5"/>
      <shelf name="favorite-series" count="5"/>
      <shelf name="survival" count="5"/>
      <shelf name="novel" count="5"/>
      <shelf name="hunter-erin" count="5"/>
      <shelf name="shelfari-wishlist" count="4"/>
      <shelf name="4-stars" count="4"/>
      <shelf name="juvenile" count="4"/>
      <shelf name="female-author" count="4"/>
      <shelf name="young-readers" count="4"/>
      <shelf name="re-read" count="4"/>
      <shelf name="ebook" count="4"/>
      <shelf name="elementary" count="4"/>
      <shelf name="good-books" count="4"/>
      <shelf name="childhood-memories" count="4"/>
      <shelf name="kindle" count="4"/>
      <shelf name="series-books" count="4"/>
      <shelf name="part-of-a-series" count="4"/>
      <shelf name="my-bookshelf" count="4"/>
      <shelf name="anthropomorphism" count="4"/>
      <shelf name="finished" count="4"/>
      <shelf name="erin-hunter-warriors" count="4"/>
      <shelf name="warriorcats" count="4"/>
  </popular_shelves>
  <book_links>
    <book_link>
  <id>8</id>
  <name>Libraries</name>
  <link>https://www.goodreads.com/book_link/follow/8</link>
</book_link>

  </book_links>
  <buy_links>
    <buy_link>
<id>1</id>
<name>Amazon</name>
<link>https://www.goodreads.com/book_link/follow/1</link>
</buy_link>
<buy_link>
<id>10</id>
<name>Audible</name>
<link>https://www.goodreads.com/book_link/follow/10</link>
</buy_link>
<buy_link>
<id>3</id>
<name>Barnes &amp; Noble</name>
<link>https://www.goodreads.com/book_link/follow/3</link>
</buy_link>
<buy_link>
<id>1027</id>
<name>Kobo</name>
<link>https://www.goodreads.com/book_link/follow/1027</link>
</buy_link>
<buy_link>
<id>2102</id>
<name>Apple iBooks</name>
<link>https://www.goodreads.com/book_link/follow/2102</link>
</buy_link>
<buy_link>
<id>8036</id>
<name>Google Play</name>
<link>https://www.goodreads.com/book_link/follow/8036</link>
</buy_link>
<buy_link>
<id>4</id>
<name>Abebooks</name>
<link>https://www.goodreads.com/book_link/follow/4</link>
</buy_link>
<buy_link>
<id>882</id>
<name>Book Depository</name>
<link>https://www.goodreads.com/book_link/follow/882</link>
</buy_link>
<buy_link>
<id>9</id>
<name>Indigo</name>
<link>https://www.goodreads.com/book_link/follow/9</link>
</buy_link>
<buy_link>
<id>2</id>
<name>Half.com</name>
<link>https://www.goodreads.com/book_link/follow/2</link>
</buy_link>
<buy_link>
<id>5</id>
<name>Alibris</name>
<link>https://www.goodreads.com/book_link/follow/5</link>
</buy_link>
<buy_link>
<id>107</id>
<name>Better World Books</name>
<link>https://www.goodreads.com/book_link/follow/107</link>
</buy_link>
<buy_link>
<id>7</id>
<name>IndieBound</name>
<link>https://www.goodreads.com/book_link/follow/7</link>
</buy_link>

  </buy_links>
  <series_works>
    <series_work>
<id>145904</id>
<user_position>3</user_position>
<series>
<id>41183</id>
<title>
<![CDATA[
    Warriors: The New Prophecy
]]>
</title>
<description>
<![CDATA[
    This series is also known as:
    * La guerre des clans : la dernière prophétie
    * 貓戰士：新預言
    
    Part of the <a href="http://www.goodreads.com/series/40705-warriors-universe">Warriors Universe</a>
    
    Proceeded by <a href="http://www.goodreads.com/series/84197-warriors">Warriors</a> and followed by <a href="http://www.goodreads.com/series/45046-warriors-power-of-three">Warriors: Power of Three</a>.
]]>
</description>
<note>
<![CDATA[
]]>
</note>
<series_works_count>10</series_works_count>
<primary_work_count>6</primary_work_count>
<numbered>true</numbered>
</series>

</series_work>
<series_work>
<id>403210</id>
<user_position>15</user_position>
<series>
<id>40705</id>
<title>
<![CDATA[
    Warriors Universe
]]>
</title>
<description>
<![CDATA[
    This series is also known as:
    * Warrior Cats
    * Los gatos guerreros
    * La guerre des clans
    * 貓戰士
    
    All Warriors books in suggested reading order.
    * <a href="http://www.goodreads.com/series/84197-warriors">Warriors</a>
    * <a href="http://www.goodreads.com/series/41183-warriors-the-new-prophecy">Warriors: The New Prophecy</a>
    * <a href="http://www.goodreads.com/series/45046-warriors-power-of-three">Warriors: Power of Three</a>
    * <a href="http://www.goodreads.com/series/46700-warriors-omen-of-the-stars">Warriors: Omen of the Stars</a>
    * <a href="http://www.goodreads.com/series/83893-warriors-dawn-of-the-clans">Warriors: Dawn of the Clans</a>
    * <a href="https://www.goodreads.com/series/158168-warriors-a-vision-of-shadows">Warriors: A Vision of Shadows</a>
    
    See also:
    * <a href="http://www.goodreads.com/series/55353-warriors-super-edition">Warriors Super Editions</a> (related stand alones)
    * <a href="https://www.goodreads.com/series/115203-warriors-novellas">Warriors Novellas</a> (short story stand alones)
    * <a href="http://www.goodreads.com/series/55355-warriors-field-guide">Warriors Field Guides</a> (companion books)
    * <a href="http://www.goodreads.com/series/55356-manga-warriors">Warriors Manga</a> (manga adaptations)
]]>
</description>
<note>
<![CDATA[
]]>
</note>
<series_works_count>34</series_works_count>
<primary_work_count>34</primary_work_count>
<numbered>true</numbered>
</series>

</series_work>

  </series_works>
  <similar_books>
          <book>
<id>7022</id>
<title><![CDATA[The Outcast (Guardians of Ga'Hoole, #8)]]></title>
<title_without_series>The Outcast</title_without_series>
<link><![CDATA[https://www.goodreads.com/book/show/7022.The_Outcast]]></link>
<small_image_url><![CDATA[https://images.gr-assets.com/books/1292898199s/7022.jpg]]></small_image_url>
<image_url><![CDATA[https://images.gr-assets.com/books/1292898199m/7022.jpg]]></image_url>
<num_pages>207</num_pages>
<work>
<id>2254439</id>
</work>
<isbn>0439739519</isbn>
<isbn13>9780439739511</isbn13>
<average_rating>4.08</average_rating>
<ratings_count>6258</ratings_count>
<publication_year>2005</publication_year>
<publication_month>9</publication_month>
<publication_day>1</publication_day>
<authors>
<author>
<id>4735</id>
<name>Kathryn Lasky</name>
<link><![CDATA[https://www.goodreads.com/author/show/4735.Kathryn_Lasky]]></link>
</author>
</authors>
</book>

          <book>
<id>428039</id>
<title>Firewing (Silverwing, #3)</title>
<title_without_series>Firewing</title_without_series>
<link><![CDATA[https://www.goodreads.com/book/show/428039.Firewing]]></link>
<small_image_url><![CDATA[https://s.gr-assets.com/assets/nophoto/book/50x75-a91bf249278a81aabab721ef782c4a74.png]]></small_image_url>
<image_url><![CDATA[https://s.gr-assets.com/assets/nophoto/book/111x148-bcc042a9c91a29c1d680899eff700a03.png]]></image_url>
<num_pages>317</num_pages>
<work>
<id>2046518</id>
</work>
<isbn>0689869886</isbn>
<isbn13>9780689869884</isbn13>
<average_rating>3.85</average_rating>
<ratings_count>5082</ratings_count>
<publication_year>2004</publication_year>
<publication_month>5</publication_month>
<publication_day>4</publication_day>
<authors>
<author>
<id>88922</id>
<name>Kenneth Oppel</name>
<link><![CDATA[https://www.goodreads.com/author/show/88922.Kenneth_Oppel]]></link>
</author>
</authors>
</book>

          <book>
<id>58085</id>
<title>The Sight (Sight, #1)</title>
<title_without_series>The Sight</title_without_series>
<link><![CDATA[https://www.goodreads.com/book/show/58085.The_Sight]]></link>
<small_image_url><![CDATA[https://s.gr-assets.com/assets/nophoto/book/50x75-a91bf249278a81aabab721ef782c4a74.png]]></small_image_url>
<image_url><![CDATA[https://s.gr-assets.com/assets/nophoto/book/111x148-bcc042a9c91a29c1d680899eff700a03.png]]></image_url>
<num_pages>554</num_pages>
<work>
<id>56563</id>
</work>
<isbn>014250047X</isbn>
<isbn13>9780142500477</isbn13>
<average_rating>4.13</average_rating>
<ratings_count>10793</ratings_count>
<publication_year>2003</publication_year>
<publication_month>8</publication_month>
<publication_day>11</publication_day>
<authors>
<author>
<id>32665</id>
<name>David Clement-Davies</name>
<link><![CDATA[https://www.goodreads.com/author/show/32665.David_Clement_Davies]]></link>
</author>
</authors>
</book>

          <book>
<id>24304</id>
<title><![CDATA[Poppy's Return (Dimwood Forest, #4)]]></title>
<title_without_series>Poppy&apos;s Return</title_without_series>
<link><![CDATA[https://www.goodreads.com/book/show/24304.Poppy_s_Return]]></link>
<small_image_url><![CDATA[https://s.gr-assets.com/assets/nophoto/book/50x75-a91bf249278a81aabab721ef782c4a74.png]]></small_image_url>
<image_url><![CDATA[https://s.gr-assets.com/assets/nophoto/book/111x148-bcc042a9c91a29c1d680899eff700a03.png]]></image_url>
<num_pages>256</num_pages>
<work>
<id>1839550</id>
</work>
<isbn>0060000147</isbn>
<isbn13>9780060000141</isbn13>
<average_rating>3.99</average_rating>
<ratings_count>987</ratings_count>
<publication_year>2006</publication_year>
<publication_month>8</publication_month>
<publication_day>22</publication_day>
<authors>
<author>
<id>10105</id>
<name>Avi</name>
<link><![CDATA[https://www.goodreads.com/author/show/10105.Avi]]></link>
</author>
</authors>
</book>

          <book>
<id>7994</id>
<title>Rakkety Tam (Redwall, #17)</title>
<title_without_series>Rakkety Tam</title_without_series>
<link><![CDATA[https://www.goodreads.com/book/show/7994.Rakkety_Tam]]></link>
<small_image_url><![CDATA[https://s.gr-assets.com/assets/nophoto/book/50x75-a91bf249278a81aabab721ef782c4a74.png]]></small_image_url>
<image_url><![CDATA[https://s.gr-assets.com/assets/nophoto/book/111x148-bcc042a9c91a29c1d680899eff700a03.png]]></image_url>
<num_pages>384</num_pages>
<work>
<id>801148</id>
</work>
<isbn>014240683X</isbn>
<isbn13>9780142406830</isbn13>
<average_rating>4.13</average_rating>
<ratings_count>8490</ratings_count>
<publication_year>2006</publication_year>
<publication_month>9</publication_month>
<publication_day>21</publication_day>
<authors>
<author>
<id>5329</id>
<name>Brian Jacques</name>
<link><![CDATA[https://www.goodreads.com/author/show/5329.Brian_Jacques]]></link>
</author>
</authors>
</book>

          <book>
<id>827900</id>
<title>Clan Ground (The Named, #2)</title>
<title_without_series>Clan Ground</title_without_series>
<link><![CDATA[https://www.goodreads.com/book/show/827900.Clan_Ground]]></link>
<small_image_url><![CDATA[https://s.gr-assets.com/assets/nophoto/book/50x75-a91bf249278a81aabab721ef782c4a74.png]]></small_image_url>
<image_url><![CDATA[https://s.gr-assets.com/assets/nophoto/book/111x148-bcc042a9c91a29c1d680899eff700a03.png]]></image_url>
<num_pages>272</num_pages>
<work>
<id>813614</id>
</work>
<isbn>0142408123</isbn>
<isbn13>9780142408124</isbn13>
<average_rating>4.23</average_rating>
<ratings_count>562</ratings_count>
<publication_year>2007</publication_year>
<publication_month>7</publication_month>
<publication_day>19</publication_day>
<authors>
<author>
<id>281552</id>
<name>Clare Bell</name>
<link><![CDATA[https://www.goodreads.com/author/show/281552.Clare_Bell]]></link>
</author>
</authors>
</book>

  </similar_books>
</book>

</GoodreadsResponse>