<?xml version="1.0" encoding="UTF-8"?>
<GoodreadsResponse>
  <Request>
    <authentication>true</authentication>
      <key><![CDATA[all_men_must_serve]]></key>
    <method><![CDATA[book_show]]></method>
  </Request>
  <book>
  <id>11100431</id>
  <title><![CDATA[Heir of Novron (The Riyria Revelations, #5-6)]]></title>
  <isbn><![CDATA[0316187712]]></isbn>
  <isbn13><![CDATA[9780316187718]]></isbn13>
  <asin><![CDATA[]]></asin>
  <kindle_asin><![CDATA[B0068PHWJI]]></kindle_asin>
  <marketplace_id><![CDATA[A1F83G8C2ARO7P]]></marketplace_id>
  <country_code><![CDATA[GB]]></country_code>
  <image_url>https://images.gr-assets.com/books/1307960132m/11100431.jpg</image_url>
  <small_image_url>https://images.gr-assets.com/books/1307960132s/11100431.jpg</small_image_url>
  <publication_year>2012</publication_year>
  <publication_month>1</publication_month>
  <publication_day>31</publication_day>
  <publisher>Orbit</publisher>
  <language_code>eng</language_code>
  <is_ebook>false</is_ebook>
  <description><![CDATA[<i>A FORCED WEDDING. A DOUBLE EXECUTION. TWO THIEVES HAVE OTHER PLANS.</i><br /><br />The New Empire intends to celebrate its victory over the Nationalists with a day that will never be forgotten. On the high holiday of Wintertide, they plan to execute two traitors (Degan Gaunt and the Witch of Melengar) as well as force the Empress into a marriage of their own design. But they didn’t account for Royce and Hadrian finally locating the Heir of Novron—or the pair’s desire to wreak havoc on the New Empire’s carefully crafted scheme.]]></description>
  <work>
  <id type="integer">16022532</id>
  <books_count type="integer">19</books_count>
  <best_book_id type="integer">11100431</best_book_id>
  <reviews_count type="integer">38479</reviews_count>
  <ratings_sum type="integer">125916</ratings_sum>
  <ratings_count type="integer">28208</ratings_count>
  <text_reviews_count type="integer">1512</text_reviews_count>
  <original_publication_year type="integer">2012</original_publication_year>
  <original_publication_month type="integer">1</original_publication_month>
  <original_publication_day type="integer">1</original_publication_day>
  <original_title>Heir of Novron</original_title>
  <original_language_id type="integer" nil="true"/>
  <media_type>book</media_type>
  <rating_dist>5:16453|4:8971|3:2319|2:345|1:120|total:28208</rating_dist>
  <desc_user_id type="integer">10308842</desc_user_id>
  <default_chaptering_book_id type="integer" nil="true"/>
  <default_description_language_code nil="true"/>
</work>
  <average_rating>4.46</average_rating>
  <num_pages><![CDATA[932]]></num_pages>
  <format><![CDATA[Paperback]]></format>
  <edition_information><![CDATA[]]></edition_information>
  <ratings_count><![CDATA[25233]]></ratings_count>
  <text_reviews_count><![CDATA[1320]]></text_reviews_count>
  <url><![CDATA[https://www.goodreads.com/book/show/11100431-heir-of-novron]]></url>
  <link><![CDATA[https://www.goodreads.com/book/show/11100431-heir-of-novron]]></link>
  <authors>
<author>
<id>2063919</id>
<name>Michael J. Sullivan</name>
<role></role>
<image_url nophoto='false'>
<![CDATA[https://images.gr-assets.com/authors/1433443335p5/2063919.jpg]]>
</image_url>
<small_image_url nophoto='false'>
<![CDATA[https://images.gr-assets.com/authors/1433443335p2/2063919.jpg]]>
</small_image_url>
<link><![CDATA[https://www.goodreads.com/author/show/2063919.Michael_J_Sullivan]]></link>
<average_rating>4.29</average_rating>
<ratings_count>207186</ratings_count>
<text_reviews_count>13942</text_reviews_count>
</author>
</authors>

    <reviews_widget>
      <![CDATA[
        <style>
  #goodreads-widget {
    font-family: georgia, serif;
    padding: 18px 0;
    width:565px;
  }
  #goodreads-widget h1 {
    font-weight:normal;
    font-size: 16px;
    border-bottom: 1px solid #BBB596;
    margin-bottom: 0;
  }
  #goodreads-widget a {
    text-decoration: none;
    color:#660;
  }
  iframe{
    background-color: #fff;
  }
  #goodreads-widget a:hover { text-decoration: underline; }
  #goodreads-widget a:active {
    color:#660;
  }
  #gr_footer {
    width: 100%;
    border-top: 1px solid #BBB596;
    text-align: right;
  }
  #goodreads-widget .gr_branding{
    color: #382110;
    font-size: 11px;
    text-decoration: none;
    font-family: "Helvetica Neue", Helvetica, Arial, sans-serif;
  }
</style>
<div id="goodreads-widget">
  <div id="gr_header"><h1><a rel="nofollow" href="https://www.goodreads.com/book/show/11100431-heir-of-novron">Heir of Novron Reviews</a></h1></div>
  <iframe id="the_iframe" src="https://www.goodreads.com/api/reviews_widget_iframe?did=DEVELOPER_ID&amp;format=html&amp;isbn=0316187712&amp;links=660&amp;min_rating=&amp;review_back=fff&amp;stars=000&amp;text=000" width="565" height="400" frameborder="0"></iframe>
  <div id="gr_footer">
    <a class="gr_branding" target="_blank" rel="nofollow" href="https://www.goodreads.com/book/show/11100431-heir-of-novron?utm_medium=api&amp;utm_source=reviews_widget">Reviews from Goodreads.com</a>
  </div>
</div>

      ]]>
    </reviews_widget>
  <popular_shelves>
      <shelf name="to-read" count="7386"/>
      <shelf name="fantasy" count="1543"/>
      <shelf name="currently-reading" count="511"/>
      <shelf name="favorites" count="506"/>
      <shelf name="epic-fantasy" count="112"/>
      <shelf name="fiction" count="97"/>
      <shelf name="audiobook" count="68"/>
      <shelf name="adventure" count="62"/>
      <shelf name="owned" count="56"/>
      <shelf name="series" count="55"/>
      <shelf name="audiobooks" count="54"/>
      <shelf name="favourites" count="51"/>
      <shelf name="high-fantasy" count="48"/>
      <shelf name="magic" count="48"/>
      <shelf name="audible" count="47"/>
      <shelf name="kindle" count="39"/>
      <shelf name="epic" count="33"/>
      <shelf name="audio" count="32"/>
      <shelf name="riyria" count="32"/>
      <shelf name="sci-fi-fantasy" count="30"/>
      <shelf name="books-i-own" count="30"/>
      <shelf name="ebook" count="29"/>
      <shelf name="fantasy-sci-fi" count="26"/>
      <shelf name="adult" count="25"/>
      <shelf name="to-buy" count="24"/>
      <shelf name="thieves" count="23"/>
      <shelf name="michael-j-sullivan" count="22"/>
      <shelf name="owned-books" count="21"/>
      <shelf name="ebooks" count="20"/>
      <shelf name="library" count="19"/>
      <shelf name="favorite" count="17"/>
      <shelf name="elves" count="15"/>
      <shelf name="fantasy-epic" count="14"/>
      <shelf name="favorite-books" count="14"/>
      <shelf name="all-time-favorites" count="13"/>
      <shelf name="audio-books" count="13"/>
      <shelf name="action" count="12"/>
      <shelf name="fantasy-scifi" count="12"/>
      <shelf name="medieval" count="12"/>
      <shelf name="fantasy-series" count="12"/>
      <shelf name="the-riyria-revelations" count="12"/>
      <shelf name="read-in-2017" count="11"/>
      <shelf name="read-in-2016" count="11"/>
      <shelf name="5-star" count="11"/>
      <shelf name="audio-book" count="11"/>
      <shelf name="read-2016" count="10"/>
      <shelf name="read-in-2013" count="10"/>
      <shelf name="read-2013" count="10"/>
      <shelf name="5-stars" count="10"/>
      <shelf name="completed-series" count="10"/>
      <shelf name="romance" count="10"/>
      <shelf name="wish-list" count="10"/>
      <shelf name="riyria-revelations" count="10"/>
      <shelf name="e-book" count="9"/>
      <shelf name="favs" count="9"/>
      <shelf name="loved" count="9"/>
      <shelf name="thief" count="9"/>
      <shelf name="e-books" count="9"/>
      <shelf name="best-fantasy" count="9"/>
      <shelf name="scifi-fantasy" count="9"/>
      <shelf name="science-fiction-fantasy" count="9"/>
      <shelf name="reviewed" count="9"/>
      <shelf name="omnibus" count="9"/>
      <shelf name="tbr" count="8"/>
      <shelf name="read-2015" count="8"/>
      <shelf name="fantasy-read" count="8"/>
      <shelf name="read-in-2014" count="8"/>
      <shelf name="default" count="8"/>
      <shelf name="own-it" count="8"/>
      <shelf name="assassins" count="8"/>
      <shelf name="adult-fantasy" count="8"/>
      <shelf name="read-in-2012" count="8"/>
      <shelf name="2016-read" count="7"/>
      <shelf name="read-in-2015" count="7"/>
      <shelf name="to-read-fantasy" count="7"/>
      <shelf name="read-2014" count="7"/>
      <shelf name="good-fantasy" count="7"/>
      <shelf name="listened-to" count="7"/>
      <shelf name="re-read" count="7"/>
      <shelf name="bromance" count="7"/>
      <shelf name="recommended" count="7"/>
      <shelf name="science-fiction" count="7"/>
      <shelf name="favorite-fantasy" count="7"/>
      <shelf name="sword-and-sorcery" count="7"/>
      <shelf name="sullivan" count="6"/>
      <shelf name="my-favorites" count="6"/>
      <shelf name="favourite" count="6"/>
      <shelf name="thieves-and-assassins" count="6"/>
      <shelf name="books" count="6"/>
      <shelf name="assassin" count="6"/>
      <shelf name="best" count="6"/>
      <shelf name="listened" count="6"/>
      <shelf name="heroic-fantasy" count="6"/>
      <shelf name="sf-fantasy" count="6"/>
      <shelf name="2016-reads" count="5"/>
      <shelf name="owned-tbr" count="5"/>
      <shelf name="nook" count="5"/>
      <shelf name="favourite-books" count="5"/>
      <shelf name="mystery" count="5"/>
      <shelf name="fantasy-adventure" count="5"/>
  </popular_shelves>
  <book_links>
    <book_link>
  <id>8</id>
  <name>Libraries</name>
  <link>https://www.goodreads.com/book_link/follow/8</link>
</book_link>

  </book_links>
  <buy_links>
    <buy_link>
<id>1</id>
<name>Amazon</name>
<link>https://www.goodreads.com/book_link/follow/1</link>
</buy_link>
<buy_link>
<id>10</id>
<name>Audible</name>
<link>https://www.goodreads.com/book_link/follow/10</link>
</buy_link>
<buy_link>
<id>3</id>
<name>Barnes &amp; Noble</name>
<link>https://www.goodreads.com/book_link/follow/3</link>
</buy_link>
<buy_link>
<id>1027</id>
<name>Kobo</name>
<link>https://www.goodreads.com/book_link/follow/1027</link>
</buy_link>
<buy_link>
<id>2102</id>
<name>Apple iBooks</name>
<link>https://www.goodreads.com/book_link/follow/2102</link>
</buy_link>
<buy_link>
<id>8036</id>
<name>Google Play</name>
<link>https://www.goodreads.com/book_link/follow/8036</link>
</buy_link>
<buy_link>
<id>4</id>
<name>Abebooks</name>
<link>https://www.goodreads.com/book_link/follow/4</link>
</buy_link>
<buy_link>
<id>882</id>
<name>Book Depository</name>
<link>https://www.goodreads.com/book_link/follow/882</link>
</buy_link>
<buy_link>
<id>9</id>
<name>Indigo</name>
<link>https://www.goodreads.com/book_link/follow/9</link>
</buy_link>
<buy_link>
<id>2</id>
<name>Half.com</name>
<link>https://www.goodreads.com/book_link/follow/2</link>
</buy_link>
<buy_link>
<id>5</id>
<name>Alibris</name>
<link>https://www.goodreads.com/book_link/follow/5</link>
</buy_link>
<buy_link>
<id>107</id>
<name>Better World Books</name>
<link>https://www.goodreads.com/book_link/follow/107</link>
</buy_link>
<buy_link>
<id>7</id>
<name>IndieBound</name>
<link>https://www.goodreads.com/book_link/follow/7</link>
</buy_link>

  </buy_links>
  <series_works>
    <series_work>
<id>481332</id>
<user_position>5-6</user_position>
<series>
<id>96465</id>
<title>
<![CDATA[
    The Riyria Revelations
]]>
</title>
<description>
<![CDATA[
    see also
    <a href="https://www.goodreads.com/series/175806-the-riyria-chronicles"><i>The Riyria Chronicles</i></a>
    
    This series was published in two different ways (six-book originally self-published and three, two-book omnibus editions). The original versions are out of print (having been replaced by Orbit releases). The series includes:
    
    * Theft of Swords: The Crown Conspiracy & Avempartha
    * Rise of Empire: Nyphron Rising & The Emerald Storm
    * Heir of Novron: Wintertide & Percepliquis
    
    <a href="http://www.michaelsullivan-author.com/images/riyria_new_to_old.jpg"><img src="http://www.michaelsullivan-author.com/images/riyria_new_to_old.jpg"></a>
    
    <b>ABOUT THE SERIES:</b> Instead of a string of sequels, the entire series was conceived as a single epic tale divided into individual episodes. All were written before the first was released so that plot elements are intertwined, yet each is self-contained with it's own conflict and resolution.
    
    <a href="https://www.goodreads.com/series/87887-the-riyria-chronicles"><i>The Riyria Chronicles</i></a> is a prequel series to <i>The Riyria Revelations</i> which explores: the origin of the partnership between Royce and Hadrian, how Riyria was formed, and the adventures the two went on during the twelve years prior to the events in <i>The Riyria Revelations</i>.
    
    While you can read the books in either publication order (starting with <i>Theft of Swords</i>) or chronologically (starting with <i>The Crown Tower</i>) the author suggest publication order as you are introduced to the characters and world as originally intended. In addition, there are some subtle winks and nods for veterans of Revelations when reading Chronicles. These aren't major plot points just little extras for "those in the know."
    
    The two reading options are:
    
    <img src="http://bit.ly/1MwMUAH">
]]>
</description>
<note>
<![CDATA[
    Additional info re: series moved from blurb of one book to here.
]]>
</note>
<series_works_count>10</series_works_count>
<primary_work_count>6</primary_work_count>
<numbered>true</numbered>
</series>

</series_work>
<series_work>
<id>535556</id>
<user_position>9-10</user_position>
<series>
<id>110612</id>
<title>
<![CDATA[
    Riyria
]]>
</title>
<description>
<![CDATA[
    Collecting the various Riyria novels and shorts into one chronologically ordered list.
    
    For the novels, two reading options exist:
    
    <img src="http://bit.ly/1MwMUAH">
]]>
</description>
<note>
<![CDATA[
]]>
</note>
<series_works_count>14</series_works_count>
<primary_work_count>7</primary_work_count>
<numbered>true</numbered>
</series>

</series_work>

  </series_works>
  <similar_books>
          <book>
<id>10834868</id>
<title><![CDATA[The Spirit War (The Legend of Eli Monpress, #4)]]></title>
<title_without_series>The Spirit War</title_without_series>
<link><![CDATA[https://www.goodreads.com/book/show/10834868-the-spirit-war]]></link>
<small_image_url><![CDATA[https://images.gr-assets.com/books/1330089634s/10834868.jpg]]></small_image_url>
<image_url><![CDATA[https://images.gr-assets.com/books/1330089634m/10834868.jpg]]></image_url>
<num_pages>320</num_pages>
<work>
<id>15748974</id>
</work>
<isbn>0316128198</isbn>
<isbn13>9780316128193</isbn13>
<average_rating>4.22</average_rating>
<ratings_count>4568</ratings_count>
<publication_year>2012</publication_year>
<publication_month>6</publication_month>
<publication_day>5</publication_day>
<authors>
<author>
<id>3504189</id>
<name>Rachel Aaron</name>
<link><![CDATA[https://www.goodreads.com/author/show/3504189.Rachel_Aaron]]></link>
</author>
</authors>
</book>

          <book>
<id>12395241</id>
<title><![CDATA[Sworn in Steel (Tales of the Kin, #2)]]></title>
<title_without_series>Sworn in Steel</title_without_series>
<link><![CDATA[https://www.goodreads.com/book/show/12395241-sworn-in-steel]]></link>
<small_image_url><![CDATA[https://images.gr-assets.com/books/1323247012s/12395241.jpg]]></small_image_url>
<image_url><![CDATA[https://images.gr-assets.com/books/1323247012m/12395241.jpg]]></image_url>
<num_pages>499</num_pages>
<work>
<id>17376418</id>
</work>
<isbn>0451464478</isbn>
<isbn13>9780451464477</isbn13>
<average_rating>4.20</average_rating>
<ratings_count>4205</ratings_count>
<publication_year>2014</publication_year>
<publication_month>5</publication_month>
<publication_day>6</publication_day>
<authors>
<author>
<id>4178213</id>
<name>Douglas Hulick</name>
<link><![CDATA[https://www.goodreads.com/author/show/4178213.Douglas_Hulick]]></link>
</author>
</authors>
</book>

          <book>
<id>17608111</id>
<title><![CDATA[The Crimson Campaign (Powder Mage, #2)]]></title>
<title_without_series>The Crimson Campaign</title_without_series>
<link><![CDATA[https://www.goodreads.com/book/show/17608111-the-crimson-campaign]]></link>
<small_image_url><![CDATA[https://images.gr-assets.com/books/1363102695s/17608111.jpg]]></small_image_url>
<image_url><![CDATA[https://images.gr-assets.com/books/1363102695m/17608111.jpg]]></image_url>
<num_pages>596</num_pages>
<work>
<id>24566794</id>
</work>
<isbn>0356502023</isbn>
<isbn13>9780356502021</isbn13>
<average_rating>4.36</average_rating>
<ratings_count>17104</ratings_count>
<publication_year>2014</publication_year>
<publication_month>5</publication_month>
<publication_day>6</publication_day>
<authors>
<author>
<id>6524620</id>
<name>Brian  McClellan</name>
<link><![CDATA[https://www.goodreads.com/author/show/6524620.Brian_McClellan]]></link>
</author>
</authors>
</book>

          <book>
<id>12759057</id>
<title><![CDATA[The King's Blood (The Dagger and the Coin, #2)]]></title>
<title_without_series>The King&apos;s Blood</title_without_series>
<link><![CDATA[https://www.goodreads.com/book/show/12759057-the-king-s-blood]]></link>
<small_image_url><![CDATA[https://images.gr-assets.com/books/1356495172s/12759057.jpg]]></small_image_url>
<image_url><![CDATA[https://images.gr-assets.com/books/1356495172m/12759057.jpg]]></image_url>
<num_pages>501</num_pages>
<work>
<id>17901316</id>
</work>
<isbn>1841498890</isbn>
<isbn13>9781841498898</isbn13>
<average_rating>4.00</average_rating>
<ratings_count>9192</ratings_count>
<publication_year>2012</publication_year>
<publication_month>5</publication_month>
<publication_day>3</publication_day>
<authors>
<author>
<id>13557729</id>
<name>Daniel Abraham</name>
<link><![CDATA[https://www.goodreads.com/author/show/13557729.Daniel_Abraham]]></link>
</author>
</authors>
</book>

          <book>
<id>9268487</id>
<title><![CDATA[The Daylight War (Demon Cycle, #3)]]></title>
<title_without_series>The Daylight War</title_without_series>
<link><![CDATA[https://www.goodreads.com/book/show/9268487-the-daylight-war]]></link>
<small_image_url><![CDATA[https://images.gr-assets.com/books/1360777092s/9268487.jpg]]></small_image_url>
<image_url><![CDATA[https://images.gr-assets.com/books/1360777092m/9268487.jpg]]></image_url>
<num_pages>639</num_pages>
<work>
<id>14150105</id>
</work>
<isbn>0345503821</isbn>
<isbn13>9780345503824</isbn13>
<average_rating>4.23</average_rating>
<ratings_count>39229</ratings_count>
<publication_year>2013</publication_year>
<publication_month>2</publication_month>
<publication_day>12</publication_day>
<authors>
<author>
<id>1405152</id>
<name>Peter V. Brett</name>
<link><![CDATA[https://www.goodreads.com/author/show/1405152.Peter_V_Brett]]></link>
</author>
</authors>
</book>

          <book>
<id>13590715</id>
<title><![CDATA[The Tainted City (Shattered Sigil, #2)]]></title>
<title_without_series>The Tainted City</title_without_series>
<link><![CDATA[https://www.goodreads.com/book/show/13590715-the-tainted-city]]></link>
<small_image_url><![CDATA[https://images.gr-assets.com/books/1340241078s/13590715.jpg]]></small_image_url>
<image_url><![CDATA[https://images.gr-assets.com/books/1340241078m/13590715.jpg]]></image_url>
<num_pages>402</num_pages>
<work>
<id>19178702</id>
</work>
<isbn>1597804037</isbn>
<isbn13>9781597804035</isbn13>
<average_rating>3.94</average_rating>
<ratings_count>604</ratings_count>
<publication_year>2012</publication_year>
<publication_month>9</publication_month>
<publication_day>25</publication_day>
<authors>
<author>
<id>4752492</id>
<name>Courtney Schafer</name>
<link><![CDATA[https://www.goodreads.com/author/show/4752492.Courtney_Schafer]]></link>
</author>
</authors>
</book>

          <book>
<id>12928605</id>
<title>A Dance of Death</title>
<title_without_series>A Dance of Death</title_without_series>
<link><![CDATA[https://www.goodreads.com/book/show/12928605-a-dance-of-death]]></link>
<small_image_url><![CDATA[https://images.gr-assets.com/books/1362091666s/12928605.jpg]]></small_image_url>
<image_url><![CDATA[https://images.gr-assets.com/books/1362091666m/12928605.jpg]]></image_url>
<num_pages>330</num_pages>
<work>
<id>18084263</id>
</work>
<isbn></isbn>
<isbn13></isbn13>
<average_rating>4.06</average_rating>
<ratings_count>4039</ratings_count>
<publication_year>2011</publication_year>
<publication_month>10</publication_month>
<publication_day>19</publication_day>
<authors>
<author>
<id>3399559</id>
<name>David Dalglish</name>
<link><![CDATA[https://www.goodreads.com/author/show/3399559.David_Dalglish]]></link>
</author>
</authors>
</book>

          <book>
<id>22055280</id>
<title><![CDATA[The Providence of Fire (Chronicle of the Unhewn Throne, #2)]]></title>
<title_without_series>The Providence of Fire</title_without_series>
<link><![CDATA[https://www.goodreads.com/book/show/22055280-the-providence-of-fire]]></link>
<small_image_url><![CDATA[https://images.gr-assets.com/books/1405301050s/22055280.jpg]]></small_image_url>
<image_url><![CDATA[https://images.gr-assets.com/books/1405301050m/22055280.jpg]]></image_url>
<num_pages>608</num_pages>
<work>
<id>39923827</id>
</work>
<isbn>0765336413</isbn>
<isbn13>9780765336415</isbn13>
<average_rating>4.16</average_rating>
<ratings_count>14122</ratings_count>
<publication_year>2015</publication_year>
<publication_month>1</publication_month>
<publication_day>13</publication_day>
<authors>
<author>
<id>7086094</id>
<name>Brian Staveley</name>
<link><![CDATA[https://www.goodreads.com/author/show/7086094.Brian_Staveley]]></link>
</author>
</authors>
</book>

          <book>
<id>23524878</id>
<title><![CDATA[Ruin (The Faithful and the Fallen, #3)]]></title>
<title_without_series>Ruin</title_without_series>
<link><![CDATA[https://www.goodreads.com/book/show/23524878-ruin]]></link>
<small_image_url><![CDATA[https://images.gr-assets.com/books/1437062982s/23524878.jpg]]></small_image_url>
<image_url><![CDATA[https://images.gr-assets.com/books/1437062982m/23524878.jpg]]></image_url>
<num_pages>672</num_pages>
<work>
<id>43127910</id>
</work>
<isbn>1447259629</isbn>
<isbn13>9781447259626</isbn13>
<average_rating>4.44</average_rating>
<ratings_count>3568</ratings_count>
<publication_year>2015</publication_year>
<publication_month>7</publication_month>
<publication_day>16</publication_day>
<authors>
<author>
<id>5898355</id>
<name>John Gwynne</name>
<link><![CDATA[https://www.goodreads.com/author/show/5898355.John_Gwynne]]></link>
</author>
</authors>
</book>

          <book>
<id>18138189</id>
<title><![CDATA[Tower Lord (Raven's Shadow, #2)]]></title>
<title_without_series>Tower Lord</title_without_series>
<link><![CDATA[https://www.goodreads.com/book/show/18138189-tower-lord]]></link>
<small_image_url><![CDATA[https://images.gr-assets.com/books/1382486392s/18138189.jpg]]></small_image_url>
<image_url><![CDATA[https://images.gr-assets.com/books/1382486392m/18138189.jpg]]></image_url>
<num_pages>602</num_pages>
<work>
<id>25481154</id>
</work>
<isbn>0425265625</isbn>
<isbn13>9780425265628</isbn13>
<average_rating>4.19</average_rating>
<ratings_count>29310</ratings_count>
<publication_year>2014</publication_year>
<publication_month>7</publication_month>
<publication_day>1</publication_day>
<authors>
<author>
<id>5804101</id>
<name>Anthony  Ryan</name>
<link><![CDATA[https://www.goodreads.com/author/show/5804101.Anthony_Ryan]]></link>
</author>
</authors>
</book>

          <book>
<id>23547364</id>
<title><![CDATA[Knight's Shadow (Greatcoats, #2)]]></title>
<title_without_series>Knight&apos;s Shadow</title_without_series>
<link><![CDATA[https://www.goodreads.com/book/show/23547364-knight-s-shadow]]></link>
<small_image_url><![CDATA[https://images.gr-assets.com/books/1421878279s/23547364.jpg]]></small_image_url>
<image_url><![CDATA[https://images.gr-assets.com/books/1421878279m/23547364.jpg]]></image_url>
<num_pages>606</num_pages>
<work>
<id>41935536</id>
</work>
<isbn>1782066772</isbn>
<isbn13>9781782066774</isbn13>
<average_rating>4.29</average_rating>
<ratings_count>4418</ratings_count>
<publication_year>2015</publication_year>
<publication_month>3</publication_month>
<publication_day>5</publication_day>
<authors>
<author>
<id>7390210</id>
<name>Sebastien de Castell</name>
<link><![CDATA[https://www.goodreads.com/author/show/7390210.Sebastien_de_Castell]]></link>
</author>
</authors>
</book>

          <book>
<id>12499290</id>
<title><![CDATA[The Blinding Knife (Lightbringer, #2)]]></title>
<title_without_series>The Blinding Knife</title_without_series>
<link><![CDATA[https://www.goodreads.com/book/show/12499290-the-blinding-knife]]></link>
<small_image_url><![CDATA[https://images.gr-assets.com/books/1338432693s/12499290.jpg]]></small_image_url>
<image_url><![CDATA[https://images.gr-assets.com/books/1338432693m/12499290.jpg]]></image_url>
<num_pages>671</num_pages>
<work>
<id>17484647</id>
</work>
<isbn>031607991X</isbn>
<isbn13>9780316079914</isbn13>
<average_rating>4.45</average_rating>
<ratings_count>47334</ratings_count>
<publication_year>2012</publication_year>
<publication_month>9</publication_month>
<publication_day>11</publication_day>
<authors>
<author>
<id>1370283</id>
<name>Brent Weeks</name>
<link><![CDATA[https://www.goodreads.com/author/show/1370283.Brent_Weeks]]></link>
</author>
</authors>
</book>

          <book>
<id>22845353</id>
<title><![CDATA[Circle of Reign (The Dying Lands Chronicle, #1)]]></title>
<title_without_series>Circle of Reign</title_without_series>
<link><![CDATA[https://www.goodreads.com/book/show/22845353-circle-of-reign]]></link>
<small_image_url><![CDATA[https://images.gr-assets.com/books/1408666464s/22845353.jpg]]></small_image_url>
<image_url><![CDATA[https://images.gr-assets.com/books/1408666464m/22845353.jpg]]></image_url>
<num_pages>616</num_pages>
<work>
<id>42404899</id>
</work>
<isbn>0692246738</isbn>
<isbn13>9780692246733</isbn13>
<average_rating>3.95</average_rating>
<ratings_count>657</ratings_count>
<publication_year>2014</publication_year>
<publication_month>7</publication_month>
<publication_day>24</publication_day>
<authors>
<author>
<id>8423109</id>
<name>Jacob  Cooper</name>
<link><![CDATA[https://www.goodreads.com/author/show/8423109.Jacob_Cooper]]></link>
</author>
</authors>
</book>

          <book>
<id>2890090</id>
<title><![CDATA[The Republic of Thieves (Gentleman Bastard, #3)]]></title>
<title_without_series>The Republic of Thieves</title_without_series>
<link><![CDATA[https://www.goodreads.com/book/show/2890090-the-republic-of-thieves]]></link>
<small_image_url><![CDATA[https://s.gr-assets.com/assets/nophoto/book/50x75-a91bf249278a81aabab721ef782c4a74.png]]></small_image_url>
<image_url><![CDATA[https://s.gr-assets.com/assets/nophoto/book/111x148-bcc042a9c91a29c1d680899eff700a03.png]]></image_url>
<num_pages>650</num_pages>
<work>
<id>2916344</id>
</work>
<isbn>0553804693</isbn>
<isbn13>9780553804690</isbn13>
<average_rating>4.23</average_rating>
<ratings_count>53625</ratings_count>
<publication_year>2013</publication_year>
<publication_month>10</publication_month>
<publication_day>8</publication_day>
<authors>
<author>
<id>73149</id>
<name>Scott Lynch</name>
<link><![CDATA[https://www.goodreads.com/author/show/73149.Scott_Lynch]]></link>
</author>
</authors>
</book>

  </similar_books>
</book>

</GoodreadsResponse>