<?xml version="1.0" encoding="UTF-8"?>
<GoodreadsResponse>
  <Request>
    <authentication>true</authentication>
      <key><![CDATA[all_men_must_serve]]></key>
    <method><![CDATA[book_show]]></method>
  </Request>
  <book>
  <id>11106458</id>
  <title><![CDATA[The Mortal Instruments (The Mortal Instruments #1-4)]]></title>
  <isbn><![CDATA[1442440430]]></isbn>
  <isbn13><![CDATA[9781442440432]]></isbn13>
  <asin><![CDATA[]]></asin>
  <kindle_asin><![CDATA[]]></kindle_asin>
  <marketplace_id><![CDATA[]]></marketplace_id>
  <country_code><![CDATA[GB]]></country_code>
  <image_url>https://images.gr-assets.com/books/1313073526m/11106458.jpg</image_url>
  <small_image_url>https://images.gr-assets.com/books/1313073526s/11106458.jpg</small_image_url>
  <publication_year>2011</publication_year>
  <publication_month>4</publication_month>
  <publication_day>19</publication_day>
  <publisher>Margaret K. McElderry Books</publisher>
  <language_code>eng</language_code>
  <is_ebook>true</is_ebook>
  <description><![CDATA[The Shadowhunters—touched by angels and charged with protecting innocents—battle demons and other evil in the bestselling Mortal Instruments series. <p>
  <b>
    <i>City of Bones </i>
  </b>
</p><p>When Clary Fray heads out to the Pandemonium Club in New York City, she hardly expects to witness a murder. Much less a murder committed by three teenagers covered with odd markings. This is Clary’s first meeting with the Shadowhunters, warriors dedicated to ridding the earth of demons—and keeping the odd werewolves and vampires in line. It’s also her first meeting with gorgeous, golden-haired Jace. Within twenty-four hours Clary is pulled into Jace’s world with a vengeance, when her mother disappears and Clary herself is attacked by a demon. But why would demons be interested in an ordinary mundane like Clary? And how did she suddenly get the Sight? The Shadowhunters would like to know. . . . </p><p>
  <b>
    <i>City of Ashes </i>
  </b>
</p><p>Clary Fray just wishes that her life would go back to normal. But what’s normal when you’re a demon-slaying Shadowhunter, your mother is in a magically induced coma, and you can suddenly see Downworlders like werewolves, vampires, and faeries? Clary would love to spend more time with her best friend, Simon. But the Shadowhunters won’t let her go—especially handsome, infuriating Jace. Clary’s only chance to help her mother is to track down rogue Shadowhunter Valentine, who is probably insane, certainly evil—and also Jace’s father. When the second of the Mortal Instruments is stolen, the terrifying Inquisitor suspects Jace. Could Jace really be willing to betray everything he believes in to help his father? </p><p>
  <b>
    <i>City of Glass </i>
  </b>
</p><p>To save her mother’s life, Clary travels to the City of Glass, the ancestral home of the Shadowhunters—never mind that by doing so she is breaking the Law, which could mean death. Even worse, Jace does not want her there, and Simon has been thrown in prison by Shadowhunters who are deeply suspicious of a vampire who can withstand sunlight. Luckily, Clary finds an ally in the mysterious Sebastian, who holds a strange attraction for her. As Valentine musters a demon army, can Downworlders and Shadowhunters put aside their ancient hatred and work together? And can Clary harness her newfound powers to help save them all—whatever the cost? </p><p>
  <b>
    <i>City of Fallen Angels </i>
  </b>
</p><p>The Mortal War is over, and Clary is back in New York, excited about all the possibilities before her. She's training to become a Shadowhunter and to use her unique power. Downworlders and Shadowhunters are at peace at last. And—most importantly of all—she can finally call Jace her boyfriend. But nothing comes without a price. Someone is murdering Shadowhunters, provoking tensions that could lead to a second, bloody war. Clary's best friend, Simon, can't help her. Everywhere he turns, someone wants him on their side—along with the power of the curse that's wrecking his life. Not to mention that he's dating two beautiful, dangerous girls—neither of whom knows about the other. When Jace begins to pull away from her without explaining why, Clary is forced to delve into the heart of a mystery whose solution reveals her worst nightmare: She herself has set in motion a terrible chain of events that could lead to her losing everything she loves. Even Jace.</p>]]></description>
  <work>
  <id type="integer">16028692</id>
  <books_count type="integer">3</books_count>
  <best_book_id type="integer">11106458</best_book_id>
  <reviews_count type="integer">23288</reviews_count>
  <ratings_sum type="integer">66432</ratings_sum>
  <ratings_count type="integer">14480</ratings_count>
  <text_reviews_count type="integer">376</text_reviews_count>
  <original_publication_year type="integer">2011</original_publication_year>
  <original_publication_month type="integer">4</original_publication_month>
  <original_publication_day type="integer">19</original_publication_day>
  <original_title>The Mortal Instrument Series: City of Bones / City of Ashes / City of Glass / City of Fallen Angels</original_title>
  <original_language_id type="integer" nil="true"/>
  <media_type>book</media_type>
  <rating_dist>5:10323|4:2853|3:940|2:221|1:143|total:14480</rating_dist>
  <desc_user_id type="integer">4686837</desc_user_id>
  <default_chaptering_book_id type="integer" nil="true"/>
  <default_description_language_code nil="true"/>
</work>
  <average_rating>4.59</average_rating>
  <num_pages><![CDATA[1952]]></num_pages>
  <format><![CDATA[ebook]]></format>
  <edition_information><![CDATA[]]></edition_information>
  <ratings_count><![CDATA[14002]]></ratings_count>
  <text_reviews_count><![CDATA[373]]></text_reviews_count>
  <url><![CDATA[https://www.goodreads.com/book/show/11106458-the-mortal-instruments]]></url>
  <link><![CDATA[https://www.goodreads.com/book/show/11106458-the-mortal-instruments]]></link>
  <authors>
<author>
<id>150038</id>
<name>Cassandra Clare</name>
<role></role>
<image_url nophoto='false'>
<![CDATA[https://images.gr-assets.com/authors/1270502031p5/150038.jpg]]>
</image_url>
<small_image_url nophoto='false'>
<![CDATA[https://images.gr-assets.com/authors/1270502031p2/150038.jpg]]>
</small_image_url>
<link><![CDATA[https://www.goodreads.com/author/show/150038.Cassandra_Clare]]></link>
<average_rating>4.27</average_rating>
<ratings_count>5141847</ratings_count>
<text_reviews_count>288647</text_reviews_count>
</author>
</authors>

    <reviews_widget>
      <![CDATA[
        <style>
  #goodreads-widget {
    font-family: georgia, serif;
    padding: 18px 0;
    width:565px;
  }
  #goodreads-widget h1 {
    font-weight:normal;
    font-size: 16px;
    border-bottom: 1px solid #BBB596;
    margin-bottom: 0;
  }
  #goodreads-widget a {
    text-decoration: none;
    color:#660;
  }
  iframe{
    background-color: #fff;
  }
  #goodreads-widget a:hover { text-decoration: underline; }
  #goodreads-widget a:active {
    color:#660;
  }
  #gr_footer {
    width: 100%;
    border-top: 1px solid #BBB596;
    text-align: right;
  }
  #goodreads-widget .gr_branding{
    color: #382110;
    font-size: 11px;
    text-decoration: none;
    font-family: "Helvetica Neue", Helvetica, Arial, sans-serif;
  }
</style>
<div id="goodreads-widget">
  <div id="gr_header"><h1><a rel="nofollow" href="https://www.goodreads.com/book/show/11106458-the-mortal-instruments">The Mortal Instruments Reviews</a></h1></div>
  <iframe id="the_iframe" src="https://www.goodreads.com/api/reviews_widget_iframe?did=DEVELOPER_ID&amp;format=html&amp;isbn=1442440430&amp;links=660&amp;min_rating=&amp;review_back=fff&amp;stars=000&amp;text=000" width="565" height="400" frameborder="0"></iframe>
  <div id="gr_footer">
    <a class="gr_branding" target="_blank" rel="nofollow" href="https://www.goodreads.com/book/show/11106458-the-mortal-instruments?utm_medium=api&amp;utm_source=reviews_widget">Reviews from Goodreads.com</a>
  </div>
</div>

      ]]>
    </reviews_widget>
  <popular_shelves>
      <shelf name="to-read" count="5218"/>
      <shelf name="currently-reading" count="238"/>
      <shelf name="favorites" count="211"/>
      <shelf name="fantasy" count="83"/>
      <shelf name="young-adult" count="52"/>
      <shelf name="ya" count="34"/>
      <shelf name="paranormal" count="27"/>
      <shelf name="romance" count="27"/>
      <shelf name="cassandra-clare" count="22"/>
      <shelf name="the-mortal-instruments" count="19"/>
      <shelf name="series" count="19"/>
      <shelf name="owned" count="18"/>
      <shelf name="books-i-own" count="17"/>
      <shelf name="supernatural" count="17"/>
      <shelf name="angels" count="16"/>
      <shelf name="urban-fantasy" count="15"/>
      <shelf name="vampires" count="15"/>
      <shelf name="favourites" count="14"/>
      <shelf name="my-books" count="13"/>
      <shelf name="werewolves" count="9"/>
      <shelf name="shadowhunters" count="9"/>
      <shelf name="tmi" count="7"/>
      <shelf name="fiction" count="7"/>
      <shelf name="favorite-books" count="7"/>
      <shelf name="favorite-series" count="6"/>
      <shelf name="paranormal-romance" count="6"/>
      <shelf name="favorite" count="6"/>
      <shelf name="demons" count="5"/>
      <shelf name="4-stars" count="5"/>
      <shelf name="city-of-bones" count="5"/>
      <shelf name="best-books-ever" count="5"/>
      <shelf name="mortal-instruments" count="5"/>
      <shelf name="i-own" count="4"/>
      <shelf name="owned-books" count="4"/>
      <shelf name="good-books" count="4"/>
      <shelf name="done" count="4"/>
      <shelf name="angels-and-demons" count="4"/>
      <shelf name="5-stars" count="4"/>
      <shelf name="library" count="4"/>
      <shelf name="must-read" count="4"/>
      <shelf name="done-reading" count="4"/>
      <shelf name="vampire" count="4"/>
      <shelf name="mystery" count="4"/>
      <shelf name="dystopian" count="4"/>
      <shelf name="fae" count="3"/>
      <shelf name="default" count="3"/>
      <shelf name="adventure" count="3"/>
      <shelf name="action-packed" count="3"/>
      <shelf name="finished-reading" count="3"/>
      <shelf name="love" count="3"/>
      <shelf name="favourite-books" count="3"/>
      <shelf name="witches" count="3"/>
      <shelf name="2013-reads" count="3"/>
      <shelf name="favorite-authors" count="3"/>
      <shelf name="all-time-favourites" count="3"/>
      <shelf name="supernatural-fantasy" count="3"/>
      <shelf name="shadowhunter" count="3"/>
      <shelf name="awesome" count="3"/>
      <shelf name="all-time-favorites" count="3"/>
      <shelf name="ya-fiction" count="3"/>
      <shelf name="books-to-read" count="3"/>
      <shelf name="ya-fantasy" count="3"/>
      <shelf name="re-read" count="3"/>
      <shelf name="magic" count="3"/>
      <shelf name="have" count="3"/>
      <shelf name="books" count="3"/>
      <shelf name="faeries" count="3"/>
      <shelf name="teen" count="3"/>
      <shelf name="loved-it" count="2"/>
      <shelf name="collection" count="2"/>
      <shelf name="5-star-shelf" count="2"/>
      <shelf name="fave" count="2"/>
      <shelf name="own-it" count="2"/>
      <shelf name="fantastic" count="2"/>
      <shelf name="series-read" count="2"/>
      <shelf name="need-to-read" count="2"/>
      <shelf name="series-to-read" count="2"/>
      <shelf name="faves" count="2"/>
      <shelf name="4-star-books" count="2"/>
      <shelf name="shadowhunter-books" count="2"/>
      <shelf name="mortal-instrument" count="2"/>
      <shelf name="teen-books" count="2"/>
      <shelf name="finished" count="2"/>
      <shelf name="not-interested" count="2"/>
      <shelf name="cassandra-clare-books" count="2"/>
      <shelf name="love-it" count="2"/>
      <shelf name="fantasy-adventure" count="2"/>
      <shelf name="my-favorites" count="2"/>
      <shelf name="my-favorite-books" count="2"/>
      <shelf name="rereading" count="2"/>
      <shelf name="the-mortal-instruments-series" count="2"/>
      <shelf name="have-read" count="2"/>
      <shelf name="book-boyfriends" count="2"/>
      <shelf name="angelic" count="2"/>
      <shelf name="best-books" count="2"/>
      <shelf name="never" count="2"/>
      <shelf name="5-star-books" count="2"/>
      <shelf name="sci-fi" count="2"/>
      <shelf name="ya-romance" count="2"/>
      <shelf name="bought" count="2"/>
  </popular_shelves>
  <book_links>
    <book_link>
  <id>8</id>
  <name>Libraries</name>
  <link>https://www.goodreads.com/book_link/follow/8</link>
</book_link>

  </book_links>
  <buy_links>
    <buy_link>
<id>1</id>
<name>Amazon</name>
<link>https://www.goodreads.com/book_link/follow/1</link>
</buy_link>
<buy_link>
<id>10</id>
<name>Audible</name>
<link>https://www.goodreads.com/book_link/follow/10</link>
</buy_link>
<buy_link>
<id>3</id>
<name>Barnes &amp; Noble</name>
<link>https://www.goodreads.com/book_link/follow/3</link>
</buy_link>
<buy_link>
<id>1027</id>
<name>Kobo</name>
<link>https://www.goodreads.com/book_link/follow/1027</link>
</buy_link>
<buy_link>
<id>2102</id>
<name>Apple iBooks</name>
<link>https://www.goodreads.com/book_link/follow/2102</link>
</buy_link>
<buy_link>
<id>8036</id>
<name>Google Play</name>
<link>https://www.goodreads.com/book_link/follow/8036</link>
</buy_link>
<buy_link>
<id>4</id>
<name>Abebooks</name>
<link>https://www.goodreads.com/book_link/follow/4</link>
</buy_link>
<buy_link>
<id>882</id>
<name>Book Depository</name>
<link>https://www.goodreads.com/book_link/follow/882</link>
</buy_link>
<buy_link>
<id>9</id>
<name>Indigo</name>
<link>https://www.goodreads.com/book_link/follow/9</link>
</buy_link>
<buy_link>
<id>2</id>
<name>Half.com</name>
<link>https://www.goodreads.com/book_link/follow/2</link>
</buy_link>
<buy_link>
<id>5</id>
<name>Alibris</name>
<link>https://www.goodreads.com/book_link/follow/5</link>
</buy_link>
<buy_link>
<id>107</id>
<name>Better World Books</name>
<link>https://www.goodreads.com/book_link/follow/107</link>
</buy_link>
<buy_link>
<id>7</id>
<name>IndieBound</name>
<link>https://www.goodreads.com/book_link/follow/7</link>
</buy_link>

  </buy_links>
  <series_works>
    <series_work>
<id>990359</id>
<user_position>1-4</user_position>
<series>
<id>44457</id>
<title>
<![CDATA[
    The Mortal Instruments
]]>
</title>
<description>
<![CDATA[
    The Mortal Instruments is the sequel to The Infernal Devices series by Cassandra Clare.
    Prequel: <a href="https://www.goodreads.com/series/54144-the-infernal-devices">The Infernal Devices</a>
    Spin-off: <a href="http://www.goodreads.com/series/76298-the-dark-artifices">The Dark Artifices</a>
    Manga adaptation: <a href="http://www.goodreads.com/series/70693-the-infernal-devices-manga">The Infernal Devices: Manga</a>
    Companion Book:<a href="http://www.goodreads.com/book/show/13568619-the-shadowhunter-s-codex"> The Shadowhunter's Codex</a>
    Spin-Off:<a href="http://www.goodreads.com/series/92965-the-bane-chronicles"> The Bane Chronicles</a>
    Deleted or Extras: <a href="http://catreadsbooks.tumblr.com/post/40260300699/tmi-tid-extras"> The Mortal Instruments Extras</a>
    Spin-Off/Sequel: <a href="https://www.goodreads.com/series/129925-tales-from-shadowhunter-academy" > Tales from the Shadowhunter Academy </a>
    
    
    ORDER TO READ THE SHADOWHUNTERS CHRONICLES 
    * City of Bones (The Mortal Instruments #1)
    * City of Ashes (The Mortal Instruments #2)
    * City of Glass (The Mortal Instruments #3)
    * Clockwork Angel (The Infernal Devices, #1) 
    * City of Fallen Angels (The Mortal Instruments #4)
    * Clockwork Prince (The Infernal Devices, #2) 
    * City of Lost Souls (The Mortal Instruments, #5)
    * Clockwork Princess (The Infernal Devices, #3) 
    * City of Heavenly Fire (The Mortal Instruments, #6) 
    * The Bane Chronicles (#1-11)
    * Tales from the Shadowhunter Academy (#1-10)
    * Lady Midnight (The Dark Artifices #1)
    * Lord of Shadows (The Dark Artifices #2)
]]>
</description>
<note>
<![CDATA[
]]>
</note>
<series_works_count>11</series_works_count>
<primary_work_count>6</primary_work_count>
<numbered>true</numbered>
</series>

</series_work>

  </series_works>
  <similar_books>
          <book>
<id>2474219</id>
<title>Baby, It&apos;s Cold Outside</title>
<title_without_series>Baby, It&apos;s Cold Outside</title_without_series>
<link><![CDATA[https://www.goodreads.com/book/show/2474219.Baby_It_s_Cold_Outside]]></link>
<small_image_url><![CDATA[https://s.gr-assets.com/assets/nophoto/book/50x75-a91bf249278a81aabab721ef782c4a74.png]]></small_image_url>
<image_url><![CDATA[https://s.gr-assets.com/assets/nophoto/book/111x148-bcc042a9c91a29c1d680899eff700a03.png]]></image_url>
<num_pages>251</num_pages>
<work>
<id>2481416</id>
</work>
<isbn>0373793707</isbn>
<isbn13>9780373793709</isbn13>
<average_rating>3.31</average_rating>
<ratings_count>109</ratings_count>
<publication_year>2007</publication_year>
<publication_month>12</publication_month>
<publication_day>1</publication_day>
<authors>
<author>
<id>6777</id>
<name>Cathy Yardley</name>
<link><![CDATA[https://www.goodreads.com/author/show/6777.Cathy_Yardley]]></link>
</author>
</authors>
</book>

          <book>
<id>541340</id>
<title>Time of the Witch</title>
<title_without_series>Time of the Witch</title_without_series>
<link><![CDATA[https://www.goodreads.com/book/show/541340.Time_of_the_Witch]]></link>
<small_image_url><![CDATA[https://s.gr-assets.com/assets/nophoto/book/50x75-a91bf249278a81aabab721ef782c4a74.png]]></small_image_url>
<image_url><![CDATA[https://s.gr-assets.com/assets/nophoto/book/111x148-bcc042a9c91a29c1d680899eff700a03.png]]></image_url>
<num_pages>176</num_pages>
<work>
<id>528701</id>
</work>
<isbn>0380711168</isbn>
<isbn13>9780380711161</isbn13>
<average_rating>3.80</average_rating>
<ratings_count>474</ratings_count>
<publication_year>1991</publication_year>
<publication_month>9</publication_month>
<publication_day>1</publication_day>
<authors>
<author>
<id>10006</id>
<name>Mary Downing Hahn</name>
<link><![CDATA[https://www.goodreads.com/author/show/10006.Mary_Downing_Hahn]]></link>
</author>
</authors>
</book>

          <book>
<id>19865355</id>
<title><![CDATA[The Edge of Never, The Edge of Always: Two Book Collection (The Edge of Never, #1-2)]]></title>
<title_without_series><![CDATA[The Edge of Never, The Edge of Always: Two Book Collection]]></title_without_series>
<link><![CDATA[https://www.goodreads.com/book/show/19865355-the-edge-of-never-the-edge-of-always]]></link>
<small_image_url><![CDATA[https://s.gr-assets.com/assets/nophoto/book/50x75-a91bf249278a81aabab721ef782c4a74.png]]></small_image_url>
<image_url><![CDATA[https://s.gr-assets.com/assets/nophoto/book/111x148-bcc042a9c91a29c1d680899eff700a03.png]]></image_url>
<num_pages></num_pages>
<work>
<id>42702912</id>
</work>
<isbn></isbn>
<isbn13></isbn13>
<average_rating>4.34</average_rating>
<ratings_count>700</ratings_count>
<publication_year></publication_year>
<publication_month></publication_month>
<publication_day></publication_day>
<authors>
<author>
<id>5437976</id>
<name>J.A. Redmerski</name>
<link><![CDATA[https://www.goodreads.com/author/show/5437976.J_A_Redmerski]]></link>
</author>
</authors>
</book>

          <book>
<id>615431</id>
<title>Superflirt</title>
<title_without_series>Superflirt</title_without_series>
<link><![CDATA[https://www.goodreads.com/book/show/615431.Superflirt]]></link>
<small_image_url><![CDATA[https://images.gr-assets.com/books/1309296309s/615431.jpg]]></small_image_url>
<image_url><![CDATA[https://images.gr-assets.com/books/1309296309m/615431.jpg]]></image_url>
<num_pages></num_pages>
<work>
<id>601868</id>
</work>
<isbn>0789496518</isbn>
<isbn13>0635517096514</isbn13>
<average_rating>3.75</average_rating>
<ratings_count>151</ratings_count>
<publication_year></publication_year>
<publication_month></publication_month>
<publication_day></publication_day>
<authors>
<author>
<id>173285</id>
<name>Tracey Cox</name>
<link><![CDATA[https://www.goodreads.com/author/show/173285.Tracey_Cox]]></link>
</author>
</authors>
</book>

          <book>
<id>100610</id>
<title>The Art of Faery</title>
<title_without_series>The Art of Faery</title_without_series>
<link><![CDATA[https://www.goodreads.com/book/show/100610.The_Art_of_Faery]]></link>
<small_image_url><![CDATA[https://images.gr-assets.com/books/1328850054s/100610.jpg]]></small_image_url>
<image_url><![CDATA[https://images.gr-assets.com/books/1328850054m/100610.jpg]]></image_url>
<num_pages>112</num_pages>
<work>
<id>97008</id>
</work>
<isbn>1843400952</isbn>
<isbn13>9781843400950</isbn13>
<average_rating>4.25</average_rating>
<ratings_count>188</ratings_count>
<publication_year>2003</publication_year>
<publication_month>10</publication_month>
<publication_day>1</publication_day>
<authors>
<author>
<id>26285</id>
<name>David Riche</name>
<link><![CDATA[https://www.goodreads.com/author/show/26285.David_Riche]]></link>
</author>
</authors>
</book>

          <book>
<id>595136</id>
<title><![CDATA[How to Draw and Paint Fairies: From Finding Inspiration to Capturing Diaphanous Detail, a Step-By-Step Guide to Fairy Art]]></title>
<title_without_series><![CDATA[How to Draw and Paint Fairies: From Finding Inspiration to Capturing Diaphanous Detail, a Step-By-Step Guide to Fairy Art]]></title_without_series>
<link><![CDATA[https://www.goodreads.com/book/show/595136.How_to_Draw_and_Paint_Fairies]]></link>
<small_image_url><![CDATA[https://s.gr-assets.com/assets/nophoto/book/50x75-a91bf249278a81aabab721ef782c4a74.png]]></small_image_url>
<image_url><![CDATA[https://s.gr-assets.com/assets/nophoto/book/111x148-bcc042a9c91a29c1d680899eff700a03.png]]></image_url>
<num_pages>128</num_pages>
<work>
<id>581847</id>
</work>
<isbn>0823023834</isbn>
<isbn13>9780823023837</isbn13>
<average_rating>4.22</average_rating>
<ratings_count>283</ratings_count>
<publication_year>2005</publication_year>
<publication_month>10</publication_month>
<publication_day>1</publication_day>
<authors>
<author>
<id>323818</id>
<name>Linda Ravenscroft</name>
<link><![CDATA[https://www.goodreads.com/author/show/323818.Linda_Ravenscroft]]></link>
</author>
</authors>
</book>

          <book>
<id>17383005</id>
<title><![CDATA[The Sea Breeze Collection: Breathe; Because of Low; While It Lasts; Just for Now (Sea Breeze, #1-4)]]></title>
<title_without_series><![CDATA[The Sea Breeze Collection: Breathe; Because of Low; While It Lasts; Just for Now]]></title_without_series>
<link><![CDATA[https://www.goodreads.com/book/show/17383005-the-sea-breeze-collection]]></link>
<small_image_url><![CDATA[https://images.gr-assets.com/books/1368431565s/17383005.jpg]]></small_image_url>
<image_url><![CDATA[https://images.gr-assets.com/books/1368431565m/17383005.jpg]]></image_url>
<num_pages>1312</num_pages>
<work>
<id>24177792</id>
</work>
<isbn>1442496088</isbn>
<isbn13>9781442496088</isbn13>
<average_rating>4.67</average_rating>
<ratings_count>1738</ratings_count>
<publication_year>2013</publication_year>
<publication_month>10</publication_month>
<publication_day>1</publication_day>
<authors>
<author>
<id>4872191</id>
<name>Abbi Glines</name>
<link><![CDATA[https://www.goodreads.com/author/show/4872191.Abbi_Glines]]></link>
</author>
</authors>
</book>

          <book>
<id>153808</id>
<title>The Art of Amy Brown II</title>
<title_without_series>The Art of Amy Brown II</title_without_series>
<link><![CDATA[https://www.goodreads.com/book/show/153808.The_Art_of_Amy_Brown_II]]></link>
<small_image_url><![CDATA[https://images.gr-assets.com/books/1344738102s/153808.jpg]]></small_image_url>
<image_url><![CDATA[https://images.gr-assets.com/books/1344738102m/153808.jpg]]></image_url>
<num_pages>168</num_pages>
<work>
<id>148461</id>
</work>
<isbn>0974461261</isbn>
<isbn13>9780974461267</isbn13>
<average_rating>4.40</average_rating>
<ratings_count>478</ratings_count>
<publication_year>2010</publication_year>
<publication_month>1</publication_month>
<publication_day>25</publication_day>
<authors>
<author>
<id>88916</id>
<name>Amy Brown</name>
<link><![CDATA[https://www.goodreads.com/author/show/88916.Amy_Brown]]></link>
</author>
</authors>
</book>

          <book>
<id>962769</id>
<title>Tassajara Cooking</title>
<title_without_series>Tassajara Cooking</title_without_series>
<link><![CDATA[https://www.goodreads.com/book/show/962769.Tassajara_Cooking]]></link>
<small_image_url><![CDATA[https://images.gr-assets.com/books/1320555905s/962769.jpg]]></small_image_url>
<image_url><![CDATA[https://images.gr-assets.com/books/1320555905m/962769.jpg]]></image_url>
<num_pages>255</num_pages>
<work>
<id>2048485</id>
</work>
<isbn>0877733449</isbn>
<isbn13>9780877733447</isbn13>
<average_rating>3.97</average_rating>
<ratings_count>209</ratings_count>
<publication_year>1986</publication_year>
<publication_month>5</publication_month>
<publication_day>12</publication_day>
<authors>
<author>
<id>139791</id>
<name>Edward Espe Brown</name>
<link><![CDATA[https://www.goodreads.com/author/show/139791.Edward_Espe_Brown]]></link>
</author>
</authors>
</book>

          <book>
<id>3902</id>
<title>The Shadow Knows</title>
<title_without_series>The Shadow Knows</title_without_series>
<link><![CDATA[https://www.goodreads.com/book/show/3902.The_Shadow_Knows]]></link>
<small_image_url><![CDATA[https://images.gr-assets.com/books/1309285567s/3902.jpg]]></small_image_url>
<image_url><![CDATA[https://images.gr-assets.com/books/1309285567m/3902.jpg]]></image_url>
<num_pages>288</num_pages>
<work>
<id>749370</id>
</work>
<isbn>0452277361</isbn>
<isbn13>9780452277366</isbn13>
<average_rating>3.48</average_rating>
<ratings_count>126</ratings_count>
<publication_year>1998</publication_year>
<publication_month>3</publication_month>
<publication_day>1</publication_day>
<authors>
<author>
<id>2665</id>
<name>Diane Johnson</name>
<link><![CDATA[https://www.goodreads.com/author/show/2665.Diane_Johnson]]></link>
</author>
</authors>
</book>

          <book>
<id>358858</id>
<title><![CDATA[The Works Of Jane Austen (Pride & Prejudice, Sense & Sensibility, Emma, Persuasion)]]></title>
<title_without_series>The Works Of Jane Austen</title_without_series>
<link><![CDATA[https://www.goodreads.com/book/show/358858.The_Works_Of_Jane_Austen]]></link>
<small_image_url><![CDATA[https://images.gr-assets.com/books/1312546023s/358858.jpg]]></small_image_url>
<image_url><![CDATA[https://images.gr-assets.com/books/1312546023m/358858.jpg]]></image_url>
<num_pages></num_pages>
<work>
<id>46105767</id>
</work>
<isbn>1587264323</isbn>
<isbn13>9781587264320</isbn13>
<average_rating>4.60</average_rating>
<ratings_count>645</ratings_count>
<publication_year></publication_year>
<publication_month></publication_month>
<publication_day></publication_day>
<authors>
<author>
<id>1265</id>
<name>Jane Austen</name>
<link><![CDATA[https://www.goodreads.com/author/show/1265.Jane_Austen]]></link>
</author>
</authors>
</book>

          <book>
<id>567497</id>
<title><![CDATA[Craft of the Wild Witch: Green Spirituality & Natural Enchantment]]></title>
<title_without_series><![CDATA[Craft of the Wild Witch: Green Spirituality & Natural Enchantment]]></title_without_series>
<link><![CDATA[https://www.goodreads.com/book/show/567497.Craft_of_the_Wild_Witch]]></link>
<small_image_url><![CDATA[https://s.gr-assets.com/assets/nophoto/book/50x75-a91bf249278a81aabab721ef782c4a74.png]]></small_image_url>
<image_url><![CDATA[https://s.gr-assets.com/assets/nophoto/book/111x148-bcc042a9c91a29c1d680899eff700a03.png]]></image_url>
<num_pages>336</num_pages>
<work>
<id>554597</id>
</work>
<isbn>0738705772</isbn>
<isbn13>9780738705774</isbn13>
<average_rating>4.06</average_rating>
<ratings_count>209</ratings_count>
<publication_year>2004</publication_year>
<publication_month>10</publication_month>
<publication_day>8</publication_day>
<authors>
<author>
<id>310734</id>
<name>Poppy Palin</name>
<link><![CDATA[https://www.goodreads.com/author/show/310734.Poppy_Palin]]></link>
</author>
</authors>
</book>

          <book>
<id>127391</id>
<title><![CDATA[Escaping into the Open: The Art of Writing True]]></title>
<title_without_series><![CDATA[Escaping into the Open: The Art of Writing True]]></title_without_series>
<link><![CDATA[https://www.goodreads.com/book/show/127391.Escaping_into_the_Open]]></link>
<small_image_url><![CDATA[https://s.gr-assets.com/assets/nophoto/book/50x75-a91bf249278a81aabab721ef782c4a74.png]]></small_image_url>
<image_url><![CDATA[https://s.gr-assets.com/assets/nophoto/book/111x148-bcc042a9c91a29c1d680899eff700a03.png]]></image_url>
<num_pages></num_pages>
<work>
<id>122688</id>
</work>
<isbn>0060929294</isbn>
<isbn13>9780060929299</isbn13>
<average_rating>4.06</average_rating>
<ratings_count>1174</ratings_count>
<publication_year></publication_year>
<publication_month></publication_month>
<publication_day></publication_day>
<authors>
<author>
<id>3529</id>
<name>Elizabeth Berg</name>
<link><![CDATA[https://www.goodreads.com/author/show/3529.Elizabeth_Berg]]></link>
</author>
</authors>
</book>

          <book>
<id>7826504</id>
<title><![CDATA[Gallagher Girls Boxed Set (Gallagher Girls, #1-3)]]></title>
<title_without_series>Gallagher Girls Boxed Set</title_without_series>
<link><![CDATA[https://www.goodreads.com/book/show/7826504-gallagher-girls-boxed-set]]></link>
<small_image_url><![CDATA[https://s.gr-assets.com/assets/nophoto/book/50x75-a91bf249278a81aabab721ef782c4a74.png]]></small_image_url>
<image_url><![CDATA[https://s.gr-assets.com/assets/nophoto/book/111x148-bcc042a9c91a29c1d680899eff700a03.png]]></image_url>
<num_pages></num_pages>
<work>
<id>10878056</id>
</work>
<isbn>1423136799</isbn>
<isbn13>9781423136798</isbn13>
<average_rating>4.54</average_rating>
<ratings_count>2809</ratings_count>
<publication_year></publication_year>
<publication_month></publication_month>
<publication_day></publication_day>
<authors>
<author>
<id>56224</id>
<name>Ally Carter</name>
<link><![CDATA[https://www.goodreads.com/author/show/56224.Ally_Carter]]></link>
</author>
</authors>
</book>

          <book>
<id>13573576</id>
<title><![CDATA[The Iron Fey Boxed Set: The Iron King, The Iron Daughter, The Iron Queen, The Iron Knight]]></title>
<title_without_series><![CDATA[The Iron Fey Boxed Set: The Iron King, The Iron Daughter, The Iron Queen, The Iron Knight]]></title_without_series>
<link><![CDATA[https://www.goodreads.com/book/show/13573576-the-iron-fey-boxed-set]]></link>
<small_image_url><![CDATA[https://images.gr-assets.com/books/1363826212s/13573576.jpg]]></small_image_url>
<image_url><![CDATA[https://images.gr-assets.com/books/1363826212m/13573576.jpg]]></image_url>
<num_pages>1504</num_pages>
<work>
<id>19154565</id>
</work>
<isbn>0373210787</isbn>
<isbn13>9780373210787</isbn13>
<average_rating>4.54</average_rating>
<ratings_count>2275</ratings_count>
<publication_year>2012</publication_year>
<publication_month>9</publication_month>
<publication_day>25</publication_day>
<authors>
<author>
<id>2995873</id>
<name>Julie Kagawa</name>
<link><![CDATA[https://www.goodreads.com/author/show/2995873.Julie_Kagawa]]></link>
</author>
</authors>
</book>

          <book>
<id>22544091</id>
<title><![CDATA[Stealing Rose (The Fowler Sisters, #2)]]></title>
<title_without_series>Stealing Rose</title_without_series>
<link><![CDATA[https://www.goodreads.com/book/show/22544091-stealing-rose]]></link>
<small_image_url><![CDATA[https://images.gr-assets.com/books/1436015729s/22544091.jpg]]></small_image_url>
<image_url><![CDATA[https://images.gr-assets.com/books/1436015729m/22544091.jpg]]></image_url>
<num_pages>336</num_pages>
<work>
<id>41999557</id>
</work>
<isbn>0553393286</isbn>
<isbn13>9780553393286</isbn13>
<average_rating>3.91</average_rating>
<ratings_count>1543</ratings_count>
<publication_year>2015</publication_year>
<publication_month>3</publication_month>
<publication_day>3</publication_day>
<authors>
<author>
<id>5934418</id>
<name>Monica  Murphy</name>
<link><![CDATA[https://www.goodreads.com/author/show/5934418.Monica_Murphy]]></link>
</author>
</authors>
</book>

          <book>
<id>12193399</id>
<title><![CDATA[The Fallen Series Trilogy (Fallen, #1-3)]]></title>
<title_without_series>The Fallen Series Trilogy</title_without_series>
<link><![CDATA[https://www.goodreads.com/book/show/12193399-the-fallen-series-trilogy]]></link>
<small_image_url><![CDATA[https://images.gr-assets.com/books/1320728716s/12193399.jpg]]></small_image_url>
<image_url><![CDATA[https://images.gr-assets.com/books/1320728716m/12193399.jpg]]></image_url>
<num_pages>1320</num_pages>
<work>
<id>17165760</id>
</work>
<isbn>1780484690</isbn>
<isbn13>9781780484693</isbn13>
<average_rating>4.38</average_rating>
<ratings_count>1979</ratings_count>
<publication_year></publication_year>
<publication_month></publication_month>
<publication_day></publication_day>
<authors>
<author>
<id>2905297</id>
<name>Lauren Kate</name>
<link><![CDATA[https://www.goodreads.com/author/show/2905297.Lauren_Kate]]></link>
</author>
</authors>
</book>

          <book>
<id>18292519</id>
<title><![CDATA[Breathless Trilogy Boxed Set (Breathless, #1-3)]]></title>
<title_without_series>Breathless Trilogy Boxed Set</title_without_series>
<link><![CDATA[https://www.goodreads.com/book/show/18292519-breathless-trilogy-boxed-set]]></link>
<small_image_url><![CDATA[https://images.gr-assets.com/books/1385352872s/18292519.jpg]]></small_image_url>
<image_url><![CDATA[https://images.gr-assets.com/books/1385352872m/18292519.jpg]]></image_url>
<num_pages></num_pages>
<work>
<id>25774074</id>
</work>
<isbn>1480568635</isbn>
<isbn13>9781480568631</isbn13>
<average_rating>4.40</average_rating>
<ratings_count>2560</ratings_count>
<publication_year>2013</publication_year>
<publication_month>9</publication_month>
<publication_day>3</publication_day>
<authors>
<author>
<id>24978</id>
<name>Maya Banks</name>
<link><![CDATA[https://www.goodreads.com/author/show/24978.Maya_Banks]]></link>
</author>
</authors>
</book>

  </similar_books>
</book>

</GoodreadsResponse>