<?xml version="1.0" encoding="UTF-8"?>
<GoodreadsResponse>
  <Request>
    <authentication>true</authentication>
      <key><![CDATA[all_men_must_serve]]></key>
    <method><![CDATA[book_show]]></method>
  </Request>
  <book>
  <id>11101772</id>
  <title><![CDATA[The Scrapbook of Frankie Pratt]]></title>
  <isbn><![CDATA[0061966908]]></isbn>
  <isbn13><![CDATA[9780061966903]]></isbn13>
  <asin><![CDATA[]]></asin>
  <kindle_asin><![CDATA[]]></kindle_asin>
  <marketplace_id><![CDATA[]]></marketplace_id>
  <country_code><![CDATA[GB]]></country_code>
  <image_url>https://s.gr-assets.com/assets/nophoto/book/111x148-bcc042a9c91a29c1d680899eff700a03.png</image_url>
  <small_image_url>https://s.gr-assets.com/assets/nophoto/book/50x75-a91bf249278a81aabab721ef782c4a74.png</small_image_url>
  <publication_year>2011</publication_year>
  <publication_month></publication_month>
  <publication_day></publication_day>
  <publisher>Ecco</publisher>
  <language_code>eng</language_code>
  <is_ebook>false</is_ebook>
  <description><![CDATA[“<em>The Scrapbook of Frankie Pratt</em> is a literary bottle rocket—loaded with whimsy, pizzazz, and heart.”<br />—Adriana Trigiani<br /><br />“Is it possible that I have just read/experienced/devoured the most delightful book ever published? Do not argue with me: There is magic here and genius.”<br />—Elinor Lipman<br /><br />“A ripping yarn of emancipated girlish adventure.”<br />—Audrey Niffenegger<br /><br /><em>The Scrapbook of Frankie Pratt</em> is a visually stunning, totally unique, full-color novel in the form of a scrapbook, set in the burgeoning bohemian culture of the 1920s and featuring an endearing, unforgettable heroine. Caroline Preston, author of the <em>New York Times</em> Notable Book <em>Jackie by Josie</em>, uses a kaleidoscopic array of vintage memorabilia—postcards, letters, magazine ads, ticket stubs, catalog pages, fabric swatches, candy wrappers, fashion spreads, menus and more—to tell the tale of spirited and ambitious Frankie’s remarkable odyssey from Vassar to Greenwich Village to Paris, in a manner that will delight crafters, historical fiction fans, and anyone who loves a good coming-of-age story ingeniously told.<br />]]></description>
  <work>
  <id type="integer">16023890</id>
  <books_count type="integer">5</books_count>
  <best_book_id type="integer">11101772</best_book_id>
  <reviews_count type="integer">35627</reviews_count>
  <ratings_sum type="integer">76526</ratings_sum>
  <ratings_count type="integer">20572</ratings_count>
  <text_reviews_count type="integer">734</text_reviews_count>
  <original_publication_year type="integer">2011</original_publication_year>
  <original_publication_month type="integer">10</original_publication_month>
  <original_publication_day type="integer">25</original_publication_day>
  <original_title></original_title>
  <original_language_id type="integer" nil="true"/>
  <media_type>book</media_type>
  <rating_dist>5:7051|4:5263|3:4898|2:2165|1:1195|total:20572</rating_dist>
  <desc_user_id type="integer">206027</desc_user_id>
  <default_chaptering_book_id type="integer" nil="true"/>
  <default_description_language_code nil="true"/>
</work>
  <average_rating>3.72</average_rating>
  <num_pages><![CDATA[233]]></num_pages>
  <format><![CDATA[Hardcover]]></format>
  <edition_information><![CDATA[]]></edition_information>
  <ratings_count><![CDATA[20532]]></ratings_count>
  <text_reviews_count><![CDATA[725]]></text_reviews_count>
  <url><![CDATA[https://www.goodreads.com/book/show/11101772-the-scrapbook-of-frankie-pratt]]></url>
  <link><![CDATA[https://www.goodreads.com/book/show/11101772-the-scrapbook-of-frankie-pratt]]></link>
  <authors>
<author>
<id>7086</id>
<name>Caroline Preston</name>
<role></role>
<image_url nophoto='false'>
<![CDATA[https://images.gr-assets.com/authors/1316795576p5/7086.jpg]]>
</image_url>
<small_image_url nophoto='false'>
<![CDATA[https://images.gr-assets.com/authors/1316795576p2/7086.jpg]]>
</small_image_url>
<link><![CDATA[https://www.goodreads.com/author/show/7086.Caroline_Preston]]></link>
<average_rating>3.71</average_rating>
<ratings_count>21809</ratings_count>
<text_reviews_count>899</text_reviews_count>
</author>
</authors>

    <reviews_widget>
      <![CDATA[
        <style>
  #goodreads-widget {
    font-family: georgia, serif;
    padding: 18px 0;
    width:565px;
  }
  #goodreads-widget h1 {
    font-weight:normal;
    font-size: 16px;
    border-bottom: 1px solid #BBB596;
    margin-bottom: 0;
  }
  #goodreads-widget a {
    text-decoration: none;
    color:#660;
  }
  iframe{
    background-color: #fff;
  }
  #goodreads-widget a:hover { text-decoration: underline; }
  #goodreads-widget a:active {
    color:#660;
  }
  #gr_footer {
    width: 100%;
    border-top: 1px solid #BBB596;
    text-align: right;
  }
  #goodreads-widget .gr_branding{
    color: #382110;
    font-size: 11px;
    text-decoration: none;
    font-family: "Helvetica Neue", Helvetica, Arial, sans-serif;
  }
</style>
<div id="goodreads-widget">
  <div id="gr_header"><h1><a rel="nofollow" href="https://www.goodreads.com/book/show/11101772-the-scrapbook-of-frankie-pratt">The Scrapbook of Frankie Pratt Reviews</a></h1></div>
  <iframe id="the_iframe" src="https://www.goodreads.com/api/reviews_widget_iframe?did=DEVELOPER_ID&amp;format=html&amp;isbn=0061966908&amp;links=660&amp;min_rating=&amp;review_back=fff&amp;stars=000&amp;text=000" width="565" height="400" frameborder="0"></iframe>
  <div id="gr_footer">
    <a class="gr_branding" target="_blank" rel="nofollow" href="https://www.goodreads.com/book/show/11101772-the-scrapbook-of-frankie-pratt?utm_medium=api&amp;utm_source=reviews_widget">Reviews from Goodreads.com</a>
  </div>
</div>

      ]]>
    </reviews_widget>
  <popular_shelves>
      <shelf name="to-read" count="15516"/>
      <shelf name="historical-fiction" count="160"/>
      <shelf name="fiction" count="155"/>
      <shelf name="graphic-novels" count="58"/>
      <shelf name="graphic-novel" count="50"/>
      <shelf name="currently-reading" count="40"/>
      <shelf name="historical" count="40"/>
      <shelf name="art" count="32"/>
      <shelf name="favorites" count="31"/>
      <shelf name="adult" count="28"/>
      <shelf name="1920s" count="27"/>
      <shelf name="adult-fiction" count="24"/>
      <shelf name="young-adult" count="21"/>
      <shelf name="coming-of-age" count="20"/>
      <shelf name="graphic" count="20"/>
      <shelf name="romance" count="19"/>
      <shelf name="library" count="17"/>
      <shelf name="read-in-2012" count="14"/>
      <shelf name="ya" count="14"/>
      <shelf name="chick-lit" count="13"/>
      <shelf name="paris" count="13"/>
      <shelf name="alex-award" count="12"/>
      <shelf name="epistolary" count="9"/>
      <shelf name="scrapbook" count="9"/>
      <shelf name="read-2012" count="9"/>
      <shelf name="owned" count="8"/>
      <shelf name="alex-awards" count="8"/>
      <shelf name="to-buy" count="8"/>
      <shelf name="wish-list" count="8"/>
      <shelf name="new-york" count="8"/>
      <shelf name="contemporary" count="7"/>
      <shelf name="history" count="7"/>
      <shelf name="library-book" count="6"/>
      <shelf name="read-in-2011" count="6"/>
      <shelf name="read-in-2015" count="5"/>
      <shelf name="novel" count="5"/>
      <shelf name="women" count="5"/>
      <shelf name="general-fiction" count="5"/>
      <shelf name="graphic-novels-comics" count="5"/>
      <shelf name="books-i-own" count="5"/>
      <shelf name="2012-books" count="5"/>
      <shelf name="shelfari-favorites" count="4"/>
      <shelf name="book-club" count="4"/>
      <shelf name="relationships" count="4"/>
      <shelf name="diary" count="4"/>
      <shelf name="literature" count="4"/>
      <shelf name="coming" count="4"/>
      <shelf name="graphic-books" count="4"/>
      <shelf name="comics" count="4"/>
      <shelf name="to-read-fiction" count="4"/>
      <shelf name="europe" count="4"/>
      <shelf name="20th-century" count="4"/>
      <shelf name="award-winners" count="4"/>
      <shelf name="books-read-in-2012" count="4"/>
      <shelf name="adult-books-for-teens" count="4"/>
      <shelf name="realistic" count="4"/>
      <shelf name="novels" count="4"/>
      <shelf name="maybe" count="4"/>
      <shelf name="new-england" count="4"/>
      <shelf name="american" count="4"/>
      <shelf name="read-in-2016" count="3"/>
      <shelf name="france" count="3"/>
      <shelf name="graphic-novel-comics" count="3"/>
      <shelf name="nyc" count="3"/>
      <shelf name="of" count="3"/>
      <shelf name="age" count="3"/>
      <shelf name="feminism" count="3"/>
      <shelf name="bildungsroman" count="3"/>
      <shelf name="summer-2012" count="3"/>
      <shelf name="favorite" count="3"/>
      <shelf name="fiction-historical" count="3"/>
      <shelf name="teen" count="3"/>
      <shelf name="5-stars" count="3"/>
      <shelf name="recommended" count="3"/>
      <shelf name="borrowed" count="3"/>
      <shelf name="comics-graphic-novels" count="3"/>
      <shelf name="illustrated-novels" count="3"/>
      <shelf name="friendship" count="3"/>
      <shelf name="need" count="2"/>
      <shelf name="personal-library" count="2"/>
      <shelf name="small-town" count="2"/>
      <shelf name="vassar" count="2"/>
      <shelf name="art-literature" count="2"/>
      <shelf name="2011-alex-award-winner" count="2"/>
      <shelf name="funny" count="2"/>
      <shelf name="want-to-read" count="2"/>
      <shelf name="epistolary-novels" count="2"/>
      <shelf name="audio-none" count="2"/>
      <shelf name="travel" count="2"/>
      <shelf name="experimental" count="2"/>
      <shelf name="library-books" count="2"/>
      <shelf name="2013-reads" count="2"/>
      <shelf name="favourites" count="2"/>
      <shelf name="quick-read" count="2"/>
      <shelf name="owned-books" count="2"/>
      <shelf name="read-2013" count="2"/>
      <shelf name="historical-romance" count="2"/>
      <shelf name="new-adult" count="2"/>
      <shelf name="1920s-1930s" count="2"/>
      <shelf name="read-in-2013" count="2"/>
  </popular_shelves>
  <book_links>
    <book_link>
  <id>8</id>
  <name>Libraries</name>
  <link>https://www.goodreads.com/book_link/follow/8</link>
</book_link>

  </book_links>
  <buy_links>
    <buy_link>
<id>1</id>
<name>Amazon</name>
<link>https://www.goodreads.com/book_link/follow/1</link>
</buy_link>
<buy_link>
<id>10</id>
<name>Audible</name>
<link>https://www.goodreads.com/book_link/follow/10</link>
</buy_link>
<buy_link>
<id>3</id>
<name>Barnes &amp; Noble</name>
<link>https://www.goodreads.com/book_link/follow/3</link>
</buy_link>
<buy_link>
<id>1027</id>
<name>Kobo</name>
<link>https://www.goodreads.com/book_link/follow/1027</link>
</buy_link>
<buy_link>
<id>2102</id>
<name>Apple iBooks</name>
<link>https://www.goodreads.com/book_link/follow/2102</link>
</buy_link>
<buy_link>
<id>8036</id>
<name>Google Play</name>
<link>https://www.goodreads.com/book_link/follow/8036</link>
</buy_link>
<buy_link>
<id>4</id>
<name>Abebooks</name>
<link>https://www.goodreads.com/book_link/follow/4</link>
</buy_link>
<buy_link>
<id>882</id>
<name>Book Depository</name>
<link>https://www.goodreads.com/book_link/follow/882</link>
</buy_link>
<buy_link>
<id>9</id>
<name>Indigo</name>
<link>https://www.goodreads.com/book_link/follow/9</link>
</buy_link>
<buy_link>
<id>2</id>
<name>Half.com</name>
<link>https://www.goodreads.com/book_link/follow/2</link>
</buy_link>
<buy_link>
<id>5</id>
<name>Alibris</name>
<link>https://www.goodreads.com/book_link/follow/5</link>
</buy_link>
<buy_link>
<id>107</id>
<name>Better World Books</name>
<link>https://www.goodreads.com/book_link/follow/107</link>
</buy_link>
<buy_link>
<id>7</id>
<name>IndieBound</name>
<link>https://www.goodreads.com/book_link/follow/7</link>
</buy_link>

  </buy_links>
  <series_works>
    
  </series_works>
  <similar_books>
          <book>
<id>11996019</id>
<title>The King&apos;s Agent</title>
<title_without_series>The King&apos;s Agent</title_without_series>
<link><![CDATA[https://www.goodreads.com/book/show/11996019-the-king-s-agent]]></link>
<small_image_url><![CDATA[https://images.gr-assets.com/books/1313276211s/11996019.jpg]]></small_image_url>
<image_url><![CDATA[https://images.gr-assets.com/books/1313276211m/11996019.jpg]]></image_url>
<num_pages>411</num_pages>
<work>
<id>16960201</id>
</work>
<isbn>075824682X</isbn>
<isbn13>9780758246820</isbn13>
<average_rating>3.81</average_rating>
<ratings_count>8261</ratings_count>
<publication_year></publication_year>
<publication_month></publication_month>
<publication_day></publication_day>
<authors>
<author>
<id>2729597</id>
<name>Donna Russo Morin</name>
<link><![CDATA[https://www.goodreads.com/author/show/2729597.Donna_Russo_Morin]]></link>
</author>
</authors>
</book>

          <book>
<id>11266880</id>
<title>It Chooses You</title>
<title_without_series>It Chooses You</title_without_series>
<link><![CDATA[https://www.goodreads.com/book/show/11266880-it-chooses-you]]></link>
<small_image_url><![CDATA[https://images.gr-assets.com/books/1328693226s/11266880.jpg]]></small_image_url>
<image_url><![CDATA[https://images.gr-assets.com/books/1328693226m/11266880.jpg]]></image_url>
<num_pages>218</num_pages>
<work>
<id>16193779</id>
</work>
<isbn>1936365014</isbn>
<isbn13>9781936365012</isbn13>
<average_rating>3.88</average_rating>
<ratings_count>16399</ratings_count>
<publication_year>2011</publication_year>
<publication_month>11</publication_month>
<publication_day>15</publication_day>
<authors>
<author>
<id>65678</id>
<name>Miranda July</name>
<link><![CDATA[https://www.goodreads.com/author/show/65678.Miranda_July]]></link>
</author>
</authors>
</book>

          <book>
<id>11391817</id>
<title>Drawing from Memory</title>
<title_without_series>Drawing from Memory</title_without_series>
<link><![CDATA[https://www.goodreads.com/book/show/11391817-drawing-from-memory]]></link>
<small_image_url><![CDATA[https://images.gr-assets.com/books/1328837508s/11391817.jpg]]></small_image_url>
<image_url><![CDATA[https://images.gr-assets.com/books/1328837508m/11391817.jpg]]></image_url>
<num_pages>64</num_pages>
<work>
<id>16323867</id>
</work>
<isbn>0545176867</isbn>
<isbn13>9780545176866</isbn13>
<average_rating>3.81</average_rating>
<ratings_count>21192</ratings_count>
<publication_year>2011</publication_year>
<publication_month>9</publication_month>
<publication_day>1</publication_day>
<authors>
<author>
<id>121814</id>
<name>Allen Say</name>
<link><![CDATA[https://www.goodreads.com/author/show/121814.Allen_Say]]></link>
</author>
</authors>
</book>

          <book>
<id>10710392</id>
<title>Chopsticks</title>
<title_without_series>Chopsticks</title_without_series>
<link><![CDATA[https://www.goodreads.com/book/show/10710392-chopsticks]]></link>
<small_image_url><![CDATA[https://images.gr-assets.com/books/1364073067s/10710392.jpg]]></small_image_url>
<image_url><![CDATA[https://images.gr-assets.com/books/1364073067m/10710392.jpg]]></image_url>
<num_pages>272</num_pages>
<work>
<id>15620818</id>
</work>
<isbn>1595144358</isbn>
<isbn13>9781595144355</isbn13>
<average_rating>3.72</average_rating>
<ratings_count>18380</ratings_count>
<publication_year>2012</publication_year>
<publication_month>2</publication_month>
<publication_day>2</publication_day>
<authors>
<author>
<id>80769</id>
<name>Jessica Anthony</name>
<link><![CDATA[https://www.goodreads.com/author/show/80769.Jessica_Anthony]]></link>
</author>
</authors>
</book>

          <book>
<id>10836810</id>
<title>The Last Nude</title>
<title_without_series>The Last Nude</title_without_series>
<link><![CDATA[https://www.goodreads.com/book/show/10836810-the-last-nude]]></link>
<small_image_url><![CDATA[https://images.gr-assets.com/books/1305496356s/10836810.jpg]]></small_image_url>
<image_url><![CDATA[https://images.gr-assets.com/books/1305496356m/10836810.jpg]]></image_url>
<num_pages>320</num_pages>
<work>
<id>15467346</id>
</work>
<isbn>1594488134</isbn>
<isbn13>9781594488139</isbn13>
<average_rating>3.77</average_rating>
<ratings_count>13426</ratings_count>
<publication_year>2012</publication_year>
<publication_month>1</publication_month>
<publication_day>5</publication_day>
<authors>
<author>
<id>26770</id>
<name>Ellis Avery</name>
<link><![CDATA[https://www.goodreads.com/author/show/26770.Ellis_Avery]]></link>
</author>
</authors>
</book>

          <book>
<id>10508526</id>
<title><![CDATA[The Chronicles of Harris Burdick: 14 Amazing Authors Tell the Tales]]></title>
<title_without_series><![CDATA[The Chronicles of Harris Burdick: 14 Amazing Authors Tell the Tales]]></title_without_series>
<link><![CDATA[https://www.goodreads.com/book/show/10508526-the-chronicles-of-harris-burdick]]></link>
<small_image_url><![CDATA[https://images.gr-assets.com/books/1327949098s/10508526.jpg]]></small_image_url>
<image_url><![CDATA[https://images.gr-assets.com/books/1327949098m/10508526.jpg]]></image_url>
<num_pages>221</num_pages>
<work>
<id>15414441</id>
</work>
<isbn>0547548109</isbn>
<isbn13>9780547548104</isbn13>
<average_rating>3.91</average_rating>
<ratings_count>13354</ratings_count>
<publication_year></publication_year>
<publication_month></publication_month>
<publication_day></publication_day>
<authors>
<author>
<id>9685</id>
<name>Chris Van Allsburg</name>
<link><![CDATA[https://www.goodreads.com/author/show/9685.Chris_Van_Allsburg]]></link>
</author>
</authors>
</book>

          <book>
<id>10460266</id>
<title>The Talk-Funny Girl</title>
<title_without_series>The Talk-Funny Girl</title_without_series>
<link><![CDATA[https://www.goodreads.com/book/show/10460266-the-talk-funny-girl]]></link>
<small_image_url><![CDATA[https://images.gr-assets.com/books/1320457188s/10460266.jpg]]></small_image_url>
<image_url><![CDATA[https://images.gr-assets.com/books/1320457188m/10460266.jpg]]></image_url>
<num_pages>320</num_pages>
<work>
<id>15365213</id>
</work>
<isbn>0307452921</isbn>
<isbn13>9780307452924</isbn13>
<average_rating>4.09</average_rating>
<ratings_count>2333</ratings_count>
<publication_year>2011</publication_year>
<publication_month>7</publication_month>
<publication_day>5</publication_day>
<authors>
<author>
<id>49473</id>
<name>Roland Merullo</name>
<link><![CDATA[https://www.goodreads.com/author/show/49473.Roland_Merullo]]></link>
</author>
</authors>
</book>

          <book>
<id>8296140</id>
<title>Clara and Mr. Tiffany</title>
<title_without_series>Clara and Mr. Tiffany</title_without_series>
<link><![CDATA[https://www.goodreads.com/book/show/8296140-clara-and-mr-tiffany]]></link>
<small_image_url><![CDATA[https://images.gr-assets.com/books/1320562282s/8296140.jpg]]></small_image_url>
<image_url><![CDATA[https://images.gr-assets.com/books/1320562282m/8296140.jpg]]></image_url>
<num_pages>432</num_pages>
<work>
<id>13144758</id>
</work>
<isbn>1400068169</isbn>
<isbn13>9781400068166</isbn13>
<average_rating>3.71</average_rating>
<ratings_count>24733</ratings_count>
<publication_year>2011</publication_year>
<publication_month>1</publication_month>
<publication_day>11</publication_day>
<authors>
<author>
<id>11075</id>
<name>Susan Vreeland</name>
<link><![CDATA[https://www.goodreads.com/author/show/11075.Susan_Vreeland]]></link>
</author>
</authors>
</book>

          <book>
<id>12065943</id>
<title><![CDATA[Extra Yarn (E. B. White Read-Aloud Award. Picture Books)]]></title>
<title_without_series>Extra Yarn</title_without_series>
<link><![CDATA[https://www.goodreads.com/book/show/12065943-extra-yarn]]></link>
<small_image_url><![CDATA[https://images.gr-assets.com/books/1424982446s/12065943.jpg]]></small_image_url>
<image_url><![CDATA[https://images.gr-assets.com/books/1424982446m/12065943.jpg]]></image_url>
<num_pages></num_pages>
<work>
<id>17033359</id>
</work>
<isbn>0061953385</isbn>
<isbn13>9780061953385</isbn13>
<average_rating>4.07</average_rating>
<ratings_count>12714</ratings_count>
<publication_year></publication_year>
<publication_month></publication_month>
<publication_day></publication_day>
<authors>
<author>
<id>2855221</id>
<name>Mac Barnett</name>
<link><![CDATA[https://www.goodreads.com/author/show/2855221.Mac_Barnett]]></link>
</author>
</authors>
</book>

          <book>
<id>7821828</id>
<title><![CDATA[The Hare With Amber Eyes: A Family's Century of Art and Loss]]></title>
<title_without_series><![CDATA[The Hare With Amber Eyes: A Family's Century of Art and Loss]]></title_without_series>
<link><![CDATA[https://www.goodreads.com/book/show/7821828-the-hare-with-amber-eyes]]></link>
<small_image_url><![CDATA[https://images.gr-assets.com/books/1316730175s/7821828.jpg]]></small_image_url>
<image_url><![CDATA[https://images.gr-assets.com/books/1316730175m/7821828.jpg]]></image_url>
<num_pages>368</num_pages>
<work>
<id>10861805</id>
</work>
<isbn>0374105979</isbn>
<isbn13>9780374105976</isbn13>
<average_rating>3.85</average_rating>
<ratings_count>26040</ratings_count>
<publication_year>2010</publication_year>
<publication_month>8</publication_month>
<publication_day>31</publication_day>
<authors>
<author>
<id>471230</id>
<name>Edmund de Waal</name>
<link><![CDATA[https://www.goodreads.com/author/show/471230.Edmund_de_Waal]]></link>
</author>
</authors>
</book>

          <book>
<id>10909804</id>
<title><![CDATA[Just My Type: A Book About Fonts]]></title>
<title_without_series><![CDATA[Just My Type: A Book About Fonts]]></title_without_series>
<link><![CDATA[https://www.goodreads.com/book/show/10909804-just-my-type]]></link>
<small_image_url><![CDATA[https://images.gr-assets.com/books/1327886002s/10909804.jpg]]></small_image_url>
<image_url><![CDATA[https://images.gr-assets.com/books/1327886002m/10909804.jpg]]></image_url>
<num_pages></num_pages>
<work>
<id>10270290</id>
</work>
<isbn>1592406521</isbn>
<isbn13>9781592406524</isbn13>
<average_rating>3.79</average_rating>
<ratings_count>23391</ratings_count>
<publication_year></publication_year>
<publication_month></publication_month>
<publication_day></publication_day>
<authors>
<author>
<id>158292</id>
<name>Simon Garfield</name>
<link><![CDATA[https://www.goodreads.com/author/show/158292.Simon_Garfield]]></link>
</author>
</authors>
</book>

          <book>
<id>10188990</id>
<title><![CDATA[ The New Kids: Big Dreams and Brave Journeys at a High School for Immigrant Teens]]></title>
<title_without_series><![CDATA[The New Kids: Big Dreams and Brave Journeys at a High School for Immigrant Teens]]></title_without_series>
<link><![CDATA[https://www.goodreads.com/book/show/10188990-the-new-kids]]></link>
<small_image_url><![CDATA[https://s.gr-assets.com/assets/nophoto/book/50x75-a91bf249278a81aabab721ef782c4a74.png]]></small_image_url>
<image_url><![CDATA[https://s.gr-assets.com/assets/nophoto/book/111x148-bcc042a9c91a29c1d680899eff700a03.png]]></image_url>
<num_pages>320</num_pages>
<work>
<id>15088082</id>
</work>
<isbn>1439163286</isbn>
<isbn13>9781439163283</isbn13>
<average_rating>3.84</average_rating>
<ratings_count>527</ratings_count>
<publication_year>2011</publication_year>
<publication_month>9</publication_month>
<publication_day>20</publication_day>
<authors>
<author>
<id>4574123</id>
<name>Brooke Hauser</name>
<link><![CDATA[https://www.goodreads.com/author/show/4574123.Brooke_Hauser]]></link>
</author>
</authors>
</book>

          <book>
<id>6988014</id>
<title>Seven Days in the Art World</title>
<title_without_series>Seven Days in the Art World</title_without_series>
<link><![CDATA[https://www.goodreads.com/book/show/6988014-seven-days-in-the-art-world]]></link>
<small_image_url><![CDATA[https://images.gr-assets.com/books/1358748500s/6988014.jpg]]></small_image_url>
<image_url><![CDATA[https://images.gr-assets.com/books/1358748500m/6988014.jpg]]></image_url>
<num_pages>320</num_pages>
<work>
<id>3502133</id>
</work>
<isbn>039333712X</isbn>
<isbn13>9780393337129</isbn13>
<average_rating>3.54</average_rating>
<ratings_count>38333</ratings_count>
<publication_year>2009</publication_year>
<publication_month>11</publication_month>
<publication_day>2</publication_day>
<authors>
<author>
<id>176959</id>
<name>Sarah Thornton</name>
<link><![CDATA[https://www.goodreads.com/author/show/176959.Sarah_Thornton]]></link>
</author>
</authors>
</book>

          <book>
<id>7863274</id>
<title>Graffiti Moon</title>
<title_without_series>Graffiti Moon</title_without_series>
<link><![CDATA[https://www.goodreads.com/book/show/7863274-graffiti-moon]]></link>
<small_image_url><![CDATA[https://images.gr-assets.com/books/1320129868s/7863274.jpg]]></small_image_url>
<image_url><![CDATA[https://images.gr-assets.com/books/1320129868m/7863274.jpg]]></image_url>
<num_pages>264</num_pages>
<work>
<id>11018320</id>
</work>
<isbn>0330425781</isbn>
<isbn13>9780330425780</isbn13>
<average_rating>3.90</average_rating>
<ratings_count>16498</ratings_count>
<publication_year>2010</publication_year>
<publication_month>8</publication_month>
<publication_day>1</publication_day>
<authors>
<author>
<id>1348627</id>
<name>Cath Crowley</name>
<link><![CDATA[https://www.goodreads.com/author/show/1348627.Cath_Crowley]]></link>
</author>
</authors>
</book>

          <book>
<id>9539092</id>
<title>Lost &amp; Found</title>
<title_without_series>Lost &amp; Found</title_without_series>
<link><![CDATA[https://www.goodreads.com/book/show/9539092-lost-found]]></link>
<small_image_url><![CDATA[https://s.gr-assets.com/assets/nophoto/book/50x75-a91bf249278a81aabab721ef782c4a74.png]]></small_image_url>
<image_url><![CDATA[https://s.gr-assets.com/assets/nophoto/book/111x148-bcc042a9c91a29c1d680899eff700a03.png]]></image_url>
<num_pages>128</num_pages>
<work>
<id>14425313</id>
</work>
<isbn>0545229243</isbn>
<isbn13>9780545229241</isbn13>
<average_rating>4.18</average_rating>
<ratings_count>6371</ratings_count>
<publication_year>2011</publication_year>
<publication_month>3</publication_month>
<publication_day>1</publication_day>
<authors>
<author>
<id>38954</id>
<name>Shaun Tan</name>
<link><![CDATA[https://www.goodreads.com/author/show/38954.Shaun_Tan]]></link>
</author>
</authors>
</book>

          <book>
<id>27398</id>
<title>The Lost Painting</title>
<title_without_series>The Lost Painting</title_without_series>
<link><![CDATA[https://www.goodreads.com/book/show/27398.The_Lost_Painting]]></link>
<small_image_url><![CDATA[https://s.gr-assets.com/assets/nophoto/book/50x75-a91bf249278a81aabab721ef782c4a74.png]]></small_image_url>
<image_url><![CDATA[https://s.gr-assets.com/assets/nophoto/book/111x148-bcc042a9c91a29c1d680899eff700a03.png]]></image_url>
<num_pages>320</num_pages>
<work>
<id>1054249</id>
</work>
<isbn>0375759867</isbn>
<isbn13>9780375759864</isbn13>
<average_rating>3.71</average_rating>
<ratings_count>19571</ratings_count>
<publication_year>2006</publication_year>
<publication_month>11</publication_month>
<publication_day>7</publication_day>
<authors>
<author>
<id>7519</id>
<name>Jonathan Harr</name>
<link><![CDATA[https://www.goodreads.com/author/show/7519.Jonathan_Harr]]></link>
</author>
</authors>
</book>

          <book>
<id>8789529</id>
<title>Big Girl Small</title>
<title_without_series>Big Girl Small</title_without_series>
<link><![CDATA[https://www.goodreads.com/book/show/8789529-big-girl-small]]></link>
<small_image_url><![CDATA[https://images.gr-assets.com/books/1311978825s/8789529.jpg]]></small_image_url>
<image_url><![CDATA[https://images.gr-assets.com/books/1311978825m/8789529.jpg]]></image_url>
<num_pages>294</num_pages>
<work>
<id>13663362</id>
</work>
<isbn>0374112576</isbn>
<isbn13>9780374112578</isbn13>
<average_rating>3.35</average_rating>
<ratings_count>2471</ratings_count>
<publication_year>2011</publication_year>
<publication_month>5</publication_month>
<publication_day>10</publication_day>
<authors>
<author>
<id>15274</id>
<name>Rachel DeWoskin</name>
<link><![CDATA[https://www.goodreads.com/author/show/15274.Rachel_DeWoskin]]></link>
</author>
</authors>
</book>

          <book>
<id>3253215</id>
<title><![CDATA[An Illustrated Life: Drawing Inspiration From The Private Sketchbooks Of Artists, Illustrators And Designers]]></title>
<title_without_series><![CDATA[An Illustrated Life: Drawing Inspiration From The Private Sketchbooks Of Artists, Illustrators And Designers]]></title_without_series>
<link><![CDATA[https://www.goodreads.com/book/show/3253215-an-illustrated-life]]></link>
<small_image_url><![CDATA[https://s.gr-assets.com/assets/nophoto/book/50x75-a91bf249278a81aabab721ef782c4a74.png]]></small_image_url>
<image_url><![CDATA[https://s.gr-assets.com/assets/nophoto/book/111x148-bcc042a9c91a29c1d680899eff700a03.png]]></image_url>
<num_pages>266</num_pages>
<work>
<id>3288384</id>
</work>
<isbn>1600610862</isbn>
<isbn13>9781600610868</isbn13>
<average_rating>3.72</average_rating>
<ratings_count>15608</ratings_count>
<publication_year>2008</publication_year>
<publication_month>12</publication_month>
<publication_day>16</publication_day>
<authors>
<author>
<id>18678</id>
<name>Danny Gregory</name>
<link><![CDATA[https://www.goodreads.com/author/show/18678.Danny_Gregory]]></link>
</author>
</authors>
</book>

  </similar_books>
</book>

</GoodreadsResponse>