<?xml version="1.0" encoding="UTF-8"?>
<GoodreadsResponse>
  <Request>
    <authentication>true</authentication>
      <key><![CDATA[all_men_must_serve]]></key>
    <method><![CDATA[book_show]]></method>
  </Request>
  <book>
  <id>11112619</id>
  <title><![CDATA[Fever (The Chemical Garden, #2)]]></title>
  <isbn><![CDATA[144240907X]]></isbn>
  <isbn13><![CDATA[9781442409071]]></isbn13>
  <asin><![CDATA[]]></asin>
  <kindle_asin><![CDATA[B0064E9RUK]]></kindle_asin>
  <marketplace_id><![CDATA[A1F83G8C2ARO7P]]></marketplace_id>
  <country_code><![CDATA[GB]]></country_code>
  <image_url>https://images.gr-assets.com/books/1324955449m/11112619.jpg</image_url>
  <small_image_url>https://images.gr-assets.com/books/1324955449s/11112619.jpg</small_image_url>
  <publication_year>2012</publication_year>
  <publication_month>2</publication_month>
  <publication_day>21</publication_day>
  <publisher>Simon &amp; Schuster Children's Publishing</publisher>
  <language_code>eng</language_code>
  <is_ebook>false</is_ebook>
  <description><![CDATA[<strong>Rhine and Gabriel have escaped the mansion, but danger is never far behind.</strong><br /><br />Running away brings Rhine and Gabriel right into a trap, in the form of a twisted carnival whose ringmistress keeps watch over a menagerie of girls. Just as Rhine uncovers what plans await her, her fortune turns again. With Gabriel at her side, Rhine travels through an environment as grim as the one she left a year ago - surroundings that mirror her own feelings of fear and hopelessness.<br /><br />The two are determined to get to Manhattan, to relative safety with Rhine’s twin brother, Rowan. But the road there is long and perilous - and in a world where young women only live to age twenty and young men die at twenty-five, time is precious. Worse still, they can’t seem to elude Rhine’s father-in-law, Vaughn, who is determined to bring Rhine back to the mansion...by any means necessary.<br /><br />In the sequel to Lauren DeStefano’s harrowing <em>Wither</em>, Rhine must decide if freedom is worth the price - now that she has more to lose than ever.]]></description>
  <work>
  <id type="integer">16035084</id>
  <books_count type="integer">30</books_count>
  <best_book_id type="integer">11112619</best_book_id>
  <reviews_count type="integer">71375</reviews_count>
  <ratings_sum type="integer">147895</ratings_sum>
  <ratings_count type="integer">39017</ratings_count>
  <text_reviews_count type="integer">3219</text_reviews_count>
  <original_publication_year type="integer">2012</original_publication_year>
  <original_publication_month type="integer">2</original_publication_month>
  <original_publication_day type="integer">21</original_publication_day>
  <original_title>Fever</original_title>
  <original_language_id type="integer" nil="true"/>
  <media_type>book</media_type>
  <rating_dist>5:11680|4:12800|3:10276|2:3206|1:1055|total:39017</rating_dist>
  <desc_user_id type="integer">2871419</desc_user_id>
  <default_chaptering_book_id type="integer" nil="true"/>
  <default_description_language_code nil="true"/>
</work>
  <average_rating>3.79</average_rating>
  <num_pages><![CDATA[341]]></num_pages>
  <format><![CDATA[Hardcover]]></format>
  <edition_information><![CDATA[]]></edition_information>
  <ratings_count><![CDATA[37207]]></ratings_count>
  <text_reviews_count><![CDATA[2919]]></text_reviews_count>
  <url><![CDATA[https://www.goodreads.com/book/show/11112619-fever]]></url>
  <link><![CDATA[https://www.goodreads.com/book/show/11112619-fever]]></link>
  <authors>
<author>
<id>4103366</id>
<name>Lauren DeStefano</name>
<role></role>
<image_url nophoto='false'>
<![CDATA[https://images.gr-assets.com/authors/1324538733p5/4103366.jpg]]>
</image_url>
<small_image_url nophoto='false'>
<![CDATA[https://images.gr-assets.com/authors/1324538733p2/4103366.jpg]]>
</small_image_url>
<link><![CDATA[https://www.goodreads.com/author/show/4103366.Lauren_DeStefano]]></link>
<average_rating>3.79</average_rating>
<ratings_count>165457</ratings_count>
<text_reviews_count>16072</text_reviews_count>
</author>
</authors>

    <reviews_widget>
      <![CDATA[
        <style>
  #goodreads-widget {
    font-family: georgia, serif;
    padding: 18px 0;
    width:565px;
  }
  #goodreads-widget h1 {
    font-weight:normal;
    font-size: 16px;
    border-bottom: 1px solid #BBB596;
    margin-bottom: 0;
  }
  #goodreads-widget a {
    text-decoration: none;
    color:#660;
  }
  iframe{
    background-color: #fff;
  }
  #goodreads-widget a:hover { text-decoration: underline; }
  #goodreads-widget a:active {
    color:#660;
  }
  #gr_footer {
    width: 100%;
    border-top: 1px solid #BBB596;
    text-align: right;
  }
  #goodreads-widget .gr_branding{
    color: #382110;
    font-size: 11px;
    text-decoration: none;
    font-family: "Helvetica Neue", Helvetica, Arial, sans-serif;
  }
</style>
<div id="goodreads-widget">
  <div id="gr_header"><h1><a rel="nofollow" href="https://www.goodreads.com/book/show/11112619-fever">Fever Reviews</a></h1></div>
  <iframe id="the_iframe" src="https://www.goodreads.com/api/reviews_widget_iframe?did=DEVELOPER_ID&amp;format=html&amp;isbn=144240907X&amp;links=660&amp;min_rating=&amp;review_back=fff&amp;stars=000&amp;text=000" width="565" height="400" frameborder="0"></iframe>
  <div id="gr_footer">
    <a class="gr_branding" target="_blank" rel="nofollow" href="https://www.goodreads.com/book/show/11112619-fever?utm_medium=api&amp;utm_source=reviews_widget">Reviews from Goodreads.com</a>
  </div>
</div>

      ]]>
    </reviews_widget>
  <popular_shelves>
      <shelf name="dystopian" count="1024"/>
      <shelf name="young-adult" count="971"/>
      <shelf name="dystopia" count="688"/>
      <shelf name="ya" count="513"/>
      <shelf name="favorites" count="505"/>
      <shelf name="books-i-own" count="333"/>
      <shelf name="romance" count="331"/>
      <shelf name="to-read" count="295"/>
      <shelf name="series" count="292"/>
      <shelf name="science-fiction" count="264"/>
      <shelf name="fantasy" count="204"/>
      <shelf name="sci-fi" count="168"/>
      <shelf name="read-in-2012" count="149"/>
      <shelf name="owned" count="148"/>
      <shelf name="fiction" count="136"/>
      <shelf name="library" count="94"/>
      <shelf name="post-apocalyptic" count="87"/>
      <shelf name="teen" count="76"/>
      <shelf name="owned-books" count="72"/>
      <shelf name="to-buy" count="71"/>
      <shelf name="read-in-2013" count="63"/>
      <shelf name="ya-dystopian" count="60"/>
      <shelf name="i-own" count="58"/>
      <shelf name="ya-fiction" count="54"/>
      <shelf name="wish-list" count="52"/>
      <shelf name="kindle" count="50"/>
      <shelf name="read-2012" count="50"/>
      <shelf name="ebook" count="47"/>
      <shelf name="2012-reads" count="46"/>
      <shelf name="arc" count="42"/>
      <shelf name="futuristic" count="40"/>
      <shelf name="trilogy" count="39"/>
      <shelf name="ebooks" count="38"/>
      <shelf name="reviewed" count="38"/>
      <shelf name="the-chemical-garden" count="35"/>
      <shelf name="dystopian-post-apocalyptic" count="35"/>
      <shelf name="adventure" count="33"/>
      <shelf name="favourites" count="32"/>
      <shelf name="future" count="32"/>
      <shelf name="paranormal" count="32"/>
      <shelf name="read-in-2014" count="31"/>
      <shelf name="lauren-destefano" count="31"/>
      <shelf name="sequels" count="30"/>
      <shelf name="dnf" count="29"/>
      <shelf name="my-books" count="28"/>
      <shelf name="distopian" count="28"/>
      <shelf name="read-2013" count="27"/>
      <shelf name="2012-release" count="27"/>
      <shelf name="2012-releases" count="27"/>
      <shelf name="young-adult-fiction" count="26"/>
      <shelf name="meh" count="25"/>
      <shelf name="4-stars" count="24"/>
      <shelf name="death" count="24"/>
      <shelf name="dystopias" count="24"/>
      <shelf name="ya-dystopia" count="24"/>
      <shelf name="love-triangle" count="23"/>
      <shelf name="dystopian-fiction" count="23"/>
      <shelf name="read-2014" count="22"/>
      <shelf name="library-books" count="22"/>
      <shelf name="apocalyptic" count="22"/>
      <shelf name="did-not-finish" count="21"/>
      <shelf name="own-it" count="21"/>
      <shelf name="favorite-series" count="21"/>
      <shelf name="chemical-garden" count="21"/>
      <shelf name="ya-books" count="21"/>
      <shelf name="2013-reads" count="20"/>
      <shelf name="teen-fiction" count="20"/>
      <shelf name="part-of-a-series" count="20"/>
      <shelf name="3-stars" count="19"/>
      <shelf name="books-read-in-2012" count="19"/>
      <shelf name="scifi" count="19"/>
      <shelf name="need-to-buy" count="19"/>
      <shelf name="read-in-2015" count="18"/>
      <shelf name="survival" count="18"/>
      <shelf name="2012-books" count="18"/>
      <shelf name="audiobook" count="17"/>
      <shelf name="books-i-have" count="17"/>
      <shelf name="my-library" count="17"/>
      <shelf name="2012-read" count="17"/>
      <shelf name="ya-lit" count="17"/>
      <shelf name="distopia" count="17"/>
      <shelf name="finished-series" count="16"/>
      <shelf name="dystopie" count="16"/>
      <shelf name="have" count="16"/>
      <shelf name="book-series" count="16"/>
      <shelf name="beautiful-covers" count="16"/>
      <shelf name="next-in-series" count="16"/>
      <shelf name="series-to-finish" count="16"/>
      <shelf name="trilogies" count="15"/>
      <shelf name="all-time-favorites" count="15"/>
      <shelf name="borrowed" count="15"/>
      <shelf name="ya-fantasy" count="15"/>
      <shelf name="books-to-buy" count="15"/>
      <shelf name="read-in-2016" count="14"/>
      <shelf name="audiobooks" count="14"/>
      <shelf name="favorite" count="14"/>
      <shelf name="to-read-series" count="14"/>
      <shelf name="must-read" count="14"/>
      <shelf name="dystopia-utopia" count="13"/>
      <shelf name="hardcover" count="13"/>
  </popular_shelves>
  <book_links>
    <book_link>
  <id>8</id>
  <name>Libraries</name>
  <link>https://www.goodreads.com/book_link/follow/8</link>
</book_link>

  </book_links>
  <buy_links>
    <buy_link>
<id>1</id>
<name>Amazon</name>
<link>https://www.goodreads.com/book_link/follow/1</link>
</buy_link>
<buy_link>
<id>10</id>
<name>Audible</name>
<link>https://www.goodreads.com/book_link/follow/10</link>
</buy_link>
<buy_link>
<id>3</id>
<name>Barnes &amp; Noble</name>
<link>https://www.goodreads.com/book_link/follow/3</link>
</buy_link>
<buy_link>
<id>1027</id>
<name>Kobo</name>
<link>https://www.goodreads.com/book_link/follow/1027</link>
</buy_link>
<buy_link>
<id>2102</id>
<name>Apple iBooks</name>
<link>https://www.goodreads.com/book_link/follow/2102</link>
</buy_link>
<buy_link>
<id>8036</id>
<name>Google Play</name>
<link>https://www.goodreads.com/book_link/follow/8036</link>
</buy_link>
<buy_link>
<id>4</id>
<name>Abebooks</name>
<link>https://www.goodreads.com/book_link/follow/4</link>
</buy_link>
<buy_link>
<id>882</id>
<name>Book Depository</name>
<link>https://www.goodreads.com/book_link/follow/882</link>
</buy_link>
<buy_link>
<id>9</id>
<name>Indigo</name>
<link>https://www.goodreads.com/book_link/follow/9</link>
</buy_link>
<buy_link>
<id>2</id>
<name>Half.com</name>
<link>https://www.goodreads.com/book_link/follow/2</link>
</buy_link>
<buy_link>
<id>5</id>
<name>Alibris</name>
<link>https://www.goodreads.com/book_link/follow/5</link>
</buy_link>
<buy_link>
<id>107</id>
<name>Better World Books</name>
<link>https://www.goodreads.com/book_link/follow/107</link>
</buy_link>
<buy_link>
<id>7</id>
<name>IndieBound</name>
<link>https://www.goodreads.com/book_link/follow/7</link>
</buy_link>

  </buy_links>
  <series_works>
    <series_work>
<id>255347</id>
<user_position>2</user_position>
<series>
<id>49294</id>
<title>
<![CDATA[
    The Chemical Garden
]]>
</title>
<description>
<![CDATA[
    The series are also known as:
    - Kimyasal Bahçe Üçlemesi <i>(Turkish)</i>
    - Land ohne Lilien <i>(German)</i>
]]>
</description>
<note>
<![CDATA[
]]>
</note>
<series_works_count>5</series_works_count>
<primary_work_count>3</primary_work_count>
<numbered>true</numbered>
</series>

</series_work>

  </series_works>
  <similar_books>
          <book>
<id>11706625</id>
<title>Truth (XVI, #2)</title>
<title_without_series>Truth</title_without_series>
<link><![CDATA[https://www.goodreads.com/book/show/11706625-truth]]></link>
<small_image_url><![CDATA[https://images.gr-assets.com/books/1327954411s/11706625.jpg]]></small_image_url>
<image_url><![CDATA[https://images.gr-assets.com/books/1327954411m/11706625.jpg]]></image_url>
<num_pages>299</num_pages>
<work>
<id>15751878</id>
</work>
<isbn>0142417726</isbn>
<isbn13>9780142417720</isbn13>
<average_rating>3.72</average_rating>
<ratings_count>1587</ratings_count>
<publication_year>2012</publication_year>
<publication_month>1</publication_month>
<publication_day>19</publication_day>
<authors>
<author>
<id>3100203</id>
<name>Julia Karr</name>
<link><![CDATA[https://www.goodreads.com/author/show/3100203.Julia_Karr]]></link>
</author>
</authors>
</book>

          <book>
<id>12988102</id>
<title>Surrender (Possession #2)</title>
<title_without_series>Surrender</title_without_series>
<link><![CDATA[https://www.goodreads.com/book/show/12988102-surrender]]></link>
<small_image_url><![CDATA[https://images.gr-assets.com/books/1327590002s/12988102.jpg]]></small_image_url>
<image_url><![CDATA[https://images.gr-assets.com/books/1327590002m/12988102.jpg]]></image_url>
<num_pages>480</num_pages>
<work>
<id>16647223</id>
</work>
<isbn>1442445688</isbn>
<isbn13>9781442445680</isbn13>
<average_rating>3.91</average_rating>
<ratings_count>2426</ratings_count>
<publication_year>2012</publication_year>
<publication_month>6</publication_month>
<publication_day>5</publication_day>
<authors>
<author>
<id>4044383</id>
<name>Elana Johnson</name>
<link><![CDATA[https://www.goodreads.com/author/show/4044383.Elana_Johnson]]></link>
</author>
</authors>
</book>

          <book>
<id>9396162</id>
<title>Perception (Clarity, #2)</title>
<title_without_series>Perception</title_without_series>
<link><![CDATA[https://www.goodreads.com/book/show/9396162-perception]]></link>
<small_image_url><![CDATA[https://images.gr-assets.com/books/1310145085s/9396162.jpg]]></small_image_url>
<image_url><![CDATA[https://images.gr-assets.com/books/1310145085m/9396162.jpg]]></image_url>
<num_pages>275</num_pages>
<work>
<id>14279954</id>
</work>
<isbn>0545230535</isbn>
<isbn13>9780545230537</isbn13>
<average_rating>4.00</average_rating>
<ratings_count>4022</ratings_count>
<publication_year>2012</publication_year>
<publication_month>3</publication_month>
<publication_day>1</publication_day>
<authors>
<author>
<id>3111339</id>
<name>Kim Harrington</name>
<link><![CDATA[https://www.goodreads.com/author/show/3111339.Kim_Harrington]]></link>
</author>
</authors>
</book>

          <book>
<id>12924279</id>
<title>Thumped (Bumped, #2)</title>
<title_without_series>Thumped</title_without_series>
<link><![CDATA[https://www.goodreads.com/book/show/12924279-thumped]]></link>
<small_image_url><![CDATA[https://images.gr-assets.com/books/1320418353s/12924279.jpg]]></small_image_url>
<image_url><![CDATA[https://images.gr-assets.com/books/1320418353m/12924279.jpg]]></image_url>
<num_pages>293</num_pages>
<work>
<id>14597804</id>
</work>
<isbn>0061962767</isbn>
<isbn13>9780061962769</isbn13>
<average_rating>3.36</average_rating>
<ratings_count>5001</ratings_count>
<publication_year>2012</publication_year>
<publication_month>4</publication_month>
<publication_day>24</publication_day>
<authors>
<author>
<id>79922</id>
<name>Megan McCafferty</name>
<link><![CDATA[https://www.goodreads.com/author/show/79922.Megan_McCafferty]]></link>
</author>
</authors>
</book>

          <book>
<id>13043180</id>
<title>Asunder (Newsoul, #2)</title>
<title_without_series>Asunder</title_without_series>
<link><![CDATA[https://www.goodreads.com/book/show/13043180-asunder]]></link>
<small_image_url><![CDATA[https://images.gr-assets.com/books/1336406778s/13043180.jpg]]></small_image_url>
<image_url><![CDATA[https://images.gr-assets.com/books/1336406778m/13043180.jpg]]></image_url>
<num_pages>406</num_pages>
<work>
<id>18207389</id>
</work>
<isbn>0062060783</isbn>
<isbn13>9780062060785</isbn13>
<average_rating>3.95</average_rating>
<ratings_count>6815</ratings_count>
<publication_year>2013</publication_year>
<publication_month>1</publication_month>
<publication_day>29</publication_day>
<authors>
<author>
<id>4116488</id>
<name>Jodi Meadows</name>
<link><![CDATA[https://www.goodreads.com/author/show/4116488.Jodi_Meadows]]></link>
</author>
</authors>
</book>

          <book>
<id>11514121</id>
<title><![CDATA[A Touch Morbid (A Touch Trilogy, #2)]]></title>
<title_without_series>A Touch Morbid</title_without_series>
<link><![CDATA[https://www.goodreads.com/book/show/11514121-a-touch-morbid]]></link>
<small_image_url><![CDATA[https://images.gr-assets.com/books/1306945378s/11514121.jpg]]></small_image_url>
<image_url><![CDATA[https://images.gr-assets.com/books/1306945378m/11514121.jpg]]></image_url>
<num_pages>299</num_pages>
<work>
<id>16450402</id>
</work>
<isbn></isbn>
<isbn13></isbn13>
<average_rating>3.83</average_rating>
<ratings_count>938</ratings_count>
<publication_year>2012</publication_year>
<publication_month>2</publication_month>
<publication_day>28</publication_day>
<authors>
<author>
<id>3387285</id>
<name>Leah Clifford</name>
<link><![CDATA[https://www.goodreads.com/author/show/3387285.Leah_Clifford]]></link>
</author>
</authors>
</book>

          <book>
<id>10640020</id>
<title><![CDATA[Dreaming Awake (Falling Under, #2)]]></title>
<title_without_series>Dreaming Awake</title_without_series>
<link><![CDATA[https://www.goodreads.com/book/show/10640020-dreaming-awake]]></link>
<small_image_url><![CDATA[https://images.gr-assets.com/books/1322761482s/10640020.jpg]]></small_image_url>
<image_url><![CDATA[https://images.gr-assets.com/books/1322761482m/10640020.jpg]]></image_url>
<num_pages>336</num_pages>
<work>
<id>15548769</id>
</work>
<isbn>0451235541</isbn>
<isbn13>9780451235541</isbn13>
<average_rating>3.96</average_rating>
<ratings_count>4907</ratings_count>
<publication_year>2012</publication_year>
<publication_month>1</publication_month>
<publication_day>3</publication_day>
<authors>
<author>
<id>2812835</id>
<name>Gwen Hayes</name>
<link><![CDATA[https://www.goodreads.com/author/show/2812835.Gwen_Hayes]]></link>
</author>
</authors>
</book>

          <book>
<id>12180240</id>
<title><![CDATA[The Springsweet (The Vespertine, #2)]]></title>
<title_without_series>The Springsweet</title_without_series>
<link><![CDATA[https://www.goodreads.com/book/show/12180240-the-springsweet]]></link>
<small_image_url><![CDATA[https://images.gr-assets.com/books/1314932129s/12180240.jpg]]></small_image_url>
<image_url><![CDATA[https://images.gr-assets.com/books/1314932129m/12180240.jpg]]></image_url>
<num_pages>275</num_pages>
<work>
<id>15013096</id>
</work>
<isbn>054760842X</isbn>
<isbn13>9780547608426</isbn13>
<average_rating>3.82</average_rating>
<ratings_count>763</ratings_count>
<publication_year>2012</publication_year>
<publication_month>4</publication_month>
<publication_day>17</publication_day>
<authors>
<author>
<id>1415543</id>
<name>Saundra Mitchell</name>
<link><![CDATA[https://www.goodreads.com/author/show/1415543.Saundra_Mitchell]]></link>
</author>
</authors>
</book>

          <book>
<id>11387447</id>
<title><![CDATA[The Nightmare Garden (Iron Codex, #2)]]></title>
<title_without_series>The Nightmare Garden</title_without_series>
<link><![CDATA[https://www.goodreads.com/book/show/11387447-the-nightmare-garden]]></link>
<small_image_url><![CDATA[https://s.gr-assets.com/assets/nophoto/book/50x75-a91bf249278a81aabab721ef782c4a74.png]]></small_image_url>
<image_url><![CDATA[https://s.gr-assets.com/assets/nophoto/book/111x148-bcc042a9c91a29c1d680899eff700a03.png]]></image_url>
<num_pages>417</num_pages>
<work>
<id>15883874</id>
</work>
<isbn>0385738315</isbn>
<isbn13>9780385738316</isbn13>
<average_rating>3.68</average_rating>
<ratings_count>1368</ratings_count>
<publication_year>2012</publication_year>
<publication_month>2</publication_month>
<publication_day>14</publication_day>
<authors>
<author>
<id>823146</id>
<name>Caitlin Kittredge</name>
<link><![CDATA[https://www.goodreads.com/author/show/823146.Caitlin_Kittredge]]></link>
</author>
</authors>
</book>

          <book>
<id>9816077</id>
<title><![CDATA[The Wood Queen (The Iron Witch, #2)]]></title>
<title_without_series>The Wood Queen</title_without_series>
<link><![CDATA[https://www.goodreads.com/book/show/9816077-the-wood-queen]]></link>
<small_image_url><![CDATA[https://images.gr-assets.com/books/1318857597s/9816077.jpg]]></small_image_url>
<image_url><![CDATA[https://images.gr-assets.com/books/1318857597m/9816077.jpg]]></image_url>
<num_pages>321</num_pages>
<work>
<id>14706545</id>
</work>
<isbn></isbn>
<isbn13></isbn13>
<average_rating>3.71</average_rating>
<ratings_count>1988</ratings_count>
<publication_year>2012</publication_year>
<publication_month>2</publication_month>
<publication_day>8</publication_day>
<authors>
<author>
<id>2916205</id>
<name>Karen Mahoney</name>
<link><![CDATA[https://www.goodreads.com/author/show/2916205.Karen_Mahoney]]></link>
</author>
</authors>
</book>

          <book>
<id>13355017</id>
<title><![CDATA[Dearly, Beloved (Gone With the Respiration, #2)]]></title>
<title_without_series>Dearly, Beloved</title_without_series>
<link><![CDATA[https://www.goodreads.com/book/show/13355017-dearly-beloved]]></link>
<small_image_url><![CDATA[https://images.gr-assets.com/books/1337641327s/13355017.jpg]]></small_image_url>
<image_url><![CDATA[https://images.gr-assets.com/books/1337641327m/13355017.jpg]]></image_url>
<num_pages>484</num_pages>
<work>
<id>17904176</id>
</work>
<isbn>0345523342</isbn>
<isbn13>9780345523341</isbn13>
<average_rating>3.85</average_rating>
<ratings_count>1990</ratings_count>
<publication_year>2012</publication_year>
<publication_month>9</publication_month>
<publication_day>25</publication_day>
<authors>
<author>
<id>3353667</id>
<name>Lia Habel</name>
<link><![CDATA[https://www.goodreads.com/author/show/3353667.Lia_Habel]]></link>
</author>
</authors>
</book>

          <book>
<id>13163011</id>
<title><![CDATA[Because It Is My Blood (Birthright, #2)]]></title>
<title_without_series>Because It Is My Blood</title_without_series>
<link><![CDATA[https://www.goodreads.com/book/show/13163011-because-it-is-my-blood]]></link>
<small_image_url><![CDATA[https://images.gr-assets.com/books/1333038441s/13163011.jpg]]></small_image_url>
<image_url><![CDATA[https://images.gr-assets.com/books/1333038441m/13163011.jpg]]></image_url>
<num_pages>350</num_pages>
<work>
<id>18341950</id>
</work>
<isbn>0374380740</isbn>
<isbn13></isbn13>
<average_rating>3.92</average_rating>
<ratings_count>4093</ratings_count>
<publication_year>2012</publication_year>
<publication_month>9</publication_month>
<publication_day>18</publication_day>
<authors>
<author>
<id>40593</id>
<name>Gabrielle Zevin</name>
<link><![CDATA[https://www.goodreads.com/author/show/40593.Gabrielle_Zevin]]></link>
</author>
</authors>
</book>

          <book>
<id>10345927</id>
<title><![CDATA[A Million Suns (Across the Universe, #2)]]></title>
<title_without_series>A Million Suns</title_without_series>
<link><![CDATA[https://www.goodreads.com/book/show/10345927-a-million-suns]]></link>
<small_image_url><![CDATA[https://images.gr-assets.com/books/1330214586s/10345927.jpg]]></small_image_url>
<image_url><![CDATA[https://images.gr-assets.com/books/1330214586m/10345927.jpg]]></image_url>
<num_pages>386</num_pages>
<work>
<id>15248718</id>
</work>
<isbn>159514398X</isbn>
<isbn13>9781595143983</isbn13>
<average_rating>4.04</average_rating>
<ratings_count>45499</ratings_count>
<publication_year>2012</publication_year>
<publication_month>1</publication_month>
<publication_day>10</publication_day>
<authors>
<author>
<id>4018722</id>
<name>Beth Revis</name>
<link><![CDATA[https://www.goodreads.com/author/show/4018722.Beth_Revis]]></link>
</author>
</authors>
</book>

          <book>
<id>12882328</id>
<title>Spark (Sky Chasers, #2)</title>
<title_without_series>Spark</title_without_series>
<link><![CDATA[https://www.goodreads.com/book/show/12882328-spark]]></link>
<small_image_url><![CDATA[https://images.gr-assets.com/books/1335804294s/12882328.jpg]]></small_image_url>
<image_url><![CDATA[https://images.gr-assets.com/books/1335804294m/12882328.jpg]]></image_url>
<num_pages>309</num_pages>
<work>
<id>18035545</id>
</work>
<isbn>0312621353</isbn>
<isbn13>9780312621353</isbn13>
<average_rating>3.93</average_rating>
<ratings_count>3628</ratings_count>
<publication_year>2012</publication_year>
<publication_month>7</publication_month>
<publication_day>17</publication_day>
<authors>
<author>
<id>504627</id>
<name>Amy Kathleen Ryan</name>
<link><![CDATA[https://www.goodreads.com/author/show/504627.Amy_Kathleen_Ryan]]></link>
</author>
</authors>
</book>

          <book>
<id>11948601</id>
<title>Hollow</title>
<title_without_series>Hollow</title_without_series>
<link><![CDATA[https://www.goodreads.com/book/show/11948601-hollow]]></link>
<small_image_url><![CDATA[https://images.gr-assets.com/books/1360448812s/11948601.jpg]]></small_image_url>
<image_url><![CDATA[https://images.gr-assets.com/books/1360448812m/11948601.jpg]]></image_url>
<num_pages>107</num_pages>
<work>
<id>16910290</id>
</work>
<isbn>9090909095</isbn>
<isbn13>9789090909097</isbn13>
<average_rating>3.65</average_rating>
<ratings_count>216</ratings_count>
<publication_year>2012</publication_year>
<publication_month></publication_month>
<publication_day></publication_day>
<authors>
<author>
<id>93526</id>
<name>Richard P. Denney</name>
<link><![CDATA[https://www.goodreads.com/author/show/93526.Richard_P_Denney]]></link>
</author>
</authors>
</book>

          <book>
<id>12924253</id>
<title>Once (Eve, #2)</title>
<title_without_series>Once</title_without_series>
<link><![CDATA[https://www.goodreads.com/book/show/12924253-once]]></link>
<small_image_url><![CDATA[https://images.gr-assets.com/books/1321127130s/12924253.jpg]]></small_image_url>
<image_url><![CDATA[https://images.gr-assets.com/books/1321127130m/12924253.jpg]]></image_url>
<num_pages>354</num_pages>
<work>
<id>18079694</id>
</work>
<isbn>0062048546</isbn>
<isbn13>9780062048547</isbn13>
<average_rating>3.90</average_rating>
<ratings_count>16386</ratings_count>
<publication_year>2012</publication_year>
<publication_month>7</publication_month>
<publication_day>3</publication_day>
<authors>
<author>
<id>1792350</id>
<name>Anna Carey</name>
<link><![CDATA[https://www.goodreads.com/author/show/1792350.Anna_Carey]]></link>
</author>
</authors>
</book>

          <book>
<id>9774821</id>
<title><![CDATA[The Fox Inheritance (Jenna Fox Chronicles, #2)]]></title>
<title_without_series>The Fox Inheritance</title_without_series>
<link><![CDATA[https://www.goodreads.com/book/show/9774821-the-fox-inheritance]]></link>
<small_image_url><![CDATA[https://s.gr-assets.com/assets/nophoto/book/50x75-a91bf249278a81aabab721ef782c4a74.png]]></small_image_url>
<image_url><![CDATA[https://s.gr-assets.com/assets/nophoto/book/111x148-bcc042a9c91a29c1d680899eff700a03.png]]></image_url>
<num_pages>304</num_pages>
<work>
<id>14664520</id>
</work>
<isbn>0805088296</isbn>
<isbn13>9780805088298</isbn13>
<average_rating>3.60</average_rating>
<ratings_count>4723</ratings_count>
<publication_year></publication_year>
<publication_month></publication_month>
<publication_day></publication_day>
<authors>
<author>
<id>123463</id>
<name>Mary E. Pearson</name>
<link><![CDATA[https://www.goodreads.com/author/show/123463.Mary_E_Pearson]]></link>
</author>
</authors>
</book>

          <book>
<id>8573632</id>
<title><![CDATA[The Way We Fall (Fallen World, #1)]]></title>
<title_without_series>The Way We Fall</title_without_series>
<link><![CDATA[https://www.goodreads.com/book/show/8573632-the-way-we-fall]]></link>
<small_image_url><![CDATA[https://images.gr-assets.com/books/1316718389s/8573632.jpg]]></small_image_url>
<image_url><![CDATA[https://images.gr-assets.com/books/1316718389m/8573632.jpg]]></image_url>
<num_pages>309</num_pages>
<work>
<id>13442456</id>
</work>
<isbn>1423146166</isbn>
<isbn13>9781423146162</isbn13>
<average_rating>3.68</average_rating>
<ratings_count>6945</ratings_count>
<publication_year>2012</publication_year>
<publication_month>1</publication_month>
<publication_day>24</publication_day>
<authors>
<author>
<id>2839407</id>
<name>Megan Crewe</name>
<link><![CDATA[https://www.goodreads.com/author/show/2839407.Megan_Crewe]]></link>
</author>
</authors>
</book>

  </similar_books>
</book>

</GoodreadsResponse>