<?xml version="1.0" encoding="UTF-8"?>
<GoodreadsResponse>
  <Request>
    <authentication>true</authentication>
      <key><![CDATA[all_men_must_serve]]></key>
    <method><![CDATA[book_show]]></method>
  </Request>
  <book>
  <id>1111600</id>
  <title><![CDATA[The Wheel of Time: Boxed Set  (Wheel of Time, #1-8)]]></title>
  <isbn><![CDATA[0312875045]]></isbn>
  <isbn13><![CDATA[9780312875046]]></isbn13>
  <asin><![CDATA[]]></asin>
  <kindle_asin><![CDATA[]]></kindle_asin>
  <marketplace_id><![CDATA[]]></marketplace_id>
  <country_code><![CDATA[GB]]></country_code>
  <image_url>https://s.gr-assets.com/assets/nophoto/book/111x148-bcc042a9c91a29c1d680899eff700a03.png</image_url>
  <small_image_url>https://s.gr-assets.com/assets/nophoto/book/50x75-a91bf249278a81aabab721ef782c4a74.png</small_image_url>
  <publication_year></publication_year>
  <publication_month></publication_month>
  <publication_day></publication_day>
  <publisher></publisher>
  <language_code></language_code>
  <is_ebook>false</is_ebook>
  <description></description>
  <work>
  <id type="integer">1098573</id>
  <books_count type="integer">2</books_count>
  <best_book_id type="integer">1111600</best_book_id>
  <reviews_count type="integer">11382</reviews_count>
  <ratings_sum type="integer">39980</ratings_sum>
  <ratings_count type="integer">9144</ratings_count>
  <text_reviews_count type="integer">129</text_reviews_count>
  <original_publication_year type="integer">1990</original_publication_year>
  <original_publication_month type="integer">11</original_publication_month>
  <original_publication_day type="integer">15</original_publication_day>
  <original_title>The Wheel of Time: Boxed Set  (Wheel of Time, #1-8)</original_title>
  <original_language_id type="integer" nil="true"/>
  <media_type nil="true"/>
  <rating_dist>5:5389|4:2360|3:971|2:258|1:166|total:9144</rating_dist>
  <desc_user_id type="integer" nil="true"/>
  <default_chaptering_book_id type="integer" nil="true"/>
  <default_description_language_code nil="true"/>
</work>
  <average_rating>4.37</average_rating>
  <num_pages><![CDATA[]]></num_pages>
  <format><![CDATA[]]></format>
  <edition_information><![CDATA[]]></edition_information>
  <ratings_count><![CDATA[9036]]></ratings_count>
  <text_reviews_count><![CDATA[125]]></text_reviews_count>
  <url><![CDATA[https://www.goodreads.com/book/show/1111600.The_Wheel_of_Time]]></url>
  <link><![CDATA[https://www.goodreads.com/book/show/1111600.The_Wheel_of_Time]]></link>
  <authors>
<author>
<id>6252</id>
<name>Robert Jordan</name>
<role></role>
<image_url nophoto='false'>
<![CDATA[https://images.gr-assets.com/authors/1175475715p5/6252.jpg]]>
</image_url>
<small_image_url nophoto='false'>
<![CDATA[https://images.gr-assets.com/authors/1175475715p2/6252.jpg]]>
</small_image_url>
<link><![CDATA[https://www.goodreads.com/author/show/6252.Robert_Jordan]]></link>
<average_rating>4.16</average_rating>
<ratings_count>1771772</ratings_count>
<text_reviews_count>39708</text_reviews_count>
</author>
</authors>

    <reviews_widget>
      <![CDATA[
        <style>
  #goodreads-widget {
    font-family: georgia, serif;
    padding: 18px 0;
    width:565px;
  }
  #goodreads-widget h1 {
    font-weight:normal;
    font-size: 16px;
    border-bottom: 1px solid #BBB596;
    margin-bottom: 0;
  }
  #goodreads-widget a {
    text-decoration: none;
    color:#660;
  }
  iframe{
    background-color: #fff;
  }
  #goodreads-widget a:hover { text-decoration: underline; }
  #goodreads-widget a:active {
    color:#660;
  }
  #gr_footer {
    width: 100%;
    border-top: 1px solid #BBB596;
    text-align: right;
  }
  #goodreads-widget .gr_branding{
    color: #382110;
    font-size: 11px;
    text-decoration: none;
    font-family: "Helvetica Neue", Helvetica, Arial, sans-serif;
  }
</style>
<div id="goodreads-widget">
  <div id="gr_header"><h1><a rel="nofollow" href="https://www.goodreads.com/book/show/1111600.The_Wheel_of_Time">The Wheel of Time Reviews</a></h1></div>
  <iframe id="the_iframe" src="https://www.goodreads.com/api/reviews_widget_iframe?did=DEVELOPER_ID&amp;format=html&amp;isbn=0312875045&amp;links=660&amp;min_rating=&amp;review_back=fff&amp;stars=000&amp;text=000" width="565" height="400" frameborder="0"></iframe>
  <div id="gr_footer">
    <a class="gr_branding" target="_blank" rel="nofollow" href="https://www.goodreads.com/book/show/1111600.The_Wheel_of_Time?utm_medium=api&amp;utm_source=reviews_widget">Reviews from Goodreads.com</a>
  </div>
</div>

      ]]>
    </reviews_widget>
  <popular_shelves>
      <shelf name="to-read" count="1942"/>
      <shelf name="fantasy" count="164"/>
      <shelf name="currently-reading" count="31"/>
      <shelf name="favorites" count="29"/>
      <shelf name="epic-fantasy" count="20"/>
      <shelf name="fiction" count="9"/>
      <shelf name="high-fantasy" count="7"/>
      <shelf name="scifi-fantasy" count="6"/>
      <shelf name="series" count="5"/>
      <shelf name="wheel-of-time" count="5"/>
      <shelf name="sci-fi-fantasy" count="5"/>
      <shelf name="robert-jordan" count="4"/>
      <shelf name="fantasy-sci-fi" count="4"/>
      <shelf name="not-interested" count="3"/>
      <shelf name="don-t-plan-on-reading" count="2"/>
      <shelf name="re-read" count="2"/>
      <shelf name="own-it" count="2"/>
      <shelf name="read-fantasy" count="2"/>
      <shelf name="favorite" count="2"/>
      <shelf name="sff" count="2"/>
      <shelf name="to-read-again" count="2"/>
      <shelf name="favorite-series" count="2"/>
      <shelf name="sf-f" count="2"/>
      <shelf name="sci-fi" count="2"/>
      <shelf name="sf-fantasy" count="2"/>
      <shelf name="sci-fi-and-fantasy" count="1"/>
      <shelf name="read-different-edition" count="1"/>
      <shelf name="not-worth-any-more-time" count="1"/>
      <shelf name="unfinished" count="1"/>
      <shelf name="liam-megan" count="1"/>
      <shelf name="interest" count="1"/>
      <shelf name="awe" count="1"/>
      <shelf name="reformated-publication" count="1"/>
      <shelf name="maybe" count="1"/>
      <shelf name="to-read-fiction" count="1"/>
      <shelf name="to-read-later" count="1"/>
      <shelf name="other" count="1"/>
      <shelf name="no-thanks-sir-box-series-sets" count="1"/>
      <shelf name="isbn-13-9781481280761" count="1"/>
      <shelf name="fantasy-fiction" count="1"/>
      <shelf name="x-ignore" count="1"/>
      <shelf name="would-read-them-once-and-again" count="1"/>
      <shelf name="sagas" count="1"/>
      <shelf name="zz-to-read-fantasy" count="1"/>
      <shelf name="npr-top-100-scifi-and-fantasy" count="1"/>
      <shelf name="rejected" count="1"/>
      <shelf name="fanatasy" count="1"/>
      <shelf name="well-intentioned-fantasy" count="1"/>
      <shelf name="sprawling-epic" count="1"/>
      <shelf name="laborious" count="1"/>
      <shelf name="shelfari-favorites" count="1"/>
      <shelf name="hero-knight-paladin-merc" count="1"/>
      <shelf name="reads" count="1"/>
      <shelf name="not-in-library" count="1"/>
      <shelf name="get-out-of-my-feed" count="1"/>
      <shelf name="not-needed" count="1"/>
      <shelf name="teenage-attic" count="1"/>
      <shelf name="not-finished" count="1"/>
      <shelf name="good-fantasy-protagonists" count="1"/>
      <shelf name="books-for-me" count="1"/>
      <shelf name="favorite-books" count="1"/>
      <shelf name="science-fiction-fantasy" count="1"/>
      <shelf name="book-sale-to-buy" count="1"/>
      <shelf name="coming-of-age" count="1"/>
      <shelf name="recommendations" count="1"/>
      <shelf name="top-sci-fi-fantasy-to-read" count="1"/>
      <shelf name="anbefalet-ikke-undersøgt" count="1"/>
      <shelf name="fivestar" count="1"/>
      <shelf name="underrated-book" count="1"/>
      <shelf name="did-not-enjoy" count="1"/>
      <shelf name="derek" count="1"/>
      <shelf name="unorganized" count="1"/>
      <shelf name="j" count="1"/>
      <shelf name="fantasy-and-science-fiction" count="1"/>
      <shelf name="to-read-series-books" count="1"/>
      <shelf name="dymocks-best-2011" count="1"/>
      <shelf name="alternative-fantasy" count="1"/>
      <shelf name="cherie" count="1"/>
      <shelf name="too-many-characters" count="1"/>
      <shelf name="books-i-got" count="1"/>
      <shelf name="duplicates-and-graphic-novels" count="1"/>
      <shelf name="not-worth" count="1"/>
      <shelf name="reading-for-pleasure" count="1"/>
      <shelf name="owned-but-not-read" count="1"/>
      <shelf name="excellent-fantasy" count="1"/>
      <shelf name="magic" count="1"/>
      <shelf name="library-or-loaned" count="1"/>
      <shelf name="science-fantasy" count="1"/>
      <shelf name="epic" count="1"/>
      <shelf name="7-not-intrested" count="1"/>
      <shelf name="books-to-read-before-i-die" count="1"/>
      <shelf name="some-of-my-favorite-reads" count="1"/>
      <shelf name="classic" count="1"/>
      <shelf name="fof-faves" count="1"/>
      <shelf name="best-books-ever" count="1"/>
      <shelf name="_read-unsorted" count="1"/>
      <shelf name="4-or-5-stars" count="1"/>
      <shelf name="paperback-hardcover" count="1"/>
      <shelf name="books-of-interest" count="1"/>
      <shelf name="unknown" count="1"/>
  </popular_shelves>
  <book_links>
    <book_link>
  <id>8</id>
  <name>Libraries</name>
  <link>https://www.goodreads.com/book_link/follow/8</link>
</book_link>

  </book_links>
  <buy_links>
    <buy_link>
<id>1</id>
<name>Amazon</name>
<link>https://www.goodreads.com/book_link/follow/1</link>
</buy_link>
<buy_link>
<id>10</id>
<name>Audible</name>
<link>https://www.goodreads.com/book_link/follow/10</link>
</buy_link>
<buy_link>
<id>3</id>
<name>Barnes &amp; Noble</name>
<link>https://www.goodreads.com/book_link/follow/3</link>
</buy_link>
<buy_link>
<id>1027</id>
<name>Kobo</name>
<link>https://www.goodreads.com/book_link/follow/1027</link>
</buy_link>
<buy_link>
<id>2102</id>
<name>Apple iBooks</name>
<link>https://www.goodreads.com/book_link/follow/2102</link>
</buy_link>
<buy_link>
<id>8036</id>
<name>Google Play</name>
<link>https://www.goodreads.com/book_link/follow/8036</link>
</buy_link>
<buy_link>
<id>4</id>
<name>Abebooks</name>
<link>https://www.goodreads.com/book_link/follow/4</link>
</buy_link>
<buy_link>
<id>882</id>
<name>Book Depository</name>
<link>https://www.goodreads.com/book_link/follow/882</link>
</buy_link>
<buy_link>
<id>9</id>
<name>Indigo</name>
<link>https://www.goodreads.com/book_link/follow/9</link>
</buy_link>
<buy_link>
<id>2</id>
<name>Half.com</name>
<link>https://www.goodreads.com/book_link/follow/2</link>
</buy_link>
<buy_link>
<id>5</id>
<name>Alibris</name>
<link>https://www.goodreads.com/book_link/follow/5</link>
</buy_link>
<buy_link>
<id>107</id>
<name>Better World Books</name>
<link>https://www.goodreads.com/book_link/follow/107</link>
</buy_link>
<buy_link>
<id>7</id>
<name>IndieBound</name>
<link>https://www.goodreads.com/book_link/follow/7</link>
</buy_link>

  </buy_links>
  <series_works>
    <series_work>
<id>804377</id>
<user_position>1-8</user_position>
<series>
<id>41526</id>
<title>
<![CDATA[
    The Wheel of Time
]]>
</title>
<description>
<![CDATA[
    Written by Robert Jordan and completed posthumously by Brandon Sanderson, The Wheel of Time is one of the greatest epics of fantasy and a #1 internationally bestselling series. Taking place both in our past and our future, the saga tells the story of a man destined to face the Evil One and save the world—or destroy it in the process.
    
    The Wheel of Time turns and Ages come and pass. What was, what will be, and what is, may yet fall under the Shadow.
    
    The series is also known as:
    * Ajan pyörä (Finnish)
    * Ajaratas
    * A Roda do Tempo [Portuguese]
    * Das Rad der Zeit (German)
    * Het Rad des Tijds (Dutch)
    * Kolo času
    * Koło Czasu
    * La Roue du Temps (French)
    * La Rueda del Tiempo
    * La Ruota del Tempo
    * Roata Timpului
    * Sagan om Drakens återkomst
    * Točak vremena
    * Zaman Çarkı
    * Колелото на Времето
    * 时光之轮
    
    Alternate numberings for this series:
    * <a href="http://www.goodreads.com/series/118810">Ajan pyörä</a>
    * <a href="http://www.goodreads.com/series/45703-das-rad-der-zeit">Das Rad der Zeit</a>
    * <a href="http://www.goodreads.com/series/47228-la-roue-du-temps">La Roue du Temps</a>
    * <a href="http://www.goodreads.com/series/100463-sagan-om-drakens-terkomst">Sagan om Drakens återkomst</a>
    
    A series of <a href="http://www.goodreads.com/series/89334-the-wheel-of-time---graphic-novels">Graphic Novels</a> has been published, containing the first 4 books and the "New Spring" novella.
]]>
</description>
<note>
<![CDATA[
]]>
</note>
<series_works_count>33</series_works_count>
<primary_work_count>14</primary_work_count>
<numbered>true</numbered>
</series>

</series_work>

  </series_works>
  <similar_books>
          <book>
<id>43885</id>
<title><![CDATA[The Sword of Truth Boxed Set II: Temple of the Winds; Soul of the Fire; Faith of the Fallen (Sword of Truth, #4-6)]]></title>
<title_without_series><![CDATA[The Sword of Truth Boxed Set II: Temple of the Winds; Soul of the Fire; Faith of the Fallen]]></title_without_series>
<link><![CDATA[https://www.goodreads.com/book/show/43885.The_Sword_of_Truth_Boxed_Set_II]]></link>
<small_image_url><![CDATA[https://images.gr-assets.com/books/1390659370s/43885.jpg]]></small_image_url>
<image_url><![CDATA[https://images.gr-assets.com/books/1390659370m/43885.jpg]]></image_url>
<num_pages></num_pages>
<work>
<id>43275</id>
</work>
<isbn>0765344947</isbn>
<isbn13>9780765344946</isbn13>
<average_rating>4.16</average_rating>
<ratings_count>6909</ratings_count>
<publication_year></publication_year>
<publication_month></publication_month>
<publication_day></publication_day>
<authors>
<author>
<id>3441</id>
<name>Terry Goodkind</name>
<link><![CDATA[https://www.goodreads.com/author/show/3441.Terry_Goodkind]]></link>
</author>
</authors>
</book>

          <book>
<id>2041545</id>
<title><![CDATA[The Riftwar Saga (The Riftwar Saga, #1-4)]]></title>
<title_without_series>The Riftwar Saga</title_without_series>
<link><![CDATA[https://www.goodreads.com/book/show/2041545.The_Riftwar_Saga]]></link>
<small_image_url><![CDATA[https://s.gr-assets.com/assets/nophoto/book/50x75-a91bf249278a81aabab721ef782c4a74.png]]></small_image_url>
<image_url><![CDATA[https://s.gr-assets.com/assets/nophoto/book/111x148-bcc042a9c91a29c1d680899eff700a03.png]]></image_url>
<num_pages></num_pages>
<work>
<id>2046438</id>
</work>
<isbn>0553333240</isbn>
<isbn13>9780553333244</isbn13>
<average_rating>4.35</average_rating>
<ratings_count>8918</ratings_count>
<publication_year>1988</publication_year>
<publication_month>11</publication_month>
<publication_day></publication_day>
<authors>
<author>
<id>8588</id>
<name>Raymond E. Feist</name>
<link><![CDATA[https://www.goodreads.com/author/show/8588.Raymond_E_Feist]]></link>
</author>
</authors>
</book>

          <book>
<id>189835</id>
<title><![CDATA[The Malloreon Boxed Set: Guardians of the West / King of the Murgos / Demon Lord of Karanda / Sorceress of Darshiva / The Seeress of Kell (The Malloreon, #1-5)]]></title>
<title_without_series><![CDATA[The Malloreon Boxed Set: Guardians of the West / King of the Murgos / Demon Lord of Karanda / Sorceress of Darshiva / The Seeress of Kell]]></title_without_series>
<link><![CDATA[https://www.goodreads.com/book/show/189835.The_Malloreon_Boxed_Set]]></link>
<small_image_url><![CDATA[https://s.gr-assets.com/assets/nophoto/book/50x75-a91bf249278a81aabab721ef782c4a74.png]]></small_image_url>
<image_url><![CDATA[https://s.gr-assets.com/assets/nophoto/book/111x148-bcc042a9c91a29c1d680899eff700a03.png]]></image_url>
<num_pages></num_pages>
<work>
<id>183520</id>
</work>
<isbn>0345379888</isbn>
<isbn13>9780345379887</isbn13>
<average_rating>4.33</average_rating>
<ratings_count>3391</ratings_count>
<publication_year></publication_year>
<publication_month></publication_month>
<publication_day></publication_day>
<authors>
<author>
<id>8732</id>
<name>David Eddings</name>
<link><![CDATA[https://www.goodreads.com/author/show/8732.David_Eddings]]></link>
</author>
</authors>
</book>

          <book>
<id>987951</id>
<title><![CDATA[The Sword of the Shannara and The Elfstones of Shannara]]></title>
<title_without_series><![CDATA[The Sword of the Shannara and The Elfstones of Shannara]]></title_without_series>
<link><![CDATA[https://www.goodreads.com/book/show/987951.The_Sword_of_the_Shannara_and_The_Elfstones_of_Shannara]]></link>
<small_image_url><![CDATA[https://s.gr-assets.com/assets/nophoto/book/50x75-a91bf249278a81aabab721ef782c4a74.png]]></small_image_url>
<image_url><![CDATA[https://s.gr-assets.com/assets/nophoto/book/111x148-bcc042a9c91a29c1d680899eff700a03.png]]></image_url>
<num_pages></num_pages>
<work>
<id>973445</id>
</work>
<isbn>0345455401</isbn>
<isbn13>9780345455406</isbn13>
<average_rating>4.11</average_rating>
<ratings_count>5565</ratings_count>
<publication_year>2002</publication_year>
<publication_month>1</publication_month>
<publication_day>15</publication_day>
<authors>
<author>
<id>9629</id>
<name>Terry Brooks</name>
<link><![CDATA[https://www.goodreads.com/author/show/9629.Terry_Brooks]]></link>
</author>
</authors>
</book>

          <book>
<id>5533041</id>
<title><![CDATA[Assassin's Apprentice / Royal Assassin (Farseer Trilogy, #1-2)]]></title>
<title_without_series><![CDATA[Assassin's Apprentice / Royal Assassin]]></title_without_series>
<link><![CDATA[https://www.goodreads.com/book/show/5533041-assassin-s-apprentice-royal-assassin]]></link>
<small_image_url><![CDATA[https://images.gr-assets.com/books/1501084447s/5533041.jpg]]></small_image_url>
<image_url><![CDATA[https://images.gr-assets.com/books/1501084447m/5533041.jpg]]></image_url>
<num_pages></num_pages>
<work>
<id>40221030</id>
</work>
<isbn></isbn>
<isbn13></isbn13>
<average_rating>4.34</average_rating>
<ratings_count>6211</ratings_count>
<publication_year>2002</publication_year>
<publication_month>11</publication_month>
<publication_day>5</publication_day>
<authors>
<author>
<id>25307</id>
<name>Robin Hobb</name>
<link><![CDATA[https://www.goodreads.com/author/show/25307.Robin_Hobb]]></link>
</author>
</authors>
</book>

          <book>
<id>8320534</id>
<title><![CDATA[Raymond E. Feist's Magician Master]]></title>
<title_without_series><![CDATA[Raymond E. Feist's Magician Master]]></title_without_series>
<link><![CDATA[https://www.goodreads.com/book/show/8320534-raymond-e-feist-s-magician-master]]></link>
<small_image_url><![CDATA[https://s.gr-assets.com/assets/nophoto/book/50x75-a91bf249278a81aabab721ef782c4a74.png]]></small_image_url>
<image_url><![CDATA[https://s.gr-assets.com/assets/nophoto/book/111x148-bcc042a9c91a29c1d680899eff700a03.png]]></image_url>
<num_pages>120</num_pages>
<work>
<id>13169953</id>
</work>
<isbn>0785139877</isbn>
<isbn13>9780785139874</isbn13>
<average_rating>4.43</average_rating>
<ratings_count>18446</ratings_count>
<publication_year>2012</publication_year>
<publication_month>1</publication_month>
<publication_day>18</publication_day>
<authors>
<author>
<id>4350009</id>
<name>Bryan J.L. Glass</name>
<link><![CDATA[https://www.goodreads.com/author/show/4350009.Bryan_J_L_Glass]]></link>
</author>
</authors>
</book>

          <book>
<id>68406</id>
<title><![CDATA[Homeland: The Graphic Novel (Legend of Drizzt: The Graphic Novel, #1)]]></title>
<title_without_series>Homeland: The Graphic Novel</title_without_series>
<link><![CDATA[https://www.goodreads.com/book/show/68406.Homeland]]></link>
<small_image_url><![CDATA[https://images.gr-assets.com/books/1331474460s/68406.jpg]]></small_image_url>
<image_url><![CDATA[https://images.gr-assets.com/books/1331474460m/68406.jpg]]></image_url>
<num_pages>160</num_pages>
<work>
<id>13902825</id>
</work>
<isbn>1932796584</isbn>
<isbn13>9781932796582</isbn13>
<average_rating>4.25</average_rating>
<ratings_count>2647</ratings_count>
<publication_year>2006</publication_year>
<publication_month>5</publication_month>
<publication_day>23</publication_day>
<authors>
<author>
<id>1023510</id>
<name>R.A. Salvatore</name>
<link><![CDATA[https://www.goodreads.com/author/show/1023510.R_A_Salvatore]]></link>
</author>
</authors>
</book>

          <book>
<id>2000210</id>
<title><![CDATA[The Lost Swords: The First Triad (Lost Swords, #1-3)]]></title>
<title_without_series><![CDATA[The Lost Swords: The First Triad]]></title_without_series>
<link><![CDATA[https://www.goodreads.com/book/show/2000210.The_Lost_Swords]]></link>
<small_image_url><![CDATA[https://images.gr-assets.com/books/1269112540s/2000210.jpg]]></small_image_url>
<image_url><![CDATA[https://images.gr-assets.com/books/1269112540m/2000210.jpg]]></image_url>
<num_pages>602</num_pages>
<work>
<id>2004032</id>
</work>
<isbn>1117236927</isbn>
<isbn13>9781117236926</isbn13>
<average_rating>3.93</average_rating>
<ratings_count>2219</ratings_count>
<publication_year>1989</publication_year>
<publication_month></publication_month>
<publication_day></publication_day>
<authors>
<author>
<id>10082</id>
<name>Fred Saberhagen</name>
<link><![CDATA[https://www.goodreads.com/author/show/10082.Fred_Saberhagen]]></link>
</author>
</authors>
</book>

          <book>
<id>15501</id>
<title><![CDATA[Xanth: The Quest for Magic (Xanth, #1-3)]]></title>
<title_without_series>Xanth: The Quest for Magic</title_without_series>
<link><![CDATA[https://www.goodreads.com/book/show/15501.Xanth]]></link>
<small_image_url><![CDATA[https://s.gr-assets.com/assets/nophoto/book/50x75-a91bf249278a81aabab721ef782c4a74.png]]></small_image_url>
<image_url><![CDATA[https://s.gr-assets.com/assets/nophoto/book/111x148-bcc042a9c91a29c1d680899eff700a03.png]]></image_url>
<num_pages>784</num_pages>
<work>
<id>17402</id>
</work>
<isbn>034545328X</isbn>
<isbn13>9780345453280</isbn13>
<average_rating>4.05</average_rating>
<ratings_count>4742</ratings_count>
<publication_year>2002</publication_year>
<publication_month>10</publication_month>
<publication_day>29</publication_day>
<authors>
<author>
<id>8516</id>
<name>Piers Anthony</name>
<link><![CDATA[https://www.goodreads.com/author/show/8516.Piers_Anthony]]></link>
</author>
</authors>
</book>

          <book>
<id>6122735</id>
<title><![CDATA[The Night Angel Trilogy (Night Angel, #1-3)]]></title>
<title_without_series>The Night Angel Trilogy</title_without_series>
<link><![CDATA[https://www.goodreads.com/book/show/6122735-the-night-angel-trilogy]]></link>
<small_image_url><![CDATA[https://images.gr-assets.com/books/1450327994s/6122735.jpg]]></small_image_url>
<image_url><![CDATA[https://images.gr-assets.com/books/1450327994m/6122735.jpg]]></image_url>
<num_pages>1392</num_pages>
<work>
<id>6537338</id>
</work>
<isbn>160751351X</isbn>
<isbn13>9781607513513</isbn13>
<average_rating>4.42</average_rating>
<ratings_count>19314</ratings_count>
<publication_year>2009</publication_year>
<publication_month>1</publication_month>
<publication_day></publication_day>
<authors>
<author>
<id>1370283</id>
<name>Brent Weeks</name>
<link><![CDATA[https://www.goodreads.com/author/show/1370283.Brent_Weeks]]></link>
</author>
</authors>
</book>

          <book>
<id>164672</id>
<title><![CDATA[The Wheel of Time Roleplaying Game]]></title>
<title_without_series><![CDATA[The Wheel of Time Roleplaying Game]]></title_without_series>
<link><![CDATA[https://www.goodreads.com/book/show/164672.The_Wheel_of_Time_Roleplaying_Game]]></link>
<small_image_url><![CDATA[https://images.gr-assets.com/books/1332010437s/164672.jpg]]></small_image_url>
<image_url><![CDATA[https://images.gr-assets.com/books/1332010437m/164672.jpg]]></image_url>
<num_pages>317</num_pages>
<work>
<id>158987</id>
</work>
<isbn>0786919965</isbn>
<isbn13>9780786919963</isbn13>
<average_rating>4.41</average_rating>
<ratings_count>1298</ratings_count>
<publication_year>2001</publication_year>
<publication_month>11</publication_month>
<publication_day>17</publication_day>
<authors>
<author>
<id>26516</id>
<name>Charles Ryan</name>
<link><![CDATA[https://www.goodreads.com/author/show/26516.Charles_Ryan]]></link>
</author>
</authors>
</book>

  </similar_books>
</book>

</GoodreadsResponse>