<?xml version="1.0" encoding="UTF-8"?>
<GoodreadsResponse>
  <Request>
    <authentication>true</authentication>
      <key><![CDATA[all_men_must_serve]]></key>
    <method><![CDATA[book_show]]></method>
  </Request>
  <book>
  <id>111126</id>
  <title><![CDATA[Hateship, Friendship, Courtship, Loveship, Marriage: Stories]]></title>
  <isbn><![CDATA[0375727434]]></isbn>
  <isbn13><![CDATA[9780375727436]]></isbn13>
  <asin><![CDATA[]]></asin>
  <kindle_asin><![CDATA[]]></kindle_asin>
  <marketplace_id><![CDATA[]]></marketplace_id>
  <country_code><![CDATA[GB]]></country_code>
  <image_url>https://images.gr-assets.com/books/1494106094m/111126.jpg</image_url>
  <small_image_url>https://images.gr-assets.com/books/1494106094s/111126.jpg</small_image_url>
  <publication_year>2002</publication_year>
  <publication_month>10</publication_month>
  <publication_day>8</publication_day>
  <publisher>Vintage</publisher>
  <language_code></language_code>
  <is_ebook>false</is_ebook>
  <description><![CDATA[In the her tenth collection (the title story of which is the basis for the new film <i>Hateship Loveship</i>), Alice Munro achieves new heights, creating narratives that loop and swerve like memory, and conjuring up characters as thorny and contradictory as people we know ourselves.<br /><br />A tough-minded housekeeper jettisons the habits of a lifetime because of a teenager’s practical joke. A college student visiting her brassy, unconventional aunt stumbles on an astonishing secret and its meaning in her own life. An incorrigible philanderer responds with unexpected grace to his wife’s nursing-home romance. <br /><br /><i>Hateship, Friendship, Courtship, Loveship, Marriage</i> is Munro at her best, tirelessly observant, serenely free of illusion, deeply and gloriously humane.]]></description>
  <work>
  <id type="integer">2457240</id>
  <books_count type="integer">84</books_count>
  <best_book_id type="integer">111126</best_book_id>
  <reviews_count type="integer">29880</reviews_count>
  <ratings_sum type="integer">52010</ratings_sum>
  <ratings_count type="integer">12826</ratings_count>
  <text_reviews_count type="integer">1246</text_reviews_count>
  <original_publication_year type="integer">2001</original_publication_year>
  <original_publication_month type="integer" nil="true"/>
  <original_publication_day type="integer" nil="true"/>
  <original_title>Hateship, Friendship, Courtship, Loveship, Marriage</original_title>
  <original_language_id type="integer" nil="true"/>
  <media_type>book</media_type>
  <rating_dist>5:4706|4:5025|3:2344|2:597|1:154|total:12826</rating_dist>
  <desc_user_id type="integer" nil="true"/>
  <default_chaptering_book_id type="integer" nil="true"/>
  <default_description_language_code nil="true"/>
</work>
  <average_rating>4.06</average_rating>
  <num_pages><![CDATA[323]]></num_pages>
  <format><![CDATA[Paperback]]></format>
  <edition_information><![CDATA[]]></edition_information>
  <ratings_count><![CDATA[10950]]></ratings_count>
  <text_reviews_count><![CDATA[1005]]></text_reviews_count>
  <url><![CDATA[https://www.goodreads.com/book/show/111126.Hateship_Friendship_Courtship_Loveship_Marriage]]></url>
  <link><![CDATA[https://www.goodreads.com/book/show/111126.Hateship_Friendship_Courtship_Loveship_Marriage]]></link>
  <authors>
<author>
<id>6410</id>
<name>Alice Munro</name>
<role></role>
<image_url nophoto='false'>
<![CDATA[https://images.gr-assets.com/authors/1494056984p5/6410.jpg]]>
</image_url>
<small_image_url nophoto='false'>
<![CDATA[https://images.gr-assets.com/authors/1494056984p2/6410.jpg]]>
</small_image_url>
<link><![CDATA[https://www.goodreads.com/author/show/6410.Alice_Munro]]></link>
<average_rating>3.92</average_rating>
<ratings_count>129904</ratings_count>
<text_reviews_count>13689</text_reviews_count>
</author>
</authors>

    <reviews_widget>
      <![CDATA[
        <style>
  #goodreads-widget {
    font-family: georgia, serif;
    padding: 18px 0;
    width:565px;
  }
  #goodreads-widget h1 {
    font-weight:normal;
    font-size: 16px;
    border-bottom: 1px solid #BBB596;
    margin-bottom: 0;
  }
  #goodreads-widget a {
    text-decoration: none;
    color:#660;
  }
  iframe{
    background-color: #fff;
  }
  #goodreads-widget a:hover { text-decoration: underline; }
  #goodreads-widget a:active {
    color:#660;
  }
  #gr_footer {
    width: 100%;
    border-top: 1px solid #BBB596;
    text-align: right;
  }
  #goodreads-widget .gr_branding{
    color: #382110;
    font-size: 11px;
    text-decoration: none;
    font-family: "Helvetica Neue", Helvetica, Arial, sans-serif;
  }
</style>
<div id="goodreads-widget">
  <div id="gr_header"><h1><a rel="nofollow" href="https://www.goodreads.com/book/show/111126.Hateship_Friendship_Courtship_Loveship_Marriage">Hateship, Friendship, Courtship, Loveship, Marriage Reviews</a></h1></div>
  <iframe id="the_iframe" src="https://www.goodreads.com/api/reviews_widget_iframe?did=DEVELOPER_ID&amp;format=html&amp;isbn=0375727434&amp;links=660&amp;min_rating=&amp;review_back=fff&amp;stars=000&amp;text=000" width="565" height="400" frameborder="0"></iframe>
  <div id="gr_footer">
    <a class="gr_branding" target="_blank" rel="nofollow" href="https://www.goodreads.com/book/show/111126.Hateship_Friendship_Courtship_Loveship_Marriage?utm_medium=api&amp;utm_source=reviews_widget">Reviews from Goodreads.com</a>
  </div>
</div>

      ]]>
    </reviews_widget>
  <popular_shelves>
      <shelf name="to-read" count="8656"/>
      <shelf name="short-stories" count="769"/>
      <shelf name="fiction" count="242"/>
      <shelf name="favorites" count="143"/>
      <shelf name="currently-reading" count="114"/>
      <shelf name="book-club" count="111"/>
      <shelf name="canadian" count="108"/>
      <shelf name="canada" count="83"/>
      <shelf name="short-story" count="52"/>
      <shelf name="stories" count="49"/>
      <shelf name="owned" count="45"/>
      <shelf name="books-i-own" count="39"/>
      <shelf name="short-story-collections" count="37"/>
      <shelf name="literary-fiction" count="34"/>
      <shelf name="canadian-literature" count="34"/>
      <shelf name="literature" count="34"/>
      <shelf name="contemporary" count="30"/>
      <shelf name="short-fiction" count="26"/>
      <shelf name="ebook" count="25"/>
      <shelf name="to-buy" count="25"/>
      <shelf name="kindle" count="25"/>
      <shelf name="nobel-prize" count="23"/>
      <shelf name="racconti" count="23"/>
      <shelf name="library" count="23"/>
      <shelf name="women" count="21"/>
      <shelf name="nobel" count="20"/>
      <shelf name="female-authors" count="20"/>
      <shelf name="abandoned" count="20"/>
      <shelf name="alice-munro" count="19"/>
      <shelf name="bookclub" count="19"/>
      <shelf name="default" count="18"/>
      <shelf name="unfinished" count="17"/>
      <shelf name="short" count="17"/>
      <shelf name="to-read-fiction" count="16"/>
      <shelf name="shortstories" count="16"/>
      <shelf name="romance" count="15"/>
      <shelf name="female-author" count="14"/>
      <shelf name="canadian-lit" count="13"/>
      <shelf name="contemporary-fiction" count="13"/>
      <shelf name="anthology" count="13"/>
      <shelf name="adult" count="12"/>
      <shelf name="30-before-30" count="12"/>
      <shelf name="my-library" count="12"/>
      <shelf name="21st-century" count="12"/>
      <shelf name="canadian-author" count="12"/>
      <shelf name="literary" count="12"/>
      <shelf name="can-lit" count="12"/>
      <shelf name="read-in-2014" count="11"/>
      <shelf name="e-book" count="11"/>
      <shelf name="feminism" count="11"/>
      <shelf name="read-in-2013" count="10"/>
      <shelf name="women-authors" count="10"/>
      <shelf name="my-books" count="10"/>
      <shelf name="canadian-authors" count="10"/>
      <shelf name="ebooks" count="10"/>
      <shelf name="adult-fiction" count="10"/>
      <shelf name="canlit" count="10"/>
      <shelf name="book-group" count="9"/>
      <shelf name="classics" count="9"/>
      <shelf name="nobel-laureates" count="9"/>
      <shelf name="english" count="9"/>
      <shelf name="short-stories-essays" count="9"/>
      <shelf name="award-winners" count="9"/>
      <shelf name="on-hold" count="9"/>
      <shelf name="short-story-collection" count="9"/>
      <shelf name="did-not-finish" count="9"/>
      <shelf name="favourites" count="9"/>
      <shelf name="marriage" count="9"/>
      <shelf name="read-in-2015" count="8"/>
      <shelf name="didn-t-finish" count="8"/>
      <shelf name="wish-list" count="8"/>
      <shelf name="shorts" count="8"/>
      <shelf name="collections" count="8"/>
      <shelf name="canadiana" count="8"/>
      <shelf name="own-it" count="8"/>
      <shelf name="owned-books" count="7"/>
      <shelf name="2000s" count="7"/>
      <shelf name="before-30" count="7"/>
      <shelf name="read-in-2012" count="7"/>
      <shelf name="novels" count="7"/>
      <shelf name="audiobooks" count="7"/>
      <shelf name="narrativa" count="7"/>
      <shelf name="read-2014" count="6"/>
      <shelf name="nobel-laureate" count="6"/>
      <shelf name="favorite" count="6"/>
      <shelf name="noveller" count="6"/>
      <shelf name="favorite-authors" count="6"/>
      <shelf name="recommended" count="6"/>
      <shelf name="canadian-fiction" count="6"/>
      <shelf name="story-collections" count="6"/>
      <shelf name="relationships" count="6"/>
      <shelf name="book-club-books" count="6"/>
      <shelf name="general-fiction" count="6"/>
      <shelf name="contos" count="5"/>
      <shelf name="premi-nobel" count="5"/>
      <shelf name="nobel-prize-winners" count="5"/>
      <shelf name="short-stories-and-essays" count="5"/>
      <shelf name="gave-up-on" count="5"/>
      <shelf name="collection" count="5"/>
      <shelf name="nobel-prize-winner" count="5"/>
  </popular_shelves>
  <book_links>
    <book_link>
  <id>8</id>
  <name>Libraries</name>
  <link>https://www.goodreads.com/book_link/follow/8</link>
</book_link>

  </book_links>
  <buy_links>
    <buy_link>
<id>1</id>
<name>Amazon</name>
<link>https://www.goodreads.com/book_link/follow/1</link>
</buy_link>
<buy_link>
<id>10</id>
<name>Audible</name>
<link>https://www.goodreads.com/book_link/follow/10</link>
</buy_link>
<buy_link>
<id>3</id>
<name>Barnes &amp; Noble</name>
<link>https://www.goodreads.com/book_link/follow/3</link>
</buy_link>
<buy_link>
<id>1027</id>
<name>Kobo</name>
<link>https://www.goodreads.com/book_link/follow/1027</link>
</buy_link>
<buy_link>
<id>2102</id>
<name>Apple iBooks</name>
<link>https://www.goodreads.com/book_link/follow/2102</link>
</buy_link>
<buy_link>
<id>8036</id>
<name>Google Play</name>
<link>https://www.goodreads.com/book_link/follow/8036</link>
</buy_link>
<buy_link>
<id>4</id>
<name>Abebooks</name>
<link>https://www.goodreads.com/book_link/follow/4</link>
</buy_link>
<buy_link>
<id>882</id>
<name>Book Depository</name>
<link>https://www.goodreads.com/book_link/follow/882</link>
</buy_link>
<buy_link>
<id>9</id>
<name>Indigo</name>
<link>https://www.goodreads.com/book_link/follow/9</link>
</buy_link>
<buy_link>
<id>2</id>
<name>Half.com</name>
<link>https://www.goodreads.com/book_link/follow/2</link>
</buy_link>
<buy_link>
<id>5</id>
<name>Alibris</name>
<link>https://www.goodreads.com/book_link/follow/5</link>
</buy_link>
<buy_link>
<id>107</id>
<name>Better World Books</name>
<link>https://www.goodreads.com/book_link/follow/107</link>
</buy_link>
<buy_link>
<id>7</id>
<name>IndieBound</name>
<link>https://www.goodreads.com/book_link/follow/7</link>
</buy_link>

  </buy_links>
  <series_works>
    
  </series_works>
  <similar_books>
          <book>
<id>133621</id>
<title><![CDATA[Enormous Changes at the Last Minute]]></title>
<title_without_series><![CDATA[Enormous Changes at the Last Minute]]></title_without_series>
<link><![CDATA[https://www.goodreads.com/book/show/133621.Enormous_Changes_at_the_Last_Minute]]></link>
<small_image_url><![CDATA[https://images.gr-assets.com/books/1311993358s/133621.jpg]]></small_image_url>
<image_url><![CDATA[https://images.gr-assets.com/books/1311993358m/133621.jpg]]></image_url>
<num_pages>198</num_pages>
<work>
<id>128717</id>
</work>
<isbn>0374515247</isbn>
<isbn13>9780374515249</isbn13>
<average_rating>4.10</average_rating>
<ratings_count>1876</ratings_count>
<publication_year></publication_year>
<publication_month></publication_month>
<publication_day></publication_day>
<authors>
<author>
<id>41028</id>
<name>Grace Paley</name>
<link><![CDATA[https://www.goodreads.com/author/show/41028.Grace_Paley]]></link>
</author>
</authors>
</book>

          <book>
<id>493311</id>
<title>The Collected Stories</title>
<title_without_series>The Collected Stories</title_without_series>
<link><![CDATA[https://www.goodreads.com/book/show/493311.The_Collected_Stories]]></link>
<small_image_url><![CDATA[https://s.gr-assets.com/assets/nophoto/book/50x75-a91bf249278a81aabab721ef782c4a74.png]]></small_image_url>
<image_url><![CDATA[https://s.gr-assets.com/assets/nophoto/book/111x148-bcc042a9c91a29c1d680899eff700a03.png]]></image_url>
<num_pages>1262</num_pages>
<work>
<id>481488</id>
</work>
<isbn>0140232451</isbn>
<isbn13>9780140232455</isbn13>
<average_rating>4.46</average_rating>
<ratings_count>1303</ratings_count>
<publication_year>2003</publication_year>
<publication_month>9</publication_month>
<publication_day>25</publication_day>
<authors>
<author>
<id>16002</id>
<name>William Trevor</name>
<link><![CDATA[https://www.goodreads.com/author/show/16002.William_Trevor]]></link>
</author>
</authors>
</book>

          <book>
<id>197750</id>
<title><![CDATA[A Blind Man Can See How Much I Love You]]></title>
<title_without_series><![CDATA[A Blind Man Can See How Much I Love You]]></title_without_series>
<link><![CDATA[https://www.goodreads.com/book/show/197750.A_Blind_Man_Can_See_How_Much_I_Love_You]]></link>
<small_image_url><![CDATA[https://images.gr-assets.com/books/1403183639s/197750.jpg]]></small_image_url>
<image_url><![CDATA[https://images.gr-assets.com/books/1403183639m/197750.jpg]]></image_url>
<num_pages>161</num_pages>
<work>
<id>1061064</id>
</work>
<isbn>0375705570</isbn>
<isbn13>9780375705571</isbn13>
<average_rating>3.87</average_rating>
<ratings_count>2403</ratings_count>
<publication_year>2001</publication_year>
<publication_month>7</publication_month>
<publication_day>31</publication_day>
<authors>
<author>
<id>115220</id>
<name>Amy Bloom</name>
<link><![CDATA[https://www.goodreads.com/author/show/115220.Amy_Bloom]]></link>
</author>
</authors>
</book>

          <book>
<id>19631</id>
<title>Birds of America</title>
<title_without_series>Birds of America</title_without_series>
<link><![CDATA[https://www.goodreads.com/book/show/19631.Birds_of_America]]></link>
<small_image_url><![CDATA[https://s.gr-assets.com/assets/nophoto/book/50x75-a91bf249278a81aabab721ef782c4a74.png]]></small_image_url>
<image_url><![CDATA[https://s.gr-assets.com/assets/nophoto/book/111x148-bcc042a9c91a29c1d680899eff700a03.png]]></image_url>
<num_pages>291</num_pages>
<work>
<id>1769</id>
</work>
<isbn>0312241224</isbn>
<isbn13>9780312241223</isbn13>
<average_rating>4.12</average_rating>
<ratings_count>11610</ratings_count>
<publication_year>1999</publication_year>
<publication_month>9</publication_month>
<publication_day>23</publication_day>
<authors>
<author>
<id>11746</id>
<name>Lorrie Moore</name>
<link><![CDATA[https://www.goodreads.com/author/show/11746.Lorrie_Moore]]></link>
</author>
</authors>
</book>

          <book>
<id>7786087</id>
<title>The Collected Stories</title>
<title_without_series>The Collected Stories</title_without_series>
<link><![CDATA[https://www.goodreads.com/book/show/7786087-the-collected-stories]]></link>
<small_image_url><![CDATA[https://s.gr-assets.com/assets/nophoto/book/50x75-a91bf249278a81aabab721ef782c4a74.png]]></small_image_url>
<image_url><![CDATA[https://s.gr-assets.com/assets/nophoto/book/111x148-bcc042a9c91a29c1d680899eff700a03.png]]></image_url>
<num_pages></num_pages>
<work>
<id>10725766</id>
</work>
<isbn>0312429894</isbn>
<isbn13>9780312429898</isbn13>
<average_rating>4.10</average_rating>
<ratings_count>541</ratings_count>
<publication_year></publication_year>
<publication_month></publication_month>
<publication_day></publication_day>
<authors>
<author>
<id>14458</id>
<name>Deborah Eisenberg</name>
<link><![CDATA[https://www.goodreads.com/author/show/14458.Deborah_Eisenberg]]></link>
</author>
</authors>
</book>

          <book>
<id>378901</id>
<title>Half in Love: Stories</title>
<title_without_series>Half in Love: Stories</title_without_series>
<link><![CDATA[https://www.goodreads.com/book/show/378901.Half_in_Love]]></link>
<small_image_url><![CDATA[https://s.gr-assets.com/assets/nophoto/book/50x75-a91bf249278a81aabab721ef782c4a74.png]]></small_image_url>
<image_url><![CDATA[https://s.gr-assets.com/assets/nophoto/book/111x148-bcc042a9c91a29c1d680899eff700a03.png]]></image_url>
<num_pages></num_pages>
<work>
<id>765429</id>
</work>
<isbn>0743246853</isbn>
<isbn13>9780743246859</isbn13>
<average_rating>3.86</average_rating>
<ratings_count>867</ratings_count>
<publication_year></publication_year>
<publication_month></publication_month>
<publication_day></publication_day>
<authors>
<author>
<id>10739</id>
<name>Maile Meloy</name>
<link><![CDATA[https://www.goodreads.com/author/show/10739.Maile_Meloy]]></link>
</author>
</authors>
</book>

          <book>
<id>818428</id>
<title>We So Seldom Look on Love</title>
<title_without_series>We So Seldom Look on Love</title_without_series>
<link><![CDATA[https://www.goodreads.com/book/show/818428.We_So_Seldom_Look_on_Love]]></link>
<small_image_url><![CDATA[https://images.gr-assets.com/books/1320541414s/818428.jpg]]></small_image_url>
<image_url><![CDATA[https://images.gr-assets.com/books/1320541414m/818428.jpg]]></image_url>
<num_pages>256</num_pages>
<work>
<id>2229140</id>
</work>
<isbn>1883642000</isbn>
<isbn13>9781883642006</isbn13>
<average_rating>4.10</average_rating>
<ratings_count>899</ratings_count>
<publication_year>1998</publication_year>
<publication_month>6</publication_month>
<publication_day>1</publication_day>
<authors>
<author>
<id>46105</id>
<name>Barbara Gowdy</name>
<link><![CDATA[https://www.goodreads.com/author/show/46105.Barbara_Gowdy]]></link>
</author>
</authors>
</book>

          <book>
<id>97403</id>
<title>Natasha and Other Stories</title>
<title_without_series>Natasha and Other Stories</title_without_series>
<link><![CDATA[https://www.goodreads.com/book/show/97403.Natasha_and_Other_Stories]]></link>
<small_image_url><![CDATA[https://images.gr-assets.com/books/1316637771s/97403.jpg]]></small_image_url>
<image_url><![CDATA[https://images.gr-assets.com/books/1316637771m/97403.jpg]]></image_url>
<num_pages>160</num_pages>
<work>
<id>93892</id>
</work>
<isbn>0312423934</isbn>
<isbn13>9780312423933</isbn13>
<average_rating>3.79</average_rating>
<ratings_count>1439</ratings_count>
<publication_year>2005</publication_year>
<publication_month>5</publication_month>
<publication_day>1</publication_day>
<authors>
<author>
<id>55940</id>
<name>David Bezmozgis</name>
<link><![CDATA[https://www.goodreads.com/author/show/55940.David_Bezmozgis]]></link>
</author>
</authors>
</book>

          <book>
<id>3276627</id>
<title>The Withdrawal Method</title>
<title_without_series>The Withdrawal Method</title_without_series>
<link><![CDATA[https://www.goodreads.com/book/show/3276627-the-withdrawal-method]]></link>
<small_image_url><![CDATA[https://images.gr-assets.com/books/1334992984s/3276627.jpg]]></small_image_url>
<image_url><![CDATA[https://images.gr-assets.com/books/1334992984m/3276627.jpg]]></image_url>
<num_pages>321</num_pages>
<work>
<id>3312912</id>
</work>
<isbn>0887842151</isbn>
<isbn13>9780887842153</isbn13>
<average_rating>3.67</average_rating>
<ratings_count>233</ratings_count>
<publication_year>2008</publication_year>
<publication_month>5</publication_month>
<publication_day>5</publication_day>
<authors>
<author>
<id>1388808</id>
<name>Pasha Malla</name>
<link><![CDATA[https://www.goodreads.com/author/show/1388808.Pasha_Malla]]></link>
</author>
</authors>
</book>

          <book>
<id>632391</id>
<title>You Are Not a Stranger Here</title>
<title_without_series>You Are Not a Stranger Here</title_without_series>
<link><![CDATA[https://www.goodreads.com/book/show/632391.You_Are_Not_a_Stranger_Here]]></link>
<small_image_url><![CDATA[https://images.gr-assets.com/books/1320509247s/632391.jpg]]></small_image_url>
<image_url><![CDATA[https://images.gr-assets.com/books/1320509247m/632391.jpg]]></image_url>
<num_pages>256</num_pages>
<work>
<id>1045859</id>
</work>
<isbn>0385720726</isbn>
<isbn13>9780385720724</isbn13>
<average_rating>3.94</average_rating>
<ratings_count>3112</ratings_count>
<publication_year>2003</publication_year>
<publication_month>8</publication_month>
<publication_day>12</publication_day>
<authors>
<author>
<id>104756</id>
<name>Adam Haslett</name>
<link><![CDATA[https://www.goodreads.com/author/show/104756.Adam_Haslett]]></link>
</author>
</authors>
</book>

          <book>
<id>294595</id>
<title>Honored Guest</title>
<title_without_series>Honored Guest</title_without_series>
<link><![CDATA[https://www.goodreads.com/book/show/294595.Honored_Guest]]></link>
<small_image_url><![CDATA[https://images.gr-assets.com/books/1320424881s/294595.jpg]]></small_image_url>
<image_url><![CDATA[https://images.gr-assets.com/books/1320424881m/294595.jpg]]></image_url>
<num_pages>213</num_pages>
<work>
<id>285852</id>
</work>
<isbn>1400095522</isbn>
<isbn13>9781400095520</isbn13>
<average_rating>3.98</average_rating>
<ratings_count>756</ratings_count>
<publication_year>2005</publication_year>
<publication_month>11</publication_month>
<publication_day>8</publication_day>
<authors>
<author>
<id>49237</id>
<name>Joy Williams</name>
<link><![CDATA[https://www.goodreads.com/author/show/49237.Joy_Williams]]></link>
</author>
</authors>
</book>

          <book>
<id>463850</id>
<title><![CDATA[The Collected Stories of Carol Shields]]></title>
<title_without_series><![CDATA[The Collected Stories of Carol Shields]]></title_without_series>
<link><![CDATA[https://www.goodreads.com/book/show/463850.The_Collected_Stories_of_Carol_Shields]]></link>
<small_image_url><![CDATA[https://images.gr-assets.com/books/1320477810s/463850.jpg]]></small_image_url>
<image_url><![CDATA[https://images.gr-assets.com/books/1320477810m/463850.jpg]]></image_url>
<num_pages>608</num_pages>
<work>
<id>1979614</id>
</work>
<isbn>0679313273</isbn>
<isbn13>9780679313274</isbn13>
<average_rating>4.13</average_rating>
<ratings_count>639</ratings_count>
<publication_year>2005</publication_year>
<publication_month>8</publication_month>
<publication_day>23</publication_day>
<authors>
<author>
<id>12034</id>
<name>Carol Shields</name>
<link><![CDATA[https://www.goodreads.com/author/show/12034.Carol_Shields]]></link>
</author>
</authors>
</book>

          <book>
<id>9351344</id>
<title>Light Lifting</title>
<title_without_series>Light Lifting</title_without_series>
<link><![CDATA[https://www.goodreads.com/book/show/9351344-light-lifting]]></link>
<small_image_url><![CDATA[https://images.gr-assets.com/books/1328697637s/9351344.jpg]]></small_image_url>
<image_url><![CDATA[https://images.gr-assets.com/books/1328697637m/9351344.jpg]]></image_url>
<num_pages>219</num_pages>
<work>
<id>14234730</id>
</work>
<isbn>1897231946</isbn>
<isbn13>9781897231944</isbn13>
<average_rating>3.90</average_rating>
<ratings_count>949</ratings_count>
<publication_year>2011</publication_year>
<publication_month>4</publication_month>
<publication_day>5</publication_day>
<authors>
<author>
<id>1966968</id>
<name>Alexander MacLeod</name>
<link><![CDATA[https://www.goodreads.com/author/show/1966968.Alexander_MacLeod]]></link>
</author>
</authors>
</book>

          <book>
<id>233987</id>
<title>Paris Stories</title>
<title_without_series>Paris Stories</title_without_series>
<link><![CDATA[https://www.goodreads.com/book/show/233987.Paris_Stories]]></link>
<small_image_url><![CDATA[https://s.gr-assets.com/assets/nophoto/book/50x75-a91bf249278a81aabab721ef782c4a74.png]]></small_image_url>
<image_url><![CDATA[https://s.gr-assets.com/assets/nophoto/book/111x148-bcc042a9c91a29c1d680899eff700a03.png]]></image_url>
<num_pages>378</num_pages>
<work>
<id>1285392</id>
</work>
<isbn>1590170229</isbn>
<isbn13>9781590170229</isbn13>
<average_rating>3.94</average_rating>
<ratings_count>1047</ratings_count>
<publication_year>2002</publication_year>
<publication_month>10</publication_month>
<publication_day>31</publication_day>
<authors>
<author>
<id>99482</id>
<name>Mavis Gallant</name>
<link><![CDATA[https://www.goodreads.com/author/show/99482.Mavis_Gallant]]></link>
</author>
</authors>
</book>

          <book>
<id>7841455</id>
<title>The New Yorker Stories</title>
<title_without_series>The New Yorker Stories</title_without_series>
<link><![CDATA[https://www.goodreads.com/book/show/7841455-the-new-yorker-stories]]></link>
<small_image_url><![CDATA[https://images.gr-assets.com/books/1326700766s/7841455.jpg]]></small_image_url>
<image_url><![CDATA[https://images.gr-assets.com/books/1326700766m/7841455.jpg]]></image_url>
<num_pages>528</num_pages>
<work>
<id>10934717</id>
</work>
<isbn>1439168741</isbn>
<isbn13>9781439168745</isbn13>
<average_rating>3.81</average_rating>
<ratings_count>845</ratings_count>
<publication_year>2010</publication_year>
<publication_month>11</publication_month>
<publication_day>16</publication_day>
<authors>
<author>
<id>6746</id>
<name>Ann Beattie</name>
<link><![CDATA[https://www.goodreads.com/author/show/6746.Ann_Beattie]]></link>
</author>
</authors>
</book>

          <book>
<id>7761269</id>
<title><![CDATA[This Cake Is for the Party: Stories]]></title>
<title_without_series><![CDATA[This Cake Is for the Party: Stories]]></title_without_series>
<link><![CDATA[https://www.goodreads.com/book/show/7761269-this-cake-is-for-the-party]]></link>
<small_image_url><![CDATA[https://images.gr-assets.com/books/1410959321s/7761269.jpg]]></small_image_url>
<image_url><![CDATA[https://images.gr-assets.com/books/1410959321m/7761269.jpg]]></image_url>
<num_pages>224</num_pages>
<work>
<id>10627897</id>
</work>
<isbn>0887625258</isbn>
<isbn13>9780887625251</isbn13>
<average_rating>3.65</average_rating>
<ratings_count>1064</ratings_count>
<publication_year>2010</publication_year>
<publication_month>5</publication_month>
<publication_day>8</publication_day>
<authors>
<author>
<id>3385577</id>
<name>Sarah Selecky</name>
<link><![CDATA[https://www.goodreads.com/author/show/3385577.Sarah_Selecky]]></link>
</author>
</authors>
</book>

          <book>
<id>6260423</id>
<title><![CDATA[Reasons for and Advantages of Breathing]]></title>
<title_without_series><![CDATA[Reasons for and Advantages of Breathing]]></title_without_series>
<link><![CDATA[https://www.goodreads.com/book/show/6260423-reasons-for-and-advantages-of-breathing]]></link>
<small_image_url><![CDATA[https://s.gr-assets.com/assets/nophoto/book/50x75-a91bf249278a81aabab721ef782c4a74.png]]></small_image_url>
<image_url><![CDATA[https://s.gr-assets.com/assets/nophoto/book/111x148-bcc042a9c91a29c1d680899eff700a03.png]]></image_url>
<num_pages></num_pages>
<work>
<id>6443559</id>
</work>
<isbn>0061724734</isbn>
<isbn13>9780061724732</isbn13>
<average_rating>3.92</average_rating>
<ratings_count>667</ratings_count>
<publication_year></publication_year>
<publication_month></publication_month>
<publication_day></publication_day>
<authors>
<author>
<id>2847244</id>
<name>Lydia Peelle</name>
<link><![CDATA[https://www.goodreads.com/author/show/2847244.Lydia_Peelle]]></link>
</author>
</authors>
</book>

          <book>
<id>131146</id>
<title><![CDATA[The Best American Short Stories of the Century]]></title>
<title_without_series><![CDATA[The Best American Short Stories of the Century]]></title_without_series>
<link><![CDATA[https://www.goodreads.com/book/show/131146.The_Best_American_Short_Stories_of_the_Century]]></link>
<small_image_url><![CDATA[https://s.gr-assets.com/assets/nophoto/book/50x75-a91bf249278a81aabab721ef782c4a74.png]]></small_image_url>
<image_url><![CDATA[https://s.gr-assets.com/assets/nophoto/book/111x148-bcc042a9c91a29c1d680899eff700a03.png]]></image_url>
<num_pages>835</num_pages>
<work>
<id>75054</id>
</work>
<isbn>0395843677</isbn>
<isbn13>9780395843673</isbn13>
<average_rating>4.13</average_rating>
<ratings_count>1945</ratings_count>
<publication_year>2000</publication_year>
<publication_month>4</publication_month>
<publication_day>20</publication_day>
<authors>
<author>
<id>6878</id>
<name>John Updike</name>
<link><![CDATA[https://www.goodreads.com/author/show/6878.John_Updike]]></link>
</author>
</authors>
</book>

  </similar_books>
</book>

</GoodreadsResponse>