<?xml version="1.0" encoding="UTF-8"?>
<GoodreadsResponse>
  <Request>
    <authentication>true</authentication>
      <key><![CDATA[all_men_must_serve]]></key>
    <method><![CDATA[book_show]]></method>
  </Request>
  <book>
  <id>111180</id>
  <title>Perfect Match</title>
  <isbn><![CDATA[0743418735]]></isbn>
  <isbn13><![CDATA[9780743418737]]></isbn13>
  <asin><![CDATA[]]></asin>
  <kindle_asin><![CDATA[B002V0922O]]></kindle_asin>
  <marketplace_id><![CDATA[A1F83G8C2ARO7P]]></marketplace_id>
  <country_code><![CDATA[GB]]></country_code>
  <image_url>https://s.gr-assets.com/assets/nophoto/book/111x148-bcc042a9c91a29c1d680899eff700a03.png</image_url>
  <small_image_url>https://s.gr-assets.com/assets/nophoto/book/50x75-a91bf249278a81aabab721ef782c4a74.png</small_image_url>
  <publication_year></publication_year>
  <publication_month></publication_month>
  <publication_day></publication_day>
  <publisher></publisher>
  <language_code>eng</language_code>
  <is_ebook>false</is_ebook>
  <description><![CDATA[In the course of her everyday work, career-driven assistant district attorney Nina Frost prosecutes child molesters and works determinedly to ensure that a legal system with too many loopholes keeps these criminals behind bars. But when her own five-year-old son, Nathaniel, is traumatized by a sexual assault, Nina and her husband, Caleb, a quiet and methodical stone mason, are shattered, ripped apart by an enraging sense of helplessness in the face of a futile justice system that Nina knows all too well. In a heartbeat, Nina's absolute truths and convictions are turned upside down, and she hurtles toward a plan to exact her own justice for her son -- no matter the consequence, whatever the sacrifice.]]></description>
  <work>
  <id type="integer">3349824</id>
  <books_count type="integer">51</books_count>
  <best_book_id type="integer">111180</best_book_id>
  <reviews_count type="integer">91754</reviews_count>
  <ratings_sum type="integer">216992</ratings_sum>
  <ratings_count type="integer">55233</ratings_count>
  <text_reviews_count type="integer">2691</text_reviews_count>
  <original_publication_year type="integer">2002</original_publication_year>
  <original_publication_month type="integer" nil="true"/>
  <original_publication_day type="integer" nil="true"/>
  <original_title>Perfect Match</original_title>
  <original_language_id type="integer" nil="true"/>
  <media_type>book</media_type>
  <rating_dist>5:16350|4:22205|3:13558|2:2628|1:492|total:55233</rating_dist>
  <desc_user_id type="integer">997681</desc_user_id>
  <default_chaptering_book_id type="integer" nil="true"/>
  <default_description_language_code nil="true"/>
</work>
  <average_rating>3.93</average_rating>
  <num_pages><![CDATA[]]></num_pages>
  <format><![CDATA[]]></format>
  <edition_information><![CDATA[]]></edition_information>
  <ratings_count><![CDATA[52187]]></ratings_count>
  <text_reviews_count><![CDATA[2434]]></text_reviews_count>
  <url><![CDATA[https://www.goodreads.com/book/show/111180.Perfect_Match]]></url>
  <link><![CDATA[https://www.goodreads.com/book/show/111180.Perfect_Match]]></link>
  <authors>
<author>
<id>7128</id>
<name>Jodi Picoult</name>
<role></role>
<image_url nophoto='false'>
<![CDATA[https://images.gr-assets.com/authors/1475775448p5/7128.jpg]]>
</image_url>
<small_image_url nophoto='false'>
<![CDATA[https://images.gr-assets.com/authors/1475775448p2/7128.jpg]]>
</small_image_url>
<link><![CDATA[https://www.goodreads.com/author/show/7128.Jodi_Picoult]]></link>
<average_rating>3.95</average_rating>
<ratings_count>2906990</ratings_count>
<text_reviews_count>172467</text_reviews_count>
</author>
</authors>

    <reviews_widget>
      <![CDATA[
        <style>
  #goodreads-widget {
    font-family: georgia, serif;
    padding: 18px 0;
    width:565px;
  }
  #goodreads-widget h1 {
    font-weight:normal;
    font-size: 16px;
    border-bottom: 1px solid #BBB596;
    margin-bottom: 0;
  }
  #goodreads-widget a {
    text-decoration: none;
    color:#660;
  }
  iframe{
    background-color: #fff;
  }
  #goodreads-widget a:hover { text-decoration: underline; }
  #goodreads-widget a:active {
    color:#660;
  }
  #gr_footer {
    width: 100%;
    border-top: 1px solid #BBB596;
    text-align: right;
  }
  #goodreads-widget .gr_branding{
    color: #382110;
    font-size: 11px;
    text-decoration: none;
    font-family: "Helvetica Neue", Helvetica, Arial, sans-serif;
  }
</style>
<div id="goodreads-widget">
  <div id="gr_header"><h1><a rel="nofollow" href="https://www.goodreads.com/book/show/111180.Perfect_Match">Perfect Match Reviews</a></h1></div>
  <iframe id="the_iframe" src="https://www.goodreads.com/api/reviews_widget_iframe?did=DEVELOPER_ID&amp;format=html&amp;isbn=0743418735&amp;links=660&amp;min_rating=&amp;review_back=fff&amp;stars=000&amp;text=000" width="565" height="400" frameborder="0"></iframe>
  <div id="gr_footer">
    <a class="gr_branding" target="_blank" rel="nofollow" href="https://www.goodreads.com/book/show/111180.Perfect_Match?utm_medium=api&amp;utm_source=reviews_widget">Reviews from Goodreads.com</a>
  </div>
</div>

      ]]>
    </reviews_widget>
  <popular_shelves>
      <shelf name="to-read" count="7021"/>
      <shelf name="currently-reading" count="240"/>
      <shelf name="books-i-own" count="220"/>
      <shelf name="owned" count="128"/>
      <shelf name="contemporary" count="128"/>
      <shelf name="fiction" count="115"/>
      <shelf name="chick-lit" count="113"/>
      <shelf name="jodi-picoult" count="100"/>
      <shelf name="drama" count="93"/>
      <shelf name="adult-fiction" count="77"/>
      <shelf name="picoult" count="70"/>
      <shelf name="adult" count="66"/>
      <shelf name="contemporary-fiction" count="65"/>
      <shelf name="mystery" count="59"/>
      <shelf name="owned-books" count="56"/>
      <shelf name="default" count="49"/>
      <shelf name="general-fiction" count="47"/>
      <shelf name="family" count="42"/>
      <shelf name="crime" count="41"/>
      <shelf name="library" count="37"/>
      <shelf name="realistic-fiction" count="36"/>
      <shelf name="novels" count="33"/>
      <shelf name="suspense" count="32"/>
      <shelf name="my-books" count="30"/>
      <shelf name="favorites" count="29"/>
      <shelf name="i-own" count="27"/>
      <shelf name="my-library" count="27"/>
      <shelf name="ebooks" count="26"/>
      <shelf name="picoult-jodi" count="25"/>
      <shelf name="kindle" count="24"/>
      <shelf name="abuse" count="24"/>
      <shelf name="favorite-authors" count="23"/>
      <shelf name="novel" count="23"/>
      <shelf name="wish-list" count="23"/>
      <shelf name="child-abuse" count="22"/>
      <shelf name="book-club" count="22"/>
      <shelf name="romance" count="20"/>
      <shelf name="favourites" count="19"/>
      <shelf name="own-it" count="18"/>
      <shelf name="ebook" count="17"/>
      <shelf name="women-s-fiction" count="16"/>
      <shelf name="read-in-2012" count="15"/>
      <shelf name="modern" count="14"/>
      <shelf name="legal" count="14"/>
      <shelf name="have" count="13"/>
      <shelf name="jodi-piccoult" count="13"/>
      <shelf name="sexual-abuse" count="13"/>
      <shelf name="books-i-have" count="13"/>
      <shelf name="audiobooks" count="13"/>
      <shelf name="womens-fiction" count="13"/>
      <shelf name="literature" count="13"/>
      <shelf name="borrowed" count="13"/>
      <shelf name="court-room-drama" count="12"/>
      <shelf name="jodi" count="12"/>
      <shelf name="audiobook" count="12"/>
      <shelf name="jodi-picoult-books" count="12"/>
      <shelf name="read-in-2015" count="11"/>
      <shelf name="on-my-shelf" count="11"/>
      <shelf name="books" count="11"/>
      <shelf name="i-own-it" count="11"/>
      <shelf name="murder" count="11"/>
      <shelf name="maine" count="11"/>
      <shelf name="own-to-read" count="11"/>
      <shelf name="favorite-books" count="11"/>
      <shelf name="on-my-bookshelf" count="10"/>
      <shelf name="e-books" count="10"/>
      <shelf name="audio" count="10"/>
      <shelf name="read-in-2010" count="10"/>
      <shelf name="family-drama" count="10"/>
      <shelf name="read-in-2016" count="9"/>
      <shelf name="on-kindle" count="9"/>
      <shelf name="tbr" count="9"/>
      <shelf name="mine" count="9"/>
      <shelf name="life" count="9"/>
      <shelf name="young-adult" count="9"/>
      <shelf name="home-library" count="9"/>
      <shelf name="favorite-author" count="9"/>
      <shelf name="abandoned" count="9"/>
      <shelf name="want-to-read" count="9"/>
      <shelf name="my-favorites" count="9"/>
      <shelf name="shelfari-wishlist" count="8"/>
      <shelf name="my-bookshelf" count="8"/>
      <shelf name="audible" count="8"/>
      <shelf name="read-fiction" count="8"/>
      <shelf name="child" count="8"/>
      <shelf name="lawyers" count="8"/>
      <shelf name="audio-book" count="8"/>
      <shelf name="5-stars" count="8"/>
      <shelf name="read-in-2009" count="8"/>
      <shelf name="fiction-general" count="8"/>
      <shelf name="shelfari-favorites" count="7"/>
      <shelf name="read-2016" count="7"/>
      <shelf name="purchased" count="7"/>
      <shelf name="jodie-picoult" count="7"/>
      <shelf name="books-owned" count="7"/>
      <shelf name="courtroom-drama" count="7"/>
      <shelf name="bookshelf" count="7"/>
      <shelf name="all" count="7"/>
      <shelf name="guilty-pleasures" count="6"/>
      <shelf name="stand-alone" count="6"/>
  </popular_shelves>
  <book_links>
    <book_link>
  <id>8</id>
  <name>Libraries</name>
  <link>https://www.goodreads.com/book_link/follow/8</link>
</book_link>

  </book_links>
  <buy_links>
    <buy_link>
<id>1</id>
<name>Amazon</name>
<link>https://www.goodreads.com/book_link/follow/1</link>
</buy_link>
<buy_link>
<id>10</id>
<name>Audible</name>
<link>https://www.goodreads.com/book_link/follow/10</link>
</buy_link>
<buy_link>
<id>3</id>
<name>Barnes &amp; Noble</name>
<link>https://www.goodreads.com/book_link/follow/3</link>
</buy_link>
<buy_link>
<id>1027</id>
<name>Kobo</name>
<link>https://www.goodreads.com/book_link/follow/1027</link>
</buy_link>
<buy_link>
<id>2102</id>
<name>Apple iBooks</name>
<link>https://www.goodreads.com/book_link/follow/2102</link>
</buy_link>
<buy_link>
<id>8036</id>
<name>Google Play</name>
<link>https://www.goodreads.com/book_link/follow/8036</link>
</buy_link>
<buy_link>
<id>4</id>
<name>Abebooks</name>
<link>https://www.goodreads.com/book_link/follow/4</link>
</buy_link>
<buy_link>
<id>882</id>
<name>Book Depository</name>
<link>https://www.goodreads.com/book_link/follow/882</link>
</buy_link>
<buy_link>
<id>9</id>
<name>Indigo</name>
<link>https://www.goodreads.com/book_link/follow/9</link>
</buy_link>
<buy_link>
<id>2</id>
<name>Half.com</name>
<link>https://www.goodreads.com/book_link/follow/2</link>
</buy_link>
<buy_link>
<id>5</id>
<name>Alibris</name>
<link>https://www.goodreads.com/book_link/follow/5</link>
</buy_link>
<buy_link>
<id>107</id>
<name>Better World Books</name>
<link>https://www.goodreads.com/book_link/follow/107</link>
</buy_link>
<buy_link>
<id>7</id>
<name>IndieBound</name>
<link>https://www.goodreads.com/book_link/follow/7</link>
</buy_link>

  </buy_links>
  <series_works>
    
  </series_works>
  <similar_books>
          <book>
<id>895617</id>
<title>Cypress Point</title>
<title_without_series>Cypress Point</title_without_series>
<link><![CDATA[https://www.goodreads.com/book/show/895617.Cypress_Point]]></link>
<small_image_url><![CDATA[https://s.gr-assets.com/assets/nophoto/book/50x75-a91bf249278a81aabab721ef782c4a74.png]]></small_image_url>
<image_url><![CDATA[https://s.gr-assets.com/assets/nophoto/book/111x148-bcc042a9c91a29c1d680899eff700a03.png]]></image_url>
<num_pages>408</num_pages>
<work>
<id>1337967</id>
</work>
<isbn>1551666472</isbn>
<isbn13>9781551666471</isbn13>
<average_rating>3.97</average_rating>
<ratings_count>4983</ratings_count>
<publication_year>2003</publication_year>
<publication_month>1</publication_month>
<publication_day>1</publication_day>
<authors>
<author>
<id>93345</id>
<name>Diane Chamberlain</name>
<link><![CDATA[https://www.goodreads.com/author/show/93345.Diane_Chamberlain]]></link>
</author>
</authors>
</book>

          <book>
<id>8359929</id>
<title>Novels by Jodi Picoult</title>
<title_without_series>Novels by Jodi Picoult</title_without_series>
<link><![CDATA[https://www.goodreads.com/book/show/8359929-novels-by-jodi-picoult]]></link>
<small_image_url><![CDATA[https://s.gr-assets.com/assets/nophoto/book/50x75-a91bf249278a81aabab721ef782c4a74.png]]></small_image_url>
<image_url><![CDATA[https://s.gr-assets.com/assets/nophoto/book/111x148-bcc042a9c91a29c1d680899eff700a03.png]]></image_url>
<num_pages></num_pages>
<work>
<id>13214388</id>
</work>
<isbn>115524057X</isbn>
<isbn13>9781155240572</isbn13>
<average_rating>4.54</average_rating>
<ratings_count>311</ratings_count>
<publication_year></publication_year>
<publication_month></publication_month>
<publication_day></publication_day>
<authors>
<author>
<id>4340042</id>
<name>Books LLC</name>
<link><![CDATA[https://www.goodreads.com/author/show/4340042.Books_LLC]]></link>
</author>
</authors>
</book>

          <book>
<id>1152201</id>
<title><![CDATA[Things I Want My Daughters to Know]]></title>
<title_without_series><![CDATA[Things I Want My Daughters to Know]]></title_without_series>
<link><![CDATA[https://www.goodreads.com/book/show/1152201.Things_I_Want_My_Daughters_to_Know]]></link>
<small_image_url><![CDATA[https://images.gr-assets.com/books/1377160048s/1152201.jpg]]></small_image_url>
<image_url><![CDATA[https://images.gr-assets.com/books/1377160048m/1152201.jpg]]></image_url>
<num_pages></num_pages>
<work>
<id>2586036</id>
</work>
<isbn>006112219X</isbn>
<isbn13>9780061122194</isbn13>
<average_rating>3.66</average_rating>
<ratings_count>5653</ratings_count>
<publication_year></publication_year>
<publication_month></publication_month>
<publication_day></publication_day>
<authors>
<author>
<id>24891</id>
<name>Elizabeth Noble</name>
<link><![CDATA[https://www.goodreads.com/author/show/24891.Elizabeth_Noble]]></link>
</author>
</authors>
</book>

          <book>
<id>14959</id>
<title>Strange Fits of Passion</title>
<title_without_series>Strange Fits of Passion</title_without_series>
<link><![CDATA[https://www.goodreads.com/book/show/14959.Strange_Fits_of_Passion]]></link>
<small_image_url><![CDATA[https://s.gr-assets.com/assets/nophoto/book/50x75-a91bf249278a81aabab721ef782c4a74.png]]></small_image_url>
<image_url><![CDATA[https://s.gr-assets.com/assets/nophoto/book/111x148-bcc042a9c91a29c1d680899eff700a03.png]]></image_url>
<num_pages></num_pages>
<work>
<id>1221243</id>
</work>
<isbn>0156031396</isbn>
<isbn13>9780156031394</isbn13>
<average_rating>3.74</average_rating>
<ratings_count>7492</ratings_count>
<publication_year></publication_year>
<publication_month></publication_month>
<publication_day></publication_day>
<authors>
<author>
<id>3530</id>
<name>Anita Shreve</name>
<link><![CDATA[https://www.goodreads.com/author/show/3530.Anita_Shreve]]></link>
</author>
</authors>
</book>

          <book>
<id>1470232</id>
<title>Magic Hour</title>
<title_without_series>Magic Hour</title_without_series>
<link><![CDATA[https://www.goodreads.com/book/show/1470232.Magic_Hour]]></link>
<small_image_url><![CDATA[https://images.gr-assets.com/books/1320542057s/1470232.jpg]]></small_image_url>
<image_url><![CDATA[https://images.gr-assets.com/books/1320542057m/1470232.jpg]]></image_url>
<num_pages>451</num_pages>
<work>
<id>1461175</id>
</work>
<isbn>0345467531</isbn>
<isbn13>9780345467539</isbn13>
<average_rating>4.10</average_rating>
<ratings_count>31237</ratings_count>
<publication_year>2007</publication_year>
<publication_month>11</publication_month>
<publication_day>27</publication_day>
<authors>
<author>
<id>54493</id>
<name>Kristin Hannah</name>
<link><![CDATA[https://www.goodreads.com/author/show/54493.Kristin_Hannah]]></link>
</author>
</authors>
</book>

          <book>
<id>1268348</id>
<title>The Secret Between Us</title>
<title_without_series>The Secret Between Us</title_without_series>
<link><![CDATA[https://www.goodreads.com/book/show/1268348.The_Secret_Between_Us]]></link>
<small_image_url><![CDATA[https://images.gr-assets.com/books/1320407845s/1268348.jpg]]></small_image_url>
<image_url><![CDATA[https://images.gr-assets.com/books/1320407845m/1268348.jpg]]></image_url>
<num_pages>368</num_pages>
<work>
<id>3192862</id>
</work>
<isbn>0385518684</isbn>
<isbn13>9780385518680</isbn13>
<average_rating>3.71</average_rating>
<ratings_count>12676</ratings_count>
<publication_year>2008</publication_year>
<publication_month>1</publication_month>
<publication_day>22</publication_day>
<authors>
<author>
<id>36492</id>
<name>Barbara Delinsky</name>
<link><![CDATA[https://www.goodreads.com/author/show/36492.Barbara_Delinsky]]></link>
</author>
</authors>
</book>

          <book>
<id>228128</id>
<title>Cage of Stars</title>
<title_without_series>Cage of Stars</title_without_series>
<link><![CDATA[https://www.goodreads.com/book/show/228128.Cage_of_Stars]]></link>
<small_image_url><![CDATA[https://s.gr-assets.com/assets/nophoto/book/50x75-a91bf249278a81aabab721ef782c4a74.png]]></small_image_url>
<image_url><![CDATA[https://s.gr-assets.com/assets/nophoto/book/111x148-bcc042a9c91a29c1d680899eff700a03.png]]></image_url>
<num_pages>289</num_pages>
<work>
<id>1054933</id>
</work>
<isbn>0446578754</isbn>
<isbn13>9780446578752</isbn13>
<average_rating>3.65</average_rating>
<ratings_count>4851</ratings_count>
<publication_year></publication_year>
<publication_month></publication_month>
<publication_day></publication_day>
<authors>
<author>
<id>3504</id>
<name>Jacquelyn Mitchard</name>
<link><![CDATA[https://www.goodreads.com/author/show/3504.Jacquelyn_Mitchard]]></link>
</author>
</authors>
</book>

          <book>
<id>410219</id>
<title>The Slow Moon</title>
<title_without_series>The Slow Moon</title_without_series>
<link><![CDATA[https://www.goodreads.com/book/show/410219.The_Slow_Moon]]></link>
<small_image_url><![CDATA[https://s.gr-assets.com/assets/nophoto/book/50x75-a91bf249278a81aabab721ef782c4a74.png]]></small_image_url>
<image_url><![CDATA[https://s.gr-assets.com/assets/nophoto/book/111x148-bcc042a9c91a29c1d680899eff700a03.png]]></image_url>
<num_pages>299</num_pages>
<work>
<id>399504</id>
</work>
<isbn>0679463283</isbn>
<isbn13>9780679463283</isbn13>
<average_rating>3.28</average_rating>
<ratings_count>1448</ratings_count>
<publication_year>2006</publication_year>
<publication_month>8</publication_month>
<publication_day>1</publication_day>
<authors>
<author>
<id>133303</id>
<name>Elizabeth Cox</name>
<link><![CDATA[https://www.goodreads.com/author/show/133303.Elizabeth_Cox]]></link>
</author>
</authors>
</book>

          <book>
<id>2564278</id>
<title>Goodnight, Beautiful</title>
<title_without_series>Goodnight, Beautiful</title_without_series>
<link><![CDATA[https://www.goodreads.com/book/show/2564278-goodnight-beautiful]]></link>
<small_image_url><![CDATA[https://images.gr-assets.com/books/1279481024s/2564278.jpg]]></small_image_url>
<image_url><![CDATA[https://images.gr-assets.com/books/1279481024m/2564278.jpg]]></image_url>
<num_pages>433</num_pages>
<work>
<id>2572781</id>
</work>
<isbn>0751539813</isbn>
<isbn13>9780751539813</isbn13>
<average_rating>4.01</average_rating>
<ratings_count>6597</ratings_count>
<publication_year>2008</publication_year>
<publication_month>2</publication_month>
<publication_day>4</publication_day>
<authors>
<author>
<id>38651</id>
<name>Dorothy Koomson</name>
<link><![CDATA[https://www.goodreads.com/author/show/38651.Dorothy_Koomson]]></link>
</author>
</authors>
</book>

  </similar_books>
</book>

</GoodreadsResponse>