<?xml version="1.0" encoding="UTF-8"?>
<GoodreadsResponse>
  <Request>
    <authentication>true</authentication>
      <key><![CDATA[all_men_must_serve]]></key>
    <method><![CDATA[book_show]]></method>
  </Request>
  <book>
  <id>111222</id>
  <title>The Life of Elizabeth I</title>
  <isbn><![CDATA[0345425502]]></isbn>
  <isbn13><![CDATA[9780345425508]]></isbn13>
  <asin><![CDATA[]]></asin>
  <kindle_asin><![CDATA[B004PYDHBG]]></kindle_asin>
  <marketplace_id><![CDATA[A1F83G8C2ARO7P]]></marketplace_id>
  <country_code><![CDATA[GB]]></country_code>
  <image_url>https://images.gr-assets.com/books/1320433923m/111222.jpg</image_url>
  <small_image_url>https://images.gr-assets.com/books/1320433923s/111222.jpg</small_image_url>
  <publication_year>1999</publication_year>
  <publication_month>10</publication_month>
  <publication_day>5</publication_day>
  <publisher>Ballantine Books</publisher>
  <language_code>en-US</language_code>
  <is_ebook>false</is_ebook>
  <description><![CDATA[<b><i>NEW YORK TIMES</i> BESTSELLER</b><br /><br />Perhaps the most influential sovereign England has ever known, Queen Elizabeth I remained an extremely private person throughout her reign, keeping her own counsel and sharing secrets with no one--not even her closest, most trusted advisers. Now, in this brilliantly researched, fascinating new book, acclaimed biographer Alison Weir shares provocative new interpretations and fresh insights on this enigmatic figure.<br /><br />Against a lavish backdrop of pageantry and passion, intrigue and war, Weir dispels the myths surrounding Elizabeth I and examines the contradictions of her character. Elizabeth I loved the Earl of Leicester, but did she conspire to murder his wife? She called herself the Virgin Queen, but how chaste was she through dozens of liaisons? She never married—was her choice to remain single tied to the chilling fate of her mother, Anne Boleyn? An enthralling epic that is also an amazingly intimate portrait, <i>The Life of Elizabeth I</i> is a mesmerizing, stunning reading experience.]]></description>
  <work>
  <id type="integer">15542976</id>
  <books_count type="integer">21</books_count>
  <best_book_id type="integer">111222</best_book_id>
  <reviews_count type="integer">68083</reviews_count>
  <ratings_sum type="integer">99916</ratings_sum>
  <ratings_count type="integer">24651</ratings_count>
  <text_reviews_count type="integer">586</text_reviews_count>
  <original_publication_year type="integer">1996</original_publication_year>
  <original_publication_month type="integer" nil="true"/>
  <original_publication_day type="integer" nil="true"/>
  <original_title>The Life of Elizabeth I</original_title>
  <original_language_id type="integer" nil="true"/>
  <media_type>book</media_type>
  <rating_dist>5:9144|4:9506|3:4648|2:875|1:478|total:24651</rating_dist>
  <desc_user_id type="integer">-51</desc_user_id>
  <default_chaptering_book_id type="integer" nil="true"/>
  <default_description_language_code nil="true"/>
</work>
  <average_rating>4.05</average_rating>
  <num_pages><![CDATA[560]]></num_pages>
  <format><![CDATA[Paperback]]></format>
  <edition_information><![CDATA[]]></edition_information>
  <ratings_count><![CDATA[23642]]></ratings_count>
  <text_reviews_count><![CDATA[500]]></text_reviews_count>
  <url><![CDATA[https://www.goodreads.com/book/show/111222.The_Life_of_Elizabeth_I]]></url>
  <link><![CDATA[https://www.goodreads.com/book/show/111222.The_Life_of_Elizabeth_I]]></link>
  <authors>
<author>
<id>6583</id>
<name>Alison Weir</name>
<role></role>
<image_url nophoto='false'>
<![CDATA[https://images.gr-assets.com/authors/1316642711p5/6583.jpg]]>
</image_url>
<small_image_url nophoto='false'>
<![CDATA[https://images.gr-assets.com/authors/1316642711p2/6583.jpg]]>
</small_image_url>
<link><![CDATA[https://www.goodreads.com/author/show/6583.Alison_Weir]]></link>
<average_rating>3.99</average_rating>
<ratings_count>216894</ratings_count>
<text_reviews_count>11456</text_reviews_count>
</author>
</authors>

    <reviews_widget>
      <![CDATA[
        <style>
  #goodreads-widget {
    font-family: georgia, serif;
    padding: 18px 0;
    width:565px;
  }
  #goodreads-widget h1 {
    font-weight:normal;
    font-size: 16px;
    border-bottom: 1px solid #BBB596;
    margin-bottom: 0;
  }
  #goodreads-widget a {
    text-decoration: none;
    color:#660;
  }
  iframe{
    background-color: #fff;
  }
  #goodreads-widget a:hover { text-decoration: underline; }
  #goodreads-widget a:active {
    color:#660;
  }
  #gr_footer {
    width: 100%;
    border-top: 1px solid #BBB596;
    text-align: right;
  }
  #goodreads-widget .gr_branding{
    color: #382110;
    font-size: 11px;
    text-decoration: none;
    font-family: "Helvetica Neue", Helvetica, Arial, sans-serif;
  }
</style>
<div id="goodreads-widget">
  <div id="gr_header"><h1><a rel="nofollow" href="https://www.goodreads.com/book/show/111222.The_Life_of_Elizabeth_I">The Life of Elizabeth I Reviews</a></h1></div>
  <iframe id="the_iframe" src="https://www.goodreads.com/api/reviews_widget_iframe?did=DEVELOPER_ID&amp;format=html&amp;isbn=0345425502&amp;links=660&amp;min_rating=&amp;review_back=fff&amp;stars=000&amp;text=000" width="565" height="400" frameborder="0"></iframe>
  <div id="gr_footer">
    <a class="gr_branding" target="_blank" rel="nofollow" href="https://www.goodreads.com/book/show/111222.The_Life_of_Elizabeth_I?utm_medium=api&amp;utm_source=reviews_widget">Reviews from Goodreads.com</a>
  </div>
</div>

      ]]>
    </reviews_widget>
  <popular_shelves>
      <shelf name="to-read" count="30046"/>
      <shelf name="history" count="842"/>
      <shelf name="biography" count="506"/>
      <shelf name="currently-reading" count="469"/>
      <shelf name="non-fiction" count="262"/>
      <shelf name="nonfiction" count="195"/>
      <shelf name="biographies" count="102"/>
      <shelf name="historical" count="101"/>
      <shelf name="historical-fiction" count="96"/>
      <shelf name="tudors" count="85"/>
      <shelf name="england" count="76"/>
      <shelf name="favorites" count="71"/>
      <shelf name="owned" count="59"/>
      <shelf name="books-i-own" count="56"/>
      <shelf name="british-history" count="54"/>
      <shelf name="tudor" count="52"/>
      <shelf name="english-history" count="37"/>
      <shelf name="biography-memoir" count="36"/>
      <shelf name="alison-weir" count="36"/>
      <shelf name="audible" count="33"/>
      <shelf name="royalty" count="32"/>
      <shelf name="16th-century" count="30"/>
      <shelf name="elizabeth-i" count="27"/>
      <shelf name="tudor-england" count="27"/>
      <shelf name="historical-non-fiction" count="27"/>
      <shelf name="european-history" count="27"/>
      <shelf name="library" count="26"/>
      <shelf name="british" count="22"/>
      <shelf name="tudor-history" count="21"/>
      <shelf name="to-buy" count="20"/>
      <shelf name="the-tudors" count="20"/>
      <shelf name="owned-books" count="18"/>
      <shelf name="women" count="18"/>
      <shelf name="fiction" count="18"/>
      <shelf name="audiobook" count="18"/>
      <shelf name="britain" count="17"/>
      <shelf name="wish-list" count="17"/>
      <shelf name="default" count="16"/>
      <shelf name="audiobooks" count="16"/>
      <shelf name="politics" count="16"/>
      <shelf name="bio" count="16"/>
      <shelf name="kindle" count="15"/>
      <shelf name="renaissance" count="15"/>
      <shelf name="memoir-biography" count="14"/>
      <shelf name="historical-nonfiction" count="13"/>
      <shelf name="non-fiction-history" count="13"/>
      <shelf name="history-non-fiction" count="13"/>
      <shelf name="ebooks" count="13"/>
      <shelf name="audio" count="12"/>
      <shelf name="ebook" count="12"/>
      <shelf name="biography-and-memoir" count="12"/>
      <shelf name="biographical" count="12"/>
      <shelf name="europe" count="11"/>
      <shelf name="uk" count="11"/>
      <shelf name="elizabeth" count="11"/>
      <shelf name="to-read-non-fiction" count="10"/>
      <shelf name="royals" count="10"/>
      <shelf name="historical-biography" count="10"/>
      <shelf name="biographies-and-memoirs" count="10"/>
      <shelf name="non-fiction-to-read" count="9"/>
      <shelf name="queens" count="9"/>
      <shelf name="english" count="9"/>
      <shelf name="elizabethan" count="9"/>
      <shelf name="biographies-memoirs" count="9"/>
      <shelf name="autobiography-biography" count="9"/>
      <shelf name="audio-book" count="8"/>
      <shelf name="audio-books" count="8"/>
      <shelf name="tudor-era" count="8"/>
      <shelf name="e-book" count="8"/>
      <shelf name="world-history" count="8"/>
      <shelf name="my-books" count="8"/>
      <shelf name="maybe" count="7"/>
      <shelf name="my-library" count="7"/>
      <shelf name="to-read-nonfiction" count="7"/>
      <shelf name="tbr" count="7"/>
      <shelf name="histories" count="7"/>
      <shelf name="bios" count="7"/>
      <shelf name="biography-autobiography" count="7"/>
      <shelf name="bio-memoir" count="7"/>
      <shelf name="shelfari-wishlist" count="6"/>
      <shelf name="library-books" count="6"/>
      <shelf name="20th-century" count="6"/>
      <shelf name="tudor-dynasty" count="6"/>
      <shelf name="i-own" count="6"/>
      <shelf name="history-to-read" count="6"/>
      <shelf name="history-historical-fiction" count="6"/>
      <shelf name="history-biography" count="6"/>
      <shelf name="biography-memoirs" count="6"/>
      <shelf name="biography-autobiography-memoir" count="6"/>
      <shelf name="women-writers" count="5"/>
      <shelf name="women-s-history" count="5"/>
      <shelf name="to-read-historical" count="5"/>
      <shelf name="great-britain" count="5"/>
      <shelf name="kindle-books" count="5"/>
      <shelf name="abandoned" count="5"/>
      <shelf name="nf" count="5"/>
      <shelf name="to-read-history" count="5"/>
      <shelf name="medieval-history" count="5"/>
      <shelf name="history-books" count="5"/>
      <shelf name="e-books" count="5"/>
  </popular_shelves>
  <book_links>
    <book_link>
  <id>8</id>
  <name>Libraries</name>
  <link>https://www.goodreads.com/book_link/follow/8</link>
</book_link>

  </book_links>
  <buy_links>
    <buy_link>
<id>1</id>
<name>Amazon</name>
<link>https://www.goodreads.com/book_link/follow/1</link>
</buy_link>
<buy_link>
<id>10</id>
<name>Audible</name>
<link>https://www.goodreads.com/book_link/follow/10</link>
</buy_link>
<buy_link>
<id>3</id>
<name>Barnes &amp; Noble</name>
<link>https://www.goodreads.com/book_link/follow/3</link>
</buy_link>
<buy_link>
<id>1027</id>
<name>Kobo</name>
<link>https://www.goodreads.com/book_link/follow/1027</link>
</buy_link>
<buy_link>
<id>2102</id>
<name>Apple iBooks</name>
<link>https://www.goodreads.com/book_link/follow/2102</link>
</buy_link>
<buy_link>
<id>8036</id>
<name>Google Play</name>
<link>https://www.goodreads.com/book_link/follow/8036</link>
</buy_link>
<buy_link>
<id>4</id>
<name>Abebooks</name>
<link>https://www.goodreads.com/book_link/follow/4</link>
</buy_link>
<buy_link>
<id>882</id>
<name>Book Depository</name>
<link>https://www.goodreads.com/book_link/follow/882</link>
</buy_link>
<buy_link>
<id>9</id>
<name>Indigo</name>
<link>https://www.goodreads.com/book_link/follow/9</link>
</buy_link>
<buy_link>
<id>2</id>
<name>Half.com</name>
<link>https://www.goodreads.com/book_link/follow/2</link>
</buy_link>
<buy_link>
<id>5</id>
<name>Alibris</name>
<link>https://www.goodreads.com/book_link/follow/5</link>
</buy_link>
<buy_link>
<id>107</id>
<name>Better World Books</name>
<link>https://www.goodreads.com/book_link/follow/107</link>
</buy_link>
<buy_link>
<id>7</id>
<name>IndieBound</name>
<link>https://www.goodreads.com/book_link/follow/7</link>
</buy_link>

  </buy_links>
  <series_works>
    
  </series_works>
  <similar_books>
          <book>
<id>10079</id>
<title>Mary Queen of Scots</title>
<title_without_series>Mary Queen of Scots</title_without_series>
<link><![CDATA[https://www.goodreads.com/book/show/10079.Mary_Queen_of_Scots]]></link>
<small_image_url><![CDATA[https://s.gr-assets.com/assets/nophoto/book/50x75-a91bf249278a81aabab721ef782c4a74.png]]></small_image_url>
<image_url><![CDATA[https://s.gr-assets.com/assets/nophoto/book/111x148-bcc042a9c91a29c1d680899eff700a03.png]]></image_url>
<num_pages>568</num_pages>
<work>
<id>1336940</id>
</work>
<isbn>038531129X</isbn>
<isbn13>9780385311298</isbn13>
<average_rating>4.03</average_rating>
<ratings_count>10433</ratings_count>
<publication_year>1993</publication_year>
<publication_month>9</publication_month>
<publication_day>1</publication_day>
<authors>
<author>
<id>6582</id>
<name>Antonia Fraser</name>
<link><![CDATA[https://www.goodreads.com/author/show/6582.Antonia_Fraser]]></link>
</author>
</authors>
</book>

          <book>
<id>123515</id>
<title>Elizabeth I</title>
<title_without_series>Elizabeth I</title_without_series>
<link><![CDATA[https://www.goodreads.com/book/show/123515.Elizabeth_I]]></link>
<small_image_url><![CDATA[https://images.gr-assets.com/books/1320476385s/123515.jpg]]></small_image_url>
<image_url><![CDATA[https://images.gr-assets.com/books/1320476385m/123515.jpg]]></image_url>
<num_pages>672</num_pages>
<work>
<id>118927</id>
</work>
<isbn>0385721579</isbn>
<isbn13>9780385721578</isbn13>
<average_rating>4.14</average_rating>
<ratings_count>6061</ratings_count>
<publication_year>2003</publication_year>
<publication_month>1</publication_month>
<publication_day>7</publication_day>
<authors>
<author>
<id>71118</id>
<name>Anne Somerset</name>
<link><![CDATA[https://www.goodreads.com/author/show/71118.Anne_Somerset]]></link>
</author>
</authors>
</book>

          <book>
<id>7897065</id>
<title><![CDATA[Elizabeth's Women: Friends, Rivals, and Foes Who Shaped the Virgin Queen]]></title>
<title_without_series><![CDATA[Elizabeth's Women: Friends, Rivals, and Foes Who Shaped the Virgin Queen]]></title_without_series>
<link><![CDATA[https://www.goodreads.com/book/show/7897065-elizabeth-s-women]]></link>
<small_image_url><![CDATA[https://images.gr-assets.com/books/1320407969s/7897065.jpg]]></small_image_url>
<image_url><![CDATA[https://images.gr-assets.com/books/1320407969m/7897065.jpg]]></image_url>
<num_pages>482</num_pages>
<work>
<id>12907214</id>
</work>
<isbn>055380698X</isbn>
<isbn13>9780553806984</isbn13>
<average_rating>3.99</average_rating>
<ratings_count>1988</ratings_count>
<publication_year></publication_year>
<publication_month></publication_month>
<publication_day></publication_day>
<authors>
<author>
<id>890144</id>
<name>Tracy Borman</name>
<link><![CDATA[https://www.goodreads.com/author/show/890144.Tracy_Borman]]></link>
</author>
</authors>
</book>

          <book>
<id>134958</id>
<title><![CDATA[Elizabeth: The Struggle for the Throne]]></title>
<title_without_series><![CDATA[Elizabeth: The Struggle for the Throne]]></title_without_series>
<link><![CDATA[https://www.goodreads.com/book/show/134958.Elizabeth]]></link>
<small_image_url><![CDATA[https://s.gr-assets.com/assets/nophoto/book/50x75-a91bf249278a81aabab721ef782c4a74.png]]></small_image_url>
<image_url><![CDATA[https://s.gr-assets.com/assets/nophoto/book/111x148-bcc042a9c91a29c1d680899eff700a03.png]]></image_url>
<num_pages></num_pages>
<work>
<id>130044</id>
</work>
<isbn>0060959517</isbn>
<isbn13>9780060959517</isbn13>
<average_rating>4.06</average_rating>
<ratings_count>11545</ratings_count>
<publication_year></publication_year>
<publication_month></publication_month>
<publication_day></publication_day>
<authors>
<author>
<id>78035</id>
<name>David Starkey</name>
<link><![CDATA[https://www.goodreads.com/author/show/78035.David_Starkey]]></link>
</author>
</authors>
</book>

          <book>
<id>846377</id>
<title><![CDATA[Elizabeth & Leicester: Power, Passion, Politics]]></title>
<title_without_series><![CDATA[Elizabeth & Leicester: Power, Passion, Politics]]></title_without_series>
<link><![CDATA[https://www.goodreads.com/book/show/846377.Elizabeth_Leicester]]></link>
<small_image_url><![CDATA[https://s.gr-assets.com/assets/nophoto/book/50x75-a91bf249278a81aabab721ef782c4a74.png]]></small_image_url>
<image_url><![CDATA[https://s.gr-assets.com/assets/nophoto/book/111x148-bcc042a9c91a29c1d680899eff700a03.png]]></image_url>
<num_pages>407</num_pages>
<work>
<id>831897</id>
</work>
<isbn>0670018287</isbn>
<isbn13>9780670018284</isbn13>
<average_rating>3.97</average_rating>
<ratings_count>1679</ratings_count>
<publication_year>2007</publication_year>
<publication_month>11</publication_month>
<publication_day>1</publication_day>
<authors>
<author>
<id>369207</id>
<name>Sarah Gristwood</name>
<link><![CDATA[https://www.goodreads.com/author/show/369207.Sarah_Gristwood]]></link>
</author>
</authors>
</book>

          <book>
<id>234676</id>
<title>The First Elizabeth</title>
<title_without_series>The First Elizabeth</title_without_series>
<link><![CDATA[https://www.goodreads.com/book/show/234676.The_First_Elizabeth]]></link>
<small_image_url><![CDATA[https://s.gr-assets.com/assets/nophoto/book/50x75-a91bf249278a81aabab721ef782c4a74.png]]></small_image_url>
<image_url><![CDATA[https://s.gr-assets.com/assets/nophoto/book/111x148-bcc042a9c91a29c1d680899eff700a03.png]]></image_url>
<num_pages>448</num_pages>
<work>
<id>3056197</id>
</work>
<isbn>031216842X</isbn>
<isbn13>9780312168421</isbn13>
<average_rating>4.00</average_rating>
<ratings_count>1476</ratings_count>
<publication_year>1997</publication_year>
<publication_month>8</publication_month>
<publication_day>15</publication_day>
<authors>
<author>
<id>6597</id>
<name>Carolly Erickson</name>
<link><![CDATA[https://www.goodreads.com/author/show/6597.Carolly_Erickson]]></link>
</author>
</authors>
</book>

          <book>
<id>2752070</id>
<title><![CDATA[The First Queen of England: The Myth of "Bloody Mary"]]></title>
<title_without_series><![CDATA[The First Queen of England: The Myth of "Bloody Mary"]]></title_without_series>
<link><![CDATA[https://www.goodreads.com/book/show/2752070-the-first-queen-of-england]]></link>
<small_image_url><![CDATA[https://images.gr-assets.com/books/1316130791s/2752070.jpg]]></small_image_url>
<image_url><![CDATA[https://images.gr-assets.com/books/1316130791m/2752070.jpg]]></image_url>
<num_pages>452</num_pages>
<work>
<id>2777768</id>
</work>
<isbn>0312368372</isbn>
<isbn13>9780312368371</isbn13>
<average_rating>4.01</average_rating>
<ratings_count>2753</ratings_count>
<publication_year>2008</publication_year>
<publication_month>7</publication_month>
<publication_day>8</publication_day>
<authors>
<author>
<id>890148</id>
<name>Linda Porter</name>
<link><![CDATA[https://www.goodreads.com/author/show/890148.Linda_Porter]]></link>
</author>
</authors>
</book>

          <book>
<id>6122701</id>
<title><![CDATA[The Tudor Chronicles: 1485-1603]]></title>
<title_without_series><![CDATA[The Tudor Chronicles: 1485-1603]]></title_without_series>
<link><![CDATA[https://www.goodreads.com/book/show/6122701-the-tudor-chronicles]]></link>
<small_image_url><![CDATA[https://s.gr-assets.com/assets/nophoto/book/50x75-a91bf249278a81aabab721ef782c4a74.png]]></small_image_url>
<image_url><![CDATA[https://s.gr-assets.com/assets/nophoto/book/111x148-bcc042a9c91a29c1d680899eff700a03.png]]></image_url>
<num_pages>416</num_pages>
<work>
<id>6301034</id>
</work>
<isbn>1435109392</isbn>
<isbn13>9781435109391</isbn13>
<average_rating>4.26</average_rating>
<ratings_count>1105</ratings_count>
<publication_year>2008</publication_year>
<publication_month>10</publication_month>
<publication_day>15</publication_day>
<authors>
<author>
<id>254228</id>
<name>Susan Doran</name>
<link><![CDATA[https://www.goodreads.com/author/show/254228.Susan_Doran]]></link>
</author>
</authors>
</book>

          <book>
<id>6335229</id>
<title><![CDATA[Jane Seymour: Henry VIII's True Love]]></title>
<title_without_series><![CDATA[Jane Seymour: Henry VIII's True Love]]></title_without_series>
<link><![CDATA[https://www.goodreads.com/book/show/6335229-jane-seymour]]></link>
<small_image_url><![CDATA[https://s.gr-assets.com/assets/nophoto/book/50x75-a91bf249278a81aabab721ef782c4a74.png]]></small_image_url>
<image_url><![CDATA[https://s.gr-assets.com/assets/nophoto/book/111x148-bcc042a9c91a29c1d680899eff700a03.png]]></image_url>
<num_pages></num_pages>
<work>
<id>6521062</id>
</work>
<isbn>184868102X</isbn>
<isbn13>9781848681026</isbn13>
<average_rating>3.93</average_rating>
<ratings_count>628</ratings_count>
<publication_year></publication_year>
<publication_month></publication_month>
<publication_day></publication_day>
<authors>
<author>
<id>2107297</id>
<name>Elizabeth Norton</name>
<link><![CDATA[https://www.goodreads.com/author/show/2107297.Elizabeth_Norton]]></link>
</author>
</authors>
</book>

          <book>
<id>471742</id>
<title><![CDATA[Elizabeth's London: Everyday Life in Elizabethan London]]></title>
<title_without_series><![CDATA[Elizabeth's London: Everyday Life in Elizabethan London]]></title_without_series>
<link><![CDATA[https://www.goodreads.com/book/show/471742.Elizabeth_s_London]]></link>
<small_image_url><![CDATA[https://images.gr-assets.com/books/1316636381s/471742.jpg]]></small_image_url>
<image_url><![CDATA[https://images.gr-assets.com/books/1316636381m/471742.jpg]]></image_url>
<num_pages>368</num_pages>
<work>
<id>1939816</id>
</work>
<isbn>0312325665</isbn>
<isbn13>9780312325664</isbn13>
<average_rating>4.01</average_rating>
<ratings_count>715</ratings_count>
<publication_year>2005</publication_year>
<publication_month>6</publication_month>
<publication_day>1</publication_day>
<authors>
<author>
<id>198645</id>
<name>Liza Picard</name>
<link><![CDATA[https://www.goodreads.com/author/show/198645.Liza_Picard]]></link>
</author>
</authors>
</book>

          <book>
<id>156556</id>
<title><![CDATA[After Elizabeth: The Rise of James of Scotland and the Struggle for the Throne of England]]></title>
<title_without_series><![CDATA[After Elizabeth: The Rise of James of Scotland and the Struggle for the Throne of England]]></title_without_series>
<link><![CDATA[https://www.goodreads.com/book/show/156556.After_Elizabeth]]></link>
<small_image_url><![CDATA[https://images.gr-assets.com/books/1320501089s/156556.jpg]]></small_image_url>
<image_url><![CDATA[https://images.gr-assets.com/books/1320501089m/156556.jpg]]></image_url>
<num_pages>334</num_pages>
<work>
<id>151083</id>
</work>
<isbn>0345450469</isbn>
<isbn13>9780345450463</isbn13>
<average_rating>3.79</average_rating>
<ratings_count>701</ratings_count>
<publication_year>2007</publication_year>
<publication_month>1</publication_month>
<publication_day>30</publication_day>
<authors>
<author>
<id>90578</id>
<name>Leanda de Lisle</name>
<link><![CDATA[https://www.goodreads.com/author/show/90578.Leanda_de_Lisle]]></link>
</author>
</authors>
</book>

          <book>
<id>1719217</id>
<title><![CDATA[Edward VI: The Lost King of England]]></title>
<title_without_series><![CDATA[Edward VI: The Lost King of England]]></title_without_series>
<link><![CDATA[https://www.goodreads.com/book/show/1719217.Edward_VI]]></link>
<small_image_url><![CDATA[https://images.gr-assets.com/books/1311997057s/1719217.jpg]]></small_image_url>
<image_url><![CDATA[https://images.gr-assets.com/books/1311997057m/1719217.jpg]]></image_url>
<num_pages>289</num_pages>
<work>
<id>1716563</id>
</work>
<isbn>0312351429</isbn>
<isbn13>9780312351427</isbn13>
<average_rating>3.90</average_rating>
<ratings_count>1035</ratings_count>
<publication_year>2007</publication_year>
<publication_month>11</publication_month>
<publication_day>13</publication_day>
<authors>
<author>
<id>790643</id>
<name>Chris Skidmore</name>
<link><![CDATA[https://www.goodreads.com/author/show/790643.Chris_Skidmore]]></link>
</author>
</authors>
</book>

          <book>
<id>691001</id>
<title><![CDATA[Four Queens: The Provençal Sisters Who Ruled Europe]]></title>
<title_without_series><![CDATA[Four Queens: The Provençal Sisters Who Ruled Europe]]></title_without_series>
<link><![CDATA[https://www.goodreads.com/book/show/691001.Four_Queens]]></link>
<small_image_url><![CDATA[https://s.gr-assets.com/assets/nophoto/book/50x75-a91bf249278a81aabab721ef782c4a74.png]]></small_image_url>
<image_url><![CDATA[https://s.gr-assets.com/assets/nophoto/book/111x148-bcc042a9c91a29c1d680899eff700a03.png]]></image_url>
<num_pages>336</num_pages>
<work>
<id>677345</id>
</work>
<isbn>0670038431</isbn>
<isbn13>9780670038435</isbn13>
<average_rating>3.84</average_rating>
<ratings_count>3109</ratings_count>
<publication_year></publication_year>
<publication_month></publication_month>
<publication_day></publication_day>
<authors>
<author>
<id>68259</id>
<name>Nancy Goldstone</name>
<link><![CDATA[https://www.goodreads.com/author/show/68259.Nancy_Goldstone]]></link>
</author>
</authors>
</book>

          <book>
<id>569631</id>
<title><![CDATA[The Pirate Queen: Queen Elizabeth I, Her Pirate Adventurers, and the Dawn of Empire]]></title>
<title_without_series><![CDATA[The Pirate Queen: Queen Elizabeth I, Her Pirate Adventurers, and the Dawn of Empire]]></title_without_series>
<link><![CDATA[https://www.goodreads.com/book/show/569631.The_Pirate_Queen]]></link>
<small_image_url><![CDATA[https://s.gr-assets.com/assets/nophoto/book/50x75-a91bf249278a81aabab721ef782c4a74.png]]></small_image_url>
<image_url><![CDATA[https://s.gr-assets.com/assets/nophoto/book/111x148-bcc042a9c91a29c1d680899eff700a03.png]]></image_url>
<num_pages>496</num_pages>
<work>
<id>556678</id>
</work>
<isbn>0060820667</isbn>
<isbn13>9780060820664</isbn13>
<average_rating>3.85</average_rating>
<ratings_count>489</ratings_count>
<publication_year>2007</publication_year>
<publication_month>6</publication_month>
<publication_day>26</publication_day>
<authors>
<author>
<id>129142</id>
<name>Susan Ronald</name>
<link><![CDATA[https://www.goodreads.com/author/show/129142.Susan_Ronald]]></link>
</author>
</authors>
</book>

          <book>
<id>568321</id>
<title><![CDATA[The Sisters of Henry VIII: The Tumultuous Lives of Margaret of Scotland and Mary of France]]></title>
<title_without_series><![CDATA[The Sisters of Henry VIII: The Tumultuous Lives of Margaret of Scotland and Mary of France]]></title_without_series>
<link><![CDATA[https://www.goodreads.com/book/show/568321.The_Sisters_of_Henry_VIII]]></link>
<small_image_url><![CDATA[https://s.gr-assets.com/assets/nophoto/book/50x75-a91bf249278a81aabab721ef782c4a74.png]]></small_image_url>
<image_url><![CDATA[https://s.gr-assets.com/assets/nophoto/book/111x148-bcc042a9c91a29c1d680899eff700a03.png]]></image_url>
<num_pages>266</num_pages>
<work>
<id>555383</id>
</work>
<isbn>0306809893</isbn>
<isbn13>9780306809897</isbn13>
<average_rating>3.95</average_rating>
<ratings_count>2239</ratings_count>
<publication_year>2000</publication_year>
<publication_month>12</publication_month>
<publication_day>29</publication_day>
<authors>
<author>
<id>244783</id>
<name>Maria Perry</name>
<link><![CDATA[https://www.goodreads.com/author/show/244783.Maria_Perry]]></link>
</author>
</authors>
</book>

          <book>
<id>381713</id>
<title><![CDATA[Elizabeth and Mary: Cousins, Rivals, Queens]]></title>
<title_without_series><![CDATA[Elizabeth and Mary: Cousins, Rivals, Queens]]></title_without_series>
<link><![CDATA[https://www.goodreads.com/book/show/381713.Elizabeth_and_Mary]]></link>
<small_image_url><![CDATA[https://s.gr-assets.com/assets/nophoto/book/50x75-a91bf249278a81aabab721ef782c4a74.png]]></small_image_url>
<image_url><![CDATA[https://s.gr-assets.com/assets/nophoto/book/111x148-bcc042a9c91a29c1d680899eff700a03.png]]></image_url>
<num_pages></num_pages>
<work>
<id>371491</id>
</work>
<isbn>0375708200</isbn>
<isbn13>9780375708206</isbn13>
<average_rating>4.04</average_rating>
<ratings_count>9215</ratings_count>
<publication_year></publication_year>
<publication_month></publication_month>
<publication_day></publication_day>
<authors>
<author>
<id>67300</id>
<name>Jane Dunn</name>
<link><![CDATA[https://www.goodreads.com/author/show/67300.Jane_Dunn]]></link>
</author>
</authors>
</book>

  </similar_books>
</book>

</GoodreadsResponse>