<?xml version="1.0" encoding="UTF-8"?>
<GoodreadsResponse>
  <Request>
    <authentication>true</authentication>
      <key><![CDATA[all_men_must_serve]]></key>
    <method><![CDATA[book_show]]></method>
  </Request>
  <book>
  <id>111306</id>
  <title>Jacob (Nightwalkers, #1)</title>
  <isbn><![CDATA[0821780654]]></isbn>
  <isbn13><![CDATA[9780821780657]]></isbn13>
  <asin><![CDATA[]]></asin>
  <kindle_asin><![CDATA[B0065JMR56]]></kindle_asin>
  <marketplace_id><![CDATA[A1F83G8C2ARO7P]]></marketplace_id>
  <country_code><![CDATA[GB]]></country_code>
  <image_url>https://s.gr-assets.com/assets/nophoto/book/111x148-bcc042a9c91a29c1d680899eff700a03.png</image_url>
  <small_image_url>https://s.gr-assets.com/assets/nophoto/book/50x75-a91bf249278a81aabab721ef782c4a74.png</small_image_url>
  <publication_year>2006</publication_year>
  <publication_month>12</publication_month>
  <publication_day>1</publication_day>
  <publisher>Zebra</publisher>
  <language_code>eng</language_code>
  <is_ebook>false</is_ebook>
  <description><![CDATA[Since time began, there have been Nightwalkers - the races of the night who live in the shadows of the moonlight. Love with humans is absolutely forbidden, and one man makes certain to uphold this ancient law: Jacob, the Enforcer...<br /><br />For 700 Years, He has resisted temptation. But not tonight...<br /><br />Jacob knows the excuses his people give when the madness overtakes them and they fall prey to their lust for humans. He's heard every one and still brought the trespassers to justice. Immune to forbidden desires, uncontrollable hungers, or the curse of the moon, his control is total...until the moment he sees Isabella on a shadowy New York City street. Saving her life wasn't in his plans. Nor were the overwhelming feelings she arouses in him. But the moment he holds her in his arms and feels the soft explosion of her body against his, everything changes. Their attraction is undeniable, volatile, and completely against the law. Suddenly everything Jacob has ever believed is inflamed by the heat of desire...<br /><br />Bring on the night.]]></description>
  <work>
  <id type="integer">107202</id>
  <books_count type="integer">28</books_count>
  <best_book_id type="integer">111306</best_book_id>
  <reviews_count type="integer">32193</reviews_count>
  <ratings_sum type="integer">73867</ratings_sum>
  <ratings_count type="integer">18362</ratings_count>
  <text_reviews_count type="integer">873</text_reviews_count>
  <original_publication_year type="integer">2006</original_publication_year>
  <original_publication_month type="integer">1</original_publication_month>
  <original_publication_day type="integer">1</original_publication_day>
  <original_title>Jacob</original_title>
  <original_language_id type="integer" nil="true"/>
  <media_type>book</media_type>
  <rating_dist>5:7277|4:6190|3:3422|2:983|1:490|total:18362</rating_dist>
  <desc_user_id type="integer">2089316</desc_user_id>
  <default_chaptering_book_id type="integer" nil="true"/>
  <default_description_language_code nil="true"/>
</work>
  <average_rating>4.02</average_rating>
  <num_pages><![CDATA[376]]></num_pages>
  <format><![CDATA[Mass Market Paperback]]></format>
  <edition_information><![CDATA[]]></edition_information>
  <ratings_count><![CDATA[17454]]></ratings_count>
  <text_reviews_count><![CDATA[731]]></text_reviews_count>
  <url><![CDATA[https://www.goodreads.com/book/show/111306.Jacob]]></url>
  <link><![CDATA[https://www.goodreads.com/book/show/111306.Jacob]]></link>
  <authors>
<author>
<id>64364</id>
<name>Jacquelyn Frank</name>
<role></role>
<image_url nophoto='false'>
<![CDATA[https://images.gr-assets.com/authors/1283525085p5/64364.jpg]]>
</image_url>
<small_image_url nophoto='false'>
<![CDATA[https://images.gr-assets.com/authors/1283525085p2/64364.jpg]]>
</small_image_url>
<link><![CDATA[https://www.goodreads.com/author/show/64364.Jacquelyn_Frank]]></link>
<average_rating>4.11</average_rating>
<ratings_count>125163</ratings_count>
<text_reviews_count>5861</text_reviews_count>
</author>
</authors>

    <reviews_widget>
      <![CDATA[
        <style>
  #goodreads-widget {
    font-family: georgia, serif;
    padding: 18px 0;
    width:565px;
  }
  #goodreads-widget h1 {
    font-weight:normal;
    font-size: 16px;
    border-bottom: 1px solid #BBB596;
    margin-bottom: 0;
  }
  #goodreads-widget a {
    text-decoration: none;
    color:#660;
  }
  iframe{
    background-color: #fff;
  }
  #goodreads-widget a:hover { text-decoration: underline; }
  #goodreads-widget a:active {
    color:#660;
  }
  #gr_footer {
    width: 100%;
    border-top: 1px solid #BBB596;
    text-align: right;
  }
  #goodreads-widget .gr_branding{
    color: #382110;
    font-size: 11px;
    text-decoration: none;
    font-family: "Helvetica Neue", Helvetica, Arial, sans-serif;
  }
</style>
<div id="goodreads-widget">
  <div id="gr_header"><h1><a rel="nofollow" href="https://www.goodreads.com/book/show/111306.Jacob">Jacob Reviews</a></h1></div>
  <iframe id="the_iframe" src="https://www.goodreads.com/api/reviews_widget_iframe?did=DEVELOPER_ID&amp;format=html&amp;isbn=0821780654&amp;links=660&amp;min_rating=&amp;review_back=fff&amp;stars=000&amp;text=000" width="565" height="400" frameborder="0"></iframe>
  <div id="gr_footer">
    <a class="gr_branding" target="_blank" rel="nofollow" href="https://www.goodreads.com/book/show/111306.Jacob?utm_medium=api&amp;utm_source=reviews_widget">Reviews from Goodreads.com</a>
  </div>
</div>

      ]]>
    </reviews_widget>
  <popular_shelves>
      <shelf name="paranormal-romance" count="575"/>
      <shelf name="to-read" count="519"/>
      <shelf name="paranormal" count="513"/>
      <shelf name="romance" count="371"/>
      <shelf name="demons" count="187"/>
      <shelf name="favorites" count="170"/>
      <shelf name="jacquelyn-frank" count="156"/>
      <shelf name="fantasy" count="155"/>
      <shelf name="series" count="124"/>
      <shelf name="vampires" count="106"/>
      <shelf name="pnr" count="80"/>
      <shelf name="urban-fantasy" count="78"/>
      <shelf name="adult" count="69"/>
      <shelf name="nightwalkers" count="62"/>
      <shelf name="magic" count="57"/>
      <shelf name="owned" count="50"/>
      <shelf name="fiction" count="50"/>
      <shelf name="default" count="40"/>
      <shelf name="vampire" count="40"/>
      <shelf name="supernatural" count="36"/>
      <shelf name="books-i-own" count="34"/>
      <shelf name="kindle" count="33"/>
      <shelf name="audiobook" count="32"/>
      <shelf name="contemporary" count="32"/>
      <shelf name="romance-paranormal" count="32"/>
      <shelf name="audiobooks" count="31"/>
      <shelf name="erotica" count="29"/>
      <shelf name="dnf" count="28"/>
      <shelf name="demon" count="26"/>
      <shelf name="ebook" count="25"/>
      <shelf name="audible" count="24"/>
      <shelf name="first-in-series" count="24"/>
      <shelf name="wish-list" count="22"/>
      <shelf name="maybe" count="21"/>
      <shelf name="1st-in-series" count="21"/>
      <shelf name="paperback" count="19"/>
      <shelf name="audio" count="18"/>
      <shelf name="nightwalkers-series" count="18"/>
      <shelf name="angels-demons" count="17"/>
      <shelf name="frank-jacquelyn" count="17"/>
      <shelf name="ebooks" count="17"/>
      <shelf name="i-own" count="17"/>
      <shelf name="library" count="16"/>
      <shelf name="fantasy-romance" count="16"/>
      <shelf name="m-f" count="15"/>
      <shelf name="part-of-a-series" count="15"/>
      <shelf name="paranormal-fantasy" count="15"/>
      <shelf name="currently-reading" count="14"/>
      <shelf name="pnr-uf" count="14"/>
      <shelf name="nook" count="14"/>
      <shelf name="did-not-finish" count="14"/>
      <shelf name="read-in-2010" count="13"/>
      <shelf name="werewolves" count="13"/>
      <shelf name="fantasy-paranormal" count="12"/>
      <shelf name="to-buy" count="12"/>
      <shelf name="alpha-male" count="11"/>
      <shelf name="druids" count="11"/>
      <shelf name="immortals" count="11"/>
      <shelf name="frank" count="11"/>
      <shelf name="nightwalker" count="11"/>
      <shelf name="shelfari-favorites" count="10"/>
      <shelf name="e-book" count="10"/>
      <shelf name="shifters" count="10"/>
      <shelf name="owned-books" count="10"/>
      <shelf name="adult-paranormal" count="10"/>
      <shelf name="didn-t-finish" count="10"/>
      <shelf name="virgin-heroine" count="10"/>
      <shelf name="vamps" count="10"/>
      <shelf name="pnr-romance" count="10"/>
      <shelf name="erotic" count="10"/>
      <shelf name="read-in-2009" count="10"/>
      <shelf name="angels-and-demons" count="10"/>
      <shelf name="smut" count="9"/>
      <shelf name="adult-romance" count="9"/>
      <shelf name="not-interested" count="9"/>
      <shelf name="own-it" count="9"/>
      <shelf name="have" count="9"/>
      <shelf name="para-romance" count="9"/>
      <shelf name="gave-up-on" count="8"/>
      <shelf name="tbr" count="8"/>
      <shelf name="unfinished" count="8"/>
      <shelf name="5-stars" count="8"/>
      <shelf name="hot" count="8"/>
      <shelf name="e-books" count="8"/>
      <shelf name="my-books" count="8"/>
      <shelf name="contemporary-romance" count="8"/>
      <shelf name="nightwalker-series" count="8"/>
      <shelf name="borrowed" count="8"/>
      <shelf name="read-in-2014" count="7"/>
      <shelf name="audio-book" count="7"/>
      <shelf name="books" count="7"/>
      <shelf name="read-in-2012" count="7"/>
      <shelf name="audio-books" count="7"/>
      <shelf name="paranormal-series" count="7"/>
      <shelf name="series-nightwalkers" count="7"/>
      <shelf name="new-series" count="7"/>
      <shelf name="paranormal-urban-fantasy" count="7"/>
      <shelf name="re-read" count="7"/>
      <shelf name="shapeshifters" count="7"/>
      <shelf name="read-in-2015" count="6"/>
  </popular_shelves>
  <book_links>
    <book_link>
  <id>8</id>
  <name>Libraries</name>
  <link>https://www.goodreads.com/book_link/follow/8</link>
</book_link>

  </book_links>
  <buy_links>
    <buy_link>
<id>1</id>
<name>Amazon</name>
<link>https://www.goodreads.com/book_link/follow/1</link>
</buy_link>
<buy_link>
<id>10</id>
<name>Audible</name>
<link>https://www.goodreads.com/book_link/follow/10</link>
</buy_link>
<buy_link>
<id>3</id>
<name>Barnes &amp; Noble</name>
<link>https://www.goodreads.com/book_link/follow/3</link>
</buy_link>
<buy_link>
<id>1027</id>
<name>Kobo</name>
<link>https://www.goodreads.com/book_link/follow/1027</link>
</buy_link>
<buy_link>
<id>2102</id>
<name>Apple iBooks</name>
<link>https://www.goodreads.com/book_link/follow/2102</link>
</buy_link>
<buy_link>
<id>8036</id>
<name>Google Play</name>
<link>https://www.goodreads.com/book_link/follow/8036</link>
</buy_link>
<buy_link>
<id>4</id>
<name>Abebooks</name>
<link>https://www.goodreads.com/book_link/follow/4</link>
</buy_link>
<buy_link>
<id>882</id>
<name>Book Depository</name>
<link>https://www.goodreads.com/book_link/follow/882</link>
</buy_link>
<buy_link>
<id>9</id>
<name>Indigo</name>
<link>https://www.goodreads.com/book_link/follow/9</link>
</buy_link>
<buy_link>
<id>2</id>
<name>Half.com</name>
<link>https://www.goodreads.com/book_link/follow/2</link>
</buy_link>
<buy_link>
<id>5</id>
<name>Alibris</name>
<link>https://www.goodreads.com/book_link/follow/5</link>
</buy_link>
<buy_link>
<id>107</id>
<name>Better World Books</name>
<link>https://www.goodreads.com/book_link/follow/107</link>
</buy_link>
<buy_link>
<id>7</id>
<name>IndieBound</name>
<link>https://www.goodreads.com/book_link/follow/7</link>
</buy_link>

  </buy_links>
  <series_works>
    <series_work>
<id>145906</id>
<user_position>1</user_position>
<series>
<id>41184</id>
<title>
<![CDATA[
    Nightwalkers
]]>
</title>
<description>
<![CDATA[
    Read this series before <a href="http://www.goodreads.com/series/46073-shadowdwellers">Shadowdwellers</a>.
    Nightwalkers also has a spinoff: <a href="http://www.goodreads.com/series/77164-the-world-of-nightwalkers">World of Nightwalkers</a>
]]>
</description>
<note>
<![CDATA[
]]>
</note>
<series_works_count>8</series_works_count>
<primary_work_count>6</primary_work_count>
<numbered>true</numbered>
</series>

</series_work>

  </series_works>
  <similar_books>
          <book>
<id>9618561</id>
<title><![CDATA[Supernatural (Lords of Deliverance, #1.5; Demonica, #6.5; Guardians of Eternity, #7.6; Nightwalkers, #1.5; Dragon Kin, #0.4)]]></title>
<title_without_series>Supernatural</title_without_series>
<link><![CDATA[https://www.goodreads.com/book/show/9618561-supernatural]]></link>
<small_image_url><![CDATA[https://images.gr-assets.com/books/1301582007s/9618561.jpg]]></small_image_url>
<image_url><![CDATA[https://images.gr-assets.com/books/1301582007m/9618561.jpg]]></image_url>
<num_pages>471</num_pages>
<work>
<id>14505811</id>
</work>
<isbn>142010988X</isbn>
<isbn13>9781420109887</isbn13>
<average_rating>4.11</average_rating>
<ratings_count>6819</ratings_count>
<publication_year>2011</publication_year>
<publication_month>9</publication_month>
<publication_day>1</publication_day>
<authors>
<author>
<id>375143</id>
<name>Larissa Ione</name>
<link><![CDATA[https://www.goodreads.com/author/show/375143.Larissa_Ione]]></link>
</author>
</authors>
</book>

          <book>
<id>846613</id>
<title><![CDATA[Scent of Darkness (Darkness Chosen, #1)]]></title>
<title_without_series>Scent of Darkness</title_without_series>
<link><![CDATA[https://www.goodreads.com/book/show/846613.Scent_of_Darkness]]></link>
<small_image_url><![CDATA[https://images.gr-assets.com/books/1462939108s/846613.jpg]]></small_image_url>
<image_url><![CDATA[https://images.gr-assets.com/books/1462939108m/846613.jpg]]></image_url>
<num_pages>392</num_pages>
<work>
<id>1962271</id>
</work>
<isbn>0451221737</isbn>
<isbn13>9780451221735</isbn13>
<average_rating>3.97</average_rating>
<ratings_count>8918</ratings_count>
<publication_year>2007</publication_year>
<publication_month>7</publication_month>
<publication_day>3</publication_day>
<authors>
<author>
<id>12695</id>
<name>Christina Dodd</name>
<link><![CDATA[https://www.goodreads.com/author/show/12695.Christina_Dodd]]></link>
</author>
</authors>
</book>

          <book>
<id>2423981</id>
<title><![CDATA[Atlantis Unleashed (Warriors of Poseidon,  #3)]]></title>
<title_without_series>Atlantis Unleashed</title_without_series>
<link><![CDATA[https://www.goodreads.com/book/show/2423981.Atlantis_Unleashed]]></link>
<small_image_url><![CDATA[https://s.gr-assets.com/assets/nophoto/book/50x75-a91bf249278a81aabab721ef782c4a74.png]]></small_image_url>
<image_url><![CDATA[https://s.gr-assets.com/assets/nophoto/book/111x148-bcc042a9c91a29c1d680899eff700a03.png]]></image_url>
<num_pages>316</num_pages>
<work>
<id>2431168</id>
</work>
<isbn>0425220419</isbn>
<isbn13>9780425220412</isbn13>
<average_rating>4.20</average_rating>
<ratings_count>4024</ratings_count>
<publication_year>2009</publication_year>
<publication_month>6</publication_month>
<publication_day>2</publication_day>
<authors>
<author>
<id>35023</id>
<name>Alyssa Day</name>
<link><![CDATA[https://www.goodreads.com/author/show/35023.Alyssa_Day]]></link>
</author>
</authors>
</book>

          <book>
<id>6177429</id>
<title><![CDATA[Midnight's Master (Midnight, #3)]]></title>
<title_without_series>Midnight&apos;s Master</title_without_series>
<link><![CDATA[https://www.goodreads.com/book/show/6177429-midnight-s-master]]></link>
<small_image_url><![CDATA[https://s.gr-assets.com/assets/nophoto/book/50x75-a91bf249278a81aabab721ef782c4a74.png]]></small_image_url>
<image_url><![CDATA[https://s.gr-assets.com/assets/nophoto/book/111x148-bcc042a9c91a29c1d680899eff700a03.png]]></image_url>
<num_pages></num_pages>
<work>
<id>6357209</id>
</work>
<isbn>0758234260</isbn>
<isbn13>9780758234261</isbn13>
<average_rating>4.21</average_rating>
<ratings_count>2684</ratings_count>
<publication_year></publication_year>
<publication_month></publication_month>
<publication_day></publication_day>
<authors>
<author>
<id>153738</id>
<name>Cynthia Eden</name>
<link><![CDATA[https://www.goodreads.com/author/show/153738.Cynthia_Eden]]></link>
</author>
</authors>
</book>

          <book>
<id>2299685</id>
<title><![CDATA[Darkness Everlasting (Guardians of Eternity, #3)]]></title>
<title_without_series>Darkness Everlasting</title_without_series>
<link><![CDATA[https://www.goodreads.com/book/show/2299685.Darkness_Everlasting]]></link>
<small_image_url><![CDATA[https://s.gr-assets.com/assets/nophoto/book/50x75-a91bf249278a81aabab721ef782c4a74.png]]></small_image_url>
<image_url><![CDATA[https://s.gr-assets.com/assets/nophoto/book/111x148-bcc042a9c91a29c1d680899eff700a03.png]]></image_url>
<num_pages>395</num_pages>
<work>
<id>2306021</id>
</work>
<isbn>0821779397</isbn>
<isbn13>9780821779392</isbn13>
<average_rating>4.18</average_rating>
<ratings_count>8722</ratings_count>
<publication_year></publication_year>
<publication_month></publication_month>
<publication_day></publication_day>
<authors>
<author>
<id>40881</id>
<name>Alexandra Ivy</name>
<link><![CDATA[https://www.goodreads.com/author/show/40881.Alexandra_Ivy]]></link>
</author>
</authors>
</book>

          <book>
<id>1795542</id>
<title>Riding the Storm (ACRO, #1)</title>
<title_without_series>Riding the Storm</title_without_series>
<link><![CDATA[https://www.goodreads.com/book/show/1795542.Riding_the_Storm]]></link>
<small_image_url><![CDATA[https://images.gr-assets.com/books/1320507961s/1795542.jpg]]></small_image_url>
<image_url><![CDATA[https://images.gr-assets.com/books/1320507961m/1795542.jpg]]></image_url>
<num_pages>327</num_pages>
<work>
<id>1794583</id>
</work>
<isbn>038534080X</isbn>
<isbn13>9780385340809</isbn13>
<average_rating>3.75</average_rating>
<ratings_count>4727</ratings_count>
<publication_year>2007</publication_year>
<publication_month>8</publication_month>
<publication_day>28</publication_day>
<authors>
<author>
<id>821504</id>
<name>Sydney Croft</name>
<link><![CDATA[https://www.goodreads.com/author/show/821504.Sydney_Croft]]></link>
</author>
</authors>
</book>

          <book>
<id>146744</id>
<title><![CDATA[Jewel of Atlantis (Atlantis, #2)]]></title>
<title_without_series>Jewel of Atlantis</title_without_series>
<link><![CDATA[https://www.goodreads.com/book/show/146744.Jewel_of_Atlantis]]></link>
<small_image_url><![CDATA[https://images.gr-assets.com/books/1351278693s/146744.jpg]]></small_image_url>
<image_url><![CDATA[https://images.gr-assets.com/books/1351278693m/146744.jpg]]></image_url>
<num_pages>377</num_pages>
<work>
<id>141626</id>
</work>
<isbn>0373770960</isbn>
<isbn13>9780373770960</isbn13>
<average_rating>4.01</average_rating>
<ratings_count>8668</ratings_count>
<publication_year>2006</publication_year>
<publication_month>1</publication_month>
<publication_day>24</publication_day>
<authors>
<author>
<id>48192</id>
<name>Gena Showalter</name>
<link><![CDATA[https://www.goodreads.com/author/show/48192.Gena_Showalter]]></link>
</author>
</authors>
</book>

          <book>
<id>6257480</id>
<title><![CDATA[Obsession Untamed (Feral Warriors, #2)]]></title>
<title_without_series>Obsession Untamed</title_without_series>
<link><![CDATA[https://www.goodreads.com/book/show/6257480-obsession-untamed]]></link>
<small_image_url><![CDATA[https://images.gr-assets.com/books/1327872899s/6257480.jpg]]></small_image_url>
<image_url><![CDATA[https://images.gr-assets.com/books/1327872899m/6257480.jpg]]></image_url>
<num_pages>360</num_pages>
<work>
<id>6440611</id>
</work>
<isbn>0061667528</isbn>
<isbn13>9780061667527</isbn13>
<average_rating>4.09</average_rating>
<ratings_count>4752</ratings_count>
<publication_year>2009</publication_year>
<publication_month>7</publication_month>
<publication_day>28</publication_day>
<authors>
<author>
<id>267687</id>
<name>Pamela Palmer</name>
<link><![CDATA[https://www.goodreads.com/author/show/267687.Pamela_Palmer]]></link>
</author>
</authors>
</book>

          <book>
<id>2721947</id>
<title><![CDATA[Nightkeepers (The Nightkeepers, #1)]]></title>
<title_without_series>Nightkeepers</title_without_series>
<link><![CDATA[https://www.goodreads.com/book/show/2721947-nightkeepers]]></link>
<small_image_url><![CDATA[https://s.gr-assets.com/assets/nophoto/book/50x75-a91bf249278a81aabab721ef782c4a74.png]]></small_image_url>
<image_url><![CDATA[https://s.gr-assets.com/assets/nophoto/book/111x148-bcc042a9c91a29c1d680899eff700a03.png]]></image_url>
<num_pages></num_pages>
<work>
<id>2747547</id>
</work>
<isbn>045122437X</isbn>
<isbn13>9780451224378</isbn13>
<average_rating>3.79</average_rating>
<ratings_count>2480</ratings_count>
<publication_year></publication_year>
<publication_month></publication_month>
<publication_day></publication_day>
<authors>
<author>
<id>270312</id>
<name>Jessica Andersen</name>
<link><![CDATA[https://www.goodreads.com/author/show/270312.Jessica_Andersen]]></link>
</author>
</authors>
</book>

          <book>
<id>39624</id>
<title><![CDATA[The Dark One (Wild Wulfs of London, #1)]]></title>
<title_without_series>The Dark One</title_without_series>
<link><![CDATA[https://www.goodreads.com/book/show/39624.The_Dark_One]]></link>
<small_image_url><![CDATA[https://s.gr-assets.com/assets/nophoto/book/50x75-a91bf249278a81aabab721ef782c4a74.png]]></small_image_url>
<image_url><![CDATA[https://s.gr-assets.com/assets/nophoto/book/111x148-bcc042a9c91a29c1d680899eff700a03.png]]></image_url>
<num_pages></num_pages>
<work>
<id>39328</id>
</work>
<isbn>0312935730</isbn>
<isbn13>9780312935733</isbn13>
<average_rating>3.85</average_rating>
<ratings_count>1692</ratings_count>
<publication_year></publication_year>
<publication_month></publication_month>
<publication_day></publication_day>
<authors>
<author>
<id>21665</id>
<name>Ronda Thompson</name>
<link><![CDATA[https://www.goodreads.com/author/show/21665.Ronda_Thompson]]></link>
</author>
</authors>
</book>

          <book>
<id>2003625</id>
<title><![CDATA[Dark Desires After Dusk (Immortals After Dark #6)]]></title>
<title_without_series>Dark Desires After Dusk</title_without_series>
<link><![CDATA[https://www.goodreads.com/book/show/2003625.Dark_Desires_After_Dusk]]></link>
<small_image_url><![CDATA[https://images.gr-assets.com/books/1327887013s/2003625.jpg]]></small_image_url>
<image_url><![CDATA[https://images.gr-assets.com/books/1327887013m/2003625.jpg]]></image_url>
<num_pages>368</num_pages>
<work>
<id>2007518</id>
</work>
<isbn>1416576754</isbn>
<isbn13>9781416576754</isbn13>
<average_rating>4.38</average_rating>
<ratings_count>37560</ratings_count>
<publication_year>2008</publication_year>
<publication_month>5</publication_month>
<publication_day>20</publication_day>
<authors>
<author>
<id>4428</id>
<name>Kresley Cole</name>
<link><![CDATA[https://www.goodreads.com/author/show/4428.Kresley_Cole]]></link>
</author>
</authors>
</book>

          <book>
<id>5957044</id>
<title><![CDATA[Burning Alive (Sentinel Wars, #1)]]></title>
<title_without_series>Burning Alive</title_without_series>
<link><![CDATA[https://www.goodreads.com/book/show/5957044-burning-alive]]></link>
<small_image_url><![CDATA[https://images.gr-assets.com/books/1334673710s/5957044.jpg]]></small_image_url>
<image_url><![CDATA[https://images.gr-assets.com/books/1334673710m/5957044.jpg]]></image_url>
<num_pages>358</num_pages>
<work>
<id>6129749</id>
</work>
<isbn>0451412710</isbn>
<isbn13>9780451412713</isbn13>
<average_rating>3.84</average_rating>
<ratings_count>5026</ratings_count>
<publication_year>2009</publication_year>
<publication_month>5</publication_month>
<publication_day>5</publication_day>
<authors>
<author>
<id>114283</id>
<name>Shannon K. Butcher</name>
<link><![CDATA[https://www.goodreads.com/author/show/114283.Shannon_K_Butcher]]></link>
</author>
</authors>
</book>

          <book>
<id>746056</id>
<title><![CDATA[Redeemed in Darkness (Paladins of Darkness, #4)]]></title>
<title_without_series>Redeemed in Darkness</title_without_series>
<link><![CDATA[https://www.goodreads.com/book/show/746056.Redeemed_in_Darkness]]></link>
<small_image_url><![CDATA[https://s.gr-assets.com/assets/nophoto/book/50x75-a91bf249278a81aabab721ef782c4a74.png]]></small_image_url>
<image_url><![CDATA[https://s.gr-assets.com/assets/nophoto/book/111x148-bcc042a9c91a29c1d680899eff700a03.png]]></image_url>
<num_pages>347</num_pages>
<work>
<id>732204</id>
</work>
<isbn>1416547134</isbn>
<isbn13>9781416547136</isbn13>
<average_rating>4.14</average_rating>
<ratings_count>2020</ratings_count>
<publication_year>2007</publication_year>
<publication_month>11</publication_month>
<publication_day>27</publication_day>
<authors>
<author>
<id>162678</id>
<name>Alexis Morgan</name>
<link><![CDATA[https://www.goodreads.com/author/show/162678.Alexis_Morgan]]></link>
</author>
</authors>
</book>

  </similar_books>
</book>

</GoodreadsResponse>