<?xml version="1.0" encoding="UTF-8"?>
<GoodreadsResponse>
  <Request>
    <authentication>true</authentication>
      <key><![CDATA[all_men_must_serve]]></key>
    <method><![CDATA[book_show]]></method>
  </Request>
  <book>
  <id>11133791</id>
  <title>Tilt</title>
  <isbn><![CDATA[1416983309]]></isbn>
  <isbn13><![CDATA[9781416983309]]></isbn13>
  <asin><![CDATA[]]></asin>
  <kindle_asin><![CDATA[B007MC0NS8]]></kindle_asin>
  <marketplace_id><![CDATA[A1F83G8C2ARO7P]]></marketplace_id>
  <country_code><![CDATA[GB]]></country_code>
  <image_url>https://images.gr-assets.com/books/1346263814m/11133791.jpg</image_url>
  <small_image_url>https://images.gr-assets.com/books/1346263814s/11133791.jpg</small_image_url>
  <publication_year>2012</publication_year>
  <publication_month>9</publication_month>
  <publication_day>11</publication_day>
  <publisher>Margaret K. McElderry Books</publisher>
  <language_code>eng</language_code>
  <is_ebook>false</is_ebook>
  <description><![CDATA[<b>Love—good and bad—forces three teens’ worlds to tilt in a riveting novel from <i>New York Times </i>bestselling author Ellen Hopkins.</b><br /><br />Three teens, three stories—all interconnected through their parents’ family relationships. As the adults pull away, caught up in their own dilemmas, the lives of the teens begin to tilt….<br /><br />Mikayla, almost eighteen, is over-the-top in love with Dylan, who loves her back jealously. But what happens to that love when Mikayla gets pregnant the summer before their senior year—and decides to keep the baby?<br /><br />Shane turns sixteen that same summer and falls hard in love with his first boyfriend, Alex, who happens to be HIV positive. Shane has lived for four years with his little sister’s impending death. Can he accept Alex’s love, knowing that his life, too, will be shortened?<br /><br />Harley is fourteen—a good girl searching for new experiences, especially love from an older boy. She never expects to hurdle toward self-destructive extremes in order to define who she is and who she wants to be.<br /><br />Love, in all its forms, has crucial consequences in this standalone novel.]]></description>
  <work>
  <id type="integer">16057047</id>
  <books_count type="integer">9</books_count>
  <best_book_id type="integer">11133791</best_book_id>
  <reviews_count type="integer">40212</reviews_count>
  <ratings_sum type="integer">53454</ratings_sum>
  <ratings_count type="integer">12730</ratings_count>
  <text_reviews_count type="integer">986</text_reviews_count>
  <original_publication_year type="integer">2012</original_publication_year>
  <original_publication_month type="integer">9</original_publication_month>
  <original_publication_day type="integer">11</original_publication_day>
  <original_title>Tilt</original_title>
  <original_language_id type="integer" nil="true"/>
  <media_type>book</media_type>
  <rating_dist>5:6130|4:3895|3:2016|2:487|1:202|total:12730</rating_dist>
  <desc_user_id type="integer">2075644</desc_user_id>
  <default_chaptering_book_id type="integer" nil="true"/>
  <default_description_language_code nil="true"/>
</work>
  <average_rating>4.20</average_rating>
  <num_pages><![CDATA[608]]></num_pages>
  <format><![CDATA[Hardcover]]></format>
  <edition_information><![CDATA[]]></edition_information>
  <ratings_count><![CDATA[12142]]></ratings_count>
  <text_reviews_count><![CDATA[921]]></text_reviews_count>
  <url><![CDATA[https://www.goodreads.com/book/show/11133791-tilt]]></url>
  <link><![CDATA[https://www.goodreads.com/book/show/11133791-tilt]]></link>
  <authors>
<author>
<id>2821144</id>
<name>Ellen Hopkins</name>
<role></role>
<image_url nophoto='false'>
<![CDATA[https://images.gr-assets.com/authors/1317081848p5/2821144.jpg]]>
</image_url>
<small_image_url nophoto='false'>
<![CDATA[https://images.gr-assets.com/authors/1317081848p2/2821144.jpg]]>
</small_image_url>
<link><![CDATA[https://www.goodreads.com/author/show/2821144.Ellen_Hopkins]]></link>
<average_rating>4.24</average_rating>
<ratings_count>452423</ratings_count>
<text_reviews_count>29788</text_reviews_count>
</author>
</authors>

    <reviews_widget>
      <![CDATA[
        <style>
  #goodreads-widget {
    font-family: georgia, serif;
    padding: 18px 0;
    width:565px;
  }
  #goodreads-widget h1 {
    font-weight:normal;
    font-size: 16px;
    border-bottom: 1px solid #BBB596;
    margin-bottom: 0;
  }
  #goodreads-widget a {
    text-decoration: none;
    color:#660;
  }
  iframe{
    background-color: #fff;
  }
  #goodreads-widget a:hover { text-decoration: underline; }
  #goodreads-widget a:active {
    color:#660;
  }
  #gr_footer {
    width: 100%;
    border-top: 1px solid #BBB596;
    text-align: right;
  }
  #goodreads-widget .gr_branding{
    color: #382110;
    font-size: 11px;
    text-decoration: none;
    font-family: "Helvetica Neue", Helvetica, Arial, sans-serif;
  }
</style>
<div id="goodreads-widget">
  <div id="gr_header"><h1><a rel="nofollow" href="https://www.goodreads.com/book/show/11133791-tilt">Tilt Reviews</a></h1></div>
  <iframe id="the_iframe" src="https://www.goodreads.com/api/reviews_widget_iframe?did=DEVELOPER_ID&amp;format=html&amp;isbn=1416983309&amp;links=660&amp;min_rating=&amp;review_back=fff&amp;stars=000&amp;text=000" width="565" height="400" frameborder="0"></iframe>
  <div id="gr_footer">
    <a class="gr_branding" target="_blank" rel="nofollow" href="https://www.goodreads.com/book/show/11133791-tilt?utm_medium=api&amp;utm_source=reviews_widget">Reviews from Goodreads.com</a>
  </div>
</div>

      ]]>
    </reviews_widget>
  <popular_shelves>
      <shelf name="to-read" count="7503"/>
      <shelf name="young-adult" count="328"/>
      <shelf name="favorites" count="171"/>
      <shelf name="poetry" count="168"/>
      <shelf name="contemporary" count="107"/>
      <shelf name="currently-reading" count="104"/>
      <shelf name="books-i-own" count="100"/>
      <shelf name="fiction" count="87"/>
      <shelf name="realistic-fiction" count="77"/>
      <shelf name="owned" count="69"/>
      <shelf name="romance" count="64"/>
      <shelf name="to-buy" count="59"/>
      <shelf name="ya" count="47"/>
      <shelf name="ellen-hopkins" count="40"/>
      <shelf name="wish-list" count="38"/>
      <shelf name="verse" count="34"/>
      <shelf name="lgbt" count="33"/>
      <shelf name="teen" count="33"/>
      <shelf name="novels-in-verse" count="32"/>
      <shelf name="library" count="28"/>
      <shelf name="stand-alone" count="23"/>
      <shelf name="lgbtq" count="22"/>
      <shelf name="realistic" count="20"/>
      <shelf name="my-books" count="19"/>
      <shelf name="need-to-buy" count="19"/>
      <shelf name="read-in-2013" count="18"/>
      <shelf name="want" count="18"/>
      <shelf name="series" count="17"/>
      <shelf name="i-own" count="16"/>
      <shelf name="ya-fiction" count="16"/>
      <shelf name="glbt" count="16"/>
      <shelf name="maybe" count="16"/>
      <shelf name="my-library" count="15"/>
      <shelf name="stand-alones" count="15"/>
      <shelf name="ya-lit" count="15"/>
      <shelf name="owned-books" count="14"/>
      <shelf name="abuse" count="14"/>
      <shelf name="read-in-2012" count="14"/>
      <shelf name="young-adult-fiction" count="13"/>
      <shelf name="real-life" count="13"/>
      <shelf name="love" count="13"/>
      <shelf name="must-read" count="13"/>
      <shelf name="ya-books" count="12"/>
      <shelf name="novel-in-verse" count="12"/>
      <shelf name="family" count="12"/>
      <shelf name="ebooks" count="11"/>
      <shelf name="books-to-buy" count="11"/>
      <shelf name="want-to-read" count="11"/>
      <shelf name="ya-contemporary" count="11"/>
      <shelf name="drugs" count="10"/>
      <shelf name="signed" count="10"/>
      <shelf name="teen-fiction" count="10"/>
      <shelf name="audiobook" count="9"/>
      <shelf name="mental-health" count="9"/>
      <shelf name="mental-illness" count="9"/>
      <shelf name="library-books" count="9"/>
      <shelf name="2013-reads" count="9"/>
      <shelf name="to-get" count="9"/>
      <shelf name="read-in-2014" count="8"/>
      <shelf name="books-in-verse" count="8"/>
      <shelf name="must-reads" count="8"/>
      <shelf name="ya-to-read" count="8"/>
      <shelf name="verse-novels" count="8"/>
      <shelf name="coming-of-age" count="7"/>
      <shelf name="on-my-bookshelf" count="7"/>
      <shelf name="summer-2013" count="7"/>
      <shelf name="read-2013" count="7"/>
      <shelf name="pregnancy" count="7"/>
      <shelf name="buy" count="7"/>
      <shelf name="high-school" count="7"/>
      <shelf name="kindle" count="7"/>
      <shelf name="drama" count="7"/>
      <shelf name="2012-releases" count="7"/>
      <shelf name="tbr" count="6"/>
      <shelf name="book-club" count="6"/>
      <shelf name="poetry-verse" count="6"/>
      <shelf name="own-it" count="6"/>
      <shelf name="depression" count="6"/>
      <shelf name="free-verse" count="6"/>
      <shelf name="death" count="6"/>
      <shelf name="hopkins" count="6"/>
      <shelf name="dark" count="6"/>
      <shelf name="tilt" count="6"/>
      <shelf name="ebook" count="6"/>
      <shelf name="cover-love" count="6"/>
      <shelf name="2012-release" count="6"/>
      <shelf name="books" count="6"/>
      <shelf name="ellen-hopkins-books" count="6"/>
      <shelf name="dysfunctional-family" count="5"/>
      <shelf name="2014-reads" count="5"/>
      <shelf name="dnf" count="5"/>
      <shelf name="standalone" count="5"/>
      <shelf name="at-library" count="5"/>
      <shelf name="summer-reading" count="5"/>
      <shelf name="addiction" count="5"/>
      <shelf name="favourites" count="5"/>
      <shelf name="suicide" count="5"/>
      <shelf name="male-pov" count="5"/>
      <shelf name="e-book" count="5"/>
      <shelf name="young-adult-to-read" count="5"/>
  </popular_shelves>
  <book_links>
    <book_link>
  <id>8</id>
  <name>Libraries</name>
  <link>https://www.goodreads.com/book_link/follow/8</link>
</book_link>

  </book_links>
  <buy_links>
    <buy_link>
<id>1</id>
<name>Amazon</name>
<link>https://www.goodreads.com/book_link/follow/1</link>
</buy_link>
<buy_link>
<id>10</id>
<name>Audible</name>
<link>https://www.goodreads.com/book_link/follow/10</link>
</buy_link>
<buy_link>
<id>3</id>
<name>Barnes &amp; Noble</name>
<link>https://www.goodreads.com/book_link/follow/3</link>
</buy_link>
<buy_link>
<id>1027</id>
<name>Kobo</name>
<link>https://www.goodreads.com/book_link/follow/1027</link>
</buy_link>
<buy_link>
<id>2102</id>
<name>Apple iBooks</name>
<link>https://www.goodreads.com/book_link/follow/2102</link>
</buy_link>
<buy_link>
<id>8036</id>
<name>Google Play</name>
<link>https://www.goodreads.com/book_link/follow/8036</link>
</buy_link>
<buy_link>
<id>4</id>
<name>Abebooks</name>
<link>https://www.goodreads.com/book_link/follow/4</link>
</buy_link>
<buy_link>
<id>882</id>
<name>Book Depository</name>
<link>https://www.goodreads.com/book_link/follow/882</link>
</buy_link>
<buy_link>
<id>9</id>
<name>Indigo</name>
<link>https://www.goodreads.com/book_link/follow/9</link>
</buy_link>
<buy_link>
<id>2</id>
<name>Half.com</name>
<link>https://www.goodreads.com/book_link/follow/2</link>
</buy_link>
<buy_link>
<id>5</id>
<name>Alibris</name>
<link>https://www.goodreads.com/book_link/follow/5</link>
</buy_link>
<buy_link>
<id>107</id>
<name>Better World Books</name>
<link>https://www.goodreads.com/book_link/follow/107</link>
</buy_link>
<buy_link>
<id>7</id>
<name>IndieBound</name>
<link>https://www.goodreads.com/book_link/follow/7</link>
</buy_link>

  </buy_links>
  <series_works>
    
  </series_works>
  <similar_books>
          <book>
<id>7164005</id>
<title>Glimpse</title>
<title_without_series>Glimpse</title_without_series>
<link><![CDATA[https://www.goodreads.com/book/show/7164005-glimpse]]></link>
<small_image_url><![CDATA[https://s.gr-assets.com/assets/nophoto/book/50x75-a91bf249278a81aabab721ef782c4a74.png]]></small_image_url>
<image_url><![CDATA[https://s.gr-assets.com/assets/nophoto/book/111x148-bcc042a9c91a29c1d680899eff700a03.png]]></image_url>
<num_pages>485</num_pages>
<work>
<id>7516578</id>
</work>
<isbn>141699730X</isbn>
<isbn13>9781416997306</isbn13>
<average_rating>3.85</average_rating>
<ratings_count>3328</ratings_count>
<publication_year>2010</publication_year>
<publication_month>6</publication_month>
<publication_day>22</publication_day>
<authors>
<author>
<id>288481</id>
<name>Carol Lynch Williams</name>
<link><![CDATA[https://www.goodreads.com/author/show/288481.Carol_Lynch_Williams]]></link>
</author>
</authors>
</book>

          <book>
<id>9634267</id>
<title>Butter</title>
<title_without_series>Butter</title_without_series>
<link><![CDATA[https://www.goodreads.com/book/show/9634267-butter]]></link>
<small_image_url><![CDATA[https://images.gr-assets.com/books/1330188575s/9634267.jpg]]></small_image_url>
<image_url><![CDATA[https://images.gr-assets.com/books/1330188575m/9634267.jpg]]></image_url>
<num_pages>294</num_pages>
<work>
<id>14521608</id>
</work>
<isbn>1599907801</isbn>
<isbn13>9781599907802</isbn13>
<average_rating>3.74</average_rating>
<ratings_count>6876</ratings_count>
<publication_year>2012</publication_year>
<publication_month>9</publication_month>
<publication_day>4</publication_day>
<authors>
<author>
<id>4443115</id>
<name>Erin Jade Lange</name>
<link><![CDATA[https://www.goodreads.com/author/show/4443115.Erin_Jade_Lange]]></link>
</author>
</authors>
</book>

          <book>
<id>11640897</id>
<title>Forget Me Not</title>
<title_without_series>Forget Me Not</title_without_series>
<link><![CDATA[https://www.goodreads.com/book/show/11640897-forget-me-not]]></link>
<small_image_url><![CDATA[https://images.gr-assets.com/books/1327689920s/11640897.jpg]]></small_image_url>
<image_url><![CDATA[https://images.gr-assets.com/books/1327689920m/11640897.jpg]]></image_url>
<num_pages>384</num_pages>
<work>
<id>16584785</id>
</work>
<isbn>1442432543</isbn>
<isbn13>9781442432543</isbn13>
<average_rating>3.92</average_rating>
<ratings_count>1117</ratings_count>
<publication_year>2012</publication_year>
<publication_month>10</publication_month>
<publication_day>2</publication_day>
<authors>
<author>
<id>564425</id>
<name>Carolee Dean</name>
<link><![CDATA[https://www.goodreads.com/author/show/564425.Carolee_Dean]]></link>
</author>
</authors>
</book>

          <book>
<id>8320987</id>
<title>Exposed</title>
<title_without_series>Exposed</title_without_series>
<link><![CDATA[https://www.goodreads.com/book/show/8320987-exposed]]></link>
<small_image_url><![CDATA[https://images.gr-assets.com/books/1320440852s/8320987.jpg]]></small_image_url>
<image_url><![CDATA[https://images.gr-assets.com/books/1320440852m/8320987.jpg]]></image_url>
<num_pages>255</num_pages>
<work>
<id>13170426</id>
</work>
<isbn>0375866930</isbn>
<isbn13>9780375866937</isbn13>
<average_rating>3.74</average_rating>
<ratings_count>2645</ratings_count>
<publication_year>2011</publication_year>
<publication_month>2</publication_month>
<publication_day>22</publication_day>
<authors>
<author>
<id>4044314</id>
<name>Kimberly Marcus</name>
<link><![CDATA[https://www.goodreads.com/author/show/4044314.Kimberly_Marcus]]></link>
</author>
</authors>
</book>

          <book>
<id>13160329</id>
<title>My Book of Life by Angel</title>
<title_without_series>My Book of Life by Angel</title_without_series>
<link><![CDATA[https://www.goodreads.com/book/show/13160329-my-book-of-life-by-angel]]></link>
<small_image_url><![CDATA[https://images.gr-assets.com/books/1343931320s/13160329.jpg]]></small_image_url>
<image_url><![CDATA[https://images.gr-assets.com/books/1343931320m/13160329.jpg]]></image_url>
<num_pages>256</num_pages>
<work>
<id>18339067</id>
</work>
<isbn>0374351236</isbn>
<isbn13>9780374351236</isbn13>
<average_rating>3.91</average_rating>
<ratings_count>1681</ratings_count>
<publication_year>2012</publication_year>
<publication_month>9</publication_month>
<publication_day>4</publication_day>
<authors>
<author>
<id>190403</id>
<name>Martine Leavitt</name>
<link><![CDATA[https://www.goodreads.com/author/show/190403.Martine_Leavitt]]></link>
</author>
</authors>
</book>

          <book>
<id>12987191</id>
<title>Fingerprints of You</title>
<title_without_series>Fingerprints of You</title_without_series>
<link><![CDATA[https://www.goodreads.com/book/show/12987191-fingerprints-of-you]]></link>
<small_image_url><![CDATA[https://images.gr-assets.com/books/1329664040s/12987191.jpg]]></small_image_url>
<image_url><![CDATA[https://images.gr-assets.com/books/1329664040m/12987191.jpg]]></image_url>
<num_pages>272</num_pages>
<work>
<id>18146906</id>
</work>
<isbn>1442429208</isbn>
<isbn13>9781442429208</isbn13>
<average_rating>3.70</average_rating>
<ratings_count>600</ratings_count>
<publication_year>2012</publication_year>
<publication_month>8</publication_month>
<publication_day>7</publication_day>
<authors>
<author>
<id>4971678</id>
<name>Kristen-Paige Madonia</name>
<link><![CDATA[https://www.goodreads.com/author/show/4971678.Kristen_Paige_Madonia]]></link>
</author>
</authors>
</book>

          <book>
<id>4732517</id>
<title>Far from You</title>
<title_without_series>Far from You</title_without_series>
<link><![CDATA[https://www.goodreads.com/book/show/4732517-far-from-you]]></link>
<small_image_url><![CDATA[https://s.gr-assets.com/assets/nophoto/book/50x75-a91bf249278a81aabab721ef782c4a74.png]]></small_image_url>
<image_url><![CDATA[https://s.gr-assets.com/assets/nophoto/book/111x148-bcc042a9c91a29c1d680899eff700a03.png]]></image_url>
<num_pages>355</num_pages>
<work>
<id>4797085</id>
</work>
<isbn>1416975063</isbn>
<isbn13>9781416975069</isbn13>
<average_rating>4.08</average_rating>
<ratings_count>3595</ratings_count>
<publication_year>2008</publication_year>
<publication_month>12</publication_month>
<publication_day>23</publication_day>
<authors>
<author>
<id>588558</id>
<name>Lisa Schroeder</name>
<link><![CDATA[https://www.goodreads.com/author/show/588558.Lisa_Schroeder]]></link>
</author>
</authors>
</book>

          <book>
<id>9372419</id>
<title>Personal Effects</title>
<title_without_series>Personal Effects</title_without_series>
<link><![CDATA[https://www.goodreads.com/book/show/9372419-personal-effects]]></link>
<small_image_url><![CDATA[https://images.gr-assets.com/books/1330545297s/9372419.jpg]]></small_image_url>
<image_url><![CDATA[https://images.gr-assets.com/books/1330545297m/9372419.jpg]]></image_url>
<num_pages>352</num_pages>
<work>
<id>14255981</id>
</work>
<isbn>0763655279</isbn>
<isbn13>9780763655273</isbn13>
<average_rating>3.93</average_rating>
<ratings_count>1467</ratings_count>
<publication_year>2012</publication_year>
<publication_month>9</publication_month>
<publication_day>11</publication_day>
<authors>
<author>
<id>4373408</id>
<name>E.M. Kokie</name>
<link><![CDATA[https://www.goodreads.com/author/show/4373408.E_M_Kokie]]></link>
</author>
</authors>
</book>

          <book>
<id>9757264</id>
<title>With or Without You</title>
<title_without_series>With or Without You</title_without_series>
<link><![CDATA[https://www.goodreads.com/book/show/9757264-with-or-without-you]]></link>
<small_image_url><![CDATA[https://images.gr-assets.com/books/1300015543s/9757264.jpg]]></small_image_url>
<image_url><![CDATA[https://images.gr-assets.com/books/1300015543m/9757264.jpg]]></image_url>
<num_pages>349</num_pages>
<work>
<id>14646562</id>
</work>
<isbn>1442406992</isbn>
<isbn13>9781442406995</isbn13>
<average_rating>3.92</average_rating>
<ratings_count>1078</ratings_count>
<publication_year>2011</publication_year>
<publication_month>5</publication_month>
<publication_day>24</publication_day>
<authors>
<author>
<id>4476200</id>
<name>Brian Farrey</name>
<link><![CDATA[https://www.goodreads.com/author/show/4476200.Brian_Farrey]]></link>
</author>
</authors>
</book>

          <book>
<id>10428981</id>
<title><![CDATA[Dear Bully: Seventy Authors Tell Their Stories]]></title>
<title_without_series><![CDATA[Dear Bully: Seventy Authors Tell Their Stories]]></title_without_series>
<link><![CDATA[https://www.goodreads.com/book/show/10428981-dear-bully]]></link>
<small_image_url><![CDATA[https://images.gr-assets.com/books/1302998773s/10428981.jpg]]></small_image_url>
<image_url><![CDATA[https://images.gr-assets.com/books/1302998773m/10428981.jpg]]></image_url>
<num_pages>369</num_pages>
<work>
<id>15333394</id>
</work>
<isbn>006206097X</isbn>
<isbn13>9780062060976</isbn13>
<average_rating>4.06</average_rating>
<ratings_count>2185</ratings_count>
<publication_year>2011</publication_year>
<publication_month>9</publication_month>
<publication_day>6</publication_day>
<authors>
<author>
<id>1337779</id>
<name>Megan Kelley Hall</name>
<link><![CDATA[https://www.goodreads.com/author/show/1337779.Megan_Kelley_Hall]]></link>
</author>
</authors>
</book>

          <book>
<id>12971650</id>
<title>Narc</title>
<title_without_series>Narc</title_without_series>
<link><![CDATA[https://www.goodreads.com/book/show/12971650-narc]]></link>
<small_image_url><![CDATA[https://images.gr-assets.com/books/1331003432s/12971650.jpg]]></small_image_url>
<image_url><![CDATA[https://images.gr-assets.com/books/1331003432m/12971650.jpg]]></image_url>
<num_pages>275</num_pages>
<work>
<id>18129968</id>
</work>
<isbn>0738732478</isbn>
<isbn13>9780738732473</isbn13>
<average_rating>3.49</average_rating>
<ratings_count>236</ratings_count>
<publication_year>2012</publication_year>
<publication_month>8</publication_month>
<publication_day>8</publication_day>
<authors>
<author>
<id>266774</id>
<name>Crissa-Jean Chappell</name>
<link><![CDATA[https://www.goodreads.com/author/show/266774.Crissa_Jean_Chappell]]></link>
</author>
</authors>
</book>

          <book>
<id>8980036</id>
<title><![CDATA[Novels by Ellen Hopkins: Glass, Burned, Identical, Impulse, Crank]]></title>
<title_without_series><![CDATA[Novels by Ellen Hopkins: Glass, Burned, Identical, Impulse, Crank]]></title_without_series>
<link><![CDATA[https://www.goodreads.com/book/show/8980036-novels-by-ellen-hopkins]]></link>
<small_image_url><![CDATA[https://s.gr-assets.com/assets/nophoto/book/50x75-a91bf249278a81aabab721ef782c4a74.png]]></small_image_url>
<image_url><![CDATA[https://s.gr-assets.com/assets/nophoto/book/111x148-bcc042a9c91a29c1d680899eff700a03.png]]></image_url>
<num_pages></num_pages>
<work>
<id>13857122</id>
</work>
<isbn>1158602502</isbn>
<isbn13>9781158602506</isbn13>
<average_rating>4.68</average_rating>
<ratings_count>203</ratings_count>
<publication_year></publication_year>
<publication_month></publication_month>
<publication_day></publication_day>
<authors>
<author>
<id>4340042</id>
<name>Books LLC</name>
<link><![CDATA[https://www.goodreads.com/author/show/4340042.Books_LLC]]></link>
</author>
</authors>
</book>

          <book>
<id>7531478</id>
<title>Scars</title>
<title_without_series>Scars</title_without_series>
<link><![CDATA[https://www.goodreads.com/book/show/7531478-scars]]></link>
<small_image_url><![CDATA[https://s.gr-assets.com/assets/nophoto/book/50x75-a91bf249278a81aabab721ef782c4a74.png]]></small_image_url>
<image_url><![CDATA[https://s.gr-assets.com/assets/nophoto/book/111x148-bcc042a9c91a29c1d680899eff700a03.png]]></image_url>
<num_pages>248</num_pages>
<work>
<id>9776802</id>
</work>
<isbn>193481332X</isbn>
<isbn13>9781934813324</isbn13>
<average_rating>4.17</average_rating>
<ratings_count>12980</ratings_count>
<publication_year>2010</publication_year>
<publication_month>3</publication_month>
<publication_day>24</publication_day>
<authors>
<author>
<id>3305514</id>
<name>Cheryl Rainfield</name>
<link><![CDATA[https://www.goodreads.com/author/show/3305514.Cheryl_Rainfield]]></link>
</author>
</authors>
</book>

          <book>
<id>283316</id>
<title>Beauty Queen</title>
<title_without_series>Beauty Queen</title_without_series>
<link><![CDATA[https://www.goodreads.com/book/show/283316.Beauty_Queen]]></link>
<small_image_url><![CDATA[https://s.gr-assets.com/assets/nophoto/book/50x75-a91bf249278a81aabab721ef782c4a74.png]]></small_image_url>
<image_url><![CDATA[https://s.gr-assets.com/assets/nophoto/book/111x148-bcc042a9c91a29c1d680899eff700a03.png]]></image_url>
<num_pages>176</num_pages>
<work>
<id>274847</id>
</work>
<isbn>006205161X</isbn>
<isbn13>9780062051615</isbn13>
<average_rating>3.80</average_rating>
<ratings_count>1289</ratings_count>
<publication_year>1998</publication_year>
<publication_month>10</publication_month>
<publication_day>9</publication_day>
<authors>
<author>
<id>164633</id>
<name>Linda Glovach</name>
<link><![CDATA[https://www.goodreads.com/author/show/164633.Linda_Glovach]]></link>
</author>
</authors>
</book>

          <book>
<id>9491739</id>
<title>Clean</title>
<title_without_series>Clean</title_without_series>
<link><![CDATA[https://www.goodreads.com/book/show/9491739-clean]]></link>
<small_image_url><![CDATA[https://images.gr-assets.com/books/1338722449s/9491739.jpg]]></small_image_url>
<image_url><![CDATA[https://images.gr-assets.com/books/1338722449m/9491739.jpg]]></image_url>
<num_pages>272</num_pages>
<work>
<id>14377200</id>
</work>
<isbn>144241345X</isbn>
<isbn13>9781442413450</isbn13>
<average_rating>4.03</average_rating>
<ratings_count>6151</ratings_count>
<publication_year>2012</publication_year>
<publication_month>5</publication_month>
<publication_day>8</publication_day>
<authors>
<author>
<id>2871046</id>
<name>Amy Reed</name>
<link><![CDATA[https://www.goodreads.com/author/show/2871046.Amy_Reed]]></link>
</author>
</authors>
</book>

          <book>
<id>14807762</id>
<title>Crash and Burn </title>
<title_without_series>Crash and Burn</title_without_series>
<link><![CDATA[https://www.goodreads.com/book/show/14807762-crash-and-burn]]></link>
<small_image_url><![CDATA[https://images.gr-assets.com/books/1350094609s/14807762.jpg]]></small_image_url>
<image_url><![CDATA[https://images.gr-assets.com/books/1350094609m/14807762.jpg]]></image_url>
<num_pages>532</num_pages>
<work>
<id>20461152</id>
</work>
<isbn>0062112902</isbn>
<isbn13>9780062112903</isbn13>
<average_rating>3.93</average_rating>
<ratings_count>1440</ratings_count>
<publication_year>2013</publication_year>
<publication_month>2</publication_month>
<publication_day>19</publication_day>
<authors>
<author>
<id>6161912</id>
<name>Michael Hassan</name>
<link><![CDATA[https://www.goodreads.com/author/show/6161912.Michael_Hassan]]></link>
</author>
</authors>
</book>

          <book>
<id>17261129</id>
<title>Freakboy</title>
<title_without_series>Freakboy</title_without_series>
<link><![CDATA[https://www.goodreads.com/book/show/17261129-freakboy]]></link>
<small_image_url><![CDATA[https://images.gr-assets.com/books/1362151375s/17261129.jpg]]></small_image_url>
<image_url><![CDATA[https://images.gr-assets.com/books/1362151375m/17261129.jpg]]></image_url>
<num_pages>448</num_pages>
<work>
<id>23848271</id>
</work>
<isbn>0374324727</isbn>
<isbn13>9780374324728</isbn13>
<average_rating>3.96</average_rating>
<ratings_count>2660</ratings_count>
<publication_year>2013</publication_year>
<publication_month>10</publication_month>
<publication_day>22</publication_day>
<authors>
<author>
<id>6894995</id>
<name>Kristin Elizabeth Clark</name>
<link><![CDATA[https://www.goodreads.com/author/show/6894995.Kristin_Elizabeth_Clark]]></link>
</author>
</authors>
</book>

          <book>
<id>111044</id>
<title><![CDATA[Stop Pretending: What Happened When My Big Sister Went Crazy]]></title>
<title_without_series><![CDATA[Stop Pretending: What Happened When My Big Sister Went Crazy]]></title_without_series>
<link><![CDATA[https://www.goodreads.com/book/show/111044.Stop_Pretending]]></link>
<small_image_url><![CDATA[https://s.gr-assets.com/assets/nophoto/book/50x75-a91bf249278a81aabab721ef782c4a74.png]]></small_image_url>
<image_url><![CDATA[https://s.gr-assets.com/assets/nophoto/book/111x148-bcc042a9c91a29c1d680899eff700a03.png]]></image_url>
<num_pages>145</num_pages>
<work>
<id>63136</id>
</work>
<isbn>0064462188</isbn>
<isbn13>9780064462181</isbn13>
<average_rating>3.88</average_rating>
<ratings_count>4193</ratings_count>
<publication_year></publication_year>
<publication_month></publication_month>
<publication_day></publication_day>
<authors>
<author>
<id>36718</id>
<name>Sonya Sones</name>
<link><![CDATA[https://www.goodreads.com/author/show/36718.Sonya_Sones]]></link>
</author>
</authors>
</book>

  </similar_books>
</book>

</GoodreadsResponse>