<?xml version="1.0" encoding="UTF-8"?>
<GoodreadsResponse>
  <Request>
    <authentication>true</authentication>
      <key><![CDATA[all_men_must_serve]]></key>
    <method><![CDATA[book_show]]></method>
  </Request>
  <book>
  <id>1113545</id>
  <title><![CDATA[The Candy Shop War (The Candy Shop War, #1)]]></title>
  <isbn><![CDATA[159038783X]]></isbn>
  <isbn13><![CDATA[9781590387832]]></isbn13>
  <asin><![CDATA[]]></asin>
  <kindle_asin><![CDATA[]]></kindle_asin>
  <marketplace_id><![CDATA[]]></marketplace_id>
  <country_code><![CDATA[GB]]></country_code>
  <image_url>https://s.gr-assets.com/assets/nophoto/book/111x148-bcc042a9c91a29c1d680899eff700a03.png</image_url>
  <small_image_url>https://s.gr-assets.com/assets/nophoto/book/50x75-a91bf249278a81aabab721ef782c4a74.png</small_image_url>
  <publication_year>2007</publication_year>
  <publication_month>9</publication_month>
  <publication_day>11</publication_day>
  <publisher>Shadow Mountain</publisher>
  <language_code></language_code>
  <is_ebook>false</is_ebook>
  <description><![CDATA[What if there were a place where you could get magical candy? Moon rocks that made you feel weightless. Jawbreakers that made you unbreakable. Or candy that gave animals temporary human intelligence and communication skills. (Imagine what your pet would say!) Four young friends, Nate, Summer, Trevor, and Pigeon, are befriended by Belinda White, the owner of a new candy shop on Main Street. However, the gray- haired, grandmotherly Mrs. White is not an ordinary candy maker. Her confections have magical side effects. Purposefully, she invites the kids on a special mission to retrieve a hidden talisman under Mt. Diablo Elementary School. However, Mrs. White is not the only magician in town in search of the ancient artifact rumored to be a fountain of youth. She is aware that Mr. Stott, the not- so- ordinary ice cream truck driver, has a few tricks of his own.]]></description>
  <work>
  <id type="integer">1100537</id>
  <books_count type="integer">10</books_count>
  <best_book_id type="integer">1113545</best_book_id>
  <reviews_count type="integer">30860</reviews_count>
  <ratings_sum type="integer">83890</ratings_sum>
  <ratings_count type="integer">20799</ratings_count>
  <text_reviews_count type="integer">2185</text_reviews_count>
  <original_publication_year type="integer">2007</original_publication_year>
  <original_publication_month type="integer">9</original_publication_month>
  <original_publication_day type="integer">11</original_publication_day>
  <original_title>The Candy Shop War</original_title>
  <original_language_id type="integer" nil="true"/>
  <media_type>book</media_type>
  <rating_dist>5:7937|4:7144|3:4485|2:941|1:292|total:20799</rating_dist>
  <desc_user_id type="integer">-51</desc_user_id>
  <default_chaptering_book_id type="integer" nil="true"/>
  <default_description_language_code nil="true"/>
</work>
  <average_rating>4.03</average_rating>
  <num_pages><![CDATA[404]]></num_pages>
  <format><![CDATA[Hardcover]]></format>
  <edition_information><![CDATA[]]></edition_information>
  <ratings_count><![CDATA[19641]]></ratings_count>
  <text_reviews_count><![CDATA[2015]]></text_reviews_count>
  <url><![CDATA[https://www.goodreads.com/book/show/1113545.The_Candy_Shop_War]]></url>
  <link><![CDATA[https://www.goodreads.com/book/show/1113545.The_Candy_Shop_War]]></link>
  <authors>
<author>
<id>25052</id>
<name>Brandon Mull</name>
<role></role>
<image_url nophoto='false'>
<![CDATA[https://images.gr-assets.com/authors/1202163082p5/25052.jpg]]>
</image_url>
<small_image_url nophoto='false'>
<![CDATA[https://images.gr-assets.com/authors/1202163082p2/25052.jpg]]>
</small_image_url>
<link><![CDATA[https://www.goodreads.com/author/show/25052.Brandon_Mull]]></link>
<average_rating>4.22</average_rating>
<ratings_count>516684</ratings_count>
<text_reviews_count>32351</text_reviews_count>
</author>
</authors>

    <reviews_widget>
      <![CDATA[
        <style>
  #goodreads-widget {
    font-family: georgia, serif;
    padding: 18px 0;
    width:565px;
  }
  #goodreads-widget h1 {
    font-weight:normal;
    font-size: 16px;
    border-bottom: 1px solid #BBB596;
    margin-bottom: 0;
  }
  #goodreads-widget a {
    text-decoration: none;
    color:#660;
  }
  iframe{
    background-color: #fff;
  }
  #goodreads-widget a:hover { text-decoration: underline; }
  #goodreads-widget a:active {
    color:#660;
  }
  #gr_footer {
    width: 100%;
    border-top: 1px solid #BBB596;
    text-align: right;
  }
  #goodreads-widget .gr_branding{
    color: #382110;
    font-size: 11px;
    text-decoration: none;
    font-family: "Helvetica Neue", Helvetica, Arial, sans-serif;
  }
</style>
<div id="goodreads-widget">
  <div id="gr_header"><h1><a rel="nofollow" href="https://www.goodreads.com/book/show/1113545.The_Candy_Shop_War">The Candy Shop War Reviews</a></h1></div>
  <iframe id="the_iframe" src="https://www.goodreads.com/api/reviews_widget_iframe?did=DEVELOPER_ID&amp;format=html&amp;isbn=159038783X&amp;links=660&amp;min_rating=&amp;review_back=fff&amp;stars=000&amp;text=000" width="565" height="400" frameborder="0"></iframe>
  <div id="gr_footer">
    <a class="gr_branding" target="_blank" rel="nofollow" href="https://www.goodreads.com/book/show/1113545.The_Candy_Shop_War?utm_medium=api&amp;utm_source=reviews_widget">Reviews from Goodreads.com</a>
  </div>
</div>

      ]]>
    </reviews_widget>
  <popular_shelves>
      <shelf name="to-read" count="7896"/>
      <shelf name="fantasy" count="516"/>
      <shelf name="currently-reading" count="343"/>
      <shelf name="favorites" count="172"/>
      <shelf name="young-adult" count="135"/>
      <shelf name="fiction" count="102"/>
      <shelf name="middle-grade" count="80"/>
      <shelf name="adventure" count="80"/>
      <shelf name="childrens" count="67"/>
      <shelf name="children" count="62"/>
      <shelf name="magic" count="56"/>
      <shelf name="brandon-mull" count="56"/>
      <shelf name="books-i-own" count="56"/>
      <shelf name="kids" count="49"/>
      <shelf name="children-s" count="45"/>
      <shelf name="series" count="41"/>
      <shelf name="juvenile" count="41"/>
      <shelf name="ya" count="40"/>
      <shelf name="children-s-books" count="36"/>
      <shelf name="juvenile-fiction" count="29"/>
      <shelf name="owned" count="26"/>
      <shelf name="childrens-books" count="23"/>
      <shelf name="mystery" count="22"/>
      <shelf name="kids-books" count="20"/>
      <shelf name="sci-fi-fantasy" count="19"/>
      <shelf name="fantasy-sci-fi" count="17"/>
      <shelf name="chapter-books" count="16"/>
      <shelf name="youth" count="15"/>
      <shelf name="library" count="13"/>
      <shelf name="lds-authors" count="13"/>
      <shelf name="young-adult-fiction" count="13"/>
      <shelf name="default" count="12"/>
      <shelf name="owned-books" count="12"/>
      <shelf name="i-own" count="12"/>
      <shelf name="audio" count="11"/>
      <shelf name="own-it" count="11"/>
      <shelf name="my-favorites" count="10"/>
      <shelf name="favorite-books" count="10"/>
      <shelf name="middle-school" count="9"/>
      <shelf name="read-to-kids" count="9"/>
      <shelf name="audiobook" count="9"/>
      <shelf name="childrens-lit" count="9"/>
      <shelf name="childrens-fiction" count="9"/>
      <shelf name="book-club" count="9"/>
      <shelf name="ebook" count="8"/>
      <shelf name="children-s-literature" count="8"/>
      <shelf name="tween" count="8"/>
      <shelf name="friendship" count="8"/>
      <shelf name="read-with-kids" count="8"/>
      <shelf name="science-fiction-fantasy" count="8"/>
      <shelf name="ya-fantasy" count="8"/>
      <shelf name="lds-author" count="8"/>
      <shelf name="fun" count="8"/>
      <shelf name="read-aloud" count="8"/>
      <shelf name="the-candy-shop-war" count="7"/>
      <shelf name="fantasy-scifi" count="7"/>
      <shelf name="my-books" count="7"/>
      <shelf name="kindle" count="7"/>
      <shelf name="my-library" count="7"/>
      <shelf name="re-read" count="7"/>
      <shelf name="wish-list" count="7"/>
      <shelf name="children-s-lit" count="7"/>
      <shelf name="teen" count="7"/>
      <shelf name="read-in-2009" count="7"/>
      <shelf name="time-travel" count="7"/>
      <shelf name="youth-fiction" count="7"/>
      <shelf name="childrens-fantasy" count="7"/>
      <shelf name="childhood" count="6"/>
      <shelf name="audible" count="6"/>
      <shelf name="candy-shop-war" count="6"/>
      <shelf name="kids-chapter-books" count="6"/>
      <shelf name="audio-books" count="6"/>
      <shelf name="science-fiction" count="6"/>
      <shelf name="want-to-read" count="6"/>
      <shelf name="listened-to" count="6"/>
      <shelf name="children-s-fiction" count="6"/>
      <shelf name="favorite" count="6"/>
      <shelf name="best-books-ever" count="6"/>
      <shelf name="urban-fantasy" count="6"/>
      <shelf name="5-star" count="6"/>
      <shelf name="abandoned" count="6"/>
      <shelf name="autographed" count="6"/>
      <shelf name="to-buy" count="6"/>
      <shelf name="novels" count="6"/>
      <shelf name="audio-book" count="5"/>
      <shelf name="for-the-kids" count="5"/>
      <shelf name="3-stars" count="5"/>
      <shelf name="amazing" count="5"/>
      <shelf name="middle-reader" count="5"/>
      <shelf name="magical" count="5"/>
      <shelf name="kids-to-read" count="5"/>
      <shelf name="childrens-literature" count="5"/>
      <shelf name="books-i-have" count="5"/>
      <shelf name="sci-fi" count="5"/>
      <shelf name="action" count="5"/>
      <shelf name="action-adventure" count="5"/>
      <shelf name="modern-fantasy" count="5"/>
      <shelf name="kid-books" count="5"/>
      <shelf name="did-not-finish" count="5"/>
      <shelf name="junior-fiction" count="5"/>
  </popular_shelves>
  <book_links>
    <book_link>
  <id>8</id>
  <name>Libraries</name>
  <link>https://www.goodreads.com/book_link/follow/8</link>
</book_link>

  </book_links>
  <buy_links>
    <buy_link>
<id>1</id>
<name>Amazon</name>
<link>https://www.goodreads.com/book_link/follow/1</link>
</buy_link>
<buy_link>
<id>10</id>
<name>Audible</name>
<link>https://www.goodreads.com/book_link/follow/10</link>
</buy_link>
<buy_link>
<id>3</id>
<name>Barnes &amp; Noble</name>
<link>https://www.goodreads.com/book_link/follow/3</link>
</buy_link>
<buy_link>
<id>1027</id>
<name>Kobo</name>
<link>https://www.goodreads.com/book_link/follow/1027</link>
</buy_link>
<buy_link>
<id>2102</id>
<name>Apple iBooks</name>
<link>https://www.goodreads.com/book_link/follow/2102</link>
</buy_link>
<buy_link>
<id>8036</id>
<name>Google Play</name>
<link>https://www.goodreads.com/book_link/follow/8036</link>
</buy_link>
<buy_link>
<id>4</id>
<name>Abebooks</name>
<link>https://www.goodreads.com/book_link/follow/4</link>
</buy_link>
<buy_link>
<id>882</id>
<name>Book Depository</name>
<link>https://www.goodreads.com/book_link/follow/882</link>
</buy_link>
<buy_link>
<id>9</id>
<name>Indigo</name>
<link>https://www.goodreads.com/book_link/follow/9</link>
</buy_link>
<buy_link>
<id>2</id>
<name>Half.com</name>
<link>https://www.goodreads.com/book_link/follow/2</link>
</buy_link>
<buy_link>
<id>5</id>
<name>Alibris</name>
<link>https://www.goodreads.com/book_link/follow/5</link>
</buy_link>
<buy_link>
<id>107</id>
<name>Better World Books</name>
<link>https://www.goodreads.com/book_link/follow/107</link>
</buy_link>
<buy_link>
<id>7</id>
<name>IndieBound</name>
<link>https://www.goodreads.com/book_link/follow/7</link>
</buy_link>

  </buy_links>
  <series_works>
    <series_work>
<id>421381</id>
<user_position>1</user_position>
<series>
<id>87526</id>
<title>
<![CDATA[
    The Candy Shop War
]]>
</title>
<description>
<![CDATA[
]]>
</description>
<note>
<![CDATA[
]]>
</note>
<series_works_count>2</series_works_count>
<primary_work_count>2</primary_work_count>
<numbered>true</numbered>
</series>

</series_work>

  </series_works>
  <similar_books>
          <book>
<id>14501560</id>
<title><![CDATA[Secrets of New Forest Academy (Janitors, #2)]]></title>
<title_without_series>Secrets of New Forest Academy</title_without_series>
<link><![CDATA[https://www.goodreads.com/book/show/14501560-secrets-of-new-forest-academy]]></link>
<small_image_url><![CDATA[https://images.gr-assets.com/books/1346962132s/14501560.jpg]]></small_image_url>
<image_url><![CDATA[https://images.gr-assets.com/books/1346962132m/14501560.jpg]]></image_url>
<num_pages>368</num_pages>
<work>
<id>20144183</id>
</work>
<isbn>1609070143</isbn>
<isbn13>9781609070144</isbn13>
<average_rating>4.19</average_rating>
<ratings_count>2349</ratings_count>
<publication_year>2012</publication_year>
<publication_month>9</publication_month>
<publication_day>4</publication_day>
<authors>
<author>
<id>4606484</id>
<name>Tyler Whitesides</name>
<link><![CDATA[https://www.goodreads.com/author/show/4606484.Tyler_Whitesides]]></link>
</author>
</authors>
</book>

          <book>
<id>6553209</id>
<title>Land Keep (Farworld, #2)</title>
<title_without_series>Land Keep</title_without_series>
<link><![CDATA[https://www.goodreads.com/book/show/6553209-land-keep]]></link>
<small_image_url><![CDATA[https://images.gr-assets.com/books/1414559802s/6553209.jpg]]></small_image_url>
<image_url><![CDATA[https://images.gr-assets.com/books/1414559802m/6553209.jpg]]></image_url>
<num_pages>374</num_pages>
<work>
<id>6745783</id>
</work>
<isbn>1606411640</isbn>
<isbn13>9781606411643</isbn13>
<average_rating>4.04</average_rating>
<ratings_count>3378</ratings_count>
<publication_year>2009</publication_year>
<publication_month>10</publication_month>
<publication_day>15</publication_day>
<authors>
<author>
<id>1369219</id>
<name>J. Scott Savage</name>
<link><![CDATA[https://www.goodreads.com/author/show/1369219.J_Scott_Savage]]></link>
</author>
</authors>
</book>

          <book>
<id>2775759</id>
<title>Pillage (Pillage, #1)</title>
<title_without_series>Pillage</title_without_series>
<link><![CDATA[https://www.goodreads.com/book/show/2775759-pillage]]></link>
<small_image_url><![CDATA[https://images.gr-assets.com/books/1327100889s/2775759.jpg]]></small_image_url>
<image_url><![CDATA[https://images.gr-assets.com/books/1327100889m/2775759.jpg]]></image_url>
<num_pages>312</num_pages>
<work>
<id>4263107</id>
</work>
<isbn>1590389220</isbn>
<isbn13>9781590389225</isbn13>
<average_rating>3.87</average_rating>
<ratings_count>7545</ratings_count>
<publication_year>2008</publication_year>
<publication_month>7</publication_month>
<publication_day>1</publication_day>
<authors>
<author>
<id>125984</id>
<name>Obert Skye</name>
<link><![CDATA[https://www.goodreads.com/author/show/125984.Obert_Skye]]></link>
</author>
</authors>
</book>

          <book>
<id>121813</id>
<title><![CDATA[The Lost Scrolls (Tennis Shoes, #6)]]></title>
<title_without_series>The Lost Scrolls</title_without_series>
<link><![CDATA[https://www.goodreads.com/book/show/121813.The_Lost_Scrolls]]></link>
<small_image_url><![CDATA[https://s.gr-assets.com/assets/nophoto/book/50x75-a91bf249278a81aabab721ef782c4a74.png]]></small_image_url>
<image_url><![CDATA[https://s.gr-assets.com/assets/nophoto/book/111x148-bcc042a9c91a29c1d680899eff700a03.png]]></image_url>
<num_pages>279</num_pages>
<work>
<id>117263</id>
</work>
<isbn>1577344189</isbn>
<isbn13>9781577344186</isbn13>
<average_rating>4.14</average_rating>
<ratings_count>3984</ratings_count>
<publication_year>1999</publication_year>
<publication_month>11</publication_month>
<publication_day>3</publication_day>
<authors>
<author>
<id>41826</id>
<name>Chris Heimerdinger</name>
<link><![CDATA[https://www.goodreads.com/author/show/41826.Chris_Heimerdinger]]></link>
</author>
</authors>
</book>

          <book>
<id>1240035</id>
<title><![CDATA[Serpent Tide (Wesley Mackey, #1)]]></title>
<title_without_series>Serpent Tide</title_without_series>
<link><![CDATA[https://www.goodreads.com/book/show/1240035.Serpent_Tide]]></link>
<small_image_url><![CDATA[https://images.gr-assets.com/books/1350481472s/1240035.jpg]]></small_image_url>
<image_url><![CDATA[https://images.gr-assets.com/books/1350481472m/1240035.jpg]]></image_url>
<num_pages>250</num_pages>
<work>
<id>1228706</id>
</work>
<isbn>1591568617</isbn>
<isbn13>9781591568612</isbn13>
<average_rating>4.01</average_rating>
<ratings_count>2133</ratings_count>
<publication_year>2006</publication_year>
<publication_month>1</publication_month>
<publication_day>2</publication_day>
<authors>
<author>
<id>1235059</id>
<name>K.L. Fogg</name>
<link><![CDATA[https://www.goodreads.com/author/show/1235059.K_L_Fogg]]></link>
</author>
</authors>
</book>

          <book>
<id>5557651</id>
<title><![CDATA[The Hunt for Dark Infinity (The 13th Reality, #2)]]></title>
<title_without_series>The Hunt for Dark Infinity</title_without_series>
<link><![CDATA[https://www.goodreads.com/book/show/5557651-the-hunt-for-dark-infinity]]></link>
<small_image_url><![CDATA[https://images.gr-assets.com/books/1414559941s/5557651.jpg]]></small_image_url>
<image_url><![CDATA[https://images.gr-assets.com/books/1414559941m/5557651.jpg]]></image_url>
<num_pages>446</num_pages>
<work>
<id>5728783</id>
</work>
<isbn>1606410342</isbn>
<isbn13>9781606410349</isbn13>
<average_rating>3.98</average_rating>
<ratings_count>8740</ratings_count>
<publication_year>2009</publication_year>
<publication_month>3</publication_month>
<publication_day>1</publication_day>
<authors>
<author>
<id>348878</id>
<name>James Dashner</name>
<link><![CDATA[https://www.goodreads.com/author/show/348878.James_Dashner]]></link>
</author>
</authors>
</book>

          <book>
<id>1726737</id>
<title>Chickens in the Headlights</title>
<title_without_series>Chickens in the Headlights</title_without_series>
<link><![CDATA[https://www.goodreads.com/book/show/1726737.Chickens_in_the_Headlights]]></link>
<small_image_url><![CDATA[https://s.gr-assets.com/assets/nophoto/book/50x75-a91bf249278a81aabab721ef782c4a74.png]]></small_image_url>
<image_url><![CDATA[https://s.gr-assets.com/assets/nophoto/book/111x148-bcc042a9c91a29c1d680899eff700a03.png]]></image_url>
<num_pages>206</num_pages>
<work>
<id>1724173</id>
</work>
<isbn>1591568528</isbn>
<isbn13>9781591568520</isbn13>
<average_rating>4.19</average_rating>
<ratings_count>926</ratings_count>
<publication_year>2005</publication_year>
<publication_month></publication_month>
<publication_day></publication_day>
<authors>
<author>
<id>793458</id>
<name>Matthew Buckley</name>
<link><![CDATA[https://www.goodreads.com/author/show/793458.Matthew_Buckley]]></link>
</author>
</authors>
</book>

  </similar_books>
</book>

</GoodreadsResponse>